season,round,driver_id,grid_position,finish_position,status,points,laps,RaceID,grid_position_zero_flag,status_normalizado,dnf_categoria,is_dnf,dnf_flag,dnf_driver_flag,dnf_car_flag,dnf_other_flag,compound_normalizado,compound_ordinal,circuito_70th Anniversary Grand Prix,circuito_Abu Dhabi Grand Prix,circuito_Australian Grand Prix,circuito_Austrian Grand Prix,circuito_Azerbaijan Grand Prix,circuito_Bahrain Grand Prix,circuito_Belgian Grand Prix,circuito_Brazilian Grand Prix,circuito_British Grand Prix,circuito_Canadian Grand Prix,circuito_Chinese Grand Prix,circuito_Dutch Grand Prix,circuito_Eifel Grand Prix,circuito_Emilia Romagna Grand Prix,circuito_French Grand Prix,circuito_German Grand Prix,circuito_Hungarian Grand Prix,circuito_Italian Grand Prix,circuito_Japanese Grand Prix,circuito_Las Vegas Grand Prix,circuito_Mexican Grand Prix,circuito_Mexico City Grand Prix,circuito_Miami Grand Prix,circuito_Monaco Grand Prix,circuito_Portuguese Grand Prix,circuito_Qatar Grand Prix,circuito_Russian Grand Prix,circuito_Sakhir Grand Prix,circuito_Saudi Arabian Grand Prix,circuito_Singapore Grand Prix,circuito_Spanish Grand Prix,circuito_Styrian Grand Prix,circuito_São Paulo Grand Prix,circuito_Turkish Grand Prix,circuito_Tuscan Grand Prix,circuito_United States Grand Prix,constructor_alfa,constructor_alphatauri,constructor_alpine,constructor_aston_martin,constructor_ferrari,constructor_force_india,constructor_haas,constructor_mclaren,constructor_mercedes,constructor_racing_point,constructor_rb,constructor_red_bull,constructor_renault,constructor_sauber,constructor_toro_rosso,constructor_williams,laps_zscore,grid_position_minmax,laps_minmax
2018,1,vettel,3,1,Finished,25.0,58,vettel_2018_1,0,finished,classificado,False,0,0,0,0,UNKNOWN,0,0,0,1,0,0,0,0,0,0,0,0,0,0,0,0,0,0,0,0,0,0,0,0,0,0,0,0,0,0,0,0,0,0,0,0,0,0,0,0,0,1,0,0,0,0,0,0,0,0,0,0,0,-0.14430312730363337,0.15000000000000002,0.6627906976744186
2018,1,hamilton,1,2,Finished,18.0,58,hamilton_2018_1,0,finished,classificado,False,0,0,0,0,UNKNOWN,0,0,0,1,0,0,0,0,0,0,0,0,0,0,0,0,0,0,0,0,0,0,0,0,0,0,0,0,0,0,0,0,0,0,0,0,0,0,0,0,0,0,0,0,0,1,0,0,0,0,0,0,0,-0.14430312730363337,0.05,0.6627906976744186
2018,1,raikkonen,2,3,Finished,15.0,58,raikkonen_2018_1,0,finished,classificado,False,0,0,0,0,UNKNOWN,0,0,0,1,0,0,0,0,0,0,0,0,0,0,0,0,0,0,0,0,0,0,0,0,0,0,0,0,0,0,0,0,0,0,0,0,0,0,0,0,0,1,0,0,0,0,0,0,0,0,0,0,0,-0.14430312730363337,0.1,0.6627906976744186
2018,1,ricciardo,8,4,Finished,12.0,58,ricciardo_2018_1,0,finished,classificado,False,0,0,0,0,UNKNOWN,0,0,0,1,0,0,0,0,0,0,0,0,0,0,0,0,0,0,0,0,0,0,0,0,0,0,0,0,0,0,0,0,0,0,0,0,0,0,0,0,0,0,0,0,0,0,0,0,1,0,0,0,0,-0.14430312730363337,0.4,0.6627906976744186
2018,1,alonso,10,5,Finished,10.0,58,alonso_2018_1,0,finished,classificado,False,0,0,0,0,UNKNOWN,0,0,0,1,0,0,0,0,0,0,0,0,0,0,0,0,0,0,0,0,0,0,0,0,0,0,0,0,0,0,0,0,0,0,0,0,0,0,0,0,0,0,0,0,1,0,0,0,0,0,0,0,0,-0.14430312730363337,0.5,0.6627906976744186
2018,1,max_verstappen,4,6,Finished,8.0,58,max_verstappen_2018_1,0,finished,classificado,False,0,0,0,0,UNKNOWN,0,0,0,1,0,0,0,0,0,0,0,0,0,0,0,0,0,0,0,0,0,0,0,0,0,0,0,0,0,0,0,0,0,0,0,0,0,0,0,0,0,0,0,0,0,0,0,0,1,0,0,0,0,-0.14430312730363337,0.2,0.6627906976744186
2018,1,hulkenberg,7,7,Finished,6.0,58,hulkenberg_2018_1,0,finished,classificado,False,0,0,0,0,UNKNOWN,0,0,0,1,0,0,0,0,0,0,0,0,0,0,0,0,0,0,0,0,0,0,0,0,0,0,0,0,0,0,0,0,0,0,0,0,0,0,0,0,0,0,0,0,0,0,0,0,0,1,0,0,0,-0.14430312730363337,0.35000000000000003,0.6627906976744186
2018,1,bottas,15,8,Finished,4.0,58,bottas_2018_1,0,finished,classificado,False,0,0,0,0,UNKNOWN,0,0,0,1,0,0,0,0,0,0,0,0,0,0,0,0,0,0,0,0,0,0,0,0,0,0,0,0,0,0,0,0,0,0,0,0,0,0,0,0,0,0,0,0,0,1,0,0,0,0,0,0,0,-0.14430312730363337,0.75,0.6627906976744186
2018,1,vandoorne,11,9,Finished,2.0,58,vandoorne_2018_1,0,finished,classificado,False,0,0,0,0,UNKNOWN,0,0,0,1,0,0,0,0,0,0,0,0,0,0,0,0,0,0,0,0,0,0,0,0,0,0,0,0,0,0,0,0,0,0,0,0,0,0,0,0,0,0,0,0,1,0,0,0,0,0,0,0,0,-0.14430312730363337,0.55,0.6627906976744186
2018,1,sainz,9,10,Finished,1.0,58,sainz_2018_1,0,finished,classificado,False,0,0,0,0,UNKNOWN,0,0,0,1,0,0,0,0,0,0,0,0,0,0,0,0,0,0,0,0,0,0,0,0,0,0,0,0,0,0,0,0,0,0,0,0,0,0,0,0,0,0,0,0,0,0,0,0,0,1,0,0,0,-0.14430312730363337,0.45,0.6627906976744186
2018,1,perez,12,11,Finished,0.0,58,perez_2018_1,0,finished,classificado,False,0,0,0,0,UNKNOWN,0,0,0,1,0,0,0,0,0,0,0,0,0,0,0,0,0,0,0,0,0,0,0,0,0,0,0,0,0,0,0,0,0,0,0,0,0,0,0,0,0,0,1,0,0,0,0,0,0,0,0,0,0,-0.14430312730363337,0.6000000000000001,0.6627906976744186
2018,1,ocon,14,12,Finished,0.0,58,ocon_2018_1,0,finished,classificado,False,0,0,0,0,UNKNOWN,0,0,0,1,0,0,0,0,0,0,0,0,0,0,0,0,0,0,0,0,0,0,0,0,0,0,0,0,0,0,0,0,0,0,0,0,0,0,0,0,0,0,1,0,0,0,0,0,0,0,0,0,0,-0.14430312730363337,0.7000000000000001,0.6627906976744186
2018,1,leclerc,18,13,Finished,0.0,58,leclerc_2018_1,0,finished,classificado,False,0,0,0,0,UNKNOWN,0,0,0,1,0,0,0,0,0,0,0,0,0,0,0,0,0,0,0,0,0,0,0,0,0,0,0,0,0,0,0,0,0,0,0,0,0,0,0,0,0,0,0,0,0,0,0,0,0,0,1,0,0,-0.14430312730363337,0.9,0.6627906976744186
2018,1,stroll,13,14,Finished,0.0,58,stroll_2018_1,0,finished,classificado,False,0,0,0,0,UNKNOWN,0,0,0,1,0,0,0,0,0,0,0,0,0,0,0,0,0,0,0,0,0,0,0,0,0,0,0,0,0,0,0,0,0,0,0,0,0,0,0,0,0,0,0,0,0,0,0,0,0,0,0,0,1,-0.14430312730363337,0.65,0.6627906976744186
2018,1,brendon_hartley,16,15,+1 Lap,0.0,57,brendon_hartley_2018_1,0,+1 lap,classificado,False,0,0,0,0,UNKNOWN,0,0,0,1,0,0,0,0,0,0,0,0,0,0,0,0,0,0,0,0,0,0,0,0,0,0,0,0,0,0,0,0,0,0,0,0,0,0,0,0,0,0,0,0,0,0,0,0,0,0,0,1,0,-0.23942485446852518,0.8,0.6511627906976744
2018,2,vettel,1,1,Finished,25.0,57,vettel_2018_2,0,finished,classificado,False,0,0,0,0,UNKNOWN,0,0,0,0,0,0,1,0,0,0,0,0,0,0,0,0,0,0,0,0,0,0,0,0,0,0,0,0,0,0,0,0,0,0,0,0,0,0,0,0,0,1,0,0,0,0,0,0,0,0,0,0,0,-0.23942485446852518,0.05,0.6511627906976744
2018,2,bottas,3,2,Finished,18.0,57,bottas_2018_2,0,finished,classificado,False,0,0,0,0,UNKNOWN,0,0,0,0,0,0,1,0,0,0,0,0,0,0,0,0,0,0,0,0,0,0,0,0,0,0,0,0,0,0,0,0,0,0,0,0,0,0,0,0,0,0,0,0,0,1,0,0,0,0,0,0,0,-0.23942485446852518,0.15000000000000002,0.6511627906976744
2018,2,hamilton,9,3,Finished,15.0,57,hamilton_2018_2,0,finished,classificado,False,0,0,0,0,UNKNOWN,0,0,0,0,0,0,1,0,0,0,0,0,0,0,0,0,0,0,0,0,0,0,0,0,0,0,0,0,0,0,0,0,0,0,0,0,0,0,0,0,0,0,0,0,0,1,0,0,0,0,0,0,0,-0.23942485446852518,0.45,0.6511627906976744
2018,2,gasly,5,4,Finished,12.0,57,gasly_2018_2,0,finished,classificado,False,0,0,0,0,UNKNOWN,0,0,0,0,0,0,1,0,0,0,0,0,0,0,0,0,0,0,0,0,0,0,0,0,0,0,0,0,0,0,0,0,0,0,0,0,0,0,0,0,0,0,0,0,0,0,0,0,0,0,0,1,0,-0.23942485446852518,0.25,0.6511627906976744
2018,2,kevin_magnussen,6,5,Finished,10.0,57,kevin_magnussen_2018_2,0,finished,classificado,False,0,0,0,0,UNKNOWN,0,0,0,0,0,0,1,0,0,0,0,0,0,0,0,0,0,0,0,0,0,0,0,0,0,0,0,0,0,0,0,0,0,0,0,0,0,0,0,0,0,0,0,1,0,0,0,0,0,0,0,0,0,-0.23942485446852518,0.30000000000000004,0.6511627906976744
2018,2,hulkenberg,7,6,Finished,8.0,57,hulkenberg_2018_2,0,finished,classificado,False,0,0,0,0,UNKNOWN,0,0,0,0,0,0,1,0,0,0,0,0,0,0,0,0,0,0,0,0,0,0,0,0,0,0,0,0,0,0,0,0,0,0,0,0,0,0,0,0,0,0,0,0,0,0,0,0,0,1,0,0,0,-0.23942485446852518,0.35000000000000003,0.6511627906976744
2018,2,alonso,13,7,+1 Lap,6.0,56,alonso_2018_2,0,+1 lap,classificado,False,0,0,0,0,UNKNOWN,0,0,0,0,0,0,1,0,0,0,0,0,0,0,0,0,0,0,0,0,0,0,0,0,0,0,0,0,0,0,0,0,0,0,0,0,0,0,0,0,0,0,0,0,1,0,0,0,0,0,0,0,0,-0.334546581633417,0.65,0.6395348837209303
2018,2,vandoorne,14,8,+1 Lap,4.0,56,vandoorne_2018_2,0,+1 lap,classificado,False,0,0,0,0,UNKNOWN,0,0,0,0,0,0,1,0,0,0,0,0,0,0,0,0,0,0,0,0,0,0,0,0,0,0,0,0,0,0,0,0,0,0,0,0,0,0,0,0,0,0,0,0,1,0,0,0,0,0,0,0,0,-0.334546581633417,0.7000000000000001,0.6395348837209303
2018,2,ericsson,17,9,+1 Lap,2.0,56,ericsson_2018_2,0,+1 lap,classificado,False,0,0,0,0,UNKNOWN,0,0,0,0,0,0,1,0,0,0,0,0,0,0,0,0,0,0,0,0,0,0,0,0,0,0,0,0,0,0,0,0,0,0,0,0,0,0,0,0,0,0,0,0,0,0,0,0,0,0,1,0,0,-0.334546581633417,0.8500000000000001,0.6395348837209303
2018,2,ocon,8,10,+1 Lap,1.0,56,ocon_2018_2,0,+1 lap,classificado,False,0,0,0,0,UNKNOWN,0,0,0,0,0,0,1,0,0,0,0,0,0,0,0,0,0,0,0,0,0,0,0,0,0,0,0,0,0,0,0,0,0,0,0,0,0,0,0,0,0,0,1,0,0,0,0,0,0,0,0,0,0,-0.334546581633417,0.4,0.6395348837209303
2018,2,sainz,10,11,+1 Lap,0.0,56,sainz_2018_2,0,+1 lap,classificado,False,0,0,0,0,UNKNOWN,0,0,0,0,0,0,1,0,0,0,0,0,0,0,0,0,0,0,0,0,0,0,0,0,0,0,0,0,0,0,0,0,0,0,0,0,0,0,0,0,0,0,0,0,0,0,0,0,0,1,0,0,0,-0.334546581633417,0.5,0.6395348837209303
2018,2,leclerc,19,12,+1 Lap,0.0,56,leclerc_2018_2,0,+1 lap,classificado,False,0,0,0,0,UNKNOWN,0,0,0,0,0,0,1,0,0,0,0,0,0,0,0,0,0,0,0,0,0,0,0,0,0,0,0,0,0,0,0,0,0,0,0,0,0,0,0,0,0,0,0,0,0,0,0,0,0,0,1,0,0,-0.334546581633417,0.9500000000000001,0.6395348837209303
2018,2,grosjean,16,13,+1 Lap,0.0,56,grosjean_2018_2,0,+1 lap,classificado,False,0,0,0,0,UNKNOWN,0,0,0,0,0,0,1,0,0,0,0,0,0,0,0,0,0,0,0,0,0,0,0,0,0,0,0,0,0,0,0,0,0,0,0,0,0,0,0,0,0,0,0,1,0,0,0,0,0,0,0,0,0,-0.334546581633417,0.8,0.6395348837209303
2018,2,stroll,20,14,+1 Lap,0.0,56,stroll_2018_2,0,+1 lap,classificado,False,0,0,0,0,UNKNOWN,0,0,0,0,0,0,1,0,0,0,0,0,0,0,0,0,0,0,0,0,0,0,0,0,0,0,0,0,0,0,0,0,0,0,0,0,0,0,0,0,0,0,0,0,0,0,0,0,0,0,0,0,1,-0.334546581633417,1.0,0.6395348837209303
2018,2,sirotkin,18,15,+1 Lap,0.0,56,sirotkin_2018_2,0,+1 lap,classificado,False,0,0,0,0,UNKNOWN,0,0,0,0,0,0,1,0,0,0,0,0,0,0,0,0,0,0,0,0,0,0,0,0,0,0,0,0,0,0,0,0,0,0,0,0,0,0,0,0,0,0,0,0,0,0,0,0,0,0,0,0,1,-0.334546581633417,0.9,0.6395348837209303
2018,2,perez,12,16,+1 Lap,0.0,56,perez_2018_2,0,+1 lap,classificado,False,0,0,0,0,UNKNOWN,0,0,0,0,0,0,1,0,0,0,0,0,0,0,0,0,0,0,0,0,0,0,0,0,0,0,0,0,0,0,0,0,0,0,0,0,0,0,0,0,0,0,1,0,0,0,0,0,0,0,0,0,0,-0.334546581633417,0.6000000000000001,0.6395348837209303
2018,2,brendon_hartley,11,17,+1 Lap,0.0,56,brendon_hartley_2018_2,0,+1 lap,classificado,False,0,0,0,0,UNKNOWN,0,0,0,0,0,0,1,0,0,0,0,0,0,0,0,0,0,0,0,0,0,0,0,0,0,0,0,0,0,0,0,0,0,0,0,0,0,0,0,0,0,0,0,0,0,0,0,0,0,0,0,1,0,-0.334546581633417,0.55,0.6395348837209303
2018,3,ricciardo,6,1,Finished,25.0,56,ricciardo_2018_3,0,finished,classificado,False,0,0,0,0,UNKNOWN,0,0,0,0,0,0,0,0,0,0,0,1,0,0,0,0,0,0,0,0,0,0,0,0,0,0,0,0,0,0,0,0,0,0,0,0,0,0,0,0,0,0,0,0,0,0,0,0,1,0,0,0,0,-0.334546581633417,0.30000000000000004,0.6395348837209303
2018,3,bottas,3,2,Finished,18.0,56,bottas_2018_3,0,finished,classificado,False,0,0,0,0,UNKNOWN,0,0,0,0,0,0,0,0,0,0,0,1,0,0,0,0,0,0,0,0,0,0,0,0,0,0,0,0,0,0,0,0,0,0,0,0,0,0,0,0,0,0,0,0,0,1,0,0,0,0,0,0,0,-0.334546581633417,0.15000000000000002,0.6395348837209303
2018,3,raikkonen,2,3,Finished,15.0,56,raikkonen_2018_3,0,finished,classificado,False,0,0,0,0,UNKNOWN,0,0,0,0,0,0,0,0,0,0,0,1,0,0,0,0,0,0,0,0,0,0,0,0,0,0,0,0,0,0,0,0,0,0,0,0,0,0,0,0,0,1,0,0,0,0,0,0,0,0,0,0,0,-0.334546581633417,0.1,0.6395348837209303
2018,3,hamilton,4,4,Finished,12.0,56,hamilton_2018_3,0,finished,classificado,False,0,0,0,0,UNKNOWN,0,0,0,0,0,0,0,0,0,0,0,1,0,0,0,0,0,0,0,0,0,0,0,0,0,0,0,0,0,0,0,0,0,0,0,0,0,0,0,0,0,0,0,0,0,1,0,0,0,0,0,0,0,-0.334546581633417,0.2,0.6395348837209303
2018,3,max_verstappen,5,5,Finished,10.0,56,max_verstappen_2018_3,0,finished,classificado,False,0,0,0,0,UNKNOWN,0,0,0,0,0,0,0,0,0,0,0,1,0,0,0,0,0,0,0,0,0,0,0,0,0,0,0,0,0,0,0,0,0,0,0,0,0,0,0,0,0,0,0,0,0,0,0,0,1,0,0,0,0,-0.334546581633417,0.25,0.6395348837209303
2018,3,hulkenberg,7,6,Finished,8.0,56,hulkenberg_2018_3,0,finished,classificado,False,0,0,0,0,UNKNOWN,0,0,0,0,0,0,0,0,0,0,0,1,0,0,0,0,0,0,0,0,0,0,0,0,0,0,0,0,0,0,0,0,0,0,0,0,0,0,0,0,0,0,0,0,0,0,0,0,0,1,0,0,0,-0.334546581633417,0.35000000000000003,0.6395348837209303
2018,3,alonso,13,7,Finished,6.0,56,alonso_2018_3,0,finished,classificado,False,0,0,0,0,UNKNOWN,0,0,0,0,0,0,0,0,0,0,0,1,0,0,0,0,0,0,0,0,0,0,0,0,0,0,0,0,0,0,0,0,0,0,0,0,0,0,0,0,0,0,0,0,1,0,0,0,0,0,0,0,0,-0.334546581633417,0.65,0.6395348837209303
2018,3,vettel,1,8,Finished,4.0,56,vettel_2018_3,0,finished,classificado,False,0,0,0,0,UNKNOWN,0,0,0,0,0,0,0,0,0,0,0,1,0,0,0,0,0,0,0,0,0,0,0,0,0,0,0,0,0,0,0,0,0,0,0,0,0,0,0,0,0,1,0,0,0,0,0,0,0,0,0,0,0,-0.334546581633417,0.05,0.6395348837209303
2018,3,sainz,9,9,Finished,2.0,56,sainz_2018_3,0,finished,classificado,False,0,0,0,0,UNKNOWN,0,0,0,0,0,0,0,0,0,0,0,1,0,0,0,0,0,0,0,0,0,0,0,0,0,0,0,0,0,0,0,0,0,0,0,0,0,0,0,0,0,0,0,0,0,0,0,0,0,1,0,0,0,-0.334546581633417,0.45,0.6395348837209303
2018,3,kevin_magnussen,11,10,Finished,1.0,56,kevin_magnussen_2018_3,0,finished,classificado,False,0,0,0,0,UNKNOWN,0,0,0,0,0,0,0,0,0,0,0,1,0,0,0,0,0,0,0,0,0,0,0,0,0,0,0,0,0,0,0,0,0,0,0,0,0,0,0,0,0,0,0,1,0,0,0,0,0,0,0,0,0,-0.334546581633417,0.55,0.6395348837209303
2018,3,ocon,12,11,Finished,0.0,56,ocon_2018_3,0,finished,classificado,False,0,0,0,0,UNKNOWN,0,0,0,0,0,0,0,0,0,0,0,1,0,0,0,0,0,0,0,0,0,0,0,0,0,0,0,0,0,0,0,0,0,0,0,0,0,0,0,0,0,0,1,0,0,0,0,0,0,0,0,0,0,-0.334546581633417,0.6000000000000001,0.6395348837209303
2018,3,perez,8,12,Finished,0.0,56,perez_2018_3,0,finished,classificado,False,0,0,0,0,UNKNOWN,0,0,0,0,0,0,0,0,0,0,0,1,0,0,0,0,0,0,0,0,0,0,0,0,0,0,0,0,0,0,0,0,0,0,0,0,0,0,0,0,0,0,1,0,0,0,0,0,0,0,0,0,0,-0.334546581633417,0.4,0.6395348837209303
2018,3,vandoorne,14,13,Finished,0.0,56,vandoorne_2018_3,0,finished,classificado,False,0,0,0,0,UNKNOWN,0,0,0,0,0,0,0,0,0,0,0,1,0,0,0,0,0,0,0,0,0,0,0,0,0,0,0,0,0,0,0,0,0,0,0,0,0,0,0,0,0,0,0,0,1,0,0,0,0,0,0,0,0,-0.334546581633417,0.7000000000000001,0.6395348837209303
2018,3,stroll,18,14,Finished,0.0,56,stroll_2018_3,0,finished,classificado,False,0,0,0,0,UNKNOWN,0,0,0,0,0,0,0,0,0,0,0,1,0,0,0,0,0,0,0,0,0,0,0,0,0,0,0,0,0,0,0,0,0,0,0,0,0,0,0,0,0,0,0,0,0,0,0,0,0,0,0,0,1,-0.334546581633417,0.9,0.6395348837209303
2018,3,sirotkin,16,15,Finished,0.0,56,sirotkin_2018_3,0,finished,classificado,False,0,0,0,0,UNKNOWN,0,0,0,0,0,0,0,0,0,0,0,1,0,0,0,0,0,0,0,0,0,0,0,0,0,0,0,0,0,0,0,0,0,0,0,0,0,0,0,0,0,0,0,0,0,0,0,0,0,0,0,0,1,-0.334546581633417,0.8,0.6395348837209303
2018,3,ericsson,20,16,Finished,0.0,56,ericsson_2018_3,0,finished,classificado,False,0,0,0,0,UNKNOWN,0,0,0,0,0,0,0,0,0,0,0,1,0,0,0,0,0,0,0,0,0,0,0,0,0,0,0,0,0,0,0,0,0,0,0,0,0,0,0,0,0,0,0,0,0,0,0,0,0,0,1,0,0,-0.334546581633417,1.0,0.6395348837209303
2018,3,grosjean,10,17,Finished,0.0,56,grosjean_2018_3,0,finished,classificado,False,0,0,0,0,UNKNOWN,0,0,0,0,0,0,0,0,0,0,0,1,0,0,0,0,0,0,0,0,0,0,0,0,0,0,0,0,0,0,0,0,0,0,0,0,0,0,0,0,0,0,0,1,0,0,0,0,0,0,0,0,0,-0.334546581633417,0.5,0.6395348837209303
2018,3,gasly,17,18,Finished,0.0,56,gasly_2018_3,0,finished,classificado,False,0,0,0,0,UNKNOWN,0,0,0,0,0,0,0,0,0,0,0,1,0,0,0,0,0,0,0,0,0,0,0,0,0,0,0,0,0,0,0,0,0,0,0,0,0,0,0,0,0,0,0,0,0,0,0,0,0,0,0,1,0,-0.334546581633417,0.8500000000000001,0.6395348837209303
2018,3,leclerc,19,19,Finished,0.0,56,leclerc_2018_3,0,finished,classificado,False,0,0,0,0,UNKNOWN,0,0,0,0,0,0,0,0,0,0,0,1,0,0,0,0,0,0,0,0,0,0,0,0,0,0,0,0,0,0,0,0,0,0,0,0,0,0,0,0,0,0,0,0,0,0,0,0,0,0,1,0,0,-0.334546581633417,0.9500000000000001,0.6395348837209303
2018,4,hamilton,2,1,Finished,25.0,51,hamilton_2018_4,0,finished,classificado,False,0,0,0,0,UNKNOWN,0,0,0,0,0,1,0,0,0,0,0,0,0,0,0,0,0,0,0,0,0,0,0,0,0,0,0,0,0,0,0,0,0,0,0,0,0,0,0,0,0,0,0,0,0,1,0,0,0,0,0,0,0,-0.8101552174578761,0.1,0.5813953488372092
2018,4,raikkonen,6,2,Finished,18.0,51,raikkonen_2018_4,0,finished,classificado,False,0,0,0,0,UNKNOWN,0,0,0,0,0,1,0,0,0,0,0,0,0,0,0,0,0,0,0,0,0,0,0,0,0,0,0,0,0,0,0,0,0,0,0,0,0,0,0,0,0,1,0,0,0,0,0,0,0,0,0,0,0,-0.8101552174578761,0.30000000000000004,0.5813953488372092
2018,4,perez,8,3,Finished,15.0,51,perez_2018_4,0,finished,classificado,False,0,0,0,0,UNKNOWN,0,0,0,0,0,1,0,0,0,0,0,0,0,0,0,0,0,0,0,0,0,0,0,0,0,0,0,0,0,0,0,0,0,0,0,0,0,0,0,0,0,0,1,0,0,0,0,0,0,0,0,0,0,-0.8101552174578761,0.4,0.5813953488372092
2018,4,vettel,1,4,Finished,12.0,51,vettel_2018_4,0,finished,classificado,False,0,0,0,0,UNKNOWN,0,0,0,0,0,1,0,0,0,0,0,0,0,0,0,0,0,0,0,0,0,0,0,0,0,0,0,0,0,0,0,0,0,0,0,0,0,0,0,0,0,1,0,0,0,0,0,0,0,0,0,0,0,-0.8101552174578761,0.05,0.5813953488372092
2018,4,sainz,9,5,Finished,10.0,51,sainz_2018_4,0,finished,classificado,False,0,0,0,0,UNKNOWN,0,0,0,0,0,1,0,0,0,0,0,0,0,0,0,0,0,0,0,0,0,0,0,0,0,0,0,0,0,0,0,0,0,0,0,0,0,0,0,0,0,0,0,0,0,0,0,0,0,1,0,0,0,-0.8101552174578761,0.45,0.5813953488372092
2018,4,leclerc,13,6,Finished,8.0,51,leclerc_2018_4,0,finished,classificado,False,0,0,0,0,UNKNOWN,0,0,0,0,0,1,0,0,0,0,0,0,0,0,0,0,0,0,0,0,0,0,0,0,0,0,0,0,0,0,0,0,0,0,0,0,0,0,0,0,0,0,0,0,0,0,0,0,0,0,1,0,0,-0.8101552174578761,0.65,0.5813953488372092
2018,4,alonso,12,7,Finished,6.0,51,alonso_2018_4,0,finished,classificado,False,0,0,0,0,UNKNOWN,0,0,0,0,0,1,0,0,0,0,0,0,0,0,0,0,0,0,0,0,0,0,0,0,0,0,0,0,0,0,0,0,0,0,0,0,0,0,0,0,0,0,0,0,1,0,0,0,0,0,0,0,0,-0.8101552174578761,0.6000000000000001,0.5813953488372092
2018,4,stroll,10,8,Finished,4.0,51,stroll_2018_4,0,finished,classificado,False,0,0,0,0,UNKNOWN,0,0,0,0,0,1,0,0,0,0,0,0,0,0,0,0,0,0,0,0,0,0,0,0,0,0,0,0,0,0,0,0,0,0,0,0,0,0,0,0,0,0,0,0,0,0,0,0,0,0,0,0,1,-0.8101552174578761,0.5,0.5813953488372092
2018,4,vandoorne,16,9,Finished,2.0,51,vandoorne_2018_4,0,finished,classificado,False,0,0,0,0,UNKNOWN,0,0,0,0,0,1,0,0,0,0,0,0,0,0,0,0,0,0,0,0,0,0,0,0,0,0,0,0,0,0,0,0,0,0,0,0,0,0,0,0,0,0,0,0,1,0,0,0,0,0,0,0,0,-0.8101552174578761,0.8,0.5813953488372092
2018,4,brendon_hartley,19,10,Finished,1.0,51,brendon_hartley_2018_4,0,finished,classificado,False,0,0,0,0,UNKNOWN,0,0,0,0,0,1,0,0,0,0,0,0,0,0,0,0,0,0,0,0,0,0,0,0,0,0,0,0,0,0,0,0,0,0,0,0,0,0,0,0,0,0,0,0,0,0,0,0,0,0,0,1,0,-0.8101552174578761,0.9500000000000001,0.5813953488372092
2018,4,ericsson,18,11,Finished,0.0,51,ericsson_2018_4,0,finished,classificado,False,0,0,0,0,UNKNOWN,0,0,0,0,0,1,0,0,0,0,0,0,0,0,0,0,0,0,0,0,0,0,0,0,0,0,0,0,0,0,0,0,0,0,0,0,0,0,0,0,0,0,0,0,0,0,0,0,0,0,1,0,0,-0.8101552174578761,0.9,0.5813953488372092
2018,4,gasly,17,12,Finished,0.0,51,gasly_2018_4,0,finished,classificado,False,0,0,0,0,UNKNOWN,0,0,0,0,0,1,0,0,0,0,0,0,0,0,0,0,0,0,0,0,0,0,0,0,0,0,0,0,0,0,0,0,0,0,0,0,0,0,0,0,0,0,0,0,0,0,0,0,0,0,0,1,0,-0.8101552174578761,0.8500000000000001,0.5813953488372092
2018,4,kevin_magnussen,15,13,Finished,0.0,51,kevin_magnussen_2018_4,0,finished,classificado,False,0,0,0,0,UNKNOWN,0,0,0,0,0,1,0,0,0,0,0,0,0,0,0,0,0,0,0,0,0,0,0,0,0,0,0,0,0,0,0,0,0,0,0,0,0,0,0,0,0,0,0,1,0,0,0,0,0,0,0,0,0,-0.8101552174578761,0.75,0.5813953488372092
2018,5,hamilton,1,1,Finished,25.0,66,hamilton_2018_5,0,finished,classificado,False,0,0,0,0,UNKNOWN,0,0,0,0,0,0,0,0,0,0,0,0,0,0,0,0,0,0,0,0,0,0,0,0,0,0,0,0,0,0,0,1,0,0,0,0,0,0,0,0,0,0,0,0,0,1,0,0,0,0,0,0,0,0.6166706900155011,0.05,0.7558139534883721
2018,5,bottas,2,2,Finished,18.0,66,bottas_2018_5,0,finished,classificado,False,0,0,0,0,UNKNOWN,0,0,0,0,0,0,0,0,0,0,0,0,0,0,0,0,0,0,0,0,0,0,0,0,0,0,0,0,0,0,0,1,0,0,0,0,0,0,0,0,0,0,0,0,0,1,0,0,0,0,0,0,0,0.6166706900155011,0.1,0.7558139534883721
2018,5,max_verstappen,5,3,Finished,15.0,66,max_verstappen_2018_5,0,finished,classificado,False,0,0,0,0,UNKNOWN,0,0,0,0,0,0,0,0,0,0,0,0,0,0,0,0,0,0,0,0,0,0,0,0,0,0,0,0,0,0,0,1,0,0,0,0,0,0,0,0,0,0,0,0,0,0,0,0,1,0,0,0,0,0.6166706900155011,0.25,0.7558139534883721
2018,5,vettel,3,4,Finished,12.0,66,vettel_2018_5,0,finished,classificado,False,0,0,0,0,UNKNOWN,0,0,0,0,0,0,0,0,0,0,0,0,0,0,0,0,0,0,0,0,0,0,0,0,0,0,0,0,0,0,0,1,0,0,0,0,0,0,0,0,0,1,0,0,0,0,0,0,0,0,0,0,0,0.6166706900155011,0.15000000000000002,0.7558139534883721
2018,5,ricciardo,6,5,Finished,10.0,66,ricciardo_2018_5,0,finished,classificado,False,0,0,0,0,UNKNOWN,0,0,0,0,0,0,0,0,0,0,0,0,0,0,0,0,0,0,0,0,0,0,0,0,0,0,0,0,0,0,0,1,0,0,0,0,0,0,0,0,0,0,0,0,0,0,0,0,1,0,0,0,0,0.6166706900155011,0.30000000000000004,0.7558139534883721
2018,5,kevin_magnussen,7,6,+1 Lap,8.0,65,kevin_magnussen_2018_5,0,+1 lap,classificado,False,0,0,0,0,UNKNOWN,0,0,0,0,0,0,0,0,0,0,0,0,0,0,0,0,0,0,0,0,0,0,0,0,0,0,0,0,0,0,0,1,0,0,0,0,0,0,0,0,0,0,0,1,0,0,0,0,0,0,0,0,0,0.5215489628506094,0.35000000000000003,0.7441860465116279
2018,5,sainz,9,7,+1 Lap,6.0,65,sainz_2018_5,0,+1 lap,classificado,False,0,0,0,0,UNKNOWN,0,0,0,0,0,0,0,0,0,0,0,0,0,0,0,0,0,0,0,0,0,0,0,0,0,0,0,0,0,0,0,1,0,0,0,0,0,0,0,0,0,0,0,0,0,0,0,0,0,1,0,0,0,0.5215489628506094,0.45,0.7441860465116279
2018,5,alonso,8,8,+1 Lap,4.0,65,alonso_2018_5,0,+1 lap,classificado,False,0,0,0,0,UNKNOWN,0,0,0,0,0,0,0,0,0,0,0,0,0,0,0,0,0,0,0,0,0,0,0,0,0,0,0,0,0,0,0,1,0,0,0,0,0,0,0,0,0,0,0,0,1,0,0,0,0,0,0,0,0,0.5215489628506094,0.4,0.7441860465116279
2018,5,perez,15,9,+2 Laps,2.0,64,perez_2018_5,0,+2 laps,classificado,False,0,0,0,0,UNKNOWN,0,0,0,0,0,0,0,0,0,0,0,0,0,0,0,0,0,0,0,0,0,0,0,0,0,0,0,0,0,0,0,1,0,0,0,0,0,0,0,0,0,0,1,0,0,0,0,0,0,0,0,0,0,0.4264272356857175,0.75,0.7325581395348837
2018,5,leclerc,14,10,+2 Laps,1.0,64,leclerc_2018_5,0,+2 laps,classificado,False,0,0,0,0,UNKNOWN,0,0,0,0,0,0,0,0,0,0,0,0,0,0,0,0,0,0,0,0,0,0,0,0,0,0,0,0,0,0,0,1,0,0,0,0,0,0,0,0,0,0,0,0,0,0,0,0,0,0,1,0,0,0.4264272356857175,0.7000000000000001,0.7325581395348837
2018,5,stroll,18,11,+2 Laps,0.0,64,stroll_2018_5,0,+2 laps,classificado,False,0,0,0,0,UNKNOWN,0,0,0,0,0,0,0,0,0,0,0,0,0,0,0,0,0,0,0,0,0,0,0,0,0,0,0,0,0,0,0,1,0,0,0,0,0,0,0,0,0,0,0,0,0,0,0,0,0,0,0,0,1,0.4264272356857175,0.9,0.7325581395348837
2018,5,brendon_hartley,20,12,+2 Laps,0.0,64,brendon_hartley_2018_5,0,+2 laps,classificado,False,0,0,0,0,UNKNOWN,0,0,0,0,0,0,0,0,0,0,0,0,0,0,0,0,0,0,0,0,0,0,0,0,0,0,0,0,0,0,0,1,0,0,0,0,0,0,0,0,0,0,0,0,0,0,0,0,0,0,0,1,0,0.4264272356857175,1.0,0.7325581395348837
2018,5,ericsson,17,13,+2 Laps,0.0,64,ericsson_2018_5,0,+2 laps,classificado,False,0,0,0,0,UNKNOWN,0,0,0,0,0,0,0,0,0,0,0,0,0,0,0,0,0,0,0,0,0,0,0,0,0,0,0,0,0,0,0,1,0,0,0,0,0,0,0,0,0,0,0,0,0,0,0,0,0,0,1,0,0,0.4264272356857175,0.8500000000000001,0.7325581395348837
2018,5,sirotkin,19,14,+3 Laps,0.0,63,sirotkin_2018_5,0,+3 laps,classificado,False,0,0,0,0,UNKNOWN,0,0,0,0,0,0,0,0,0,0,0,0,0,0,0,0,0,0,0,0,0,0,0,0,0,0,0,0,0,0,0,1,0,0,0,0,0,0,0,0,0,0,0,0,0,0,0,0,0,0,0,0,1,0.3313055085208257,0.9500000000000001,0.7209302325581395
2018,6,ricciardo,1,1,Finished,25.0,78,ricciardo_2018_6,0,finished,classificado,False,0,0,0,0,UNKNOWN,0,0,0,0,0,0,0,0,0,0,0,0,0,0,0,0,0,0,0,0,0,0,0,0,1,0,0,0,0,0,0,0,0,0,0,0,0,0,0,0,0,0,0,0,0,0,0,0,1,0,0,0,0,1.758131415994203,0.05,0.8953488372093023
2018,6,vettel,2,2,Finished,18.0,78,vettel_2018_6,0,finished,classificado,False,0,0,0,0,UNKNOWN,0,0,0,0,0,0,0,0,0,0,0,0,0,0,0,0,0,0,0,0,0,0,0,0,1,0,0,0,0,0,0,0,0,0,0,0,0,0,0,0,0,1,0,0,0,0,0,0,0,0,0,0,0,1.758131415994203,0.1,0.8953488372093023
2018,6,hamilton,3,3,Finished,15.0,78,hamilton_2018_6,0,finished,classificado,False,0,0,0,0,UNKNOWN,0,0,0,0,0,0,0,0,0,0,0,0,0,0,0,0,0,0,0,0,0,0,0,0,1,0,0,0,0,0,0,0,0,0,0,0,0,0,0,0,0,0,0,0,0,1,0,0,0,0,0,0,0,1.758131415994203,0.15000000000000002,0.8953488372093023
2018,6,raikkonen,4,4,Finished,12.0,78,raikkonen_2018_6,0,finished,classificado,False,0,0,0,0,UNKNOWN,0,0,0,0,0,0,0,0,0,0,0,0,0,0,0,0,0,0,0,0,0,0,0,0,1,0,0,0,0,0,0,0,0,0,0,0,0,0,0,0,0,1,0,0,0,0,0,0,0,0,0,0,0,1.758131415994203,0.2,0.8953488372093023
2018,6,bottas,5,5,Finished,10.0,78,bottas_2018_6,0,finished,classificado,False,0,0,0,0,UNKNOWN,0,0,0,0,0,0,0,0,0,0,0,0,0,0,0,0,0,0,0,0,0,0,0,0,1,0,0,0,0,0,0,0,0,0,0,0,0,0,0,0,0,0,0,0,0,1,0,0,0,0,0,0,0,1.758131415994203,0.25,0.8953488372093023
2018,6,ocon,6,6,Finished,8.0,78,ocon_2018_6,0,finished,classificado,False,0,0,0,0,UNKNOWN,0,0,0,0,0,0,0,0,0,0,0,0,0,0,0,0,0,0,0,0,0,0,0,0,1,0,0,0,0,0,0,0,0,0,0,0,0,0,0,0,0,0,1,0,0,0,0,0,0,0,0,0,0,1.758131415994203,0.30000000000000004,0.8953488372093023
2018,6,gasly,10,7,Finished,6.0,78,gasly_2018_6,0,finished,classificado,False,0,0,0,0,UNKNOWN,0,0,0,0,0,0,0,0,0,0,0,0,0,0,0,0,0,0,0,0,0,0,0,0,1,0,0,0,0,0,0,0,0,0,0,0,0,0,0,0,0,0,0,0,0,0,0,0,0,0,0,1,0,1.758131415994203,0.5,0.8953488372093023
2018,6,hulkenberg,11,8,Finished,4.0,78,hulkenberg_2018_6,0,finished,classificado,False,0,0,0,0,UNKNOWN,0,0,0,0,0,0,0,0,0,0,0,0,0,0,0,0,0,0,0,0,0,0,0,0,1,0,0,0,0,0,0,0,0,0,0,0,0,0,0,0,0,0,0,0,0,0,0,0,0,1,0,0,0,1.758131415994203,0.55,0.8953488372093023
2018,6,max_verstappen,20,9,Finished,2.0,78,max_verstappen_2018_6,0,finished,classificado,False,0,0,0,0,UNKNOWN,0,0,0,0,0,0,0,0,0,0,0,0,0,0,0,0,0,0,0,0,0,0,0,0,1,0,0,0,0,0,0,0,0,0,0,0,0,0,0,0,0,0,0,0,0,0,0,0,1,0,0,0,0,1.758131415994203,1.0,0.8953488372093023
2018,6,sainz,8,10,Finished,1.0,78,sainz_2018_6,0,finished,classificado,False,0,0,0,0,UNKNOWN,0,0,0,0,0,0,0,0,0,0,0,0,0,0,0,0,0,0,0,0,0,0,0,0,1,0,0,0,0,0,0,0,0,0,0,0,0,0,0,0,0,0,0,0,0,0,0,0,0,1,0,0,0,1.758131415994203,0.4,0.8953488372093023
2018,6,ericsson,16,11,Finished,0.0,78,ericsson_2018_6,0,finished,classificado,False,0,0,0,0,UNKNOWN,0,0,0,0,0,0,0,0,0,0,0,0,0,0,0,0,0,0,0,0,0,0,0,0,1,0,0,0,0,0,0,0,0,0,0,0,0,0,0,0,0,0,0,0,0,0,0,0,0,0,1,0,0,1.758131415994203,0.8,0.8953488372093023
2018,6,perez,9,12,Finished,0.0,78,perez_2018_6,0,finished,classificado,False,0,0,0,0,UNKNOWN,0,0,0,0,0,0,0,0,0,0,0,0,0,0,0,0,0,0,0,0,0,0,0,0,1,0,0,0,0,0,0,0,0,0,0,0,0,0,0,0,0,0,1,0,0,0,0,0,0,0,0,0,0,1.758131415994203,0.45,0.8953488372093023
2018,6,kevin_magnussen,19,13,Finished,0.0,78,kevin_magnussen_2018_6,0,finished,classificado,False,0,0,0,0,UNKNOWN,0,0,0,0,0,0,0,0,0,0,0,0,0,0,0,0,0,0,0,0,0,0,0,0,1,0,0,0,0,0,0,0,0,0,0,0,0,0,0,0,0,0,0,1,0,0,0,0,0,0,0,0,0,1.758131415994203,0.9500000000000001,0.8953488372093023
2018,6,vandoorne,12,14,+1 Lap,0.0,77,vandoorne_2018_6,0,+1 lap,classificado,False,0,0,0,0,UNKNOWN,0,0,0,0,0,0,0,0,0,0,0,0,0,0,0,0,0,0,0,0,0,0,0,0,1,0,0,0,0,0,0,0,0,0,0,0,0,0,0,0,0,0,0,0,1,0,0,0,0,0,0,0,0,1.663009688829311,0.6000000000000001,0.8837209302325582
2018,6,grosjean,18,15,+1 Lap,0.0,77,grosjean_2018_6,0,+1 lap,classificado,False,0,0,0,0,UNKNOWN,0,0,0,0,0,0,0,0,0,0,0,0,0,0,0,0,0,0,0,0,0,0,0,0,1,0,0,0,0,0,0,0,0,0,0,0,0,0,0,0,0,0,0,1,0,0,0,0,0,0,0,0,0,1.663009688829311,0.9,0.8837209302325582
2018,6,sirotkin,13,16,+1 Lap,0.0,77,sirotkin_2018_6,0,+1 lap,classificado,False,0,0,0,0,UNKNOWN,0,0,0,0,0,0,0,0,0,0,0,0,0,0,0,0,0,0,0,0,0,0,0,0,1,0,0,0,0,0,0,0,0,0,0,0,0,0,0,0,0,0,0,0,0,0,0,0,0,0,0,0,1,1.663009688829311,0.65,0.8837209302325582
2018,6,stroll,17,17,+2 Laps,0.0,76,stroll_2018_6,0,+2 laps,classificado,False,0,0,0,0,UNKNOWN,0,0,0,0,0,0,0,0,0,0,0,0,0,0,0,0,0,0,0,0,0,0,0,0,1,0,0,0,0,0,0,0,0,0,0,0,0,0,0,0,0,0,0,0,0,0,0,0,0,0,0,0,1,1.5678879616644192,0.8500000000000001,0.872093023255814
2018,7,vettel,1,1,Finished,25.0,68,vettel_2018_7,0,finished,classificado,False,0,0,0,0,UNKNOWN,0,0,0,0,0,0,0,0,0,0,1,0,0,0,0,0,0,0,0,0,0,0,0,0,0,0,0,0,0,0,0,0,0,0,0,0,0,0,0,0,0,1,0,0,0,0,0,0,0,0,0,0,0,0.8069141443452847,0.05,0.7790697674418604
2018,7,bottas,2,2,Finished,18.0,68,bottas_2018_7,0,finished,classificado,False,0,0,0,0,UNKNOWN,0,0,0,0,0,0,0,0,0,0,1,0,0,0,0,0,0,0,0,0,0,0,0,0,0,0,0,0,0,0,0,0,0,0,0,0,0,0,0,0,0,0,0,0,0,1,0,0,0,0,0,0,0,0.8069141443452847,0.1,0.7790697674418604
2018,7,max_verstappen,3,3,Finished,15.0,68,max_verstappen_2018_7,0,finished,classificado,False,0,0,0,0,UNKNOWN,0,0,0,0,0,0,0,0,0,0,1,0,0,0,0,0,0,0,0,0,0,0,0,0,0,0,0,0,0,0,0,0,0,0,0,0,0,0,0,0,0,0,0,0,0,0,0,0,1,0,0,0,0,0.8069141443452847,0.15000000000000002,0.7790697674418604
2018,7,ricciardo,6,4,Finished,12.0,68,ricciardo_2018_7,0,finished,classificado,False,0,0,0,0,UNKNOWN,0,0,0,0,0,0,0,0,0,0,1,0,0,0,0,0,0,0,0,0,0,0,0,0,0,0,0,0,0,0,0,0,0,0,0,0,0,0,0,0,0,0,0,0,0,0,0,0,1,0,0,0,0,0.8069141443452847,0.30000000000000004,0.7790697674418604
2018,7,hamilton,4,5,Finished,10.0,68,hamilton_2018_7,0,finished,classificado,False,0,0,0,0,UNKNOWN,0,0,0,0,0,0,0,0,0,0,1,0,0,0,0,0,0,0,0,0,0,0,0,0,0,0,0,0,0,0,0,0,0,0,0,0,0,0,0,0,0,0,0,0,0,1,0,0,0,0,0,0,0,0.8069141443452847,0.2,0.7790697674418604
2018,7,raikkonen,5,6,Finished,8.0,68,raikkonen_2018_7,0,finished,classificado,False,0,0,0,0,UNKNOWN,0,0,0,0,0,0,0,0,0,0,1,0,0,0,0,0,0,0,0,0,0,0,0,0,0,0,0,0,0,0,0,0,0,0,0,0,0,0,0,0,0,1,0,0,0,0,0,0,0,0,0,0,0,0.8069141443452847,0.25,0.7790697674418604
2018,7,hulkenberg,7,7,+1 Lap,6.0,67,hulkenberg_2018_7,0,+1 lap,classificado,False,0,0,0,0,UNKNOWN,0,0,0,0,0,0,0,0,0,0,1,0,0,0,0,0,0,0,0,0,0,0,0,0,0,0,0,0,0,0,0,0,0,0,0,0,0,0,0,0,0,0,0,0,0,0,0,0,0,1,0,0,0,0.711792417180393,0.35000000000000003,0.7674418604651162
2018,7,sainz,9,8,+1 Lap,4.0,67,sainz_2018_7,0,+1 lap,classificado,False,0,0,0,0,UNKNOWN,0,0,0,0,0,0,0,0,0,0,1,0,0,0,0,0,0,0,0,0,0,0,0,0,0,0,0,0,0,0,0,0,0,0,0,0,0,0,0,0,0,0,0,0,0,0,0,0,0,1,0,0,0,0.711792417180393,0.45,0.7674418604651162
2018,7,ocon,8,9,+1 Lap,2.0,67,ocon_2018_7,0,+1 lap,classificado,False,0,0,0,0,UNKNOWN,0,0,0,0,0,0,0,0,0,0,1,0,0,0,0,0,0,0,0,0,0,0,0,0,0,0,0,0,0,0,0,0,0,0,0,0,0,0,0,0,0,0,1,0,0,0,0,0,0,0,0,0,0,0.711792417180393,0.4,0.7674418604651162
2018,7,leclerc,13,10,+1 Lap,1.0,67,leclerc_2018_7,0,+1 lap,classificado,False,0,0,0,0,UNKNOWN,0,0,0,0,0,0,0,0,0,0,1,0,0,0,0,0,0,0,0,0,0,0,0,0,0,0,0,0,0,0,0,0,0,0,0,0,0,0,0,0,0,0,0,0,0,0,0,0,0,0,1,0,0,0.711792417180393,0.65,0.7674418604651162
2018,7,gasly,16,11,+1 Lap,0.0,67,gasly_2018_7,0,+1 lap,classificado,False,0,0,0,0,UNKNOWN,0,0,0,0,0,0,0,0,0,0,1,0,0,0,0,0,0,0,0,0,0,0,0,0,0,0,0,0,0,0,0,0,0,0,0,0,0,0,0,0,0,0,0,0,0,0,0,0,0,0,0,1,0,0.711792417180393,0.8,0.7674418604651162
2018,7,grosjean,20,12,+1 Lap,0.0,67,grosjean_2018_7,0,+1 lap,classificado,False,0,0,0,0,UNKNOWN,0,0,0,0,0,0,0,0,0,0,1,0,0,0,0,0,0,0,0,0,0,0,0,0,0,0,0,0,0,0,0,0,0,0,0,0,0,0,0,0,0,0,0,1,0,0,0,0,0,0,0,0,0,0.711792417180393,1.0,0.7674418604651162
2018,7,kevin_magnussen,11,13,+1 Lap,0.0,67,kevin_magnussen_2018_7,0,+1 lap,classificado,False,0,0,0,0,UNKNOWN,0,0,0,0,0,0,0,0,0,0,1,0,0,0,0,0,0,0,0,0,0,0,0,0,0,0,0,0,0,0,0,0,0,0,0,0,0,0,0,0,0,0,0,1,0,0,0,0,0,0,0,0,0,0.711792417180393,0.55,0.7674418604651162
2018,7,perez,10,14,+1 Lap,0.0,67,perez_2018_7,0,+1 lap,classificado,False,0,0,0,0,UNKNOWN,0,0,0,0,0,0,0,0,0,0,1,0,0,0,0,0,0,0,0,0,0,0,0,0,0,0,0,0,0,0,0,0,0,0,0,0,0,0,0,0,0,0,1,0,0,0,0,0,0,0,0,0,0,0.711792417180393,0.5,0.7674418604651162
2018,7,ericsson,19,15,+2 Laps,0.0,66,ericsson_2018_7,0,+2 laps,classificado,False,0,0,0,0,UNKNOWN,0,0,0,0,0,0,0,0,0,0,1,0,0,0,0,0,0,0,0,0,0,0,0,0,0,0,0,0,0,0,0,0,0,0,0,0,0,0,0,0,0,0,0,0,0,0,0,0,0,0,1,0,0,0.6166706900155011,0.9500000000000001,0.7558139534883721
2018,7,vandoorne,15,16,+2 Laps,0.0,66,vandoorne_2018_7,0,+2 laps,classificado,False,0,0,0,0,UNKNOWN,0,0,0,0,0,0,0,0,0,0,1,0,0,0,0,0,0,0,0,0,0,0,0,0,0,0,0,0,0,0,0,0,0,0,0,0,0,0,0,0,0,0,0,0,1,0,0,0,0,0,0,0,0,0.6166706900155011,0.75,0.7558139534883721
2018,7,sirotkin,18,17,+2 Laps,0.0,66,sirotkin_2018_7,0,+2 laps,classificado,False,0,0,0,0,UNKNOWN,0,0,0,0,0,0,0,0,0,0,1,0,0,0,0,0,0,0,0,0,0,0,0,0,0,0,0,0,0,0,0,0,0,0,0,0,0,0,0,0,0,0,0,0,0,0,0,0,0,0,0,0,1,0.6166706900155011,0.9,0.7558139534883721
2018,8,hamilton,1,1,Finished,25.0,53,hamilton_2018_8,0,finished,classificado,False,0,0,0,0,UNKNOWN,0,0,0,0,0,0,0,0,0,0,0,0,0,0,0,1,0,0,0,0,0,0,0,0,0,0,0,0,0,0,0,0,0,0,0,0,0,0,0,0,0,0,0,0,0,1,0,0,0,0,0,0,0,-0.6199117631280925,0.05,0.6046511627906976
2018,8,max_verstappen,4,2,Finished,18.0,53,max_verstappen_2018_8,0,finished,classificado,False,0,0,0,0,UNKNOWN,0,0,0,0,0,0,0,0,0,0,0,0,0,0,0,1,0,0,0,0,0,0,0,0,0,0,0,0,0,0,0,0,0,0,0,0,0,0,0,0,0,0,0,0,0,0,0,0,1,0,0,0,0,-0.6199117631280925,0.2,0.6046511627906976
2018,8,raikkonen,6,3,Finished,15.0,53,raikkonen_2018_8,0,finished,classificado,False,0,0,0,0,UNKNOWN,0,0,0,0,0,0,0,0,0,0,0,0,0,0,0,1,0,0,0,0,0,0,0,0,0,0,0,0,0,0,0,0,0,0,0,0,0,0,0,0,0,1,0,0,0,0,0,0,0,0,0,0,0,-0.6199117631280925,0.30000000000000004,0.6046511627906976
2018,8,ricciardo,5,4,Finished,12.0,53,ricciardo_2018_8,0,finished,classificado,False,0,0,0,0,UNKNOWN,0,0,0,0,0,0,0,0,0,0,0,0,0,0,0,1,0,0,0,0,0,0,0,0,0,0,0,0,0,0,0,0,0,0,0,0,0,0,0,0,0,0,0,0,0,0,0,0,1,0,0,0,0,-0.6199117631280925,0.25,0.6046511627906976
2018,8,vettel,3,5,Finished,10.0,53,vettel_2018_8,0,finished,classificado,False,0,0,0,0,UNKNOWN,0,0,0,0,0,0,0,0,0,0,0,0,0,0,0,1,0,0,0,0,0,0,0,0,0,0,0,0,0,0,0,0,0,0,0,0,0,0,0,0,0,1,0,0,0,0,0,0,0,0,0,0,0,-0.6199117631280925,0.15000000000000002,0.6046511627906976
2018,8,kevin_magnussen,9,6,Finished,8.0,53,kevin_magnussen_2018_8,0,finished,classificado,False,0,0,0,0,UNKNOWN,0,0,0,0,0,0,0,0,0,0,0,0,0,0,0,1,0,0,0,0,0,0,0,0,0,0,0,0,0,0,0,0,0,0,0,0,0,0,0,0,0,0,0,1,0,0,0,0,0,0,0,0,0,-0.6199117631280925,0.45,0.6046511627906976
2018,8,bottas,2,7,Finished,6.0,53,bottas_2018_8,0,finished,classificado,False,0,0,0,0,UNKNOWN,0,0,0,0,0,0,0,0,0,0,0,0,0,0,0,1,0,0,0,0,0,0,0,0,0,0,0,0,0,0,0,0,0,0,0,0,0,0,0,0,0,0,0,0,0,1,0,0,0,0,0,0,0,-0.6199117631280925,0.1,0.6046511627906976
2018,8,sainz,7,8,Finished,4.0,53,sainz_2018_8,0,finished,classificado,False,0,0,0,0,UNKNOWN,0,0,0,0,0,0,0,0,0,0,0,0,0,0,0,1,0,0,0,0,0,0,0,0,0,0,0,0,0,0,0,0,0,0,0,0,0,0,0,0,0,0,0,0,0,0,0,0,0,1,0,0,0,-0.6199117631280925,0.35000000000000003,0.6046511627906976
2018,8,hulkenberg,12,9,Finished,2.0,53,hulkenberg_2018_8,0,finished,classificado,False,0,0,0,0,UNKNOWN,0,0,0,0,0,0,0,0,0,0,0,0,0,0,0,1,0,0,0,0,0,0,0,0,0,0,0,0,0,0,0,0,0,0,0,0,0,0,0,0,0,0,0,0,0,0,0,0,0,1,0,0,0,-0.6199117631280925,0.6000000000000001,0.6046511627906976
2018,8,leclerc,8,10,Finished,1.0,53,leclerc_2018_8,0,finished,classificado,False,0,0,0,0,UNKNOWN,0,0,0,0,0,0,0,0,0,0,0,0,0,0,0,1,0,0,0,0,0,0,0,0,0,0,0,0,0,0,0,0,0,0,0,0,0,0,0,0,0,0,0,0,0,0,0,0,0,0,1,0,0,-0.6199117631280925,0.4,0.6046511627906976
2018,8,grosjean,10,11,+1 Lap,0.0,52,grosjean_2018_8,0,+1 lap,classificado,False,0,0,0,0,UNKNOWN,0,0,0,0,0,0,0,0,0,0,0,0,0,0,0,1,0,0,0,0,0,0,0,0,0,0,0,0,0,0,0,0,0,0,0,0,0,0,0,0,0,0,0,1,0,0,0,0,0,0,0,0,0,-0.7150334902929842,0.5,0.5930232558139534
2018,8,vandoorne,17,12,+1 Lap,0.0,52,vandoorne_2018_8,0,+1 lap,classificado,False,0,0,0,0,UNKNOWN,0,0,0,0,0,0,0,0,0,0,0,0,0,0,0,1,0,0,0,0,0,0,0,0,0,0,0,0,0,0,0,0,0,0,0,0,0,0,0,0,0,0,0,0,1,0,0,0,0,0,0,0,0,-0.7150334902929842,0.8500000000000001,0.5930232558139534
2018,8,ericsson,15,13,+1 Lap,0.0,52,ericsson_2018_8,0,+1 lap,classificado,False,0,0,0,0,UNKNOWN,0,0,0,0,0,0,0,0,0,0,0,0,0,0,0,1,0,0,0,0,0,0,0,0,0,0,0,0,0,0,0,0,0,0,0,0,0,0,0,0,0,0,0,0,0,0,0,0,0,0,1,0,0,-0.7150334902929842,0.75,0.5930232558139534
2018,8,brendon_hartley,20,14,+1 Lap,0.0,52,brendon_hartley_2018_8,0,+1 lap,classificado,False,0,0,0,0,UNKNOWN,0,0,0,0,0,0,0,0,0,0,0,0,0,0,0,1,0,0,0,0,0,0,0,0,0,0,0,0,0,0,0,0,0,0,0,0,0,0,0,0,0,0,0,0,0,0,0,0,0,0,0,1,0,-0.7150334902929842,1.0,0.5930232558139534
2018,8,sirotkin,18,15,+1 Lap,0.0,52,sirotkin_2018_8,0,+1 lap,classificado,False,0,0,0,0,UNKNOWN,0,0,0,0,0,0,0,0,0,0,0,0,0,0,0,1,0,0,0,0,0,0,0,0,0,0,0,0,0,0,0,0,0,0,0,0,0,0,0,0,0,0,0,0,0,0,0,0,0,0,0,0,1,-0.7150334902929842,0.9,0.5930232558139534
2018,9,max_verstappen,4,1,Finished,25.0,71,max_verstappen_2018_9,0,finished,classificado,False,0,0,0,0,UNKNOWN,0,0,0,0,1,0,0,0,0,0,0,0,0,0,0,0,0,0,0,0,0,0,0,0,0,0,0,0,0,0,0,0,0,0,0,0,0,0,0,0,0,0,0,0,0,0,0,0,1,0,0,0,0,1.0922793258399601,0.2,0.813953488372093
2018,9,raikkonen,3,2,Finished,18.0,71,raikkonen_2018_9,0,finished,classificado,False,0,0,0,0,UNKNOWN,0,0,0,0,1,0,0,0,0,0,0,0,0,0,0,0,0,0,0,0,0,0,0,0,0,0,0,0,0,0,0,0,0,0,0,0,0,0,0,0,0,1,0,0,0,0,0,0,0,0,0,0,0,1.0922793258399601,0.15000000000000002,0.813953488372093
2018,9,vettel,6,3,Finished,15.0,71,vettel_2018_9,0,finished,classificado,False,0,0,0,0,UNKNOWN,0,0,0,0,1,0,0,0,0,0,0,0,0,0,0,0,0,0,0,0,0,0,0,0,0,0,0,0,0,0,0,0,0,0,0,0,0,0,0,0,0,1,0,0,0,0,0,0,0,0,0,0,0,1.0922793258399601,0.30000000000000004,0.813953488372093
2018,9,grosjean,5,4,+1 Lap,12.0,70,grosjean_2018_9,0,+1 lap,classificado,False,0,0,0,0,UNKNOWN,0,0,0,0,1,0,0,0,0,0,0,0,0,0,0,0,0,0,0,0,0,0,0,0,0,0,0,0,0,0,0,0,0,0,0,0,0,0,0,0,0,0,0,1,0,0,0,0,0,0,0,0,0,0.9971575986750684,0.25,0.8023255813953488
2018,9,kevin_magnussen,8,5,+1 Lap,10.0,70,kevin_magnussen_2018_9,0,+1 lap,classificado,False,0,0,0,0,UNKNOWN,0,0,0,0,1,0,0,0,0,0,0,0,0,0,0,0,0,0,0,0,0,0,0,0,0,0,0,0,0,0,0,0,0,0,0,0,0,0,0,0,0,0,0,1,0,0,0,0,0,0,0,0,0,0.9971575986750684,0.4,0.8023255813953488
2018,9,ocon,11,6,+1 Lap,8.0,70,ocon_2018_9,0,+1 lap,classificado,False,0,0,0,0,UNKNOWN,0,0,0,0,1,0,0,0,0,0,0,0,0,0,0,0,0,0,0,0,0,0,0,0,0,0,0,0,0,0,0,0,0,0,0,0,0,0,0,0,0,0,1,0,0,0,0,0,0,0,0,0,0,0.9971575986750684,0.55,0.8023255813953488
2018,9,perez,16,7,+1 Lap,6.0,70,perez_2018_9,0,+1 lap,classificado,False,0,0,0,0,UNKNOWN,0,0,0,0,1,0,0,0,0,0,0,0,0,0,0,0,0,0,0,0,0,0,0,0,0,0,0,0,0,0,0,0,0,0,0,0,0,0,0,0,0,0,1,0,0,0,0,0,0,0,0,0,0,0.9971575986750684,0.8,0.8023255813953488
2018,9,alonso,13,8,+1 Lap,4.0,70,alonso_2018_9,0,+1 lap,classificado,False,0,0,0,0,UNKNOWN,0,0,0,0,1,0,0,0,0,0,0,0,0,0,0,0,0,0,0,0,0,0,0,0,0,0,0,0,0,0,0,0,0,0,0,0,0,0,0,0,0,0,0,0,1,0,0,0,0,0,0,0,0,0.9971575986750684,0.65,0.8023255813953488
2018,9,leclerc,18,9,+1 Lap,2.0,70,leclerc_2018_9,0,+1 lap,classificado,False,0,0,0,0,UNKNOWN,0,0,0,0,1,0,0,0,0,0,0,0,0,0,0,0,0,0,0,0,0,0,0,0,0,0,0,0,0,0,0,0,0,0,0,0,0,0,0,0,0,0,0,0,0,0,0,0,0,0,1,0,0,0.9971575986750684,0.9,0.8023255813953488
2018,9,ericsson,20,10,+1 Lap,1.0,70,ericsson_2018_9,0,+1 lap,classificado,False,0,0,0,0,UNKNOWN,0,0,0,0,1,0,0,0,0,0,0,0,0,0,0,0,0,0,0,0,0,0,0,0,0,0,0,0,0,0,0,0,0,0,0,0,0,0,0,0,0,0,0,0,0,0,0,0,0,0,1,0,0,0.9971575986750684,1.0,0.8023255813953488
2018,9,gasly,12,11,+1 Lap,0.0,70,gasly_2018_9,0,+1 lap,classificado,False,0,0,0,0,UNKNOWN,0,0,0,0,1,0,0,0,0,0,0,0,0,0,0,0,0,0,0,0,0,0,0,0,0,0,0,0,0,0,0,0,0,0,0,0,0,0,0,0,0,0,0,0,0,0,0,0,0,0,0,1,0,0.9971575986750684,0.6000000000000001,0.8023255813953488
2018,9,sainz,9,12,+1 Lap,0.0,70,sainz_2018_9,0,+1 lap,classificado,False,0,0,0,0,UNKNOWN,0,0,0,0,1,0,0,0,0,0,0,0,0,0,0,0,0,0,0,0,0,0,0,0,0,0,0,0,0,0,0,0,0,0,0,0,0,0,0,0,0,0,0,0,0,0,0,0,0,1,0,0,0,0.9971575986750684,0.45,0.8023255813953488
2018,9,sirotkin,17,13,+2 Laps,0.0,69,sirotkin_2018_9,0,+2 laps,classificado,False,0,0,0,0,UNKNOWN,0,0,0,0,1,0,0,0,0,0,0,0,0,0,0,0,0,0,0,0,0,0,0,0,0,0,0,0,0,0,0,0,0,0,0,0,0,0,0,0,0,0,0,0,0,0,0,0,0,0,0,0,1,0.9020358715101766,0.8500000000000001,0.7906976744186046
2018,9,stroll,14,14,+2 Laps,0.0,69,stroll_2018_9,0,+2 laps,classificado,False,0,0,0,0,UNKNOWN,0,0,0,0,1,0,0,0,0,0,0,0,0,0,0,0,0,0,0,0,0,0,0,0,0,0,0,0,0,0,0,0,0,0,0,0,0,0,0,0,0,0,0,0,0,0,0,0,0,0,0,0,1,0.9020358715101766,0.7000000000000001,0.7906976744186046
2018,10,vettel,2,1,Finished,25.0,52,vettel_2018_10,0,finished,classificado,False,0,0,0,0,UNKNOWN,0,0,0,0,0,0,0,0,0,1,0,0,0,0,0,0,0,0,0,0,0,0,0,0,0,0,0,0,0,0,0,0,0,0,0,0,0,0,0,0,0,1,0,0,0,0,0,0,0,0,0,0,0,-0.7150334902929842,0.1,0.5930232558139534
2018,10,hamilton,1,2,Finished,18.0,52,hamilton_2018_10,0,finished,classificado,False,0,0,0,0,UNKNOWN,0,0,0,0,0,0,0,0,0,1,0,0,0,0,0,0,0,0,0,0,0,0,0,0,0,0,0,0,0,0,0,0,0,0,0,0,0,0,0,0,0,0,0,0,0,1,0,0,0,0,0,0,0,-0.7150334902929842,0.05,0.5930232558139534
2018,10,raikkonen,3,3,Finished,15.0,52,raikkonen_2018_10,0,finished,classificado,False,0,0,0,0,UNKNOWN,0,0,0,0,0,0,0,0,0,1,0,0,0,0,0,0,0,0,0,0,0,0,0,0,0,0,0,0,0,0,0,0,0,0,0,0,0,0,0,0,0,1,0,0,0,0,0,0,0,0,0,0,0,-0.7150334902929842,0.15000000000000002,0.5930232558139534
2018,10,bottas,4,4,Finished,12.0,52,bottas_2018_10,0,finished,classificado,False,0,0,0,0,UNKNOWN,0,0,0,0,0,0,0,0,0,1,0,0,0,0,0,0,0,0,0,0,0,0,0,0,0,0,0,0,0,0,0,0,0,0,0,0,0,0,0,0,0,0,0,0,0,1,0,0,0,0,0,0,0,-0.7150334902929842,0.2,0.5930232558139534
2018,10,ricciardo,6,5,Finished,10.0,52,ricciardo_2018_10,0,finished,classificado,False,0,0,0,0,UNKNOWN,0,0,0,0,0,0,0,0,0,1,0,0,0,0,0,0,0,0,0,0,0,0,0,0,0,0,0,0,0,0,0,0,0,0,0,0,0,0,0,0,0,0,0,0,0,0,0,0,1,0,0,0,0,-0.7150334902929842,0.30000000000000004,0.5930232558139534
2018,10,hulkenberg,11,6,Finished,8.0,52,hulkenberg_2018_10,0,finished,classificado,False,0,0,0,0,UNKNOWN,0,0,0,0,0,0,0,0,0,1,0,0,0,0,0,0,0,0,0,0,0,0,0,0,0,0,0,0,0,0,0,0,0,0,0,0,0,0,0,0,0,0,0,0,0,0,0,0,0,1,0,0,0,-0.7150334902929842,0.55,0.5930232558139534
2018,10,ocon,10,7,Finished,6.0,52,ocon_2018_10,0,finished,classificado,False,0,0,0,0,UNKNOWN,0,0,0,0,0,0,0,0,0,1,0,0,0,0,0,0,0,0,0,0,0,0,0,0,0,0,0,0,0,0,0,0,0,0,0,0,0,0,0,0,0,0,1,0,0,0,0,0,0,0,0,0,0,-0.7150334902929842,0.5,0.5930232558139534
2018,10,alonso,13,8,Finished,4.0,52,alonso_2018_10,0,finished,classificado,False,0,0,0,0,UNKNOWN,0,0,0,0,0,0,0,0,0,1,0,0,0,0,0,0,0,0,0,0,0,0,0,0,0,0,0,0,0,0,0,0,0,0,0,0,0,0,0,0,0,0,0,0,1,0,0,0,0,0,0,0,0,-0.7150334902929842,0.65,0.5930232558139534
2018,10,kevin_magnussen,7,9,Finished,2.0,52,kevin_magnussen_2018_10,0,finished,classificado,False,0,0,0,0,UNKNOWN,0,0,0,0,0,0,0,0,0,1,0,0,0,0,0,0,0,0,0,0,0,0,0,0,0,0,0,0,0,0,0,0,0,0,0,0,0,0,0,0,0,0,0,1,0,0,0,0,0,0,0,0,0,-0.7150334902929842,0.35000000000000003,0.5930232558139534
2018,10,perez,12,10,Finished,1.0,52,perez_2018_10,0,finished,classificado,False,0,0,0,0,UNKNOWN,0,0,0,0,0,0,0,0,0,1,0,0,0,0,0,0,0,0,0,0,0,0,0,0,0,0,0,0,0,0,0,0,0,0,0,0,0,0,0,0,0,0,1,0,0,0,0,0,0,0,0,0,0,-0.7150334902929842,0.6000000000000001,0.5930232558139534
2018,10,vandoorne,17,11,Finished,0.0,52,vandoorne_2018_10,0,finished,classificado,False,0,0,0,0,UNKNOWN,0,0,0,0,0,0,0,0,0,1,0,0,0,0,0,0,0,0,0,0,0,0,0,0,0,0,0,0,0,0,0,0,0,0,0,0,0,0,0,0,0,0,0,0,1,0,0,0,0,0,0,0,0,-0.7150334902929842,0.8500000000000001,0.5930232558139534
2018,10,stroll,19,12,Finished,0.0,52,stroll_2018_10,0,finished,classificado,False,0,0,0,0,UNKNOWN,0,0,0,0,0,0,0,0,0,1,0,0,0,0,0,0,0,0,0,0,0,0,0,0,0,0,0,0,0,0,0,0,0,0,0,0,0,0,0,0,0,0,0,0,0,0,0,0,0,0,0,0,1,-0.7150334902929842,0.9500000000000001,0.5930232558139534
2018,10,gasly,14,13,Finished,0.0,52,gasly_2018_10,0,finished,classificado,False,0,0,0,0,UNKNOWN,0,0,0,0,0,0,0,0,0,1,0,0,0,0,0,0,0,0,0,0,0,0,0,0,0,0,0,0,0,0,0,0,0,0,0,0,0,0,0,0,0,0,0,0,0,0,0,0,0,0,0,1,0,-0.7150334902929842,0.7000000000000001,0.5930232558139534
2018,10,sirotkin,18,14,Finished,0.0,52,sirotkin_2018_10,0,finished,classificado,False,0,0,0,0,UNKNOWN,0,0,0,0,0,0,0,0,0,1,0,0,0,0,0,0,0,0,0,0,0,0,0,0,0,0,0,0,0,0,0,0,0,0,0,0,0,0,0,0,0,0,0,0,0,0,0,0,0,0,0,0,1,-0.7150334902929842,0.9,0.5930232558139534
2018,11,hamilton,14,1,Finished,25.0,67,hamilton_2018_11,0,finished,classificado,False,0,0,0,0,UNKNOWN,0,0,0,0,0,0,0,0,0,0,0,0,0,0,0,0,1,0,0,0,0,0,0,0,0,0,0,0,0,0,0,0,0,0,0,0,0,0,0,0,0,0,0,0,0,1,0,0,0,0,0,0,0,0.711792417180393,0.7000000000000001,0.7674418604651162
2018,11,bottas,2,2,Finished,18.0,67,bottas_2018_11,0,finished,classificado,False,0,0,0,0,UNKNOWN,0,0,0,0,0,0,0,0,0,0,0,0,0,0,0,0,1,0,0,0,0,0,0,0,0,0,0,0,0,0,0,0,0,0,0,0,0,0,0,0,0,0,0,0,0,1,0,0,0,0,0,0,0,0.711792417180393,0.1,0.7674418604651162
2018,11,raikkonen,3,3,Finished,15.0,67,raikkonen_2018_11,0,finished,classificado,False,0,0,0,0,UNKNOWN,0,0,0,0,0,0,0,0,0,0,0,0,0,0,0,0,1,0,0,0,0,0,0,0,0,0,0,0,0,0,0,0,0,0,0,0,0,0,0,0,0,1,0,0,0,0,0,0,0,0,0,0,0,0.711792417180393,0.15000000000000002,0.7674418604651162
2018,11,max_verstappen,4,4,Finished,12.0,67,max_verstappen_2018_11,0,finished,classificado,False,0,0,0,0,UNKNOWN,0,0,0,0,0,0,0,0,0,0,0,0,0,0,0,0,1,0,0,0,0,0,0,0,0,0,0,0,0,0,0,0,0,0,0,0,0,0,0,0,0,0,0,0,0,0,0,0,1,0,0,0,0,0.711792417180393,0.2,0.7674418604651162
2018,11,hulkenberg,7,5,Finished,10.0,67,hulkenberg_2018_11,0,finished,classificado,False,0,0,0,0,UNKNOWN,0,0,0,0,0,0,0,0,0,0,0,0,0,0,0,0,1,0,0,0,0,0,0,0,0,0,0,0,0,0,0,0,0,0,0,0,0,0,0,0,0,0,0,0,0,0,0,0,0,1,0,0,0,0.711792417180393,0.35000000000000003,0.7674418604651162
2018,11,grosjean,6,6,Finished,8.0,67,grosjean_2018_11,0,finished,classificado,False,0,0,0,0,UNKNOWN,0,0,0,0,0,0,0,0,0,0,0,0,0,0,0,0,1,0,0,0,0,0,0,0,0,0,0,0,0,0,0,0,0,0,0,0,0,0,0,0,0,0,0,1,0,0,0,0,0,0,0,0,0,0.711792417180393,0.30000000000000004,0.7674418604651162
2018,11,perez,10,7,Finished,6.0,67,perez_2018_11,0,finished,classificado,False,0,0,0,0,UNKNOWN,0,0,0,0,0,0,0,0,0,0,0,0,0,0,0,0,1,0,0,0,0,0,0,0,0,0,0,0,0,0,0,0,0,0,0,0,0,0,0,0,0,0,1,0,0,0,0,0,0,0,0,0,0,0.711792417180393,0.5,0.7674418604651162
2018,11,ocon,15,8,Finished,4.0,67,ocon_2018_11,0,finished,classificado,False,0,0,0,0,UNKNOWN,0,0,0,0,0,0,0,0,0,0,0,0,0,0,0,0,1,0,0,0,0,0,0,0,0,0,0,0,0,0,0,0,0,0,0,0,0,0,0,0,0,0,1,0,0,0,0,0,0,0,0,0,0,0.711792417180393,0.75,0.7674418604651162
2018,11,ericsson,13,9,Finished,2.0,67,ericsson_2018_11,0,finished,classificado,False,0,0,0,0,UNKNOWN,0,0,0,0,0,0,0,0,0,0,0,0,0,0,0,0,1,0,0,0,0,0,0,0,0,0,0,0,0,0,0,0,0,0,0,0,0,0,0,0,0,0,0,0,0,0,0,0,0,0,1,0,0,0.711792417180393,0.65,0.7674418604651162
2018,11,brendon_hartley,17,10,Finished,1.0,67,brendon_hartley_2018_11,0,finished,classificado,False,0,0,0,0,UNKNOWN,0,0,0,0,0,0,0,0,0,0,0,0,0,0,0,0,1,0,0,0,0,0,0,0,0,0,0,0,0,0,0,0,0,0,0,0,0,0,0,0,0,0,0,0,0,0,0,0,0,0,0,1,0,0.711792417180393,0.8500000000000001,0.7674418604651162
2018,11,kevin_magnussen,5,11,Finished,0.0,67,kevin_magnussen_2018_11,0,finished,classificado,False,0,0,0,0,UNKNOWN,0,0,0,0,0,0,0,0,0,0,0,0,0,0,0,0,1,0,0,0,0,0,0,0,0,0,0,0,0,0,0,0,0,0,0,0,0,0,0,0,0,0,0,1,0,0,0,0,0,0,0,0,0,0.711792417180393,0.25,0.7674418604651162
2018,11,sainz,8,12,Finished,0.0,67,sainz_2018_11,0,finished,classificado,False,0,0,0,0,UNKNOWN,0,0,0,0,0,0,0,0,0,0,0,0,0,0,0,0,1,0,0,0,0,0,0,0,0,0,0,0,0,0,0,0,0,0,0,0,0,0,0,0,0,0,0,0,0,0,0,0,0,1,0,0,0,0.711792417180393,0.4,0.7674418604651162
2018,11,vandoorne,19,13,Finished,0.0,67,vandoorne_2018_11,0,finished,classificado,False,0,0,0,0,UNKNOWN,0,0,0,0,0,0,0,0,0,0,0,0,0,0,0,0,1,0,0,0,0,0,0,0,0,0,0,0,0,0,0,0,0,0,0,0,0,0,0,0,0,0,0,0,1,0,0,0,0,0,0,0,0,0.711792417180393,0.9500000000000001,0.7674418604651162
2018,11,gasly,16,14,+1 Lap,0.0,66,gasly_2018_11,0,+1 lap,classificado,False,0,0,0,0,UNKNOWN,0,0,0,0,0,0,0,0,0,0,0,0,0,0,0,0,1,0,0,0,0,0,0,0,0,0,0,0,0,0,0,0,0,0,0,0,0,0,0,0,0,0,0,0,0,0,0,0,0,0,0,1,0,0.6166706900155011,0.8,0.7558139534883721
2018,11,leclerc,9,15,+1 Lap,0.0,66,leclerc_2018_11,0,+1 lap,classificado,False,0,0,0,0,UNKNOWN,0,0,0,0,0,0,0,0,0,0,0,0,0,0,0,0,1,0,0,0,0,0,0,0,0,0,0,0,0,0,0,0,0,0,0,0,0,0,0,0,0,0,0,0,0,0,0,0,0,0,1,0,0,0.6166706900155011,0.45,0.7558139534883721
2018,12,hamilton,1,1,Finished,25.0,70,hamilton_2018_12,0,finished,classificado,False,0,0,0,0,UNKNOWN,0,0,0,0,0,0,0,0,0,0,0,0,0,0,0,0,0,1,0,0,0,0,0,0,0,0,0,0,0,0,0,0,0,0,0,0,0,0,0,0,0,0,0,0,0,1,0,0,0,0,0,0,0,0.9971575986750684,0.05,0.8023255813953488
2018,12,vettel,4,2,Finished,18.0,70,vettel_2018_12,0,finished,classificado,False,0,0,0,0,UNKNOWN,0,0,0,0,0,0,0,0,0,0,0,0,0,0,0,0,0,1,0,0,0,0,0,0,0,0,0,0,0,0,0,0,0,0,0,0,0,0,0,0,0,1,0,0,0,0,0,0,0,0,0,0,0,0.9971575986750684,0.2,0.8023255813953488
2018,12,raikkonen,3,3,Finished,15.0,70,raikkonen_2018_12,0,finished,classificado,False,0,0,0,0,UNKNOWN,0,0,0,0,0,0,0,0,0,0,0,0,0,0,0,0,0,1,0,0,0,0,0,0,0,0,0,0,0,0,0,0,0,0,0,0,0,0,0,0,0,1,0,0,0,0,0,0,0,0,0,0,0,0.9971575986750684,0.15000000000000002,0.8023255813953488
2018,12,ricciardo,12,4,Finished,12.0,70,ricciardo_2018_12,0,finished,classificado,False,0,0,0,0,UNKNOWN,0,0,0,0,0,0,0,0,0,0,0,0,0,0,0,0,0,1,0,0,0,0,0,0,0,0,0,0,0,0,0,0,0,0,0,0,0,0,0,0,0,0,0,0,0,0,0,0,1,0,0,0,0,0.9971575986750684,0.6000000000000001,0.8023255813953488
2018,12,bottas,2,5,Finished,10.0,70,bottas_2018_12,0,finished,classificado,False,0,0,0,0,UNKNOWN,0,0,0,0,0,0,0,0,0,0,0,0,0,0,0,0,0,1,0,0,0,0,0,0,0,0,0,0,0,0,0,0,0,0,0,0,0,0,0,0,0,0,0,0,0,1,0,0,0,0,0,0,0,0.9971575986750684,0.1,0.8023255813953488
2018,12,gasly,6,6,Finished,8.0,70,gasly_2018_12,0,finished,classificado,False,0,0,0,0,UNKNOWN,0,0,0,0,0,0,0,0,0,0,0,0,0,0,0,0,0,1,0,0,0,0,0,0,0,0,0,0,0,0,0,0,0,0,0,0,0,0,0,0,0,0,0,0,0,0,0,0,0,0,0,1,0,0.9971575986750684,0.30000000000000004,0.8023255813953488
2018,12,kevin_magnussen,9,7,+1 Lap,6.0,69,kevin_magnussen_2018_12,0,+1 lap,classificado,False,0,0,0,0,UNKNOWN,0,0,0,0,0,0,0,0,0,0,0,0,0,0,0,0,0,1,0,0,0,0,0,0,0,0,0,0,0,0,0,0,0,0,0,0,0,0,0,0,0,0,0,1,0,0,0,0,0,0,0,0,0,0.9020358715101766,0.45,0.7906976744186046
2018,12,alonso,11,8,+1 Lap,4.0,69,alonso_2018_12,0,+1 lap,classificado,False,0,0,0,0,UNKNOWN,0,0,0,0,0,0,0,0,0,0,0,0,0,0,0,0,0,1,0,0,0,0,0,0,0,0,0,0,0,0,0,0,0,0,0,0,0,0,0,0,0,0,0,0,1,0,0,0,0,0,0,0,0,0.9020358715101766,0.55,0.7906976744186046
2018,12,sainz,5,9,+1 Lap,2.0,69,sainz_2018_12,0,+1 lap,classificado,False,0,0,0,0,UNKNOWN,0,0,0,0,0,0,0,0,0,0,0,0,0,0,0,0,0,1,0,0,0,0,0,0,0,0,0,0,0,0,0,0,0,0,0,0,0,0,0,0,0,0,0,0,0,0,0,0,0,1,0,0,0,0.9020358715101766,0.25,0.7906976744186046
2018,12,grosjean,10,10,+1 Lap,1.0,69,grosjean_2018_12,0,+1 lap,classificado,False,0,0,0,0,UNKNOWN,0,0,0,0,0,0,0,0,0,0,0,0,0,0,0,0,0,1,0,0,0,0,0,0,0,0,0,0,0,0,0,0,0,0,0,0,0,0,0,0,0,0,0,1,0,0,0,0,0,0,0,0,0,0.9020358715101766,0.5,0.7906976744186046
2018,12,brendon_hartley,8,11,+1 Lap,0.0,69,brendon_hartley_2018_12,0,+1 lap,classificado,False,0,0,0,0,UNKNOWN,0,0,0,0,0,0,0,0,0,0,0,0,0,0,0,0,0,1,0,0,0,0,0,0,0,0,0,0,0,0,0,0,0,0,0,0,0,0,0,0,0,0,0,0,0,0,0,0,0,0,0,1,0,0.9020358715101766,0.4,0.7906976744186046
2018,12,hulkenberg,13,12,+1 Lap,0.0,69,hulkenberg_2018_12,0,+1 lap,classificado,False,0,0,0,0,UNKNOWN,0,0,0,0,0,0,0,0,0,0,0,0,0,0,0,0,0,1,0,0,0,0,0,0,0,0,0,0,0,0,0,0,0,0,0,0,0,0,0,0,0,0,0,0,0,0,0,0,0,1,0,0,0,0.9020358715101766,0.65,0.7906976744186046
2018,12,ocon,18,13,+1 Lap,0.0,69,ocon_2018_12,0,+1 lap,classificado,False,0,0,0,0,UNKNOWN,0,0,0,0,0,0,0,0,0,0,0,0,0,0,0,0,0,1,0,0,0,0,0,0,0,0,0,0,0,0,0,0,0,0,0,0,0,0,0,0,0,0,1,0,0,0,0,0,0,0,0,0,0,0.9020358715101766,0.9,0.7906976744186046
2018,12,perez,19,14,+1 Lap,0.0,69,perez_2018_12,0,+1 lap,classificado,False,0,0,0,0,UNKNOWN,0,0,0,0,0,0,0,0,0,0,0,0,0,0,0,0,0,1,0,0,0,0,0,0,0,0,0,0,0,0,0,0,0,0,0,0,0,0,0,0,0,0,1,0,0,0,0,0,0,0,0,0,0,0.9020358715101766,0.9500000000000001,0.7906976744186046
2018,12,ericsson,14,15,+2 Laps,0.0,68,ericsson_2018_12,0,+2 laps,classificado,False,0,0,0,0,UNKNOWN,0,0,0,0,0,0,0,0,0,0,0,0,0,0,0,0,0,1,0,0,0,0,0,0,0,0,0,0,0,0,0,0,0,0,0,0,0,0,0,0,0,0,0,0,0,0,0,0,0,0,1,0,0,0.8069141443452847,0.7000000000000001,0.7790697674418604
2018,12,sirotkin,20,16,+2 Laps,0.0,68,sirotkin_2018_12,0,+2 laps,classificado,False,0,0,0,0,UNKNOWN,0,0,0,0,0,0,0,0,0,0,0,0,0,0,0,0,0,1,0,0,0,0,0,0,0,0,0,0,0,0,0,0,0,0,0,0,0,0,0,0,0,0,0,0,0,0,0,0,0,0,0,0,1,0.8069141443452847,1.0,0.7790697674418604
2018,12,stroll,15,17,+2 Laps,0.0,68,stroll_2018_12,0,+2 laps,classificado,False,0,0,0,0,UNKNOWN,0,0,0,0,0,0,0,0,0,0,0,0,0,0,0,0,0,1,0,0,0,0,0,0,0,0,0,0,0,0,0,0,0,0,0,0,0,0,0,0,0,0,0,0,0,0,0,0,0,0,0,0,1,0.8069141443452847,0.75,0.7790697674418604
2018,13,vettel,2,1,Finished,25.0,44,vettel_2018_13,0,finished,classificado,False,0,0,0,0,UNKNOWN,0,0,0,0,0,0,0,1,0,0,0,0,0,0,0,0,0,0,0,0,0,0,0,0,0,0,0,0,0,0,0,0,0,0,0,0,0,0,0,0,0,1,0,0,0,0,0,0,0,0,0,0,0,-1.4760073076121187,0.1,0.5
2018,13,hamilton,1,2,Finished,18.0,44,hamilton_2018_13,0,finished,classificado,False,0,0,0,0,UNKNOWN,0,0,0,0,0,0,0,1,0,0,0,0,0,0,0,0,0,0,0,0,0,0,0,0,0,0,0,0,0,0,0,0,0,0,0,0,0,0,0,0,0,0,0,0,0,1,0,0,0,0,0,0,0,-1.4760073076121187,0.05,0.5
2018,13,max_verstappen,7,3,Finished,15.0,44,max_verstappen_2018_13,0,finished,classificado,False,0,0,0,0,UNKNOWN,0,0,0,0,0,0,0,1,0,0,0,0,0,0,0,0,0,0,0,0,0,0,0,0,0,0,0,0,0,0,0,0,0,0,0,0,0,0,0,0,0,0,0,0,0,0,0,0,1,0,0,0,0,-1.4760073076121187,0.35000000000000003,0.5
2018,13,bottas,19,4,Finished,12.0,44,bottas_2018_13,0,finished,classificado,False,0,0,0,0,UNKNOWN,0,0,0,0,0,0,0,1,0,0,0,0,0,0,0,0,0,0,0,0,0,0,0,0,0,0,0,0,0,0,0,0,0,0,0,0,0,0,0,0,0,0,0,0,0,1,0,0,0,0,0,0,0,-1.4760073076121187,0.9500000000000001,0.5
2018,13,perez,4,5,Finished,10.0,44,perez_2018_13,0,finished,classificado,False,0,0,0,0,UNKNOWN,0,0,0,0,0,0,0,1,0,0,0,0,0,0,0,0,0,0,0,0,0,0,0,0,0,0,0,0,0,0,0,0,0,0,0,0,0,0,0,0,0,0,1,0,0,0,0,0,0,0,0,0,0,-1.4760073076121187,0.2,0.5
2018,13,ocon,3,6,Finished,8.0,44,ocon_2018_13,0,finished,classificado,False,0,0,0,0,UNKNOWN,0,0,0,0,0,0,0,1,0,0,0,0,0,0,0,0,0,0,0,0,0,0,0,0,0,0,0,0,0,0,0,0,0,0,0,0,0,0,0,0,0,0,1,0,0,0,0,0,0,0,0,0,0,-1.4760073076121187,0.15000000000000002,0.5
2018,13,grosjean,5,7,Finished,6.0,44,grosjean_2018_13,0,finished,classificado,False,0,0,0,0,UNKNOWN,0,0,0,0,0,0,0,1,0,0,0,0,0,0,0,0,0,0,0,0,0,0,0,0,0,0,0,0,0,0,0,0,0,0,0,0,0,0,0,0,0,0,0,1,0,0,0,0,0,0,0,0,0,-1.4760073076121187,0.25,0.5
2018,13,kevin_magnussen,9,8,Finished,4.0,44,kevin_magnussen_2018_13,0,finished,classificado,False,0,0,0,0,UNKNOWN,0,0,0,0,0,0,0,1,0,0,0,0,0,0,0,0,0,0,0,0,0,0,0,0,0,0,0,0,0,0,0,0,0,0,0,0,0,0,0,0,0,0,0,1,0,0,0,0,0,0,0,0,0,-1.4760073076121187,0.45,0.5
2018,13,gasly,10,9,Finished,2.0,44,gasly_2018_13,0,finished,classificado,False,0,0,0,0,UNKNOWN,0,0,0,0,0,0,0,1,0,0,0,0,0,0,0,0,0,0,0,0,0,0,0,0,0,0,0,0,0,0,0,0,0,0,0,0,0,0,0,0,0,0,0,0,0,0,0,0,0,0,0,1,0,-1.4760073076121187,0.5,0.5
2018,13,ericsson,13,10,+1 Lap,1.0,43,ericsson_2018_13,0,+1 lap,classificado,False,0,0,0,0,UNKNOWN,0,0,0,0,0,0,0,1,0,0,0,0,0,0,0,0,0,0,0,0,0,0,0,0,0,0,0,0,0,0,0,0,0,0,0,0,0,0,0,0,0,0,0,0,0,0,0,0,0,0,1,0,0,-1.5711290347770106,0.65,0.4883720930232558
2018,13,sainz,14,11,+1 Lap,0.0,43,sainz_2018_13,0,+1 lap,classificado,False,0,0,0,0,UNKNOWN,0,0,0,0,0,0,0,1,0,0,0,0,0,0,0,0,0,0,0,0,0,0,0,0,0,0,0,0,0,0,0,0,0,0,0,0,0,0,0,0,0,0,0,0,0,0,0,0,0,1,0,0,0,-1.5711290347770106,0.7000000000000001,0.4883720930232558
2018,13,sirotkin,16,12,+1 Lap,0.0,43,sirotkin_2018_13,0,+1 lap,classificado,False,0,0,0,0,UNKNOWN,0,0,0,0,0,0,0,1,0,0,0,0,0,0,0,0,0,0,0,0,0,0,0,0,0,0,0,0,0,0,0,0,0,0,0,0,0,0,0,0,0,0,0,0,0,0,0,0,0,0,0,0,1,-1.5711290347770106,0.8,0.4883720930232558
2018,13,stroll,17,13,+1 Lap,0.0,43,stroll_2018_13,0,+1 lap,classificado,False,0,0,0,0,UNKNOWN,0,0,0,0,0,0,0,1,0,0,0,0,0,0,0,0,0,0,0,0,0,0,0,0,0,0,0,0,0,0,0,0,0,0,0,0,0,0,0,0,0,0,0,0,0,0,0,0,0,0,0,0,1,-1.5711290347770106,0.8500000000000001,0.4883720930232558
2018,13,brendon_hartley,11,14,+1 Lap,0.0,43,brendon_hartley_2018_13,0,+1 lap,classificado,False,0,0,0,0,UNKNOWN,0,0,0,0,0,0,0,1,0,0,0,0,0,0,0,0,0,0,0,0,0,0,0,0,0,0,0,0,0,0,0,0,0,0,0,0,0,0,0,0,0,0,0,0,0,0,0,0,0,0,0,1,0,-1.5711290347770106,0.55,0.4883720930232558
2018,13,vandoorne,18,15,+1 Lap,0.0,43,vandoorne_2018_13,0,+1 lap,classificado,False,0,0,0,0,UNKNOWN,0,0,0,0,0,0,0,1,0,0,0,0,0,0,0,0,0,0,0,0,0,0,0,0,0,0,0,0,0,0,0,0,0,0,0,0,0,0,0,0,0,0,0,0,1,0,0,0,0,0,0,0,0,-1.5711290347770106,0.9,0.4883720930232558
2018,14,hamilton,3,1,Finished,25.0,53,hamilton_2018_14,0,finished,classificado,False,0,0,0,0,UNKNOWN,0,0,0,0,0,0,0,0,0,0,0,0,0,0,0,0,0,0,1,0,0,0,0,0,0,0,0,0,0,0,0,0,0,0,0,0,0,0,0,0,0,0,0,0,0,1,0,0,0,0,0,0,0,-0.6199117631280925,0.15000000000000002,0.6046511627906976
2018,14,raikkonen,1,2,Finished,18.0,53,raikkonen_2018_14,0,finished,classificado,False,0,0,0,0,UNKNOWN,0,0,0,0,0,0,0,0,0,0,0,0,0,0,0,0,0,0,1,0,0,0,0,0,0,0,0,0,0,0,0,0,0,0,0,0,0,0,0,0,0,1,0,0,0,0,0,0,0,0,0,0,0,-0.6199117631280925,0.05,0.6046511627906976
2018,14,bottas,4,3,Finished,15.0,53,bottas_2018_14,0,finished,classificado,False,0,0,0,0,UNKNOWN,0,0,0,0,0,0,0,0,0,0,0,0,0,0,0,0,0,0,1,0,0,0,0,0,0,0,0,0,0,0,0,0,0,0,0,0,0,0,0,0,0,0,0,0,0,1,0,0,0,0,0,0,0,-0.6199117631280925,0.2,0.6046511627906976
2018,14,vettel,2,4,Finished,12.0,53,vettel_2018_14,0,finished,classificado,False,0,0,0,0,UNKNOWN,0,0,0,0,0,0,0,0,0,0,0,0,0,0,0,0,0,0,1,0,0,0,0,0,0,0,0,0,0,0,0,0,0,0,0,0,0,0,0,0,0,1,0,0,0,0,0,0,0,0,0,0,0,-0.6199117631280925,0.1,0.6046511627906976
2018,14,max_verstappen,5,5,Finished,10.0,53,max_verstappen_2018_14,0,finished,classificado,False,0,0,0,0,UNKNOWN,0,0,0,0,0,0,0,0,0,0,0,0,0,0,0,0,0,0,1,0,0,0,0,0,0,0,0,0,0,0,0,0,0,0,0,0,0,0,0,0,0,0,0,0,0,0,0,0,1,0,0,0,0,-0.6199117631280925,0.25,0.6046511627906976
2018,14,ocon,8,6,Finished,8.0,53,ocon_2018_14,0,finished,classificado,False,0,0,0,0,UNKNOWN,0,0,0,0,0,0,0,0,0,0,0,0,0,0,0,0,0,0,1,0,0,0,0,0,0,0,0,0,0,0,0,0,0,0,0,0,0,0,0,0,0,0,1,0,0,0,0,0,0,0,0,0,0,-0.6199117631280925,0.4,0.6046511627906976
2018,14,perez,14,7,Finished,6.0,53,perez_2018_14,0,finished,classificado,False,0,0,0,0,UNKNOWN,0,0,0,0,0,0,0,0,0,0,0,0,0,0,0,0,0,0,1,0,0,0,0,0,0,0,0,0,0,0,0,0,0,0,0,0,0,0,0,0,0,0,1,0,0,0,0,0,0,0,0,0,0,-0.6199117631280925,0.7000000000000001,0.6046511627906976
2018,14,sainz,7,8,Finished,4.0,53,sainz_2018_14,0,finished,classificado,False,0,0,0,0,UNKNOWN,0,0,0,0,0,0,0,0,0,0,0,0,0,0,0,0,0,0,1,0,0,0,0,0,0,0,0,0,0,0,0,0,0,0,0,0,0,0,0,0,0,0,0,0,0,0,0,0,0,1,0,0,0,-0.6199117631280925,0.35000000000000003,0.6046511627906976
2018,14,stroll,10,9,+1 Lap,2.0,52,stroll_2018_14,0,+1 lap,classificado,False,0,0,0,0,UNKNOWN,0,0,0,0,0,0,0,0,0,0,0,0,0,0,0,0,0,0,1,0,0,0,0,0,0,0,0,0,0,0,0,0,0,0,0,0,0,0,0,0,0,0,0,0,0,0,0,0,0,0,0,0,1,-0.7150334902929842,0.5,0.5930232558139534
2018,14,sirotkin,12,10,+1 Lap,1.0,52,sirotkin_2018_14,0,+1 lap,classificado,False,0,0,0,0,UNKNOWN,0,0,0,0,0,0,0,0,0,0,0,0,0,0,0,0,0,0,1,0,0,0,0,0,0,0,0,0,0,0,0,0,0,0,0,0,0,0,0,0,0,0,0,0,0,0,0,0,0,0,0,0,1,-0.7150334902929842,0.6000000000000001,0.5930232558139534
2018,14,leclerc,15,11,+1 Lap,0.0,52,leclerc_2018_14,0,+1 lap,classificado,False,0,0,0,0,UNKNOWN,0,0,0,0,0,0,0,0,0,0,0,0,0,0,0,0,0,0,1,0,0,0,0,0,0,0,0,0,0,0,0,0,0,0,0,0,0,0,0,0,0,0,0,0,0,0,0,0,0,0,1,0,0,-0.7150334902929842,0.75,0.5930232558139534
2018,14,vandoorne,17,12,+1 Lap,0.0,52,vandoorne_2018_14,0,+1 lap,classificado,False,0,0,0,0,UNKNOWN,0,0,0,0,0,0,0,0,0,0,0,0,0,0,0,0,0,0,1,0,0,0,0,0,0,0,0,0,0,0,0,0,0,0,0,0,0,0,0,0,0,0,0,0,1,0,0,0,0,0,0,0,0,-0.7150334902929842,0.8500000000000001,0.5930232558139534
2018,14,hulkenberg,20,13,+1 Lap,0.0,52,hulkenberg_2018_14,0,+1 lap,classificado,False,0,0,0,0,UNKNOWN,0,0,0,0,0,0,0,0,0,0,0,0,0,0,0,0,0,0,1,0,0,0,0,0,0,0,0,0,0,0,0,0,0,0,0,0,0,0,0,0,0,0,0,0,0,0,0,0,0,1,0,0,0,-0.7150334902929842,1.0,0.5930232558139534
2018,14,gasly,9,14,+1 Lap,0.0,52,gasly_2018_14,0,+1 lap,classificado,False,0,0,0,0,UNKNOWN,0,0,0,0,0,0,0,0,0,0,0,0,0,0,0,0,0,0,1,0,0,0,0,0,0,0,0,0,0,0,0,0,0,0,0,0,0,0,0,0,0,0,0,0,0,0,0,0,0,0,0,1,0,-0.7150334902929842,0.45,0.5930232558139534
2018,14,ericsson,18,15,+1 Lap,0.0,52,ericsson_2018_14,0,+1 lap,classificado,False,0,0,0,0,UNKNOWN,0,0,0,0,0,0,0,0,0,0,0,0,0,0,0,0,0,0,1,0,0,0,0,0,0,0,0,0,0,0,0,0,0,0,0,0,0,0,0,0,0,0,0,0,0,0,0,0,0,0,1,0,0,-0.7150334902929842,0.9,0.5930232558139534
2018,14,kevin_magnussen,11,16,+1 Lap,0.0,52,kevin_magnussen_2018_14,0,+1 lap,classificado,False,0,0,0,0,UNKNOWN,0,0,0,0,0,0,0,0,0,0,0,0,0,0,0,0,0,0,1,0,0,0,0,0,0,0,0,0,0,0,0,0,0,0,0,0,0,0,0,0,0,0,0,1,0,0,0,0,0,0,0,0,0,-0.7150334902929842,0.55,0.5930232558139534
2018,15,hamilton,1,1,Finished,25.0,61,hamilton_2018_15,0,finished,classificado,False,0,0,0,0,UNKNOWN,0,0,0,0,0,0,0,0,0,0,0,0,0,0,0,0,0,0,0,0,0,0,0,0,0,0,0,0,0,0,1,0,0,0,0,0,0,0,0,0,0,0,0,0,0,1,0,0,0,0,0,0,0,0.14106205419104206,0.05,0.6976744186046512
2018,15,max_verstappen,2,2,Finished,18.0,61,max_verstappen_2018_15,0,finished,classificado,False,0,0,0,0,UNKNOWN,0,0,0,0,0,0,0,0,0,0,0,0,0,0,0,0,0,0,0,0,0,0,0,0,0,0,0,0,0,0,1,0,0,0,0,0,0,0,0,0,0,0,0,0,0,0,0,0,1,0,0,0,0,0.14106205419104206,0.1,0.6976744186046512
2018,15,vettel,3,3,Finished,15.0,61,vettel_2018_15,0,finished,classificado,False,0,0,0,0,UNKNOWN,0,0,0,0,0,0,0,0,0,0,0,0,0,0,0,0,0,0,0,0,0,0,0,0,0,0,0,0,0,0,1,0,0,0,0,0,0,0,0,0,0,1,0,0,0,0,0,0,0,0,0,0,0,0.14106205419104206,0.15000000000000002,0.6976744186046512
2018,15,bottas,4,4,Finished,12.0,61,bottas_2018_15,0,finished,classificado,False,0,0,0,0,UNKNOWN,0,0,0,0,0,0,0,0,0,0,0,0,0,0,0,0,0,0,0,0,0,0,0,0,0,0,0,0,0,0,1,0,0,0,0,0,0,0,0,0,0,0,0,0,0,1,0,0,0,0,0,0,0,0.14106205419104206,0.2,0.6976744186046512
2018,15,raikkonen,5,5,Finished,10.0,61,raikkonen_2018_15,0,finished,classificado,False,0,0,0,0,UNKNOWN,0,0,0,0,0,0,0,0,0,0,0,0,0,0,0,0,0,0,0,0,0,0,0,0,0,0,0,0,0,0,1,0,0,0,0,0,0,0,0,0,0,1,0,0,0,0,0,0,0,0,0,0,0,0.14106205419104206,0.25,0.6976744186046512
2018,15,ricciardo,6,6,Finished,8.0,61,ricciardo_2018_15,0,finished,classificado,False,0,0,0,0,UNKNOWN,0,0,0,0,0,0,0,0,0,0,0,0,0,0,0,0,0,0,0,0,0,0,0,0,0,0,0,0,0,0,1,0,0,0,0,0,0,0,0,0,0,0,0,0,0,0,0,0,1,0,0,0,0,0.14106205419104206,0.30000000000000004,0.6976744186046512
2018,15,alonso,11,7,Finished,6.0,61,alonso_2018_15,0,finished,classificado,False,0,0,0,0,UNKNOWN,0,0,0,0,0,0,0,0,0,0,0,0,0,0,0,0,0,0,0,0,0,0,0,0,0,0,0,0,0,0,1,0,0,0,0,0,0,0,0,0,0,0,0,0,1,0,0,0,0,0,0,0,0,0.14106205419104206,0.55,0.6976744186046512
2018,15,sainz,12,8,+1 Lap,4.0,60,sainz_2018_15,0,+1 lap,classificado,False,0,0,0,0,UNKNOWN,0,0,0,0,0,0,0,0,0,0,0,0,0,0,0,0,0,0,0,0,0,0,0,0,0,0,0,0,0,0,1,0,0,0,0,0,0,0,0,0,0,0,0,0,0,0,0,0,0,1,0,0,0,0.04594032702615025,0.6000000000000001,0.686046511627907
2018,15,leclerc,13,9,+1 Lap,2.0,60,leclerc_2018_15,0,+1 lap,classificado,False,0,0,0,0,UNKNOWN,0,0,0,0,0,0,0,0,0,0,0,0,0,0,0,0,0,0,0,0,0,0,0,0,0,0,0,0,0,0,1,0,0,0,0,0,0,0,0,0,0,0,0,0,0,0,0,0,0,0,1,0,0,0.04594032702615025,0.65,0.686046511627907
2018,15,hulkenberg,10,10,+1 Lap,1.0,60,hulkenberg_2018_15,0,+1 lap,classificado,False,0,0,0,0,UNKNOWN,0,0,0,0,0,0,0,0,0,0,0,0,0,0,0,0,0,0,0,0,0,0,0,0,0,0,0,0,0,0,1,0,0,0,0,0,0,0,0,0,0,0,0,0,0,0,0,0,0,1,0,0,0,0.04594032702615025,0.5,0.686046511627907
2018,15,ericsson,14,11,+1 Lap,0.0,60,ericsson_2018_15,0,+1 lap,classificado,False,0,0,0,0,UNKNOWN,0,0,0,0,0,0,0,0,0,0,0,0,0,0,0,0,0,0,0,0,0,0,0,0,0,0,0,0,0,0,1,0,0,0,0,0,0,0,0,0,0,0,0,0,0,0,0,0,0,0,1,0,0,0.04594032702615025,0.7000000000000001,0.686046511627907
2018,15,vandoorne,18,12,+1 Lap,0.0,60,vandoorne_2018_15,0,+1 lap,classificado,False,0,0,0,0,UNKNOWN,0,0,0,0,0,0,0,0,0,0,0,0,0,0,0,0,0,0,0,0,0,0,0,0,0,0,0,0,0,0,1,0,0,0,0,0,0,0,0,0,0,0,0,0,1,0,0,0,0,0,0,0,0,0.04594032702615025,0.9,0.686046511627907
2018,15,gasly,15,13,+1 Lap,0.0,60,gasly_2018_15,0,+1 lap,classificado,False,0,0,0,0,UNKNOWN,0,0,0,0,0,0,0,0,0,0,0,0,0,0,0,0,0,0,0,0,0,0,0,0,0,0,0,0,0,0,1,0,0,0,0,0,0,0,0,0,0,0,0,0,0,0,0,0,0,0,0,1,0,0.04594032702615025,0.75,0.686046511627907
2018,15,stroll,20,14,+1 Lap,0.0,60,stroll_2018_15,0,+1 lap,classificado,False,0,0,0,0,UNKNOWN,0,0,0,0,0,0,0,0,0,0,0,0,0,0,0,0,0,0,0,0,0,0,0,0,0,0,0,0,0,0,1,0,0,0,0,0,0,0,0,0,0,0,0,0,0,0,0,0,0,0,0,0,1,0.04594032702615025,1.0,0.686046511627907
2018,15,grosjean,8,15,+1 Lap,0.0,60,grosjean_2018_15,0,+1 lap,classificado,False,0,0,0,0,UNKNOWN,0,0,0,0,0,0,0,0,0,0,0,0,0,0,0,0,0,0,0,0,0,0,0,0,0,0,0,0,0,0,1,0,0,0,0,0,0,0,0,0,0,0,0,1,0,0,0,0,0,0,0,0,0,0.04594032702615025,0.4,0.686046511627907
2018,15,perez,7,16,+1 Lap,0.0,60,perez_2018_15,0,+1 lap,classificado,False,0,0,0,0,UNKNOWN,0,0,0,0,0,0,0,0,0,0,0,0,0,0,0,0,0,0,0,0,0,0,0,0,0,0,0,0,0,0,1,0,0,0,0,0,0,0,0,0,0,0,1,0,0,0,0,0,0,0,0,0,0,0.04594032702615025,0.35000000000000003,0.686046511627907
2018,15,brendon_hartley,17,17,+1 Lap,0.0,60,brendon_hartley_2018_15,0,+1 lap,classificado,False,0,0,0,0,UNKNOWN,0,0,0,0,0,0,0,0,0,0,0,0,0,0,0,0,0,0,0,0,0,0,0,0,0,0,0,0,0,0,1,0,0,0,0,0,0,0,0,0,0,0,0,0,0,0,0,0,0,0,0,1,0,0.04594032702615025,0.8500000000000001,0.686046511627907
2018,15,kevin_magnussen,16,18,+2 Laps,0.0,59,kevin_magnussen_2018_15,0,+2 laps,classificado,False,0,0,0,0,UNKNOWN,0,0,0,0,0,0,0,0,0,0,0,0,0,0,0,0,0,0,0,0,0,0,0,0,0,0,0,0,0,0,1,0,0,0,0,0,0,0,0,0,0,0,0,1,0,0,0,0,0,0,0,0,0,-0.04918140013874156,0.8,0.6744186046511628
2018,15,sirotkin,19,19,+2 Laps,0.0,59,sirotkin_2018_15,0,+2 laps,classificado,False,0,0,0,0,UNKNOWN,0,0,0,0,0,0,0,0,0,0,0,0,0,0,0,0,0,0,0,0,0,0,0,0,0,0,0,0,0,0,1,0,0,0,0,0,0,0,0,0,0,0,0,0,0,0,0,0,0,0,0,0,1,-0.04918140013874156,0.9500000000000001,0.6744186046511628
2018,16,hamilton,2,1,Finished,25.0,53,hamilton_2018_16,0,finished,classificado,False,0,0,0,0,UNKNOWN,0,0,0,0,0,0,0,0,0,0,0,0,0,0,0,0,0,0,0,0,0,0,0,0,0,0,0,1,0,0,0,0,0,0,0,0,0,0,0,0,0,0,0,0,0,1,0,0,0,0,0,0,0,-0.6199117631280925,0.1,0.6046511627906976
2018,16,bottas,1,2,Finished,18.0,53,bottas_2018_16,0,finished,classificado,False,0,0,0,0,UNKNOWN,0,0,0,0,0,0,0,0,0,0,0,0,0,0,0,0,0,0,0,0,0,0,0,0,0,0,0,1,0,0,0,0,0,0,0,0,0,0,0,0,0,0,0,0,0,1,0,0,0,0,0,0,0,-0.6199117631280925,0.05,0.6046511627906976
2018,16,vettel,3,3,Finished,15.0,53,vettel_2018_16,0,finished,classificado,False,0,0,0,0,UNKNOWN,0,0,0,0,0,0,0,0,0,0,0,0,0,0,0,0,0,0,0,0,0,0,0,0,0,0,0,1,0,0,0,0,0,0,0,0,0,0,0,0,0,1,0,0,0,0,0,0,0,0,0,0,0,-0.6199117631280925,0.15000000000000002,0.6046511627906976
2018,16,raikkonen,4,4,Finished,12.0,53,raikkonen_2018_16,0,finished,classificado,False,0,0,0,0,UNKNOWN,0,0,0,0,0,0,0,0,0,0,0,0,0,0,0,0,0,0,0,0,0,0,0,0,0,0,0,1,0,0,0,0,0,0,0,0,0,0,0,0,0,1,0,0,0,0,0,0,0,0,0,0,0,-0.6199117631280925,0.2,0.6046511627906976
2018,16,max_verstappen,19,5,Finished,10.0,53,max_verstappen_2018_16,0,finished,classificado,False,0,0,0,0,UNKNOWN,0,0,0,0,0,0,0,0,0,0,0,0,0,0,0,0,0,0,0,0,0,0,0,0,0,0,0,1,0,0,0,0,0,0,0,0,0,0,0,0,0,0,0,0,0,0,0,0,1,0,0,0,0,-0.6199117631280925,0.9500000000000001,0.6046511627906976
2018,16,ricciardo,18,6,Finished,8.0,53,ricciardo_2018_16,0,finished,classificado,False,0,0,0,0,UNKNOWN,0,0,0,0,0,0,0,0,0,0,0,0,0,0,0,0,0,0,0,0,0,0,0,0,0,0,0,1,0,0,0,0,0,0,0,0,0,0,0,0,0,0,0,0,0,0,0,0,1,0,0,0,0,-0.6199117631280925,0.9,0.6046511627906976
2018,16,leclerc,7,7,Finished,6.0,53,leclerc_2018_16,0,finished,classificado,False,0,0,0,0,UNKNOWN,0,0,0,0,0,0,0,0,0,0,0,0,0,0,0,0,0,0,0,0,0,0,0,0,0,0,0,1,0,0,0,0,0,0,0,0,0,0,0,0,0,0,0,0,0,0,0,0,0,0,1,0,0,-0.6199117631280925,0.35000000000000003,0.6046511627906976
2018,16,kevin_magnussen,5,8,+1 Lap,4.0,52,kevin_magnussen_2018_16,0,+1 lap,classificado,False,0,0,0,0,UNKNOWN,0,0,0,0,0,0,0,0,0,0,0,0,0,0,0,0,0,0,0,0,0,0,0,0,0,0,0,1,0,0,0,0,0,0,0,0,0,0,0,0,0,0,0,1,0,0,0,0,0,0,0,0,0,-0.7150334902929842,0.25,0.5930232558139534
2018,16,ocon,6,9,+1 Lap,2.0,52,ocon_2018_16,0,+1 lap,classificado,False,0,0,0,0,UNKNOWN,0,0,0,0,0,0,0,0,0,0,0,0,0,0,0,0,0,0,0,0,0,0,0,0,0,0,0,1,0,0,0,0,0,0,0,0,0,0,0,0,0,0,1,0,0,0,0,0,0,0,0,0,0,-0.7150334902929842,0.30000000000000004,0.5930232558139534
2018,16,perez,8,10,+1 Lap,1.0,52,perez_2018_16,0,+1 lap,classificado,False,0,0,0,0,UNKNOWN,0,0,0,0,0,0,0,0,0,0,0,0,0,0,0,0,0,0,0,0,0,0,0,0,0,0,0,1,0,0,0,0,0,0,0,0,0,0,0,0,0,0,1,0,0,0,0,0,0,0,0,0,0,-0.7150334902929842,0.4,0.5930232558139534
2018,16,grosjean,9,11,+1 Lap,0.0,52,grosjean_2018_16,0,+1 lap,classificado,False,0,0,0,0,UNKNOWN,0,0,0,0,0,0,0,0,0,0,0,0,0,0,0,0,0,0,0,0,0,0,0,0,0,0,0,1,0,0,0,0,0,0,0,0,0,0,0,0,0,0,0,1,0,0,0,0,0,0,0,0,0,-0.7150334902929842,0.45,0.5930232558139534
2018,16,hulkenberg,12,12,+1 Lap,0.0,52,hulkenberg_2018_16,0,+1 lap,classificado,False,0,0,0,0,UNKNOWN,0,0,0,0,0,0,0,0,0,0,0,0,0,0,0,0,0,0,0,0,0,0,0,0,0,0,0,1,0,0,0,0,0,0,0,0,0,0,0,0,0,0,0,0,0,0,0,0,0,1,0,0,0,-0.7150334902929842,0.6000000000000001,0.5930232558139534
2018,16,ericsson,10,13,+1 Lap,0.0,52,ericsson_2018_16,0,+1 lap,classificado,False,0,0,0,0,UNKNOWN,0,0,0,0,0,0,0,0,0,0,0,0,0,0,0,0,0,0,0,0,0,0,0,0,0,0,0,1,0,0,0,0,0,0,0,0,0,0,0,0,0,0,0,0,0,0,0,0,0,0,1,0,0,-0.7150334902929842,0.5,0.5930232558139534
2018,16,alonso,16,14,+1 Lap,0.0,52,alonso_2018_16,0,+1 lap,classificado,False,0,0,0,0,UNKNOWN,0,0,0,0,0,0,0,0,0,0,0,0,0,0,0,0,0,0,0,0,0,0,0,0,0,0,0,1,0,0,0,0,0,0,0,0,0,0,0,0,0,0,0,0,1,0,0,0,0,0,0,0,0,-0.7150334902929842,0.8,0.5930232558139534
2018,16,stroll,14,15,+1 Lap,0.0,52,stroll_2018_16,0,+1 lap,classificado,False,0,0,0,0,UNKNOWN,0,0,0,0,0,0,0,0,0,0,0,0,0,0,0,0,0,0,0,0,0,0,0,0,0,0,0,1,0,0,0,0,0,0,0,0,0,0,0,0,0,0,0,0,0,0,0,0,0,0,0,0,1,-0.7150334902929842,0.7000000000000001,0.5930232558139534
2018,16,vandoorne,15,16,+2 Laps,0.0,51,vandoorne_2018_16,0,+2 laps,classificado,False,0,0,0,0,UNKNOWN,0,0,0,0,0,0,0,0,0,0,0,0,0,0,0,0,0,0,0,0,0,0,0,0,0,0,0,1,0,0,0,0,0,0,0,0,0,0,0,0,0,0,0,0,1,0,0,0,0,0,0,0,0,-0.8101552174578761,0.75,0.5813953488372092
2018,16,sainz,11,17,+2 Laps,0.0,51,sainz_2018_16,0,+2 laps,classificado,False,0,0,0,0,UNKNOWN,0,0,0,0,0,0,0,0,0,0,0,0,0,0,0,0,0,0,0,0,0,0,0,0,0,0,0,1,0,0,0,0,0,0,0,0,0,0,0,0,0,0,0,0,0,0,0,0,0,1,0,0,0,-0.8101552174578761,0.55,0.5813953488372092
2018,16,sirotkin,13,18,+2 Laps,0.0,51,sirotkin_2018_16,0,+2 laps,classificado,False,0,0,0,0,UNKNOWN,0,0,0,0,0,0,0,0,0,0,0,0,0,0,0,0,0,0,0,0,0,0,0,0,0,0,0,1,0,0,0,0,0,0,0,0,0,0,0,0,0,0,0,0,0,0,0,0,0,0,0,0,1,-0.8101552174578761,0.65,0.5813953488372092
2018,17,hamilton,1,1,Finished,25.0,53,hamilton_2018_17,0,finished,classificado,False,0,0,0,0,UNKNOWN,0,0,0,0,0,0,0,0,0,0,0,0,0,0,0,0,0,0,0,1,0,0,0,0,0,0,0,0,0,0,0,0,0,0,0,0,0,0,0,0,0,0,0,0,0,1,0,0,0,0,0,0,0,-0.6199117631280925,0.05,0.6046511627906976
2018,17,bottas,2,2,Finished,18.0,53,bottas_2018_17,0,finished,classificado,False,0,0,0,0,UNKNOWN,0,0,0,0,0,0,0,0,0,0,0,0,0,0,0,0,0,0,0,1,0,0,0,0,0,0,0,0,0,0,0,0,0,0,0,0,0,0,0,0,0,0,0,0,0,1,0,0,0,0,0,0,0,-0.6199117631280925,0.1,0.6046511627906976
2018,17,max_verstappen,3,3,Finished,15.0,53,max_verstappen_2018_17,0,finished,classificado,False,0,0,0,0,UNKNOWN,0,0,0,0,0,0,0,0,0,0,0,0,0,0,0,0,0,0,0,1,0,0,0,0,0,0,0,0,0,0,0,0,0,0,0,0,0,0,0,0,0,0,0,0,0,0,0,0,1,0,0,0,0,-0.6199117631280925,0.15000000000000002,0.6046511627906976
2018,17,ricciardo,15,4,Finished,12.0,53,ricciardo_2018_17,0,finished,classificado,False,0,0,0,0,UNKNOWN,0,0,0,0,0,0,0,0,0,0,0,0,0,0,0,0,0,0,0,1,0,0,0,0,0,0,0,0,0,0,0,0,0,0,0,0,0,0,0,0,0,0,0,0,0,0,0,0,1,0,0,0,0,-0.6199117631280925,0.75,0.6046511627906976
2018,17,raikkonen,4,5,Finished,10.0,53,raikkonen_2018_17,0,finished,classificado,False,0,0,0,0,UNKNOWN,0,0,0,0,0,0,0,0,0,0,0,0,0,0,0,0,0,0,0,1,0,0,0,0,0,0,0,0,0,0,0,0,0,0,0,0,0,0,0,0,0,1,0,0,0,0,0,0,0,0,0,0,0,-0.6199117631280925,0.2,0.6046511627906976
2018,17,vettel,8,6,Finished,8.0,53,vettel_2018_17,0,finished,classificado,False,0,0,0,0,UNKNOWN,0,0,0,0,0,0,0,0,0,0,0,0,0,0,0,0,0,0,0,1,0,0,0,0,0,0,0,0,0,0,0,0,0,0,0,0,0,0,0,0,0,1,0,0,0,0,0,0,0,0,0,0,0,-0.6199117631280925,0.4,0.6046511627906976
2018,17,perez,9,7,Finished,6.0,53,perez_2018_17,0,finished,classificado,False,0,0,0,0,UNKNOWN,0,0,0,0,0,0,0,0,0,0,0,0,0,0,0,0,0,0,0,1,0,0,0,0,0,0,0,0,0,0,0,0,0,0,0,0,0,0,0,0,0,0,1,0,0,0,0,0,0,0,0,0,0,-0.6199117631280925,0.45,0.6046511627906976
2018,17,grosjean,5,8,Finished,4.0,53,grosjean_2018_17,0,finished,classificado,False,0,0,0,0,UNKNOWN,0,0,0,0,0,0,0,0,0,0,0,0,0,0,0,0,0,0,0,1,0,0,0,0,0,0,0,0,0,0,0,0,0,0,0,0,0,0,0,0,0,0,0,1,0,0,0,0,0,0,0,0,0,-0.6199117631280925,0.25,0.6046511627906976
2018,17,ocon,11,9,Finished,2.0,53,ocon_2018_17,0,finished,classificado,False,0,0,0,0,UNKNOWN,0,0,0,0,0,0,0,0,0,0,0,0,0,0,0,0,0,0,0,1,0,0,0,0,0,0,0,0,0,0,0,0,0,0,0,0,0,0,0,0,0,0,1,0,0,0,0,0,0,0,0,0,0,-0.6199117631280925,0.55,0.6046511627906976
2018,17,sainz,13,10,+1 Lap,1.0,52,sainz_2018_17,0,+1 lap,classificado,False,0,0,0,0,UNKNOWN,0,0,0,0,0,0,0,0,0,0,0,0,0,0,0,0,0,0,0,1,0,0,0,0,0,0,0,0,0,0,0,0,0,0,0,0,0,0,0,0,0,0,0,0,0,0,0,0,0,1,0,0,0,-0.7150334902929842,0.65,0.5930232558139534
2018,17,gasly,7,11,+1 Lap,0.0,52,gasly_2018_17,0,+1 lap,classificado,False,0,0,0,0,UNKNOWN,0,0,0,0,0,0,0,0,0,0,0,0,0,0,0,0,0,0,0,1,0,0,0,0,0,0,0,0,0,0,0,0,0,0,0,0,0,0,0,0,0,0,0,0,0,0,0,0,0,0,0,1,0,-0.7150334902929842,0.35000000000000003,0.5930232558139534
2018,17,ericsson,20,12,+1 Lap,0.0,52,ericsson_2018_17,0,+1 lap,classificado,False,0,0,0,0,UNKNOWN,0,0,0,0,0,0,0,0,0,0,0,0,0,0,0,0,0,0,0,1,0,0,0,0,0,0,0,0,0,0,0,0,0,0,0,0,0,0,0,0,0,0,0,0,0,0,0,0,0,0,1,0,0,-0.7150334902929842,1.0,0.5930232558139534
2018,17,brendon_hartley,6,13,+1 Lap,0.0,52,brendon_hartley_2018_17,0,+1 lap,classificado,False,0,0,0,0,UNKNOWN,0,0,0,0,0,0,0,0,0,0,0,0,0,0,0,0,0,0,0,1,0,0,0,0,0,0,0,0,0,0,0,0,0,0,0,0,0,0,0,0,0,0,0,0,0,0,0,0,0,0,0,1,0,-0.7150334902929842,0.30000000000000004,0.5930232558139534
2018,17,alonso,18,14,+1 Lap,0.0,52,alonso_2018_17,0,+1 lap,classificado,False,0,0,0,0,UNKNOWN,0,0,0,0,0,0,0,0,0,0,0,0,0,0,0,0,0,0,0,1,0,0,0,0,0,0,0,0,0,0,0,0,0,0,0,0,0,0,0,0,0,0,0,0,1,0,0,0,0,0,0,0,0,-0.7150334902929842,0.9,0.5930232558139534
2018,17,vandoorne,19,15,+1 Lap,0.0,52,vandoorne_2018_17,0,+1 lap,classificado,False,0,0,0,0,UNKNOWN,0,0,0,0,0,0,0,0,0,0,0,0,0,0,0,0,0,0,0,1,0,0,0,0,0,0,0,0,0,0,0,0,0,0,0,0,0,0,0,0,0,0,0,0,1,0,0,0,0,0,0,0,0,-0.7150334902929842,0.9500000000000001,0.5930232558139534
2018,17,sirotkin,17,16,+1 Lap,0.0,52,sirotkin_2018_17,0,+1 lap,classificado,False,0,0,0,0,UNKNOWN,0,0,0,0,0,0,0,0,0,0,0,0,0,0,0,0,0,0,0,1,0,0,0,0,0,0,0,0,0,0,0,0,0,0,0,0,0,0,0,0,0,0,0,0,0,0,0,0,0,0,0,0,1,-0.7150334902929842,0.8500000000000001,0.5930232558139534
2018,17,stroll,14,17,+1 Lap,0.0,52,stroll_2018_17,0,+1 lap,classificado,False,0,0,0,0,UNKNOWN,0,0,0,0,0,0,0,0,0,0,0,0,0,0,0,0,0,0,0,1,0,0,0,0,0,0,0,0,0,0,0,0,0,0,0,0,0,0,0,0,0,0,0,0,0,0,0,0,0,0,0,0,1,-0.7150334902929842,0.7000000000000001,0.5930232558139534
2018,18,raikkonen,2,1,Finished,25.0,56,raikkonen_2018_18,0,finished,classificado,False,0,0,0,0,UNKNOWN,0,0,0,0,0,0,0,0,0,0,0,0,0,0,0,0,0,0,0,0,0,0,0,0,0,0,0,0,0,0,0,0,0,0,0,0,1,0,0,0,0,1,0,0,0,0,0,0,0,0,0,0,0,-0.334546581633417,0.1,0.6395348837209303
2018,18,max_verstappen,18,2,Finished,18.0,56,max_verstappen_2018_18,0,finished,classificado,False,0,0,0,0,UNKNOWN,0,0,0,0,0,0,0,0,0,0,0,0,0,0,0,0,0,0,0,0,0,0,0,0,0,0,0,0,0,0,0,0,0,0,0,0,1,0,0,0,0,0,0,0,0,0,0,0,1,0,0,0,0,-0.334546581633417,0.9,0.6395348837209303
2018,18,hamilton,1,3,Finished,15.0,56,hamilton_2018_18,0,finished,classificado,False,0,0,0,0,UNKNOWN,0,0,0,0,0,0,0,0,0,0,0,0,0,0,0,0,0,0,0,0,0,0,0,0,0,0,0,0,0,0,0,0,0,0,0,0,1,0,0,0,0,0,0,0,0,1,0,0,0,0,0,0,0,-0.334546581633417,0.05,0.6395348837209303
2018,18,vettel,5,4,Finished,12.0,56,vettel_2018_18,0,finished,classificado,False,0,0,0,0,UNKNOWN,0,0,0,0,0,0,0,0,0,0,0,0,0,0,0,0,0,0,0,0,0,0,0,0,0,0,0,0,0,0,0,0,0,0,0,0,1,0,0,0,0,1,0,0,0,0,0,0,0,0,0,0,0,-0.334546581633417,0.25,0.6395348837209303
2018,18,bottas,3,5,Finished,10.0,56,bottas_2018_18,0,finished,classificado,False,0,0,0,0,UNKNOWN,0,0,0,0,0,0,0,0,0,0,0,0,0,0,0,0,0,0,0,0,0,0,0,0,0,0,0,0,0,0,0,0,0,0,0,0,1,0,0,0,0,0,0,0,0,1,0,0,0,0,0,0,0,-0.334546581633417,0.15000000000000002,0.6395348837209303
2018,18,hulkenberg,7,6,Finished,8.0,56,hulkenberg_2018_18,0,finished,classificado,False,0,0,0,0,UNKNOWN,0,0,0,0,0,0,0,0,0,0,0,0,0,0,0,0,0,0,0,0,0,0,0,0,0,0,0,0,0,0,0,0,0,0,0,0,1,0,0,0,0,0,0,0,0,0,0,0,0,1,0,0,0,-0.334546581633417,0.35000000000000003,0.6395348837209303
2018,18,sainz,11,7,Finished,6.0,56,sainz_2018_18,0,finished,classificado,False,0,0,0,0,UNKNOWN,0,0,0,0,0,0,0,0,0,0,0,0,0,0,0,0,0,0,0,0,0,0,0,0,0,0,0,0,0,0,0,0,0,0,0,0,1,0,0,0,0,0,0,0,0,0,0,0,0,1,0,0,0,-0.334546581633417,0.55,0.6395348837209303
2018,18,perez,10,8,Finished,4.0,56,perez_2018_18,0,finished,classificado,False,0,0,0,0,UNKNOWN,0,0,0,0,0,0,0,0,0,0,0,0,0,0,0,0,0,0,0,0,0,0,0,0,0,0,0,0,0,0,0,0,0,0,0,0,1,0,0,0,0,0,1,0,0,0,0,0,0,0,0,0,0,-0.334546581633417,0.5,0.6395348837209303
2018,18,brendon_hartley,20,9,+1 Lap,2.0,55,brendon_hartley_2018_18,0,+1 lap,classificado,False,0,0,0,0,UNKNOWN,0,0,0,0,0,0,0,0,0,0,0,0,0,0,0,0,0,0,0,0,0,0,0,0,0,0,0,0,0,0,0,0,0,0,0,0,1,0,0,0,0,0,0,0,0,0,0,0,0,0,0,1,0,-0.4296683087983088,1.0,0.627906976744186
2018,18,ericsson,16,10,+1 Lap,1.0,55,ericsson_2018_18,0,+1 lap,classificado,False,0,0,0,0,UNKNOWN,0,0,0,0,0,0,0,0,0,0,0,0,0,0,0,0,0,0,0,0,0,0,0,0,0,0,0,0,0,0,0,0,0,0,0,0,1,0,0,0,0,0,0,0,0,0,0,0,0,0,1,0,0,-0.4296683087983088,0.8,0.627906976744186
2018,18,vandoorne,17,11,+1 Lap,0.0,55,vandoorne_2018_18,0,+1 lap,classificado,False,0,0,0,0,UNKNOWN,0,0,0,0,0,0,0,0,0,0,0,0,0,0,0,0,0,0,0,0,0,0,0,0,0,0,0,0,0,0,0,0,0,0,0,0,1,0,0,0,0,0,0,0,1,0,0,0,0,0,0,0,0,-0.4296683087983088,0.8500000000000001,0.627906976744186
2018,18,gasly,19,12,+1 Lap,0.0,55,gasly_2018_18,0,+1 lap,classificado,False,0,0,0,0,UNKNOWN,0,0,0,0,0,0,0,0,0,0,0,0,0,0,0,0,0,0,0,0,0,0,0,0,0,0,0,0,0,0,0,0,0,0,0,0,1,0,0,0,0,0,0,0,0,0,0,0,0,0,0,1,0,-0.4296683087983088,0.9500000000000001,0.627906976744186
2018,18,sirotkin,14,13,+1 Lap,0.0,55,sirotkin_2018_18,0,+1 lap,classificado,False,0,0,0,0,UNKNOWN,0,0,0,0,0,0,0,0,0,0,0,0,0,0,0,0,0,0,0,0,0,0,0,0,0,0,0,0,0,0,0,0,0,0,0,0,1,0,0,0,0,0,0,0,0,0,0,0,0,0,0,0,1,-0.4296683087983088,0.7000000000000001,0.627906976744186
2018,18,stroll,15,14,+2 Laps,0.0,54,stroll_2018_18,0,+2 laps,classificado,False,0,0,0,0,UNKNOWN,0,0,0,0,0,0,0,0,0,0,0,0,0,0,0,0,0,0,0,0,0,0,0,0,0,0,0,0,0,0,0,0,0,0,0,0,1,0,0,0,0,0,0,0,0,0,0,0,0,0,0,0,1,-0.5247900359632006,0.75,0.6162790697674418
2018,19,max_verstappen,2,1,Finished,25.0,71,max_verstappen_2018_19,0,finished,classificado,False,0,0,0,0,UNKNOWN,0,0,0,0,0,0,0,0,0,0,0,0,0,0,0,0,0,0,0,0,0,1,0,0,0,0,0,0,0,0,0,0,0,0,0,0,0,0,0,0,0,0,0,0,0,0,0,0,1,0,0,0,0,1.0922793258399601,0.1,0.813953488372093
2018,19,vettel,4,2,Finished,18.0,71,vettel_2018_19,0,finished,classificado,False,0,0,0,0,UNKNOWN,0,0,0,0,0,0,0,0,0,0,0,0,0,0,0,0,0,0,0,0,0,1,0,0,0,0,0,0,0,0,0,0,0,0,0,0,0,0,0,0,0,1,0,0,0,0,0,0,0,0,0,0,0,1.0922793258399601,0.2,0.813953488372093
2018,19,raikkonen,6,3,Finished,15.0,71,raikkonen_2018_19,0,finished,classificado,False,0,0,0,0,UNKNOWN,0,0,0,0,0,0,0,0,0,0,0,0,0,0,0,0,0,0,0,0,0,1,0,0,0,0,0,0,0,0,0,0,0,0,0,0,0,0,0,0,0,1,0,0,0,0,0,0,0,0,0,0,0,1.0922793258399601,0.30000000000000004,0.813953488372093
2018,19,hamilton,3,4,Finished,12.0,71,hamilton_2018_19,0,finished,classificado,False,0,0,0,0,UNKNOWN,0,0,0,0,0,0,0,0,0,0,0,0,0,0,0,0,0,0,0,0,0,1,0,0,0,0,0,0,0,0,0,0,0,0,0,0,0,0,0,0,0,0,0,0,0,1,0,0,0,0,0,0,0,1.0922793258399601,0.15000000000000002,0.813953488372093
2018,19,bottas,5,5,+1 Lap,10.0,70,bottas_2018_19,0,+1 lap,classificado,False,0,0,0,0,UNKNOWN,0,0,0,0,0,0,0,0,0,0,0,0,0,0,0,0,0,0,0,0,0,1,0,0,0,0,0,0,0,0,0,0,0,0,0,0,0,0,0,0,0,0,0,0,0,1,0,0,0,0,0,0,0,0.9971575986750684,0.25,0.8023255813953488
2018,19,hulkenberg,7,6,+2 Laps,8.0,69,hulkenberg_2018_19,0,+2 laps,classificado,False,0,0,0,0,UNKNOWN,0,0,0,0,0,0,0,0,0,0,0,0,0,0,0,0,0,0,0,0,0,1,0,0,0,0,0,0,0,0,0,0,0,0,0,0,0,0,0,0,0,0,0,0,0,0,0,0,0,1,0,0,0,0.9020358715101766,0.35000000000000003,0.7906976744186046
2018,19,leclerc,9,7,+2 Laps,6.0,69,leclerc_2018_19,0,+2 laps,classificado,False,0,0,0,0,UNKNOWN,0,0,0,0,0,0,0,0,0,0,0,0,0,0,0,0,0,0,0,0,0,1,0,0,0,0,0,0,0,0,0,0,0,0,0,0,0,0,0,0,0,0,0,0,0,0,0,0,0,0,1,0,0,0.9020358715101766,0.45,0.7906976744186046
2018,19,vandoorne,15,8,+2 Laps,4.0,69,vandoorne_2018_19,0,+2 laps,classificado,False,0,0,0,0,UNKNOWN,0,0,0,0,0,0,0,0,0,0,0,0,0,0,0,0,0,0,0,0,0,1,0,0,0,0,0,0,0,0,0,0,0,0,0,0,0,0,0,0,0,0,0,0,1,0,0,0,0,0,0,0,0,0.9020358715101766,0.75,0.7906976744186046
2018,19,ericsson,10,9,+2 Laps,2.0,69,ericsson_2018_19,0,+2 laps,classificado,False,0,0,0,0,UNKNOWN,0,0,0,0,0,0,0,0,0,0,0,0,0,0,0,0,0,0,0,0,0,1,0,0,0,0,0,0,0,0,0,0,0,0,0,0,0,0,0,0,0,0,0,0,0,0,0,0,0,0,1,0,0,0.9020358715101766,0.5,0.7906976744186046
2018,19,gasly,20,10,+2 Laps,1.0,69,gasly_2018_19,0,+2 laps,classificado,False,0,0,0,0,UNKNOWN,0,0,0,0,0,0,0,0,0,0,0,0,0,0,0,0,0,0,0,0,0,1,0,0,0,0,0,0,0,0,0,0,0,0,0,0,0,0,0,0,0,0,0,0,0,0,0,0,0,0,0,1,0,0.9020358715101766,1.0,0.7906976744186046
2018,19,ocon,11,11,+2 Laps,0.0,69,ocon_2018_19,0,+2 laps,classificado,False,0,0,0,0,UNKNOWN,0,0,0,0,0,0,0,0,0,0,0,0,0,0,0,0,0,0,0,0,0,1,0,0,0,0,0,0,0,0,0,0,0,0,0,0,0,0,0,0,0,0,1,0,0,0,0,0,0,0,0,0,0,0.9020358715101766,0.55,0.7906976744186046
2018,19,stroll,17,12,+2 Laps,0.0,69,stroll_2018_19,0,+2 laps,classificado,False,0,0,0,0,UNKNOWN,0,0,0,0,0,0,0,0,0,0,0,0,0,0,0,0,0,0,0,0,0,1,0,0,0,0,0,0,0,0,0,0,0,0,0,0,0,0,0,0,0,0,0,0,0,0,0,0,0,0,0,0,1,0.9020358715101766,0.8500000000000001,0.7906976744186046
2018,19,sirotkin,19,13,+2 Laps,0.0,69,sirotkin_2018_19,0,+2 laps,classificado,False,0,0,0,0,UNKNOWN,0,0,0,0,0,0,0,0,0,0,0,0,0,0,0,0,0,0,0,0,0,1,0,0,0,0,0,0,0,0,0,0,0,0,0,0,0,0,0,0,0,0,0,0,0,0,0,0,0,0,0,0,1,0.9020358715101766,0.9500000000000001,0.7906976744186046
2018,19,brendon_hartley,14,14,+2 Laps,0.0,69,brendon_hartley_2018_19,0,+2 laps,classificado,False,0,0,0,0,UNKNOWN,0,0,0,0,0,0,0,0,0,0,0,0,0,0,0,0,0,0,0,0,0,1,0,0,0,0,0,0,0,0,0,0,0,0,0,0,0,0,0,0,0,0,0,0,0,0,0,0,0,0,0,1,0,0.9020358715101766,0.7000000000000001,0.7906976744186046
2018,19,kevin_magnussen,16,15,+2 Laps,0.0,69,kevin_magnussen_2018_19,0,+2 laps,classificado,False,0,0,0,0,UNKNOWN,0,0,0,0,0,0,0,0,0,0,0,0,0,0,0,0,0,0,0,0,0,1,0,0,0,0,0,0,0,0,0,0,0,0,0,0,0,0,0,0,0,0,0,1,0,0,0,0,0,0,0,0,0,0.9020358715101766,0.8,0.7906976744186046
2018,19,grosjean,18,16,+3 Laps,0.0,68,grosjean_2018_19,0,+3 laps,classificado,False,0,0,0,0,UNKNOWN,0,0,0,0,0,0,0,0,0,0,0,0,0,0,0,0,0,0,0,0,0,1,0,0,0,0,0,0,0,0,0,0,0,0,0,0,0,0,0,0,0,0,0,1,0,0,0,0,0,0,0,0,0,0.8069141443452847,0.9,0.7790697674418604
2018,20,hamilton,1,1,Finished,25.0,71,hamilton_2018_20,0,finished,classificado,False,0,0,0,0,UNKNOWN,0,0,0,0,0,0,0,0,1,0,0,0,0,0,0,0,0,0,0,0,0,0,0,0,0,0,0,0,0,0,0,0,0,0,0,0,0,0,0,0,0,0,0,0,0,1,0,0,0,0,0,0,0,1.0922793258399601,0.05,0.813953488372093
2018,20,max_verstappen,5,2,Finished,18.0,71,max_verstappen_2018_20,0,finished,classificado,False,0,0,0,0,UNKNOWN,0,0,0,0,0,0,0,0,1,0,0,0,0,0,0,0,0,0,0,0,0,0,0,0,0,0,0,0,0,0,0,0,0,0,0,0,0,0,0,0,0,0,0,0,0,0,0,0,1,0,0,0,0,1.0922793258399601,0.25,0.813953488372093
2018,20,raikkonen,4,3,Finished,15.0,71,raikkonen_2018_20,0,finished,classificado,False,0,0,0,0,UNKNOWN,0,0,0,0,0,0,0,0,1,0,0,0,0,0,0,0,0,0,0,0,0,0,0,0,0,0,0,0,0,0,0,0,0,0,0,0,0,0,0,0,0,1,0,0,0,0,0,0,0,0,0,0,0,1.0922793258399601,0.2,0.813953488372093
2018,20,ricciardo,11,4,Finished,12.0,71,ricciardo_2018_20,0,finished,classificado,False,0,0,0,0,UNKNOWN,0,0,0,0,0,0,0,0,1,0,0,0,0,0,0,0,0,0,0,0,0,0,0,0,0,0,0,0,0,0,0,0,0,0,0,0,0,0,0,0,0,0,0,0,0,0,0,0,1,0,0,0,0,1.0922793258399601,0.55,0.813953488372093
2018,20,bottas,3,5,Finished,10.0,71,bottas_2018_20,0,finished,classificado,False,0,0,0,0,UNKNOWN,0,0,0,0,0,0,0,0,1,0,0,0,0,0,0,0,0,0,0,0,0,0,0,0,0,0,0,0,0,0,0,0,0,0,0,0,0,0,0,0,0,0,0,0,0,1,0,0,0,0,0,0,0,1.0922793258399601,0.15000000000000002,0.813953488372093
2018,20,vettel,2,6,Finished,8.0,71,vettel_2018_20,0,finished,classificado,False,0,0,0,0,UNKNOWN,0,0,0,0,0,0,0,0,1,0,0,0,0,0,0,0,0,0,0,0,0,0,0,0,0,0,0,0,0,0,0,0,0,0,0,0,0,0,0,0,0,1,0,0,0,0,0,0,0,0,0,0,0,1.0922793258399601,0.1,0.813953488372093
2018,20,leclerc,7,7,Finished,6.0,71,leclerc_2018_20,0,finished,classificado,False,0,0,0,0,UNKNOWN,0,0,0,0,0,0,0,0,1,0,0,0,0,0,0,0,0,0,0,0,0,0,0,0,0,0,0,0,0,0,0,0,0,0,0,0,0,0,0,0,0,0,0,0,0,0,0,0,0,0,1,0,0,1.0922793258399601,0.35000000000000003,0.813953488372093
2018,20,grosjean,8,8,Finished,4.0,71,grosjean_2018_20,0,finished,classificado,False,0,0,0,0,UNKNOWN,0,0,0,0,0,0,0,0,1,0,0,0,0,0,0,0,0,0,0,0,0,0,0,0,0,0,0,0,0,0,0,0,0,0,0,0,0,0,0,0,0,0,0,1,0,0,0,0,0,0,0,0,0,1.0922793258399601,0.4,0.813953488372093
2018,20,kevin_magnussen,10,9,Finished,2.0,71,kevin_magnussen_2018_20,0,finished,classificado,False,0,0,0,0,UNKNOWN,0,0,0,0,0,0,0,0,1,0,0,0,0,0,0,0,0,0,0,0,0,0,0,0,0,0,0,0,0,0,0,0,0,0,0,0,0,0,0,0,0,0,0,1,0,0,0,0,0,0,0,0,0,1.0922793258399601,0.5,0.813953488372093
2018,20,perez,12,10,+1 Lap,1.0,70,perez_2018_20,0,+1 lap,classificado,False,0,0,0,0,UNKNOWN,0,0,0,0,0,0,0,0,1,0,0,0,0,0,0,0,0,0,0,0,0,0,0,0,0,0,0,0,0,0,0,0,0,0,0,0,0,0,0,0,0,0,1,0,0,0,0,0,0,0,0,0,0,0.9971575986750684,0.6000000000000001,0.8023255813953488
2018,20,brendon_hartley,16,11,+1 Lap,0.0,70,brendon_hartley_2018_20,0,+1 lap,classificado,False,0,0,0,0,UNKNOWN,0,0,0,0,0,0,0,0,1,0,0,0,0,0,0,0,0,0,0,0,0,0,0,0,0,0,0,0,0,0,0,0,0,0,0,0,0,0,0,0,0,0,0,0,0,0,0,0,0,0,0,1,0,0.9971575986750684,0.8,0.8023255813953488
2018,20,sainz,15,12,+1 Lap,0.0,70,sainz_2018_20,0,+1 lap,classificado,False,0,0,0,0,UNKNOWN,0,0,0,0,0,0,0,0,1,0,0,0,0,0,0,0,0,0,0,0,0,0,0,0,0,0,0,0,0,0,0,0,0,0,0,0,0,0,0,0,0,0,0,0,0,0,0,0,0,1,0,0,0,0.9971575986750684,0.75,0.8023255813953488
2018,20,gasly,9,13,+1 Lap,0.0,70,gasly_2018_20,0,+1 lap,classificado,False,0,0,0,0,UNKNOWN,0,0,0,0,0,0,0,0,1,0,0,0,0,0,0,0,0,0,0,0,0,0,0,0,0,0,0,0,0,0,0,0,0,0,0,0,0,0,0,0,0,0,0,0,0,0,0,0,0,0,0,1,0,0.9971575986750684,0.45,0.8023255813953488
2018,20,vandoorne,20,14,+1 Lap,0.0,70,vandoorne_2018_20,0,+1 lap,classificado,False,0,0,0,0,UNKNOWN,0,0,0,0,0,0,0,0,1,0,0,0,0,0,0,0,0,0,0,0,0,0,0,0,0,0,0,0,0,0,0,0,0,0,0,0,0,0,0,0,0,0,0,0,1,0,0,0,0,0,0,0,0,0.9971575986750684,1.0,0.8023255813953488
2018,20,ocon,18,15,+1 Lap,0.0,70,ocon_2018_20,0,+1 lap,classificado,False,0,0,0,0,UNKNOWN,0,0,0,0,0,0,0,0,1,0,0,0,0,0,0,0,0,0,0,0,0,0,0,0,0,0,0,0,0,0,0,0,0,0,0,0,0,0,0,0,0,0,1,0,0,0,0,0,0,0,0,0,0,0.9971575986750684,0.9,0.8023255813953488
2018,20,sirotkin,14,16,+2 Laps,0.0,69,sirotkin_2018_20,0,+2 laps,classificado,False,0,0,0,0,UNKNOWN,0,0,0,0,0,0,0,0,1,0,0,0,0,0,0,0,0,0,0,0,0,0,0,0,0,0,0,0,0,0,0,0,0,0,0,0,0,0,0,0,0,0,0,0,0,0,0,0,0,0,0,0,1,0.9020358715101766,0.7000000000000001,0.7906976744186046
2018,20,alonso,17,17,+2 Laps,0.0,69,alonso_2018_20,0,+2 laps,classificado,False,0,0,0,0,UNKNOWN,0,0,0,0,0,0,0,0,1,0,0,0,0,0,0,0,0,0,0,0,0,0,0,0,0,0,0,0,0,0,0,0,0,0,0,0,0,0,0,0,0,0,0,0,1,0,0,0,0,0,0,0,0,0.9020358715101766,0.8500000000000001,0.7906976744186046
2018,20,stroll,19,18,+2 Laps,0.0,69,stroll_2018_20,0,+2 laps,classificado,False,0,0,0,0,UNKNOWN,0,0,0,0,0,0,0,0,1,0,0,0,0,0,0,0,0,0,0,0,0,0,0,0,0,0,0,0,0,0,0,0,0,0,0,0,0,0,0,0,0,0,0,0,0,0,0,0,0,0,0,0,1,0.9020358715101766,0.9500000000000001,0.7906976744186046
2018,21,hamilton,1,1,Finished,25.0,55,hamilton_2018_21,0,finished,classificado,False,0,0,0,0,UNKNOWN,0,0,1,0,0,0,0,0,0,0,0,0,0,0,0,0,0,0,0,0,0,0,0,0,0,0,0,0,0,0,0,0,0,0,0,0,0,0,0,0,0,0,0,0,0,1,0,0,0,0,0,0,0,-0.4296683087983088,0.05,0.627906976744186
2018,21,vettel,3,2,Finished,18.0,55,vettel_2018_21,0,finished,classificado,False,0,0,0,0,UNKNOWN,0,0,1,0,0,0,0,0,0,0,0,0,0,0,0,0,0,0,0,0,0,0,0,0,0,0,0,0,0,0,0,0,0,0,0,0,0,0,0,0,0,1,0,0,0,0,0,0,0,0,0,0,0,-0.4296683087983088,0.15000000000000002,0.627906976744186
2018,21,max_verstappen,6,3,Finished,15.0,55,max_verstappen_2018_21,0,finished,classificado,False,0,0,0,0,UNKNOWN,0,0,1,0,0,0,0,0,0,0,0,0,0,0,0,0,0,0,0,0,0,0,0,0,0,0,0,0,0,0,0,0,0,0,0,0,0,0,0,0,0,0,0,0,0,0,0,0,1,0,0,0,0,-0.4296683087983088,0.30000000000000004,0.627906976744186
2018,21,ricciardo,5,4,Finished,12.0,55,ricciardo_2018_21,0,finished,classificado,False,0,0,0,0,UNKNOWN,0,0,1,0,0,0,0,0,0,0,0,0,0,0,0,0,0,0,0,0,0,0,0,0,0,0,0,0,0,0,0,0,0,0,0,0,0,0,0,0,0,0,0,0,0,0,0,0,1,0,0,0,0,-0.4296683087983088,0.25,0.627906976744186
2018,21,bottas,2,5,Finished,10.0,55,bottas_2018_21,0,finished,classificado,False,0,0,0,0,UNKNOWN,0,0,1,0,0,0,0,0,0,0,0,0,0,0,0,0,0,0,0,0,0,0,0,0,0,0,0,0,0,0,0,0,0,0,0,0,0,0,0,0,0,0,0,0,0,1,0,0,0,0,0,0,0,-0.4296683087983088,0.1,0.627906976744186
2018,21,sainz,11,6,Finished,8.0,55,sainz_2018_21,0,finished,classificado,False,0,0,0,0,UNKNOWN,0,0,1,0,0,0,0,0,0,0,0,0,0,0,0,0,0,0,0,0,0,0,0,0,0,0,0,0,0,0,0,0,0,0,0,0,0,0,0,0,0,0,0,0,0,0,0,0,0,1,0,0,0,-0.4296683087983088,0.55,0.627906976744186
2018,21,leclerc,8,7,Finished,6.0,55,leclerc_2018_21,0,finished,classificado,False,0,0,0,0,UNKNOWN,0,0,1,0,0,0,0,0,0,0,0,0,0,0,0,0,0,0,0,0,0,0,0,0,0,0,0,0,0,0,0,0,0,0,0,0,0,0,0,0,0,0,0,0,0,0,0,0,0,0,1,0,0,-0.4296683087983088,0.4,0.627906976744186
2018,21,perez,14,8,Finished,4.0,55,perez_2018_21,0,finished,classificado,False,0,0,0,0,UNKNOWN,0,0,1,0,0,0,0,0,0,0,0,0,0,0,0,0,0,0,0,0,0,0,0,0,0,0,0,0,0,0,0,0,0,0,0,0,0,0,0,0,0,0,1,0,0,0,0,0,0,0,0,0,0,-0.4296683087983088,0.7000000000000001,0.627906976744186
2018,21,grosjean,7,9,+1 Lap,2.0,54,grosjean_2018_21,0,+1 lap,classificado,False,0,0,0,0,UNKNOWN,0,0,1,0,0,0,0,0,0,0,0,0,0,0,0,0,0,0,0,0,0,0,0,0,0,0,0,0,0,0,0,0,0,0,0,0,0,0,0,0,0,0,0,1,0,0,0,0,0,0,0,0,0,-0.5247900359632006,0.35000000000000003,0.6162790697674418
2018,21,kevin_magnussen,13,10,+1 Lap,1.0,54,kevin_magnussen_2018_21,0,+1 lap,classificado,False,0,0,0,0,UNKNOWN,0,0,1,0,0,0,0,0,0,0,0,0,0,0,0,0,0,0,0,0,0,0,0,0,0,0,0,0,0,0,0,0,0,0,0,0,0,0,0,0,0,0,0,1,0,0,0,0,0,0,0,0,0,-0.5247900359632006,0.65,0.6162790697674418
2018,21,alonso,15,11,+1 Lap,0.0,54,alonso_2018_21,0,+1 lap,classificado,False,0,0,0,0,UNKNOWN,0,0,1,0,0,0,0,0,0,0,0,0,0,0,0,0,0,0,0,0,0,0,0,0,0,0,0,0,0,0,0,0,0,0,0,0,0,0,0,0,0,0,0,0,1,0,0,0,0,0,0,0,0,-0.5247900359632006,0.75,0.6162790697674418
2018,21,brendon_hartley,16,12,+1 Lap,0.0,54,brendon_hartley_2018_21,0,+1 lap,classificado,False,0,0,0,0,UNKNOWN,0,0,1,0,0,0,0,0,0,0,0,0,0,0,0,0,0,0,0,0,0,0,0,0,0,0,0,0,0,0,0,0,0,0,0,0,0,0,0,0,0,0,0,0,0,0,0,0,0,0,0,1,0,-0.5247900359632006,0.8,0.6162790697674418
2018,21,stroll,20,13,+1 Lap,0.0,54,stroll_2018_21,0,+1 lap,classificado,False,0,0,0,0,UNKNOWN,0,0,1,0,0,0,0,0,0,0,0,0,0,0,0,0,0,0,0,0,0,0,0,0,0,0,0,0,0,0,0,0,0,0,0,0,0,0,0,0,0,0,0,0,0,0,0,0,0,0,0,0,1,-0.5247900359632006,1.0,0.6162790697674418
2018,21,vandoorne,18,14,+1 Lap,0.0,54,vandoorne_2018_21,0,+1 lap,classificado,False,0,0,0,0,UNKNOWN,0,0,1,0,0,0,0,0,0,0,0,0,0,0,0,0,0,0,0,0,0,0,0,0,0,0,0,0,0,0,0,0,0,0,0,0,0,0,0,0,0,0,0,0,1,0,0,0,0,0,0,0,0,-0.5247900359632006,0.9,0.6162790697674418
2018,21,sirotkin,19,15,+1 Lap,0.0,54,sirotkin_2018_21,0,+1 lap,classificado,False,0,0,0,0,UNKNOWN,0,0,1,0,0,0,0,0,0,0,0,0,0,0,0,0,0,0,0,0,0,0,0,0,0,0,0,0,0,0,0,0,0,0,0,0,0,0,0,0,0,0,0,0,0,0,0,0,0,0,0,0,1,-0.5247900359632006,0.9500000000000001,0.6162790697674418
2019,1,bottas,2,1,Finished,26.0,58,bottas_2019_1,0,finished,classificado,False,0,0,0,0,UNKNOWN,0,0,0,1,0,0,0,0,0,0,0,0,0,0,0,0,0,0,0,0,0,0,0,0,0,0,0,0,0,0,0,0,0,0,0,0,0,0,0,0,0,0,0,0,0,1,0,0,0,0,0,0,0,-0.14430312730363337,0.1,0.6627906976744186
2019,1,hamilton,1,2,Finished,18.0,58,hamilton_2019_1,0,finished,classificado,False,0,0,0,0,UNKNOWN,0,0,0,1,0,0,0,0,0,0,0,0,0,0,0,0,0,0,0,0,0,0,0,0,0,0,0,0,0,0,0,0,0,0,0,0,0,0,0,0,0,0,0,0,0,1,0,0,0,0,0,0,0,-0.14430312730363337,0.05,0.6627906976744186
2019,1,max_verstappen,4,3,Finished,15.0,58,max_verstappen_2019_1,0,finished,classificado,False,0,0,0,0,UNKNOWN,0,0,0,1,0,0,0,0,0,0,0,0,0,0,0,0,0,0,0,0,0,0,0,0,0,0,0,0,0,0,0,0,0,0,0,0,0,0,0,0,0,0,0,0,0,0,0,0,1,0,0,0,0,-0.14430312730363337,0.2,0.6627906976744186
2019,1,vettel,3,4,Finished,12.0,58,vettel_2019_1,0,finished,classificado,False,0,0,0,0,UNKNOWN,0,0,0,1,0,0,0,0,0,0,0,0,0,0,0,0,0,0,0,0,0,0,0,0,0,0,0,0,0,0,0,0,0,0,0,0,0,0,0,0,0,1,0,0,0,0,0,0,0,0,0,0,0,-0.14430312730363337,0.15000000000000002,0.6627906976744186
2019,1,leclerc,5,5,Finished,10.0,58,leclerc_2019_1,0,finished,classificado,False,0,0,0,0,UNKNOWN,0,0,0,1,0,0,0,0,0,0,0,0,0,0,0,0,0,0,0,0,0,0,0,0,0,0,0,0,0,0,0,0,0,0,0,0,0,0,0,0,0,1,0,0,0,0,0,0,0,0,0,0,0,-0.14430312730363337,0.25,0.6627906976744186
2019,1,kevin_magnussen,7,6,Finished,8.0,58,kevin_magnussen_2019_1,0,finished,classificado,False,0,0,0,0,UNKNOWN,0,0,0,1,0,0,0,0,0,0,0,0,0,0,0,0,0,0,0,0,0,0,0,0,0,0,0,0,0,0,0,0,0,0,0,0,0,0,0,0,0,0,0,1,0,0,0,0,0,0,0,0,0,-0.14430312730363337,0.35000000000000003,0.6627906976744186
2019,1,hulkenberg,11,7,+1 Lap,6.0,57,hulkenberg_2019_1,0,+1 lap,classificado,False,0,0,0,0,UNKNOWN,0,0,0,1,0,0,0,0,0,0,0,0,0,0,0,0,0,0,0,0,0,0,0,0,0,0,0,0,0,0,0,0,0,0,0,0,0,0,0,0,0,0,0,0,0,0,0,0,0,1,0,0,0,-0.23942485446852518,0.55,0.6511627906976744
2019,1,raikkonen,9,8,+1 Lap,4.0,57,raikkonen_2019_1,0,+1 lap,classificado,False,0,0,0,0,UNKNOWN,0,0,0,1,0,0,0,0,0,0,0,0,0,0,0,0,0,0,0,0,0,0,0,0,0,0,0,0,0,0,0,0,0,0,0,0,0,1,0,0,0,0,0,0,0,0,0,0,0,0,0,0,0,-0.23942485446852518,0.45,0.6511627906976744
2019,1,stroll,16,9,+1 Lap,2.0,57,stroll_2019_1,0,+1 lap,classificado,False,0,0,0,0,UNKNOWN,0,0,0,1,0,0,0,0,0,0,0,0,0,0,0,0,0,0,0,0,0,0,0,0,0,0,0,0,0,0,0,0,0,0,0,0,0,0,0,0,0,0,0,0,0,0,1,0,0,0,0,0,0,-0.23942485446852518,0.8,0.6511627906976744
2019,1,kvyat,15,10,+1 Lap,1.0,57,kvyat_2019_1,0,+1 lap,classificado,False,0,0,0,0,UNKNOWN,0,0,0,1,0,0,0,0,0,0,0,0,0,0,0,0,0,0,0,0,0,0,0,0,0,0,0,0,0,0,0,0,0,0,0,0,0,0,0,0,0,0,0,0,0,0,0,0,0,0,0,1,0,-0.23942485446852518,0.75,0.6511627906976744
2019,1,gasly,17,11,+1 Lap,0.0,57,gasly_2019_1,0,+1 lap,classificado,False,0,0,0,0,UNKNOWN,0,0,0,1,0,0,0,0,0,0,0,0,0,0,0,0,0,0,0,0,0,0,0,0,0,0,0,0,0,0,0,0,0,0,0,0,0,0,0,0,0,0,0,0,0,0,0,0,1,0,0,0,0,-0.23942485446852518,0.8500000000000001,0.6511627906976744
2019,1,norris,8,12,+1 Lap,0.0,57,norris_2019_1,0,+1 lap,classificado,False,0,0,0,0,UNKNOWN,0,0,0,1,0,0,0,0,0,0,0,0,0,0,0,0,0,0,0,0,0,0,0,0,0,0,0,0,0,0,0,0,0,0,0,0,0,0,0,0,0,0,0,0,1,0,0,0,0,0,0,0,0,-0.23942485446852518,0.4,0.6511627906976744
2019,1,perez,10,13,+1 Lap,0.0,57,perez_2019_1,0,+1 lap,classificado,False,0,0,0,0,UNKNOWN,0,0,0,1,0,0,0,0,0,0,0,0,0,0,0,0,0,0,0,0,0,0,0,0,0,0,0,0,0,0,0,0,0,0,0,0,0,0,0,0,0,0,0,0,0,0,1,0,0,0,0,0,0,-0.23942485446852518,0.5,0.6511627906976744
2019,1,albon,13,14,+1 Lap,0.0,57,albon_2019_1,0,+1 lap,classificado,False,0,0,0,0,UNKNOWN,0,0,0,1,0,0,0,0,0,0,0,0,0,0,0,0,0,0,0,0,0,0,0,0,0,0,0,0,0,0,0,0,0,0,0,0,0,0,0,0,0,0,0,0,0,0,0,0,0,0,0,1,0,-0.23942485446852518,0.65,0.6511627906976744
2019,1,giovinazzi,14,15,+1 Lap,0.0,57,giovinazzi_2019_1,0,+1 lap,classificado,False,0,0,0,0,UNKNOWN,0,0,0,1,0,0,0,0,0,0,0,0,0,0,0,0,0,0,0,0,0,0,0,0,0,0,0,0,0,0,0,0,0,0,0,0,0,1,0,0,0,0,0,0,0,0,0,0,0,0,0,0,0,-0.23942485446852518,0.7000000000000001,0.6511627906976744
2019,1,russell,19,16,+2 Laps,0.0,56,russell_2019_1,0,+2 laps,classificado,False,0,0,0,0,UNKNOWN,0,0,0,1,0,0,0,0,0,0,0,0,0,0,0,0,0,0,0,0,0,0,0,0,0,0,0,0,0,0,0,0,0,0,0,0,0,0,0,0,0,0,0,0,0,0,0,0,0,0,0,0,1,-0.334546581633417,0.9500000000000001,0.6395348837209303
2019,1,kubica,20,17,+3 Laps,0.0,55,kubica_2019_1,0,+3 laps,classificado,False,0,0,0,0,UNKNOWN,0,0,0,1,0,0,0,0,0,0,0,0,0,0,0,0,0,0,0,0,0,0,0,0,0,0,0,0,0,0,0,0,0,0,0,0,0,0,0,0,0,0,0,0,0,0,0,0,0,0,0,0,1,-0.4296683087983088,1.0,0.627906976744186
2019,2,hamilton,3,1,Finished,25.0,57,hamilton_2019_2,0,finished,classificado,False,0,0,0,0,UNKNOWN,0,0,0,0,0,0,1,0,0,0,0,0,0,0,0,0,0,0,0,0,0,0,0,0,0,0,0,0,0,0,0,0,0,0,0,0,0,0,0,0,0,0,0,0,0,1,0,0,0,0,0,0,0,-0.23942485446852518,0.15000000000000002,0.6511627906976744
2019,2,bottas,4,2,Finished,18.0,57,bottas_2019_2,0,finished,classificado,False,0,0,0,0,UNKNOWN,0,0,0,0,0,0,1,0,0,0,0,0,0,0,0,0,0,0,0,0,0,0,0,0,0,0,0,0,0,0,0,0,0,0,0,0,0,0,0,0,0,0,0,0,0,1,0,0,0,0,0,0,0,-0.23942485446852518,0.2,0.6511627906976744
2019,2,leclerc,1,3,Finished,16.0,57,leclerc_2019_2,0,finished,classificado,False,0,0,0,0,UNKNOWN,0,0,0,0,0,0,1,0,0,0,0,0,0,0,0,0,0,0,0,0,0,0,0,0,0,0,0,0,0,0,0,0,0,0,0,0,0,0,0,0,0,1,0,0,0,0,0,0,0,0,0,0,0,-0.23942485446852518,0.05,0.6511627906976744
2019,2,max_verstappen,5,4,Finished,12.0,57,max_verstappen_2019_2,0,finished,classificado,False,0,0,0,0,UNKNOWN,0,0,0,0,0,0,1,0,0,0,0,0,0,0,0,0,0,0,0,0,0,0,0,0,0,0,0,0,0,0,0,0,0,0,0,0,0,0,0,0,0,0,0,0,0,0,0,0,1,0,0,0,0,-0.23942485446852518,0.25,0.6511627906976744
2019,2,vettel,2,5,Finished,10.0,57,vettel_2019_2,0,finished,classificado,False,0,0,0,0,UNKNOWN,0,0,0,0,0,0,1,0,0,0,0,0,0,0,0,0,0,0,0,0,0,0,0,0,0,0,0,0,0,0,0,0,0,0,0,0,0,0,0,0,0,1,0,0,0,0,0,0,0,0,0,0,0,-0.23942485446852518,0.1,0.6511627906976744
2019,2,norris,9,6,Finished,8.0,57,norris_2019_2,0,finished,classificado,False,0,0,0,0,UNKNOWN,0,0,0,0,0,0,1,0,0,0,0,0,0,0,0,0,0,0,0,0,0,0,0,0,0,0,0,0,0,0,0,0,0,0,0,0,0,0,0,0,0,0,0,0,1,0,0,0,0,0,0,0,0,-0.23942485446852518,0.45,0.6511627906976744
2019,2,raikkonen,8,7,Finished,6.0,57,raikkonen_2019_2,0,finished,classificado,False,0,0,0,0,UNKNOWN,0,0,0,0,0,0,1,0,0,0,0,0,0,0,0,0,0,0,0,0,0,0,0,0,0,0,0,0,0,0,0,0,0,0,0,0,0,1,0,0,0,0,0,0,0,0,0,0,0,0,0,0,0,-0.23942485446852518,0.4,0.6511627906976744
2019,2,gasly,13,8,Finished,4.0,57,gasly_2019_2,0,finished,classificado,False,0,0,0,0,UNKNOWN,0,0,0,0,0,0,1,0,0,0,0,0,0,0,0,0,0,0,0,0,0,0,0,0,0,0,0,0,0,0,0,0,0,0,0,0,0,0,0,0,0,0,0,0,0,0,0,0,1,0,0,0,0,-0.23942485446852518,0.65,0.6511627906976744
2019,2,albon,12,9,Finished,2.0,57,albon_2019_2,0,finished,classificado,False,0,0,0,0,UNKNOWN,0,0,0,0,0,0,1,0,0,0,0,0,0,0,0,0,0,0,0,0,0,0,0,0,0,0,0,0,0,0,0,0,0,0,0,0,0,0,0,0,0,0,0,0,0,0,0,0,0,0,0,1,0,-0.23942485446852518,0.6000000000000001,0.6511627906976744
2019,2,perez,14,10,Finished,1.0,57,perez_2019_2,0,finished,classificado,False,0,0,0,0,UNKNOWN,0,0,0,0,0,0,1,0,0,0,0,0,0,0,0,0,0,0,0,0,0,0,0,0,0,0,0,0,0,0,0,0,0,0,0,0,0,0,0,0,0,0,0,0,0,0,1,0,0,0,0,0,0,-0.23942485446852518,0.7000000000000001,0.6511627906976744
2019,2,giovinazzi,16,11,Finished,0.0,57,giovinazzi_2019_2,0,finished,classificado,False,0,0,0,0,UNKNOWN,0,0,0,0,0,0,1,0,0,0,0,0,0,0,0,0,0,0,0,0,0,0,0,0,0,0,0,0,0,0,0,0,0,0,0,0,0,1,0,0,0,0,0,0,0,0,0,0,0,0,0,0,0,-0.23942485446852518,0.8,0.6511627906976744
2019,2,kvyat,15,12,+1 Lap,0.0,56,kvyat_2019_2,0,+1 lap,classificado,False,0,0,0,0,UNKNOWN,0,0,0,0,0,0,1,0,0,0,0,0,0,0,0,0,0,0,0,0,0,0,0,0,0,0,0,0,0,0,0,0,0,0,0,0,0,0,0,0,0,0,0,0,0,0,0,0,0,0,0,1,0,-0.334546581633417,0.75,0.6395348837209303
2019,2,kevin_magnussen,6,13,+1 Lap,0.0,56,kevin_magnussen_2019_2,0,+1 lap,classificado,False,0,0,0,0,UNKNOWN,0,0,0,0,0,0,1,0,0,0,0,0,0,0,0,0,0,0,0,0,0,0,0,0,0,0,0,0,0,0,0,0,0,0,0,0,0,0,0,0,0,0,0,1,0,0,0,0,0,0,0,0,0,-0.334546581633417,0.30000000000000004,0.6395348837209303
2019,2,stroll,18,14,+1 Lap,0.0,56,stroll_2019_2,0,+1 lap,classificado,False,0,0,0,0,UNKNOWN,0,0,0,0,0,0,1,0,0,0,0,0,0,0,0,0,0,0,0,0,0,0,0,0,0,0,0,0,0,0,0,0,0,0,0,0,0,0,0,0,0,0,0,0,0,0,1,0,0,0,0,0,0,-0.334546581633417,0.9,0.6395348837209303
2019,2,russell,19,15,+1 Lap,0.0,56,russell_2019_2,0,+1 lap,classificado,False,0,0,0,0,UNKNOWN,0,0,0,0,0,0,1,0,0,0,0,0,0,0,0,0,0,0,0,0,0,0,0,0,0,0,0,0,0,0,0,0,0,0,0,0,0,0,0,0,0,0,0,0,0,0,0,0,0,0,0,0,1,-0.334546581633417,0.9500000000000001,0.6395348837209303
2019,2,kubica,20,16,+2 Laps,0.0,55,kubica_2019_2,0,+2 laps,classificado,False,0,0,0,0,UNKNOWN,0,0,0,0,0,0,1,0,0,0,0,0,0,0,0,0,0,0,0,0,0,0,0,0,0,0,0,0,0,0,0,0,0,0,0,0,0,0,0,0,0,0,0,0,0,0,0,0,0,0,0,0,1,-0.4296683087983088,1.0,0.627906976744186
2019,3,hamilton,2,1,Finished,25.0,56,hamilton_2019_3,0,finished,classificado,False,0,0,0,0,UNKNOWN,0,0,0,0,0,0,0,0,0,0,0,1,0,0,0,0,0,0,0,0,0,0,0,0,0,0,0,0,0,0,0,0,0,0,0,0,0,0,0,0,0,0,0,0,0,1,0,0,0,0,0,0,0,-0.334546581633417,0.1,0.6395348837209303
2019,3,bottas,1,2,Finished,18.0,56,bottas_2019_3,0,finished,classificado,False,0,0,0,0,UNKNOWN,0,0,0,0,0,0,0,0,0,0,0,1,0,0,0,0,0,0,0,0,0,0,0,0,0,0,0,0,0,0,0,0,0,0,0,0,0,0,0,0,0,0,0,0,0,1,0,0,0,0,0,0,0,-0.334546581633417,0.05,0.6395348837209303
2019,3,vettel,3,3,Finished,15.0,56,vettel_2019_3,0,finished,classificado,False,0,0,0,0,UNKNOWN,0,0,0,0,0,0,0,0,0,0,0,1,0,0,0,0,0,0,0,0,0,0,0,0,0,0,0,0,0,0,0,0,0,0,0,0,0,0,0,0,0,1,0,0,0,0,0,0,0,0,0,0,0,-0.334546581633417,0.15000000000000002,0.6395348837209303
2019,3,max_verstappen,5,4,Finished,12.0,56,max_verstappen_2019_3,0,finished,classificado,False,0,0,0,0,UNKNOWN,0,0,0,0,0,0,0,0,0,0,0,1,0,0,0,0,0,0,0,0,0,0,0,0,0,0,0,0,0,0,0,0,0,0,0,0,0,0,0,0,0,0,0,0,0,0,0,0,1,0,0,0,0,-0.334546581633417,0.25,0.6395348837209303
2019,3,leclerc,4,5,Finished,10.0,56,leclerc_2019_3,0,finished,classificado,False,0,0,0,0,UNKNOWN,0,0,0,0,0,0,0,0,0,0,0,1,0,0,0,0,0,0,0,0,0,0,0,0,0,0,0,0,0,0,0,0,0,0,0,0,0,0,0,0,0,1,0,0,0,0,0,0,0,0,0,0,0,-0.334546581633417,0.2,0.6395348837209303
2019,3,gasly,6,6,Finished,9.0,56,gasly_2019_3,0,finished,classificado,False,0,0,0,0,UNKNOWN,0,0,0,0,0,0,0,0,0,0,0,1,0,0,0,0,0,0,0,0,0,0,0,0,0,0,0,0,0,0,0,0,0,0,0,0,0,0,0,0,0,0,0,0,0,0,0,0,1,0,0,0,0,-0.334546581633417,0.30000000000000004,0.6395348837209303
2019,3,ricciardo,7,7,+1 Lap,6.0,55,ricciardo_2019_3,0,+1 lap,classificado,False,0,0,0,0,UNKNOWN,0,0,0,0,0,0,0,0,0,0,0,1,0,0,0,0,0,0,0,0,0,0,0,0,0,0,0,0,0,0,0,0,0,0,0,0,0,0,0,0,0,0,0,0,0,0,0,0,0,1,0,0,0,-0.4296683087983088,0.35000000000000003,0.627906976744186
2019,3,perez,12,8,+1 Lap,4.0,55,perez_2019_3,0,+1 lap,classificado,False,0,0,0,0,UNKNOWN,0,0,0,0,0,0,0,0,0,0,0,1,0,0,0,0,0,0,0,0,0,0,0,0,0,0,0,0,0,0,0,0,0,0,0,0,0,0,0,0,0,0,0,0,0,0,1,0,0,0,0,0,0,-0.4296683087983088,0.6000000000000001,0.627906976744186
2019,3,raikkonen,13,9,+1 Lap,2.0,55,raikkonen_2019_3,0,+1 lap,classificado,False,0,0,0,0,UNKNOWN,0,0,0,0,0,0,0,0,0,0,0,1,0,0,0,0,0,0,0,0,0,0,0,0,0,0,0,0,0,0,0,0,0,0,0,0,0,1,0,0,0,0,0,0,0,0,0,0,0,0,0,0,0,-0.4296683087983088,0.65,0.627906976744186
2019,3,albon,0,10,+1 Lap,1.0,55,albon_2019_3,1,+1 lap,classificado,False,0,0,0,0,UNKNOWN,0,0,0,0,0,0,0,0,0,0,0,1,0,0,0,0,0,0,0,0,0,0,0,0,0,0,0,0,0,0,0,0,0,0,0,0,0,0,0,0,0,0,0,0,0,0,0,0,0,0,0,1,0,-0.4296683087983088,0.0,0.627906976744186
2019,3,grosjean,10,11,+1 Lap,0.0,55,grosjean_2019_3,0,+1 lap,classificado,False,0,0,0,0,UNKNOWN,0,0,0,0,0,0,0,0,0,0,0,1,0,0,0,0,0,0,0,0,0,0,0,0,0,0,0,0,0,0,0,0,0,0,0,0,0,0,0,0,0,0,0,1,0,0,0,0,0,0,0,0,0,-0.4296683087983088,0.5,0.627906976744186
2019,3,stroll,16,12,+1 Lap,0.0,55,stroll_2019_3,0,+1 lap,classificado,False,0,0,0,0,UNKNOWN,0,0,0,0,0,0,0,0,0,0,0,1,0,0,0,0,0,0,0,0,0,0,0,0,0,0,0,0,0,0,0,0,0,0,0,0,0,0,0,0,0,0,0,0,0,0,1,0,0,0,0,0,0,-0.4296683087983088,0.8,0.627906976744186
2019,3,kevin_magnussen,9,13,+1 Lap,0.0,55,kevin_magnussen_2019_3,0,+1 lap,classificado,False,0,0,0,0,UNKNOWN,0,0,0,0,0,0,0,0,0,0,0,1,0,0,0,0,0,0,0,0,0,0,0,0,0,0,0,0,0,0,0,0,0,0,0,0,0,0,0,0,0,0,0,1,0,0,0,0,0,0,0,0,0,-0.4296683087983088,0.45,0.627906976744186
2019,3,sainz,14,14,+1 Lap,0.0,55,sainz_2019_3,0,+1 lap,classificado,False,0,0,0,0,UNKNOWN,0,0,0,0,0,0,0,0,0,0,0,1,0,0,0,0,0,0,0,0,0,0,0,0,0,0,0,0,0,0,0,0,0,0,0,0,0,0,0,0,0,0,0,0,1,0,0,0,0,0,0,0,0,-0.4296683087983088,0.7000000000000001,0.627906976744186
2019,3,giovinazzi,19,15,+1 Lap,0.0,55,giovinazzi_2019_3,0,+1 lap,classificado,False,0,0,0,0,UNKNOWN,0,0,0,0,0,0,0,0,0,0,0,1,0,0,0,0,0,0,0,0,0,0,0,0,0,0,0,0,0,0,0,0,0,0,0,0,0,1,0,0,0,0,0,0,0,0,0,0,0,0,0,0,0,-0.4296683087983088,0.9500000000000001,0.627906976744186
2019,3,russell,17,16,+2 Laps,0.0,54,russell_2019_3,0,+2 laps,classificado,False,0,0,0,0,UNKNOWN,0,0,0,0,0,0,0,0,0,0,0,1,0,0,0,0,0,0,0,0,0,0,0,0,0,0,0,0,0,0,0,0,0,0,0,0,0,0,0,0,0,0,0,0,0,0,0,0,0,0,0,0,1,-0.5247900359632006,0.8500000000000001,0.6162790697674418
2019,3,kubica,18,17,+2 Laps,0.0,54,kubica_2019_3,0,+2 laps,classificado,False,0,0,0,0,UNKNOWN,0,0,0,0,0,0,0,0,0,0,0,1,0,0,0,0,0,0,0,0,0,0,0,0,0,0,0,0,0,0,0,0,0,0,0,0,0,0,0,0,0,0,0,0,0,0,0,0,0,0,0,0,1,-0.5247900359632006,0.9,0.6162790697674418
2019,4,bottas,1,1,Finished,25.0,51,bottas_2019_4,0,finished,classificado,False,0,0,0,0,UNKNOWN,0,0,0,0,0,1,0,0,0,0,0,0,0,0,0,0,0,0,0,0,0,0,0,0,0,0,0,0,0,0,0,0,0,0,0,0,0,0,0,0,0,0,0,0,0,1,0,0,0,0,0,0,0,-0.8101552174578761,0.05,0.5813953488372092
2019,4,hamilton,2,2,Finished,18.0,51,hamilton_2019_4,0,finished,classificado,False,0,0,0,0,UNKNOWN,0,0,0,0,0,1,0,0,0,0,0,0,0,0,0,0,0,0,0,0,0,0,0,0,0,0,0,0,0,0,0,0,0,0,0,0,0,0,0,0,0,0,0,0,0,1,0,0,0,0,0,0,0,-0.8101552174578761,0.1,0.5813953488372092
2019,4,vettel,3,3,Finished,15.0,51,vettel_2019_4,0,finished,classificado,False,0,0,0,0,UNKNOWN,0,0,0,0,0,1,0,0,0,0,0,0,0,0,0,0,0,0,0,0,0,0,0,0,0,0,0,0,0,0,0,0,0,0,0,0,0,0,0,0,0,1,0,0,0,0,0,0,0,0,0,0,0,-0.8101552174578761,0.15000000000000002,0.5813953488372092
2019,4,max_verstappen,4,4,Finished,12.0,51,max_verstappen_2019_4,0,finished,classificado,False,0,0,0,0,UNKNOWN,0,0,0,0,0,1,0,0,0,0,0,0,0,0,0,0,0,0,0,0,0,0,0,0,0,0,0,0,0,0,0,0,0,0,0,0,0,0,0,0,0,0,0,0,0,0,0,0,1,0,0,0,0,-0.8101552174578761,0.2,0.5813953488372092
2019,4,leclerc,8,5,Finished,11.0,51,leclerc_2019_4,0,finished,classificado,False,0,0,0,0,UNKNOWN,0,0,0,0,0,1,0,0,0,0,0,0,0,0,0,0,0,0,0,0,0,0,0,0,0,0,0,0,0,0,0,0,0,0,0,0,0,0,0,0,0,1,0,0,0,0,0,0,0,0,0,0,0,-0.8101552174578761,0.4,0.5813953488372092
2019,4,perez,5,6,Finished,8.0,51,perez_2019_4,0,finished,classificado,False,0,0,0,0,UNKNOWN,0,0,0,0,0,1,0,0,0,0,0,0,0,0,0,0,0,0,0,0,0,0,0,0,0,0,0,0,0,0,0,0,0,0,0,0,0,0,0,0,0,0,0,0,0,0,1,0,0,0,0,0,0,-0.8101552174578761,0.25,0.5813953488372092
2019,4,sainz,9,7,Finished,6.0,51,sainz_2019_4,0,finished,classificado,False,0,0,0,0,UNKNOWN,0,0,0,0,0,1,0,0,0,0,0,0,0,0,0,0,0,0,0,0,0,0,0,0,0,0,0,0,0,0,0,0,0,0,0,0,0,0,0,0,0,0,0,0,1,0,0,0,0,0,0,0,0,-0.8101552174578761,0.45,0.5813953488372092
2019,4,norris,7,8,Finished,4.0,51,norris_2019_4,0,finished,classificado,False,0,0,0,0,UNKNOWN,0,0,0,0,0,1,0,0,0,0,0,0,0,0,0,0,0,0,0,0,0,0,0,0,0,0,0,0,0,0,0,0,0,0,0,0,0,0,0,0,0,0,0,0,1,0,0,0,0,0,0,0,0,-0.8101552174578761,0.35000000000000003,0.5813953488372092
2019,4,stroll,13,9,Finished,2.0,51,stroll_2019_4,0,finished,classificado,False,0,0,0,0,UNKNOWN,0,0,0,0,0,1,0,0,0,0,0,0,0,0,0,0,0,0,0,0,0,0,0,0,0,0,0,0,0,0,0,0,0,0,0,0,0,0,0,0,0,0,0,0,0,0,1,0,0,0,0,0,0,-0.8101552174578761,0.65,0.5813953488372092
2019,4,raikkonen,0,10,+1 Lap,1.0,50,raikkonen_2019_4,1,+1 lap,classificado,False,0,0,0,0,UNKNOWN,0,0,0,0,0,1,0,0,0,0,0,0,0,0,0,0,0,0,0,0,0,0,0,0,0,0,0,0,0,0,0,0,0,0,0,0,0,1,0,0,0,0,0,0,0,0,0,0,0,0,0,0,0,-0.9052769446227679,0.0,0.5697674418604651
2019,4,albon,11,11,+1 Lap,0.0,50,albon_2019_4,0,+1 lap,classificado,False,0,0,0,0,UNKNOWN,0,0,0,0,0,1,0,0,0,0,0,0,0,0,0,0,0,0,0,0,0,0,0,0,0,0,0,0,0,0,0,0,0,0,0,0,0,0,0,0,0,0,0,0,0,0,0,0,0,0,0,1,0,-0.9052769446227679,0.55,0.5697674418604651
2019,4,giovinazzi,17,12,+1 Lap,0.0,50,giovinazzi_2019_4,0,+1 lap,classificado,False,0,0,0,0,UNKNOWN,0,0,0,0,0,1,0,0,0,0,0,0,0,0,0,0,0,0,0,0,0,0,0,0,0,0,0,0,0,0,0,0,0,0,0,0,0,1,0,0,0,0,0,0,0,0,0,0,0,0,0,0,0,-0.9052769446227679,0.8500000000000001,0.5697674418604651
2019,4,kevin_magnussen,12,13,+1 Lap,0.0,50,kevin_magnussen_2019_4,0,+1 lap,classificado,False,0,0,0,0,UNKNOWN,0,0,0,0,0,1,0,0,0,0,0,0,0,0,0,0,0,0,0,0,0,0,0,0,0,0,0,0,0,0,0,0,0,0,0,0,0,0,0,0,0,0,0,1,0,0,0,0,0,0,0,0,0,-0.9052769446227679,0.6000000000000001,0.5697674418604651
2019,4,hulkenberg,15,14,+1 Lap,0.0,50,hulkenberg_2019_4,0,+1 lap,classificado,False,0,0,0,0,UNKNOWN,0,0,0,0,0,1,0,0,0,0,0,0,0,0,0,0,0,0,0,0,0,0,0,0,0,0,0,0,0,0,0,0,0,0,0,0,0,0,0,0,0,0,0,0,0,0,0,0,0,1,0,0,0,-0.9052769446227679,0.75,0.5697674418604651
2019,4,russell,16,15,+2 Laps,0.0,49,russell_2019_4,0,+2 laps,classificado,False,0,0,0,0,UNKNOWN,0,0,0,0,0,1,0,0,0,0,0,0,0,0,0,0,0,0,0,0,0,0,0,0,0,0,0,0,0,0,0,0,0,0,0,0,0,0,0,0,0,0,0,0,0,0,0,0,0,0,0,0,1,-1.0003986717876596,0.8,0.5581395348837209
2019,4,kubica,0,16,+2 Laps,0.0,49,kubica_2019_4,1,+2 laps,classificado,False,0,0,0,0,UNKNOWN,0,0,0,0,0,1,0,0,0,0,0,0,0,0,0,0,0,0,0,0,0,0,0,0,0,0,0,0,0,0,0,0,0,0,0,0,0,0,0,0,0,0,0,0,0,0,0,0,0,0,0,0,1,-1.0003986717876596,0.0,0.5581395348837209
2019,5,hamilton,2,1,Finished,26.0,66,hamilton_2019_5,0,finished,classificado,False,0,0,0,0,UNKNOWN,0,0,0,0,0,0,0,0,0,0,0,0,0,0,0,0,0,0,0,0,0,0,0,0,0,0,0,0,0,0,0,1,0,0,0,0,0,0,0,0,0,0,0,0,0,1,0,0,0,0,0,0,0,0.6166706900155011,0.1,0.7558139534883721
2019,5,bottas,1,2,Finished,18.0,66,bottas_2019_5,0,finished,classificado,False,0,0,0,0,UNKNOWN,0,0,0,0,0,0,0,0,0,0,0,0,0,0,0,0,0,0,0,0,0,0,0,0,0,0,0,0,0,0,0,1,0,0,0,0,0,0,0,0,0,0,0,0,0,1,0,0,0,0,0,0,0,0.6166706900155011,0.05,0.7558139534883721
2019,5,max_verstappen,4,3,Finished,15.0,66,max_verstappen_2019_5,0,finished,classificado,False,0,0,0,0,UNKNOWN,0,0,0,0,0,0,0,0,0,0,0,0,0,0,0,0,0,0,0,0,0,0,0,0,0,0,0,0,0,0,0,1,0,0,0,0,0,0,0,0,0,0,0,0,0,0,0,0,1,0,0,0,0,0.6166706900155011,0.2,0.7558139534883721
2019,5,vettel,3,4,Finished,12.0,66,vettel_2019_5,0,finished,classificado,False,0,0,0,0,UNKNOWN,0,0,0,0,0,0,0,0,0,0,0,0,0,0,0,0,0,0,0,0,0,0,0,0,0,0,0,0,0,0,0,1,0,0,0,0,0,0,0,0,0,1,0,0,0,0,0,0,0,0,0,0,0,0.6166706900155011,0.15000000000000002,0.7558139534883721
2019,5,leclerc,5,5,Finished,10.0,66,leclerc_2019_5,0,finished,classificado,False,0,0,0,0,UNKNOWN,0,0,0,0,0,0,0,0,0,0,0,0,0,0,0,0,0,0,0,0,0,0,0,0,0,0,0,0,0,0,0,1,0,0,0,0,0,0,0,0,0,1,0,0,0,0,0,0,0,0,0,0,0,0.6166706900155011,0.25,0.7558139534883721
2019,5,gasly,6,6,Finished,8.0,66,gasly_2019_5,0,finished,classificado,False,0,0,0,0,UNKNOWN,0,0,0,0,0,0,0,0,0,0,0,0,0,0,0,0,0,0,0,0,0,0,0,0,0,0,0,0,0,0,0,1,0,0,0,0,0,0,0,0,0,0,0,0,0,0,0,0,1,0,0,0,0,0.6166706900155011,0.30000000000000004,0.7558139534883721
2019,5,kevin_magnussen,8,7,Finished,6.0,66,kevin_magnussen_2019_5,0,finished,classificado,False,0,0,0,0,UNKNOWN,0,0,0,0,0,0,0,0,0,0,0,0,0,0,0,0,0,0,0,0,0,0,0,0,0,0,0,0,0,0,0,1,0,0,0,0,0,0,0,0,0,0,0,1,0,0,0,0,0,0,0,0,0,0.6166706900155011,0.4,0.7558139534883721
2019,5,sainz,12,8,Finished,4.0,66,sainz_2019_5,0,finished,classificado,False,0,0,0,0,UNKNOWN,0,0,0,0,0,0,0,0,0,0,0,0,0,0,0,0,0,0,0,0,0,0,0,0,0,0,0,0,0,0,0,1,0,0,0,0,0,0,0,0,0,0,0,0,1,0,0,0,0,0,0,0,0,0.6166706900155011,0.6000000000000001,0.7558139534883721
2019,5,kvyat,9,9,Finished,2.0,66,kvyat_2019_5,0,finished,classificado,False,0,0,0,0,UNKNOWN,0,0,0,0,0,0,0,0,0,0,0,0,0,0,0,0,0,0,0,0,0,0,0,0,0,0,0,0,0,0,0,1,0,0,0,0,0,0,0,0,0,0,0,0,0,0,0,0,0,0,0,1,0,0.6166706900155011,0.45,0.7558139534883721
2019,5,grosjean,7,10,Finished,1.0,66,grosjean_2019_5,0,finished,classificado,False,0,0,0,0,UNKNOWN,0,0,0,0,0,0,0,0,0,0,0,0,0,0,0,0,0,0,0,0,0,0,0,0,0,0,0,0,0,0,0,1,0,0,0,0,0,0,0,0,0,0,0,1,0,0,0,0,0,0,0,0,0,0.6166706900155011,0.35000000000000003,0.7558139534883721
2019,5,albon,11,11,Finished,0.0,66,albon_2019_5,0,finished,classificado,False,0,0,0,0,UNKNOWN,0,0,0,0,0,0,0,0,0,0,0,0,0,0,0,0,0,0,0,0,0,0,0,0,0,0,0,0,0,0,0,1,0,0,0,0,0,0,0,0,0,0,0,0,0,0,0,0,0,0,0,1,0,0.6166706900155011,0.55,0.7558139534883721
2019,5,ricciardo,13,12,Finished,0.0,66,ricciardo_2019_5,0,finished,classificado,False,0,0,0,0,UNKNOWN,0,0,0,0,0,0,0,0,0,0,0,0,0,0,0,0,0,0,0,0,0,0,0,0,0,0,0,0,0,0,0,1,0,0,0,0,0,0,0,0,0,0,0,0,0,0,0,0,0,1,0,0,0,0.6166706900155011,0.65,0.7558139534883721
2019,5,hulkenberg,0,13,Finished,0.0,66,hulkenberg_2019_5,1,finished,classificado,False,0,0,0,0,UNKNOWN,0,0,0,0,0,0,0,0,0,0,0,0,0,0,0,0,0,0,0,0,0,0,0,0,0,0,0,0,0,0,0,1,0,0,0,0,0,0,0,0,0,0,0,0,0,0,0,0,0,1,0,0,0,0.6166706900155011,0.0,0.7558139534883721
2019,5,raikkonen,14,14,Finished,0.0,66,raikkonen_2019_5,0,finished,classificado,False,0,0,0,0,UNKNOWN,0,0,0,0,0,0,0,0,0,0,0,0,0,0,0,0,0,0,0,0,0,0,0,0,0,0,0,0,0,0,0,1,0,0,0,0,0,1,0,0,0,0,0,0,0,0,0,0,0,0,0,0,0,0.6166706900155011,0.7000000000000001,0.7558139534883721
2019,5,perez,15,15,Finished,0.0,66,perez_2019_5,0,finished,classificado,False,0,0,0,0,UNKNOWN,0,0,0,0,0,0,0,0,0,0,0,0,0,0,0,0,0,0,0,0,0,0,0,0,0,0,0,0,0,0,0,1,0,0,0,0,0,0,0,0,0,0,0,0,0,0,1,0,0,0,0,0,0,0.6166706900155011,0.75,0.7558139534883721
2019,5,giovinazzi,18,16,Finished,0.0,66,giovinazzi_2019_5,0,finished,classificado,False,0,0,0,0,UNKNOWN,0,0,0,0,0,0,0,0,0,0,0,0,0,0,0,0,0,0,0,0,0,0,0,0,0,0,0,0,0,0,0,1,0,0,0,0,0,1,0,0,0,0,0,0,0,0,0,0,0,0,0,0,0,0.6166706900155011,0.9,0.7558139534883721
2019,5,russell,19,17,+1 Lap,0.0,65,russell_2019_5,0,+1 lap,classificado,False,0,0,0,0,UNKNOWN,0,0,0,0,0,0,0,0,0,0,0,0,0,0,0,0,0,0,0,0,0,0,0,0,0,0,0,0,0,0,0,1,0,0,0,0,0,0,0,0,0,0,0,0,0,0,0,0,0,0,0,0,1,0.5215489628506094,0.9500000000000001,0.7441860465116279
2019,5,kubica,17,18,+1 Lap,0.0,65,kubica_2019_5,0,+1 lap,classificado,False,0,0,0,0,UNKNOWN,0,0,0,0,0,0,0,0,0,0,0,0,0,0,0,0,0,0,0,0,0,0,0,0,0,0,0,0,0,0,0,1,0,0,0,0,0,0,0,0,0,0,0,0,0,0,0,0,0,0,0,0,1,0.5215489628506094,0.8500000000000001,0.7441860465116279
2019,6,hamilton,1,1,Finished,25.0,78,hamilton_2019_6,0,finished,classificado,False,0,0,0,0,UNKNOWN,0,0,0,0,0,0,0,0,0,0,0,0,0,0,0,0,0,0,0,0,0,0,0,0,1,0,0,0,0,0,0,0,0,0,0,0,0,0,0,0,0,0,0,0,0,1,0,0,0,0,0,0,0,1.758131415994203,0.05,0.8953488372093023
2019,6,vettel,4,2,Finished,18.0,78,vettel_2019_6,0,finished,classificado,False,0,0,0,0,UNKNOWN,0,0,0,0,0,0,0,0,0,0,0,0,0,0,0,0,0,0,0,0,0,0,0,0,1,0,0,0,0,0,0,0,0,0,0,0,0,0,0,0,0,1,0,0,0,0,0,0,0,0,0,0,0,1.758131415994203,0.2,0.8953488372093023
2019,6,bottas,2,3,Finished,15.0,78,bottas_2019_6,0,finished,classificado,False,0,0,0,0,UNKNOWN,0,0,0,0,0,0,0,0,0,0,0,0,0,0,0,0,0,0,0,0,0,0,0,0,1,0,0,0,0,0,0,0,0,0,0,0,0,0,0,0,0,0,0,0,0,1,0,0,0,0,0,0,0,1.758131415994203,0.1,0.8953488372093023
2019,6,max_verstappen,3,4,Finished,12.0,78,max_verstappen_2019_6,0,finished,classificado,False,0,0,0,0,UNKNOWN,0,0,0,0,0,0,0,0,0,0,0,0,0,0,0,0,0,0,0,0,0,0,0,0,1,0,0,0,0,0,0,0,0,0,0,0,0,0,0,0,0,0,0,0,0,0,0,0,1,0,0,0,0,1.758131415994203,0.15000000000000002,0.8953488372093023
2019,6,gasly,8,5,Finished,11.0,78,gasly_2019_6,0,finished,classificado,False,0,0,0,0,UNKNOWN,0,0,0,0,0,0,0,0,0,0,0,0,0,0,0,0,0,0,0,0,0,0,0,0,1,0,0,0,0,0,0,0,0,0,0,0,0,0,0,0,0,0,0,0,0,0,0,0,1,0,0,0,0,1.758131415994203,0.4,0.8953488372093023
2019,6,sainz,9,6,Finished,8.0,78,sainz_2019_6,0,finished,classificado,False,0,0,0,0,UNKNOWN,0,0,0,0,0,0,0,0,0,0,0,0,0,0,0,0,0,0,0,0,0,0,0,0,1,0,0,0,0,0,0,0,0,0,0,0,0,0,0,0,0,0,0,0,1,0,0,0,0,0,0,0,0,1.758131415994203,0.45,0.8953488372093023
2019,6,kvyat,7,7,Finished,6.0,78,kvyat_2019_6,0,finished,classificado,False,0,0,0,0,UNKNOWN,0,0,0,0,0,0,0,0,0,0,0,0,0,0,0,0,0,0,0,0,0,0,0,0,1,0,0,0,0,0,0,0,0,0,0,0,0,0,0,0,0,0,0,0,0,0,0,0,0,0,0,1,0,1.758131415994203,0.35000000000000003,0.8953488372093023
2019,6,albon,10,8,Finished,4.0,78,albon_2019_6,0,finished,classificado,False,0,0,0,0,UNKNOWN,0,0,0,0,0,0,0,0,0,0,0,0,0,0,0,0,0,0,0,0,0,0,0,0,1,0,0,0,0,0,0,0,0,0,0,0,0,0,0,0,0,0,0,0,0,0,0,0,0,0,0,1,0,1.758131415994203,0.5,0.8953488372093023
2019,6,ricciardo,6,9,Finished,2.0,78,ricciardo_2019_6,0,finished,classificado,False,0,0,0,0,UNKNOWN,0,0,0,0,0,0,0,0,0,0,0,0,0,0,0,0,0,0,0,0,0,0,0,0,1,0,0,0,0,0,0,0,0,0,0,0,0,0,0,0,0,0,0,0,0,0,0,0,0,1,0,0,0,1.758131415994203,0.30000000000000004,0.8953488372093023
2019,6,grosjean,13,10,Finished,1.0,78,grosjean_2019_6,0,finished,classificado,False,0,0,0,0,UNKNOWN,0,0,0,0,0,0,0,0,0,0,0,0,0,0,0,0,0,0,0,0,0,0,0,0,1,0,0,0,0,0,0,0,0,0,0,0,0,0,0,0,0,0,0,1,0,0,0,0,0,0,0,0,0,1.758131415994203,0.65,0.8953488372093023
2019,6,norris,12,11,Finished,0.0,78,norris_2019_6,0,finished,classificado,False,0,0,0,0,UNKNOWN,0,0,0,0,0,0,0,0,0,0,0,0,0,0,0,0,0,0,0,0,0,0,0,0,1,0,0,0,0,0,0,0,0,0,0,0,0,0,0,0,0,0,0,0,1,0,0,0,0,0,0,0,0,1.758131415994203,0.6000000000000001,0.8953488372093023
2019,6,perez,16,12,+1 Lap,0.0,77,perez_2019_6,0,+1 lap,classificado,False,0,0,0,0,UNKNOWN,0,0,0,0,0,0,0,0,0,0,0,0,0,0,0,0,0,0,0,0,0,0,0,0,1,0,0,0,0,0,0,0,0,0,0,0,0,0,0,0,0,0,0,0,0,0,1,0,0,0,0,0,0,1.663009688829311,0.8,0.8837209302325582
2019,6,hulkenberg,11,13,+1 Lap,0.0,77,hulkenberg_2019_6,0,+1 lap,classificado,False,0,0,0,0,UNKNOWN,0,0,0,0,0,0,0,0,0,0,0,0,0,0,0,0,0,0,0,0,0,0,0,0,1,0,0,0,0,0,0,0,0,0,0,0,0,0,0,0,0,0,0,0,0,0,0,0,0,1,0,0,0,1.663009688829311,0.55,0.8837209302325582
2019,6,kevin_magnussen,5,14,+1 Lap,0.0,77,kevin_magnussen_2019_6,0,+1 lap,classificado,False,0,0,0,0,UNKNOWN,0,0,0,0,0,0,0,0,0,0,0,0,0,0,0,0,0,0,0,0,0,0,0,0,1,0,0,0,0,0,0,0,0,0,0,0,0,0,0,0,0,0,0,1,0,0,0,0,0,0,0,0,0,1.663009688829311,0.25,0.8837209302325582
2019,6,russell,19,15,+1 Lap,0.0,77,russell_2019_6,0,+1 lap,classificado,False,0,0,0,0,UNKNOWN,0,0,0,0,0,0,0,0,0,0,0,0,0,0,0,0,0,0,0,0,0,0,0,0,1,0,0,0,0,0,0,0,0,0,0,0,0,0,0,0,0,0,0,0,0,0,0,0,0,0,0,0,1,1.663009688829311,0.9500000000000001,0.8837209302325582
2019,6,stroll,17,16,+1 Lap,0.0,77,stroll_2019_6,0,+1 lap,classificado,False,0,0,0,0,UNKNOWN,0,0,0,0,0,0,0,0,0,0,0,0,0,0,0,0,0,0,0,0,0,0,0,0,1,0,0,0,0,0,0,0,0,0,0,0,0,0,0,0,0,0,0,0,0,0,1,0,0,0,0,0,0,1.663009688829311,0.8500000000000001,0.8837209302325582
2019,6,raikkonen,14,17,+1 Lap,0.0,77,raikkonen_2019_6,0,+1 lap,classificado,False,0,0,0,0,UNKNOWN,0,0,0,0,0,0,0,0,0,0,0,0,0,0,0,0,0,0,0,0,0,0,0,0,1,0,0,0,0,0,0,0,0,0,0,0,0,1,0,0,0,0,0,0,0,0,0,0,0,0,0,0,0,1.663009688829311,0.7000000000000001,0.8837209302325582
2019,6,kubica,20,18,+1 Lap,0.0,77,kubica_2019_6,0,+1 lap,classificado,False,0,0,0,0,UNKNOWN,0,0,0,0,0,0,0,0,0,0,0,0,0,0,0,0,0,0,0,0,0,0,0,0,1,0,0,0,0,0,0,0,0,0,0,0,0,0,0,0,0,0,0,0,0,0,0,0,0,0,0,0,1,1.663009688829311,1.0,0.8837209302325582
2019,6,giovinazzi,18,19,+2 Laps,0.0,76,giovinazzi_2019_6,0,+2 laps,classificado,False,0,0,0,0,UNKNOWN,0,0,0,0,0,0,0,0,0,0,0,0,0,0,0,0,0,0,0,0,0,0,0,0,1,0,0,0,0,0,0,0,0,0,0,0,0,1,0,0,0,0,0,0,0,0,0,0,0,0,0,0,0,1.5678879616644192,0.9,0.872093023255814
2019,7,hamilton,2,1,Finished,25.0,70,hamilton_2019_7,0,finished,classificado,False,0,0,0,0,UNKNOWN,0,0,0,0,0,0,0,0,0,0,1,0,0,0,0,0,0,0,0,0,0,0,0,0,0,0,0,0,0,0,0,0,0,0,0,0,0,0,0,0,0,0,0,0,0,1,0,0,0,0,0,0,0,0.9971575986750684,0.1,0.8023255813953488
2019,7,vettel,1,2,Finished,18.0,70,vettel_2019_7,0,finished,classificado,False,0,0,0,0,UNKNOWN,0,0,0,0,0,0,0,0,0,0,1,0,0,0,0,0,0,0,0,0,0,0,0,0,0,0,0,0,0,0,0,0,0,0,0,0,0,0,0,0,0,1,0,0,0,0,0,0,0,0,0,0,0,0.9971575986750684,0.05,0.8023255813953488
2019,7,leclerc,3,3,Finished,15.0,70,leclerc_2019_7,0,finished,classificado,False,0,0,0,0,UNKNOWN,0,0,0,0,0,0,0,0,0,0,1,0,0,0,0,0,0,0,0,0,0,0,0,0,0,0,0,0,0,0,0,0,0,0,0,0,0,0,0,0,0,1,0,0,0,0,0,0,0,0,0,0,0,0.9971575986750684,0.15000000000000002,0.8023255813953488
2019,7,bottas,6,4,Finished,13.0,70,bottas_2019_7,0,finished,classificado,False,0,0,0,0,UNKNOWN,0,0,0,0,0,0,0,0,0,0,1,0,0,0,0,0,0,0,0,0,0,0,0,0,0,0,0,0,0,0,0,0,0,0,0,0,0,0,0,0,0,0,0,0,0,1,0,0,0,0,0,0,0,0.9971575986750684,0.30000000000000004,0.8023255813953488
2019,7,max_verstappen,9,5,Finished,10.0,70,max_verstappen_2019_7,0,finished,classificado,False,0,0,0,0,UNKNOWN,0,0,0,0,0,0,0,0,0,0,1,0,0,0,0,0,0,0,0,0,0,0,0,0,0,0,0,0,0,0,0,0,0,0,0,0,0,0,0,0,0,0,0,0,0,0,0,0,1,0,0,0,0,0.9971575986750684,0.45,0.8023255813953488
2019,7,ricciardo,4,6,+1 Lap,8.0,69,ricciardo_2019_7,0,+1 lap,classificado,False,0,0,0,0,UNKNOWN,0,0,0,0,0,0,0,0,0,0,1,0,0,0,0,0,0,0,0,0,0,0,0,0,0,0,0,0,0,0,0,0,0,0,0,0,0,0,0,0,0,0,0,0,0,0,0,0,0,1,0,0,0,0.9020358715101766,0.2,0.7906976744186046
2019,7,hulkenberg,7,7,+1 Lap,6.0,69,hulkenberg_2019_7,0,+1 lap,classificado,False,0,0,0,0,UNKNOWN,0,0,0,0,0,0,0,0,0,0,1,0,0,0,0,0,0,0,0,0,0,0,0,0,0,0,0,0,0,0,0,0,0,0,0,0,0,0,0,0,0,0,0,0,0,0,0,0,0,1,0,0,0,0.9020358715101766,0.35000000000000003,0.7906976744186046
2019,7,gasly,5,8,+1 Lap,4.0,69,gasly_2019_7,0,+1 lap,classificado,False,0,0,0,0,UNKNOWN,0,0,0,0,0,0,0,0,0,0,1,0,0,0,0,0,0,0,0,0,0,0,0,0,0,0,0,0,0,0,0,0,0,0,0,0,0,0,0,0,0,0,0,0,0,0,0,0,1,0,0,0,0,0.9020358715101766,0.25,0.7906976744186046
2019,7,stroll,17,9,+1 Lap,2.0,69,stroll_2019_7,0,+1 lap,classificado,False,0,0,0,0,UNKNOWN,0,0,0,0,0,0,0,0,0,0,1,0,0,0,0,0,0,0,0,0,0,0,0,0,0,0,0,0,0,0,0,0,0,0,0,0,0,0,0,0,0,0,0,0,0,0,1,0,0,0,0,0,0,0.9020358715101766,0.8500000000000001,0.7906976744186046
2019,7,kvyat,10,10,+1 Lap,1.0,69,kvyat_2019_7,0,+1 lap,classificado,False,0,0,0,0,UNKNOWN,0,0,0,0,0,0,0,0,0,0,1,0,0,0,0,0,0,0,0,0,0,0,0,0,0,0,0,0,0,0,0,0,0,0,0,0,0,0,0,0,0,0,0,0,0,0,0,0,0,0,0,1,0,0.9020358715101766,0.5,0.7906976744186046
2019,7,sainz,11,11,+1 Lap,0.0,69,sainz_2019_7,0,+1 lap,classificado,False,0,0,0,0,UNKNOWN,0,0,0,0,0,0,0,0,0,0,1,0,0,0,0,0,0,0,0,0,0,0,0,0,0,0,0,0,0,0,0,0,0,0,0,0,0,0,0,0,0,0,0,0,1,0,0,0,0,0,0,0,0,0.9020358715101766,0.55,0.7906976744186046
2019,7,perez,15,12,+1 Lap,0.0,69,perez_2019_7,0,+1 lap,classificado,False,0,0,0,0,UNKNOWN,0,0,0,0,0,0,0,0,0,0,1,0,0,0,0,0,0,0,0,0,0,0,0,0,0,0,0,0,0,0,0,0,0,0,0,0,0,0,0,0,0,0,0,0,0,0,1,0,0,0,0,0,0,0.9020358715101766,0.75,0.7906976744186046
2019,7,giovinazzi,12,13,+1 Lap,0.0,69,giovinazzi_2019_7,0,+1 lap,classificado,False,0,0,0,0,UNKNOWN,0,0,0,0,0,0,0,0,0,0,1,0,0,0,0,0,0,0,0,0,0,0,0,0,0,0,0,0,0,0,0,0,0,0,0,0,0,1,0,0,0,0,0,0,0,0,0,0,0,0,0,0,0,0.9020358715101766,0.6000000000000001,0.7906976744186046
2019,7,grosjean,14,14,+1 Lap,0.0,69,grosjean_2019_7,0,+1 lap,classificado,False,0,0,0,0,UNKNOWN,0,0,0,0,0,0,0,0,0,0,1,0,0,0,0,0,0,0,0,0,0,0,0,0,0,0,0,0,0,0,0,0,0,0,0,0,0,0,0,0,0,0,0,1,0,0,0,0,0,0,0,0,0,0.9020358715101766,0.7000000000000001,0.7906976744186046
2019,7,raikkonen,16,15,+1 Lap,0.0,69,raikkonen_2019_7,0,+1 lap,classificado,False,0,0,0,0,UNKNOWN,0,0,0,0,0,0,0,0,0,0,1,0,0,0,0,0,0,0,0,0,0,0,0,0,0,0,0,0,0,0,0,0,0,0,0,0,0,1,0,0,0,0,0,0,0,0,0,0,0,0,0,0,0,0.9020358715101766,0.8,0.7906976744186046
2019,7,russell,18,16,+2 Laps,0.0,68,russell_2019_7,0,+2 laps,classificado,False,0,0,0,0,UNKNOWN,0,0,0,0,0,0,0,0,0,0,1,0,0,0,0,0,0,0,0,0,0,0,0,0,0,0,0,0,0,0,0,0,0,0,0,0,0,0,0,0,0,0,0,0,0,0,0,0,0,0,0,0,1,0.8069141443452847,0.9,0.7790697674418604
2019,7,kevin_magnussen,0,17,+2 Laps,0.0,68,kevin_magnussen_2019_7,1,+2 laps,classificado,False,0,0,0,0,UNKNOWN,0,0,0,0,0,0,0,0,0,0,1,0,0,0,0,0,0,0,0,0,0,0,0,0,0,0,0,0,0,0,0,0,0,0,0,0,0,0,0,0,0,0,0,1,0,0,0,0,0,0,0,0,0,0.8069141443452847,0.0,0.7790697674418604
2019,7,kubica,19,18,+3 Laps,0.0,67,kubica_2019_7,0,+3 laps,classificado,False,0,0,0,0,UNKNOWN,0,0,0,0,0,0,0,0,0,0,1,0,0,0,0,0,0,0,0,0,0,0,0,0,0,0,0,0,0,0,0,0,0,0,0,0,0,0,0,0,0,0,0,0,0,0,0,0,0,0,0,0,1,0.711792417180393,0.9500000000000001,0.7674418604651162
2019,8,hamilton,1,1,Finished,25.0,53,hamilton_2019_8,0,finished,classificado,False,0,0,0,0,UNKNOWN,0,0,0,0,0,0,0,0,0,0,0,0,0,0,0,1,0,0,0,0,0,0,0,0,0,0,0,0,0,0,0,0,0,0,0,0,0,0,0,0,0,0,0,0,0,1,0,0,0,0,0,0,0,-0.6199117631280925,0.05,0.6046511627906976
2019,8,bottas,2,2,Finished,18.0,53,bottas_2019_8,0,finished,classificado,False,0,0,0,0,UNKNOWN,0,0,0,0,0,0,0,0,0,0,0,0,0,0,0,1,0,0,0,0,0,0,0,0,0,0,0,0,0,0,0,0,0,0,0,0,0,0,0,0,0,0,0,0,0,1,0,0,0,0,0,0,0,-0.6199117631280925,0.1,0.6046511627906976
2019,8,leclerc,3,3,Finished,15.0,53,leclerc_2019_8,0,finished,classificado,False,0,0,0,0,UNKNOWN,0,0,0,0,0,0,0,0,0,0,0,0,0,0,0,1,0,0,0,0,0,0,0,0,0,0,0,0,0,0,0,0,0,0,0,0,0,0,0,0,0,1,0,0,0,0,0,0,0,0,0,0,0,-0.6199117631280925,0.15000000000000002,0.6046511627906976
2019,8,max_verstappen,4,4,Finished,12.0,53,max_verstappen_2019_8,0,finished,classificado,False,0,0,0,0,UNKNOWN,0,0,0,0,0,0,0,0,0,0,0,0,0,0,0,1,0,0,0,0,0,0,0,0,0,0,0,0,0,0,0,0,0,0,0,0,0,0,0,0,0,0,0,0,0,0,0,0,1,0,0,0,0,-0.6199117631280925,0.2,0.6046511627906976
2019,8,vettel,7,5,Finished,11.0,53,vettel_2019_8,0,finished,classificado,False,0,0,0,0,UNKNOWN,0,0,0,0,0,0,0,0,0,0,0,0,0,0,0,1,0,0,0,0,0,0,0,0,0,0,0,0,0,0,0,0,0,0,0,0,0,0,0,0,0,1,0,0,0,0,0,0,0,0,0,0,0,-0.6199117631280925,0.35000000000000003,0.6046511627906976
2019,8,sainz,6,6,Finished,8.0,53,sainz_2019_8,0,finished,classificado,False,0,0,0,0,UNKNOWN,0,0,0,0,0,0,0,0,0,0,0,0,0,0,0,1,0,0,0,0,0,0,0,0,0,0,0,0,0,0,0,0,0,0,0,0,0,0,0,0,0,0,0,0,1,0,0,0,0,0,0,0,0,-0.6199117631280925,0.30000000000000004,0.6046511627906976
2019,8,raikkonen,12,7,+1 Lap,6.0,52,raikkonen_2019_8,0,+1 lap,classificado,False,0,0,0,0,UNKNOWN,0,0,0,0,0,0,0,0,0,0,0,0,0,0,0,1,0,0,0,0,0,0,0,0,0,0,0,0,0,0,0,0,0,0,0,0,0,1,0,0,0,0,0,0,0,0,0,0,0,0,0,0,0,-0.7150334902929842,0.6000000000000001,0.5930232558139534
2019,8,hulkenberg,13,8,+1 Lap,4.0,52,hulkenberg_2019_8,0,+1 lap,classificado,False,0,0,0,0,UNKNOWN,0,0,0,0,0,0,0,0,0,0,0,0,0,0,0,1,0,0,0,0,0,0,0,0,0,0,0,0,0,0,0,0,0,0,0,0,0,0,0,0,0,0,0,0,0,0,0,0,0,1,0,0,0,-0.7150334902929842,0.65,0.5930232558139534
2019,8,norris,5,9,+1 Lap,2.0,52,norris_2019_8,0,+1 lap,classificado,False,0,0,0,0,UNKNOWN,0,0,0,0,0,0,0,0,0,0,0,0,0,0,0,1,0,0,0,0,0,0,0,0,0,0,0,0,0,0,0,0,0,0,0,0,0,0,0,0,0,0,0,0,1,0,0,0,0,0,0,0,0,-0.7150334902929842,0.25,0.5930232558139534
2019,8,gasly,9,10,+1 Lap,1.0,52,gasly_2019_8,0,+1 lap,classificado,False,0,0,0,0,UNKNOWN,0,0,0,0,0,0,0,0,0,0,0,0,0,0,0,1,0,0,0,0,0,0,0,0,0,0,0,0,0,0,0,0,0,0,0,0,0,0,0,0,0,0,0,0,0,0,0,0,1,0,0,0,0,-0.7150334902929842,0.45,0.5930232558139534
2019,8,ricciardo,8,11,+1 Lap,0.0,52,ricciardo_2019_8,0,+1 lap,classificado,False,0,0,0,0,UNKNOWN,0,0,0,0,0,0,0,0,0,0,0,0,0,0,0,1,0,0,0,0,0,0,0,0,0,0,0,0,0,0,0,0,0,0,0,0,0,0,0,0,0,0,0,0,0,0,0,0,0,1,0,0,0,-0.7150334902929842,0.4,0.5930232558139534
2019,8,perez,14,12,+1 Lap,0.0,52,perez_2019_8,0,+1 lap,classificado,False,0,0,0,0,UNKNOWN,0,0,0,0,0,0,0,0,0,0,0,0,0,0,0,1,0,0,0,0,0,0,0,0,0,0,0,0,0,0,0,0,0,0,0,0,0,0,0,0,0,0,0,0,0,0,1,0,0,0,0,0,0,-0.7150334902929842,0.7000000000000001,0.5930232558139534
2019,8,stroll,17,13,+1 Lap,0.0,52,stroll_2019_8,0,+1 lap,classificado,False,0,0,0,0,UNKNOWN,0,0,0,0,0,0,0,0,0,0,0,0,0,0,0,1,0,0,0,0,0,0,0,0,0,0,0,0,0,0,0,0,0,0,0,0,0,0,0,0,0,0,0,0,0,0,1,0,0,0,0,0,0,-0.7150334902929842,0.8500000000000001,0.5930232558139534
2019,8,kvyat,19,14,+1 Lap,0.0,52,kvyat_2019_8,0,+1 lap,classificado,False,0,0,0,0,UNKNOWN,0,0,0,0,0,0,0,0,0,0,0,0,0,0,0,1,0,0,0,0,0,0,0,0,0,0,0,0,0,0,0,0,0,0,0,0,0,0,0,0,0,0,0,0,0,0,0,0,0,0,0,1,0,-0.7150334902929842,0.9500000000000001,0.5930232558139534
2019,8,albon,11,15,+1 Lap,0.0,52,albon_2019_8,0,+1 lap,classificado,False,0,0,0,0,UNKNOWN,0,0,0,0,0,0,0,0,0,0,0,0,0,0,0,1,0,0,0,0,0,0,0,0,0,0,0,0,0,0,0,0,0,0,0,0,0,0,0,0,0,0,0,0,0,0,0,0,0,0,0,1,0,-0.7150334902929842,0.55,0.5930232558139534
2019,8,giovinazzi,10,16,+1 Lap,0.0,52,giovinazzi_2019_8,0,+1 lap,classificado,False,0,0,0,0,UNKNOWN,0,0,0,0,0,0,0,0,0,0,0,0,0,0,0,1,0,0,0,0,0,0,0,0,0,0,0,0,0,0,0,0,0,0,0,0,0,1,0,0,0,0,0,0,0,0,0,0,0,0,0,0,0,-0.7150334902929842,0.5,0.5930232558139534
2019,8,kevin_magnussen,15,17,+1 Lap,0.0,52,kevin_magnussen_2019_8,0,+1 lap,classificado,False,0,0,0,0,UNKNOWN,0,0,0,0,0,0,0,0,0,0,0,0,0,0,0,1,0,0,0,0,0,0,0,0,0,0,0,0,0,0,0,0,0,0,0,0,0,0,0,0,0,0,0,1,0,0,0,0,0,0,0,0,0,-0.7150334902929842,0.75,0.5930232558139534
2019,8,kubica,18,18,+2 Laps,0.0,51,kubica_2019_8,0,+2 laps,classificado,False,0,0,0,0,UNKNOWN,0,0,0,0,0,0,0,0,0,0,0,0,0,0,0,1,0,0,0,0,0,0,0,0,0,0,0,0,0,0,0,0,0,0,0,0,0,0,0,0,0,0,0,0,0,0,0,0,0,0,0,0,1,-0.8101552174578761,0.9,0.5813953488372092
2019,8,russell,20,19,+2 Laps,0.0,51,russell_2019_8,0,+2 laps,classificado,False,0,0,0,0,UNKNOWN,0,0,0,0,0,0,0,0,0,0,0,0,0,0,0,1,0,0,0,0,0,0,0,0,0,0,0,0,0,0,0,0,0,0,0,0,0,0,0,0,0,0,0,0,0,0,0,0,0,0,0,0,1,-0.8101552174578761,1.0,0.5813953488372092
2019,9,max_verstappen,2,1,Finished,26.0,71,max_verstappen_2019_9,0,finished,classificado,False,0,0,0,0,UNKNOWN,0,0,0,0,1,0,0,0,0,0,0,0,0,0,0,0,0,0,0,0,0,0,0,0,0,0,0,0,0,0,0,0,0,0,0,0,0,0,0,0,0,0,0,0,0,0,0,0,1,0,0,0,0,1.0922793258399601,0.1,0.813953488372093
2019,9,leclerc,1,2,Finished,18.0,71,leclerc_2019_9,0,finished,classificado,False,0,0,0,0,UNKNOWN,0,0,0,0,1,0,0,0,0,0,0,0,0,0,0,0,0,0,0,0,0,0,0,0,0,0,0,0,0,0,0,0,0,0,0,0,0,0,0,0,0,1,0,0,0,0,0,0,0,0,0,0,0,1.0922793258399601,0.05,0.813953488372093
2019,9,bottas,3,3,Finished,15.0,71,bottas_2019_9,0,finished,classificado,False,0,0,0,0,UNKNOWN,0,0,0,0,1,0,0,0,0,0,0,0,0,0,0,0,0,0,0,0,0,0,0,0,0,0,0,0,0,0,0,0,0,0,0,0,0,0,0,0,0,0,0,0,0,1,0,0,0,0,0,0,0,1.0922793258399601,0.15000000000000002,0.813953488372093
2019,9,vettel,9,4,Finished,12.0,71,vettel_2019_9,0,finished,classificado,False,0,0,0,0,UNKNOWN,0,0,0,0,1,0,0,0,0,0,0,0,0,0,0,0,0,0,0,0,0,0,0,0,0,0,0,0,0,0,0,0,0,0,0,0,0,0,0,0,0,1,0,0,0,0,0,0,0,0,0,0,0,1.0922793258399601,0.45,0.813953488372093
2019,9,hamilton,4,5,Finished,10.0,71,hamilton_2019_9,0,finished,classificado,False,0,0,0,0,UNKNOWN,0,0,0,0,1,0,0,0,0,0,0,0,0,0,0,0,0,0,0,0,0,0,0,0,0,0,0,0,0,0,0,0,0,0,0,0,0,0,0,0,0,0,0,0,0,1,0,0,0,0,0,0,0,1.0922793258399601,0.2,0.813953488372093
2019,9,norris,5,6,+1 Lap,8.0,70,norris_2019_9,0,+1 lap,classificado,False,0,0,0,0,UNKNOWN,0,0,0,0,1,0,0,0,0,0,0,0,0,0,0,0,0,0,0,0,0,0,0,0,0,0,0,0,0,0,0,0,0,0,0,0,0,0,0,0,0,0,0,0,1,0,0,0,0,0,0,0,0,0.9971575986750684,0.25,0.8023255813953488
2019,9,gasly,8,7,+1 Lap,6.0,70,gasly_2019_9,0,+1 lap,classificado,False,0,0,0,0,UNKNOWN,0,0,0,0,1,0,0,0,0,0,0,0,0,0,0,0,0,0,0,0,0,0,0,0,0,0,0,0,0,0,0,0,0,0,0,0,0,0,0,0,0,0,0,0,0,0,0,0,1,0,0,0,0,0.9971575986750684,0.4,0.8023255813953488
2019,9,sainz,19,8,+1 Lap,4.0,70,sainz_2019_9,0,+1 lap,classificado,False,0,0,0,0,UNKNOWN,0,0,0,0,1,0,0,0,0,0,0,0,0,0,0,0,0,0,0,0,0,0,0,0,0,0,0,0,0,0,0,0,0,0,0,0,0,0,0,0,0,0,0,0,1,0,0,0,0,0,0,0,0,0.9971575986750684,0.9500000000000001,0.8023255813953488
2019,9,raikkonen,6,9,+1 Lap,2.0,70,raikkonen_2019_9,0,+1 lap,classificado,False,0,0,0,0,UNKNOWN,0,0,0,0,1,0,0,0,0,0,0,0,0,0,0,0,0,0,0,0,0,0,0,0,0,0,0,0,0,0,0,0,0,0,0,0,0,1,0,0,0,0,0,0,0,0,0,0,0,0,0,0,0,0.9971575986750684,0.30000000000000004,0.8023255813953488
2019,9,giovinazzi,7,10,+1 Lap,1.0,70,giovinazzi_2019_9,0,+1 lap,classificado,False,0,0,0,0,UNKNOWN,0,0,0,0,1,0,0,0,0,0,0,0,0,0,0,0,0,0,0,0,0,0,0,0,0,0,0,0,0,0,0,0,0,0,0,0,0,1,0,0,0,0,0,0,0,0,0,0,0,0,0,0,0,0.9971575986750684,0.35000000000000003,0.8023255813953488
2019,9,perez,13,11,+1 Lap,0.0,70,perez_2019_9,0,+1 lap,classificado,False,0,0,0,0,UNKNOWN,0,0,0,0,1,0,0,0,0,0,0,0,0,0,0,0,0,0,0,0,0,0,0,0,0,0,0,0,0,0,0,0,0,0,0,0,0,0,0,0,0,0,0,0,0,0,1,0,0,0,0,0,0,0.9971575986750684,0.65,0.8023255813953488
2019,9,ricciardo,12,12,+1 Lap,0.0,70,ricciardo_2019_9,0,+1 lap,classificado,False,0,0,0,0,UNKNOWN,0,0,0,0,1,0,0,0,0,0,0,0,0,0,0,0,0,0,0,0,0,0,0,0,0,0,0,0,0,0,0,0,0,0,0,0,0,0,0,0,0,0,0,0,0,0,0,0,0,1,0,0,0,0.9971575986750684,0.6000000000000001,0.8023255813953488
2019,9,hulkenberg,15,13,+1 Lap,0.0,70,hulkenberg_2019_9,0,+1 lap,classificado,False,0,0,0,0,UNKNOWN,0,0,0,0,1,0,0,0,0,0,0,0,0,0,0,0,0,0,0,0,0,0,0,0,0,0,0,0,0,0,0,0,0,0,0,0,0,0,0,0,0,0,0,0,0,0,0,0,0,1,0,0,0,0.9971575986750684,0.75,0.8023255813953488
2019,9,stroll,14,14,+1 Lap,0.0,70,stroll_2019_9,0,+1 lap,classificado,False,0,0,0,0,UNKNOWN,0,0,0,0,1,0,0,0,0,0,0,0,0,0,0,0,0,0,0,0,0,0,0,0,0,0,0,0,0,0,0,0,0,0,0,0,0,0,0,0,0,0,0,0,0,0,1,0,0,0,0,0,0,0.9971575986750684,0.7000000000000001,0.8023255813953488
2019,9,albon,18,15,+1 Lap,0.0,70,albon_2019_9,0,+1 lap,classificado,False,0,0,0,0,UNKNOWN,0,0,0,0,1,0,0,0,0,0,0,0,0,0,0,0,0,0,0,0,0,0,0,0,0,0,0,0,0,0,0,0,0,0,0,0,0,0,0,0,0,0,0,0,0,0,0,0,0,0,0,1,0,0.9971575986750684,0.9,0.8023255813953488
2019,9,grosjean,11,16,+1 Lap,0.0,70,grosjean_2019_9,0,+1 lap,classificado,False,0,0,0,0,UNKNOWN,0,0,0,0,1,0,0,0,0,0,0,0,0,0,0,0,0,0,0,0,0,0,0,0,0,0,0,0,0,0,0,0,0,0,0,0,0,0,0,0,0,0,0,1,0,0,0,0,0,0,0,0,0,0.9971575986750684,0.55,0.8023255813953488
2019,9,kvyat,16,17,+1 Lap,0.0,70,kvyat_2019_9,0,+1 lap,classificado,False,0,0,0,0,UNKNOWN,0,0,0,0,1,0,0,0,0,0,0,0,0,0,0,0,0,0,0,0,0,0,0,0,0,0,0,0,0,0,0,0,0,0,0,0,0,0,0,0,0,0,0,0,0,0,0,0,0,0,0,1,0,0.9971575986750684,0.8,0.8023255813953488
2019,9,russell,0,18,+2 Laps,0.0,69,russell_2019_9,1,+2 laps,classificado,False,0,0,0,0,UNKNOWN,0,0,0,0,1,0,0,0,0,0,0,0,0,0,0,0,0,0,0,0,0,0,0,0,0,0,0,0,0,0,0,0,0,0,0,0,0,0,0,0,0,0,0,0,0,0,0,0,0,0,0,0,1,0.9020358715101766,0.0,0.7906976744186046
2019,9,kevin_magnussen,10,19,+2 Laps,0.0,69,kevin_magnussen_2019_9,0,+2 laps,classificado,False,0,0,0,0,UNKNOWN,0,0,0,0,1,0,0,0,0,0,0,0,0,0,0,0,0,0,0,0,0,0,0,0,0,0,0,0,0,0,0,0,0,0,0,0,0,0,0,0,0,0,0,1,0,0,0,0,0,0,0,0,0,0.9020358715101766,0.5,0.7906976744186046
2019,9,kubica,17,20,+3 Laps,0.0,68,kubica_2019_9,0,+3 laps,classificado,False,0,0,0,0,UNKNOWN,0,0,0,0,1,0,0,0,0,0,0,0,0,0,0,0,0,0,0,0,0,0,0,0,0,0,0,0,0,0,0,0,0,0,0,0,0,0,0,0,0,0,0,0,0,0,0,0,0,0,0,0,1,0.8069141443452847,0.8500000000000001,0.7790697674418604
2019,10,hamilton,2,1,Finished,26.0,52,hamilton_2019_10,0,finished,classificado,False,0,0,0,0,UNKNOWN,0,0,0,0,0,0,0,0,0,1,0,0,0,0,0,0,0,0,0,0,0,0,0,0,0,0,0,0,0,0,0,0,0,0,0,0,0,0,0,0,0,0,0,0,0,1,0,0,0,0,0,0,0,-0.7150334902929842,0.1,0.5930232558139534
2019,10,bottas,1,2,Finished,18.0,52,bottas_2019_10,0,finished,classificado,False,0,0,0,0,UNKNOWN,0,0,0,0,0,0,0,0,0,1,0,0,0,0,0,0,0,0,0,0,0,0,0,0,0,0,0,0,0,0,0,0,0,0,0,0,0,0,0,0,0,0,0,0,0,1,0,0,0,0,0,0,0,-0.7150334902929842,0.05,0.5930232558139534
2019,10,leclerc,3,3,Finished,15.0,52,leclerc_2019_10,0,finished,classificado,False,0,0,0,0,UNKNOWN,0,0,0,0,0,0,0,0,0,1,0,0,0,0,0,0,0,0,0,0,0,0,0,0,0,0,0,0,0,0,0,0,0,0,0,0,0,0,0,0,0,1,0,0,0,0,0,0,0,0,0,0,0,-0.7150334902929842,0.15000000000000002,0.5930232558139534
2019,10,gasly,5,4,Finished,12.0,52,gasly_2019_10,0,finished,classificado,False,0,0,0,0,UNKNOWN,0,0,0,0,0,0,0,0,0,1,0,0,0,0,0,0,0,0,0,0,0,0,0,0,0,0,0,0,0,0,0,0,0,0,0,0,0,0,0,0,0,0,0,0,0,0,0,0,1,0,0,0,0,-0.7150334902929842,0.25,0.5930232558139534
2019,10,max_verstappen,4,5,Finished,10.0,52,max_verstappen_2019_10,0,finished,classificado,False,0,0,0,0,UNKNOWN,0,0,0,0,0,0,0,0,0,1,0,0,0,0,0,0,0,0,0,0,0,0,0,0,0,0,0,0,0,0,0,0,0,0,0,0,0,0,0,0,0,0,0,0,0,0,0,0,1,0,0,0,0,-0.7150334902929842,0.2,0.5930232558139534
2019,10,sainz,13,6,Finished,8.0,52,sainz_2019_10,0,finished,classificado,False,0,0,0,0,UNKNOWN,0,0,0,0,0,0,0,0,0,1,0,0,0,0,0,0,0,0,0,0,0,0,0,0,0,0,0,0,0,0,0,0,0,0,0,0,0,0,0,0,0,0,0,0,1,0,0,0,0,0,0,0,0,-0.7150334902929842,0.65,0.5930232558139534
2019,10,ricciardo,7,7,Finished,6.0,52,ricciardo_2019_10,0,finished,classificado,False,0,0,0,0,UNKNOWN,0,0,0,0,0,0,0,0,0,1,0,0,0,0,0,0,0,0,0,0,0,0,0,0,0,0,0,0,0,0,0,0,0,0,0,0,0,0,0,0,0,0,0,0,0,0,0,0,0,1,0,0,0,-0.7150334902929842,0.35000000000000003,0.5930232558139534
2019,10,raikkonen,12,8,Finished,4.0,52,raikkonen_2019_10,0,finished,classificado,False,0,0,0,0,UNKNOWN,0,0,0,0,0,0,0,0,0,1,0,0,0,0,0,0,0,0,0,0,0,0,0,0,0,0,0,0,0,0,0,0,0,0,0,0,0,1,0,0,0,0,0,0,0,0,0,0,0,0,0,0,0,-0.7150334902929842,0.6000000000000001,0.5930232558139534
2019,10,kvyat,17,9,Finished,2.0,52,kvyat_2019_10,0,finished,classificado,False,0,0,0,0,UNKNOWN,0,0,0,0,0,0,0,0,0,1,0,0,0,0,0,0,0,0,0,0,0,0,0,0,0,0,0,0,0,0,0,0,0,0,0,0,0,0,0,0,0,0,0,0,0,0,0,0,0,0,0,1,0,-0.7150334902929842,0.8500000000000001,0.5930232558139534
2019,10,hulkenberg,10,10,Finished,1.0,52,hulkenberg_2019_10,0,finished,classificado,False,0,0,0,0,UNKNOWN,0,0,0,0,0,0,0,0,0,1,0,0,0,0,0,0,0,0,0,0,0,0,0,0,0,0,0,0,0,0,0,0,0,0,0,0,0,0,0,0,0,0,0,0,0,0,0,0,0,1,0,0,0,-0.7150334902929842,0.5,0.5930232558139534
2019,10,norris,8,11,Finished,0.0,52,norris_2019_10,0,finished,classificado,False,0,0,0,0,UNKNOWN,0,0,0,0,0,0,0,0,0,1,0,0,0,0,0,0,0,0,0,0,0,0,0,0,0,0,0,0,0,0,0,0,0,0,0,0,0,0,0,0,0,0,0,0,1,0,0,0,0,0,0,0,0,-0.7150334902929842,0.4,0.5930232558139534
2019,10,albon,9,12,Finished,0.0,52,albon_2019_10,0,finished,classificado,False,0,0,0,0,UNKNOWN,0,0,0,0,0,0,0,0,0,1,0,0,0,0,0,0,0,0,0,0,0,0,0,0,0,0,0,0,0,0,0,0,0,0,0,0,0,0,0,0,0,0,0,0,0,0,0,0,0,0,0,1,0,-0.7150334902929842,0.45,0.5930232558139534
2019,10,stroll,18,13,Finished,0.0,52,stroll_2019_10,0,finished,classificado,False,0,0,0,0,UNKNOWN,0,0,0,0,0,0,0,0,0,1,0,0,0,0,0,0,0,0,0,0,0,0,0,0,0,0,0,0,0,0,0,0,0,0,0,0,0,0,0,0,0,0,0,0,0,0,1,0,0,0,0,0,0,-0.7150334902929842,0.9,0.5930232558139534
2019,10,russell,19,14,+1 Lap,0.0,51,russell_2019_10,0,+1 lap,classificado,False,0,0,0,0,UNKNOWN,0,0,0,0,0,0,0,0,0,1,0,0,0,0,0,0,0,0,0,0,0,0,0,0,0,0,0,0,0,0,0,0,0,0,0,0,0,0,0,0,0,0,0,0,0,0,0,0,0,0,0,0,1,-0.8101552174578761,0.9500000000000001,0.5813953488372092
2019,10,kubica,20,15,+1 Lap,0.0,51,kubica_2019_10,0,+1 lap,classificado,False,0,0,0,0,UNKNOWN,0,0,0,0,0,0,0,0,0,1,0,0,0,0,0,0,0,0,0,0,0,0,0,0,0,0,0,0,0,0,0,0,0,0,0,0,0,0,0,0,0,0,0,0,0,0,0,0,0,0,0,0,1,-0.8101552174578761,1.0,0.5813953488372092
2019,10,vettel,6,16,+1 Lap,0.0,51,vettel_2019_10,0,+1 lap,classificado,False,0,0,0,0,UNKNOWN,0,0,0,0,0,0,0,0,0,1,0,0,0,0,0,0,0,0,0,0,0,0,0,0,0,0,0,0,0,0,0,0,0,0,0,0,0,0,0,0,0,1,0,0,0,0,0,0,0,0,0,0,0,-0.8101552174578761,0.30000000000000004,0.5813953488372092
2019,10,perez,15,17,+1 Lap,0.0,51,perez_2019_10,0,+1 lap,classificado,False,0,0,0,0,UNKNOWN,0,0,0,0,0,0,0,0,0,1,0,0,0,0,0,0,0,0,0,0,0,0,0,0,0,0,0,0,0,0,0,0,0,0,0,0,0,0,0,0,0,0,0,0,0,0,1,0,0,0,0,0,0,-0.8101552174578761,0.75,0.5813953488372092
2019,11,max_verstappen,2,1,Finished,26.0,64,max_verstappen_2019_11,0,finished,classificado,False,0,0,0,0,UNKNOWN,0,0,0,0,0,0,0,0,0,0,0,0,0,0,0,0,1,0,0,0,0,0,0,0,0,0,0,0,0,0,0,0,0,0,0,0,0,0,0,0,0,0,0,0,0,0,0,0,1,0,0,0,0,0.4264272356857175,0.1,0.7325581395348837
2019,11,vettel,20,2,Finished,18.0,64,vettel_2019_11,0,finished,classificado,False,0,0,0,0,UNKNOWN,0,0,0,0,0,0,0,0,0,0,0,0,0,0,0,0,1,0,0,0,0,0,0,0,0,0,0,0,0,0,0,0,0,0,0,0,0,0,0,0,0,1,0,0,0,0,0,0,0,0,0,0,0,0.4264272356857175,1.0,0.7325581395348837
2019,11,kvyat,14,3,Finished,15.0,64,kvyat_2019_11,0,finished,classificado,False,0,0,0,0,UNKNOWN,0,0,0,0,0,0,0,0,0,0,0,0,0,0,0,0,1,0,0,0,0,0,0,0,0,0,0,0,0,0,0,0,0,0,0,0,0,0,0,0,0,0,0,0,0,0,0,0,0,0,0,1,0,0.4264272356857175,0.7000000000000001,0.7325581395348837
2019,11,stroll,15,4,Finished,12.0,64,stroll_2019_11,0,finished,classificado,False,0,0,0,0,UNKNOWN,0,0,0,0,0,0,0,0,0,0,0,0,0,0,0,0,1,0,0,0,0,0,0,0,0,0,0,0,0,0,0,0,0,0,0,0,0,0,0,0,0,0,0,0,0,0,1,0,0,0,0,0,0,0.4264272356857175,0.75,0.7325581395348837
2019,11,sainz,7,5,Finished,10.0,64,sainz_2019_11,0,finished,classificado,False,0,0,0,0,UNKNOWN,0,0,0,0,0,0,0,0,0,0,0,0,0,0,0,0,1,0,0,0,0,0,0,0,0,0,0,0,0,0,0,0,0,0,0,0,0,0,0,0,0,0,0,0,1,0,0,0,0,0,0,0,0,0.4264272356857175,0.35000000000000003,0.7325581395348837
2019,11,albon,16,6,Finished,8.0,64,albon_2019_11,0,finished,classificado,False,0,0,0,0,UNKNOWN,0,0,0,0,0,0,0,0,0,0,0,0,0,0,0,0,1,0,0,0,0,0,0,0,0,0,0,0,0,0,0,0,0,0,0,0,0,0,0,0,0,0,0,0,0,0,0,0,0,0,0,1,0,0.4264272356857175,0.8,0.7325581395348837
2019,11,grosjean,6,7,Finished,6.0,64,grosjean_2019_11,0,finished,classificado,False,0,0,0,0,UNKNOWN,0,0,0,0,0,0,0,0,0,0,0,0,0,0,0,0,1,0,0,0,0,0,0,0,0,0,0,0,0,0,0,0,0,0,0,0,0,0,0,0,0,0,0,1,0,0,0,0,0,0,0,0,0,0.4264272356857175,0.30000000000000004,0.7325581395348837
2019,11,kevin_magnussen,12,8,Finished,4.0,64,kevin_magnussen_2019_11,0,finished,classificado,False,0,0,0,0,UNKNOWN,0,0,0,0,0,0,0,0,0,0,0,0,0,0,0,0,1,0,0,0,0,0,0,0,0,0,0,0,0,0,0,0,0,0,0,0,0,0,0,0,0,0,0,1,0,0,0,0,0,0,0,0,0,0.4264272356857175,0.6000000000000001,0.7325581395348837
2019,11,hamilton,1,9,Finished,2.0,64,hamilton_2019_11,0,finished,classificado,False,0,0,0,0,UNKNOWN,0,0,0,0,0,0,0,0,0,0,0,0,0,0,0,0,1,0,0,0,0,0,0,0,0,0,0,0,0,0,0,0,0,0,0,0,0,0,0,0,0,0,0,0,0,1,0,0,0,0,0,0,0,0.4264272356857175,0.05,0.7325581395348837
2019,11,kubica,18,10,Finished,1.0,64,kubica_2019_11,0,finished,classificado,False,0,0,0,0,UNKNOWN,0,0,0,0,0,0,0,0,0,0,0,0,0,0,0,0,1,0,0,0,0,0,0,0,0,0,0,0,0,0,0,0,0,0,0,0,0,0,0,0,0,0,0,0,0,0,0,0,0,0,0,0,1,0.4264272356857175,0.9,0.7325581395348837
2019,11,russell,17,11,Finished,0.0,64,russell_2019_11,0,finished,classificado,False,0,0,0,0,UNKNOWN,0,0,0,0,0,0,0,0,0,0,0,0,0,0,0,0,1,0,0,0,0,0,0,0,0,0,0,0,0,0,0,0,0,0,0,0,0,0,0,0,0,0,0,0,0,0,0,0,0,0,0,0,1,0.4264272356857175,0.8500000000000001,0.7325581395348837
2019,11,raikkonen,5,12,Finished,0.0,64,raikkonen_2019_11,0,finished,classificado,False,0,0,0,0,UNKNOWN,0,0,0,0,0,0,0,0,0,0,0,0,0,0,0,0,1,0,0,0,0,0,0,0,0,0,0,0,0,0,0,0,0,0,0,0,0,1,0,0,0,0,0,0,0,0,0,0,0,0,0,0,0,0.4264272356857175,0.25,0.7325581395348837
2019,11,giovinazzi,11,13,Finished,0.0,64,giovinazzi_2019_11,0,finished,classificado,False,0,0,0,0,UNKNOWN,0,0,0,0,0,0,0,0,0,0,0,0,0,0,0,0,1,0,0,0,0,0,0,0,0,0,0,0,0,0,0,0,0,0,0,0,0,1,0,0,0,0,0,0,0,0,0,0,0,0,0,0,0,0.4264272356857175,0.55,0.7325581395348837
2019,12,hamilton,3,1,Finished,25.0,70,hamilton_2019_12,0,finished,classificado,False,0,0,0,0,UNKNOWN,0,0,0,0,0,0,0,0,0,0,0,0,0,0,0,0,0,1,0,0,0,0,0,0,0,0,0,0,0,0,0,0,0,0,0,0,0,0,0,0,0,0,0,0,0,1,0,0,0,0,0,0,0,0.9971575986750684,0.15000000000000002,0.8023255813953488
2019,12,max_verstappen,1,2,Finished,19.0,70,max_verstappen_2019_12,0,finished,classificado,False,0,0,0,0,UNKNOWN,0,0,0,0,0,0,0,0,0,0,0,0,0,0,0,0,0,1,0,0,0,0,0,0,0,0,0,0,0,0,0,0,0,0,0,0,0,0,0,0,0,0,0,0,0,0,0,0,1,0,0,0,0,0.9971575986750684,0.05,0.8023255813953488
2019,12,vettel,5,3,Finished,15.0,70,vettel_2019_12,0,finished,classificado,False,0,0,0,0,UNKNOWN,0,0,0,0,0,0,0,0,0,0,0,0,0,0,0,0,0,1,0,0,0,0,0,0,0,0,0,0,0,0,0,0,0,0,0,0,0,0,0,0,0,1,0,0,0,0,0,0,0,0,0,0,0,0.9971575986750684,0.25,0.8023255813953488
2019,12,leclerc,4,4,Finished,12.0,70,leclerc_2019_12,0,finished,classificado,False,0,0,0,0,UNKNOWN,0,0,0,0,0,0,0,0,0,0,0,0,0,0,0,0,0,1,0,0,0,0,0,0,0,0,0,0,0,0,0,0,0,0,0,0,0,0,0,0,0,1,0,0,0,0,0,0,0,0,0,0,0,0.9971575986750684,0.2,0.8023255813953488
2019,12,sainz,8,5,+1 Lap,10.0,69,sainz_2019_12,0,+1 lap,classificado,False,0,0,0,0,UNKNOWN,0,0,0,0,0,0,0,0,0,0,0,0,0,0,0,0,0,1,0,0,0,0,0,0,0,0,0,0,0,0,0,0,0,0,0,0,0,0,0,0,0,0,0,0,1,0,0,0,0,0,0,0,0,0.9020358715101766,0.4,0.7906976744186046
2019,12,gasly,6,6,+1 Lap,8.0,69,gasly_2019_12,0,+1 lap,classificado,False,0,0,0,0,UNKNOWN,0,0,0,0,0,0,0,0,0,0,0,0,0,0,0,0,0,1,0,0,0,0,0,0,0,0,0,0,0,0,0,0,0,0,0,0,0,0,0,0,0,0,0,0,0,0,0,0,1,0,0,0,0,0.9020358715101766,0.30000000000000004,0.7906976744186046
2019,12,raikkonen,10,7,+1 Lap,6.0,69,raikkonen_2019_12,0,+1 lap,classificado,False,0,0,0,0,UNKNOWN,0,0,0,0,0,0,0,0,0,0,0,0,0,0,0,0,0,1,0,0,0,0,0,0,0,0,0,0,0,0,0,0,0,0,0,0,0,1,0,0,0,0,0,0,0,0,0,0,0,0,0,0,0,0.9020358715101766,0.5,0.7906976744186046
2019,12,bottas,2,8,+1 Lap,4.0,69,bottas_2019_12,0,+1 lap,classificado,False,0,0,0,0,UNKNOWN,0,0,0,0,0,0,0,0,0,0,0,0,0,0,0,0,0,1,0,0,0,0,0,0,0,0,0,0,0,0,0,0,0,0,0,0,0,0,0,0,0,0,0,0,0,1,0,0,0,0,0,0,0,0.9020358715101766,0.1,0.7906976744186046
2019,12,norris,7,9,+1 Lap,2.0,69,norris_2019_12,0,+1 lap,classificado,False,0,0,0,0,UNKNOWN,0,0,0,0,0,0,0,0,0,0,0,0,0,0,0,0,0,1,0,0,0,0,0,0,0,0,0,0,0,0,0,0,0,0,0,0,0,0,0,0,0,0,0,0,1,0,0,0,0,0,0,0,0,0.9020358715101766,0.35000000000000003,0.7906976744186046
2019,12,albon,12,10,+1 Lap,1.0,69,albon_2019_12,0,+1 lap,classificado,False,0,0,0,0,UNKNOWN,0,0,0,0,0,0,0,0,0,0,0,0,0,0,0,0,0,1,0,0,0,0,0,0,0,0,0,0,0,0,0,0,0,0,0,0,0,0,0,0,0,0,0,0,0,0,0,0,0,0,0,1,0,0.9020358715101766,0.6000000000000001,0.7906976744186046
2019,12,perez,16,11,+1 Lap,0.0,69,perez_2019_12,0,+1 lap,classificado,False,0,0,0,0,UNKNOWN,0,0,0,0,0,0,0,0,0,0,0,0,0,0,0,0,0,1,0,0,0,0,0,0,0,0,0,0,0,0,0,0,0,0,0,0,0,0,0,0,0,0,0,0,0,0,1,0,0,0,0,0,0,0.9020358715101766,0.8,0.7906976744186046
2019,12,hulkenberg,11,12,+1 Lap,0.0,69,hulkenberg_2019_12,0,+1 lap,classificado,False,0,0,0,0,UNKNOWN,0,0,0,0,0,0,0,0,0,0,0,0,0,0,0,0,0,1,0,0,0,0,0,0,0,0,0,0,0,0,0,0,0,0,0,0,0,0,0,0,0,0,0,0,0,0,0,0,0,1,0,0,0,0.9020358715101766,0.55,0.7906976744186046
2019,12,kevin_magnussen,14,13,+1 Lap,0.0,69,kevin_magnussen_2019_12,0,+1 lap,classificado,False,0,0,0,0,UNKNOWN,0,0,0,0,0,0,0,0,0,0,0,0,0,0,0,0,0,1,0,0,0,0,0,0,0,0,0,0,0,0,0,0,0,0,0,0,0,0,0,0,0,0,0,1,0,0,0,0,0,0,0,0,0,0.9020358715101766,0.7000000000000001,0.7906976744186046
2019,12,ricciardo,20,14,+1 Lap,0.0,69,ricciardo_2019_12,0,+1 lap,classificado,False,0,0,0,0,UNKNOWN,0,0,0,0,0,0,0,0,0,0,0,0,0,0,0,0,0,1,0,0,0,0,0,0,0,0,0,0,0,0,0,0,0,0,0,0,0,0,0,0,0,0,0,0,0,0,0,0,0,1,0,0,0,0.9020358715101766,1.0,0.7906976744186046
2019,12,kvyat,13,15,+2 Laps,0.0,68,kvyat_2019_12,0,+2 laps,classificado,False,0,0,0,0,UNKNOWN,0,0,0,0,0,0,0,0,0,0,0,0,0,0,0,0,0,1,0,0,0,0,0,0,0,0,0,0,0,0,0,0,0,0,0,0,0,0,0,0,0,0,0,0,0,0,0,0,0,0,0,1,0,0.8069141443452847,0.65,0.7790697674418604
2019,12,russell,15,16,+2 Laps,0.0,68,russell_2019_12,0,+2 laps,classificado,False,0,0,0,0,UNKNOWN,0,0,0,0,0,0,0,0,0,0,0,0,0,0,0,0,0,1,0,0,0,0,0,0,0,0,0,0,0,0,0,0,0,0,0,0,0,0,0,0,0,0,0,0,0,0,0,0,0,0,0,0,1,0.8069141443452847,0.75,0.7790697674418604
2019,12,stroll,18,17,+2 Laps,0.0,68,stroll_2019_12,0,+2 laps,classificado,False,0,0,0,0,UNKNOWN,0,0,0,0,0,0,0,0,0,0,0,0,0,0,0,0,0,1,0,0,0,0,0,0,0,0,0,0,0,0,0,0,0,0,0,0,0,0,0,0,0,0,0,0,0,0,1,0,0,0,0,0,0,0.8069141443452847,0.9,0.7790697674418604
2019,12,giovinazzi,17,18,+2 Laps,0.0,68,giovinazzi_2019_12,0,+2 laps,classificado,False,0,0,0,0,UNKNOWN,0,0,0,0,0,0,0,0,0,0,0,0,0,0,0,0,0,1,0,0,0,0,0,0,0,0,0,0,0,0,0,0,0,0,0,0,0,1,0,0,0,0,0,0,0,0,0,0,0,0,0,0,0,0.8069141443452847,0.8500000000000001,0.7790697674418604
2019,12,kubica,19,19,+3 Laps,0.0,67,kubica_2019_12,0,+3 laps,classificado,False,0,0,0,0,UNKNOWN,0,0,0,0,0,0,0,0,0,0,0,0,0,0,0,0,0,1,0,0,0,0,0,0,0,0,0,0,0,0,0,0,0,0,0,0,0,0,0,0,0,0,0,0,0,0,0,0,0,0,0,0,1,0.711792417180393,0.9500000000000001,0.7674418604651162
2019,13,leclerc,1,1,Finished,25.0,44,leclerc_2019_13,0,finished,classificado,False,0,0,0,0,UNKNOWN,0,0,0,0,0,0,0,1,0,0,0,0,0,0,0,0,0,0,0,0,0,0,0,0,0,0,0,0,0,0,0,0,0,0,0,0,0,0,0,0,0,1,0,0,0,0,0,0,0,0,0,0,0,-1.4760073076121187,0.05,0.5
2019,13,hamilton,3,2,Finished,18.0,44,hamilton_2019_13,0,finished,classificado,False,0,0,0,0,UNKNOWN,0,0,0,0,0,0,0,1,0,0,0,0,0,0,0,0,0,0,0,0,0,0,0,0,0,0,0,0,0,0,0,0,0,0,0,0,0,0,0,0,0,0,0,0,0,1,0,0,0,0,0,0,0,-1.4760073076121187,0.15000000000000002,0.5
2019,13,bottas,4,3,Finished,15.0,44,bottas_2019_13,0,finished,classificado,False,0,0,0,0,UNKNOWN,0,0,0,0,0,0,0,1,0,0,0,0,0,0,0,0,0,0,0,0,0,0,0,0,0,0,0,0,0,0,0,0,0,0,0,0,0,0,0,0,0,0,0,0,0,1,0,0,0,0,0,0,0,-1.4760073076121187,0.2,0.5
2019,13,vettel,2,4,Finished,13.0,44,vettel_2019_13,0,finished,classificado,False,0,0,0,0,UNKNOWN,0,0,0,0,0,0,0,1,0,0,0,0,0,0,0,0,0,0,0,0,0,0,0,0,0,0,0,0,0,0,0,0,0,0,0,0,0,0,0,0,0,1,0,0,0,0,0,0,0,0,0,0,0,-1.4760073076121187,0.1,0.5
2019,13,albon,17,5,Finished,10.0,44,albon_2019_13,0,finished,classificado,False,0,0,0,0,UNKNOWN,0,0,0,0,0,0,0,1,0,0,0,0,0,0,0,0,0,0,0,0,0,0,0,0,0,0,0,0,0,0,0,0,0,0,0,0,0,0,0,0,0,0,0,0,0,0,0,0,1,0,0,0,0,-1.4760073076121187,0.8500000000000001,0.5
2019,13,perez,7,6,Finished,8.0,44,perez_2019_13,0,finished,classificado,False,0,0,0,0,UNKNOWN,0,0,0,0,0,0,0,1,0,0,0,0,0,0,0,0,0,0,0,0,0,0,0,0,0,0,0,0,0,0,0,0,0,0,0,0,0,0,0,0,0,0,0,0,0,0,1,0,0,0,0,0,0,-1.4760073076121187,0.35000000000000003,0.5
2019,13,kvyat,19,7,Finished,6.0,44,kvyat_2019_13,0,finished,classificado,False,0,0,0,0,UNKNOWN,0,0,0,0,0,0,0,1,0,0,0,0,0,0,0,0,0,0,0,0,0,0,0,0,0,0,0,0,0,0,0,0,0,0,0,0,0,0,0,0,0,0,0,0,0,0,0,0,0,0,0,1,0,-1.4760073076121187,0.9500000000000001,0.5
2019,13,hulkenberg,12,8,Finished,4.0,44,hulkenberg_2019_13,0,finished,classificado,False,0,0,0,0,UNKNOWN,0,0,0,0,0,0,0,1,0,0,0,0,0,0,0,0,0,0,0,0,0,0,0,0,0,0,0,0,0,0,0,0,0,0,0,0,0,0,0,0,0,0,0,0,0,0,0,0,0,1,0,0,0,-1.4760073076121187,0.6000000000000001,0.5
2019,13,gasly,13,9,Finished,2.0,44,gasly_2019_13,0,finished,classificado,False,0,0,0,0,UNKNOWN,0,0,0,0,0,0,0,1,0,0,0,0,0,0,0,0,0,0,0,0,0,0,0,0,0,0,0,0,0,0,0,0,0,0,0,0,0,0,0,0,0,0,0,0,0,0,0,0,0,0,0,1,0,-1.4760073076121187,0.65,0.5
2019,13,stroll,16,10,Finished,1.0,44,stroll_2019_13,0,finished,classificado,False,0,0,0,0,UNKNOWN,0,0,0,0,0,0,0,1,0,0,0,0,0,0,0,0,0,0,0,0,0,0,0,0,0,0,0,0,0,0,0,0,0,0,0,0,0,0,0,0,0,0,0,0,0,0,1,0,0,0,0,0,0,-1.4760073076121187,0.8,0.5
2019,13,kevin_magnussen,8,12,+1 Lap,0.0,43,kevin_magnussen_2019_13,0,+1 lap,classificado,False,0,0,0,0,UNKNOWN,0,0,0,0,0,0,0,1,0,0,0,0,0,0,0,0,0,0,0,0,0,0,0,0,0,0,0,0,0,0,0,0,0,0,0,0,0,0,0,0,0,0,0,1,0,0,0,0,0,0,0,0,0,-1.5711290347770106,0.4,0.4883720930232558
2019,13,grosjean,9,13,+1 Lap,0.0,43,grosjean_2019_13,0,+1 lap,classificado,False,0,0,0,0,UNKNOWN,0,0,0,0,0,0,0,1,0,0,0,0,0,0,0,0,0,0,0,0,0,0,0,0,0,0,0,0,0,0,0,0,0,0,0,0,0,0,0,0,0,0,0,1,0,0,0,0,0,0,0,0,0,-1.5711290347770106,0.45,0.4883720930232558
2019,13,ricciardo,10,14,+1 Lap,0.0,43,ricciardo_2019_13,0,+1 lap,classificado,False,0,0,0,0,UNKNOWN,0,0,0,0,0,0,0,1,0,0,0,0,0,0,0,0,0,0,0,0,0,0,0,0,0,0,0,0,0,0,0,0,0,0,0,0,0,0,0,0,0,0,0,0,0,0,0,0,0,1,0,0,0,-1.5711290347770106,0.5,0.4883720930232558
2019,13,russell,14,15,+1 Lap,0.0,43,russell_2019_13,0,+1 lap,classificado,False,0,0,0,0,UNKNOWN,0,0,0,0,0,0,0,1,0,0,0,0,0,0,0,0,0,0,0,0,0,0,0,0,0,0,0,0,0,0,0,0,0,0,0,0,0,0,0,0,0,0,0,0,0,0,0,0,0,0,0,0,1,-1.5711290347770106,0.7000000000000001,0.4883720930232558
2019,13,raikkonen,6,16,+1 Lap,0.0,43,raikkonen_2019_13,0,+1 lap,classificado,False,0,0,0,0,UNKNOWN,0,0,0,0,0,0,0,1,0,0,0,0,0,0,0,0,0,0,0,0,0,0,0,0,0,0,0,0,0,0,0,0,0,0,0,0,0,1,0,0,0,0,0,0,0,0,0,0,0,0,0,0,0,-1.5711290347770106,0.30000000000000004,0.4883720930232558
2019,13,kubica,0,17,+1 Lap,0.0,43,kubica_2019_13,1,+1 lap,classificado,False,0,0,0,0,UNKNOWN,0,0,0,0,0,0,0,1,0,0,0,0,0,0,0,0,0,0,0,0,0,0,0,0,0,0,0,0,0,0,0,0,0,0,0,0,0,0,0,0,0,0,0,0,0,0,0,0,0,0,0,0,1,-1.5711290347770106,0.0,0.4883720930232558
2019,14,leclerc,1,1,Finished,25.0,53,leclerc_2019_14,0,finished,classificado,False,0,0,0,0,UNKNOWN,0,0,0,0,0,0,0,0,0,0,0,0,0,0,0,0,0,0,1,0,0,0,0,0,0,0,0,0,0,0,0,0,0,0,0,0,0,0,0,0,0,1,0,0,0,0,0,0,0,0,0,0,0,-0.6199117631280925,0.05,0.6046511627906976
2019,14,bottas,3,2,Finished,18.0,53,bottas_2019_14,0,finished,classificado,False,0,0,0,0,UNKNOWN,0,0,0,0,0,0,0,0,0,0,0,0,0,0,0,0,0,0,1,0,0,0,0,0,0,0,0,0,0,0,0,0,0,0,0,0,0,0,0,0,0,0,0,0,0,1,0,0,0,0,0,0,0,-0.6199117631280925,0.15000000000000002,0.6046511627906976
2019,14,hamilton,2,3,Finished,16.0,53,hamilton_2019_14,0,finished,classificado,False,0,0,0,0,UNKNOWN,0,0,0,0,0,0,0,0,0,0,0,0,0,0,0,0,0,0,1,0,0,0,0,0,0,0,0,0,0,0,0,0,0,0,0,0,0,0,0,0,0,0,0,0,0,1,0,0,0,0,0,0,0,-0.6199117631280925,0.1,0.6046511627906976
2019,14,ricciardo,5,4,Finished,12.0,53,ricciardo_2019_14,0,finished,classificado,False,0,0,0,0,UNKNOWN,0,0,0,0,0,0,0,0,0,0,0,0,0,0,0,0,0,0,1,0,0,0,0,0,0,0,0,0,0,0,0,0,0,0,0,0,0,0,0,0,0,0,0,0,0,0,0,0,0,1,0,0,0,-0.6199117631280925,0.25,0.6046511627906976
2019,14,hulkenberg,6,5,Finished,10.0,53,hulkenberg_2019_14,0,finished,classificado,False,0,0,0,0,UNKNOWN,0,0,0,0,0,0,0,0,0,0,0,0,0,0,0,0,0,0,1,0,0,0,0,0,0,0,0,0,0,0,0,0,0,0,0,0,0,0,0,0,0,0,0,0,0,0,0,0,0,1,0,0,0,-0.6199117631280925,0.30000000000000004,0.6046511627906976
2019,14,albon,8,6,Finished,8.0,53,albon_2019_14,0,finished,classificado,False,0,0,0,0,UNKNOWN,0,0,0,0,0,0,0,0,0,0,0,0,0,0,0,0,0,0,1,0,0,0,0,0,0,0,0,0,0,0,0,0,0,0,0,0,0,0,0,0,0,0,0,0,0,0,0,0,1,0,0,0,0,-0.6199117631280925,0.4,0.6046511627906976
2019,14,perez,18,7,Finished,6.0,53,perez_2019_14,0,finished,classificado,False,0,0,0,0,UNKNOWN,0,0,0,0,0,0,0,0,0,0,0,0,0,0,0,0,0,0,1,0,0,0,0,0,0,0,0,0,0,0,0,0,0,0,0,0,0,0,0,0,0,0,0,0,0,0,1,0,0,0,0,0,0,-0.6199117631280925,0.9,0.6046511627906976
2019,14,max_verstappen,19,8,Finished,4.0,53,max_verstappen_2019_14,0,finished,classificado,False,0,0,0,0,UNKNOWN,0,0,0,0,0,0,0,0,0,0,0,0,0,0,0,0,0,0,1,0,0,0,0,0,0,0,0,0,0,0,0,0,0,0,0,0,0,0,0,0,0,0,0,0,0,0,0,0,1,0,0,0,0,-0.6199117631280925,0.9500000000000001,0.6046511627906976
2019,14,giovinazzi,10,9,+1 Lap,2.0,52,giovinazzi_2019_14,0,+1 lap,classificado,False,0,0,0,0,UNKNOWN,0,0,0,0,0,0,0,0,0,0,0,0,0,0,0,0,0,0,1,0,0,0,0,0,0,0,0,0,0,0,0,0,0,0,0,0,0,1,0,0,0,0,0,0,0,0,0,0,0,0,0,0,0,-0.7150334902929842,0.5,0.5930232558139534
2019,14,norris,16,10,+1 Lap,1.0,52,norris_2019_14,0,+1 lap,classificado,False,0,0,0,0,UNKNOWN,0,0,0,0,0,0,0,0,0,0,0,0,0,0,0,0,0,0,1,0,0,0,0,0,0,0,0,0,0,0,0,0,0,0,0,0,0,0,0,0,0,0,0,0,1,0,0,0,0,0,0,0,0,-0.7150334902929842,0.8,0.5930232558139534
2019,14,gasly,17,11,+1 Lap,0.0,52,gasly_2019_14,0,+1 lap,classificado,False,0,0,0,0,UNKNOWN,0,0,0,0,0,0,0,0,0,0,0,0,0,0,0,0,0,0,1,0,0,0,0,0,0,0,0,0,0,0,0,0,0,0,0,0,0,0,0,0,0,0,0,0,0,0,0,0,0,0,0,1,0,-0.7150334902929842,0.8500000000000001,0.5930232558139534
2019,14,stroll,9,12,+1 Lap,0.0,52,stroll_2019_14,0,+1 lap,classificado,False,0,0,0,0,UNKNOWN,0,0,0,0,0,0,0,0,0,0,0,0,0,0,0,0,0,0,1,0,0,0,0,0,0,0,0,0,0,0,0,0,0,0,0,0,0,0,0,0,0,0,0,0,0,0,1,0,0,0,0,0,0,-0.7150334902929842,0.45,0.5930232558139534
2019,14,vettel,4,13,+1 Lap,0.0,52,vettel_2019_14,0,+1 lap,classificado,False,0,0,0,0,UNKNOWN,0,0,0,0,0,0,0,0,0,0,0,0,0,0,0,0,0,0,1,0,0,0,0,0,0,0,0,0,0,0,0,0,0,0,0,0,0,0,0,0,0,1,0,0,0,0,0,0,0,0,0,0,0,-0.7150334902929842,0.2,0.5930232558139534
2019,14,russell,14,14,+1 Lap,0.0,52,russell_2019_14,0,+1 lap,classificado,False,0,0,0,0,UNKNOWN,0,0,0,0,0,0,0,0,0,0,0,0,0,0,0,0,0,0,1,0,0,0,0,0,0,0,0,0,0,0,0,0,0,0,0,0,0,0,0,0,0,0,0,0,0,0,0,0,0,0,0,0,1,-0.7150334902929842,0.7000000000000001,0.5930232558139534
2019,14,raikkonen,0,15,+1 Lap,0.0,52,raikkonen_2019_14,1,+1 lap,classificado,False,0,0,0,0,UNKNOWN,0,0,0,0,0,0,0,0,0,0,0,0,0,0,0,0,0,0,1,0,0,0,0,0,0,0,0,0,0,0,0,0,0,0,0,0,0,1,0,0,0,0,0,0,0,0,0,0,0,0,0,0,0,-0.7150334902929842,0.0,0.5930232558139534
2019,14,grosjean,13,16,+1 Lap,0.0,52,grosjean_2019_14,0,+1 lap,classificado,False,0,0,0,0,UNKNOWN,0,0,0,0,0,0,0,0,0,0,0,0,0,0,0,0,0,0,1,0,0,0,0,0,0,0,0,0,0,0,0,0,0,0,0,0,0,0,0,0,0,0,0,1,0,0,0,0,0,0,0,0,0,-0.7150334902929842,0.65,0.5930232558139534
2019,14,kubica,15,17,+2 Laps,0.0,51,kubica_2019_14,0,+2 laps,classificado,False,0,0,0,0,UNKNOWN,0,0,0,0,0,0,0,0,0,0,0,0,0,0,0,0,0,0,1,0,0,0,0,0,0,0,0,0,0,0,0,0,0,0,0,0,0,0,0,0,0,0,0,0,0,0,0,0,0,0,0,0,1,-0.8101552174578761,0.75,0.5813953488372092
2019,15,vettel,3,1,Finished,25.0,61,vettel_2019_15,0,finished,classificado,False,0,0,0,0,UNKNOWN,0,0,0,0,0,0,0,0,0,0,0,0,0,0,0,0,0,0,0,0,0,0,0,0,0,0,0,0,0,0,1,0,0,0,0,0,0,0,0,0,0,1,0,0,0,0,0,0,0,0,0,0,0,0.14106205419104206,0.15000000000000002,0.6976744186046512
2019,15,leclerc,1,2,Finished,18.0,61,leclerc_2019_15,0,finished,classificado,False,0,0,0,0,UNKNOWN,0,0,0,0,0,0,0,0,0,0,0,0,0,0,0,0,0,0,0,0,0,0,0,0,0,0,0,0,0,0,1,0,0,0,0,0,0,0,0,0,0,1,0,0,0,0,0,0,0,0,0,0,0,0.14106205419104206,0.05,0.6976744186046512
2019,15,max_verstappen,4,3,Finished,15.0,61,max_verstappen_2019_15,0,finished,classificado,False,0,0,0,0,UNKNOWN,0,0,0,0,0,0,0,0,0,0,0,0,0,0,0,0,0,0,0,0,0,0,0,0,0,0,0,0,0,0,1,0,0,0,0,0,0,0,0,0,0,0,0,0,0,0,0,0,1,0,0,0,0,0.14106205419104206,0.2,0.6976744186046512
2019,15,hamilton,2,4,Finished,12.0,61,hamilton_2019_15,0,finished,classificado,False,0,0,0,0,UNKNOWN,0,0,0,0,0,0,0,0,0,0,0,0,0,0,0,0,0,0,0,0,0,0,0,0,0,0,0,0,0,0,1,0,0,0,0,0,0,0,0,0,0,0,0,0,0,1,0,0,0,0,0,0,0,0.14106205419104206,0.1,0.6976744186046512
2019,15,bottas,5,5,Finished,10.0,61,bottas_2019_15,0,finished,classificado,False,0,0,0,0,UNKNOWN,0,0,0,0,0,0,0,0,0,0,0,0,0,0,0,0,0,0,0,0,0,0,0,0,0,0,0,0,0,0,1,0,0,0,0,0,0,0,0,0,0,0,0,0,0,1,0,0,0,0,0,0,0,0.14106205419104206,0.25,0.6976744186046512
2019,15,albon,6,6,Finished,8.0,61,albon_2019_15,0,finished,classificado,False,0,0,0,0,UNKNOWN,0,0,0,0,0,0,0,0,0,0,0,0,0,0,0,0,0,0,0,0,0,0,0,0,0,0,0,0,0,0,1,0,0,0,0,0,0,0,0,0,0,0,0,0,0,0,0,0,1,0,0,0,0,0.14106205419104206,0.30000000000000004,0.6976744186046512
2019,15,norris,9,7,Finished,6.0,61,norris_2019_15,0,finished,classificado,False,0,0,0,0,UNKNOWN,0,0,0,0,0,0,0,0,0,0,0,0,0,0,0,0,0,0,0,0,0,0,0,0,0,0,0,0,0,0,1,0,0,0,0,0,0,0,0,0,0,0,0,0,1,0,0,0,0,0,0,0,0,0.14106205419104206,0.45,0.6976744186046512
2019,15,gasly,11,8,Finished,4.0,61,gasly_2019_15,0,finished,classificado,False,0,0,0,0,UNKNOWN,0,0,0,0,0,0,0,0,0,0,0,0,0,0,0,0,0,0,0,0,0,0,0,0,0,0,0,0,0,0,1,0,0,0,0,0,0,0,0,0,0,0,0,0,0,0,0,0,0,0,0,1,0,0.14106205419104206,0.55,0.6976744186046512
2019,15,hulkenberg,8,9,Finished,2.0,61,hulkenberg_2019_15,0,finished,classificado,False,0,0,0,0,UNKNOWN,0,0,0,0,0,0,0,0,0,0,0,0,0,0,0,0,0,0,0,0,0,0,0,0,0,0,0,0,0,0,1,0,0,0,0,0,0,0,0,0,0,0,0,0,0,0,0,0,0,1,0,0,0,0.14106205419104206,0.4,0.6976744186046512
2019,15,giovinazzi,10,10,Finished,1.0,61,giovinazzi_2019_15,0,finished,classificado,False,0,0,0,0,UNKNOWN,0,0,0,0,0,0,0,0,0,0,0,0,0,0,0,0,0,0,0,0,0,0,0,0,0,0,0,0,0,0,1,0,0,0,0,0,0,1,0,0,0,0,0,0,0,0,0,0,0,0,0,0,0,0.14106205419104206,0.5,0.6976744186046512
2019,15,grosjean,17,11,Finished,0.0,61,grosjean_2019_15,0,finished,classificado,False,0,0,0,0,UNKNOWN,0,0,0,0,0,0,0,0,0,0,0,0,0,0,0,0,0,0,0,0,0,0,0,0,0,0,0,0,0,0,1,0,0,0,0,0,0,0,0,0,0,0,0,1,0,0,0,0,0,0,0,0,0,0.14106205419104206,0.8500000000000001,0.6976744186046512
2019,15,sainz,7,12,Finished,0.0,61,sainz_2019_15,0,finished,classificado,False,0,0,0,0,UNKNOWN,0,0,0,0,0,0,0,0,0,0,0,0,0,0,0,0,0,0,0,0,0,0,0,0,0,0,0,0,0,0,1,0,0,0,0,0,0,0,0,0,0,0,0,0,1,0,0,0,0,0,0,0,0,0.14106205419104206,0.35000000000000003,0.6976744186046512
2019,15,stroll,16,13,Finished,0.0,61,stroll_2019_15,0,finished,classificado,False,0,0,0,0,UNKNOWN,0,0,0,0,0,0,0,0,0,0,0,0,0,0,0,0,0,0,0,0,0,0,0,0,0,0,0,0,0,0,1,0,0,0,0,0,0,0,0,0,0,0,0,0,0,0,1,0,0,0,0,0,0,0.14106205419104206,0.8,0.6976744186046512
2019,15,ricciardo,20,14,Finished,0.0,61,ricciardo_2019_15,0,finished,classificado,False,0,0,0,0,UNKNOWN,0,0,0,0,0,0,0,0,0,0,0,0,0,0,0,0,0,0,0,0,0,0,0,0,0,0,0,0,0,0,1,0,0,0,0,0,0,0,0,0,0,0,0,0,0,0,0,0,0,1,0,0,0,0.14106205419104206,1.0,0.6976744186046512
2019,15,kvyat,14,15,Finished,0.0,61,kvyat_2019_15,0,finished,classificado,False,0,0,0,0,UNKNOWN,0,0,0,0,0,0,0,0,0,0,0,0,0,0,0,0,0,0,0,0,0,0,0,0,0,0,0,0,0,0,1,0,0,0,0,0,0,0,0,0,0,0,0,0,0,0,0,0,0,0,0,1,0,0.14106205419104206,0.7000000000000001,0.6976744186046512
2019,15,kubica,19,16,Finished,0.0,61,kubica_2019_15,0,finished,classificado,False,0,0,0,0,UNKNOWN,0,0,0,0,0,0,0,0,0,0,0,0,0,0,0,0,0,0,0,0,0,0,0,0,0,0,0,0,0,0,1,0,0,0,0,0,0,0,0,0,0,0,0,0,0,0,0,0,0,0,0,0,1,0.14106205419104206,0.9500000000000001,0.6976744186046512
2019,15,kevin_magnussen,13,17,Finished,0.0,61,kevin_magnussen_2019_15,0,finished,classificado,False,0,0,0,0,UNKNOWN,0,0,0,0,0,0,0,0,0,0,0,0,0,0,0,0,0,0,0,0,0,0,0,0,0,0,0,0,0,0,1,0,0,0,0,0,0,0,0,0,0,0,0,1,0,0,0,0,0,0,0,0,0,0.14106205419104206,0.65,0.6976744186046512
2019,16,hamilton,2,1,Finished,26.0,53,hamilton_2019_16,0,finished,classificado,False,0,0,0,0,UNKNOWN,0,0,0,0,0,0,0,0,0,0,0,0,0,0,0,0,0,0,0,0,0,0,0,0,0,0,0,1,0,0,0,0,0,0,0,0,0,0,0,0,0,0,0,0,0,1,0,0,0,0,0,0,0,-0.6199117631280925,0.1,0.6046511627906976
2019,16,bottas,4,2,Finished,18.0,53,bottas_2019_16,0,finished,classificado,False,0,0,0,0,UNKNOWN,0,0,0,0,0,0,0,0,0,0,0,0,0,0,0,0,0,0,0,0,0,0,0,0,0,0,0,1,0,0,0,0,0,0,0,0,0,0,0,0,0,0,0,0,0,1,0,0,0,0,0,0,0,-0.6199117631280925,0.2,0.6046511627906976
2019,16,leclerc,1,3,Finished,15.0,53,leclerc_2019_16,0,finished,classificado,False,0,0,0,0,UNKNOWN,0,0,0,0,0,0,0,0,0,0,0,0,0,0,0,0,0,0,0,0,0,0,0,0,0,0,0,1,0,0,0,0,0,0,0,0,0,0,0,0,0,1,0,0,0,0,0,0,0,0,0,0,0,-0.6199117631280925,0.05,0.6046511627906976
2019,16,max_verstappen,9,4,Finished,12.0,53,max_verstappen_2019_16,0,finished,classificado,False,0,0,0,0,UNKNOWN,0,0,0,0,0,0,0,0,0,0,0,0,0,0,0,0,0,0,0,0,0,0,0,0,0,0,0,1,0,0,0,0,0,0,0,0,0,0,0,0,0,0,0,0,0,0,0,0,1,0,0,0,0,-0.6199117631280925,0.45,0.6046511627906976
2019,16,albon,0,5,Finished,10.0,53,albon_2019_16,1,finished,classificado,False,0,0,0,0,UNKNOWN,0,0,0,0,0,0,0,0,0,0,0,0,0,0,0,0,0,0,0,0,0,0,0,0,0,0,0,1,0,0,0,0,0,0,0,0,0,0,0,0,0,0,0,0,0,0,0,0,1,0,0,0,0,-0.6199117631280925,0.0,0.6046511627906976
2019,16,sainz,5,6,Finished,8.0,53,sainz_2019_16,0,finished,classificado,False,0,0,0,0,UNKNOWN,0,0,0,0,0,0,0,0,0,0,0,0,0,0,0,0,0,0,0,0,0,0,0,0,0,0,0,1,0,0,0,0,0,0,0,0,0,0,0,0,0,0,0,0,1,0,0,0,0,0,0,0,0,-0.6199117631280925,0.25,0.6046511627906976
2019,16,perez,11,7,Finished,6.0,53,perez_2019_16,0,finished,classificado,False,0,0,0,0,UNKNOWN,0,0,0,0,0,0,0,0,0,0,0,0,0,0,0,0,0,0,0,0,0,0,0,0,0,0,0,1,0,0,0,0,0,0,0,0,0,0,0,0,0,0,0,0,0,0,1,0,0,0,0,0,0,-0.6199117631280925,0.55,0.6046511627906976
2019,16,norris,7,8,Finished,4.0,53,norris_2019_16,0,finished,classificado,False,0,0,0,0,UNKNOWN,0,0,0,0,0,0,0,0,0,0,0,0,0,0,0,0,0,0,0,0,0,0,0,0,0,0,0,1,0,0,0,0,0,0,0,0,0,0,0,0,0,0,0,0,1,0,0,0,0,0,0,0,0,-0.6199117631280925,0.35000000000000003,0.6046511627906976
2019,16,kevin_magnussen,13,9,Finished,2.0,53,kevin_magnussen_2019_16,0,finished,classificado,False,0,0,0,0,UNKNOWN,0,0,0,0,0,0,0,0,0,0,0,0,0,0,0,0,0,0,0,0,0,0,0,0,0,0,0,1,0,0,0,0,0,0,0,0,0,0,0,0,0,0,0,1,0,0,0,0,0,0,0,0,0,-0.6199117631280925,0.65,0.6046511627906976
2019,16,hulkenberg,6,10,Finished,1.0,53,hulkenberg_2019_16,0,finished,classificado,False,0,0,0,0,UNKNOWN,0,0,0,0,0,0,0,0,0,0,0,0,0,0,0,0,0,0,0,0,0,0,0,0,0,0,0,1,0,0,0,0,0,0,0,0,0,0,0,0,0,0,0,0,0,0,0,0,0,1,0,0,0,-0.6199117631280925,0.30000000000000004,0.6046511627906976
2019,16,stroll,14,11,Finished,0.0,53,stroll_2019_16,0,finished,classificado,False,0,0,0,0,UNKNOWN,0,0,0,0,0,0,0,0,0,0,0,0,0,0,0,0,0,0,0,0,0,0,0,0,0,0,0,1,0,0,0,0,0,0,0,0,0,0,0,0,0,0,0,0,0,0,1,0,0,0,0,0,0,-0.6199117631280925,0.7000000000000001,0.6046511627906976
2019,16,kvyat,19,12,Finished,0.0,53,kvyat_2019_16,0,finished,classificado,False,0,0,0,0,UNKNOWN,0,0,0,0,0,0,0,0,0,0,0,0,0,0,0,0,0,0,0,0,0,0,0,0,0,0,0,1,0,0,0,0,0,0,0,0,0,0,0,0,0,0,0,0,0,0,0,0,0,0,0,1,0,-0.6199117631280925,0.9500000000000001,0.6046511627906976
2019,16,raikkonen,15,13,Finished,0.0,53,raikkonen_2019_16,0,finished,classificado,False,0,0,0,0,UNKNOWN,0,0,0,0,0,0,0,0,0,0,0,0,0,0,0,0,0,0,0,0,0,0,0,0,0,0,0,1,0,0,0,0,0,0,0,0,0,1,0,0,0,0,0,0,0,0,0,0,0,0,0,0,0,-0.6199117631280925,0.75,0.6046511627906976
2019,16,gasly,16,14,Finished,0.0,53,gasly_2019_16,0,finished,classificado,False,0,0,0,0,UNKNOWN,0,0,0,0,0,0,0,0,0,0,0,0,0,0,0,0,0,0,0,0,0,0,0,0,0,0,0,1,0,0,0,0,0,0,0,0,0,0,0,0,0,0,0,0,0,0,0,0,0,0,0,1,0,-0.6199117631280925,0.8,0.6046511627906976
2019,16,giovinazzi,12,15,Finished,0.0,53,giovinazzi_2019_16,0,finished,classificado,False,0,0,0,0,UNKNOWN,0,0,0,0,0,0,0,0,0,0,0,0,0,0,0,0,0,0,0,0,0,0,0,0,0,0,0,1,0,0,0,0,0,0,0,0,0,1,0,0,0,0,0,0,0,0,0,0,0,0,0,0,0,-0.6199117631280925,0.6000000000000001,0.6046511627906976
2019,17,bottas,3,1,Finished,25.0,52,bottas_2019_17,0,finished,classificado,False,0,0,0,0,UNKNOWN,0,0,0,0,0,0,0,0,0,0,0,0,0,0,0,0,0,0,0,1,0,0,0,0,0,0,0,0,0,0,0,0,0,0,0,0,0,0,0,0,0,0,0,0,0,1,0,0,0,0,0,0,0,-0.7150334902929842,0.15000000000000002,0.5930232558139534
2019,17,vettel,1,2,Finished,18.0,52,vettel_2019_17,0,finished,classificado,False,0,0,0,0,UNKNOWN,0,0,0,0,0,0,0,0,0,0,0,0,0,0,0,0,0,0,0,1,0,0,0,0,0,0,0,0,0,0,0,0,0,0,0,0,0,0,0,0,0,1,0,0,0,0,0,0,0,0,0,0,0,-0.7150334902929842,0.05,0.5930232558139534
2019,17,hamilton,4,3,Finished,16.0,52,hamilton_2019_17,0,finished,classificado,False,0,0,0,0,UNKNOWN,0,0,0,0,0,0,0,0,0,0,0,0,0,0,0,0,0,0,0,1,0,0,0,0,0,0,0,0,0,0,0,0,0,0,0,0,0,0,0,0,0,0,0,0,0,1,0,0,0,0,0,0,0,-0.7150334902929842,0.2,0.5930232558139534
2019,17,albon,6,4,Finished,12.0,52,albon_2019_17,0,finished,classificado,False,0,0,0,0,UNKNOWN,0,0,0,0,0,0,0,0,0,0,0,0,0,0,0,0,0,0,0,1,0,0,0,0,0,0,0,0,0,0,0,0,0,0,0,0,0,0,0,0,0,0,0,0,0,0,0,0,1,0,0,0,0,-0.7150334902929842,0.30000000000000004,0.5930232558139534
2019,17,sainz,7,5,Finished,10.0,52,sainz_2019_17,0,finished,classificado,False,0,0,0,0,UNKNOWN,0,0,0,0,0,0,0,0,0,0,0,0,0,0,0,0,0,0,0,1,0,0,0,0,0,0,0,0,0,0,0,0,0,0,0,0,0,0,0,0,0,0,0,0,1,0,0,0,0,0,0,0,0,-0.7150334902929842,0.35000000000000003,0.5930232558139534
2019,17,leclerc,2,6,+1 Lap,8.0,51,leclerc_2019_17,0,+1 lap,classificado,False,0,0,0,0,UNKNOWN,0,0,0,0,0,0,0,0,0,0,0,0,0,0,0,0,0,0,0,1,0,0,0,0,0,0,0,0,0,0,0,0,0,0,0,0,0,0,0,0,0,1,0,0,0,0,0,0,0,0,0,0,0,-0.8101552174578761,0.1,0.5813953488372092
2019,17,gasly,9,7,+1 Lap,6.0,51,gasly_2019_17,0,+1 lap,classificado,False,0,0,0,0,UNKNOWN,0,0,0,0,0,0,0,0,0,0,0,0,0,0,0,0,0,0,0,1,0,0,0,0,0,0,0,0,0,0,0,0,0,0,0,0,0,0,0,0,0,0,0,0,0,0,0,0,0,0,0,1,0,-0.8101552174578761,0.45,0.5813953488372092
2019,17,perez,17,8,+1 Lap,4.0,51,perez_2019_17,0,+1 lap,classificado,False,0,0,0,0,UNKNOWN,0,0,0,0,0,0,0,0,0,0,0,0,0,0,0,0,0,0,0,1,0,0,0,0,0,0,0,0,0,0,0,0,0,0,0,0,0,0,0,0,0,0,0,0,0,0,1,0,0,0,0,0,0,-0.8101552174578761,0.8500000000000001,0.5813953488372092
2019,17,stroll,12,9,+1 Lap,2.0,51,stroll_2019_17,0,+1 lap,classificado,False,0,0,0,0,UNKNOWN,0,0,0,0,0,0,0,0,0,0,0,0,0,0,0,0,0,0,0,1,0,0,0,0,0,0,0,0,0,0,0,0,0,0,0,0,0,0,0,0,0,0,0,0,0,0,1,0,0,0,0,0,0,-0.8101552174578761,0.6000000000000001,0.5813953488372092
2019,17,kvyat,14,10,+1 Lap,1.0,51,kvyat_2019_17,0,+1 lap,classificado,False,0,0,0,0,UNKNOWN,0,0,0,0,0,0,0,0,0,0,0,0,0,0,0,0,0,0,0,1,0,0,0,0,0,0,0,0,0,0,0,0,0,0,0,0,0,0,0,0,0,0,0,0,0,0,0,0,0,0,0,1,0,-0.8101552174578761,0.7000000000000001,0.5813953488372092
2019,17,norris,8,11,+1 Lap,0.0,51,norris_2019_17,0,+1 lap,classificado,False,0,0,0,0,UNKNOWN,0,0,0,0,0,0,0,0,0,0,0,0,0,0,0,0,0,0,0,1,0,0,0,0,0,0,0,0,0,0,0,0,0,0,0,0,0,0,0,0,0,0,0,0,1,0,0,0,0,0,0,0,0,-0.8101552174578761,0.4,0.5813953488372092
2019,17,raikkonen,13,12,+1 Lap,0.0,51,raikkonen_2019_17,0,+1 lap,classificado,False,0,0,0,0,UNKNOWN,0,0,0,0,0,0,0,0,0,0,0,0,0,0,0,0,0,0,0,1,0,0,0,0,0,0,0,0,0,0,0,0,0,0,0,0,0,1,0,0,0,0,0,0,0,0,0,0,0,0,0,0,0,-0.8101552174578761,0.65,0.5813953488372092
2019,17,grosjean,10,13,+1 Lap,0.0,51,grosjean_2019_17,0,+1 lap,classificado,False,0,0,0,0,UNKNOWN,0,0,0,0,0,0,0,0,0,0,0,0,0,0,0,0,0,0,0,1,0,0,0,0,0,0,0,0,0,0,0,0,0,0,0,0,0,0,0,0,0,0,0,1,0,0,0,0,0,0,0,0,0,-0.8101552174578761,0.5,0.5813953488372092
2019,17,giovinazzi,11,14,+1 Lap,0.0,51,giovinazzi_2019_17,0,+1 lap,classificado,False,0,0,0,0,UNKNOWN,0,0,0,0,0,0,0,0,0,0,0,0,0,0,0,0,0,0,0,1,0,0,0,0,0,0,0,0,0,0,0,0,0,0,0,0,0,1,0,0,0,0,0,0,0,0,0,0,0,0,0,0,0,-0.8101552174578761,0.55,0.5813953488372092
2019,17,kevin_magnussen,19,15,+1 Lap,0.0,51,kevin_magnussen_2019_17,0,+1 lap,classificado,False,0,0,0,0,UNKNOWN,0,0,0,0,0,0,0,0,0,0,0,0,0,0,0,0,0,0,0,1,0,0,0,0,0,0,0,0,0,0,0,0,0,0,0,0,0,0,0,0,0,0,0,1,0,0,0,0,0,0,0,0,0,-0.8101552174578761,0.9500000000000001,0.5813953488372092
2019,17,russell,18,16,+2 Laps,0.0,50,russell_2019_17,0,+2 laps,classificado,False,0,0,0,0,UNKNOWN,0,0,0,0,0,0,0,0,0,0,0,0,0,0,0,0,0,0,0,1,0,0,0,0,0,0,0,0,0,0,0,0,0,0,0,0,0,0,0,0,0,0,0,0,0,0,0,0,0,0,0,0,1,-0.9052769446227679,0.9,0.5697674418604651
2019,17,kubica,0,17,+2 Laps,0.0,50,kubica_2019_17,1,+2 laps,classificado,False,0,0,0,0,UNKNOWN,0,0,0,0,0,0,0,0,0,0,0,0,0,0,0,0,0,0,0,1,0,0,0,0,0,0,0,0,0,0,0,0,0,0,0,0,0,0,0,0,0,0,0,0,0,0,0,0,0,0,0,0,1,-0.9052769446227679,0.0,0.5697674418604651
2019,18,hamilton,3,1,Finished,25.0,71,hamilton_2019_18,0,finished,classificado,False,0,0,0,0,UNKNOWN,0,0,0,0,0,0,0,0,0,0,0,0,0,0,0,0,0,0,0,0,0,1,0,0,0,0,0,0,0,0,0,0,0,0,0,0,0,0,0,0,0,0,0,0,0,1,0,0,0,0,0,0,0,1.0922793258399601,0.15000000000000002,0.813953488372093
2019,18,vettel,2,2,Finished,18.0,71,vettel_2019_18,0,finished,classificado,False,0,0,0,0,UNKNOWN,0,0,0,0,0,0,0,0,0,0,0,0,0,0,0,0,0,0,0,0,0,1,0,0,0,0,0,0,0,0,0,0,0,0,0,0,0,0,0,0,0,1,0,0,0,0,0,0,0,0,0,0,0,1.0922793258399601,0.1,0.813953488372093
2019,18,bottas,6,3,Finished,15.0,71,bottas_2019_18,0,finished,classificado,False,0,0,0,0,UNKNOWN,0,0,0,0,0,0,0,0,0,0,0,0,0,0,0,0,0,0,0,0,0,1,0,0,0,0,0,0,0,0,0,0,0,0,0,0,0,0,0,0,0,0,0,0,0,1,0,0,0,0,0,0,0,1.0922793258399601,0.30000000000000004,0.813953488372093
2019,18,leclerc,1,4,Finished,13.0,71,leclerc_2019_18,0,finished,classificado,False,0,0,0,0,UNKNOWN,0,0,0,0,0,0,0,0,0,0,0,0,0,0,0,0,0,0,0,0,0,1,0,0,0,0,0,0,0,0,0,0,0,0,0,0,0,0,0,0,0,1,0,0,0,0,0,0,0,0,0,0,0,1.0922793258399601,0.05,0.813953488372093
2019,18,albon,5,5,Finished,10.0,71,albon_2019_18,0,finished,classificado,False,0,0,0,0,UNKNOWN,0,0,0,0,0,0,0,0,0,0,0,0,0,0,0,0,0,0,0,0,0,1,0,0,0,0,0,0,0,0,0,0,0,0,0,0,0,0,0,0,0,0,0,0,0,0,0,0,1,0,0,0,0,1.0922793258399601,0.25,0.813953488372093
2019,18,max_verstappen,4,6,Finished,8.0,71,max_verstappen_2019_18,0,finished,classificado,False,0,0,0,0,UNKNOWN,0,0,0,0,0,0,0,0,0,0,0,0,0,0,0,0,0,0,0,0,0,1,0,0,0,0,0,0,0,0,0,0,0,0,0,0,0,0,0,0,0,0,0,0,0,0,0,0,1,0,0,0,0,1.0922793258399601,0.2,0.813953488372093
2019,18,perez,11,7,Finished,6.0,71,perez_2019_18,0,finished,classificado,False,0,0,0,0,UNKNOWN,0,0,0,0,0,0,0,0,0,0,0,0,0,0,0,0,0,0,0,0,0,1,0,0,0,0,0,0,0,0,0,0,0,0,0,0,0,0,0,0,0,0,0,0,0,0,1,0,0,0,0,0,0,1.0922793258399601,0.55,0.813953488372093
2019,18,ricciardo,13,8,Finished,4.0,71,ricciardo_2019_18,0,finished,classificado,False,0,0,0,0,UNKNOWN,0,0,0,0,0,0,0,0,0,0,0,0,0,0,0,0,0,0,0,0,0,1,0,0,0,0,0,0,0,0,0,0,0,0,0,0,0,0,0,0,0,0,0,0,0,0,0,0,0,1,0,0,0,1.0922793258399601,0.65,0.813953488372093
2019,18,gasly,10,9,+1 Lap,2.0,70,gasly_2019_18,0,+1 lap,classificado,False,0,0,0,0,UNKNOWN,0,0,0,0,0,0,0,0,0,0,0,0,0,0,0,0,0,0,0,0,0,1,0,0,0,0,0,0,0,0,0,0,0,0,0,0,0,0,0,0,0,0,0,0,0,0,0,0,0,0,0,1,0,0.9971575986750684,0.5,0.8023255813953488
2019,18,hulkenberg,12,10,+1 Lap,1.0,70,hulkenberg_2019_18,0,+1 lap,classificado,False,0,0,0,0,UNKNOWN,0,0,0,0,0,0,0,0,0,0,0,0,0,0,0,0,0,0,0,0,0,1,0,0,0,0,0,0,0,0,0,0,0,0,0,0,0,0,0,0,0,0,0,0,0,0,0,0,0,1,0,0,0,0.9971575986750684,0.6000000000000001,0.8023255813953488
2019,18,kvyat,9,11,+1 Lap,0.0,70,kvyat_2019_18,0,+1 lap,classificado,False,0,0,0,0,UNKNOWN,0,0,0,0,0,0,0,0,0,0,0,0,0,0,0,0,0,0,0,0,0,1,0,0,0,0,0,0,0,0,0,0,0,0,0,0,0,0,0,0,0,0,0,0,0,0,0,0,0,0,0,1,0,0.9971575986750684,0.45,0.8023255813953488
2019,18,stroll,16,12,+1 Lap,0.0,70,stroll_2019_18,0,+1 lap,classificado,False,0,0,0,0,UNKNOWN,0,0,0,0,0,0,0,0,0,0,0,0,0,0,0,0,0,0,0,0,0,1,0,0,0,0,0,0,0,0,0,0,0,0,0,0,0,0,0,0,0,0,0,0,0,0,1,0,0,0,0,0,0,0.9971575986750684,0.8,0.8023255813953488
2019,18,sainz,7,13,+1 Lap,0.0,70,sainz_2019_18,0,+1 lap,classificado,False,0,0,0,0,UNKNOWN,0,0,0,0,0,0,0,0,0,0,0,0,0,0,0,0,0,0,0,0,0,1,0,0,0,0,0,0,0,0,0,0,0,0,0,0,0,0,0,0,0,0,0,0,1,0,0,0,0,0,0,0,0,0.9971575986750684,0.35000000000000003,0.8023255813953488
2019,18,giovinazzi,15,14,+1 Lap,0.0,70,giovinazzi_2019_18,0,+1 lap,classificado,False,0,0,0,0,UNKNOWN,0,0,0,0,0,0,0,0,0,0,0,0,0,0,0,0,0,0,0,0,0,1,0,0,0,0,0,0,0,0,0,0,0,0,0,0,0,1,0,0,0,0,0,0,0,0,0,0,0,0,0,0,0,0.9971575986750684,0.75,0.8023255813953488
2019,18,kevin_magnussen,17,15,+2 Laps,0.0,69,kevin_magnussen_2019_18,0,+2 laps,classificado,False,0,0,0,0,UNKNOWN,0,0,0,0,0,0,0,0,0,0,0,0,0,0,0,0,0,0,0,0,0,1,0,0,0,0,0,0,0,0,0,0,0,0,0,0,0,0,0,0,0,0,0,1,0,0,0,0,0,0,0,0,0,0.9020358715101766,0.8500000000000001,0.7906976744186046
2019,18,russell,19,16,+2 Laps,0.0,69,russell_2019_18,0,+2 laps,classificado,False,0,0,0,0,UNKNOWN,0,0,0,0,0,0,0,0,0,0,0,0,0,0,0,0,0,0,0,0,0,1,0,0,0,0,0,0,0,0,0,0,0,0,0,0,0,0,0,0,0,0,0,0,0,0,0,0,0,0,0,0,1,0.9020358715101766,0.9500000000000001,0.7906976744186046
2019,18,grosjean,18,17,+2 Laps,0.0,69,grosjean_2019_18,0,+2 laps,classificado,False,0,0,0,0,UNKNOWN,0,0,0,0,0,0,0,0,0,0,0,0,0,0,0,0,0,0,0,0,0,1,0,0,0,0,0,0,0,0,0,0,0,0,0,0,0,0,0,0,0,0,0,1,0,0,0,0,0,0,0,0,0,0.9020358715101766,0.9,0.7906976744186046
2019,18,kubica,20,18,+2 Laps,0.0,69,kubica_2019_18,0,+2 laps,classificado,False,0,0,0,0,UNKNOWN,0,0,0,0,0,0,0,0,0,0,0,0,0,0,0,0,0,0,0,0,0,1,0,0,0,0,0,0,0,0,0,0,0,0,0,0,0,0,0,0,0,0,0,0,0,0,0,0,0,0,0,0,1,0.9020358715101766,1.0,0.7906976744186046
2019,19,bottas,1,1,Finished,25.0,56,bottas_2019_19,0,finished,classificado,False,0,0,0,0,UNKNOWN,0,0,0,0,0,0,0,0,0,0,0,0,0,0,0,0,0,0,0,0,0,0,0,0,0,0,0,0,0,0,0,0,0,0,0,0,1,0,0,0,0,0,0,0,0,1,0,0,0,0,0,0,0,-0.334546581633417,0.05,0.6395348837209303
2019,19,hamilton,5,2,Finished,18.0,56,hamilton_2019_19,0,finished,classificado,False,0,0,0,0,UNKNOWN,0,0,0,0,0,0,0,0,0,0,0,0,0,0,0,0,0,0,0,0,0,0,0,0,0,0,0,0,0,0,0,0,0,0,0,0,1,0,0,0,0,0,0,0,0,1,0,0,0,0,0,0,0,-0.334546581633417,0.25,0.6395348837209303
2019,19,max_verstappen,3,3,Finished,15.0,56,max_verstappen_2019_19,0,finished,classificado,False,0,0,0,0,UNKNOWN,0,0,0,0,0,0,0,0,0,0,0,0,0,0,0,0,0,0,0,0,0,0,0,0,0,0,0,0,0,0,0,0,0,0,0,0,1,0,0,0,0,0,0,0,0,0,0,0,1,0,0,0,0,-0.334546581633417,0.15000000000000002,0.6395348837209303
2019,19,leclerc,4,4,Finished,13.0,56,leclerc_2019_19,0,finished,classificado,False,0,0,0,0,UNKNOWN,0,0,0,0,0,0,0,0,0,0,0,0,0,0,0,0,0,0,0,0,0,0,0,0,0,0,0,0,0,0,0,0,0,0,0,0,1,0,0,0,0,1,0,0,0,0,0,0,0,0,0,0,0,-0.334546581633417,0.2,0.6395348837209303
2019,19,albon,6,5,Finished,10.0,56,albon_2019_19,0,finished,classificado,False,0,0,0,0,UNKNOWN,0,0,0,0,0,0,0,0,0,0,0,0,0,0,0,0,0,0,0,0,0,0,0,0,0,0,0,0,0,0,0,0,0,0,0,0,1,0,0,0,0,0,0,0,0,0,0,0,1,0,0,0,0,-0.334546581633417,0.30000000000000004,0.6395348837209303
2019,19,ricciardo,9,6,Finished,8.0,56,ricciardo_2019_19,0,finished,classificado,False,0,0,0,0,UNKNOWN,0,0,0,0,0,0,0,0,0,0,0,0,0,0,0,0,0,0,0,0,0,0,0,0,0,0,0,0,0,0,0,0,0,0,0,0,1,0,0,0,0,0,0,0,0,0,0,0,0,1,0,0,0,-0.334546581633417,0.45,0.6395348837209303
2019,19,norris,8,7,Finished,6.0,56,norris_2019_19,0,finished,classificado,False,0,0,0,0,UNKNOWN,0,0,0,0,0,0,0,0,0,0,0,0,0,0,0,0,0,0,0,0,0,0,0,0,0,0,0,0,0,0,0,0,0,0,0,0,1,0,0,0,0,0,0,0,1,0,0,0,0,0,0,0,0,-0.334546581633417,0.4,0.6395348837209303
2019,19,sainz,7,8,+1 Lap,4.0,55,sainz_2019_19,0,+1 lap,classificado,False,0,0,0,0,UNKNOWN,0,0,0,0,0,0,0,0,0,0,0,0,0,0,0,0,0,0,0,0,0,0,0,0,0,0,0,0,0,0,0,0,0,0,0,0,1,0,0,0,0,0,0,0,1,0,0,0,0,0,0,0,0,-0.4296683087983088,0.35000000000000003,0.627906976744186
2019,19,hulkenberg,11,9,+1 Lap,2.0,55,hulkenberg_2019_19,0,+1 lap,classificado,False,0,0,0,0,UNKNOWN,0,0,0,0,0,0,0,0,0,0,0,0,0,0,0,0,0,0,0,0,0,0,0,0,0,0,0,0,0,0,0,0,0,0,0,0,1,0,0,0,0,0,0,0,0,0,0,0,0,1,0,0,0,-0.4296683087983088,0.55,0.627906976744186
2019,19,perez,0,10,+1 Lap,1.0,55,perez_2019_19,1,+1 lap,classificado,False,0,0,0,0,UNKNOWN,0,0,0,0,0,0,0,0,0,0,0,0,0,0,0,0,0,0,0,0,0,0,0,0,0,0,0,0,0,0,0,0,0,0,0,0,1,0,0,0,0,0,0,0,0,0,1,0,0,0,0,0,0,-0.4296683087983088,0.0,0.627906976744186
2019,19,raikkonen,17,11,+1 Lap,0.0,55,raikkonen_2019_19,0,+1 lap,classificado,False,0,0,0,0,UNKNOWN,0,0,0,0,0,0,0,0,0,0,0,0,0,0,0,0,0,0,0,0,0,0,0,0,0,0,0,0,0,0,0,0,0,0,0,0,1,1,0,0,0,0,0,0,0,0,0,0,0,0,0,0,0,-0.4296683087983088,0.8500000000000001,0.627906976744186
2019,19,kvyat,13,12,+1 Lap,0.0,55,kvyat_2019_19,0,+1 lap,classificado,False,0,0,0,0,UNKNOWN,0,0,0,0,0,0,0,0,0,0,0,0,0,0,0,0,0,0,0,0,0,0,0,0,0,0,0,0,0,0,0,0,0,0,0,0,1,0,0,0,0,0,0,0,0,0,0,0,0,0,0,1,0,-0.4296683087983088,0.65,0.627906976744186
2019,19,stroll,14,13,+1 Lap,0.0,55,stroll_2019_19,0,+1 lap,classificado,False,0,0,0,0,UNKNOWN,0,0,0,0,0,0,0,0,0,0,0,0,0,0,0,0,0,0,0,0,0,0,0,0,0,0,0,0,0,0,0,0,0,0,0,0,1,0,0,0,0,0,0,0,0,0,1,0,0,0,0,0,0,-0.4296683087983088,0.7000000000000001,0.627906976744186
2019,19,giovinazzi,16,14,+1 Lap,0.0,55,giovinazzi_2019_19,0,+1 lap,classificado,False,0,0,0,0,UNKNOWN,0,0,0,0,0,0,0,0,0,0,0,0,0,0,0,0,0,0,0,0,0,0,0,0,0,0,0,0,0,0,0,0,0,0,0,0,1,1,0,0,0,0,0,0,0,0,0,0,0,0,0,0,0,-0.4296683087983088,0.8,0.627906976744186
2019,19,grosjean,15,15,+1 Lap,0.0,55,grosjean_2019_19,0,+1 lap,classificado,False,0,0,0,0,UNKNOWN,0,0,0,0,0,0,0,0,0,0,0,0,0,0,0,0,0,0,0,0,0,0,0,0,0,0,0,0,0,0,0,0,0,0,0,0,1,0,0,0,0,0,0,1,0,0,0,0,0,0,0,0,0,-0.4296683087983088,0.75,0.627906976744186
2019,19,russell,18,17,+2 Laps,0.0,54,russell_2019_19,0,+2 laps,classificado,False,0,0,0,0,UNKNOWN,0,0,0,0,0,0,0,0,0,0,0,0,0,0,0,0,0,0,0,0,0,0,0,0,0,0,0,0,0,0,0,0,0,0,0,0,1,0,0,0,0,0,0,0,0,0,0,0,0,0,0,0,1,-0.5247900359632006,0.9,0.6162790697674418
2019,20,max_verstappen,1,1,Finished,25.0,71,max_verstappen_2019_20,0,finished,classificado,False,0,0,0,0,UNKNOWN,0,0,0,0,0,0,0,0,1,0,0,0,0,0,0,0,0,0,0,0,0,0,0,0,0,0,0,0,0,0,0,0,0,0,0,0,0,0,0,0,0,0,0,0,0,0,0,0,1,0,0,0,0,1.0922793258399601,0.05,0.813953488372093
2019,20,gasly,6,2,Finished,18.0,71,gasly_2019_20,0,finished,classificado,False,0,0,0,0,UNKNOWN,0,0,0,0,0,0,0,0,1,0,0,0,0,0,0,0,0,0,0,0,0,0,0,0,0,0,0,0,0,0,0,0,0,0,0,0,0,0,0,0,0,0,0,0,0,0,0,0,0,0,0,1,0,1.0922793258399601,0.30000000000000004,0.813953488372093
2019,20,sainz,20,3,Finished,15.0,71,sainz_2019_20,0,finished,classificado,False,0,0,0,0,UNKNOWN,0,0,0,0,0,0,0,0,1,0,0,0,0,0,0,0,0,0,0,0,0,0,0,0,0,0,0,0,0,0,0,0,0,0,0,0,0,0,0,0,0,0,0,0,1,0,0,0,0,0,0,0,0,1.0922793258399601,1.0,0.813953488372093
2019,20,raikkonen,8,4,Finished,12.0,71,raikkonen_2019_20,0,finished,classificado,False,0,0,0,0,UNKNOWN,0,0,0,0,0,0,0,0,1,0,0,0,0,0,0,0,0,0,0,0,0,0,0,0,0,0,0,0,0,0,0,0,0,0,0,0,0,1,0,0,0,0,0,0,0,0,0,0,0,0,0,0,0,1.0922793258399601,0.4,0.813953488372093
2019,20,giovinazzi,12,5,Finished,10.0,71,giovinazzi_2019_20,0,finished,classificado,False,0,0,0,0,UNKNOWN,0,0,0,0,0,0,0,0,1,0,0,0,0,0,0,0,0,0,0,0,0,0,0,0,0,0,0,0,0,0,0,0,0,0,0,0,0,1,0,0,0,0,0,0,0,0,0,0,0,0,0,0,0,1.0922793258399601,0.6000000000000001,0.813953488372093
2019,20,ricciardo,11,6,Finished,8.0,71,ricciardo_2019_20,0,finished,classificado,False,0,0,0,0,UNKNOWN,0,0,0,0,0,0,0,0,1,0,0,0,0,0,0,0,0,0,0,0,0,0,0,0,0,0,0,0,0,0,0,0,0,0,0,0,0,0,0,0,0,0,0,0,0,0,0,0,0,1,0,0,0,1.0922793258399601,0.55,0.813953488372093
2019,20,hamilton,3,7,Finished,6.0,71,hamilton_2019_20,0,finished,classificado,False,0,0,0,0,UNKNOWN,0,0,0,0,0,0,0,0,1,0,0,0,0,0,0,0,0,0,0,0,0,0,0,0,0,0,0,0,0,0,0,0,0,0,0,0,0,0,0,0,0,0,0,0,0,1,0,0,0,0,0,0,0,1.0922793258399601,0.15000000000000002,0.813953488372093
2019,20,norris,10,8,Finished,4.0,71,norris_2019_20,0,finished,classificado,False,0,0,0,0,UNKNOWN,0,0,0,0,0,0,0,0,1,0,0,0,0,0,0,0,0,0,0,0,0,0,0,0,0,0,0,0,0,0,0,0,0,0,0,0,0,0,0,0,0,0,0,0,1,0,0,0,0,0,0,0,0,1.0922793258399601,0.5,0.813953488372093
2019,20,perez,15,9,Finished,2.0,71,perez_2019_20,0,finished,classificado,False,0,0,0,0,UNKNOWN,0,0,0,0,0,0,0,0,1,0,0,0,0,0,0,0,0,0,0,0,0,0,0,0,0,0,0,0,0,0,0,0,0,0,0,0,0,0,0,0,0,0,0,0,0,0,1,0,0,0,0,0,0,1.0922793258399601,0.75,0.813953488372093
2019,20,kvyat,16,10,Finished,1.0,71,kvyat_2019_20,0,finished,classificado,False,0,0,0,0,UNKNOWN,0,0,0,0,0,0,0,0,1,0,0,0,0,0,0,0,0,0,0,0,0,0,0,0,0,0,0,0,0,0,0,0,0,0,0,0,0,0,0,0,0,0,0,0,0,0,0,0,0,0,0,1,0,1.0922793258399601,0.8,0.813953488372093
2019,20,kevin_magnussen,9,11,Finished,0.0,71,kevin_magnussen_2019_20,0,finished,classificado,False,0,0,0,0,UNKNOWN,0,0,0,0,0,0,0,0,1,0,0,0,0,0,0,0,0,0,0,0,0,0,0,0,0,0,0,0,0,0,0,0,0,0,0,0,0,0,0,0,0,0,0,1,0,0,0,0,0,0,0,0,0,1.0922793258399601,0.45,0.813953488372093
2019,20,russell,18,12,Finished,0.0,71,russell_2019_20,0,finished,classificado,False,0,0,0,0,UNKNOWN,0,0,0,0,0,0,0,0,1,0,0,0,0,0,0,0,0,0,0,0,0,0,0,0,0,0,0,0,0,0,0,0,0,0,0,0,0,0,0,0,0,0,0,0,0,0,0,0,0,0,0,0,1,1.0922793258399601,0.9,0.813953488372093
2019,20,grosjean,7,13,Finished,0.0,71,grosjean_2019_20,0,finished,classificado,False,0,0,0,0,UNKNOWN,0,0,0,0,0,0,0,0,1,0,0,0,0,0,0,0,0,0,0,0,0,0,0,0,0,0,0,0,0,0,0,0,0,0,0,0,0,0,0,0,0,0,0,1,0,0,0,0,0,0,0,0,0,1.0922793258399601,0.35000000000000003,0.813953488372093
2019,20,albon,5,14,Finished,0.0,71,albon_2019_20,0,finished,classificado,False,0,0,0,0,UNKNOWN,0,0,0,0,0,0,0,0,1,0,0,0,0,0,0,0,0,0,0,0,0,0,0,0,0,0,0,0,0,0,0,0,0,0,0,0,0,0,0,0,0,0,0,0,0,0,0,0,1,0,0,0,0,1.0922793258399601,0.25,0.813953488372093
2019,20,hulkenberg,13,15,Finished,0.0,71,hulkenberg_2019_20,0,finished,classificado,False,0,0,0,0,UNKNOWN,0,0,0,0,0,0,0,0,1,0,0,0,0,0,0,0,0,0,0,0,0,0,0,0,0,0,0,0,0,0,0,0,0,0,0,0,0,0,0,0,0,0,0,0,0,0,0,0,0,1,0,0,0,1.0922793258399601,0.65,0.813953488372093
2019,20,kubica,19,16,+1 Lap,0.0,70,kubica_2019_20,0,+1 lap,classificado,False,0,0,0,0,UNKNOWN,0,0,0,0,0,0,0,0,1,0,0,0,0,0,0,0,0,0,0,0,0,0,0,0,0,0,0,0,0,0,0,0,0,0,0,0,0,0,0,0,0,0,0,0,0,0,0,0,0,0,0,0,1,0.9971575986750684,0.9500000000000001,0.8023255813953488
2019,21,hamilton,1,1,Finished,26.0,55,hamilton_2019_21,0,finished,classificado,False,0,0,0,0,UNKNOWN,0,0,1,0,0,0,0,0,0,0,0,0,0,0,0,0,0,0,0,0,0,0,0,0,0,0,0,0,0,0,0,0,0,0,0,0,0,0,0,0,0,0,0,0,0,1,0,0,0,0,0,0,0,-0.4296683087983088,0.05,0.627906976744186
2019,21,max_verstappen,2,2,Finished,18.0,55,max_verstappen_2019_21,0,finished,classificado,False,0,0,0,0,UNKNOWN,0,0,1,0,0,0,0,0,0,0,0,0,0,0,0,0,0,0,0,0,0,0,0,0,0,0,0,0,0,0,0,0,0,0,0,0,0,0,0,0,0,0,0,0,0,0,0,0,1,0,0,0,0,-0.4296683087983088,0.1,0.627906976744186
2019,21,leclerc,3,3,Finished,15.0,55,leclerc_2019_21,0,finished,classificado,False,0,0,0,0,UNKNOWN,0,0,1,0,0,0,0,0,0,0,0,0,0,0,0,0,0,0,0,0,0,0,0,0,0,0,0,0,0,0,0,0,0,0,0,0,0,0,0,0,0,1,0,0,0,0,0,0,0,0,0,0,0,-0.4296683087983088,0.15000000000000002,0.627906976744186
2019,21,bottas,20,4,Finished,12.0,55,bottas_2019_21,0,finished,classificado,False,0,0,0,0,UNKNOWN,0,0,1,0,0,0,0,0,0,0,0,0,0,0,0,0,0,0,0,0,0,0,0,0,0,0,0,0,0,0,0,0,0,0,0,0,0,0,0,0,0,0,0,0,0,1,0,0,0,0,0,0,0,-0.4296683087983088,1.0,0.627906976744186
2019,21,vettel,4,5,Finished,10.0,55,vettel_2019_21,0,finished,classificado,False,0,0,0,0,UNKNOWN,0,0,1,0,0,0,0,0,0,0,0,0,0,0,0,0,0,0,0,0,0,0,0,0,0,0,0,0,0,0,0,0,0,0,0,0,0,0,0,0,0,1,0,0,0,0,0,0,0,0,0,0,0,-0.4296683087983088,0.2,0.627906976744186
2019,21,albon,5,6,Finished,8.0,55,albon_2019_21,0,finished,classificado,False,0,0,0,0,UNKNOWN,0,0,1,0,0,0,0,0,0,0,0,0,0,0,0,0,0,0,0,0,0,0,0,0,0,0,0,0,0,0,0,0,0,0,0,0,0,0,0,0,0,0,0,0,0,0,0,0,1,0,0,0,0,-0.4296683087983088,0.25,0.627906976744186
2019,21,perez,10,7,+1 Lap,6.0,54,perez_2019_21,0,+1 lap,classificado,False,0,0,0,0,UNKNOWN,0,0,1,0,0,0,0,0,0,0,0,0,0,0,0,0,0,0,0,0,0,0,0,0,0,0,0,0,0,0,0,0,0,0,0,0,0,0,0,0,0,0,0,0,0,0,1,0,0,0,0,0,0,-0.5247900359632006,0.5,0.6162790697674418
2019,21,norris,6,8,+1 Lap,4.0,54,norris_2019_21,0,+1 lap,classificado,False,0,0,0,0,UNKNOWN,0,0,1,0,0,0,0,0,0,0,0,0,0,0,0,0,0,0,0,0,0,0,0,0,0,0,0,0,0,0,0,0,0,0,0,0,0,0,0,0,0,0,0,0,1,0,0,0,0,0,0,0,0,-0.5247900359632006,0.30000000000000004,0.6162790697674418
2019,21,kvyat,13,9,+1 Lap,2.0,54,kvyat_2019_21,0,+1 lap,classificado,False,0,0,0,0,UNKNOWN,0,0,1,0,0,0,0,0,0,0,0,0,0,0,0,0,0,0,0,0,0,0,0,0,0,0,0,0,0,0,0,0,0,0,0,0,0,0,0,0,0,0,0,0,0,0,0,0,0,0,0,1,0,-0.5247900359632006,0.65,0.6162790697674418
2019,21,sainz,8,10,+1 Lap,1.0,54,sainz_2019_21,0,+1 lap,classificado,False,0,0,0,0,UNKNOWN,0,0,1,0,0,0,0,0,0,0,0,0,0,0,0,0,0,0,0,0,0,0,0,0,0,0,0,0,0,0,0,0,0,0,0,0,0,0,0,0,0,0,0,0,1,0,0,0,0,0,0,0,0,-0.5247900359632006,0.4,0.6162790697674418
2019,21,ricciardo,7,11,+1 Lap,0.0,54,ricciardo_2019_21,0,+1 lap,classificado,False,0,0,0,0,UNKNOWN,0,0,1,0,0,0,0,0,0,0,0,0,0,0,0,0,0,0,0,0,0,0,0,0,0,0,0,0,0,0,0,0,0,0,0,0,0,0,0,0,0,0,0,0,0,0,0,0,0,1,0,0,0,-0.5247900359632006,0.35000000000000003,0.6162790697674418
2019,21,hulkenberg,9,12,+1 Lap,0.0,54,hulkenberg_2019_21,0,+1 lap,classificado,False,0,0,0,0,UNKNOWN,0,0,1,0,0,0,0,0,0,0,0,0,0,0,0,0,0,0,0,0,0,0,0,0,0,0,0,0,0,0,0,0,0,0,0,0,0,0,0,0,0,0,0,0,0,0,0,0,0,1,0,0,0,-0.5247900359632006,0.45,0.6162790697674418
2019,21,raikkonen,17,13,+1 Lap,0.0,54,raikkonen_2019_21,0,+1 lap,classificado,False,0,0,0,0,UNKNOWN,0,0,1,0,0,0,0,0,0,0,0,0,0,0,0,0,0,0,0,0,0,0,0,0,0,0,0,0,0,0,0,0,0,0,0,0,0,1,0,0,0,0,0,0,0,0,0,0,0,0,0,0,0,-0.5247900359632006,0.8500000000000001,0.6162790697674418
2019,21,kevin_magnussen,14,14,+1 Lap,0.0,54,kevin_magnussen_2019_21,0,+1 lap,classificado,False,0,0,0,0,UNKNOWN,0,0,1,0,0,0,0,0,0,0,0,0,0,0,0,0,0,0,0,0,0,0,0,0,0,0,0,0,0,0,0,0,0,0,0,0,0,0,0,0,0,0,0,1,0,0,0,0,0,0,0,0,0,-0.5247900359632006,0.7000000000000001,0.6162790697674418
2019,21,grosjean,15,15,+1 Lap,0.0,54,grosjean_2019_21,0,+1 lap,classificado,False,0,0,0,0,UNKNOWN,0,0,1,0,0,0,0,0,0,0,0,0,0,0,0,0,0,0,0,0,0,0,0,0,0,0,0,0,0,0,0,0,0,0,0,0,0,0,0,0,0,0,0,1,0,0,0,0,0,0,0,0,0,-0.5247900359632006,0.75,0.6162790697674418
2019,21,giovinazzi,16,16,+1 Lap,0.0,54,giovinazzi_2019_21,0,+1 lap,classificado,False,0,0,0,0,UNKNOWN,0,0,1,0,0,0,0,0,0,0,0,0,0,0,0,0,0,0,0,0,0,0,0,0,0,0,0,0,0,0,0,0,0,0,0,0,0,1,0,0,0,0,0,0,0,0,0,0,0,0,0,0,0,-0.5247900359632006,0.8,0.6162790697674418
2019,21,russell,18,17,+1 Lap,0.0,54,russell_2019_21,0,+1 lap,classificado,False,0,0,0,0,UNKNOWN,0,0,1,0,0,0,0,0,0,0,0,0,0,0,0,0,0,0,0,0,0,0,0,0,0,0,0,0,0,0,0,0,0,0,0,0,0,0,0,0,0,0,0,0,0,0,0,0,0,0,0,0,1,-0.5247900359632006,0.9,0.6162790697674418
2019,21,gasly,11,18,+2 Laps,0.0,53,gasly_2019_21,0,+2 laps,classificado,False,0,0,0,0,UNKNOWN,0,0,1,0,0,0,0,0,0,0,0,0,0,0,0,0,0,0,0,0,0,0,0,0,0,0,0,0,0,0,0,0,0,0,0,0,0,0,0,0,0,0,0,0,0,0,0,0,0,0,0,1,0,-0.6199117631280925,0.55,0.6046511627906976
2019,21,kubica,19,19,+2 Laps,0.0,53,kubica_2019_21,0,+2 laps,classificado,False,0,0,0,0,UNKNOWN,0,0,1,0,0,0,0,0,0,0,0,0,0,0,0,0,0,0,0,0,0,0,0,0,0,0,0,0,0,0,0,0,0,0,0,0,0,0,0,0,0,0,0,0,0,0,0,0,0,0,0,0,1,-0.6199117631280925,0.9500000000000001,0.6046511627906976
2020,1,bottas,1,1,Finished,25.0,71,bottas_2020_1,0,finished,classificado,False,0,0,0,0,UNKNOWN,0,0,0,0,1,0,0,0,0,0,0,0,0,0,0,0,0,0,0,0,0,0,0,0,0,0,0,0,0,0,0,0,0,0,0,0,0,0,0,0,0,0,0,0,0,1,0,0,0,0,0,0,0,1.0922793258399601,0.05,0.813953488372093
2020,1,leclerc,7,2,Finished,18.0,71,leclerc_2020_1,0,finished,classificado,False,0,0,0,0,UNKNOWN,0,0,0,0,1,0,0,0,0,0,0,0,0,0,0,0,0,0,0,0,0,0,0,0,0,0,0,0,0,0,0,0,0,0,0,0,0,0,0,0,0,1,0,0,0,0,0,0,0,0,0,0,0,1.0922793258399601,0.35000000000000003,0.813953488372093
2020,1,norris,3,3,Finished,16.0,71,norris_2020_1,0,finished,classificado,False,0,0,0,0,UNKNOWN,0,0,0,0,1,0,0,0,0,0,0,0,0,0,0,0,0,0,0,0,0,0,0,0,0,0,0,0,0,0,0,0,0,0,0,0,0,0,0,0,0,0,0,0,1,0,0,0,0,0,0,0,0,1.0922793258399601,0.15000000000000002,0.813953488372093
2020,1,hamilton,5,4,Finished,12.0,71,hamilton_2020_1,0,finished,classificado,False,0,0,0,0,UNKNOWN,0,0,0,0,1,0,0,0,0,0,0,0,0,0,0,0,0,0,0,0,0,0,0,0,0,0,0,0,0,0,0,0,0,0,0,0,0,0,0,0,0,0,0,0,0,1,0,0,0,0,0,0,0,1.0922793258399601,0.25,0.813953488372093
2020,1,sainz,8,5,Finished,10.0,71,sainz_2020_1,0,finished,classificado,False,0,0,0,0,UNKNOWN,0,0,0,0,1,0,0,0,0,0,0,0,0,0,0,0,0,0,0,0,0,0,0,0,0,0,0,0,0,0,0,0,0,0,0,0,0,0,0,0,0,0,0,0,1,0,0,0,0,0,0,0,0,1.0922793258399601,0.4,0.813953488372093
2020,1,perez,6,6,Finished,8.0,71,perez_2020_1,0,finished,classificado,False,0,0,0,0,UNKNOWN,0,0,0,0,1,0,0,0,0,0,0,0,0,0,0,0,0,0,0,0,0,0,0,0,0,0,0,0,0,0,0,0,0,0,0,0,0,0,0,0,0,0,0,0,0,0,1,0,0,0,0,0,0,1.0922793258399601,0.30000000000000004,0.813953488372093
2020,1,gasly,12,7,Finished,6.0,71,gasly_2020_1,0,finished,classificado,False,0,0,0,0,UNKNOWN,0,0,0,0,1,0,0,0,0,0,0,0,0,0,0,0,0,0,0,0,0,0,0,0,0,0,0,0,0,0,0,0,0,0,0,0,0,0,1,0,0,0,0,0,0,0,0,0,0,0,0,0,0,1.0922793258399601,0.6000000000000001,0.813953488372093
2020,1,ocon,14,8,Finished,4.0,71,ocon_2020_1,0,finished,classificado,False,0,0,0,0,UNKNOWN,0,0,0,0,1,0,0,0,0,0,0,0,0,0,0,0,0,0,0,0,0,0,0,0,0,0,0,0,0,0,0,0,0,0,0,0,0,0,0,0,0,0,0,0,0,0,0,0,0,1,0,0,0,1.0922793258399601,0.7000000000000001,0.813953488372093
2020,1,giovinazzi,18,9,Finished,2.0,71,giovinazzi_2020_1,0,finished,classificado,False,0,0,0,0,UNKNOWN,0,0,0,0,1,0,0,0,0,0,0,0,0,0,0,0,0,0,0,0,0,0,0,0,0,0,0,0,0,0,0,0,0,0,0,0,0,1,0,0,0,0,0,0,0,0,0,0,0,0,0,0,0,1.0922793258399601,0.9,0.813953488372093
2020,1,vettel,11,10,Finished,1.0,71,vettel_2020_1,0,finished,classificado,False,0,0,0,0,UNKNOWN,0,0,0,0,1,0,0,0,0,0,0,0,0,0,0,0,0,0,0,0,0,0,0,0,0,0,0,0,0,0,0,0,0,0,0,0,0,0,0,0,0,1,0,0,0,0,0,0,0,0,0,0,0,1.0922793258399601,0.55,0.813953488372093
2020,1,latifi,20,11,Finished,0.0,71,latifi_2020_1,0,finished,classificado,False,0,0,0,0,UNKNOWN,0,0,0,0,1,0,0,0,0,0,0,0,0,0,0,0,0,0,0,0,0,0,0,0,0,0,0,0,0,0,0,0,0,0,0,0,0,0,0,0,0,0,0,0,0,0,0,0,0,0,0,0,1,1.0922793258399601,1.0,0.813953488372093
2020,2,hamilton,1,1,Finished,25.0,71,hamilton_2020_2,0,finished,classificado,False,0,0,0,0,UNKNOWN,0,0,0,0,0,0,0,0,0,0,0,0,0,0,0,0,0,0,0,0,0,0,0,0,0,0,0,0,0,0,0,0,1,0,0,0,0,0,0,0,0,0,0,0,0,1,0,0,0,0,0,0,0,1.0922793258399601,0.05,0.813953488372093
2020,2,bottas,4,2,Finished,18.0,71,bottas_2020_2,0,finished,classificado,False,0,0,0,0,UNKNOWN,0,0,0,0,0,0,0,0,0,0,0,0,0,0,0,0,0,0,0,0,0,0,0,0,0,0,0,0,0,0,0,0,1,0,0,0,0,0,0,0,0,0,0,0,0,1,0,0,0,0,0,0,0,1.0922793258399601,0.2,0.813953488372093
2020,2,max_verstappen,2,3,Finished,15.0,71,max_verstappen_2020_2,0,finished,classificado,False,0,0,0,0,UNKNOWN,0,0,0,0,0,0,0,0,0,0,0,0,0,0,0,0,0,0,0,0,0,0,0,0,0,0,0,0,0,0,0,0,1,0,0,0,0,0,0,0,0,0,0,0,0,0,0,0,1,0,0,0,0,1.0922793258399601,0.1,0.813953488372093
2020,2,albon,6,4,Finished,12.0,71,albon_2020_2,0,finished,classificado,False,0,0,0,0,UNKNOWN,0,0,0,0,0,0,0,0,0,0,0,0,0,0,0,0,0,0,0,0,0,0,0,0,0,0,0,0,0,0,0,0,1,0,0,0,0,0,0,0,0,0,0,0,0,0,0,0,1,0,0,0,0,1.0922793258399601,0.30000000000000004,0.813953488372093
2020,2,norris,9,5,Finished,10.0,71,norris_2020_2,0,finished,classificado,False,0,0,0,0,UNKNOWN,0,0,0,0,0,0,0,0,0,0,0,0,0,0,0,0,0,0,0,0,0,0,0,0,0,0,0,0,0,0,0,0,1,0,0,0,0,0,0,0,0,0,0,0,1,0,0,0,0,0,0,0,0,1.0922793258399601,0.45,0.813953488372093
2020,2,perez,17,6,Finished,8.0,71,perez_2020_2,0,finished,classificado,False,0,0,0,0,UNKNOWN,0,0,0,0,0,0,0,0,0,0,0,0,0,0,0,0,0,0,0,0,0,0,0,0,0,0,0,0,0,0,0,0,1,0,0,0,0,0,0,0,0,0,0,0,0,0,1,0,0,0,0,0,0,1.0922793258399601,0.8500000000000001,0.813953488372093
2020,2,stroll,12,7,Finished,6.0,71,stroll_2020_2,0,finished,classificado,False,0,0,0,0,UNKNOWN,0,0,0,0,0,0,0,0,0,0,0,0,0,0,0,0,0,0,0,0,0,0,0,0,0,0,0,0,0,0,0,0,1,0,0,0,0,0,0,0,0,0,0,0,0,0,1,0,0,0,0,0,0,1.0922793258399601,0.6000000000000001,0.813953488372093
2020,2,ricciardo,8,8,Finished,4.0,71,ricciardo_2020_2,0,finished,classificado,False,0,0,0,0,UNKNOWN,0,0,0,0,0,0,0,0,0,0,0,0,0,0,0,0,0,0,0,0,0,0,0,0,0,0,0,0,0,0,0,0,1,0,0,0,0,0,0,0,0,0,0,0,0,0,0,0,0,1,0,0,0,1.0922793258399601,0.4,0.813953488372093
2020,2,sainz,3,9,+1 Lap,3.0,70,sainz_2020_2,0,+1 lap,classificado,False,0,0,0,0,UNKNOWN,0,0,0,0,0,0,0,0,0,0,0,0,0,0,0,0,0,0,0,0,0,0,0,0,0,0,0,0,0,0,0,0,1,0,0,0,0,0,0,0,0,0,0,0,1,0,0,0,0,0,0,0,0,0.9971575986750684,0.15000000000000002,0.8023255813953488
2020,2,kvyat,13,10,+1 Lap,1.0,70,kvyat_2020_2,0,+1 lap,classificado,False,0,0,0,0,UNKNOWN,0,0,0,0,0,0,0,0,0,0,0,0,0,0,0,0,0,0,0,0,0,0,0,0,0,0,0,0,0,0,0,0,1,0,0,0,0,0,1,0,0,0,0,0,0,0,0,0,0,0,0,0,0,0.9971575986750684,0.65,0.8023255813953488
2020,2,raikkonen,16,11,+1 Lap,0.0,70,raikkonen_2020_2,0,+1 lap,classificado,False,0,0,0,0,UNKNOWN,0,0,0,0,0,0,0,0,0,0,0,0,0,0,0,0,0,0,0,0,0,0,0,0,0,0,0,0,0,0,0,0,1,0,0,0,0,1,0,0,0,0,0,0,0,0,0,0,0,0,0,0,0,0.9971575986750684,0.8,0.8023255813953488
2020,2,kevin_magnussen,15,12,+1 Lap,0.0,70,kevin_magnussen_2020_2,0,+1 lap,classificado,False,0,0,0,0,UNKNOWN,0,0,0,0,0,0,0,0,0,0,0,0,0,0,0,0,0,0,0,0,0,0,0,0,0,0,0,0,0,0,0,0,1,0,0,0,0,0,0,0,0,0,0,1,0,0,0,0,0,0,0,0,0,0.9971575986750684,0.75,0.8023255813953488
2020,2,grosjean,0,13,+1 Lap,0.0,70,grosjean_2020_2,1,+1 lap,classificado,False,0,0,0,0,UNKNOWN,0,0,0,0,0,0,0,0,0,0,0,0,0,0,0,0,0,0,0,0,0,0,0,0,0,0,0,0,0,0,0,0,1,0,0,0,0,0,0,0,0,0,0,1,0,0,0,0,0,0,0,0,0,0.9971575986750684,0.0,0.8023255813953488
2020,2,giovinazzi,19,14,+1 Lap,0.0,70,giovinazzi_2020_2,0,+1 lap,classificado,False,0,0,0,0,UNKNOWN,0,0,0,0,0,0,0,0,0,0,0,0,0,0,0,0,0,0,0,0,0,0,0,0,0,0,0,0,0,0,0,0,1,0,0,0,0,1,0,0,0,0,0,0,0,0,0,0,0,0,0,0,0,0.9971575986750684,0.9500000000000001,0.8023255813953488
2020,2,gasly,7,15,+1 Lap,0.0,70,gasly_2020_2,0,+1 lap,classificado,False,0,0,0,0,UNKNOWN,0,0,0,0,0,0,0,0,0,0,0,0,0,0,0,0,0,0,0,0,0,0,0,0,0,0,0,0,0,0,0,0,1,0,0,0,0,0,1,0,0,0,0,0,0,0,0,0,0,0,0,0,0,0.9971575986750684,0.35000000000000003,0.8023255813953488
2020,2,russell,11,16,+2 Laps,0.0,69,russell_2020_2,0,+2 laps,classificado,False,0,0,0,0,UNKNOWN,0,0,0,0,0,0,0,0,0,0,0,0,0,0,0,0,0,0,0,0,0,0,0,0,0,0,0,0,0,0,0,0,1,0,0,0,0,0,0,0,0,0,0,0,0,0,0,0,0,0,0,0,1,0.9020358715101766,0.55,0.7906976744186046
2020,2,latifi,18,17,+2 Laps,0.0,69,latifi_2020_2,0,+2 laps,classificado,False,0,0,0,0,UNKNOWN,0,0,0,0,0,0,0,0,0,0,0,0,0,0,0,0,0,0,0,0,0,0,0,0,0,0,0,0,0,0,0,0,1,0,0,0,0,0,0,0,0,0,0,0,0,0,0,0,0,0,0,0,1,0.9020358715101766,0.9,0.7906976744186046
2020,3,hamilton,1,1,Finished,26.0,70,hamilton_2020_3,0,finished,classificado,False,0,0,0,0,UNKNOWN,0,0,0,0,0,0,0,0,0,0,0,0,0,0,0,0,0,1,0,0,0,0,0,0,0,0,0,0,0,0,0,0,0,0,0,0,0,0,0,0,0,0,0,0,0,1,0,0,0,0,0,0,0,0.9971575986750684,0.05,0.8023255813953488
2020,3,max_verstappen,7,2,Finished,18.0,70,max_verstappen_2020_3,0,finished,classificado,False,0,0,0,0,UNKNOWN,0,0,0,0,0,0,0,0,0,0,0,0,0,0,0,0,0,1,0,0,0,0,0,0,0,0,0,0,0,0,0,0,0,0,0,0,0,0,0,0,0,0,0,0,0,0,0,0,1,0,0,0,0,0.9971575986750684,0.35000000000000003,0.8023255813953488
2020,3,bottas,2,3,Finished,15.0,70,bottas_2020_3,0,finished,classificado,False,0,0,0,0,UNKNOWN,0,0,0,0,0,0,0,0,0,0,0,0,0,0,0,0,0,1,0,0,0,0,0,0,0,0,0,0,0,0,0,0,0,0,0,0,0,0,0,0,0,0,0,0,0,1,0,0,0,0,0,0,0,0.9971575986750684,0.1,0.8023255813953488
2020,3,stroll,3,4,Finished,12.0,70,stroll_2020_3,0,finished,classificado,False,0,0,0,0,UNKNOWN,0,0,0,0,0,0,0,0,0,0,0,0,0,0,0,0,0,1,0,0,0,0,0,0,0,0,0,0,0,0,0,0,0,0,0,0,0,0,0,0,0,0,0,0,0,0,1,0,0,0,0,0,0,0.9971575986750684,0.15000000000000002,0.8023255813953488
2020,3,albon,13,5,Finished,10.0,70,albon_2020_3,0,finished,classificado,False,0,0,0,0,UNKNOWN,0,0,0,0,0,0,0,0,0,0,0,0,0,0,0,0,0,1,0,0,0,0,0,0,0,0,0,0,0,0,0,0,0,0,0,0,0,0,0,0,0,0,0,0,0,0,0,0,1,0,0,0,0,0.9971575986750684,0.65,0.8023255813953488
2020,3,vettel,5,6,+1 Lap,8.0,69,vettel_2020_3,0,+1 lap,classificado,False,0,0,0,0,UNKNOWN,0,0,0,0,0,0,0,0,0,0,0,0,0,0,0,0,0,1,0,0,0,0,0,0,0,0,0,0,0,0,0,0,0,0,0,0,0,0,0,0,0,1,0,0,0,0,0,0,0,0,0,0,0,0.9020358715101766,0.25,0.7906976744186046
2020,3,perez,4,7,+1 Lap,6.0,69,perez_2020_3,0,+1 lap,classificado,False,0,0,0,0,UNKNOWN,0,0,0,0,0,0,0,0,0,0,0,0,0,0,0,0,0,1,0,0,0,0,0,0,0,0,0,0,0,0,0,0,0,0,0,0,0,0,0,0,0,0,0,0,0,0,1,0,0,0,0,0,0,0.9020358715101766,0.2,0.7906976744186046
2020,3,ricciardo,11,8,+1 Lap,4.0,69,ricciardo_2020_3,0,+1 lap,classificado,False,0,0,0,0,UNKNOWN,0,0,0,0,0,0,0,0,0,0,0,0,0,0,0,0,0,1,0,0,0,0,0,0,0,0,0,0,0,0,0,0,0,0,0,0,0,0,0,0,0,0,0,0,0,0,0,0,0,1,0,0,0,0.9020358715101766,0.55,0.7906976744186046
2020,3,sainz,9,9,+1 Lap,2.0,69,sainz_2020_3,0,+1 lap,classificado,False,0,0,0,0,UNKNOWN,0,0,0,0,0,0,0,0,0,0,0,0,0,0,0,0,0,1,0,0,0,0,0,0,0,0,0,0,0,0,0,0,0,0,0,0,0,0,0,0,0,0,0,0,1,0,0,0,0,0,0,0,0,0.9020358715101766,0.45,0.7906976744186046
2020,3,kevin_magnussen,0,10,+1 Lap,1.0,69,kevin_magnussen_2020_3,1,+1 lap,classificado,False,0,0,0,0,UNKNOWN,0,0,0,0,0,0,0,0,0,0,0,0,0,0,0,0,0,1,0,0,0,0,0,0,0,0,0,0,0,0,0,0,0,0,0,0,0,0,0,0,0,0,0,1,0,0,0,0,0,0,0,0,0,0.9020358715101766,0.0,0.7906976744186046
2020,3,leclerc,6,11,+1 Lap,0.0,69,leclerc_2020_3,0,+1 lap,classificado,False,0,0,0,0,UNKNOWN,0,0,0,0,0,0,0,0,0,0,0,0,0,0,0,0,0,1,0,0,0,0,0,0,0,0,0,0,0,0,0,0,0,0,0,0,0,0,0,0,0,1,0,0,0,0,0,0,0,0,0,0,0,0.9020358715101766,0.30000000000000004,0.7906976744186046
2020,3,kvyat,17,12,+1 Lap,0.0,69,kvyat_2020_3,0,+1 lap,classificado,False,0,0,0,0,UNKNOWN,0,0,0,0,0,0,0,0,0,0,0,0,0,0,0,0,0,1,0,0,0,0,0,0,0,0,0,0,0,0,0,0,0,0,0,0,0,0,1,0,0,0,0,0,0,0,0,0,0,0,0,0,0,0.9020358715101766,0.8500000000000001,0.7906976744186046
2020,3,norris,8,13,+1 Lap,0.0,69,norris_2020_3,0,+1 lap,classificado,False,0,0,0,0,UNKNOWN,0,0,0,0,0,0,0,0,0,0,0,0,0,0,0,0,0,1,0,0,0,0,0,0,0,0,0,0,0,0,0,0,0,0,0,0,0,0,0,0,0,0,0,0,1,0,0,0,0,0,0,0,0,0.9020358715101766,0.4,0.7906976744186046
2020,3,ocon,14,14,+1 Lap,0.0,69,ocon_2020_3,0,+1 lap,classificado,False,0,0,0,0,UNKNOWN,0,0,0,0,0,0,0,0,0,0,0,0,0,0,0,0,0,1,0,0,0,0,0,0,0,0,0,0,0,0,0,0,0,0,0,0,0,0,0,0,0,0,0,0,0,0,0,0,0,1,0,0,0,0.9020358715101766,0.7000000000000001,0.7906976744186046
2020,3,raikkonen,20,15,+1 Lap,0.0,69,raikkonen_2020_3,0,+1 lap,classificado,False,0,0,0,0,UNKNOWN,0,0,0,0,0,0,0,0,0,0,0,0,0,0,0,0,0,1,0,0,0,0,0,0,0,0,0,0,0,0,0,0,0,0,0,0,0,1,0,0,0,0,0,0,0,0,0,0,0,0,0,0,0,0.9020358715101766,1.0,0.7906976744186046
2020,3,grosjean,0,16,+1 Lap,0.0,69,grosjean_2020_3,1,+1 lap,classificado,False,0,0,0,0,UNKNOWN,0,0,0,0,0,0,0,0,0,0,0,0,0,0,0,0,0,1,0,0,0,0,0,0,0,0,0,0,0,0,0,0,0,0,0,0,0,0,0,0,0,0,0,1,0,0,0,0,0,0,0,0,0,0.9020358715101766,0.0,0.7906976744186046
2020,3,giovinazzi,19,17,+1 Lap,0.0,69,giovinazzi_2020_3,0,+1 lap,classificado,False,0,0,0,0,UNKNOWN,0,0,0,0,0,0,0,0,0,0,0,0,0,0,0,0,0,1,0,0,0,0,0,0,0,0,0,0,0,0,0,0,0,0,0,0,0,1,0,0,0,0,0,0,0,0,0,0,0,0,0,0,0,0.9020358715101766,0.9500000000000001,0.7906976744186046
2020,3,russell,12,18,+1 Lap,0.0,69,russell_2020_3,0,+1 lap,classificado,False,0,0,0,0,UNKNOWN,0,0,0,0,0,0,0,0,0,0,0,0,0,0,0,0,0,1,0,0,0,0,0,0,0,0,0,0,0,0,0,0,0,0,0,0,0,0,0,0,0,0,0,0,0,0,0,0,0,0,0,0,1,0.9020358715101766,0.6000000000000001,0.7906976744186046
2020,3,latifi,15,19,+5 Laps,0.0,65,latifi_2020_3,0,+5 laps,classificado,False,0,0,0,0,UNKNOWN,0,0,0,0,0,0,0,0,0,0,0,0,0,0,0,0,0,1,0,0,0,0,0,0,0,0,0,0,0,0,0,0,0,0,0,0,0,0,0,0,0,0,0,0,0,0,0,0,0,0,0,0,1,0.5215489628506094,0.75,0.7441860465116279
2020,4,hamilton,1,1,Finished,25.0,52,hamilton_2020_4,0,finished,classificado,False,0,0,0,0,UNKNOWN,0,0,0,0,0,0,0,0,0,1,0,0,0,0,0,0,0,0,0,0,0,0,0,0,0,0,0,0,0,0,0,0,0,0,0,0,0,0,0,0,0,0,0,0,0,1,0,0,0,0,0,0,0,-0.7150334902929842,0.05,0.5930232558139534
2020,4,max_verstappen,3,2,Finished,19.0,52,max_verstappen_2020_4,0,finished,classificado,False,0,0,0,0,UNKNOWN,0,0,0,0,0,0,0,0,0,1,0,0,0,0,0,0,0,0,0,0,0,0,0,0,0,0,0,0,0,0,0,0,0,0,0,0,0,0,0,0,0,0,0,0,0,0,0,0,1,0,0,0,0,-0.7150334902929842,0.15000000000000002,0.5930232558139534
2020,4,leclerc,4,3,Finished,15.0,52,leclerc_2020_4,0,finished,classificado,False,0,0,0,0,UNKNOWN,0,0,0,0,0,0,0,0,0,1,0,0,0,0,0,0,0,0,0,0,0,0,0,0,0,0,0,0,0,0,0,0,0,0,0,0,0,0,0,0,0,1,0,0,0,0,0,0,0,0,0,0,0,-0.7150334902929842,0.2,0.5930232558139534
2020,4,ricciardo,8,4,Finished,12.0,52,ricciardo_2020_4,0,finished,classificado,False,0,0,0,0,UNKNOWN,0,0,0,0,0,0,0,0,0,1,0,0,0,0,0,0,0,0,0,0,0,0,0,0,0,0,0,0,0,0,0,0,0,0,0,0,0,0,0,0,0,0,0,0,0,0,0,0,0,1,0,0,0,-0.7150334902929842,0.4,0.5930232558139534
2020,4,norris,5,5,Finished,10.0,52,norris_2020_4,0,finished,classificado,False,0,0,0,0,UNKNOWN,0,0,0,0,0,0,0,0,0,1,0,0,0,0,0,0,0,0,0,0,0,0,0,0,0,0,0,0,0,0,0,0,0,0,0,0,0,0,0,0,0,0,0,0,1,0,0,0,0,0,0,0,0,-0.7150334902929842,0.25,0.5930232558139534
2020,4,ocon,9,6,Finished,8.0,52,ocon_2020_4,0,finished,classificado,False,0,0,0,0,UNKNOWN,0,0,0,0,0,0,0,0,0,1,0,0,0,0,0,0,0,0,0,0,0,0,0,0,0,0,0,0,0,0,0,0,0,0,0,0,0,0,0,0,0,0,0,0,0,0,0,0,0,1,0,0,0,-0.7150334902929842,0.45,0.5930232558139534
2020,4,gasly,11,7,Finished,6.0,52,gasly_2020_4,0,finished,classificado,False,0,0,0,0,UNKNOWN,0,0,0,0,0,0,0,0,0,1,0,0,0,0,0,0,0,0,0,0,0,0,0,0,0,0,0,0,0,0,0,0,0,0,0,0,0,0,1,0,0,0,0,0,0,0,0,0,0,0,0,0,0,-0.7150334902929842,0.55,0.5930232558139534
2020,4,albon,12,8,Finished,4.0,52,albon_2020_4,0,finished,classificado,False,0,0,0,0,UNKNOWN,0,0,0,0,0,0,0,0,0,1,0,0,0,0,0,0,0,0,0,0,0,0,0,0,0,0,0,0,0,0,0,0,0,0,0,0,0,0,0,0,0,0,0,0,0,0,0,0,1,0,0,0,0,-0.7150334902929842,0.6000000000000001,0.5930232558139534
2020,4,stroll,6,9,Finished,2.0,52,stroll_2020_4,0,finished,classificado,False,0,0,0,0,UNKNOWN,0,0,0,0,0,0,0,0,0,1,0,0,0,0,0,0,0,0,0,0,0,0,0,0,0,0,0,0,0,0,0,0,0,0,0,0,0,0,0,0,0,0,0,0,0,0,1,0,0,0,0,0,0,-0.7150334902929842,0.30000000000000004,0.5930232558139534
2020,4,vettel,10,10,Finished,1.0,52,vettel_2020_4,0,finished,classificado,False,0,0,0,0,UNKNOWN,0,0,0,0,0,0,0,0,0,1,0,0,0,0,0,0,0,0,0,0,0,0,0,0,0,0,0,0,0,0,0,0,0,0,0,0,0,0,0,0,0,1,0,0,0,0,0,0,0,0,0,0,0,-0.7150334902929842,0.5,0.5930232558139534
2020,4,bottas,2,11,Finished,0.0,52,bottas_2020_4,0,finished,classificado,False,0,0,0,0,UNKNOWN,0,0,0,0,0,0,0,0,0,1,0,0,0,0,0,0,0,0,0,0,0,0,0,0,0,0,0,0,0,0,0,0,0,0,0,0,0,0,0,0,0,0,0,0,0,1,0,0,0,0,0,0,0,-0.7150334902929842,0.1,0.5930232558139534
2020,4,russell,20,12,Finished,0.0,52,russell_2020_4,0,finished,classificado,False,0,0,0,0,UNKNOWN,0,0,0,0,0,0,0,0,0,1,0,0,0,0,0,0,0,0,0,0,0,0,0,0,0,0,0,0,0,0,0,0,0,0,0,0,0,0,0,0,0,0,0,0,0,0,0,0,0,0,0,0,1,-0.7150334902929842,1.0,0.5930232558139534
2020,4,sainz,7,13,Finished,0.0,52,sainz_2020_4,0,finished,classificado,False,0,0,0,0,UNKNOWN,0,0,0,0,0,0,0,0,0,1,0,0,0,0,0,0,0,0,0,0,0,0,0,0,0,0,0,0,0,0,0,0,0,0,0,0,0,0,0,0,0,0,0,0,1,0,0,0,0,0,0,0,0,-0.7150334902929842,0.35000000000000003,0.5930232558139534
2020,4,giovinazzi,15,14,Finished,0.0,52,giovinazzi_2020_4,0,finished,classificado,False,0,0,0,0,UNKNOWN,0,0,0,0,0,0,0,0,0,1,0,0,0,0,0,0,0,0,0,0,0,0,0,0,0,0,0,0,0,0,0,0,0,0,0,0,0,1,0,0,0,0,0,0,0,0,0,0,0,0,0,0,0,-0.7150334902929842,0.75,0.5930232558139534
2020,4,latifi,18,15,Finished,0.0,52,latifi_2020_4,0,finished,classificado,False,0,0,0,0,UNKNOWN,0,0,0,0,0,0,0,0,0,1,0,0,0,0,0,0,0,0,0,0,0,0,0,0,0,0,0,0,0,0,0,0,0,0,0,0,0,0,0,0,0,0,0,0,0,0,0,0,0,0,0,0,1,-0.7150334902929842,0.9,0.5930232558139534
2020,4,grosjean,17,16,Finished,0.0,52,grosjean_2020_4,0,finished,classificado,False,0,0,0,0,UNKNOWN,0,0,0,0,0,0,0,0,0,1,0,0,0,0,0,0,0,0,0,0,0,0,0,0,0,0,0,0,0,0,0,0,0,0,0,0,0,0,0,0,0,0,0,1,0,0,0,0,0,0,0,0,0,-0.7150334902929842,0.8500000000000001,0.5930232558139534
2020,4,raikkonen,16,17,+1 Lap,0.0,51,raikkonen_2020_4,0,+1 lap,classificado,False,0,0,0,0,UNKNOWN,0,0,0,0,0,0,0,0,0,1,0,0,0,0,0,0,0,0,0,0,0,0,0,0,0,0,0,0,0,0,0,0,0,0,0,0,0,1,0,0,0,0,0,0,0,0,0,0,0,0,0,0,0,-0.8101552174578761,0.8,0.5813953488372092
2020,5,max_verstappen,4,1,Finished,25.0,52,max_verstappen_2020_5,0,finished,classificado,False,0,0,0,0,UNKNOWN,0,1,0,0,0,0,0,0,0,0,0,0,0,0,0,0,0,0,0,0,0,0,0,0,0,0,0,0,0,0,0,0,0,0,0,0,0,0,0,0,0,0,0,0,0,0,0,0,1,0,0,0,0,-0.7150334902929842,0.2,0.5930232558139534
2020,5,hamilton,2,2,Finished,19.0,52,hamilton_2020_5,0,finished,classificado,False,0,0,0,0,UNKNOWN,0,1,0,0,0,0,0,0,0,0,0,0,0,0,0,0,0,0,0,0,0,0,0,0,0,0,0,0,0,0,0,0,0,0,0,0,0,0,0,0,0,0,0,0,0,1,0,0,0,0,0,0,0,-0.7150334902929842,0.1,0.5930232558139534
2020,5,bottas,1,3,Finished,15.0,52,bottas_2020_5,0,finished,classificado,False,0,0,0,0,UNKNOWN,0,1,0,0,0,0,0,0,0,0,0,0,0,0,0,0,0,0,0,0,0,0,0,0,0,0,0,0,0,0,0,0,0,0,0,0,0,0,0,0,0,0,0,0,0,1,0,0,0,0,0,0,0,-0.7150334902929842,0.05,0.5930232558139534
2020,5,leclerc,8,4,Finished,12.0,52,leclerc_2020_5,0,finished,classificado,False,0,0,0,0,UNKNOWN,0,1,0,0,0,0,0,0,0,0,0,0,0,0,0,0,0,0,0,0,0,0,0,0,0,0,0,0,0,0,0,0,0,0,0,0,0,0,0,0,0,1,0,0,0,0,0,0,0,0,0,0,0,-0.7150334902929842,0.4,0.5930232558139534
2020,5,albon,9,5,Finished,10.0,52,albon_2020_5,0,finished,classificado,False,0,0,0,0,UNKNOWN,0,1,0,0,0,0,0,0,0,0,0,0,0,0,0,0,0,0,0,0,0,0,0,0,0,0,0,0,0,0,0,0,0,0,0,0,0,0,0,0,0,0,0,0,0,0,0,0,1,0,0,0,0,-0.7150334902929842,0.45,0.5930232558139534
2020,5,stroll,6,6,Finished,8.0,52,stroll_2020_5,0,finished,classificado,False,0,0,0,0,UNKNOWN,0,1,0,0,0,0,0,0,0,0,0,0,0,0,0,0,0,0,0,0,0,0,0,0,0,0,0,0,0,0,0,0,0,0,0,0,0,0,0,0,0,0,0,0,0,0,1,0,0,0,0,0,0,-0.7150334902929842,0.30000000000000004,0.5930232558139534
2020,5,hulkenberg,3,7,Finished,6.0,52,hulkenberg_2020_5,0,finished,classificado,False,0,0,0,0,UNKNOWN,0,1,0,0,0,0,0,0,0,0,0,0,0,0,0,0,0,0,0,0,0,0,0,0,0,0,0,0,0,0,0,0,0,0,0,0,0,0,0,0,0,0,0,0,0,0,1,0,0,0,0,0,0,-0.7150334902929842,0.15000000000000002,0.5930232558139534
2020,5,ocon,14,8,Finished,4.0,52,ocon_2020_5,0,finished,classificado,False,0,0,0,0,UNKNOWN,0,1,0,0,0,0,0,0,0,0,0,0,0,0,0,0,0,0,0,0,0,0,0,0,0,0,0,0,0,0,0,0,0,0,0,0,0,0,0,0,0,0,0,0,0,0,0,0,0,1,0,0,0,-0.7150334902929842,0.7000000000000001,0.5930232558139534
2020,5,norris,10,9,Finished,2.0,52,norris_2020_5,0,finished,classificado,False,0,0,0,0,UNKNOWN,0,1,0,0,0,0,0,0,0,0,0,0,0,0,0,0,0,0,0,0,0,0,0,0,0,0,0,0,0,0,0,0,0,0,0,0,0,0,0,0,0,0,0,0,1,0,0,0,0,0,0,0,0,-0.7150334902929842,0.5,0.5930232558139534
2020,5,kvyat,16,10,Finished,1.0,52,kvyat_2020_5,0,finished,classificado,False,0,0,0,0,UNKNOWN,0,1,0,0,0,0,0,0,0,0,0,0,0,0,0,0,0,0,0,0,0,0,0,0,0,0,0,0,0,0,0,0,0,0,0,0,0,0,1,0,0,0,0,0,0,0,0,0,0,0,0,0,0,-0.7150334902929842,0.8,0.5930232558139534
2020,5,gasly,7,11,Finished,0.0,52,gasly_2020_5,0,finished,classificado,False,0,0,0,0,UNKNOWN,0,1,0,0,0,0,0,0,0,0,0,0,0,0,0,0,0,0,0,0,0,0,0,0,0,0,0,0,0,0,0,0,0,0,0,0,0,0,1,0,0,0,0,0,0,0,0,0,0,0,0,0,0,-0.7150334902929842,0.35000000000000003,0.5930232558139534
2020,5,vettel,11,12,Finished,0.0,52,vettel_2020_5,0,finished,classificado,False,0,0,0,0,UNKNOWN,0,1,0,0,0,0,0,0,0,0,0,0,0,0,0,0,0,0,0,0,0,0,0,0,0,0,0,0,0,0,0,0,0,0,0,0,0,0,0,0,0,1,0,0,0,0,0,0,0,0,0,0,0,-0.7150334902929842,0.55,0.5930232558139534
2020,5,sainz,12,13,Finished,0.0,52,sainz_2020_5,0,finished,classificado,False,0,0,0,0,UNKNOWN,0,1,0,0,0,0,0,0,0,0,0,0,0,0,0,0,0,0,0,0,0,0,0,0,0,0,0,0,0,0,0,0,0,0,0,0,0,0,0,0,0,0,0,0,1,0,0,0,0,0,0,0,0,-0.7150334902929842,0.6000000000000001,0.5930232558139534
2020,5,ricciardo,5,14,+1 Lap,0.0,51,ricciardo_2020_5,0,+1 lap,classificado,False,0,0,0,0,UNKNOWN,0,1,0,0,0,0,0,0,0,0,0,0,0,0,0,0,0,0,0,0,0,0,0,0,0,0,0,0,0,0,0,0,0,0,0,0,0,0,0,0,0,0,0,0,0,0,0,0,0,1,0,0,0,-0.8101552174578761,0.25,0.5813953488372092
2020,5,raikkonen,20,15,+1 Lap,0.0,51,raikkonen_2020_5,0,+1 lap,classificado,False,0,0,0,0,UNKNOWN,0,1,0,0,0,0,0,0,0,0,0,0,0,0,0,0,0,0,0,0,0,0,0,0,0,0,0,0,0,0,0,0,0,0,0,0,0,1,0,0,0,0,0,0,0,0,0,0,0,0,0,0,0,-0.8101552174578761,1.0,0.5813953488372092
2020,5,grosjean,13,16,+1 Lap,0.0,51,grosjean_2020_5,0,+1 lap,classificado,False,0,0,0,0,UNKNOWN,0,1,0,0,0,0,0,0,0,0,0,0,0,0,0,0,0,0,0,0,0,0,0,0,0,0,0,0,0,0,0,0,0,0,0,0,0,0,0,0,0,0,0,1,0,0,0,0,0,0,0,0,0,-0.8101552174578761,0.65,0.5813953488372092
2020,5,giovinazzi,19,17,+1 Lap,0.0,51,giovinazzi_2020_5,0,+1 lap,classificado,False,0,0,0,0,UNKNOWN,0,1,0,0,0,0,0,0,0,0,0,0,0,0,0,0,0,0,0,0,0,0,0,0,0,0,0,0,0,0,0,0,0,0,0,0,0,1,0,0,0,0,0,0,0,0,0,0,0,0,0,0,0,-0.8101552174578761,0.9500000000000001,0.5813953488372092
2020,5,russell,15,18,+1 Lap,0.0,51,russell_2020_5,0,+1 lap,classificado,False,0,0,0,0,UNKNOWN,0,1,0,0,0,0,0,0,0,0,0,0,0,0,0,0,0,0,0,0,0,0,0,0,0,0,0,0,0,0,0,0,0,0,0,0,0,0,0,0,0,0,0,0,0,0,0,0,0,0,0,0,1,-0.8101552174578761,0.75,0.5813953488372092
2020,5,latifi,18,19,+1 Lap,0.0,51,latifi_2020_5,0,+1 lap,classificado,False,0,0,0,0,UNKNOWN,0,1,0,0,0,0,0,0,0,0,0,0,0,0,0,0,0,0,0,0,0,0,0,0,0,0,0,0,0,0,0,0,0,0,0,0,0,0,0,0,0,0,0,0,0,0,0,0,0,0,0,0,1,-0.8101552174578761,0.9,0.5813953488372092
2020,6,hamilton,1,1,Finished,25.0,66,hamilton_2020_6,0,finished,classificado,False,0,0,0,0,UNKNOWN,0,0,0,0,0,0,0,0,0,0,0,0,0,0,0,0,0,0,0,0,0,0,0,0,0,0,0,0,0,0,0,1,0,0,0,0,0,0,0,0,0,0,0,0,0,1,0,0,0,0,0,0,0,0.6166706900155011,0.05,0.7558139534883721
2020,6,max_verstappen,3,2,Finished,18.0,66,max_verstappen_2020_6,0,finished,classificado,False,0,0,0,0,UNKNOWN,0,0,0,0,0,0,0,0,0,0,0,0,0,0,0,0,0,0,0,0,0,0,0,0,0,0,0,0,0,0,0,1,0,0,0,0,0,0,0,0,0,0,0,0,0,0,0,0,1,0,0,0,0,0.6166706900155011,0.15000000000000002,0.7558139534883721
2020,6,bottas,2,3,Finished,16.0,66,bottas_2020_6,0,finished,classificado,False,0,0,0,0,UNKNOWN,0,0,0,0,0,0,0,0,0,0,0,0,0,0,0,0,0,0,0,0,0,0,0,0,0,0,0,0,0,0,0,1,0,0,0,0,0,0,0,0,0,0,0,0,0,1,0,0,0,0,0,0,0,0.6166706900155011,0.1,0.7558139534883721
2020,6,stroll,5,4,+1 Lap,12.0,65,stroll_2020_6,0,+1 lap,classificado,False,0,0,0,0,UNKNOWN,0,0,0,0,0,0,0,0,0,0,0,0,0,0,0,0,0,0,0,0,0,0,0,0,0,0,0,0,0,0,0,1,0,0,0,0,0,0,0,0,0,0,0,0,0,0,1,0,0,0,0,0,0,0.5215489628506094,0.25,0.7441860465116279
2020,6,perez,4,5,+1 Lap,10.0,65,perez_2020_6,0,+1 lap,classificado,False,0,0,0,0,UNKNOWN,0,0,0,0,0,0,0,0,0,0,0,0,0,0,0,0,0,0,0,0,0,0,0,0,0,0,0,0,0,0,0,1,0,0,0,0,0,0,0,0,0,0,0,0,0,0,1,0,0,0,0,0,0,0.5215489628506094,0.2,0.7441860465116279
2020,6,sainz,7,6,+1 Lap,8.0,65,sainz_2020_6,0,+1 lap,classificado,False,0,0,0,0,UNKNOWN,0,0,0,0,0,0,0,0,0,0,0,0,0,0,0,0,0,0,0,0,0,0,0,0,0,0,0,0,0,0,0,1,0,0,0,0,0,0,0,0,0,0,0,0,1,0,0,0,0,0,0,0,0,0.5215489628506094,0.35000000000000003,0.7441860465116279
2020,6,vettel,11,7,+1 Lap,6.0,65,vettel_2020_6,0,+1 lap,classificado,False,0,0,0,0,UNKNOWN,0,0,0,0,0,0,0,0,0,0,0,0,0,0,0,0,0,0,0,0,0,0,0,0,0,0,0,0,0,0,0,1,0,0,0,0,0,0,0,0,0,1,0,0,0,0,0,0,0,0,0,0,0,0.5215489628506094,0.55,0.7441860465116279
2020,6,albon,6,8,+1 Lap,4.0,65,albon_2020_6,0,+1 lap,classificado,False,0,0,0,0,UNKNOWN,0,0,0,0,0,0,0,0,0,0,0,0,0,0,0,0,0,0,0,0,0,0,0,0,0,0,0,0,0,0,0,1,0,0,0,0,0,0,0,0,0,0,0,0,0,0,0,0,1,0,0,0,0,0.5215489628506094,0.30000000000000004,0.7441860465116279
2020,6,gasly,10,9,+1 Lap,2.0,65,gasly_2020_6,0,+1 lap,classificado,False,0,0,0,0,UNKNOWN,0,0,0,0,0,0,0,0,0,0,0,0,0,0,0,0,0,0,0,0,0,0,0,0,0,0,0,0,0,0,0,1,0,0,0,0,0,0,1,0,0,0,0,0,0,0,0,0,0,0,0,0,0,0.5215489628506094,0.5,0.7441860465116279
2020,6,norris,8,10,+1 Lap,1.0,65,norris_2020_6,0,+1 lap,classificado,False,0,0,0,0,UNKNOWN,0,0,0,0,0,0,0,0,0,0,0,0,0,0,0,0,0,0,0,0,0,0,0,0,0,0,0,0,0,0,0,1,0,0,0,0,0,0,0,0,0,0,0,0,1,0,0,0,0,0,0,0,0,0.5215489628506094,0.4,0.7441860465116279
2020,6,ricciardo,13,11,+1 Lap,0.0,65,ricciardo_2020_6,0,+1 lap,classificado,False,0,0,0,0,UNKNOWN,0,0,0,0,0,0,0,0,0,0,0,0,0,0,0,0,0,0,0,0,0,0,0,0,0,0,0,0,0,0,0,1,0,0,0,0,0,0,0,0,0,0,0,0,0,0,0,0,0,1,0,0,0,0.5215489628506094,0.65,0.7441860465116279
2020,6,kvyat,12,12,+1 Lap,0.0,65,kvyat_2020_6,0,+1 lap,classificado,False,0,0,0,0,UNKNOWN,0,0,0,0,0,0,0,0,0,0,0,0,0,0,0,0,0,0,0,0,0,0,0,0,0,0,0,0,0,0,0,1,0,0,0,0,0,0,1,0,0,0,0,0,0,0,0,0,0,0,0,0,0,0.5215489628506094,0.6000000000000001,0.7441860465116279
2020,6,ocon,15,13,+1 Lap,0.0,65,ocon_2020_6,0,+1 lap,classificado,False,0,0,0,0,UNKNOWN,0,0,0,0,0,0,0,0,0,0,0,0,0,0,0,0,0,0,0,0,0,0,0,0,0,0,0,0,0,0,0,1,0,0,0,0,0,0,0,0,0,0,0,0,0,0,0,0,0,1,0,0,0,0.5215489628506094,0.75,0.7441860465116279
2020,6,raikkonen,14,14,+1 Lap,0.0,65,raikkonen_2020_6,0,+1 lap,classificado,False,0,0,0,0,UNKNOWN,0,0,0,0,0,0,0,0,0,0,0,0,0,0,0,0,0,0,0,0,0,0,0,0,0,0,0,0,0,0,0,1,0,0,0,0,0,1,0,0,0,0,0,0,0,0,0,0,0,0,0,0,0,0.5215489628506094,0.7000000000000001,0.7441860465116279
2020,6,kevin_magnussen,16,15,+1 Lap,0.0,65,kevin_magnussen_2020_6,0,+1 lap,classificado,False,0,0,0,0,UNKNOWN,0,0,0,0,0,0,0,0,0,0,0,0,0,0,0,0,0,0,0,0,0,0,0,0,0,0,0,0,0,0,0,1,0,0,0,0,0,0,0,0,0,0,0,1,0,0,0,0,0,0,0,0,0,0.5215489628506094,0.8,0.7441860465116279
2020,6,giovinazzi,20,16,+1 Lap,0.0,65,giovinazzi_2020_6,0,+1 lap,classificado,False,0,0,0,0,UNKNOWN,0,0,0,0,0,0,0,0,0,0,0,0,0,0,0,0,0,0,0,0,0,0,0,0,0,0,0,0,0,0,0,1,0,0,0,0,0,1,0,0,0,0,0,0,0,0,0,0,0,0,0,0,0,0.5215489628506094,1.0,0.7441860465116279
2020,6,russell,18,17,+1 Lap,0.0,65,russell_2020_6,0,+1 lap,classificado,False,0,0,0,0,UNKNOWN,0,0,0,0,0,0,0,0,0,0,0,0,0,0,0,0,0,0,0,0,0,0,0,0,0,0,0,0,0,0,0,1,0,0,0,0,0,0,0,0,0,0,0,0,0,0,0,0,0,0,0,0,1,0.5215489628506094,0.9,0.7441860465116279
2020,6,latifi,19,18,+2 Laps,0.0,64,latifi_2020_6,0,+2 laps,classificado,False,0,0,0,0,UNKNOWN,0,0,0,0,0,0,0,0,0,0,0,0,0,0,0,0,0,0,0,0,0,0,0,0,0,0,0,0,0,0,0,1,0,0,0,0,0,0,0,0,0,0,0,0,0,0,0,0,0,0,0,0,1,0.4264272356857175,0.9500000000000001,0.7325581395348837
2020,6,grosjean,17,19,+2 Laps,0.0,64,grosjean_2020_6,0,+2 laps,classificado,False,0,0,0,0,UNKNOWN,0,0,0,0,0,0,0,0,0,0,0,0,0,0,0,0,0,0,0,0,0,0,0,0,0,0,0,0,0,0,0,1,0,0,0,0,0,0,0,0,0,0,0,1,0,0,0,0,0,0,0,0,0,0.4264272356857175,0.8500000000000001,0.7325581395348837
2020,7,hamilton,1,1,Finished,25.0,44,hamilton_2020_7,0,finished,classificado,False,0,0,0,0,UNKNOWN,0,0,0,0,0,0,0,1,0,0,0,0,0,0,0,0,0,0,0,0,0,0,0,0,0,0,0,0,0,0,0,0,0,0,0,0,0,0,0,0,0,0,0,0,0,1,0,0,0,0,0,0,0,-1.4760073076121187,0.05,0.5
2020,7,bottas,2,2,Finished,18.0,44,bottas_2020_7,0,finished,classificado,False,0,0,0,0,UNKNOWN,0,0,0,0,0,0,0,1,0,0,0,0,0,0,0,0,0,0,0,0,0,0,0,0,0,0,0,0,0,0,0,0,0,0,0,0,0,0,0,0,0,0,0,0,0,1,0,0,0,0,0,0,0,-1.4760073076121187,0.1,0.5
2020,7,max_verstappen,3,3,Finished,15.0,44,max_verstappen_2020_7,0,finished,classificado,False,0,0,0,0,UNKNOWN,0,0,0,0,0,0,0,1,0,0,0,0,0,0,0,0,0,0,0,0,0,0,0,0,0,0,0,0,0,0,0,0,0,0,0,0,0,0,0,0,0,0,0,0,0,0,0,0,1,0,0,0,0,-1.4760073076121187,0.15000000000000002,0.5
2020,7,ricciardo,4,4,Finished,13.0,44,ricciardo_2020_7,0,finished,classificado,False,0,0,0,0,UNKNOWN,0,0,0,0,0,0,0,1,0,0,0,0,0,0,0,0,0,0,0,0,0,0,0,0,0,0,0,0,0,0,0,0,0,0,0,0,0,0,0,0,0,0,0,0,0,0,0,0,0,1,0,0,0,-1.4760073076121187,0.2,0.5
2020,7,ocon,6,5,Finished,10.0,44,ocon_2020_7,0,finished,classificado,False,0,0,0,0,UNKNOWN,0,0,0,0,0,0,0,1,0,0,0,0,0,0,0,0,0,0,0,0,0,0,0,0,0,0,0,0,0,0,0,0,0,0,0,0,0,0,0,0,0,0,0,0,0,0,0,0,0,1,0,0,0,-1.4760073076121187,0.30000000000000004,0.5
2020,7,albon,5,6,Finished,8.0,44,albon_2020_7,0,finished,classificado,False,0,0,0,0,UNKNOWN,0,0,0,0,0,0,0,1,0,0,0,0,0,0,0,0,0,0,0,0,0,0,0,0,0,0,0,0,0,0,0,0,0,0,0,0,0,0,0,0,0,0,0,0,0,0,0,0,1,0,0,0,0,-1.4760073076121187,0.25,0.5
2020,7,norris,10,7,Finished,6.0,44,norris_2020_7,0,finished,classificado,False,0,0,0,0,UNKNOWN,0,0,0,0,0,0,0,1,0,0,0,0,0,0,0,0,0,0,0,0,0,0,0,0,0,0,0,0,0,0,0,0,0,0,0,0,0,0,0,0,0,0,0,0,1,0,0,0,0,0,0,0,0,-1.4760073076121187,0.5,0.5
2020,7,gasly,12,8,Finished,4.0,44,gasly_2020_7,0,finished,classificado,False,0,0,0,0,UNKNOWN,0,0,0,0,0,0,0,1,0,0,0,0,0,0,0,0,0,0,0,0,0,0,0,0,0,0,0,0,0,0,0,0,0,0,0,0,0,0,1,0,0,0,0,0,0,0,0,0,0,0,0,0,0,-1.4760073076121187,0.6000000000000001,0.5
2020,7,stroll,9,9,Finished,2.0,44,stroll_2020_7,0,finished,classificado,False,0,0,0,0,UNKNOWN,0,0,0,0,0,0,0,1,0,0,0,0,0,0,0,0,0,0,0,0,0,0,0,0,0,0,0,0,0,0,0,0,0,0,0,0,0,0,0,0,0,0,0,0,0,0,1,0,0,0,0,0,0,-1.4760073076121187,0.45,0.5
2020,7,perez,8,10,Finished,1.0,44,perez_2020_7,0,finished,classificado,False,0,0,0,0,UNKNOWN,0,0,0,0,0,0,0,1,0,0,0,0,0,0,0,0,0,0,0,0,0,0,0,0,0,0,0,0,0,0,0,0,0,0,0,0,0,0,0,0,0,0,0,0,0,0,1,0,0,0,0,0,0,-1.4760073076121187,0.4,0.5
2020,7,kvyat,11,11,Finished,0.0,44,kvyat_2020_7,0,finished,classificado,False,0,0,0,0,UNKNOWN,0,0,0,0,0,0,0,1,0,0,0,0,0,0,0,0,0,0,0,0,0,0,0,0,0,0,0,0,0,0,0,0,0,0,0,0,0,0,1,0,0,0,0,0,0,0,0,0,0,0,0,0,0,-1.4760073076121187,0.55,0.5
2020,7,raikkonen,16,12,Finished,0.0,44,raikkonen_2020_7,0,finished,classificado,False,0,0,0,0,UNKNOWN,0,0,0,0,0,0,0,1,0,0,0,0,0,0,0,0,0,0,0,0,0,0,0,0,0,0,0,0,0,0,0,0,0,0,0,0,0,1,0,0,0,0,0,0,0,0,0,0,0,0,0,0,0,-1.4760073076121187,0.8,0.5
2020,7,vettel,14,13,Finished,0.0,44,vettel_2020_7,0,finished,classificado,False,0,0,0,0,UNKNOWN,0,0,0,0,0,0,0,1,0,0,0,0,0,0,0,0,0,0,0,0,0,0,0,0,0,0,0,0,0,0,0,0,0,0,0,0,0,0,0,0,0,1,0,0,0,0,0,0,0,0,0,0,0,-1.4760073076121187,0.7000000000000001,0.5
2020,7,leclerc,13,14,Finished,0.0,44,leclerc_2020_7,0,finished,classificado,False,0,0,0,0,UNKNOWN,0,0,0,0,0,0,0,1,0,0,0,0,0,0,0,0,0,0,0,0,0,0,0,0,0,0,0,0,0,0,0,0,0,0,0,0,0,0,0,0,0,1,0,0,0,0,0,0,0,0,0,0,0,-1.4760073076121187,0.65,0.5
2020,7,grosjean,17,15,Finished,0.0,44,grosjean_2020_7,0,finished,classificado,False,0,0,0,0,UNKNOWN,0,0,0,0,0,0,0,1,0,0,0,0,0,0,0,0,0,0,0,0,0,0,0,0,0,0,0,0,0,0,0,0,0,0,0,0,0,0,0,0,0,0,0,1,0,0,0,0,0,0,0,0,0,-1.4760073076121187,0.8500000000000001,0.5
2020,7,latifi,19,16,Finished,0.0,44,latifi_2020_7,0,finished,classificado,False,0,0,0,0,UNKNOWN,0,0,0,0,0,0,0,1,0,0,0,0,0,0,0,0,0,0,0,0,0,0,0,0,0,0,0,0,0,0,0,0,0,0,0,0,0,0,0,0,0,0,0,0,0,0,0,0,0,0,0,0,1,-1.4760073076121187,0.9500000000000001,0.5
2020,7,kevin_magnussen,20,17,Finished,0.0,44,kevin_magnussen_2020_7,0,finished,classificado,False,0,0,0,0,UNKNOWN,0,0,0,0,0,0,0,1,0,0,0,0,0,0,0,0,0,0,0,0,0,0,0,0,0,0,0,0,0,0,0,0,0,0,0,0,0,0,0,0,0,0,0,1,0,0,0,0,0,0,0,0,0,-1.4760073076121187,1.0,0.5
2020,8,gasly,10,1,Finished,25.0,53,gasly_2020_8,0,finished,classificado,False,0,0,0,0,UNKNOWN,0,0,0,0,0,0,0,0,0,0,0,0,0,0,0,0,0,0,1,0,0,0,0,0,0,0,0,0,0,0,0,0,0,0,0,0,0,0,1,0,0,0,0,0,0,0,0,0,0,0,0,0,0,-0.6199117631280925,0.5,0.6046511627906976
2020,8,sainz,3,2,Finished,18.0,53,sainz_2020_8,0,finished,classificado,False,0,0,0,0,UNKNOWN,0,0,0,0,0,0,0,0,0,0,0,0,0,0,0,0,0,0,1,0,0,0,0,0,0,0,0,0,0,0,0,0,0,0,0,0,0,0,0,0,0,0,0,0,1,0,0,0,0,0,0,0,0,-0.6199117631280925,0.15000000000000002,0.6046511627906976
2020,8,stroll,8,3,Finished,15.0,53,stroll_2020_8,0,finished,classificado,False,0,0,0,0,UNKNOWN,0,0,0,0,0,0,0,0,0,0,0,0,0,0,0,0,0,0,1,0,0,0,0,0,0,0,0,0,0,0,0,0,0,0,0,0,0,0,0,0,0,0,0,0,0,0,1,0,0,0,0,0,0,-0.6199117631280925,0.4,0.6046511627906976
2020,8,norris,6,4,Finished,12.0,53,norris_2020_8,0,finished,classificado,False,0,0,0,0,UNKNOWN,0,0,0,0,0,0,0,0,0,0,0,0,0,0,0,0,0,0,1,0,0,0,0,0,0,0,0,0,0,0,0,0,0,0,0,0,0,0,0,0,0,0,0,0,1,0,0,0,0,0,0,0,0,-0.6199117631280925,0.30000000000000004,0.6046511627906976
2020,8,bottas,2,5,Finished,10.0,53,bottas_2020_8,0,finished,classificado,False,0,0,0,0,UNKNOWN,0,0,0,0,0,0,0,0,0,0,0,0,0,0,0,0,0,0,1,0,0,0,0,0,0,0,0,0,0,0,0,0,0,0,0,0,0,0,0,0,0,0,0,0,0,1,0,0,0,0,0,0,0,-0.6199117631280925,0.1,0.6046511627906976
2020,8,ricciardo,7,6,Finished,8.0,53,ricciardo_2020_8,0,finished,classificado,False,0,0,0,0,UNKNOWN,0,0,0,0,0,0,0,0,0,0,0,0,0,0,0,0,0,0,1,0,0,0,0,0,0,0,0,0,0,0,0,0,0,0,0,0,0,0,0,0,0,0,0,0,0,0,0,0,0,1,0,0,0,-0.6199117631280925,0.35000000000000003,0.6046511627906976
2020,8,hamilton,1,7,Finished,7.0,53,hamilton_2020_8,0,finished,classificado,False,0,0,0,0,UNKNOWN,0,0,0,0,0,0,0,0,0,0,0,0,0,0,0,0,0,0,1,0,0,0,0,0,0,0,0,0,0,0,0,0,0,0,0,0,0,0,0,0,0,0,0,0,0,1,0,0,0,0,0,0,0,-0.6199117631280925,0.05,0.6046511627906976
2020,8,ocon,12,8,Finished,4.0,53,ocon_2020_8,0,finished,classificado,False,0,0,0,0,UNKNOWN,0,0,0,0,0,0,0,0,0,0,0,0,0,0,0,0,0,0,1,0,0,0,0,0,0,0,0,0,0,0,0,0,0,0,0,0,0,0,0,0,0,0,0,0,0,0,0,0,0,1,0,0,0,-0.6199117631280925,0.6000000000000001,0.6046511627906976
2020,8,kvyat,11,9,Finished,2.0,53,kvyat_2020_8,0,finished,classificado,False,0,0,0,0,UNKNOWN,0,0,0,0,0,0,0,0,0,0,0,0,0,0,0,0,0,0,1,0,0,0,0,0,0,0,0,0,0,0,0,0,0,0,0,0,0,0,1,0,0,0,0,0,0,0,0,0,0,0,0,0,0,-0.6199117631280925,0.55,0.6046511627906976
2020,8,perez,4,10,Finished,1.0,53,perez_2020_8,0,finished,classificado,False,0,0,0,0,UNKNOWN,0,0,0,0,0,0,0,0,0,0,0,0,0,0,0,0,0,0,1,0,0,0,0,0,0,0,0,0,0,0,0,0,0,0,0,0,0,0,0,0,0,0,0,0,0,0,1,0,0,0,0,0,0,-0.6199117631280925,0.2,0.6046511627906976
2020,8,latifi,20,11,Finished,0.0,53,latifi_2020_8,0,finished,classificado,False,0,0,0,0,UNKNOWN,0,0,0,0,0,0,0,0,0,0,0,0,0,0,0,0,0,0,1,0,0,0,0,0,0,0,0,0,0,0,0,0,0,0,0,0,0,0,0,0,0,0,0,0,0,0,0,0,0,0,0,0,1,-0.6199117631280925,1.0,0.6046511627906976
2020,8,grosjean,16,12,Finished,0.0,53,grosjean_2020_8,0,finished,classificado,False,0,0,0,0,UNKNOWN,0,0,0,0,0,0,0,0,0,0,0,0,0,0,0,0,0,0,1,0,0,0,0,0,0,0,0,0,0,0,0,0,0,0,0,0,0,0,0,0,0,0,0,1,0,0,0,0,0,0,0,0,0,-0.6199117631280925,0.8,0.6046511627906976
2020,8,raikkonen,14,13,Finished,0.0,53,raikkonen_2020_8,0,finished,classificado,False,0,0,0,0,UNKNOWN,0,0,0,0,0,0,0,0,0,0,0,0,0,0,0,0,0,0,1,0,0,0,0,0,0,0,0,0,0,0,0,0,0,0,0,0,0,1,0,0,0,0,0,0,0,0,0,0,0,0,0,0,0,-0.6199117631280925,0.7000000000000001,0.6046511627906976
2020,8,russell,19,14,Finished,0.0,53,russell_2020_8,0,finished,classificado,False,0,0,0,0,UNKNOWN,0,0,0,0,0,0,0,0,0,0,0,0,0,0,0,0,0,0,1,0,0,0,0,0,0,0,0,0,0,0,0,0,0,0,0,0,0,0,0,0,0,0,0,0,0,0,0,0,0,0,0,0,1,-0.6199117631280925,0.9500000000000001,0.6046511627906976
2020,8,albon,9,15,Finished,0.0,53,albon_2020_8,0,finished,classificado,False,0,0,0,0,UNKNOWN,0,0,0,0,0,0,0,0,0,0,0,0,0,0,0,0,0,0,1,0,0,0,0,0,0,0,0,0,0,0,0,0,0,0,0,0,0,0,0,0,0,0,0,0,0,0,0,0,1,0,0,0,0,-0.6199117631280925,0.45,0.6046511627906976
2020,8,giovinazzi,18,16,Finished,0.0,53,giovinazzi_2020_8,0,finished,classificado,False,0,0,0,0,UNKNOWN,0,0,0,0,0,0,0,0,0,0,0,0,0,0,0,0,0,0,1,0,0,0,0,0,0,0,0,0,0,0,0,0,0,0,0,0,0,1,0,0,0,0,0,0,0,0,0,0,0,0,0,0,0,-0.6199117631280925,0.9,0.6046511627906976
2020,9,hamilton,1,1,Finished,26.0,59,hamilton_2020_9,0,finished,classificado,False,0,0,0,0,UNKNOWN,0,0,0,0,0,0,0,0,0,0,0,0,0,0,0,0,0,0,0,0,0,0,0,0,0,0,0,0,0,0,0,0,0,0,0,1,0,0,0,0,0,0,0,0,0,1,0,0,0,0,0,0,0,-0.04918140013874156,0.05,0.6744186046511628
2020,9,bottas,2,2,Finished,18.0,59,bottas_2020_9,0,finished,classificado,False,0,0,0,0,UNKNOWN,0,0,0,0,0,0,0,0,0,0,0,0,0,0,0,0,0,0,0,0,0,0,0,0,0,0,0,0,0,0,0,0,0,0,0,1,0,0,0,0,0,0,0,0,0,1,0,0,0,0,0,0,0,-0.04918140013874156,0.1,0.6744186046511628
2020,9,albon,4,3,Finished,15.0,59,albon_2020_9,0,finished,classificado,False,0,0,0,0,UNKNOWN,0,0,0,0,0,0,0,0,0,0,0,0,0,0,0,0,0,0,0,0,0,0,0,0,0,0,0,0,0,0,0,0,0,0,0,1,0,0,0,0,0,0,0,0,0,0,0,0,1,0,0,0,0,-0.04918140013874156,0.2,0.6744186046511628
2020,9,ricciardo,8,4,Finished,12.0,59,ricciardo_2020_9,0,finished,classificado,False,0,0,0,0,UNKNOWN,0,0,0,0,0,0,0,0,0,0,0,0,0,0,0,0,0,0,0,0,0,0,0,0,0,0,0,0,0,0,0,0,0,0,0,1,0,0,0,0,0,0,0,0,0,0,0,0,0,1,0,0,0,-0.04918140013874156,0.4,0.6744186046511628
2020,9,perez,7,5,Finished,10.0,59,perez_2020_9,0,finished,classificado,False,0,0,0,0,UNKNOWN,0,0,0,0,0,0,0,0,0,0,0,0,0,0,0,0,0,0,0,0,0,0,0,0,0,0,0,0,0,0,0,0,0,0,0,1,0,0,0,0,0,0,0,0,0,0,1,0,0,0,0,0,0,-0.04918140013874156,0.35000000000000003,0.6744186046511628
2020,9,norris,11,6,Finished,8.0,59,norris_2020_9,0,finished,classificado,False,0,0,0,0,UNKNOWN,0,0,0,0,0,0,0,0,0,0,0,0,0,0,0,0,0,0,0,0,0,0,0,0,0,0,0,0,0,0,0,0,0,0,0,1,0,0,0,0,0,0,0,0,1,0,0,0,0,0,0,0,0,-0.04918140013874156,0.55,0.6744186046511628
2020,9,kvyat,12,7,Finished,6.0,59,kvyat_2020_9,0,finished,classificado,False,0,0,0,0,UNKNOWN,0,0,0,0,0,0,0,0,0,0,0,0,0,0,0,0,0,0,0,0,0,0,0,0,0,0,0,0,0,0,0,0,0,0,0,1,0,0,1,0,0,0,0,0,0,0,0,0,0,0,0,0,0,-0.04918140013874156,0.6000000000000001,0.6744186046511628
2020,9,leclerc,5,8,Finished,4.0,59,leclerc_2020_9,0,finished,classificado,False,0,0,0,0,UNKNOWN,0,0,0,0,0,0,0,0,0,0,0,0,0,0,0,0,0,0,0,0,0,0,0,0,0,0,0,0,0,0,0,0,0,0,0,1,0,0,0,0,0,1,0,0,0,0,0,0,0,0,0,0,0,-0.04918140013874156,0.25,0.6744186046511628
2020,9,raikkonen,13,9,Finished,2.0,59,raikkonen_2020_9,0,finished,classificado,False,0,0,0,0,UNKNOWN,0,0,0,0,0,0,0,0,0,0,0,0,0,0,0,0,0,0,0,0,0,0,0,0,0,0,0,0,0,0,0,0,0,0,0,1,0,1,0,0,0,0,0,0,0,0,0,0,0,0,0,0,0,-0.04918140013874156,0.65,0.6744186046511628
2020,9,vettel,14,10,Finished,1.0,59,vettel_2020_9,0,finished,classificado,False,0,0,0,0,UNKNOWN,0,0,0,0,0,0,0,0,0,0,0,0,0,0,0,0,0,0,0,0,0,0,0,0,0,0,0,0,0,0,0,0,0,0,0,1,0,0,0,0,0,1,0,0,0,0,0,0,0,0,0,0,0,-0.04918140013874156,0.7000000000000001,0.6744186046511628
2020,9,russell,18,11,Finished,0.0,59,russell_2020_9,0,finished,classificado,False,0,0,0,0,UNKNOWN,0,0,0,0,0,0,0,0,0,0,0,0,0,0,0,0,0,0,0,0,0,0,0,0,0,0,0,0,0,0,0,0,0,0,0,1,0,0,0,0,0,0,0,0,0,0,0,0,0,0,0,0,1,-0.04918140013874156,0.9,0.6744186046511628
2020,9,grosjean,15,12,Finished,0.0,59,grosjean_2020_9,0,finished,classificado,False,0,0,0,0,UNKNOWN,0,0,0,0,0,0,0,0,0,0,0,0,0,0,0,0,0,0,0,0,0,0,0,0,0,0,0,0,0,0,0,0,0,0,0,1,0,0,0,0,0,0,0,1,0,0,0,0,0,0,0,0,0,-0.04918140013874156,0.75,0.6744186046511628
2020,10,bottas,3,1,Finished,26.0,53,bottas_2020_10,0,finished,classificado,False,0,0,0,0,UNKNOWN,0,0,0,0,0,0,0,0,0,0,0,0,0,0,0,0,0,0,0,0,0,0,0,0,0,0,0,1,0,0,0,0,0,0,0,0,0,0,0,0,0,0,0,0,0,1,0,0,0,0,0,0,0,-0.6199117631280925,0.15000000000000002,0.6046511627906976
2020,10,max_verstappen,2,2,Finished,18.0,53,max_verstappen_2020_10,0,finished,classificado,False,0,0,0,0,UNKNOWN,0,0,0,0,0,0,0,0,0,0,0,0,0,0,0,0,0,0,0,0,0,0,0,0,0,0,0,1,0,0,0,0,0,0,0,0,0,0,0,0,0,0,0,0,0,0,0,0,1,0,0,0,0,-0.6199117631280925,0.1,0.6046511627906976
2020,10,hamilton,1,3,Finished,15.0,53,hamilton_2020_10,0,finished,classificado,False,0,0,0,0,UNKNOWN,0,0,0,0,0,0,0,0,0,0,0,0,0,0,0,0,0,0,0,0,0,0,0,0,0,0,0,1,0,0,0,0,0,0,0,0,0,0,0,0,0,0,0,0,0,1,0,0,0,0,0,0,0,-0.6199117631280925,0.05,0.6046511627906976
2020,10,perez,4,4,Finished,12.0,53,perez_2020_10,0,finished,classificado,False,0,0,0,0,UNKNOWN,0,0,0,0,0,0,0,0,0,0,0,0,0,0,0,0,0,0,0,0,0,0,0,0,0,0,0,1,0,0,0,0,0,0,0,0,0,0,0,0,0,0,0,0,0,0,1,0,0,0,0,0,0,-0.6199117631280925,0.2,0.6046511627906976
2020,10,ricciardo,5,5,Finished,10.0,53,ricciardo_2020_10,0,finished,classificado,False,0,0,0,0,UNKNOWN,0,0,0,0,0,0,0,0,0,0,0,0,0,0,0,0,0,0,0,0,0,0,0,0,0,0,0,1,0,0,0,0,0,0,0,0,0,0,0,0,0,0,0,0,0,0,0,0,0,1,0,0,0,-0.6199117631280925,0.25,0.6046511627906976
2020,10,leclerc,10,6,Finished,8.0,53,leclerc_2020_10,0,finished,classificado,False,0,0,0,0,UNKNOWN,0,0,0,0,0,0,0,0,0,0,0,0,0,0,0,0,0,0,0,0,0,0,0,0,0,0,0,1,0,0,0,0,0,0,0,0,0,0,0,0,0,1,0,0,0,0,0,0,0,0,0,0,0,-0.6199117631280925,0.5,0.6046511627906976
2020,10,ocon,7,7,Finished,6.0,53,ocon_2020_10,0,finished,classificado,False,0,0,0,0,UNKNOWN,0,0,0,0,0,0,0,0,0,0,0,0,0,0,0,0,0,0,0,0,0,0,0,0,0,0,0,1,0,0,0,0,0,0,0,0,0,0,0,0,0,0,0,0,0,0,0,0,0,1,0,0,0,-0.6199117631280925,0.35000000000000003,0.6046511627906976
2020,10,kvyat,11,8,Finished,4.0,53,kvyat_2020_10,0,finished,classificado,False,0,0,0,0,UNKNOWN,0,0,0,0,0,0,0,0,0,0,0,0,0,0,0,0,0,0,0,0,0,0,0,0,0,0,0,1,0,0,0,0,0,0,0,0,0,0,1,0,0,0,0,0,0,0,0,0,0,0,0,0,0,-0.6199117631280925,0.55,0.6046511627906976
2020,10,gasly,9,9,Finished,2.0,53,gasly_2020_10,0,finished,classificado,False,0,0,0,0,UNKNOWN,0,0,0,0,0,0,0,0,0,0,0,0,0,0,0,0,0,0,0,0,0,0,0,0,0,0,0,1,0,0,0,0,0,0,0,0,0,0,1,0,0,0,0,0,0,0,0,0,0,0,0,0,0,-0.6199117631280925,0.45,0.6046511627906976
2020,10,albon,15,10,Finished,1.0,53,albon_2020_10,0,finished,classificado,False,0,0,0,0,UNKNOWN,0,0,0,0,0,0,0,0,0,0,0,0,0,0,0,0,0,0,0,0,0,0,0,0,0,0,0,1,0,0,0,0,0,0,0,0,0,0,0,0,0,0,0,0,0,0,0,0,1,0,0,0,0,-0.6199117631280925,0.75,0.6046511627906976
2020,10,giovinazzi,17,11,+1 Lap,0.0,52,giovinazzi_2020_10,0,+1 lap,classificado,False,0,0,0,0,UNKNOWN,0,0,0,0,0,0,0,0,0,0,0,0,0,0,0,0,0,0,0,0,0,0,0,0,0,0,0,1,0,0,0,0,0,0,0,0,0,1,0,0,0,0,0,0,0,0,0,0,0,0,0,0,0,-0.7150334902929842,0.8500000000000001,0.5930232558139534
2020,10,kevin_magnussen,18,12,+1 Lap,0.0,52,kevin_magnussen_2020_10,0,+1 lap,classificado,False,0,0,0,0,UNKNOWN,0,0,0,0,0,0,0,0,0,0,0,0,0,0,0,0,0,0,0,0,0,0,0,0,0,0,0,1,0,0,0,0,0,0,0,0,0,0,0,0,0,0,0,1,0,0,0,0,0,0,0,0,0,-0.7150334902929842,0.9,0.5930232558139534
2020,10,vettel,14,13,+1 Lap,0.0,52,vettel_2020_10,0,+1 lap,classificado,False,0,0,0,0,UNKNOWN,0,0,0,0,0,0,0,0,0,0,0,0,0,0,0,0,0,0,0,0,0,0,0,0,0,0,0,1,0,0,0,0,0,0,0,0,0,0,0,0,0,1,0,0,0,0,0,0,0,0,0,0,0,-0.7150334902929842,0.7000000000000001,0.5930232558139534
2020,10,raikkonen,19,14,+1 Lap,0.0,52,raikkonen_2020_10,0,+1 lap,classificado,False,0,0,0,0,UNKNOWN,0,0,0,0,0,0,0,0,0,0,0,0,0,0,0,0,0,0,0,0,0,0,0,0,0,0,0,1,0,0,0,0,0,0,0,0,0,1,0,0,0,0,0,0,0,0,0,0,0,0,0,0,0,-0.7150334902929842,0.9500000000000001,0.5930232558139534
2020,10,norris,8,15,+1 Lap,0.0,52,norris_2020_10,0,+1 lap,classificado,False,0,0,0,0,UNKNOWN,0,0,0,0,0,0,0,0,0,0,0,0,0,0,0,0,0,0,0,0,0,0,0,0,0,0,0,1,0,0,0,0,0,0,0,0,0,0,0,0,0,0,0,0,1,0,0,0,0,0,0,0,0,-0.7150334902929842,0.4,0.5930232558139534
2020,10,latifi,20,16,+1 Lap,0.0,52,latifi_2020_10,0,+1 lap,classificado,False,0,0,0,0,UNKNOWN,0,0,0,0,0,0,0,0,0,0,0,0,0,0,0,0,0,0,0,0,0,0,0,0,0,0,0,1,0,0,0,0,0,0,0,0,0,0,0,0,0,0,0,0,0,0,0,0,0,0,0,0,1,-0.7150334902929842,1.0,0.5930232558139534
2020,10,grosjean,16,17,+1 Lap,0.0,52,grosjean_2020_10,0,+1 lap,classificado,False,0,0,0,0,UNKNOWN,0,0,0,0,0,0,0,0,0,0,0,0,0,0,0,0,0,0,0,0,0,0,0,0,0,0,0,1,0,0,0,0,0,0,0,0,0,0,0,0,0,0,0,1,0,0,0,0,0,0,0,0,0,-0.7150334902929842,0.8,0.5930232558139534
2020,10,russell,13,18,+1 Lap,0.0,52,russell_2020_10,0,+1 lap,classificado,False,0,0,0,0,UNKNOWN,0,0,0,0,0,0,0,0,0,0,0,0,0,0,0,0,0,0,0,0,0,0,0,0,0,0,0,1,0,0,0,0,0,0,0,0,0,0,0,0,0,0,0,0,0,0,0,0,0,0,0,0,1,-0.7150334902929842,0.65,0.5930232558139534
2020,11,hamilton,2,1,Finished,25.0,60,hamilton_2020_11,0,finished,classificado,False,0,0,0,0,UNKNOWN,0,0,0,0,0,0,0,0,0,0,0,0,0,1,0,0,0,0,0,0,0,0,0,0,0,0,0,0,0,0,0,0,0,0,0,0,0,0,0,0,0,0,0,0,0,1,0,0,0,0,0,0,0,0.04594032702615025,0.1,0.686046511627907
2020,11,max_verstappen,3,2,Finished,19.0,60,max_verstappen_2020_11,0,finished,classificado,False,0,0,0,0,UNKNOWN,0,0,0,0,0,0,0,0,0,0,0,0,0,1,0,0,0,0,0,0,0,0,0,0,0,0,0,0,0,0,0,0,0,0,0,0,0,0,0,0,0,0,0,0,0,0,0,0,1,0,0,0,0,0.04594032702615025,0.15000000000000002,0.686046511627907
2020,11,ricciardo,6,3,Finished,15.0,60,ricciardo_2020_11,0,finished,classificado,False,0,0,0,0,UNKNOWN,0,0,0,0,0,0,0,0,0,0,0,0,0,1,0,0,0,0,0,0,0,0,0,0,0,0,0,0,0,0,0,0,0,0,0,0,0,0,0,0,0,0,0,0,0,0,0,0,0,1,0,0,0,0.04594032702615025,0.30000000000000004,0.686046511627907
2020,11,perez,9,4,Finished,12.0,60,perez_2020_11,0,finished,classificado,False,0,0,0,0,UNKNOWN,0,0,0,0,0,0,0,0,0,0,0,0,0,1,0,0,0,0,0,0,0,0,0,0,0,0,0,0,0,0,0,0,0,0,0,0,0,0,0,0,0,0,0,0,0,0,1,0,0,0,0,0,0,0.04594032702615025,0.45,0.686046511627907
2020,11,sainz,10,5,Finished,10.0,60,sainz_2020_11,0,finished,classificado,False,0,0,0,0,UNKNOWN,0,0,0,0,0,0,0,0,0,0,0,0,0,1,0,0,0,0,0,0,0,0,0,0,0,0,0,0,0,0,0,0,0,0,0,0,0,0,0,0,0,0,0,0,1,0,0,0,0,0,0,0,0,0.04594032702615025,0.5,0.686046511627907
2020,11,gasly,12,6,Finished,8.0,60,gasly_2020_11,0,finished,classificado,False,0,0,0,0,UNKNOWN,0,0,0,0,0,0,0,0,0,0,0,0,0,1,0,0,0,0,0,0,0,0,0,0,0,0,0,0,0,0,0,0,0,0,0,0,0,0,1,0,0,0,0,0,0,0,0,0,0,0,0,0,0,0.04594032702615025,0.6000000000000001,0.686046511627907
2020,11,leclerc,4,7,Finished,6.0,60,leclerc_2020_11,0,finished,classificado,False,0,0,0,0,UNKNOWN,0,0,0,0,0,0,0,0,0,0,0,0,0,1,0,0,0,0,0,0,0,0,0,0,0,0,0,0,0,0,0,0,0,0,0,0,0,0,0,0,0,1,0,0,0,0,0,0,0,0,0,0,0,0.04594032702615025,0.2,0.686046511627907
2020,11,hulkenberg,20,8,Finished,4.0,60,hulkenberg_2020_11,0,finished,classificado,False,0,0,0,0,UNKNOWN,0,0,0,0,0,0,0,0,0,0,0,0,0,1,0,0,0,0,0,0,0,0,0,0,0,0,0,0,0,0,0,0,0,0,0,0,0,0,0,0,0,0,0,0,0,0,1,0,0,0,0,0,0,0.04594032702615025,1.0,0.686046511627907
2020,11,grosjean,16,9,Finished,2.0,60,grosjean_2020_11,0,finished,classificado,False,0,0,0,0,UNKNOWN,0,0,0,0,0,0,0,0,0,0,0,0,0,1,0,0,0,0,0,0,0,0,0,0,0,0,0,0,0,0,0,0,0,0,0,0,0,0,0,0,0,0,0,1,0,0,0,0,0,0,0,0,0,0.04594032702615025,0.8,0.686046511627907
2020,11,giovinazzi,14,10,Finished,1.0,60,giovinazzi_2020_11,0,finished,classificado,False,0,0,0,0,UNKNOWN,0,0,0,0,0,0,0,0,0,0,0,0,0,1,0,0,0,0,0,0,0,0,0,0,0,0,0,0,0,0,0,0,0,0,0,0,0,1,0,0,0,0,0,0,0,0,0,0,0,0,0,0,0,0.04594032702615025,0.7000000000000001,0.686046511627907
2020,11,vettel,11,11,Finished,0.0,60,vettel_2020_11,0,finished,classificado,False,0,0,0,0,UNKNOWN,0,0,0,0,0,0,0,0,0,0,0,0,0,1,0,0,0,0,0,0,0,0,0,0,0,0,0,0,0,0,0,0,0,0,0,0,0,0,0,0,0,1,0,0,0,0,0,0,0,0,0,0,0,0.04594032702615025,0.55,0.686046511627907
2020,11,raikkonen,19,12,Finished,0.0,60,raikkonen_2020_11,0,finished,classificado,False,0,0,0,0,UNKNOWN,0,0,0,0,0,0,0,0,0,0,0,0,0,1,0,0,0,0,0,0,0,0,0,0,0,0,0,0,0,0,0,0,0,0,0,0,0,1,0,0,0,0,0,0,0,0,0,0,0,0,0,0,0,0.04594032702615025,0.9500000000000001,0.686046511627907
2020,11,kevin_magnussen,15,13,Finished,0.0,60,kevin_magnussen_2020_11,0,finished,classificado,False,0,0,0,0,UNKNOWN,0,0,0,0,0,0,0,0,0,0,0,0,0,1,0,0,0,0,0,0,0,0,0,0,0,0,0,0,0,0,0,0,0,0,0,0,0,0,0,0,0,0,0,1,0,0,0,0,0,0,0,0,0,0.04594032702615025,0.75,0.686046511627907
2020,11,latifi,18,14,Finished,0.0,60,latifi_2020_11,0,finished,classificado,False,0,0,0,0,UNKNOWN,0,0,0,0,0,0,0,0,0,0,0,0,0,1,0,0,0,0,0,0,0,0,0,0,0,0,0,0,0,0,0,0,0,0,0,0,0,0,0,0,0,0,0,0,0,0,0,0,0,0,0,0,1,0.04594032702615025,0.9,0.686046511627907
2020,11,kvyat,13,15,Finished,0.0,60,kvyat_2020_11,0,finished,classificado,False,0,0,0,0,UNKNOWN,0,0,0,0,0,0,0,0,0,0,0,0,0,1,0,0,0,0,0,0,0,0,0,0,0,0,0,0,0,0,0,0,0,0,0,0,0,0,1,0,0,0,0,0,0,0,0,0,0,0,0,0,0,0.04594032702615025,0.65,0.686046511627907
2020,12,hamilton,1,1,Finished,26.0,66,hamilton_2020_12,0,finished,classificado,False,0,0,0,0,UNKNOWN,0,0,0,0,0,0,0,0,0,0,0,0,0,0,0,0,0,0,0,0,0,0,0,0,0,1,0,0,0,0,0,0,0,0,0,0,0,0,0,0,0,0,0,0,0,1,0,0,0,0,0,0,0,0.6166706900155011,0.05,0.7558139534883721
2020,12,bottas,2,2,Finished,18.0,66,bottas_2020_12,0,finished,classificado,False,0,0,0,0,UNKNOWN,0,0,0,0,0,0,0,0,0,0,0,0,0,0,0,0,0,0,0,0,0,0,0,0,0,1,0,0,0,0,0,0,0,0,0,0,0,0,0,0,0,0,0,0,0,1,0,0,0,0,0,0,0,0.6166706900155011,0.1,0.7558139534883721
2020,12,max_verstappen,3,3,Finished,15.0,66,max_verstappen_2020_12,0,finished,classificado,False,0,0,0,0,UNKNOWN,0,0,0,0,0,0,0,0,0,0,0,0,0,0,0,0,0,0,0,0,0,0,0,0,0,1,0,0,0,0,0,0,0,0,0,0,0,0,0,0,0,0,0,0,0,0,0,0,1,0,0,0,0,0.6166706900155011,0.15000000000000002,0.7558139534883721
2020,12,leclerc,4,4,Finished,12.0,66,leclerc_2020_12,0,finished,classificado,False,0,0,0,0,UNKNOWN,0,0,0,0,0,0,0,0,0,0,0,0,0,0,0,0,0,0,0,0,0,0,0,0,0,1,0,0,0,0,0,0,0,0,0,0,0,0,0,0,0,1,0,0,0,0,0,0,0,0,0,0,0,0.6166706900155011,0.2,0.7558139534883721
2020,12,gasly,9,5,+1 Lap,10.0,65,gasly_2020_12,0,+1 lap,classificado,False,0,0,0,0,UNKNOWN,0,0,0,0,0,0,0,0,0,0,0,0,0,0,0,0,0,0,0,0,0,0,0,0,0,1,0,0,0,0,0,0,0,0,0,0,0,0,1,0,0,0,0,0,0,0,0,0,0,0,0,0,0,0.5215489628506094,0.45,0.7441860465116279
2020,12,sainz,7,6,+1 Lap,8.0,65,sainz_2020_12,0,+1 lap,classificado,False,0,0,0,0,UNKNOWN,0,0,0,0,0,0,0,0,0,0,0,0,0,0,0,0,0,0,0,0,0,0,0,0,0,1,0,0,0,0,0,0,0,0,0,0,0,0,0,0,0,0,0,0,1,0,0,0,0,0,0,0,0,0.5215489628506094,0.35000000000000003,0.7441860465116279
2020,12,perez,5,7,+1 Lap,6.0,65,perez_2020_12,0,+1 lap,classificado,False,0,0,0,0,UNKNOWN,0,0,0,0,0,0,0,0,0,0,0,0,0,0,0,0,0,0,0,0,0,0,0,0,0,1,0,0,0,0,0,0,0,0,0,0,0,0,0,0,0,0,0,0,0,0,1,0,0,0,0,0,0,0.5215489628506094,0.25,0.7441860465116279
2020,12,ocon,11,8,+1 Lap,4.0,65,ocon_2020_12,0,+1 lap,classificado,False,0,0,0,0,UNKNOWN,0,0,0,0,0,0,0,0,0,0,0,0,0,0,0,0,0,0,0,0,0,0,0,0,0,1,0,0,0,0,0,0,0,0,0,0,0,0,0,0,0,0,0,0,0,0,0,0,0,1,0,0,0,0.5215489628506094,0.55,0.7441860465116279
2020,12,ricciardo,10,9,+1 Lap,2.0,65,ricciardo_2020_12,0,+1 lap,classificado,False,0,0,0,0,UNKNOWN,0,0,0,0,0,0,0,0,0,0,0,0,0,0,0,0,0,0,0,0,0,0,0,0,0,1,0,0,0,0,0,0,0,0,0,0,0,0,0,0,0,0,0,0,0,0,0,0,0,1,0,0,0,0.5215489628506094,0.5,0.7441860465116279
2020,12,vettel,15,10,+1 Lap,1.0,65,vettel_2020_12,0,+1 lap,classificado,False,0,0,0,0,UNKNOWN,0,0,0,0,0,0,0,0,0,0,0,0,0,0,0,0,0,0,0,0,0,0,0,0,0,1,0,0,0,0,0,0,0,0,0,0,0,0,0,0,0,1,0,0,0,0,0,0,0,0,0,0,0,0.5215489628506094,0.75,0.7441860465116279
2020,12,raikkonen,16,11,+1 Lap,0.0,65,raikkonen_2020_12,0,+1 lap,classificado,False,0,0,0,0,UNKNOWN,0,0,0,0,0,0,0,0,0,0,0,0,0,0,0,0,0,0,0,0,0,0,0,0,0,1,0,0,0,0,0,0,0,0,0,0,0,1,0,0,0,0,0,0,0,0,0,0,0,0,0,0,0,0.5215489628506094,0.8,0.7441860465116279
2020,12,albon,6,12,+1 Lap,0.0,65,albon_2020_12,0,+1 lap,classificado,False,0,0,0,0,UNKNOWN,0,0,0,0,0,0,0,0,0,0,0,0,0,0,0,0,0,0,0,0,0,0,0,0,0,1,0,0,0,0,0,0,0,0,0,0,0,0,0,0,0,0,0,0,0,0,0,0,1,0,0,0,0,0.5215489628506094,0.30000000000000004,0.7441860465116279
2020,12,norris,8,13,+1 Lap,0.0,65,norris_2020_12,0,+1 lap,classificado,False,0,0,0,0,UNKNOWN,0,0,0,0,0,0,0,0,0,0,0,0,0,0,0,0,0,0,0,0,0,0,0,0,0,1,0,0,0,0,0,0,0,0,0,0,0,0,0,0,0,0,0,0,1,0,0,0,0,0,0,0,0,0.5215489628506094,0.4,0.7441860465116279
2020,12,russell,14,14,+1 Lap,0.0,65,russell_2020_12,0,+1 lap,classificado,False,0,0,0,0,UNKNOWN,0,0,0,0,0,0,0,0,0,0,0,0,0,0,0,0,0,0,0,0,0,0,0,0,0,1,0,0,0,0,0,0,0,0,0,0,0,0,0,0,0,0,0,0,0,0,0,0,0,0,0,0,1,0.5215489628506094,0.7000000000000001,0.7441860465116279
2020,12,giovinazzi,17,15,+1 Lap,0.0,65,giovinazzi_2020_12,0,+1 lap,classificado,False,0,0,0,0,UNKNOWN,0,0,0,0,0,0,0,0,0,0,0,0,0,0,0,0,0,0,0,0,0,0,0,0,0,1,0,0,0,0,0,0,0,0,0,0,0,1,0,0,0,0,0,0,0,0,0,0,0,0,0,0,0,0.5215489628506094,0.8500000000000001,0.7441860465116279
2020,12,kevin_magnussen,19,16,+1 Lap,0.0,65,kevin_magnussen_2020_12,0,+1 lap,classificado,False,0,0,0,0,UNKNOWN,0,0,0,0,0,0,0,0,0,0,0,0,0,0,0,0,0,0,0,0,0,0,0,0,0,1,0,0,0,0,0,0,0,0,0,0,0,0,0,0,0,0,0,1,0,0,0,0,0,0,0,0,0,0.5215489628506094,0.9500000000000001,0.7441860465116279
2020,12,grosjean,18,17,+1 Lap,0.0,65,grosjean_2020_12,0,+1 lap,classificado,False,0,0,0,0,UNKNOWN,0,0,0,0,0,0,0,0,0,0,0,0,0,0,0,0,0,0,0,0,0,0,0,0,0,1,0,0,0,0,0,0,0,0,0,0,0,0,0,0,0,0,0,1,0,0,0,0,0,0,0,0,0,0.5215489628506094,0.9,0.7441860465116279
2020,12,latifi,20,18,+2 Laps,0.0,64,latifi_2020_12,0,+2 laps,classificado,False,0,0,0,0,UNKNOWN,0,0,0,0,0,0,0,0,0,0,0,0,0,0,0,0,0,0,0,0,0,0,0,0,0,1,0,0,0,0,0,0,0,0,0,0,0,0,0,0,0,0,0,0,0,0,0,0,0,0,0,0,1,0.4264272356857175,1.0,0.7325581395348837
2020,12,kvyat,13,19,+2 Laps,0.0,64,kvyat_2020_12,0,+2 laps,classificado,False,0,0,0,0,UNKNOWN,0,0,0,0,0,0,0,0,0,0,0,0,0,0,0,0,0,0,0,0,0,0,0,0,0,1,0,0,0,0,0,0,0,0,0,0,0,0,1,0,0,0,0,0,0,0,0,0,0,0,0,0,0,0.4264272356857175,0.65,0.7325581395348837
2020,13,hamilton,2,1,Finished,26.0,63,hamilton_2020_13,0,finished,classificado,False,0,0,0,0,UNKNOWN,0,0,0,0,0,0,0,0,0,0,0,0,0,0,1,0,0,0,0,0,0,0,0,0,0,0,0,0,0,0,0,0,0,0,0,0,0,0,0,0,0,0,0,0,0,1,0,0,0,0,0,0,0,0.3313055085208257,0.1,0.7209302325581395
2020,13,bottas,1,2,Finished,18.0,63,bottas_2020_13,0,finished,classificado,False,0,0,0,0,UNKNOWN,0,0,0,0,0,0,0,0,0,0,0,0,0,0,1,0,0,0,0,0,0,0,0,0,0,0,0,0,0,0,0,0,0,0,0,0,0,0,0,0,0,0,0,0,0,1,0,0,0,0,0,0,0,0.3313055085208257,0.05,0.7209302325581395
2020,13,ricciardo,5,3,Finished,15.0,63,ricciardo_2020_13,0,finished,classificado,False,0,0,0,0,UNKNOWN,0,0,0,0,0,0,0,0,0,0,0,0,0,0,1,0,0,0,0,0,0,0,0,0,0,0,0,0,0,0,0,0,0,0,0,0,0,0,0,0,0,0,0,0,0,0,0,0,0,1,0,0,0,0.3313055085208257,0.25,0.7209302325581395
2020,13,kvyat,8,4,Finished,12.0,63,kvyat_2020_13,0,finished,classificado,False,0,0,0,0,UNKNOWN,0,0,0,0,0,0,0,0,0,0,0,0,0,0,1,0,0,0,0,0,0,0,0,0,0,0,0,0,0,0,0,0,0,0,0,0,0,0,1,0,0,0,0,0,0,0,0,0,0,0,0,0,0,0.3313055085208257,0.4,0.7209302325581395
2020,13,leclerc,7,5,Finished,10.0,63,leclerc_2020_13,0,finished,classificado,False,0,0,0,0,UNKNOWN,0,0,0,0,0,0,0,0,0,0,0,0,0,0,1,0,0,0,0,0,0,0,0,0,0,0,0,0,0,0,0,0,0,0,0,0,0,0,0,0,0,1,0,0,0,0,0,0,0,0,0,0,0,0.3313055085208257,0.35000000000000003,0.7209302325581395
2020,13,perez,11,6,Finished,8.0,63,perez_2020_13,0,finished,classificado,False,0,0,0,0,UNKNOWN,0,0,0,0,0,0,0,0,0,0,0,0,0,0,1,0,0,0,0,0,0,0,0,0,0,0,0,0,0,0,0,0,0,0,0,0,0,0,0,0,0,0,0,0,0,0,1,0,0,0,0,0,0,0.3313055085208257,0.55,0.7209302325581395
2020,13,sainz,10,7,Finished,6.0,63,sainz_2020_13,0,finished,classificado,False,0,0,0,0,UNKNOWN,0,0,0,0,0,0,0,0,0,0,0,0,0,0,1,0,0,0,0,0,0,0,0,0,0,0,0,0,0,0,0,0,0,0,0,0,0,0,0,0,0,0,0,0,1,0,0,0,0,0,0,0,0,0.3313055085208257,0.5,0.7209302325581395
2020,13,norris,9,8,Finished,4.0,63,norris_2020_13,0,finished,classificado,False,0,0,0,0,UNKNOWN,0,0,0,0,0,0,0,0,0,0,0,0,0,0,1,0,0,0,0,0,0,0,0,0,0,0,0,0,0,0,0,0,0,0,0,0,0,0,0,0,0,0,0,0,1,0,0,0,0,0,0,0,0,0.3313055085208257,0.45,0.7209302325581395
2020,13,raikkonen,18,9,Finished,2.0,63,raikkonen_2020_13,0,finished,classificado,False,0,0,0,0,UNKNOWN,0,0,0,0,0,0,0,0,0,0,0,0,0,0,1,0,0,0,0,0,0,0,0,0,0,0,0,0,0,0,0,0,0,0,0,0,0,1,0,0,0,0,0,0,0,0,0,0,0,0,0,0,0,0.3313055085208257,0.9,0.7209302325581395
2020,13,giovinazzi,20,10,Finished,1.0,63,giovinazzi_2020_13,0,finished,classificado,False,0,0,0,0,UNKNOWN,0,0,0,0,0,0,0,0,0,0,0,0,0,0,1,0,0,0,0,0,0,0,0,0,0,0,0,0,0,0,0,0,0,0,0,0,0,1,0,0,0,0,0,0,0,0,0,0,0,0,0,0,0,0.3313055085208257,1.0,0.7209302325581395
2020,13,latifi,19,11,Finished,0.0,63,latifi_2020_13,0,finished,classificado,False,0,0,0,0,UNKNOWN,0,0,0,0,0,0,0,0,0,0,0,0,0,0,1,0,0,0,0,0,0,0,0,0,0,0,0,0,0,0,0,0,0,0,0,0,0,0,0,0,0,0,0,0,0,0,0,0,0,0,0,0,1,0.3313055085208257,0.9500000000000001,0.7209302325581395
2020,13,vettel,14,12,Finished,0.0,63,vettel_2020_13,0,finished,classificado,False,0,0,0,0,UNKNOWN,0,0,0,0,0,0,0,0,0,0,0,0,0,0,1,0,0,0,0,0,0,0,0,0,0,0,0,0,0,0,0,0,0,0,0,0,0,0,0,0,0,1,0,0,0,0,0,0,0,0,0,0,0,0.3313055085208257,0.7000000000000001,0.7209302325581395
2020,13,stroll,15,13,Finished,0.0,63,stroll_2020_13,0,finished,classificado,False,0,0,0,0,UNKNOWN,0,0,0,0,0,0,0,0,0,0,0,0,0,0,1,0,0,0,0,0,0,0,0,0,0,0,0,0,0,0,0,0,0,0,0,0,0,0,0,0,0,0,0,0,0,0,1,0,0,0,0,0,0,0.3313055085208257,0.75,0.7209302325581395
2020,13,grosjean,16,14,Finished,0.0,63,grosjean_2020_13,0,finished,classificado,False,0,0,0,0,UNKNOWN,0,0,0,0,0,0,0,0,0,0,0,0,0,0,1,0,0,0,0,0,0,0,0,0,0,0,0,0,0,0,0,0,0,0,0,0,0,0,0,0,0,0,0,1,0,0,0,0,0,0,0,0,0,0.3313055085208257,0.8,0.7209302325581395
2020,13,albon,6,15,Finished,0.0,63,albon_2020_13,0,finished,classificado,False,0,0,0,0,UNKNOWN,0,0,0,0,0,0,0,0,0,0,0,0,0,0,1,0,0,0,0,0,0,0,0,0,0,0,0,0,0,0,0,0,0,0,0,0,0,0,0,0,0,0,0,0,0,0,0,0,1,0,0,0,0,0.3313055085208257,0.30000000000000004,0.7209302325581395
2020,14,hamilton,6,1,Finished,25.0,58,hamilton_2020_14,0,finished,classificado,False,0,0,0,0,UNKNOWN,0,0,0,0,0,0,0,0,0,0,0,0,0,0,0,0,0,0,0,0,0,0,0,0,0,0,0,0,0,0,0,0,0,0,1,0,0,0,0,0,0,0,0,0,0,1,0,0,0,0,0,0,0,-0.14430312730363337,0.30000000000000004,0.6627906976744186
2020,14,perez,3,2,Finished,18.0,58,perez_2020_14,0,finished,classificado,False,0,0,0,0,UNKNOWN,0,0,0,0,0,0,0,0,0,0,0,0,0,0,0,0,0,0,0,0,0,0,0,0,0,0,0,0,0,0,0,0,0,0,1,0,0,0,0,0,0,0,0,0,0,0,1,0,0,0,0,0,0,-0.14430312730363337,0.15000000000000002,0.6627906976744186
2020,14,vettel,11,3,Finished,15.0,58,vettel_2020_14,0,finished,classificado,False,0,0,0,0,UNKNOWN,0,0,0,0,0,0,0,0,0,0,0,0,0,0,0,0,0,0,0,0,0,0,0,0,0,0,0,0,0,0,0,0,0,0,1,0,0,0,0,0,0,1,0,0,0,0,0,0,0,0,0,0,0,-0.14430312730363337,0.55,0.6627906976744186
2020,14,leclerc,12,4,Finished,12.0,58,leclerc_2020_14,0,finished,classificado,False,0,0,0,0,UNKNOWN,0,0,0,0,0,0,0,0,0,0,0,0,0,0,0,0,0,0,0,0,0,0,0,0,0,0,0,0,0,0,0,0,0,0,1,0,0,0,0,0,0,1,0,0,0,0,0,0,0,0,0,0,0,-0.14430312730363337,0.6000000000000001,0.6627906976744186
2020,14,sainz,15,5,Finished,10.0,58,sainz_2020_14,0,finished,classificado,False,0,0,0,0,UNKNOWN,0,0,0,0,0,0,0,0,0,0,0,0,0,0,0,0,0,0,0,0,0,0,0,0,0,0,0,0,0,0,0,0,0,0,1,0,0,0,0,0,0,0,0,0,1,0,0,0,0,0,0,0,0,-0.14430312730363337,0.75,0.6627906976744186
2020,14,max_verstappen,2,6,Finished,8.0,58,max_verstappen_2020_14,0,finished,classificado,False,0,0,0,0,UNKNOWN,0,0,0,0,0,0,0,0,0,0,0,0,0,0,0,0,0,0,0,0,0,0,0,0,0,0,0,0,0,0,0,0,0,0,1,0,0,0,0,0,0,0,0,0,0,0,0,0,1,0,0,0,0,-0.14430312730363337,0.1,0.6627906976744186
2020,14,albon,4,7,Finished,6.0,58,albon_2020_14,0,finished,classificado,False,0,0,0,0,UNKNOWN,0,0,0,0,0,0,0,0,0,0,0,0,0,0,0,0,0,0,0,0,0,0,0,0,0,0,0,0,0,0,0,0,0,0,1,0,0,0,0,0,0,0,0,0,0,0,0,0,1,0,0,0,0,-0.14430312730363337,0.2,0.6627906976744186
2020,14,norris,14,8,Finished,5.0,58,norris_2020_14,0,finished,classificado,False,0,0,0,0,UNKNOWN,0,0,0,0,0,0,0,0,0,0,0,0,0,0,0,0,0,0,0,0,0,0,0,0,0,0,0,0,0,0,0,0,0,0,1,0,0,0,0,0,0,0,0,0,1,0,0,0,0,0,0,0,0,-0.14430312730363337,0.7000000000000001,0.6627906976744186
2020,14,stroll,1,9,Finished,2.0,58,stroll_2020_14,0,finished,classificado,False,0,0,0,0,UNKNOWN,0,0,0,0,0,0,0,0,0,0,0,0,0,0,0,0,0,0,0,0,0,0,0,0,0,0,0,0,0,0,0,0,0,0,1,0,0,0,0,0,0,0,0,0,0,0,1,0,0,0,0,0,0,-0.14430312730363337,0.05,0.6627906976744186
2020,14,ricciardo,5,10,Finished,1.0,58,ricciardo_2020_14,0,finished,classificado,False,0,0,0,0,UNKNOWN,0,0,0,0,0,0,0,0,0,0,0,0,0,0,0,0,0,0,0,0,0,0,0,0,0,0,0,0,0,0,0,0,0,0,1,0,0,0,0,0,0,0,0,0,0,0,0,0,0,1,0,0,0,-0.14430312730363337,0.25,0.6627906976744186
2020,14,ocon,7,11,+1 Lap,0.0,57,ocon_2020_14,0,+1 lap,classificado,False,0,0,0,0,UNKNOWN,0,0,0,0,0,0,0,0,0,0,0,0,0,0,0,0,0,0,0,0,0,0,0,0,0,0,0,0,0,0,0,0,0,0,1,0,0,0,0,0,0,0,0,0,0,0,0,0,0,1,0,0,0,-0.23942485446852518,0.35000000000000003,0.6511627906976744
2020,14,kvyat,16,12,+1 Lap,0.0,57,kvyat_2020_14,0,+1 lap,classificado,False,0,0,0,0,UNKNOWN,0,0,0,0,0,0,0,0,0,0,0,0,0,0,0,0,0,0,0,0,0,0,0,0,0,0,0,0,0,0,0,0,0,0,1,0,0,0,1,0,0,0,0,0,0,0,0,0,0,0,0,0,0,-0.23942485446852518,0.8,0.6511627906976744
2020,14,gasly,19,13,+1 Lap,0.0,57,gasly_2020_14,0,+1 lap,classificado,False,0,0,0,0,UNKNOWN,0,0,0,0,0,0,0,0,0,0,0,0,0,0,0,0,0,0,0,0,0,0,0,0,0,0,0,0,0,0,0,0,0,0,1,0,0,0,1,0,0,0,0,0,0,0,0,0,0,0,0,0,0,-0.23942485446852518,0.9500000000000001,0.6511627906976744
2020,14,bottas,9,14,+1 Lap,0.0,57,bottas_2020_14,0,+1 lap,classificado,False,0,0,0,0,UNKNOWN,0,0,0,0,0,0,0,0,0,0,0,0,0,0,0,0,0,0,0,0,0,0,0,0,0,0,0,0,0,0,0,0,0,0,1,0,0,0,0,0,0,0,0,0,0,1,0,0,0,0,0,0,0,-0.23942485446852518,0.45,0.6511627906976744
2020,14,raikkonen,8,15,+1 Lap,0.0,57,raikkonen_2020_14,0,+1 lap,classificado,False,0,0,0,0,UNKNOWN,0,0,0,0,0,0,0,0,0,0,0,0,0,0,0,0,0,0,0,0,0,0,0,0,0,0,0,0,0,0,0,0,0,0,1,0,0,1,0,0,0,0,0,0,0,0,0,0,0,0,0,0,0,-0.23942485446852518,0.4,0.6511627906976744
2020,14,russell,0,16,+1 Lap,0.0,57,russell_2020_14,1,+1 lap,classificado,False,0,0,0,0,UNKNOWN,0,0,0,0,0,0,0,0,0,0,0,0,0,0,0,0,0,0,0,0,0,0,0,0,0,0,0,0,0,0,0,0,0,0,1,0,0,0,0,0,0,0,0,0,0,0,0,0,0,0,0,0,1,-0.23942485446852518,0.0,0.6511627906976744
2020,15,hamilton,1,1,Finished,25.0,57,hamilton_2020_15,0,finished,classificado,False,0,0,0,0,UNKNOWN,0,0,0,0,0,0,1,0,0,0,0,0,0,0,0,0,0,0,0,0,0,0,0,0,0,0,0,0,0,0,0,0,0,0,0,0,0,0,0,0,0,0,0,0,0,1,0,0,0,0,0,0,0,-0.23942485446852518,0.05,0.6511627906976744
2020,15,max_verstappen,3,2,Finished,19.0,57,max_verstappen_2020_15,0,finished,classificado,False,0,0,0,0,UNKNOWN,0,0,0,0,0,0,1,0,0,0,0,0,0,0,0,0,0,0,0,0,0,0,0,0,0,0,0,0,0,0,0,0,0,0,0,0,0,0,0,0,0,0,0,0,0,0,0,0,1,0,0,0,0,-0.23942485446852518,0.15000000000000002,0.6511627906976744
2020,15,albon,4,3,Finished,15.0,57,albon_2020_15,0,finished,classificado,False,0,0,0,0,UNKNOWN,0,0,0,0,0,0,1,0,0,0,0,0,0,0,0,0,0,0,0,0,0,0,0,0,0,0,0,0,0,0,0,0,0,0,0,0,0,0,0,0,0,0,0,0,0,0,0,0,1,0,0,0,0,-0.23942485446852518,0.2,0.6511627906976744
2020,15,norris,9,4,Finished,12.0,57,norris_2020_15,0,finished,classificado,False,0,0,0,0,UNKNOWN,0,0,0,0,0,0,1,0,0,0,0,0,0,0,0,0,0,0,0,0,0,0,0,0,0,0,0,0,0,0,0,0,0,0,0,0,0,0,0,0,0,0,0,0,1,0,0,0,0,0,0,0,0,-0.23942485446852518,0.45,0.6511627906976744
2020,15,sainz,15,5,Finished,10.0,57,sainz_2020_15,0,finished,classificado,False,0,0,0,0,UNKNOWN,0,0,0,0,0,0,1,0,0,0,0,0,0,0,0,0,0,0,0,0,0,0,0,0,0,0,0,0,0,0,0,0,0,0,0,0,0,0,0,0,0,0,0,0,1,0,0,0,0,0,0,0,0,-0.23942485446852518,0.75,0.6511627906976744
2020,15,gasly,8,6,Finished,8.0,57,gasly_2020_15,0,finished,classificado,False,0,0,0,0,UNKNOWN,0,0,0,0,0,0,1,0,0,0,0,0,0,0,0,0,0,0,0,0,0,0,0,0,0,0,0,0,0,0,0,0,0,0,0,0,0,0,1,0,0,0,0,0,0,0,0,0,0,0,0,0,0,-0.23942485446852518,0.4,0.6511627906976744
2020,15,ricciardo,6,7,Finished,6.0,57,ricciardo_2020_15,0,finished,classificado,False,0,0,0,0,UNKNOWN,0,0,0,0,0,0,1,0,0,0,0,0,0,0,0,0,0,0,0,0,0,0,0,0,0,0,0,0,0,0,0,0,0,0,0,0,0,0,0,0,0,0,0,0,0,0,0,0,0,1,0,0,0,-0.23942485446852518,0.30000000000000004,0.6511627906976744
2020,15,bottas,2,8,Finished,4.0,57,bottas_2020_15,0,finished,classificado,False,0,0,0,0,UNKNOWN,0,0,0,0,0,0,1,0,0,0,0,0,0,0,0,0,0,0,0,0,0,0,0,0,0,0,0,0,0,0,0,0,0,0,0,0,0,0,0,0,0,0,0,0,0,1,0,0,0,0,0,0,0,-0.23942485446852518,0.1,0.6511627906976744
2020,15,ocon,7,9,Finished,2.0,57,ocon_2020_15,0,finished,classificado,False,0,0,0,0,UNKNOWN,0,0,0,0,0,0,1,0,0,0,0,0,0,0,0,0,0,0,0,0,0,0,0,0,0,0,0,0,0,0,0,0,0,0,0,0,0,0,0,0,0,0,0,0,0,0,0,0,0,1,0,0,0,-0.23942485446852518,0.35000000000000003,0.6511627906976744
2020,15,leclerc,12,10,+1 Lap,1.0,56,leclerc_2020_15,0,+1 lap,classificado,False,0,0,0,0,UNKNOWN,0,0,0,0,0,0,1,0,0,0,0,0,0,0,0,0,0,0,0,0,0,0,0,0,0,0,0,0,0,0,0,0,0,0,0,0,0,0,0,0,0,1,0,0,0,0,0,0,0,0,0,0,0,-0.334546581633417,0.6000000000000001,0.6395348837209303
2020,15,kvyat,10,11,+1 Lap,0.0,56,kvyat_2020_15,0,+1 lap,classificado,False,0,0,0,0,UNKNOWN,0,0,0,0,0,0,1,0,0,0,0,0,0,0,0,0,0,0,0,0,0,0,0,0,0,0,0,0,0,0,0,0,0,0,0,0,0,0,1,0,0,0,0,0,0,0,0,0,0,0,0,0,0,-0.334546581633417,0.5,0.6395348837209303
2020,15,russell,14,12,+1 Lap,0.0,56,russell_2020_15,0,+1 lap,classificado,False,0,0,0,0,UNKNOWN,0,0,0,0,0,0,1,0,0,0,0,0,0,0,0,0,0,0,0,0,0,0,0,0,0,0,0,0,0,0,0,0,0,0,0,0,0,0,0,0,0,0,0,0,0,0,0,0,0,0,0,0,1,-0.334546581633417,0.7000000000000001,0.6395348837209303
2020,15,vettel,11,13,+1 Lap,0.0,56,vettel_2020_15,0,+1 lap,classificado,False,0,0,0,0,UNKNOWN,0,0,0,0,0,0,1,0,0,0,0,0,0,0,0,0,0,0,0,0,0,0,0,0,0,0,0,0,0,0,0,0,0,0,0,0,0,0,0,0,0,1,0,0,0,0,0,0,0,0,0,0,0,-0.334546581633417,0.55,0.6395348837209303
2020,15,latifi,20,14,+1 Lap,0.0,56,latifi_2020_15,0,+1 lap,classificado,False,0,0,0,0,UNKNOWN,0,0,0,0,0,0,1,0,0,0,0,0,0,0,0,0,0,0,0,0,0,0,0,0,0,0,0,0,0,0,0,0,0,0,0,0,0,0,0,0,0,0,0,0,0,0,0,0,0,0,0,0,1,-0.334546581633417,1.0,0.6395348837209303
2020,15,raikkonen,17,15,+1 Lap,0.0,56,raikkonen_2020_15,0,+1 lap,classificado,False,0,0,0,0,UNKNOWN,0,0,0,0,0,0,1,0,0,0,0,0,0,0,0,0,0,0,0,0,0,0,0,0,0,0,0,0,0,0,0,0,0,0,0,0,0,1,0,0,0,0,0,0,0,0,0,0,0,0,0,0,0,-0.334546581633417,0.8500000000000001,0.6395348837209303
2020,15,giovinazzi,16,16,+1 Lap,0.0,56,giovinazzi_2020_15,0,+1 lap,classificado,False,0,0,0,0,UNKNOWN,0,0,0,0,0,0,1,0,0,0,0,0,0,0,0,0,0,0,0,0,0,0,0,0,0,0,0,0,0,0,0,0,0,0,0,0,0,1,0,0,0,0,0,0,0,0,0,0,0,0,0,0,0,-0.334546581633417,0.8,0.6395348837209303
2020,15,kevin_magnussen,18,17,+1 Lap,0.0,56,kevin_magnussen_2020_15,0,+1 lap,classificado,False,0,0,0,0,UNKNOWN,0,0,0,0,0,0,1,0,0,0,0,0,0,0,0,0,0,0,0,0,0,0,0,0,0,0,0,0,0,0,0,0,0,0,0,0,0,0,0,0,0,0,0,1,0,0,0,0,0,0,0,0,0,-0.334546581633417,0.9,0.6395348837209303
2020,16,perez,5,1,Finished,25.0,87,perez_2020_16,0,finished,classificado,False,0,0,0,0,UNKNOWN,0,0,0,0,0,0,0,0,0,0,0,0,0,0,0,0,0,0,0,0,0,0,0,0,0,0,0,0,1,0,0,0,0,0,0,0,0,0,0,0,0,0,0,0,0,0,1,0,0,0,0,0,0,2.6142269604782293,0.25,1.0
2020,16,ocon,11,2,Finished,18.0,87,ocon_2020_16,0,finished,classificado,False,0,0,0,0,UNKNOWN,0,0,0,0,0,0,0,0,0,0,0,0,0,0,0,0,0,0,0,0,0,0,0,0,0,0,0,0,1,0,0,0,0,0,0,0,0,0,0,0,0,0,0,0,0,0,0,0,0,1,0,0,0,2.6142269604782293,0.55,1.0
2020,16,stroll,10,3,Finished,15.0,87,stroll_2020_16,0,finished,classificado,False,0,0,0,0,UNKNOWN,0,0,0,0,0,0,0,0,0,0,0,0,0,0,0,0,0,0,0,0,0,0,0,0,0,0,0,0,1,0,0,0,0,0,0,0,0,0,0,0,0,0,0,0,0,0,1,0,0,0,0,0,0,2.6142269604782293,0.5,1.0
2020,16,sainz,8,4,Finished,12.0,87,sainz_2020_16,0,finished,classificado,False,0,0,0,0,UNKNOWN,0,0,0,0,0,0,0,0,0,0,0,0,0,0,0,0,0,0,0,0,0,0,0,0,0,0,0,0,1,0,0,0,0,0,0,0,0,0,0,0,0,0,0,0,1,0,0,0,0,0,0,0,0,2.6142269604782293,0.4,1.0
2020,16,ricciardo,7,5,Finished,10.0,87,ricciardo_2020_16,0,finished,classificado,False,0,0,0,0,UNKNOWN,0,0,0,0,0,0,0,0,0,0,0,0,0,0,0,0,0,0,0,0,0,0,0,0,0,0,0,0,1,0,0,0,0,0,0,0,0,0,0,0,0,0,0,0,0,0,0,0,0,1,0,0,0,2.6142269604782293,0.35000000000000003,1.0
2020,16,albon,12,6,Finished,8.0,87,albon_2020_16,0,finished,classificado,False,0,0,0,0,UNKNOWN,0,0,0,0,0,0,0,0,0,0,0,0,0,0,0,0,0,0,0,0,0,0,0,0,0,0,0,0,1,0,0,0,0,0,0,0,0,0,0,0,0,0,0,0,0,0,0,0,1,0,0,0,0,2.6142269604782293,0.6000000000000001,1.0
2020,16,kvyat,6,7,Finished,6.0,87,kvyat_2020_16,0,finished,classificado,False,0,0,0,0,UNKNOWN,0,0,0,0,0,0,0,0,0,0,0,0,0,0,0,0,0,0,0,0,0,0,0,0,0,0,0,0,1,0,0,0,0,0,0,0,0,0,1,0,0,0,0,0,0,0,0,0,0,0,0,0,0,2.6142269604782293,0.30000000000000004,1.0
2020,16,bottas,1,8,Finished,4.0,87,bottas_2020_16,0,finished,classificado,False,0,0,0,0,UNKNOWN,0,0,0,0,0,0,0,0,0,0,0,0,0,0,0,0,0,0,0,0,0,0,0,0,0,0,0,0,1,0,0,0,0,0,0,0,0,0,0,0,0,0,0,0,0,1,0,0,0,0,0,0,0,2.6142269604782293,0.05,1.0
2020,16,russell,2,9,Finished,3.0,87,russell_2020_16,0,finished,classificado,False,0,0,0,0,UNKNOWN,0,0,0,0,0,0,0,0,0,0,0,0,0,0,0,0,0,0,0,0,0,0,0,0,0,0,0,0,1,0,0,0,0,0,0,0,0,0,0,0,0,0,0,0,0,1,0,0,0,0,0,0,0,2.6142269604782293,0.1,1.0
2020,16,norris,19,10,Finished,1.0,87,norris_2020_16,0,finished,classificado,False,0,0,0,0,UNKNOWN,0,0,0,0,0,0,0,0,0,0,0,0,0,0,0,0,0,0,0,0,0,0,0,0,0,0,0,0,1,0,0,0,0,0,0,0,0,0,0,0,0,0,0,0,1,0,0,0,0,0,0,0,0,2.6142269604782293,0.9500000000000001,1.0
2020,16,gasly,9,11,Finished,0.0,87,gasly_2020_16,0,finished,classificado,False,0,0,0,0,UNKNOWN,0,0,0,0,0,0,0,0,0,0,0,0,0,0,0,0,0,0,0,0,0,0,0,0,0,0,0,0,1,0,0,0,0,0,0,0,0,0,1,0,0,0,0,0,0,0,0,0,0,0,0,0,0,2.6142269604782293,0.45,1.0
2020,16,vettel,13,12,Finished,0.0,87,vettel_2020_16,0,finished,classificado,False,0,0,0,0,UNKNOWN,0,0,0,0,0,0,0,0,0,0,0,0,0,0,0,0,0,0,0,0,0,0,0,0,0,0,0,0,1,0,0,0,0,0,0,0,0,0,0,0,0,1,0,0,0,0,0,0,0,0,0,0,0,2.6142269604782293,0.65,1.0
2020,16,giovinazzi,14,13,Finished,0.0,87,giovinazzi_2020_16,0,finished,classificado,False,0,0,0,0,UNKNOWN,0,0,0,0,0,0,0,0,0,0,0,0,0,0,0,0,0,0,0,0,0,0,0,0,0,0,0,0,1,0,0,0,0,0,0,0,0,1,0,0,0,0,0,0,0,0,0,0,0,0,0,0,0,2.6142269604782293,0.7000000000000001,1.0
2020,16,raikkonen,18,14,Finished,0.0,87,raikkonen_2020_16,0,finished,classificado,False,0,0,0,0,UNKNOWN,0,0,0,0,0,0,0,0,0,0,0,0,0,0,0,0,0,0,0,0,0,0,0,0,0,0,0,0,1,0,0,0,0,0,0,0,0,1,0,0,0,0,0,0,0,0,0,0,0,0,0,0,0,2.6142269604782293,0.9,1.0
2020,16,kevin_magnussen,15,15,Finished,0.0,87,kevin_magnussen_2020_16,0,finished,classificado,False,0,0,0,0,UNKNOWN,0,0,0,0,0,0,0,0,0,0,0,0,0,0,0,0,0,0,0,0,0,0,0,0,0,0,0,0,1,0,0,0,0,0,0,0,0,0,0,0,0,0,0,1,0,0,0,0,0,0,0,0,0,2.6142269604782293,0.75,1.0
2020,16,aitken,17,16,Finished,0.0,87,aitken_2020_16,0,finished,classificado,False,0,0,0,0,UNKNOWN,0,0,0,0,0,0,0,0,0,0,0,0,0,0,0,0,0,0,0,0,0,0,0,0,0,0,0,0,1,0,0,0,0,0,0,0,0,0,0,0,0,0,0,0,0,0,0,0,0,0,0,0,1,2.6142269604782293,0.8500000000000001,1.0
2020,16,pietro_fittipaldi,20,17,Finished,0.0,87,pietro_fittipaldi_2020_16,0,finished,classificado,False,0,0,0,0,UNKNOWN,0,0,0,0,0,0,0,0,0,0,0,0,0,0,0,0,0,0,0,0,0,0,0,0,0,0,0,0,1,0,0,0,0,0,0,0,0,0,0,0,0,0,0,1,0,0,0,0,0,0,0,0,0,2.6142269604782293,1.0,1.0
2020,17,max_verstappen,1,1,Finished,25.0,55,max_verstappen_2020_17,0,finished,classificado,False,0,0,0,0,UNKNOWN,0,0,1,0,0,0,0,0,0,0,0,0,0,0,0,0,0,0,0,0,0,0,0,0,0,0,0,0,0,0,0,0,0,0,0,0,0,0,0,0,0,0,0,0,0,0,0,0,1,0,0,0,0,-0.4296683087983088,0.05,0.627906976744186
2020,17,bottas,2,2,Finished,18.0,55,bottas_2020_17,0,finished,classificado,False,0,0,0,0,UNKNOWN,0,0,1,0,0,0,0,0,0,0,0,0,0,0,0,0,0,0,0,0,0,0,0,0,0,0,0,0,0,0,0,0,0,0,0,0,0,0,0,0,0,0,0,0,0,1,0,0,0,0,0,0,0,-0.4296683087983088,0.1,0.627906976744186
2020,17,hamilton,3,3,Finished,15.0,55,hamilton_2020_17,0,finished,classificado,False,0,0,0,0,UNKNOWN,0,0,1,0,0,0,0,0,0,0,0,0,0,0,0,0,0,0,0,0,0,0,0,0,0,0,0,0,0,0,0,0,0,0,0,0,0,0,0,0,0,0,0,0,0,1,0,0,0,0,0,0,0,-0.4296683087983088,0.15000000000000002,0.627906976744186
2020,17,albon,5,4,Finished,12.0,55,albon_2020_17,0,finished,classificado,False,0,0,0,0,UNKNOWN,0,0,1,0,0,0,0,0,0,0,0,0,0,0,0,0,0,0,0,0,0,0,0,0,0,0,0,0,0,0,0,0,0,0,0,0,0,0,0,0,0,0,0,0,0,0,0,0,1,0,0,0,0,-0.4296683087983088,0.25,0.627906976744186
2020,17,norris,4,5,Finished,10.0,55,norris_2020_17,0,finished,classificado,False,0,0,0,0,UNKNOWN,0,0,1,0,0,0,0,0,0,0,0,0,0,0,0,0,0,0,0,0,0,0,0,0,0,0,0,0,0,0,0,0,0,0,0,0,0,0,0,0,0,0,0,0,1,0,0,0,0,0,0,0,0,-0.4296683087983088,0.2,0.627906976744186
2020,17,sainz,6,6,Finished,8.0,55,sainz_2020_17,0,finished,classificado,False,0,0,0,0,UNKNOWN,0,0,1,0,0,0,0,0,0,0,0,0,0,0,0,0,0,0,0,0,0,0,0,0,0,0,0,0,0,0,0,0,0,0,0,0,0,0,0,0,0,0,0,0,1,0,0,0,0,0,0,0,0,-0.4296683087983088,0.30000000000000004,0.627906976744186
2020,17,ricciardo,11,7,Finished,7.0,55,ricciardo_2020_17,0,finished,classificado,False,0,0,0,0,UNKNOWN,0,0,1,0,0,0,0,0,0,0,0,0,0,0,0,0,0,0,0,0,0,0,0,0,0,0,0,0,0,0,0,0,0,0,0,0,0,0,0,0,0,0,0,0,0,0,0,0,0,1,0,0,0,-0.4296683087983088,0.55,0.627906976744186
2020,17,gasly,9,8,Finished,4.0,55,gasly_2020_17,0,finished,classificado,False,0,0,0,0,UNKNOWN,0,0,1,0,0,0,0,0,0,0,0,0,0,0,0,0,0,0,0,0,0,0,0,0,0,0,0,0,0,0,0,0,0,0,0,0,0,0,1,0,0,0,0,0,0,0,0,0,0,0,0,0,0,-0.4296683087983088,0.45,0.627906976744186
2020,17,ocon,10,9,Finished,2.0,55,ocon_2020_17,0,finished,classificado,False,0,0,0,0,UNKNOWN,0,0,1,0,0,0,0,0,0,0,0,0,0,0,0,0,0,0,0,0,0,0,0,0,0,0,0,0,0,0,0,0,0,0,0,0,0,0,0,0,0,0,0,0,0,0,0,0,0,1,0,0,0,-0.4296683087983088,0.5,0.627906976744186
2020,17,stroll,8,10,Finished,1.0,55,stroll_2020_17,0,finished,classificado,False,0,0,0,0,UNKNOWN,0,0,1,0,0,0,0,0,0,0,0,0,0,0,0,0,0,0,0,0,0,0,0,0,0,0,0,0,0,0,0,0,0,0,0,0,0,0,0,0,0,0,0,0,0,0,1,0,0,0,0,0,0,-0.4296683087983088,0.4,0.627906976744186
2020,17,kvyat,7,11,+1 Lap,0.0,54,kvyat_2020_17,0,+1 lap,classificado,False,0,0,0,0,UNKNOWN,0,0,1,0,0,0,0,0,0,0,0,0,0,0,0,0,0,0,0,0,0,0,0,0,0,0,0,0,0,0,0,0,0,0,0,0,0,0,1,0,0,0,0,0,0,0,0,0,0,0,0,0,0,-0.5247900359632006,0.35000000000000003,0.6162790697674418
2020,17,raikkonen,15,12,+1 Lap,0.0,54,raikkonen_2020_17,0,+1 lap,classificado,False,0,0,0,0,UNKNOWN,0,0,1,0,0,0,0,0,0,0,0,0,0,0,0,0,0,0,0,0,0,0,0,0,0,0,0,0,0,0,0,0,0,0,0,0,0,1,0,0,0,0,0,0,0,0,0,0,0,0,0,0,0,-0.5247900359632006,0.75,0.6162790697674418
2020,17,leclerc,12,13,+1 Lap,0.0,54,leclerc_2020_17,0,+1 lap,classificado,False,0,0,0,0,UNKNOWN,0,0,1,0,0,0,0,0,0,0,0,0,0,0,0,0,0,0,0,0,0,0,0,0,0,0,0,0,0,0,0,0,0,0,0,0,0,0,0,0,0,1,0,0,0,0,0,0,0,0,0,0,0,-0.5247900359632006,0.6000000000000001,0.6162790697674418
2020,17,vettel,13,14,+1 Lap,0.0,54,vettel_2020_17,0,+1 lap,classificado,False,0,0,0,0,UNKNOWN,0,0,1,0,0,0,0,0,0,0,0,0,0,0,0,0,0,0,0,0,0,0,0,0,0,0,0,0,0,0,0,0,0,0,0,0,0,0,0,0,0,1,0,0,0,0,0,0,0,0,0,0,0,-0.5247900359632006,0.65,0.6162790697674418
2020,17,russell,16,15,+1 Lap,0.0,54,russell_2020_17,0,+1 lap,classificado,False,0,0,0,0,UNKNOWN,0,0,1,0,0,0,0,0,0,0,0,0,0,0,0,0,0,0,0,0,0,0,0,0,0,0,0,0,0,0,0,0,0,0,0,0,0,0,0,0,0,0,0,0,0,0,0,0,0,0,0,0,1,-0.5247900359632006,0.8,0.6162790697674418
2020,17,giovinazzi,14,16,+1 Lap,0.0,54,giovinazzi_2020_17,0,+1 lap,classificado,False,0,0,0,0,UNKNOWN,0,0,1,0,0,0,0,0,0,0,0,0,0,0,0,0,0,0,0,0,0,0,0,0,0,0,0,0,0,0,0,0,0,0,0,0,0,1,0,0,0,0,0,0,0,0,0,0,0,0,0,0,0,-0.5247900359632006,0.7000000000000001,0.6162790697674418
2020,17,latifi,18,17,+1 Lap,0.0,54,latifi_2020_17,0,+1 lap,classificado,False,0,0,0,0,UNKNOWN,0,0,1,0,0,0,0,0,0,0,0,0,0,0,0,0,0,0,0,0,0,0,0,0,0,0,0,0,0,0,0,0,0,0,0,0,0,0,0,0,0,0,0,0,0,0,0,0,0,0,0,0,1,-0.5247900359632006,0.9,0.6162790697674418
2020,17,kevin_magnussen,20,18,+1 Lap,0.0,54,kevin_magnussen_2020_17,0,+1 lap,classificado,False,0,0,0,0,UNKNOWN,0,0,1,0,0,0,0,0,0,0,0,0,0,0,0,0,0,0,0,0,0,0,0,0,0,0,0,0,0,0,0,0,0,0,0,0,0,0,0,0,0,0,0,1,0,0,0,0,0,0,0,0,0,-0.5247900359632006,1.0,0.6162790697674418
2020,17,pietro_fittipaldi,17,19,+2 Laps,0.0,53,pietro_fittipaldi_2020_17,0,+2 laps,classificado,False,0,0,0,0,UNKNOWN,0,0,1,0,0,0,0,0,0,0,0,0,0,0,0,0,0,0,0,0,0,0,0,0,0,0,0,0,0,0,0,0,0,0,0,0,0,0,0,0,0,0,0,1,0,0,0,0,0,0,0,0,0,-0.6199117631280925,0.8500000000000001,0.6046511627906976
2021,1,hamilton,2,1,Finished,25.0,56,hamilton_2021_1,0,finished,classificado,False,0,0,0,0,UNKNOWN,0,0,0,0,0,0,1,0,0,0,0,0,0,0,0,0,0,0,0,0,0,0,0,0,0,0,0,0,0,0,0,0,0,0,0,0,0,0,0,0,0,0,0,0,0,1,0,0,0,0,0,0,0,-0.334546581633417,0.1,0.6395348837209303
2021,1,max_verstappen,1,2,Finished,18.0,56,max_verstappen_2021_1,0,finished,classificado,False,0,0,0,0,UNKNOWN,0,0,0,0,0,0,1,0,0,0,0,0,0,0,0,0,0,0,0,0,0,0,0,0,0,0,0,0,0,0,0,0,0,0,0,0,0,0,0,0,0,0,0,0,0,0,0,0,1,0,0,0,0,-0.334546581633417,0.05,0.6395348837209303
2021,1,bottas,3,3,Finished,16.0,56,bottas_2021_1,0,finished,classificado,False,0,0,0,0,UNKNOWN,0,0,0,0,0,0,1,0,0,0,0,0,0,0,0,0,0,0,0,0,0,0,0,0,0,0,0,0,0,0,0,0,0,0,0,0,0,0,0,0,0,0,0,0,0,1,0,0,0,0,0,0,0,-0.334546581633417,0.15000000000000002,0.6395348837209303
2021,1,norris,7,4,Finished,12.0,56,norris_2021_1,0,finished,classificado,False,0,0,0,0,UNKNOWN,0,0,0,0,0,0,1,0,0,0,0,0,0,0,0,0,0,0,0,0,0,0,0,0,0,0,0,0,0,0,0,0,0,0,0,0,0,0,0,0,0,0,0,0,1,0,0,0,0,0,0,0,0,-0.334546581633417,0.35000000000000003,0.6395348837209303
2021,1,perez,0,5,Finished,10.0,56,perez_2021_1,1,finished,classificado,False,0,0,0,0,UNKNOWN,0,0,0,0,0,0,1,0,0,0,0,0,0,0,0,0,0,0,0,0,0,0,0,0,0,0,0,0,0,0,0,0,0,0,0,0,0,0,0,0,0,0,0,0,0,0,0,0,1,0,0,0,0,-0.334546581633417,0.0,0.6395348837209303
2021,1,leclerc,4,6,Finished,8.0,56,leclerc_2021_1,0,finished,classificado,False,0,0,0,0,UNKNOWN,0,0,0,0,0,0,1,0,0,0,0,0,0,0,0,0,0,0,0,0,0,0,0,0,0,0,0,0,0,0,0,0,0,0,0,0,0,0,0,0,0,1,0,0,0,0,0,0,0,0,0,0,0,-0.334546581633417,0.2,0.6395348837209303
2021,1,ricciardo,6,7,Finished,6.0,56,ricciardo_2021_1,0,finished,classificado,False,0,0,0,0,UNKNOWN,0,0,0,0,0,0,1,0,0,0,0,0,0,0,0,0,0,0,0,0,0,0,0,0,0,0,0,0,0,0,0,0,0,0,0,0,0,0,0,0,0,0,0,0,1,0,0,0,0,0,0,0,0,-0.334546581633417,0.30000000000000004,0.6395348837209303
2021,1,sainz,8,8,Finished,4.0,56,sainz_2021_1,0,finished,classificado,False,0,0,0,0,UNKNOWN,0,0,0,0,0,0,1,0,0,0,0,0,0,0,0,0,0,0,0,0,0,0,0,0,0,0,0,0,0,0,0,0,0,0,0,0,0,0,0,0,0,1,0,0,0,0,0,0,0,0,0,0,0,-0.334546581633417,0.4,0.6395348837209303
2021,1,tsunoda,13,9,Finished,2.0,56,tsunoda_2021_1,0,finished,classificado,False,0,0,0,0,UNKNOWN,0,0,0,0,0,0,1,0,0,0,0,0,0,0,0,0,0,0,0,0,0,0,0,0,0,0,0,0,0,0,0,0,0,0,0,0,0,0,1,0,0,0,0,0,0,0,0,0,0,0,0,0,0,-0.334546581633417,0.65,0.6395348837209303
2021,1,stroll,10,10,Finished,1.0,56,stroll_2021_1,0,finished,classificado,False,0,0,0,0,UNKNOWN,0,0,0,0,0,0,1,0,0,0,0,0,0,0,0,0,0,0,0,0,0,0,0,0,0,0,0,0,0,0,0,0,0,0,0,0,0,0,0,0,1,0,0,0,0,0,0,0,0,0,0,0,0,-0.334546581633417,0.5,0.6395348837209303
2021,1,raikkonen,14,11,Finished,0.0,56,raikkonen_2021_1,0,finished,classificado,False,0,0,0,0,UNKNOWN,0,0,0,0,0,0,1,0,0,0,0,0,0,0,0,0,0,0,0,0,0,0,0,0,0,0,0,0,0,0,0,0,0,0,0,0,0,1,0,0,0,0,0,0,0,0,0,0,0,0,0,0,0,-0.334546581633417,0.7000000000000001,0.6395348837209303
2021,1,giovinazzi,12,12,+1 Lap,0.0,55,giovinazzi_2021_1,0,+1 lap,classificado,False,0,0,0,0,UNKNOWN,0,0,0,0,0,0,1,0,0,0,0,0,0,0,0,0,0,0,0,0,0,0,0,0,0,0,0,0,0,0,0,0,0,0,0,0,0,1,0,0,0,0,0,0,0,0,0,0,0,0,0,0,0,-0.4296683087983088,0.6000000000000001,0.627906976744186
2021,1,ocon,16,13,+1 Lap,0.0,55,ocon_2021_1,0,+1 lap,classificado,False,0,0,0,0,UNKNOWN,0,0,0,0,0,0,1,0,0,0,0,0,0,0,0,0,0,0,0,0,0,0,0,0,0,0,0,0,0,0,0,0,0,0,0,0,0,0,0,1,0,0,0,0,0,0,0,0,0,0,0,0,0,-0.4296683087983088,0.8,0.627906976744186
2021,1,russell,15,14,+1 Lap,0.0,55,russell_2021_1,0,+1 lap,classificado,False,0,0,0,0,UNKNOWN,0,0,0,0,0,0,1,0,0,0,0,0,0,0,0,0,0,0,0,0,0,0,0,0,0,0,0,0,0,0,0,0,0,0,0,0,0,0,0,0,0,0,0,0,0,0,0,0,0,0,0,0,1,-0.4296683087983088,0.75,0.627906976744186
2021,1,vettel,20,15,+1 Lap,0.0,55,vettel_2021_1,0,+1 lap,classificado,False,0,0,0,0,UNKNOWN,0,0,0,0,0,0,1,0,0,0,0,0,0,0,0,0,0,0,0,0,0,0,0,0,0,0,0,0,0,0,0,0,0,0,0,0,0,0,0,0,1,0,0,0,0,0,0,0,0,0,0,0,0,-0.4296683087983088,1.0,0.627906976744186
2021,1,mick_schumacher,18,16,+1 Lap,0.0,55,mick_schumacher_2021_1,0,+1 lap,classificado,False,0,0,0,0,UNKNOWN,0,0,0,0,0,0,1,0,0,0,0,0,0,0,0,0,0,0,0,0,0,0,0,0,0,0,0,0,0,0,0,0,0,0,0,0,0,0,0,0,0,0,0,1,0,0,0,0,0,0,0,0,0,-0.4296683087983088,0.9,0.627906976744186
2021,2,max_verstappen,3,1,Finished,25.0,63,max_verstappen_2021_2,0,finished,classificado,False,0,0,0,0,UNKNOWN,0,0,0,0,0,0,0,0,0,0,0,0,0,0,1,0,0,0,0,0,0,0,0,0,0,0,0,0,0,0,0,0,0,0,0,0,0,0,0,0,0,0,0,0,0,0,0,0,1,0,0,0,0,0.3313055085208257,0.15000000000000002,0.7209302325581395
2021,2,hamilton,1,2,Finished,19.0,63,hamilton_2021_2,0,finished,classificado,False,0,0,0,0,UNKNOWN,0,0,0,0,0,0,0,0,0,0,0,0,0,0,1,0,0,0,0,0,0,0,0,0,0,0,0,0,0,0,0,0,0,0,0,0,0,0,0,0,0,0,0,0,0,1,0,0,0,0,0,0,0,0.3313055085208257,0.05,0.7209302325581395
2021,2,norris,7,3,Finished,15.0,63,norris_2021_2,0,finished,classificado,False,0,0,0,0,UNKNOWN,0,0,0,0,0,0,0,0,0,0,0,0,0,0,1,0,0,0,0,0,0,0,0,0,0,0,0,0,0,0,0,0,0,0,0,0,0,0,0,0,0,0,0,0,1,0,0,0,0,0,0,0,0,0.3313055085208257,0.35000000000000003,0.7209302325581395
2021,2,leclerc,4,4,Finished,12.0,63,leclerc_2021_2,0,finished,classificado,False,0,0,0,0,UNKNOWN,0,0,0,0,0,0,0,0,0,0,0,0,0,0,1,0,0,0,0,0,0,0,0,0,0,0,0,0,0,0,0,0,0,0,0,0,0,0,0,0,0,1,0,0,0,0,0,0,0,0,0,0,0,0.3313055085208257,0.2,0.7209302325581395
2021,2,sainz,11,5,Finished,10.0,63,sainz_2021_2,0,finished,classificado,False,0,0,0,0,UNKNOWN,0,0,0,0,0,0,0,0,0,0,0,0,0,0,1,0,0,0,0,0,0,0,0,0,0,0,0,0,0,0,0,0,0,0,0,0,0,0,0,0,0,1,0,0,0,0,0,0,0,0,0,0,0,0.3313055085208257,0.55,0.7209302325581395
2021,2,ricciardo,6,6,Finished,8.0,63,ricciardo_2021_2,0,finished,classificado,False,0,0,0,0,UNKNOWN,0,0,0,0,0,0,0,0,0,0,0,0,0,0,1,0,0,0,0,0,0,0,0,0,0,0,0,0,0,0,0,0,0,0,0,0,0,0,0,0,0,0,0,0,1,0,0,0,0,0,0,0,0,0.3313055085208257,0.30000000000000004,0.7209302325581395
2021,2,gasly,5,7,Finished,6.0,63,gasly_2021_2,0,finished,classificado,False,0,0,0,0,UNKNOWN,0,0,0,0,0,0,0,0,0,0,0,0,0,0,1,0,0,0,0,0,0,0,0,0,0,0,0,0,0,0,0,0,0,0,0,0,0,0,1,0,0,0,0,0,0,0,0,0,0,0,0,0,0,0.3313055085208257,0.25,0.7209302325581395
2021,2,stroll,10,8,Finished,4.0,63,stroll_2021_2,0,finished,classificado,False,0,0,0,0,UNKNOWN,0,0,0,0,0,0,0,0,0,0,0,0,0,0,1,0,0,0,0,0,0,0,0,0,0,0,0,0,0,0,0,0,0,0,0,0,0,0,0,0,1,0,0,0,0,0,0,0,0,0,0,0,0,0.3313055085208257,0.5,0.7209302325581395
2021,2,ocon,9,9,Finished,2.0,63,ocon_2021_2,0,finished,classificado,False,0,0,0,0,UNKNOWN,0,0,0,0,0,0,0,0,0,0,0,0,0,0,1,0,0,0,0,0,0,0,0,0,0,0,0,0,0,0,0,0,0,0,0,0,0,0,0,1,0,0,0,0,0,0,0,0,0,0,0,0,0,0.3313055085208257,0.45,0.7209302325581395
2021,2,alonso,15,10,Finished,1.0,63,alonso_2021_2,0,finished,classificado,False,0,0,0,0,UNKNOWN,0,0,0,0,0,0,0,0,0,0,0,0,0,0,1,0,0,0,0,0,0,0,0,0,0,0,0,0,0,0,0,0,0,0,0,0,0,0,0,1,0,0,0,0,0,0,0,0,0,0,0,0,0,0.3313055085208257,0.75,0.7209302325581395
2021,2,perez,2,11,Finished,0.0,63,perez_2021_2,0,finished,classificado,False,0,0,0,0,UNKNOWN,0,0,0,0,0,0,0,0,0,0,0,0,0,0,1,0,0,0,0,0,0,0,0,0,0,0,0,0,0,0,0,0,0,0,0,0,0,0,0,0,0,0,0,0,0,0,0,0,1,0,0,0,0,0.3313055085208257,0.1,0.7209302325581395
2021,2,tsunoda,20,12,Finished,0.0,63,tsunoda_2021_2,0,finished,classificado,False,0,0,0,0,UNKNOWN,0,0,0,0,0,0,0,0,0,0,0,0,0,0,1,0,0,0,0,0,0,0,0,0,0,0,0,0,0,0,0,0,0,0,0,0,0,0,1,0,0,0,0,0,0,0,0,0,0,0,0,0,0,0.3313055085208257,1.0,0.7209302325581395
2021,2,raikkonen,16,13,Finished,0.0,63,raikkonen_2021_2,0,finished,classificado,False,0,0,0,0,UNKNOWN,0,0,0,0,0,0,0,0,0,0,0,0,0,0,1,0,0,0,0,0,0,0,0,0,0,0,0,0,0,0,0,0,0,0,0,0,0,1,0,0,0,0,0,0,0,0,0,0,0,0,0,0,0,0.3313055085208257,0.8,0.7209302325581395
2021,2,giovinazzi,17,14,+1 Lap,0.0,62,giovinazzi_2021_2,0,+1 lap,classificado,False,0,0,0,0,UNKNOWN,0,0,0,0,0,0,0,0,0,0,0,0,0,0,1,0,0,0,0,0,0,0,0,0,0,0,0,0,0,0,0,0,0,0,0,0,0,1,0,0,0,0,0,0,0,0,0,0,0,0,0,0,0,0.23618378135593388,0.8500000000000001,0.7093023255813953
2021,2,mick_schumacher,18,16,+2 Laps,0.0,61,mick_schumacher_2021_2,0,+2 laps,classificado,False,0,0,0,0,UNKNOWN,0,0,0,0,0,0,0,0,0,0,0,0,0,0,1,0,0,0,0,0,0,0,0,0,0,0,0,0,0,0,0,0,0,0,0,0,0,0,0,0,0,0,0,1,0,0,0,0,0,0,0,0,0,0.14106205419104206,0.9,0.6976744186046512
2021,2,mazepin,19,17,+2 Laps,0.0,61,mazepin_2021_2,0,+2 laps,classificado,False,0,0,0,0,UNKNOWN,0,0,0,0,0,0,0,0,0,0,0,0,0,0,1,0,0,0,0,0,0,0,0,0,0,0,0,0,0,0,0,0,0,0,0,0,0,0,0,0,0,0,0,1,0,0,0,0,0,0,0,0,0,0.14106205419104206,0.9500000000000001,0.6976744186046512
2021,3,hamilton,2,1,Finished,25.0,66,hamilton_2021_3,0,finished,classificado,False,0,0,0,0,UNKNOWN,0,0,0,0,0,0,0,0,0,0,0,0,0,0,0,0,0,0,0,0,0,0,0,0,0,1,0,0,0,0,0,0,0,0,0,0,0,0,0,0,0,0,0,0,0,1,0,0,0,0,0,0,0,0.6166706900155011,0.1,0.7558139534883721
2021,3,max_verstappen,3,2,Finished,18.0,66,max_verstappen_2021_3,0,finished,classificado,False,0,0,0,0,UNKNOWN,0,0,0,0,0,0,0,0,0,0,0,0,0,0,0,0,0,0,0,0,0,0,0,0,0,1,0,0,0,0,0,0,0,0,0,0,0,0,0,0,0,0,0,0,0,0,0,0,1,0,0,0,0,0.6166706900155011,0.15000000000000002,0.7558139534883721
2021,3,bottas,1,3,Finished,16.0,66,bottas_2021_3,0,finished,classificado,False,0,0,0,0,UNKNOWN,0,0,0,0,0,0,0,0,0,0,0,0,0,0,0,0,0,0,0,0,0,0,0,0,0,1,0,0,0,0,0,0,0,0,0,0,0,0,0,0,0,0,0,0,0,1,0,0,0,0,0,0,0,0.6166706900155011,0.05,0.7558139534883721
2021,3,perez,4,4,Finished,12.0,66,perez_2021_3,0,finished,classificado,False,0,0,0,0,UNKNOWN,0,0,0,0,0,0,0,0,0,0,0,0,0,0,0,0,0,0,0,0,0,0,0,0,0,1,0,0,0,0,0,0,0,0,0,0,0,0,0,0,0,0,0,0,0,0,0,0,1,0,0,0,0,0.6166706900155011,0.2,0.7558139534883721
2021,3,norris,7,5,Finished,10.0,66,norris_2021_3,0,finished,classificado,False,0,0,0,0,UNKNOWN,0,0,0,0,0,0,0,0,0,0,0,0,0,0,0,0,0,0,0,0,0,0,0,0,0,1,0,0,0,0,0,0,0,0,0,0,0,0,0,0,0,0,0,0,1,0,0,0,0,0,0,0,0,0.6166706900155011,0.35000000000000003,0.7558139534883721
2021,3,leclerc,8,6,Finished,8.0,66,leclerc_2021_3,0,finished,classificado,False,0,0,0,0,UNKNOWN,0,0,0,0,0,0,0,0,0,0,0,0,0,0,0,0,0,0,0,0,0,0,0,0,0,1,0,0,0,0,0,0,0,0,0,0,0,0,0,0,0,1,0,0,0,0,0,0,0,0,0,0,0,0.6166706900155011,0.4,0.7558139534883721
2021,3,ocon,6,7,Finished,6.0,66,ocon_2021_3,0,finished,classificado,False,0,0,0,0,UNKNOWN,0,0,0,0,0,0,0,0,0,0,0,0,0,0,0,0,0,0,0,0,0,0,0,0,0,1,0,0,0,0,0,0,0,0,0,0,0,0,0,1,0,0,0,0,0,0,0,0,0,0,0,0,0,0.6166706900155011,0.30000000000000004,0.7558139534883721
2021,3,alonso,13,8,Finished,4.0,66,alonso_2021_3,0,finished,classificado,False,0,0,0,0,UNKNOWN,0,0,0,0,0,0,0,0,0,0,0,0,0,0,0,0,0,0,0,0,0,0,0,0,0,1,0,0,0,0,0,0,0,0,0,0,0,0,0,1,0,0,0,0,0,0,0,0,0,0,0,0,0,0.6166706900155011,0.65,0.7558139534883721
2021,3,ricciardo,16,9,Finished,2.0,66,ricciardo_2021_3,0,finished,classificado,False,0,0,0,0,UNKNOWN,0,0,0,0,0,0,0,0,0,0,0,0,0,0,0,0,0,0,0,0,0,0,0,0,0,1,0,0,0,0,0,0,0,0,0,0,0,0,0,0,0,0,0,0,1,0,0,0,0,0,0,0,0,0.6166706900155011,0.8,0.7558139534883721
2021,3,gasly,9,10,Finished,1.0,66,gasly_2021_3,0,finished,classificado,False,0,0,0,0,UNKNOWN,0,0,0,0,0,0,0,0,0,0,0,0,0,0,0,0,0,0,0,0,0,0,0,0,0,1,0,0,0,0,0,0,0,0,0,0,0,0,1,0,0,0,0,0,0,0,0,0,0,0,0,0,0,0.6166706900155011,0.45,0.7558139534883721
2021,3,sainz,5,11,Finished,0.0,66,sainz_2021_3,0,finished,classificado,False,0,0,0,0,UNKNOWN,0,0,0,0,0,0,0,0,0,0,0,0,0,0,0,0,0,0,0,0,0,0,0,0,0,1,0,0,0,0,0,0,0,0,0,0,0,0,0,0,0,1,0,0,0,0,0,0,0,0,0,0,0,0.6166706900155011,0.25,0.7558139534883721
2021,3,giovinazzi,12,12,+1 Lap,0.0,65,giovinazzi_2021_3,0,+1 lap,classificado,False,0,0,0,0,UNKNOWN,0,0,0,0,0,0,0,0,0,0,0,0,0,0,0,0,0,0,0,0,0,0,0,0,0,1,0,0,0,0,0,0,0,0,0,0,0,1,0,0,0,0,0,0,0,0,0,0,0,0,0,0,0,0.5215489628506094,0.6000000000000001,0.7441860465116279
2021,3,vettel,10,13,+1 Lap,0.0,65,vettel_2021_3,0,+1 lap,classificado,False,0,0,0,0,UNKNOWN,0,0,0,0,0,0,0,0,0,0,0,0,0,0,0,0,0,0,0,0,0,0,0,0,0,1,0,0,0,0,0,0,0,0,0,0,0,0,0,0,1,0,0,0,0,0,0,0,0,0,0,0,0,0.5215489628506094,0.5,0.7441860465116279
2021,3,stroll,17,14,+1 Lap,0.0,65,stroll_2021_3,0,+1 lap,classificado,False,0,0,0,0,UNKNOWN,0,0,0,0,0,0,0,0,0,0,0,0,0,0,0,0,0,0,0,0,0,0,0,0,0,1,0,0,0,0,0,0,0,0,0,0,0,0,0,0,1,0,0,0,0,0,0,0,0,0,0,0,0,0.5215489628506094,0.8500000000000001,0.7441860465116279
2021,3,tsunoda,14,15,+1 Lap,0.0,65,tsunoda_2021_3,0,+1 lap,classificado,False,0,0,0,0,UNKNOWN,0,0,0,0,0,0,0,0,0,0,0,0,0,0,0,0,0,0,0,0,0,0,0,0,0,1,0,0,0,0,0,0,0,0,0,0,0,0,1,0,0,0,0,0,0,0,0,0,0,0,0,0,0,0.5215489628506094,0.7000000000000001,0.7441860465116279
2021,3,russell,11,16,+1 Lap,0.0,65,russell_2021_3,0,+1 lap,classificado,False,0,0,0,0,UNKNOWN,0,0,0,0,0,0,0,0,0,0,0,0,0,0,0,0,0,0,0,0,0,0,0,0,0,1,0,0,0,0,0,0,0,0,0,0,0,0,0,0,0,0,0,0,0,0,0,0,0,0,0,0,1,0.5215489628506094,0.55,0.7441860465116279
2021,3,mick_schumacher,19,17,+2 Laps,0.0,64,mick_schumacher_2021_3,0,+2 laps,classificado,False,0,0,0,0,UNKNOWN,0,0,0,0,0,0,0,0,0,0,0,0,0,0,0,0,0,0,0,0,0,0,0,0,0,1,0,0,0,0,0,0,0,0,0,0,0,0,0,0,0,0,0,1,0,0,0,0,0,0,0,0,0,0.4264272356857175,0.9500000000000001,0.7325581395348837
2021,3,latifi,18,18,+2 Laps,0.0,64,latifi_2021_3,0,+2 laps,classificado,False,0,0,0,0,UNKNOWN,0,0,0,0,0,0,0,0,0,0,0,0,0,0,0,0,0,0,0,0,0,0,0,0,0,1,0,0,0,0,0,0,0,0,0,0,0,0,0,0,0,0,0,0,0,0,0,0,0,0,0,0,1,0.4264272356857175,0.9,0.7325581395348837
2021,3,mazepin,20,19,+2 Laps,0.0,64,mazepin_2021_3,0,+2 laps,classificado,False,0,0,0,0,UNKNOWN,0,0,0,0,0,0,0,0,0,0,0,0,0,0,0,0,0,0,0,0,0,0,0,0,0,1,0,0,0,0,0,0,0,0,0,0,0,0,0,0,0,0,0,1,0,0,0,0,0,0,0,0,0,0.4264272356857175,1.0,0.7325581395348837
2021,4,hamilton,1,1,Finished,25.0,66,hamilton_2021_4,0,finished,classificado,False,0,0,0,0,UNKNOWN,0,0,0,0,0,0,0,0,0,0,0,0,0,0,0,0,0,0,0,0,0,0,0,0,0,0,0,0,0,0,0,1,0,0,0,0,0,0,0,0,0,0,0,0,0,1,0,0,0,0,0,0,0,0.6166706900155011,0.05,0.7558139534883721
2021,4,max_verstappen,2,2,Finished,19.0,66,max_verstappen_2021_4,0,finished,classificado,False,0,0,0,0,UNKNOWN,0,0,0,0,0,0,0,0,0,0,0,0,0,0,0,0,0,0,0,0,0,0,0,0,0,0,0,0,0,0,0,1,0,0,0,0,0,0,0,0,0,0,0,0,0,0,0,0,1,0,0,0,0,0.6166706900155011,0.1,0.7558139534883721
2021,4,bottas,3,3,Finished,15.0,66,bottas_2021_4,0,finished,classificado,False,0,0,0,0,UNKNOWN,0,0,0,0,0,0,0,0,0,0,0,0,0,0,0,0,0,0,0,0,0,0,0,0,0,0,0,0,0,0,0,1,0,0,0,0,0,0,0,0,0,0,0,0,0,1,0,0,0,0,0,0,0,0.6166706900155011,0.15000000000000002,0.7558139534883721
2021,4,leclerc,4,4,Finished,12.0,66,leclerc_2021_4,0,finished,classificado,False,0,0,0,0,UNKNOWN,0,0,0,0,0,0,0,0,0,0,0,0,0,0,0,0,0,0,0,0,0,0,0,0,0,0,0,0,0,0,0,1,0,0,0,0,0,0,0,0,0,1,0,0,0,0,0,0,0,0,0,0,0,0.6166706900155011,0.2,0.7558139534883721
2021,4,perez,8,5,Finished,10.0,66,perez_2021_4,0,finished,classificado,False,0,0,0,0,UNKNOWN,0,0,0,0,0,0,0,0,0,0,0,0,0,0,0,0,0,0,0,0,0,0,0,0,0,0,0,0,0,0,0,1,0,0,0,0,0,0,0,0,0,0,0,0,0,0,0,0,1,0,0,0,0,0.6166706900155011,0.4,0.7558139534883721
2021,4,ricciardo,7,6,Finished,8.0,66,ricciardo_2021_4,0,finished,classificado,False,0,0,0,0,UNKNOWN,0,0,0,0,0,0,0,0,0,0,0,0,0,0,0,0,0,0,0,0,0,0,0,0,0,0,0,0,0,0,0,1,0,0,0,0,0,0,0,0,0,0,0,0,1,0,0,0,0,0,0,0,0,0.6166706900155011,0.35000000000000003,0.7558139534883721
2021,4,sainz,6,7,Finished,6.0,66,sainz_2021_4,0,finished,classificado,False,0,0,0,0,UNKNOWN,0,0,0,0,0,0,0,0,0,0,0,0,0,0,0,0,0,0,0,0,0,0,0,0,0,0,0,0,0,0,0,1,0,0,0,0,0,0,0,0,0,1,0,0,0,0,0,0,0,0,0,0,0,0.6166706900155011,0.30000000000000004,0.7558139534883721
2021,4,norris,9,8,+1 Lap,4.0,65,norris_2021_4,0,+1 lap,classificado,False,0,0,0,0,UNKNOWN,0,0,0,0,0,0,0,0,0,0,0,0,0,0,0,0,0,0,0,0,0,0,0,0,0,0,0,0,0,0,0,1,0,0,0,0,0,0,0,0,0,0,0,0,1,0,0,0,0,0,0,0,0,0.5215489628506094,0.45,0.7441860465116279
2021,4,ocon,5,9,+1 Lap,2.0,65,ocon_2021_4,0,+1 lap,classificado,False,0,0,0,0,UNKNOWN,0,0,0,0,0,0,0,0,0,0,0,0,0,0,0,0,0,0,0,0,0,0,0,0,0,0,0,0,0,0,0,1,0,0,0,0,0,0,0,1,0,0,0,0,0,0,0,0,0,0,0,0,0,0.5215489628506094,0.25,0.7441860465116279
2021,4,gasly,12,10,+1 Lap,1.0,65,gasly_2021_4,0,+1 lap,classificado,False,0,0,0,0,UNKNOWN,0,0,0,0,0,0,0,0,0,0,0,0,0,0,0,0,0,0,0,0,0,0,0,0,0,0,0,0,0,0,0,1,0,0,0,0,0,0,1,0,0,0,0,0,0,0,0,0,0,0,0,0,0,0.5215489628506094,0.6000000000000001,0.7441860465116279
2021,4,stroll,11,11,+1 Lap,0.0,65,stroll_2021_4,0,+1 lap,classificado,False,0,0,0,0,UNKNOWN,0,0,0,0,0,0,0,0,0,0,0,0,0,0,0,0,0,0,0,0,0,0,0,0,0,0,0,0,0,0,0,1,0,0,0,0,0,0,0,0,1,0,0,0,0,0,0,0,0,0,0,0,0,0.5215489628506094,0.55,0.7441860465116279
2021,4,raikkonen,17,12,+1 Lap,0.0,65,raikkonen_2021_4,0,+1 lap,classificado,False,0,0,0,0,UNKNOWN,0,0,0,0,0,0,0,0,0,0,0,0,0,0,0,0,0,0,0,0,0,0,0,0,0,0,0,0,0,0,0,1,0,0,0,0,0,1,0,0,0,0,0,0,0,0,0,0,0,0,0,0,0,0.5215489628506094,0.8500000000000001,0.7441860465116279
2021,4,vettel,13,13,+1 Lap,0.0,65,vettel_2021_4,0,+1 lap,classificado,False,0,0,0,0,UNKNOWN,0,0,0,0,0,0,0,0,0,0,0,0,0,0,0,0,0,0,0,0,0,0,0,0,0,0,0,0,0,0,0,1,0,0,0,0,0,0,0,0,1,0,0,0,0,0,0,0,0,0,0,0,0,0.5215489628506094,0.65,0.7441860465116279
2021,4,russell,15,14,+1 Lap,0.0,65,russell_2021_4,0,+1 lap,classificado,False,0,0,0,0,UNKNOWN,0,0,0,0,0,0,0,0,0,0,0,0,0,0,0,0,0,0,0,0,0,0,0,0,0,0,0,0,0,0,0,1,0,0,0,0,0,0,0,0,0,0,0,0,0,0,0,0,0,0,0,0,1,0.5215489628506094,0.75,0.7441860465116279
2021,4,giovinazzi,14,15,+1 Lap,0.0,65,giovinazzi_2021_4,0,+1 lap,classificado,False,0,0,0,0,UNKNOWN,0,0,0,0,0,0,0,0,0,0,0,0,0,0,0,0,0,0,0,0,0,0,0,0,0,0,0,0,0,0,0,1,0,0,0,0,0,1,0,0,0,0,0,0,0,0,0,0,0,0,0,0,0,0.5215489628506094,0.7000000000000001,0.7441860465116279
2021,4,latifi,19,16,+1 Lap,0.0,65,latifi_2021_4,0,+1 lap,classificado,False,0,0,0,0,UNKNOWN,0,0,0,0,0,0,0,0,0,0,0,0,0,0,0,0,0,0,0,0,0,0,0,0,0,0,0,0,0,0,0,1,0,0,0,0,0,0,0,0,0,0,0,0,0,0,0,0,0,0,0,0,1,0.5215489628506094,0.9500000000000001,0.7441860465116279
2021,4,alonso,10,17,+1 Lap,0.0,65,alonso_2021_4,0,+1 lap,classificado,False,0,0,0,0,UNKNOWN,0,0,0,0,0,0,0,0,0,0,0,0,0,0,0,0,0,0,0,0,0,0,0,0,0,0,0,0,0,0,0,1,0,0,0,0,0,0,0,1,0,0,0,0,0,0,0,0,0,0,0,0,0,0.5215489628506094,0.5,0.7441860465116279
2021,4,mick_schumacher,18,18,+2 Laps,0.0,64,mick_schumacher_2021_4,0,+2 laps,classificado,False,0,0,0,0,UNKNOWN,0,0,0,0,0,0,0,0,0,0,0,0,0,0,0,0,0,0,0,0,0,0,0,0,0,0,0,0,0,0,0,1,0,0,0,0,0,0,0,0,0,0,0,1,0,0,0,0,0,0,0,0,0,0.4264272356857175,0.9,0.7325581395348837
2021,4,mazepin,20,19,+2 Laps,0.0,64,mazepin_2021_4,0,+2 laps,classificado,False,0,0,0,0,UNKNOWN,0,0,0,0,0,0,0,0,0,0,0,0,0,0,0,0,0,0,0,0,0,0,0,0,0,0,0,0,0,0,0,1,0,0,0,0,0,0,0,0,0,0,0,1,0,0,0,0,0,0,0,0,0,0.4264272356857175,1.0,0.7325581395348837
2021,5,max_verstappen,2,1,Finished,25.0,78,max_verstappen_2021_5,0,finished,classificado,False,0,0,0,0,UNKNOWN,0,0,0,0,0,0,0,0,0,0,0,0,0,0,0,0,0,0,0,0,0,0,0,0,1,0,0,0,0,0,0,0,0,0,0,0,0,0,0,0,0,0,0,0,0,0,0,0,1,0,0,0,0,1.758131415994203,0.1,0.8953488372093023
2021,5,sainz,4,2,Finished,18.0,78,sainz_2021_5,0,finished,classificado,False,0,0,0,0,UNKNOWN,0,0,0,0,0,0,0,0,0,0,0,0,0,0,0,0,0,0,0,0,0,0,0,0,1,0,0,0,0,0,0,0,0,0,0,0,0,0,0,0,0,1,0,0,0,0,0,0,0,0,0,0,0,1.758131415994203,0.2,0.8953488372093023
2021,5,norris,5,3,Finished,15.0,78,norris_2021_5,0,finished,classificado,False,0,0,0,0,UNKNOWN,0,0,0,0,0,0,0,0,0,0,0,0,0,0,0,0,0,0,0,0,0,0,0,0,1,0,0,0,0,0,0,0,0,0,0,0,0,0,0,0,0,0,0,0,1,0,0,0,0,0,0,0,0,1.758131415994203,0.25,0.8953488372093023
2021,5,perez,9,4,Finished,12.0,78,perez_2021_5,0,finished,classificado,False,0,0,0,0,UNKNOWN,0,0,0,0,0,0,0,0,0,0,0,0,0,0,0,0,0,0,0,0,0,0,0,0,1,0,0,0,0,0,0,0,0,0,0,0,0,0,0,0,0,0,0,0,0,0,0,0,1,0,0,0,0,1.758131415994203,0.45,0.8953488372093023
2021,5,vettel,8,5,Finished,10.0,78,vettel_2021_5,0,finished,classificado,False,0,0,0,0,UNKNOWN,0,0,0,0,0,0,0,0,0,0,0,0,0,0,0,0,0,0,0,0,0,0,0,0,1,0,0,0,0,0,0,0,0,0,0,0,0,0,0,0,1,0,0,0,0,0,0,0,0,0,0,0,0,1.758131415994203,0.4,0.8953488372093023
2021,5,gasly,6,6,Finished,8.0,78,gasly_2021_5,0,finished,classificado,False,0,0,0,0,UNKNOWN,0,0,0,0,0,0,0,0,0,0,0,0,0,0,0,0,0,0,0,0,0,0,0,0,1,0,0,0,0,0,0,0,0,0,0,0,0,0,1,0,0,0,0,0,0,0,0,0,0,0,0,0,0,1.758131415994203,0.30000000000000004,0.8953488372093023
2021,5,hamilton,7,7,Finished,7.0,78,hamilton_2021_5,0,finished,classificado,False,0,0,0,0,UNKNOWN,0,0,0,0,0,0,0,0,0,0,0,0,0,0,0,0,0,0,0,0,0,0,0,0,1,0,0,0,0,0,0,0,0,0,0,0,0,0,0,0,0,0,0,0,0,1,0,0,0,0,0,0,0,1.758131415994203,0.35000000000000003,0.8953488372093023
2021,5,stroll,13,8,+1 Lap,4.0,77,stroll_2021_5,0,+1 lap,classificado,False,0,0,0,0,UNKNOWN,0,0,0,0,0,0,0,0,0,0,0,0,0,0,0,0,0,0,0,0,0,0,0,0,1,0,0,0,0,0,0,0,0,0,0,0,0,0,0,0,1,0,0,0,0,0,0,0,0,0,0,0,0,1.663009688829311,0.65,0.8837209302325582
2021,5,ocon,11,9,+1 Lap,2.0,77,ocon_2021_5,0,+1 lap,classificado,False,0,0,0,0,UNKNOWN,0,0,0,0,0,0,0,0,0,0,0,0,0,0,0,0,0,0,0,0,0,0,0,0,1,0,0,0,0,0,0,0,0,0,0,0,0,0,0,1,0,0,0,0,0,0,0,0,0,0,0,0,0,1.663009688829311,0.55,0.8837209302325582
2021,5,giovinazzi,10,10,+1 Lap,1.0,77,giovinazzi_2021_5,0,+1 lap,classificado,False,0,0,0,0,UNKNOWN,0,0,0,0,0,0,0,0,0,0,0,0,0,0,0,0,0,0,0,0,0,0,0,0,1,0,0,0,0,0,0,0,0,0,0,0,0,1,0,0,0,0,0,0,0,0,0,0,0,0,0,0,0,1.663009688829311,0.5,0.8837209302325582
2021,5,raikkonen,14,11,+1 Lap,0.0,77,raikkonen_2021_5,0,+1 lap,classificado,False,0,0,0,0,UNKNOWN,0,0,0,0,0,0,0,0,0,0,0,0,0,0,0,0,0,0,0,0,0,0,0,0,1,0,0,0,0,0,0,0,0,0,0,0,0,1,0,0,0,0,0,0,0,0,0,0,0,0,0,0,0,1.663009688829311,0.7000000000000001,0.8837209302325582
2021,5,ricciardo,12,12,+1 Lap,0.0,77,ricciardo_2021_5,0,+1 lap,classificado,False,0,0,0,0,UNKNOWN,0,0,0,0,0,0,0,0,0,0,0,0,0,0,0,0,0,0,0,0,0,0,0,0,1,0,0,0,0,0,0,0,0,0,0,0,0,0,0,0,0,0,0,0,1,0,0,0,0,0,0,0,0,1.663009688829311,0.6000000000000001,0.8837209302325582
2021,5,alonso,17,13,+1 Lap,0.0,77,alonso_2021_5,0,+1 lap,classificado,False,0,0,0,0,UNKNOWN,0,0,0,0,0,0,0,0,0,0,0,0,0,0,0,0,0,0,0,0,0,0,0,0,1,0,0,0,0,0,0,0,0,0,0,0,0,0,0,1,0,0,0,0,0,0,0,0,0,0,0,0,0,1.663009688829311,0.8500000000000001,0.8837209302325582
2021,5,russell,15,14,+1 Lap,0.0,77,russell_2021_5,0,+1 lap,classificado,False,0,0,0,0,UNKNOWN,0,0,0,0,0,0,0,0,0,0,0,0,0,0,0,0,0,0,0,0,0,0,0,0,1,0,0,0,0,0,0,0,0,0,0,0,0,0,0,0,0,0,0,0,0,0,0,0,0,0,0,0,1,1.663009688829311,0.75,0.8837209302325582
2021,5,latifi,18,15,+1 Lap,0.0,77,latifi_2021_5,0,+1 lap,classificado,False,0,0,0,0,UNKNOWN,0,0,0,0,0,0,0,0,0,0,0,0,0,0,0,0,0,0,0,0,0,0,0,0,1,0,0,0,0,0,0,0,0,0,0,0,0,0,0,0,0,0,0,0,0,0,0,0,0,0,0,0,1,1.663009688829311,0.9,0.8837209302325582
2021,5,tsunoda,16,16,+1 Lap,0.0,77,tsunoda_2021_5,0,+1 lap,classificado,False,0,0,0,0,UNKNOWN,0,0,0,0,0,0,0,0,0,0,0,0,0,0,0,0,0,0,0,0,0,0,0,0,1,0,0,0,0,0,0,0,0,0,0,0,0,0,1,0,0,0,0,0,0,0,0,0,0,0,0,0,0,1.663009688829311,0.8,0.8837209302325582
2021,5,mazepin,19,17,+3 Laps,0.0,75,mazepin_2021_5,0,+3 laps,classificado,False,0,0,0,0,UNKNOWN,0,0,0,0,0,0,0,0,0,0,0,0,0,0,0,0,0,0,0,0,0,0,0,0,1,0,0,0,0,0,0,0,0,0,0,0,0,0,0,0,0,0,0,1,0,0,0,0,0,0,0,0,0,1.4727662344995274,0.9500000000000001,0.8604651162790697
2021,5,mick_schumacher,20,18,+3 Laps,0.0,75,mick_schumacher_2021_5,0,+3 laps,classificado,False,0,0,0,0,UNKNOWN,0,0,0,0,0,0,0,0,0,0,0,0,0,0,0,0,0,0,0,0,0,0,0,0,1,0,0,0,0,0,0,0,0,0,0,0,0,0,0,0,0,0,0,1,0,0,0,0,0,0,0,0,0,1.4727662344995274,1.0,0.8604651162790697
2021,6,perez,6,1,Finished,25.0,51,perez_2021_6,0,finished,classificado,False,0,0,0,0,UNKNOWN,0,0,0,0,0,1,0,0,0,0,0,0,0,0,0,0,0,0,0,0,0,0,0,0,0,0,0,0,0,0,0,0,0,0,0,0,0,0,0,0,0,0,0,0,0,0,0,0,1,0,0,0,0,-0.8101552174578761,0.30000000000000004,0.5813953488372092
2021,6,vettel,11,2,Finished,18.0,51,vettel_2021_6,0,finished,classificado,False,0,0,0,0,UNKNOWN,0,0,0,0,0,1,0,0,0,0,0,0,0,0,0,0,0,0,0,0,0,0,0,0,0,0,0,0,0,0,0,0,0,0,0,0,0,0,0,0,1,0,0,0,0,0,0,0,0,0,0,0,0,-0.8101552174578761,0.55,0.5813953488372092
2021,6,gasly,4,3,Finished,15.0,51,gasly_2021_6,0,finished,classificado,False,0,0,0,0,UNKNOWN,0,0,0,0,0,1,0,0,0,0,0,0,0,0,0,0,0,0,0,0,0,0,0,0,0,0,0,0,0,0,0,0,0,0,0,0,0,0,1,0,0,0,0,0,0,0,0,0,0,0,0,0,0,-0.8101552174578761,0.2,0.5813953488372092
2021,6,leclerc,1,4,Finished,12.0,51,leclerc_2021_6,0,finished,classificado,False,0,0,0,0,UNKNOWN,0,0,0,0,0,1,0,0,0,0,0,0,0,0,0,0,0,0,0,0,0,0,0,0,0,0,0,0,0,0,0,0,0,0,0,0,0,0,0,0,0,1,0,0,0,0,0,0,0,0,0,0,0,-0.8101552174578761,0.05,0.5813953488372092
2021,6,norris,9,5,Finished,10.0,51,norris_2021_6,0,finished,classificado,False,0,0,0,0,UNKNOWN,0,0,0,0,0,1,0,0,0,0,0,0,0,0,0,0,0,0,0,0,0,0,0,0,0,0,0,0,0,0,0,0,0,0,0,0,0,0,0,0,0,0,0,0,1,0,0,0,0,0,0,0,0,-0.8101552174578761,0.45,0.5813953488372092
2021,6,alonso,8,6,Finished,8.0,51,alonso_2021_6,0,finished,classificado,False,0,0,0,0,UNKNOWN,0,0,0,0,0,1,0,0,0,0,0,0,0,0,0,0,0,0,0,0,0,0,0,0,0,0,0,0,0,0,0,0,0,0,0,0,0,0,0,1,0,0,0,0,0,0,0,0,0,0,0,0,0,-0.8101552174578761,0.4,0.5813953488372092
2021,6,tsunoda,7,7,Finished,6.0,51,tsunoda_2021_6,0,finished,classificado,False,0,0,0,0,UNKNOWN,0,0,0,0,0,1,0,0,0,0,0,0,0,0,0,0,0,0,0,0,0,0,0,0,0,0,0,0,0,0,0,0,0,0,0,0,0,0,1,0,0,0,0,0,0,0,0,0,0,0,0,0,0,-0.8101552174578761,0.35000000000000003,0.5813953488372092
2021,6,sainz,5,8,Finished,4.0,51,sainz_2021_6,0,finished,classificado,False,0,0,0,0,UNKNOWN,0,0,0,0,0,1,0,0,0,0,0,0,0,0,0,0,0,0,0,0,0,0,0,0,0,0,0,0,0,0,0,0,0,0,0,0,0,0,0,0,0,1,0,0,0,0,0,0,0,0,0,0,0,-0.8101552174578761,0.25,0.5813953488372092
2021,6,ricciardo,13,9,Finished,2.0,51,ricciardo_2021_6,0,finished,classificado,False,0,0,0,0,UNKNOWN,0,0,0,0,0,1,0,0,0,0,0,0,0,0,0,0,0,0,0,0,0,0,0,0,0,0,0,0,0,0,0,0,0,0,0,0,0,0,0,0,0,0,0,0,1,0,0,0,0,0,0,0,0,-0.8101552174578761,0.65,0.5813953488372092
2021,6,raikkonen,14,10,Finished,1.0,51,raikkonen_2021_6,0,finished,classificado,False,0,0,0,0,UNKNOWN,0,0,0,0,0,1,0,0,0,0,0,0,0,0,0,0,0,0,0,0,0,0,0,0,0,0,0,0,0,0,0,0,0,0,0,0,0,1,0,0,0,0,0,0,0,0,0,0,0,0,0,0,0,-0.8101552174578761,0.7000000000000001,0.5813953488372092
2021,6,giovinazzi,20,11,Finished,0.0,51,giovinazzi_2021_6,0,finished,classificado,False,0,0,0,0,UNKNOWN,0,0,0,0,0,1,0,0,0,0,0,0,0,0,0,0,0,0,0,0,0,0,0,0,0,0,0,0,0,0,0,0,0,0,0,0,0,1,0,0,0,0,0,0,0,0,0,0,0,0,0,0,0,-0.8101552174578761,1.0,0.5813953488372092
2021,6,bottas,10,12,Finished,0.0,51,bottas_2021_6,0,finished,classificado,False,0,0,0,0,UNKNOWN,0,0,0,0,0,1,0,0,0,0,0,0,0,0,0,0,0,0,0,0,0,0,0,0,0,0,0,0,0,0,0,0,0,0,0,0,0,0,0,0,0,0,0,0,0,1,0,0,0,0,0,0,0,-0.8101552174578761,0.5,0.5813953488372092
2021,6,mick_schumacher,17,13,Finished,0.0,51,mick_schumacher_2021_6,0,finished,classificado,False,0,0,0,0,UNKNOWN,0,0,0,0,0,1,0,0,0,0,0,0,0,0,0,0,0,0,0,0,0,0,0,0,0,0,0,0,0,0,0,0,0,0,0,0,0,0,0,0,0,0,0,1,0,0,0,0,0,0,0,0,0,-0.8101552174578761,0.8500000000000001,0.5813953488372092
2021,6,mazepin,18,14,Finished,0.0,51,mazepin_2021_6,0,finished,classificado,False,0,0,0,0,UNKNOWN,0,0,0,0,0,1,0,0,0,0,0,0,0,0,0,0,0,0,0,0,0,0,0,0,0,0,0,0,0,0,0,0,0,0,0,0,0,0,0,0,0,0,0,1,0,0,0,0,0,0,0,0,0,-0.8101552174578761,0.9,0.5813953488372092
2021,6,hamilton,2,15,Finished,0.0,51,hamilton_2021_6,0,finished,classificado,False,0,0,0,0,UNKNOWN,0,0,0,0,0,1,0,0,0,0,0,0,0,0,0,0,0,0,0,0,0,0,0,0,0,0,0,0,0,0,0,0,0,0,0,0,0,0,0,0,0,0,0,0,0,1,0,0,0,0,0,0,0,-0.8101552174578761,0.1,0.5813953488372092
2021,6,latifi,16,16,Finished,0.0,51,latifi_2021_6,0,finished,classificado,False,0,0,0,0,UNKNOWN,0,0,0,0,0,1,0,0,0,0,0,0,0,0,0,0,0,0,0,0,0,0,0,0,0,0,0,0,0,0,0,0,0,0,0,0,0,0,0,0,0,0,0,0,0,0,0,0,0,0,0,0,1,-0.8101552174578761,0.8,0.5813953488372092
2021,7,max_verstappen,1,1,Finished,26.0,53,max_verstappen_2021_7,0,finished,classificado,False,0,0,0,0,UNKNOWN,0,0,0,0,0,0,0,0,0,0,0,0,0,0,0,1,0,0,0,0,0,0,0,0,0,0,0,0,0,0,0,0,0,0,0,0,0,0,0,0,0,0,0,0,0,0,0,0,1,0,0,0,0,-0.6199117631280925,0.05,0.6046511627906976
2021,7,hamilton,2,2,Finished,18.0,53,hamilton_2021_7,0,finished,classificado,False,0,0,0,0,UNKNOWN,0,0,0,0,0,0,0,0,0,0,0,0,0,0,0,1,0,0,0,0,0,0,0,0,0,0,0,0,0,0,0,0,0,0,0,0,0,0,0,0,0,0,0,0,0,1,0,0,0,0,0,0,0,-0.6199117631280925,0.1,0.6046511627906976
2021,7,perez,4,3,Finished,15.0,53,perez_2021_7,0,finished,classificado,False,0,0,0,0,UNKNOWN,0,0,0,0,0,0,0,0,0,0,0,0,0,0,0,1,0,0,0,0,0,0,0,0,0,0,0,0,0,0,0,0,0,0,0,0,0,0,0,0,0,0,0,0,0,0,0,0,1,0,0,0,0,-0.6199117631280925,0.2,0.6046511627906976
2021,7,bottas,3,4,Finished,12.0,53,bottas_2021_7,0,finished,classificado,False,0,0,0,0,UNKNOWN,0,0,0,0,0,0,0,0,0,0,0,0,0,0,0,1,0,0,0,0,0,0,0,0,0,0,0,0,0,0,0,0,0,0,0,0,0,0,0,0,0,0,0,0,0,1,0,0,0,0,0,0,0,-0.6199117631280925,0.15000000000000002,0.6046511627906976
2021,7,norris,8,5,Finished,10.0,53,norris_2021_7,0,finished,classificado,False,0,0,0,0,UNKNOWN,0,0,0,0,0,0,0,0,0,0,0,0,0,0,0,1,0,0,0,0,0,0,0,0,0,0,0,0,0,0,0,0,0,0,0,0,0,0,0,0,0,0,0,0,1,0,0,0,0,0,0,0,0,-0.6199117631280925,0.4,0.6046511627906976
2021,7,ricciardo,10,6,Finished,8.0,53,ricciardo_2021_7,0,finished,classificado,False,0,0,0,0,UNKNOWN,0,0,0,0,0,0,0,0,0,0,0,0,0,0,0,1,0,0,0,0,0,0,0,0,0,0,0,0,0,0,0,0,0,0,0,0,0,0,0,0,0,0,0,0,1,0,0,0,0,0,0,0,0,-0.6199117631280925,0.5,0.6046511627906976
2021,7,gasly,6,7,Finished,6.0,53,gasly_2021_7,0,finished,classificado,False,0,0,0,0,UNKNOWN,0,0,0,0,0,0,0,0,0,0,0,0,0,0,0,1,0,0,0,0,0,0,0,0,0,0,0,0,0,0,0,0,0,0,0,0,0,0,1,0,0,0,0,0,0,0,0,0,0,0,0,0,0,-0.6199117631280925,0.30000000000000004,0.6046511627906976
2021,7,alonso,9,8,Finished,4.0,53,alonso_2021_7,0,finished,classificado,False,0,0,0,0,UNKNOWN,0,0,0,0,0,0,0,0,0,0,0,0,0,0,0,1,0,0,0,0,0,0,0,0,0,0,0,0,0,0,0,0,0,0,0,0,0,0,0,1,0,0,0,0,0,0,0,0,0,0,0,0,0,-0.6199117631280925,0.45,0.6046511627906976
2021,7,vettel,12,9,Finished,2.0,53,vettel_2021_7,0,finished,classificado,False,0,0,0,0,UNKNOWN,0,0,0,0,0,0,0,0,0,0,0,0,0,0,0,1,0,0,0,0,0,0,0,0,0,0,0,0,0,0,0,0,0,0,0,0,0,0,0,0,1,0,0,0,0,0,0,0,0,0,0,0,0,-0.6199117631280925,0.6000000000000001,0.6046511627906976
2021,7,stroll,19,10,Finished,1.0,53,stroll_2021_7,0,finished,classificado,False,0,0,0,0,UNKNOWN,0,0,0,0,0,0,0,0,0,0,0,0,0,0,0,1,0,0,0,0,0,0,0,0,0,0,0,0,0,0,0,0,0,0,0,0,0,0,0,0,1,0,0,0,0,0,0,0,0,0,0,0,0,-0.6199117631280925,0.9500000000000001,0.6046511627906976
2021,7,sainz,5,11,Finished,0.0,53,sainz_2021_7,0,finished,classificado,False,0,0,0,0,UNKNOWN,0,0,0,0,0,0,0,0,0,0,0,0,0,0,0,1,0,0,0,0,0,0,0,0,0,0,0,0,0,0,0,0,0,0,0,0,0,0,0,0,0,1,0,0,0,0,0,0,0,0,0,0,0,-0.6199117631280925,0.25,0.6046511627906976
2021,7,russell,14,12,+1 Lap,0.0,52,russell_2021_7,0,+1 lap,classificado,False,0,0,0,0,UNKNOWN,0,0,0,0,0,0,0,0,0,0,0,0,0,0,0,1,0,0,0,0,0,0,0,0,0,0,0,0,0,0,0,0,0,0,0,0,0,0,0,0,0,0,0,0,0,0,0,0,0,0,0,0,1,-0.7150334902929842,0.7000000000000001,0.5930232558139534
2021,7,tsunoda,0,13,+1 Lap,0.0,52,tsunoda_2021_7,1,+1 lap,classificado,False,0,0,0,0,UNKNOWN,0,0,0,0,0,0,0,0,0,0,0,0,0,0,0,1,0,0,0,0,0,0,0,0,0,0,0,0,0,0,0,0,0,0,0,0,0,0,1,0,0,0,0,0,0,0,0,0,0,0,0,0,0,-0.7150334902929842,0.0,0.5930232558139534
2021,7,ocon,11,14,+1 Lap,0.0,52,ocon_2021_7,0,+1 lap,classificado,False,0,0,0,0,UNKNOWN,0,0,0,0,0,0,0,0,0,0,0,0,0,0,0,1,0,0,0,0,0,0,0,0,0,0,0,0,0,0,0,0,0,0,0,0,0,0,0,1,0,0,0,0,0,0,0,0,0,0,0,0,0,-0.7150334902929842,0.55,0.5930232558139534
2021,7,giovinazzi,13,15,+1 Lap,0.0,52,giovinazzi_2021_7,0,+1 lap,classificado,False,0,0,0,0,UNKNOWN,0,0,0,0,0,0,0,0,0,0,0,0,0,0,0,1,0,0,0,0,0,0,0,0,0,0,0,0,0,0,0,0,0,0,0,0,0,1,0,0,0,0,0,0,0,0,0,0,0,0,0,0,0,-0.7150334902929842,0.65,0.5930232558139534
2021,7,leclerc,7,16,+1 Lap,0.0,52,leclerc_2021_7,0,+1 lap,classificado,False,0,0,0,0,UNKNOWN,0,0,0,0,0,0,0,0,0,0,0,0,0,0,0,1,0,0,0,0,0,0,0,0,0,0,0,0,0,0,0,0,0,0,0,0,0,0,0,0,0,1,0,0,0,0,0,0,0,0,0,0,0,-0.7150334902929842,0.35000000000000003,0.5930232558139534
2021,7,raikkonen,17,17,+1 Lap,0.0,52,raikkonen_2021_7,0,+1 lap,classificado,False,0,0,0,0,UNKNOWN,0,0,0,0,0,0,0,0,0,0,0,0,0,0,0,1,0,0,0,0,0,0,0,0,0,0,0,0,0,0,0,0,0,0,0,0,0,1,0,0,0,0,0,0,0,0,0,0,0,0,0,0,0,-0.7150334902929842,0.8500000000000001,0.5930232558139534
2021,7,latifi,16,18,+1 Lap,0.0,52,latifi_2021_7,0,+1 lap,classificado,False,0,0,0,0,UNKNOWN,0,0,0,0,0,0,0,0,0,0,0,0,0,0,0,1,0,0,0,0,0,0,0,0,0,0,0,0,0,0,0,0,0,0,0,0,0,0,0,0,0,0,0,0,0,0,0,0,0,0,0,0,1,-0.7150334902929842,0.8,0.5930232558139534
2021,7,mick_schumacher,15,19,+1 Lap,0.0,52,mick_schumacher_2021_7,0,+1 lap,classificado,False,0,0,0,0,UNKNOWN,0,0,0,0,0,0,0,0,0,0,0,0,0,0,0,1,0,0,0,0,0,0,0,0,0,0,0,0,0,0,0,0,0,0,0,0,0,0,0,0,0,0,0,1,0,0,0,0,0,0,0,0,0,-0.7150334902929842,0.75,0.5930232558139534
2021,7,mazepin,18,20,+1 Lap,0.0,52,mazepin_2021_7,0,+1 lap,classificado,False,0,0,0,0,UNKNOWN,0,0,0,0,0,0,0,0,0,0,0,0,0,0,0,1,0,0,0,0,0,0,0,0,0,0,0,0,0,0,0,0,0,0,0,0,0,0,0,0,0,0,0,1,0,0,0,0,0,0,0,0,0,-0.7150334902929842,0.9,0.5930232558139534
2021,8,max_verstappen,1,1,Finished,25.0,71,max_verstappen_2021_8,0,finished,classificado,False,0,0,0,0,UNKNOWN,0,0,0,0,0,0,0,0,0,0,0,0,0,0,0,0,0,0,0,0,0,0,0,0,0,0,0,0,0,0,0,0,1,0,0,0,0,0,0,0,0,0,0,0,0,0,0,0,1,0,0,0,0,1.0922793258399601,0.05,0.813953488372093
2021,8,hamilton,2,2,Finished,19.0,71,hamilton_2021_8,0,finished,classificado,False,0,0,0,0,UNKNOWN,0,0,0,0,0,0,0,0,0,0,0,0,0,0,0,0,0,0,0,0,0,0,0,0,0,0,0,0,0,0,0,0,1,0,0,0,0,0,0,0,0,0,0,0,0,1,0,0,0,0,0,0,0,1.0922793258399601,0.1,0.813953488372093
2021,8,bottas,5,3,Finished,15.0,71,bottas_2021_8,0,finished,classificado,False,0,0,0,0,UNKNOWN,0,0,0,0,0,0,0,0,0,0,0,0,0,0,0,0,0,0,0,0,0,0,0,0,0,0,0,0,0,0,0,0,1,0,0,0,0,0,0,0,0,0,0,0,0,1,0,0,0,0,0,0,0,1.0922793258399601,0.25,0.813953488372093
2021,8,perez,4,4,Finished,12.0,71,perez_2021_8,0,finished,classificado,False,0,0,0,0,UNKNOWN,0,0,0,0,0,0,0,0,0,0,0,0,0,0,0,0,0,0,0,0,0,0,0,0,0,0,0,0,0,0,0,0,1,0,0,0,0,0,0,0,0,0,0,0,0,0,0,0,1,0,0,0,0,1.0922793258399601,0.2,0.813953488372093
2021,8,norris,3,5,+1 Lap,10.0,70,norris_2021_8,0,+1 lap,classificado,False,0,0,0,0,UNKNOWN,0,0,0,0,0,0,0,0,0,0,0,0,0,0,0,0,0,0,0,0,0,0,0,0,0,0,0,0,0,0,0,0,1,0,0,0,0,0,0,0,0,0,0,0,1,0,0,0,0,0,0,0,0,0.9971575986750684,0.15000000000000002,0.8023255813953488
2021,8,sainz,12,6,+1 Lap,8.0,70,sainz_2021_8,0,+1 lap,classificado,False,0,0,0,0,UNKNOWN,0,0,0,0,0,0,0,0,0,0,0,0,0,0,0,0,0,0,0,0,0,0,0,0,0,0,0,0,0,0,0,0,1,0,0,0,0,0,0,0,0,1,0,0,0,0,0,0,0,0,0,0,0,0.9971575986750684,0.6000000000000001,0.8023255813953488
2021,8,leclerc,7,7,+1 Lap,6.0,70,leclerc_2021_8,0,+1 lap,classificado,False,0,0,0,0,UNKNOWN,0,0,0,0,0,0,0,0,0,0,0,0,0,0,0,0,0,0,0,0,0,0,0,0,0,0,0,0,0,0,0,0,1,0,0,0,0,0,0,0,0,1,0,0,0,0,0,0,0,0,0,0,0,0.9971575986750684,0.35000000000000003,0.8023255813953488
2021,8,stroll,9,8,+1 Lap,4.0,70,stroll_2021_8,0,+1 lap,classificado,False,0,0,0,0,UNKNOWN,0,0,0,0,0,0,0,0,0,0,0,0,0,0,0,0,0,0,0,0,0,0,0,0,0,0,0,0,0,0,0,0,1,0,0,0,0,0,0,0,1,0,0,0,0,0,0,0,0,0,0,0,0,0.9971575986750684,0.45,0.8023255813953488
2021,8,alonso,8,9,+1 Lap,2.0,70,alonso_2021_8,0,+1 lap,classificado,False,0,0,0,0,UNKNOWN,0,0,0,0,0,0,0,0,0,0,0,0,0,0,0,0,0,0,0,0,0,0,0,0,0,0,0,0,0,0,0,0,1,0,0,0,0,0,0,1,0,0,0,0,0,0,0,0,0,0,0,0,0,0.9971575986750684,0.4,0.8023255813953488
2021,8,tsunoda,11,10,+1 Lap,1.0,70,tsunoda_2021_8,0,+1 lap,classificado,False,0,0,0,0,UNKNOWN,0,0,0,0,0,0,0,0,0,0,0,0,0,0,0,0,0,0,0,0,0,0,0,0,0,0,0,0,0,0,0,0,1,0,0,0,0,0,1,0,0,0,0,0,0,0,0,0,0,0,0,0,0,0.9971575986750684,0.55,0.8023255813953488
2021,8,raikkonen,18,11,+1 Lap,0.0,70,raikkonen_2021_8,0,+1 lap,classificado,False,0,0,0,0,UNKNOWN,0,0,0,0,0,0,0,0,0,0,0,0,0,0,0,0,0,0,0,0,0,0,0,0,0,0,0,0,0,0,0,0,1,0,0,0,0,1,0,0,0,0,0,0,0,0,0,0,0,0,0,0,0,0.9971575986750684,0.9,0.8023255813953488
2021,8,vettel,14,12,+1 Lap,0.0,70,vettel_2021_8,0,+1 lap,classificado,False,0,0,0,0,UNKNOWN,0,0,0,0,0,0,0,0,0,0,0,0,0,0,0,0,0,0,0,0,0,0,0,0,0,0,0,0,0,0,0,0,1,0,0,0,0,0,0,0,1,0,0,0,0,0,0,0,0,0,0,0,0,0.9971575986750684,0.7000000000000001,0.8023255813953488
2021,8,ricciardo,13,13,+1 Lap,0.0,70,ricciardo_2021_8,0,+1 lap,classificado,False,0,0,0,0,UNKNOWN,0,0,0,0,0,0,0,0,0,0,0,0,0,0,0,0,0,0,0,0,0,0,0,0,0,0,0,0,0,0,0,0,1,0,0,0,0,0,0,0,0,0,0,0,1,0,0,0,0,0,0,0,0,0.9971575986750684,0.65,0.8023255813953488
2021,8,ocon,17,14,+1 Lap,0.0,70,ocon_2021_8,0,+1 lap,classificado,False,0,0,0,0,UNKNOWN,0,0,0,0,0,0,0,0,0,0,0,0,0,0,0,0,0,0,0,0,0,0,0,0,0,0,0,0,0,0,0,0,1,0,0,0,0,0,0,1,0,0,0,0,0,0,0,0,0,0,0,0,0,0.9971575986750684,0.8500000000000001,0.8023255813953488
2021,8,giovinazzi,15,15,+1 Lap,0.0,70,giovinazzi_2021_8,0,+1 lap,classificado,False,0,0,0,0,UNKNOWN,0,0,0,0,0,0,0,0,0,0,0,0,0,0,0,0,0,0,0,0,0,0,0,0,0,0,0,0,0,0,0,0,1,0,0,0,0,1,0,0,0,0,0,0,0,0,0,0,0,0,0,0,0,0.9971575986750684,0.75,0.8023255813953488
2021,8,mick_schumacher,19,16,+2 Laps,0.0,69,mick_schumacher_2021_8,0,+2 laps,classificado,False,0,0,0,0,UNKNOWN,0,0,0,0,0,0,0,0,0,0,0,0,0,0,0,0,0,0,0,0,0,0,0,0,0,0,0,0,0,0,0,0,1,0,0,0,0,0,0,0,0,0,0,1,0,0,0,0,0,0,0,0,0,0.9020358715101766,0.9500000000000001,0.7906976744186046
2021,8,latifi,16,17,+3 Laps,0.0,68,latifi_2021_8,0,+3 laps,classificado,False,0,0,0,0,UNKNOWN,0,0,0,0,0,0,0,0,0,0,0,0,0,0,0,0,0,0,0,0,0,0,0,0,0,0,0,0,0,0,0,0,1,0,0,0,0,0,0,0,0,0,0,0,0,0,0,0,0,0,0,0,1,0.8069141443452847,0.8,0.7790697674418604
2021,8,mazepin,20,18,+3 Laps,0.0,68,mazepin_2021_8,0,+3 laps,classificado,False,0,0,0,0,UNKNOWN,0,0,0,0,0,0,0,0,0,0,0,0,0,0,0,0,0,0,0,0,0,0,0,0,0,0,0,0,0,0,0,0,1,0,0,0,0,0,0,0,0,0,0,1,0,0,0,0,0,0,0,0,0,0.8069141443452847,1.0,0.7790697674418604
2021,9,max_verstappen,1,1,Finished,26.0,71,max_verstappen_2021_9,0,finished,classificado,False,0,0,0,0,UNKNOWN,0,0,0,0,1,0,0,0,0,0,0,0,0,0,0,0,0,0,0,0,0,0,0,0,0,0,0,0,0,0,0,0,0,0,0,0,0,0,0,0,0,0,0,0,0,0,0,0,1,0,0,0,0,1.0922793258399601,0.05,0.813953488372093
2021,9,bottas,5,2,Finished,18.0,71,bottas_2021_9,0,finished,classificado,False,0,0,0,0,UNKNOWN,0,0,0,0,1,0,0,0,0,0,0,0,0,0,0,0,0,0,0,0,0,0,0,0,0,0,0,0,0,0,0,0,0,0,0,0,0,0,0,0,0,0,0,0,0,1,0,0,0,0,0,0,0,1.0922793258399601,0.25,0.813953488372093
2021,9,norris,2,3,Finished,15.0,71,norris_2021_9,0,finished,classificado,False,0,0,0,0,UNKNOWN,0,0,0,0,1,0,0,0,0,0,0,0,0,0,0,0,0,0,0,0,0,0,0,0,0,0,0,0,0,0,0,0,0,0,0,0,0,0,0,0,0,0,0,0,1,0,0,0,0,0,0,0,0,1.0922793258399601,0.1,0.813953488372093
2021,9,hamilton,4,4,Finished,12.0,71,hamilton_2021_9,0,finished,classificado,False,0,0,0,0,UNKNOWN,0,0,0,0,1,0,0,0,0,0,0,0,0,0,0,0,0,0,0,0,0,0,0,0,0,0,0,0,0,0,0,0,0,0,0,0,0,0,0,0,0,0,0,0,0,1,0,0,0,0,0,0,0,1.0922793258399601,0.2,0.813953488372093
2021,9,sainz,10,5,Finished,10.0,71,sainz_2021_9,0,finished,classificado,False,0,0,0,0,UNKNOWN,0,0,0,0,1,0,0,0,0,0,0,0,0,0,0,0,0,0,0,0,0,0,0,0,0,0,0,0,0,0,0,0,0,0,0,0,0,0,0,0,0,1,0,0,0,0,0,0,0,0,0,0,0,1.0922793258399601,0.5,0.813953488372093
2021,9,perez,3,6,Finished,8.0,71,perez_2021_9,0,finished,classificado,False,0,0,0,0,UNKNOWN,0,0,0,0,1,0,0,0,0,0,0,0,0,0,0,0,0,0,0,0,0,0,0,0,0,0,0,0,0,0,0,0,0,0,0,0,0,0,0,0,0,0,0,0,0,0,0,0,1,0,0,0,0,1.0922793258399601,0.15000000000000002,0.813953488372093
2021,9,ricciardo,13,7,Finished,6.0,71,ricciardo_2021_9,0,finished,classificado,False,0,0,0,0,UNKNOWN,0,0,0,0,1,0,0,0,0,0,0,0,0,0,0,0,0,0,0,0,0,0,0,0,0,0,0,0,0,0,0,0,0,0,0,0,0,0,0,0,0,0,0,0,1,0,0,0,0,0,0,0,0,1.0922793258399601,0.65,0.813953488372093
2021,9,leclerc,12,8,Finished,4.0,71,leclerc_2021_9,0,finished,classificado,False,0,0,0,0,UNKNOWN,0,0,0,0,1,0,0,0,0,0,0,0,0,0,0,0,0,0,0,0,0,0,0,0,0,0,0,0,0,0,0,0,0,0,0,0,0,0,0,0,0,1,0,0,0,0,0,0,0,0,0,0,0,1.0922793258399601,0.6000000000000001,0.813953488372093
2021,9,gasly,6,9,Finished,2.0,71,gasly_2021_9,0,finished,classificado,False,0,0,0,0,UNKNOWN,0,0,0,0,1,0,0,0,0,0,0,0,0,0,0,0,0,0,0,0,0,0,0,0,0,0,0,0,0,0,0,0,0,0,0,0,0,0,1,0,0,0,0,0,0,0,0,0,0,0,0,0,0,1.0922793258399601,0.30000000000000004,0.813953488372093
2021,9,alonso,14,10,+1 Lap,1.0,70,alonso_2021_9,0,+1 lap,classificado,False,0,0,0,0,UNKNOWN,0,0,0,0,1,0,0,0,0,0,0,0,0,0,0,0,0,0,0,0,0,0,0,0,0,0,0,0,0,0,0,0,0,0,0,0,0,0,0,1,0,0,0,0,0,0,0,0,0,0,0,0,0,0.9971575986750684,0.7000000000000001,0.8023255813953488
2021,9,russell,8,11,+1 Lap,0.0,70,russell_2021_9,0,+1 lap,classificado,False,0,0,0,0,UNKNOWN,0,0,0,0,1,0,0,0,0,0,0,0,0,0,0,0,0,0,0,0,0,0,0,0,0,0,0,0,0,0,0,0,0,0,0,0,0,0,0,0,0,0,0,0,0,0,0,0,0,0,0,0,1,0.9971575986750684,0.4,0.8023255813953488
2021,9,tsunoda,7,12,+1 Lap,0.0,70,tsunoda_2021_9,0,+1 lap,classificado,False,0,0,0,0,UNKNOWN,0,0,0,0,1,0,0,0,0,0,0,0,0,0,0,0,0,0,0,0,0,0,0,0,0,0,0,0,0,0,0,0,0,0,0,0,0,0,1,0,0,0,0,0,0,0,0,0,0,0,0,0,0,0.9971575986750684,0.35000000000000003,0.8023255813953488
2021,9,stroll,9,13,+1 Lap,0.0,70,stroll_2021_9,0,+1 lap,classificado,False,0,0,0,0,UNKNOWN,0,0,0,0,1,0,0,0,0,0,0,0,0,0,0,0,0,0,0,0,0,0,0,0,0,0,0,0,0,0,0,0,0,0,0,0,0,0,0,0,1,0,0,0,0,0,0,0,0,0,0,0,0,0.9971575986750684,0.45,0.8023255813953488
2021,9,giovinazzi,15,14,+1 Lap,0.0,70,giovinazzi_2021_9,0,+1 lap,classificado,False,0,0,0,0,UNKNOWN,0,0,0,0,1,0,0,0,0,0,0,0,0,0,0,0,0,0,0,0,0,0,0,0,0,0,0,0,0,0,0,0,0,0,0,0,0,1,0,0,0,0,0,0,0,0,0,0,0,0,0,0,0,0.9971575986750684,0.75,0.8023255813953488
2021,9,raikkonen,16,15,+1 Lap,0.0,70,raikkonen_2021_9,0,+1 lap,classificado,False,0,0,0,0,UNKNOWN,0,0,0,0,1,0,0,0,0,0,0,0,0,0,0,0,0,0,0,0,0,0,0,0,0,0,0,0,0,0,0,0,0,0,0,0,0,1,0,0,0,0,0,0,0,0,0,0,0,0,0,0,0,0.9971575986750684,0.8,0.8023255813953488
2021,9,latifi,18,16,+1 Lap,0.0,70,latifi_2021_9,0,+1 lap,classificado,False,0,0,0,0,UNKNOWN,0,0,0,0,1,0,0,0,0,0,0,0,0,0,0,0,0,0,0,0,0,0,0,0,0,0,0,0,0,0,0,0,0,0,0,0,0,0,0,0,0,0,0,0,0,0,0,0,0,0,0,0,1,0.9971575986750684,0.9,0.8023255813953488
2021,9,mick_schumacher,19,18,+2 Laps,0.0,69,mick_schumacher_2021_9,0,+2 laps,classificado,False,0,0,0,0,UNKNOWN,0,0,0,0,1,0,0,0,0,0,0,0,0,0,0,0,0,0,0,0,0,0,0,0,0,0,0,0,0,0,0,0,0,0,0,0,0,0,0,0,0,0,0,1,0,0,0,0,0,0,0,0,0,0.9020358715101766,0.9500000000000001,0.7906976744186046
2021,9,mazepin,20,19,+2 Laps,0.0,69,mazepin_2021_9,0,+2 laps,classificado,False,0,0,0,0,UNKNOWN,0,0,0,0,1,0,0,0,0,0,0,0,0,0,0,0,0,0,0,0,0,0,0,0,0,0,0,0,0,0,0,0,0,0,0,0,0,0,0,0,0,0,0,1,0,0,0,0,0,0,0,0,0,0.9020358715101766,1.0,0.7906976744186046
2021,10,hamilton,2,1,Finished,25.0,52,hamilton_2021_10,0,finished,classificado,False,0,0,0,0,UNKNOWN,0,0,0,0,0,0,0,0,0,1,0,0,0,0,0,0,0,0,0,0,0,0,0,0,0,0,0,0,0,0,0,0,0,0,0,0,0,0,0,0,0,0,0,0,0,1,0,0,0,0,0,0,0,-0.7150334902929842,0.1,0.5930232558139534
2021,10,leclerc,4,2,Finished,18.0,52,leclerc_2021_10,0,finished,classificado,False,0,0,0,0,UNKNOWN,0,0,0,0,0,0,0,0,0,1,0,0,0,0,0,0,0,0,0,0,0,0,0,0,0,0,0,0,0,0,0,0,0,0,0,0,0,0,0,0,0,1,0,0,0,0,0,0,0,0,0,0,0,-0.7150334902929842,0.2,0.5930232558139534
2021,10,bottas,3,3,Finished,15.0,52,bottas_2021_10,0,finished,classificado,False,0,0,0,0,UNKNOWN,0,0,0,0,0,0,0,0,0,1,0,0,0,0,0,0,0,0,0,0,0,0,0,0,0,0,0,0,0,0,0,0,0,0,0,0,0,0,0,0,0,0,0,0,0,1,0,0,0,0,0,0,0,-0.7150334902929842,0.15000000000000002,0.5930232558139534
2021,10,norris,5,4,Finished,12.0,52,norris_2021_10,0,finished,classificado,False,0,0,0,0,UNKNOWN,0,0,0,0,0,0,0,0,0,1,0,0,0,0,0,0,0,0,0,0,0,0,0,0,0,0,0,0,0,0,0,0,0,0,0,0,0,0,0,0,0,0,0,0,1,0,0,0,0,0,0,0,0,-0.7150334902929842,0.25,0.5930232558139534
2021,10,ricciardo,6,5,Finished,10.0,52,ricciardo_2021_10,0,finished,classificado,False,0,0,0,0,UNKNOWN,0,0,0,0,0,0,0,0,0,1,0,0,0,0,0,0,0,0,0,0,0,0,0,0,0,0,0,0,0,0,0,0,0,0,0,0,0,0,0,0,0,0,0,0,1,0,0,0,0,0,0,0,0,-0.7150334902929842,0.30000000000000004,0.5930232558139534
2021,10,sainz,10,6,Finished,8.0,52,sainz_2021_10,0,finished,classificado,False,0,0,0,0,UNKNOWN,0,0,0,0,0,0,0,0,0,1,0,0,0,0,0,0,0,0,0,0,0,0,0,0,0,0,0,0,0,0,0,0,0,0,0,0,0,0,0,0,0,1,0,0,0,0,0,0,0,0,0,0,0,-0.7150334902929842,0.5,0.5930232558139534
2021,10,alonso,7,7,Finished,6.0,52,alonso_2021_10,0,finished,classificado,False,0,0,0,0,UNKNOWN,0,0,0,0,0,0,0,0,0,1,0,0,0,0,0,0,0,0,0,0,0,0,0,0,0,0,0,0,0,0,0,0,0,0,0,0,0,0,0,1,0,0,0,0,0,0,0,0,0,0,0,0,0,-0.7150334902929842,0.35000000000000003,0.5930232558139534
2021,10,stroll,14,8,Finished,4.0,52,stroll_2021_10,0,finished,classificado,False,0,0,0,0,UNKNOWN,0,0,0,0,0,0,0,0,0,1,0,0,0,0,0,0,0,0,0,0,0,0,0,0,0,0,0,0,0,0,0,0,0,0,0,0,0,0,0,0,1,0,0,0,0,0,0,0,0,0,0,0,0,-0.7150334902929842,0.7000000000000001,0.5930232558139534
2021,10,ocon,9,9,Finished,2.0,52,ocon_2021_10,0,finished,classificado,False,0,0,0,0,UNKNOWN,0,0,0,0,0,0,0,0,0,1,0,0,0,0,0,0,0,0,0,0,0,0,0,0,0,0,0,0,0,0,0,0,0,0,0,0,0,0,0,1,0,0,0,0,0,0,0,0,0,0,0,0,0,-0.7150334902929842,0.45,0.5930232558139534
2021,10,tsunoda,16,10,Finished,1.0,52,tsunoda_2021_10,0,finished,classificado,False,0,0,0,0,UNKNOWN,0,0,0,0,0,0,0,0,0,1,0,0,0,0,0,0,0,0,0,0,0,0,0,0,0,0,0,0,0,0,0,0,0,0,0,0,0,0,1,0,0,0,0,0,0,0,0,0,0,0,0,0,0,-0.7150334902929842,0.8,0.5930232558139534
2021,10,gasly,11,11,Finished,0.0,52,gasly_2021_10,0,finished,classificado,False,0,0,0,0,UNKNOWN,0,0,0,0,0,0,0,0,0,1,0,0,0,0,0,0,0,0,0,0,0,0,0,0,0,0,0,0,0,0,0,0,0,0,0,0,0,0,1,0,0,0,0,0,0,0,0,0,0,0,0,0,0,-0.7150334902929842,0.55,0.5930232558139534
2021,10,russell,12,12,+1 Lap,0.0,51,russell_2021_10,0,+1 lap,classificado,False,0,0,0,0,UNKNOWN,0,0,0,0,0,0,0,0,0,1,0,0,0,0,0,0,0,0,0,0,0,0,0,0,0,0,0,0,0,0,0,0,0,0,0,0,0,0,0,0,0,0,0,0,0,0,0,0,0,0,0,0,1,-0.8101552174578761,0.6000000000000001,0.5813953488372092
2021,10,giovinazzi,15,13,+1 Lap,0.0,51,giovinazzi_2021_10,0,+1 lap,classificado,False,0,0,0,0,UNKNOWN,0,0,0,0,0,0,0,0,0,1,0,0,0,0,0,0,0,0,0,0,0,0,0,0,0,0,0,0,0,0,0,0,0,0,0,0,0,1,0,0,0,0,0,0,0,0,0,0,0,0,0,0,0,-0.8101552174578761,0.75,0.5813953488372092
2021,10,latifi,17,14,+1 Lap,0.0,51,latifi_2021_10,0,+1 lap,classificado,False,0,0,0,0,UNKNOWN,0,0,0,0,0,0,0,0,0,1,0,0,0,0,0,0,0,0,0,0,0,0,0,0,0,0,0,0,0,0,0,0,0,0,0,0,0,0,0,0,0,0,0,0,0,0,0,0,0,0,0,0,1,-0.8101552174578761,0.8500000000000001,0.5813953488372092
2021,10,raikkonen,13,15,+1 Lap,0.0,51,raikkonen_2021_10,0,+1 lap,classificado,False,0,0,0,0,UNKNOWN,0,0,0,0,0,0,0,0,0,1,0,0,0,0,0,0,0,0,0,0,0,0,0,0,0,0,0,0,0,0,0,0,0,0,0,0,0,1,0,0,0,0,0,0,0,0,0,0,0,0,0,0,0,-0.8101552174578761,0.65,0.5813953488372092
2021,10,perez,0,16,+1 Lap,0.0,51,perez_2021_10,1,+1 lap,classificado,False,0,0,0,0,UNKNOWN,0,0,0,0,0,0,0,0,0,1,0,0,0,0,0,0,0,0,0,0,0,0,0,0,0,0,0,0,0,0,0,0,0,0,0,0,0,0,0,0,0,0,0,0,0,0,0,0,1,0,0,0,0,-0.8101552174578761,0.0,0.5813953488372092
2021,10,mazepin,19,17,+1 Lap,0.0,51,mazepin_2021_10,0,+1 lap,classificado,False,0,0,0,0,UNKNOWN,0,0,0,0,0,0,0,0,0,1,0,0,0,0,0,0,0,0,0,0,0,0,0,0,0,0,0,0,0,0,0,0,0,0,0,0,0,0,0,0,0,0,0,1,0,0,0,0,0,0,0,0,0,-0.8101552174578761,0.9500000000000001,0.5813953488372092
2021,10,mick_schumacher,18,18,+1 Lap,0.0,51,mick_schumacher_2021_10,0,+1 lap,classificado,False,0,0,0,0,UNKNOWN,0,0,0,0,0,0,0,0,0,1,0,0,0,0,0,0,0,0,0,0,0,0,0,0,0,0,0,0,0,0,0,0,0,0,0,0,0,0,0,0,0,0,0,1,0,0,0,0,0,0,0,0,0,-0.8101552174578761,0.9,0.5813953488372092
2021,11,ocon,8,1,Finished,25.0,70,ocon_2021_11,0,finished,classificado,False,0,0,0,0,UNKNOWN,0,0,0,0,0,0,0,0,0,0,0,0,0,0,0,0,0,1,0,0,0,0,0,0,0,0,0,0,0,0,0,0,0,0,0,0,0,0,0,1,0,0,0,0,0,0,0,0,0,0,0,0,0,0.9971575986750684,0.4,0.8023255813953488
2021,11,hamilton,1,2,Finished,18.0,70,hamilton_2021_11,0,finished,classificado,False,0,0,0,0,UNKNOWN,0,0,0,0,0,0,0,0,0,0,0,0,0,0,0,0,0,1,0,0,0,0,0,0,0,0,0,0,0,0,0,0,0,0,0,0,0,0,0,0,0,0,0,0,0,1,0,0,0,0,0,0,0,0.9971575986750684,0.05,0.8023255813953488
2021,11,sainz,15,3,Finished,15.0,70,sainz_2021_11,0,finished,classificado,False,0,0,0,0,UNKNOWN,0,0,0,0,0,0,0,0,0,0,0,0,0,0,0,0,0,1,0,0,0,0,0,0,0,0,0,0,0,0,0,0,0,0,0,0,0,0,0,0,0,1,0,0,0,0,0,0,0,0,0,0,0,0.9971575986750684,0.75,0.8023255813953488
2021,11,alonso,9,4,Finished,12.0,70,alonso_2021_11,0,finished,classificado,False,0,0,0,0,UNKNOWN,0,0,0,0,0,0,0,0,0,0,0,0,0,0,0,0,0,1,0,0,0,0,0,0,0,0,0,0,0,0,0,0,0,0,0,0,0,0,0,1,0,0,0,0,0,0,0,0,0,0,0,0,0,0.9971575986750684,0.45,0.8023255813953488
2021,11,gasly,5,5,Finished,11.0,70,gasly_2021_11,0,finished,classificado,False,0,0,0,0,UNKNOWN,0,0,0,0,0,0,0,0,0,0,0,0,0,0,0,0,0,1,0,0,0,0,0,0,0,0,0,0,0,0,0,0,0,0,0,0,0,0,1,0,0,0,0,0,0,0,0,0,0,0,0,0,0,0.9971575986750684,0.25,0.8023255813953488
2021,11,tsunoda,16,6,Finished,8.0,70,tsunoda_2021_11,0,finished,classificado,False,0,0,0,0,UNKNOWN,0,0,0,0,0,0,0,0,0,0,0,0,0,0,0,0,0,1,0,0,0,0,0,0,0,0,0,0,0,0,0,0,0,0,0,0,0,0,1,0,0,0,0,0,0,0,0,0,0,0,0,0,0,0.9971575986750684,0.8,0.8023255813953488
2021,11,latifi,18,7,Finished,6.0,70,latifi_2021_11,0,finished,classificado,False,0,0,0,0,UNKNOWN,0,0,0,0,0,0,0,0,0,0,0,0,0,0,0,0,0,1,0,0,0,0,0,0,0,0,0,0,0,0,0,0,0,0,0,0,0,0,0,0,0,0,0,0,0,0,0,0,0,0,0,0,1,0.9971575986750684,0.9,0.8023255813953488
2021,11,russell,17,8,Finished,4.0,70,russell_2021_11,0,finished,classificado,False,0,0,0,0,UNKNOWN,0,0,0,0,0,0,0,0,0,0,0,0,0,0,0,0,0,1,0,0,0,0,0,0,0,0,0,0,0,0,0,0,0,0,0,0,0,0,0,0,0,0,0,0,0,0,0,0,0,0,0,0,1,0.9971575986750684,0.8500000000000001,0.8023255813953488
2021,11,max_verstappen,3,9,Finished,2.0,70,max_verstappen_2021_11,0,finished,classificado,False,0,0,0,0,UNKNOWN,0,0,0,0,0,0,0,0,0,0,0,0,0,0,0,0,0,1,0,0,0,0,0,0,0,0,0,0,0,0,0,0,0,0,0,0,0,0,0,0,0,0,0,0,0,0,0,0,1,0,0,0,0,0.9971575986750684,0.15000000000000002,0.8023255813953488
2021,11,raikkonen,13,10,+1 Lap,1.0,69,raikkonen_2021_11,0,+1 lap,classificado,False,0,0,0,0,UNKNOWN,0,0,0,0,0,0,0,0,0,0,0,0,0,0,0,0,0,1,0,0,0,0,0,0,0,0,0,0,0,0,0,0,0,0,0,0,0,1,0,0,0,0,0,0,0,0,0,0,0,0,0,0,0,0.9020358715101766,0.65,0.7906976744186046
2021,11,ricciardo,11,11,+1 Lap,0.0,69,ricciardo_2021_11,0,+1 lap,classificado,False,0,0,0,0,UNKNOWN,0,0,0,0,0,0,0,0,0,0,0,0,0,0,0,0,0,1,0,0,0,0,0,0,0,0,0,0,0,0,0,0,0,0,0,0,0,0,0,0,0,0,0,0,1,0,0,0,0,0,0,0,0,0.9020358715101766,0.55,0.7906976744186046
2021,11,mick_schumacher,20,12,+1 Lap,0.0,69,mick_schumacher_2021_11,0,+1 lap,classificado,False,0,0,0,0,UNKNOWN,0,0,0,0,0,0,0,0,0,0,0,0,0,0,0,0,0,1,0,0,0,0,0,0,0,0,0,0,0,0,0,0,0,0,0,0,0,0,0,0,0,0,0,1,0,0,0,0,0,0,0,0,0,0.9020358715101766,1.0,0.7906976744186046
2021,11,giovinazzi,0,13,+1 Lap,0.0,69,giovinazzi_2021_11,1,+1 lap,classificado,False,0,0,0,0,UNKNOWN,0,0,0,0,0,0,0,0,0,0,0,0,0,0,0,0,0,1,0,0,0,0,0,0,0,0,0,0,0,0,0,0,0,0,0,0,0,1,0,0,0,0,0,0,0,0,0,0,0,0,0,0,0,0.9020358715101766,0.0,0.7906976744186046
2021,12,max_verstappen,1,1,Finished,12.5,1,max_verstappen_2021_12,0,finished,classificado,False,0,0,0,0,UNKNOWN,0,0,0,0,0,0,0,1,0,0,0,0,0,0,0,0,0,0,0,0,0,0,0,0,0,0,0,0,0,0,0,0,0,0,0,0,0,0,0,0,0,0,0,0,0,0,0,0,1,0,0,0,0,-5.566241575702467,0.05,0.0
2021,12,russell,2,2,Finished,9.0,1,russell_2021_12,0,finished,classificado,False,0,0,0,0,UNKNOWN,0,0,0,0,0,0,0,1,0,0,0,0,0,0,0,0,0,0,0,0,0,0,0,0,0,0,0,0,0,0,0,0,0,0,0,0,0,0,0,0,0,0,0,0,0,0,0,0,0,0,0,0,1,-5.566241575702467,0.1,0.0
2021,12,hamilton,3,3,Finished,7.5,1,hamilton_2021_12,0,finished,classificado,False,0,0,0,0,UNKNOWN,0,0,0,0,0,0,0,1,0,0,0,0,0,0,0,0,0,0,0,0,0,0,0,0,0,0,0,0,0,0,0,0,0,0,0,0,0,0,0,0,0,0,0,0,0,1,0,0,0,0,0,0,0,-5.566241575702467,0.15000000000000002,0.0
2021,12,ricciardo,4,4,Finished,6.0,1,ricciardo_2021_12,0,finished,classificado,False,0,0,0,0,UNKNOWN,0,0,0,0,0,0,0,1,0,0,0,0,0,0,0,0,0,0,0,0,0,0,0,0,0,0,0,0,0,0,0,0,0,0,0,0,0,0,0,0,0,0,0,0,1,0,0,0,0,0,0,0,0,-5.566241575702467,0.2,0.0
2021,12,vettel,5,5,Finished,5.0,1,vettel_2021_12,0,finished,classificado,False,0,0,0,0,UNKNOWN,0,0,0,0,0,0,0,1,0,0,0,0,0,0,0,0,0,0,0,0,0,0,0,0,0,0,0,0,0,0,0,0,0,0,0,0,0,0,0,0,1,0,0,0,0,0,0,0,0,0,0,0,0,-5.566241575702467,0.25,0.0
2021,12,gasly,6,6,Finished,4.0,1,gasly_2021_12,0,finished,classificado,False,0,0,0,0,UNKNOWN,0,0,0,0,0,0,0,1,0,0,0,0,0,0,0,0,0,0,0,0,0,0,0,0,0,0,0,0,0,0,0,0,0,0,0,0,0,0,1,0,0,0,0,0,0,0,0,0,0,0,0,0,0,-5.566241575702467,0.30000000000000004,0.0
2021,12,ocon,8,7,Finished,3.0,1,ocon_2021_12,0,finished,classificado,False,0,0,0,0,UNKNOWN,0,0,0,0,0,0,0,1,0,0,0,0,0,0,0,0,0,0,0,0,0,0,0,0,0,0,0,0,0,0,0,0,0,0,0,0,0,0,0,1,0,0,0,0,0,0,0,0,0,0,0,0,0,-5.566241575702467,0.4,0.0
2021,12,leclerc,9,8,Finished,2.0,1,leclerc_2021_12,0,finished,classificado,False,0,0,0,0,UNKNOWN,0,0,0,0,0,0,0,1,0,0,0,0,0,0,0,0,0,0,0,0,0,0,0,0,0,0,0,0,0,0,0,0,0,0,0,0,0,0,0,0,0,1,0,0,0,0,0,0,0,0,0,0,0,-5.566241575702467,0.45,0.0
2021,12,latifi,10,9,Finished,1.0,1,latifi_2021_12,0,finished,classificado,False,0,0,0,0,UNKNOWN,0,0,0,0,0,0,0,1,0,0,0,0,0,0,0,0,0,0,0,0,0,0,0,0,0,0,0,0,0,0,0,0,0,0,0,0,0,0,0,0,0,0,0,0,0,0,0,0,0,0,0,0,1,-5.566241575702467,0.5,0.0
2021,12,sainz,11,10,Finished,0.5,1,sainz_2021_12,0,finished,classificado,False,0,0,0,0,UNKNOWN,0,0,0,0,0,0,0,1,0,0,0,0,0,0,0,0,0,0,0,0,0,0,0,0,0,0,0,0,0,0,0,0,0,0,0,0,0,0,0,0,0,1,0,0,0,0,0,0,0,0,0,0,0,-5.566241575702467,0.55,0.0
2021,12,alonso,12,11,Finished,0.0,1,alonso_2021_12,0,finished,classificado,False,0,0,0,0,UNKNOWN,0,0,0,0,0,0,0,1,0,0,0,0,0,0,0,0,0,0,0,0,0,0,0,0,0,0,0,0,0,0,0,0,0,0,0,0,0,0,0,1,0,0,0,0,0,0,0,0,0,0,0,0,0,-5.566241575702467,0.6000000000000001,0.0
2021,12,bottas,13,12,Finished,0.0,1,bottas_2021_12,0,finished,classificado,False,0,0,0,0,UNKNOWN,0,0,0,0,0,0,0,1,0,0,0,0,0,0,0,0,0,0,0,0,0,0,0,0,0,0,0,0,0,0,0,0,0,0,0,0,0,0,0,0,0,0,0,0,0,1,0,0,0,0,0,0,0,-5.566241575702467,0.65,0.0
2021,12,giovinazzi,14,13,Finished,0.0,1,giovinazzi_2021_12,0,finished,classificado,False,0,0,0,0,UNKNOWN,0,0,0,0,0,0,0,1,0,0,0,0,0,0,0,0,0,0,0,0,0,0,0,0,0,0,0,0,0,0,0,0,0,0,0,0,0,1,0,0,0,0,0,0,0,0,0,0,0,0,0,0,0,-5.566241575702467,0.7000000000000001,0.0
2021,12,norris,15,14,Finished,0.0,1,norris_2021_12,0,finished,classificado,False,0,0,0,0,UNKNOWN,0,0,0,0,0,0,0,1,0,0,0,0,0,0,0,0,0,0,0,0,0,0,0,0,0,0,0,0,0,0,0,0,0,0,0,0,0,0,0,0,0,0,0,0,1,0,0,0,0,0,0,0,0,-5.566241575702467,0.75,0.0
2021,12,tsunoda,16,15,Finished,0.0,1,tsunoda_2021_12,0,finished,classificado,False,0,0,0,0,UNKNOWN,0,0,0,0,0,0,0,1,0,0,0,0,0,0,0,0,0,0,0,0,0,0,0,0,0,0,0,0,0,0,0,0,0,0,0,0,0,0,1,0,0,0,0,0,0,0,0,0,0,0,0,0,0,-5.566241575702467,0.8,0.0
2021,12,mick_schumacher,17,16,Finished,0.0,1,mick_schumacher_2021_12,0,finished,classificado,False,0,0,0,0,UNKNOWN,0,0,0,0,0,0,0,1,0,0,0,0,0,0,0,0,0,0,0,0,0,0,0,0,0,0,0,0,0,0,0,0,0,0,0,0,0,0,0,0,0,0,0,1,0,0,0,0,0,0,0,0,0,-5.566241575702467,0.8500000000000001,0.0
2021,12,mazepin,18,17,Finished,0.0,1,mazepin_2021_12,0,finished,classificado,False,0,0,0,0,UNKNOWN,0,0,0,0,0,0,0,1,0,0,0,0,0,0,0,0,0,0,0,0,0,0,0,0,0,0,0,0,0,0,0,0,0,0,0,0,0,0,0,0,0,0,0,1,0,0,0,0,0,0,0,0,0,-5.566241575702467,0.9,0.0
2021,12,raikkonen,0,18,Finished,0.0,1,raikkonen_2021_12,1,finished,classificado,False,0,0,0,0,UNKNOWN,0,0,0,0,0,0,0,1,0,0,0,0,0,0,0,0,0,0,0,0,0,0,0,0,0,0,0,0,0,0,0,0,0,0,0,0,0,1,0,0,0,0,0,0,0,0,0,0,0,0,0,0,0,-5.566241575702467,0.0,0.0
2021,12,perez,0,19,Finished,0.0,1,perez_2021_12,1,finished,classificado,False,0,0,0,0,UNKNOWN,0,0,0,0,0,0,0,1,0,0,0,0,0,0,0,0,0,0,0,0,0,0,0,0,0,0,0,0,0,0,0,0,0,0,0,0,0,0,0,0,0,0,0,0,0,0,0,0,1,0,0,0,0,-5.566241575702467,0.0,0.0
2021,12,stroll,19,20,Finished,0.0,1,stroll_2021_12,0,finished,classificado,False,0,0,0,0,UNKNOWN,0,0,0,0,0,0,0,1,0,0,0,0,0,0,0,0,0,0,0,0,0,0,0,0,0,0,0,0,0,0,0,0,0,0,0,0,0,0,0,0,1,0,0,0,0,0,0,0,0,0,0,0,0,-5.566241575702467,0.9500000000000001,0.0
2021,13,max_verstappen,1,1,Finished,25.0,72,max_verstappen_2021_13,0,finished,classificado,False,0,0,0,0,UNKNOWN,0,0,0,0,0,0,0,0,0,0,0,0,1,0,0,0,0,0,0,0,0,0,0,0,0,0,0,0,0,0,0,0,0,0,0,0,0,0,0,0,0,0,0,0,0,0,0,0,1,0,0,0,0,1.187401053004852,0.05,0.8255813953488371
2021,13,hamilton,2,2,Finished,19.0,72,hamilton_2021_13,0,finished,classificado,False,0,0,0,0,UNKNOWN,0,0,0,0,0,0,0,0,0,0,0,0,1,0,0,0,0,0,0,0,0,0,0,0,0,0,0,0,0,0,0,0,0,0,0,0,0,0,0,0,0,0,0,0,0,1,0,0,0,0,0,0,0,1.187401053004852,0.1,0.8255813953488371
2021,13,bottas,3,3,Finished,15.0,72,bottas_2021_13,0,finished,classificado,False,0,0,0,0,UNKNOWN,0,0,0,0,0,0,0,0,0,0,0,0,1,0,0,0,0,0,0,0,0,0,0,0,0,0,0,0,0,0,0,0,0,0,0,0,0,0,0,0,0,0,0,0,0,1,0,0,0,0,0,0,0,1.187401053004852,0.15000000000000002,0.8255813953488371
2021,13,gasly,4,4,+1 Lap,12.0,71,gasly_2021_13,0,+1 lap,classificado,False,0,0,0,0,UNKNOWN,0,0,0,0,0,0,0,0,0,0,0,0,1,0,0,0,0,0,0,0,0,0,0,0,0,0,0,0,0,0,0,0,0,0,0,0,0,0,1,0,0,0,0,0,0,0,0,0,0,0,0,0,0,1.0922793258399601,0.2,0.813953488372093
2021,13,leclerc,5,5,+1 Lap,10.0,71,leclerc_2021_13,0,+1 lap,classificado,False,0,0,0,0,UNKNOWN,0,0,0,0,0,0,0,0,0,0,0,0,1,0,0,0,0,0,0,0,0,0,0,0,0,0,0,0,0,0,0,0,0,0,0,0,0,0,0,0,0,1,0,0,0,0,0,0,0,0,0,0,0,1.0922793258399601,0.25,0.813953488372093
2021,13,alonso,9,6,+1 Lap,8.0,71,alonso_2021_13,0,+1 lap,classificado,False,0,0,0,0,UNKNOWN,0,0,0,0,0,0,0,0,0,0,0,0,1,0,0,0,0,0,0,0,0,0,0,0,0,0,0,0,0,0,0,0,0,0,0,0,0,0,0,1,0,0,0,0,0,0,0,0,0,0,0,0,0,1.0922793258399601,0.45,0.813953488372093
2021,13,sainz,6,7,+1 Lap,6.0,71,sainz_2021_13,0,+1 lap,classificado,False,0,0,0,0,UNKNOWN,0,0,0,0,0,0,0,0,0,0,0,0,1,0,0,0,0,0,0,0,0,0,0,0,0,0,0,0,0,0,0,0,0,0,0,0,0,0,0,0,0,1,0,0,0,0,0,0,0,0,0,0,0,1.0922793258399601,0.30000000000000004,0.813953488372093
2021,13,perez,0,8,+1 Lap,4.0,71,perez_2021_13,1,+1 lap,classificado,False,0,0,0,0,UNKNOWN,0,0,0,0,0,0,0,0,0,0,0,0,1,0,0,0,0,0,0,0,0,0,0,0,0,0,0,0,0,0,0,0,0,0,0,0,0,0,0,0,0,0,0,0,0,0,0,0,1,0,0,0,0,1.0922793258399601,0.0,0.813953488372093
2021,13,ocon,8,9,+1 Lap,2.0,71,ocon_2021_13,0,+1 lap,classificado,False,0,0,0,0,UNKNOWN,0,0,0,0,0,0,0,0,0,0,0,0,1,0,0,0,0,0,0,0,0,0,0,0,0,0,0,0,0,0,0,0,0,0,0,0,0,0,0,1,0,0,0,0,0,0,0,0,0,0,0,0,0,1.0922793258399601,0.4,0.813953488372093
2021,13,norris,13,10,+1 Lap,1.0,71,norris_2021_13,0,+1 lap,classificado,False,0,0,0,0,UNKNOWN,0,0,0,0,0,0,0,0,0,0,0,0,1,0,0,0,0,0,0,0,0,0,0,0,0,0,0,0,0,0,0,0,0,0,0,0,0,0,0,0,0,0,0,0,1,0,0,0,0,0,0,0,0,1.0922793258399601,0.65,0.813953488372093
2021,13,ricciardo,10,11,+1 Lap,0.0,71,ricciardo_2021_13,0,+1 lap,classificado,False,0,0,0,0,UNKNOWN,0,0,0,0,0,0,0,0,0,0,0,0,1,0,0,0,0,0,0,0,0,0,0,0,0,0,0,0,0,0,0,0,0,0,0,0,0,0,0,0,0,0,0,0,1,0,0,0,0,0,0,0,0,1.0922793258399601,0.5,0.813953488372093
2021,13,stroll,12,12,+2 Laps,0.0,70,stroll_2021_13,0,+2 laps,classificado,False,0,0,0,0,UNKNOWN,0,0,0,0,0,0,0,0,0,0,0,0,1,0,0,0,0,0,0,0,0,0,0,0,0,0,0,0,0,0,0,0,0,0,0,0,0,0,0,0,1,0,0,0,0,0,0,0,0,0,0,0,0,0.9971575986750684,0.6000000000000001,0.8023255813953488
2021,13,vettel,15,13,+2 Laps,0.0,70,vettel_2021_13,0,+2 laps,classificado,False,0,0,0,0,UNKNOWN,0,0,0,0,0,0,0,0,0,0,0,0,1,0,0,0,0,0,0,0,0,0,0,0,0,0,0,0,0,0,0,0,0,0,0,0,0,0,0,0,1,0,0,0,0,0,0,0,0,0,0,0,0,0.9971575986750684,0.75,0.8023255813953488
2021,13,giovinazzi,7,14,+2 Laps,0.0,70,giovinazzi_2021_13,0,+2 laps,classificado,False,0,0,0,0,UNKNOWN,0,0,0,0,0,0,0,0,0,0,0,0,1,0,0,0,0,0,0,0,0,0,0,0,0,0,0,0,0,0,0,0,0,0,0,0,0,1,0,0,0,0,0,0,0,0,0,0,0,0,0,0,0,0.9971575986750684,0.35000000000000003,0.8023255813953488
2021,13,kubica,16,15,+2 Laps,0.0,70,kubica_2021_13,0,+2 laps,classificado,False,0,0,0,0,UNKNOWN,0,0,0,0,0,0,0,0,0,0,0,0,1,0,0,0,0,0,0,0,0,0,0,0,0,0,0,0,0,0,0,0,0,0,0,0,0,1,0,0,0,0,0,0,0,0,0,0,0,0,0,0,0,0.9971575986750684,0.8,0.8023255813953488
2021,13,latifi,0,16,+2 Laps,0.0,70,latifi_2021_13,1,+2 laps,classificado,False,0,0,0,0,UNKNOWN,0,0,0,0,0,0,0,0,0,0,0,0,1,0,0,0,0,0,0,0,0,0,0,0,0,0,0,0,0,0,0,0,0,0,0,0,0,0,0,0,0,0,0,0,0,0,0,0,0,0,0,0,1,0.9971575986750684,0.0,0.8023255813953488
2021,13,mick_schumacher,17,18,+3 Laps,0.0,69,mick_schumacher_2021_13,0,+3 laps,classificado,False,0,0,0,0,UNKNOWN,0,0,0,0,0,0,0,0,0,0,0,0,1,0,0,0,0,0,0,0,0,0,0,0,0,0,0,0,0,0,0,0,0,0,0,0,0,0,0,0,0,0,0,1,0,0,0,0,0,0,0,0,0,0.9020358715101766,0.8500000000000001,0.7906976744186046
2021,14,ricciardo,2,1,Finished,26.0,53,ricciardo_2021_14,0,finished,classificado,False,0,0,0,0,UNKNOWN,0,0,0,0,0,0,0,0,0,0,0,0,0,0,0,0,0,0,1,0,0,0,0,0,0,0,0,0,0,0,0,0,0,0,0,0,0,0,0,0,0,0,0,0,1,0,0,0,0,0,0,0,0,-0.6199117631280925,0.1,0.6046511627906976
2021,14,norris,3,2,Finished,18.0,53,norris_2021_14,0,finished,classificado,False,0,0,0,0,UNKNOWN,0,0,0,0,0,0,0,0,0,0,0,0,0,0,0,0,0,0,1,0,0,0,0,0,0,0,0,0,0,0,0,0,0,0,0,0,0,0,0,0,0,0,0,0,1,0,0,0,0,0,0,0,0,-0.6199117631280925,0.15000000000000002,0.6046511627906976
2021,14,bottas,19,3,Finished,15.0,53,bottas_2021_14,0,finished,classificado,False,0,0,0,0,UNKNOWN,0,0,0,0,0,0,0,0,0,0,0,0,0,0,0,0,0,0,1,0,0,0,0,0,0,0,0,0,0,0,0,0,0,0,0,0,0,0,0,0,0,0,0,0,0,1,0,0,0,0,0,0,0,-0.6199117631280925,0.9500000000000001,0.6046511627906976
2021,14,leclerc,5,4,Finished,12.0,53,leclerc_2021_14,0,finished,classificado,False,0,0,0,0,UNKNOWN,0,0,0,0,0,0,0,0,0,0,0,0,0,0,0,0,0,0,1,0,0,0,0,0,0,0,0,0,0,0,0,0,0,0,0,0,0,0,0,0,0,1,0,0,0,0,0,0,0,0,0,0,0,-0.6199117631280925,0.25,0.6046511627906976
2021,14,perez,8,5,Finished,10.0,53,perez_2021_14,0,finished,classificado,False,0,0,0,0,UNKNOWN,0,0,0,0,0,0,0,0,0,0,0,0,0,0,0,0,0,0,1,0,0,0,0,0,0,0,0,0,0,0,0,0,0,0,0,0,0,0,0,0,0,0,0,0,0,0,0,0,1,0,0,0,0,-0.6199117631280925,0.4,0.6046511627906976
2021,14,sainz,6,6,Finished,8.0,53,sainz_2021_14,0,finished,classificado,False,0,0,0,0,UNKNOWN,0,0,0,0,0,0,0,0,0,0,0,0,0,0,0,0,0,0,1,0,0,0,0,0,0,0,0,0,0,0,0,0,0,0,0,0,0,0,0,0,0,1,0,0,0,0,0,0,0,0,0,0,0,-0.6199117631280925,0.30000000000000004,0.6046511627906976
2021,14,stroll,9,7,Finished,6.0,53,stroll_2021_14,0,finished,classificado,False,0,0,0,0,UNKNOWN,0,0,0,0,0,0,0,0,0,0,0,0,0,0,0,0,0,0,1,0,0,0,0,0,0,0,0,0,0,0,0,0,0,0,0,0,0,0,0,0,1,0,0,0,0,0,0,0,0,0,0,0,0,-0.6199117631280925,0.45,0.6046511627906976
2021,14,alonso,10,8,Finished,4.0,53,alonso_2021_14,0,finished,classificado,False,0,0,0,0,UNKNOWN,0,0,0,0,0,0,0,0,0,0,0,0,0,0,0,0,0,0,1,0,0,0,0,0,0,0,0,0,0,0,0,0,0,0,0,0,0,0,0,1,0,0,0,0,0,0,0,0,0,0,0,0,0,-0.6199117631280925,0.5,0.6046511627906976
2021,14,russell,14,9,Finished,2.0,53,russell_2021_14,0,finished,classificado,False,0,0,0,0,UNKNOWN,0,0,0,0,0,0,0,0,0,0,0,0,0,0,0,0,0,0,1,0,0,0,0,0,0,0,0,0,0,0,0,0,0,0,0,0,0,0,0,0,0,0,0,0,0,0,0,0,0,0,0,0,1,-0.6199117631280925,0.7000000000000001,0.6046511627906976
2021,14,ocon,12,10,Finished,1.0,53,ocon_2021_14,0,finished,classificado,False,0,0,0,0,UNKNOWN,0,0,0,0,0,0,0,0,0,0,0,0,0,0,0,0,0,0,1,0,0,0,0,0,0,0,0,0,0,0,0,0,0,0,0,0,0,0,0,1,0,0,0,0,0,0,0,0,0,0,0,0,0,-0.6199117631280925,0.6000000000000001,0.6046511627906976
2021,14,latifi,13,11,Finished,0.0,53,latifi_2021_14,0,finished,classificado,False,0,0,0,0,UNKNOWN,0,0,0,0,0,0,0,0,0,0,0,0,0,0,0,0,0,0,1,0,0,0,0,0,0,0,0,0,0,0,0,0,0,0,0,0,0,0,0,0,0,0,0,0,0,0,0,0,0,0,0,0,1,-0.6199117631280925,0.65,0.6046511627906976
2021,14,vettel,11,12,Finished,0.0,53,vettel_2021_14,0,finished,classificado,False,0,0,0,0,UNKNOWN,0,0,0,0,0,0,0,0,0,0,0,0,0,0,0,0,0,0,1,0,0,0,0,0,0,0,0,0,0,0,0,0,0,0,0,0,0,0,0,0,1,0,0,0,0,0,0,0,0,0,0,0,0,-0.6199117631280925,0.55,0.6046511627906976
2021,14,giovinazzi,7,13,Finished,0.0,53,giovinazzi_2021_14,0,finished,classificado,False,0,0,0,0,UNKNOWN,0,0,0,0,0,0,0,0,0,0,0,0,0,0,0,0,0,0,1,0,0,0,0,0,0,0,0,0,0,0,0,0,0,0,0,0,0,1,0,0,0,0,0,0,0,0,0,0,0,0,0,0,0,-0.6199117631280925,0.35000000000000003,0.6046511627906976
2021,14,kubica,17,14,Finished,0.0,53,kubica_2021_14,0,finished,classificado,False,0,0,0,0,UNKNOWN,0,0,0,0,0,0,0,0,0,0,0,0,0,0,0,0,0,0,1,0,0,0,0,0,0,0,0,0,0,0,0,0,0,0,0,0,0,1,0,0,0,0,0,0,0,0,0,0,0,0,0,0,0,-0.6199117631280925,0.8500000000000001,0.6046511627906976
2021,14,mick_schumacher,18,15,Finished,0.0,53,mick_schumacher_2021_14,0,finished,classificado,False,0,0,0,0,UNKNOWN,0,0,0,0,0,0,0,0,0,0,0,0,0,0,0,0,0,0,1,0,0,0,0,0,0,0,0,0,0,0,0,0,0,0,0,0,0,0,0,0,0,0,0,1,0,0,0,0,0,0,0,0,0,-0.6199117631280925,0.9,0.6046511627906976
2021,15,hamilton,4,1,Finished,25.0,53,hamilton_2021_15,0,finished,classificado,False,0,0,0,0,UNKNOWN,0,0,0,0,0,0,0,0,0,0,0,0,0,0,0,0,0,0,0,0,0,0,0,0,0,0,0,1,0,0,0,0,0,0,0,0,0,0,0,0,0,0,0,0,0,1,0,0,0,0,0,0,0,-0.6199117631280925,0.2,0.6046511627906976
2021,15,max_verstappen,20,2,Finished,18.0,53,max_verstappen_2021_15,0,finished,classificado,False,0,0,0,0,UNKNOWN,0,0,0,0,0,0,0,0,0,0,0,0,0,0,0,0,0,0,0,0,0,0,0,0,0,0,0,1,0,0,0,0,0,0,0,0,0,0,0,0,0,0,0,0,0,0,0,0,1,0,0,0,0,-0.6199117631280925,1.0,0.6046511627906976
2021,15,sainz,2,3,Finished,15.0,53,sainz_2021_15,0,finished,classificado,False,0,0,0,0,UNKNOWN,0,0,0,0,0,0,0,0,0,0,0,0,0,0,0,0,0,0,0,0,0,0,0,0,0,0,0,1,0,0,0,0,0,0,0,0,0,0,0,0,0,1,0,0,0,0,0,0,0,0,0,0,0,-0.6199117631280925,0.1,0.6046511627906976
2021,15,ricciardo,5,4,Finished,12.0,53,ricciardo_2021_15,0,finished,classificado,False,0,0,0,0,UNKNOWN,0,0,0,0,0,0,0,0,0,0,0,0,0,0,0,0,0,0,0,0,0,0,0,0,0,0,0,1,0,0,0,0,0,0,0,0,0,0,0,0,0,0,0,0,1,0,0,0,0,0,0,0,0,-0.6199117631280925,0.25,0.6046511627906976
2021,15,bottas,16,5,Finished,10.0,53,bottas_2021_15,0,finished,classificado,False,0,0,0,0,UNKNOWN,0,0,0,0,0,0,0,0,0,0,0,0,0,0,0,0,0,0,0,0,0,0,0,0,0,0,0,1,0,0,0,0,0,0,0,0,0,0,0,0,0,0,0,0,0,1,0,0,0,0,0,0,0,-0.6199117631280925,0.8,0.6046511627906976
2021,15,alonso,6,6,Finished,8.0,53,alonso_2021_15,0,finished,classificado,False,0,0,0,0,UNKNOWN,0,0,0,0,0,0,0,0,0,0,0,0,0,0,0,0,0,0,0,0,0,0,0,0,0,0,0,1,0,0,0,0,0,0,0,0,0,0,0,1,0,0,0,0,0,0,0,0,0,0,0,0,0,-0.6199117631280925,0.30000000000000004,0.6046511627906976
2021,15,norris,1,7,Finished,7.0,53,norris_2021_15,0,finished,classificado,False,0,0,0,0,UNKNOWN,0,0,0,0,0,0,0,0,0,0,0,0,0,0,0,0,0,0,0,0,0,0,0,0,0,0,0,1,0,0,0,0,0,0,0,0,0,0,0,0,0,0,0,0,1,0,0,0,0,0,0,0,0,-0.6199117631280925,0.05,0.6046511627906976
2021,15,raikkonen,13,8,Finished,4.0,53,raikkonen_2021_15,0,finished,classificado,False,0,0,0,0,UNKNOWN,0,0,0,0,0,0,0,0,0,0,0,0,0,0,0,0,0,0,0,0,0,0,0,0,0,0,0,1,0,0,0,0,0,0,0,0,0,1,0,0,0,0,0,0,0,0,0,0,0,0,0,0,0,-0.6199117631280925,0.65,0.6046511627906976
2021,15,perez,8,9,Finished,2.0,53,perez_2021_15,0,finished,classificado,False,0,0,0,0,UNKNOWN,0,0,0,0,0,0,0,0,0,0,0,0,0,0,0,0,0,0,0,0,0,0,0,0,0,0,0,1,0,0,0,0,0,0,0,0,0,0,0,0,0,0,0,0,0,0,0,0,1,0,0,0,0,-0.6199117631280925,0.4,0.6046511627906976
2021,15,russell,3,10,Finished,1.0,53,russell_2021_15,0,finished,classificado,False,0,0,0,0,UNKNOWN,0,0,0,0,0,0,0,0,0,0,0,0,0,0,0,0,0,0,0,0,0,0,0,0,0,0,0,1,0,0,0,0,0,0,0,0,0,0,0,0,0,0,0,0,0,0,0,0,0,0,0,0,1,-0.6199117631280925,0.15000000000000002,0.6046511627906976
2021,15,stroll,7,11,Finished,0.0,53,stroll_2021_15,0,finished,classificado,False,0,0,0,0,UNKNOWN,0,0,0,0,0,0,0,0,0,0,0,0,0,0,0,0,0,0,0,0,0,0,0,0,0,0,0,1,0,0,0,0,0,0,0,0,0,0,0,0,1,0,0,0,0,0,0,0,0,0,0,0,0,-0.6199117631280925,0.35000000000000003,0.6046511627906976
2021,15,vettel,10,12,+1 Lap,0.0,52,vettel_2021_15,0,+1 lap,classificado,False,0,0,0,0,UNKNOWN,0,0,0,0,0,0,0,0,0,0,0,0,0,0,0,0,0,0,0,0,0,0,0,0,0,0,0,1,0,0,0,0,0,0,0,0,0,0,0,0,1,0,0,0,0,0,0,0,0,0,0,0,0,-0.7150334902929842,0.5,0.5930232558139534
2021,15,gasly,11,13,+1 Lap,0.0,52,gasly_2021_15,0,+1 lap,classificado,False,0,0,0,0,UNKNOWN,0,0,0,0,0,0,0,0,0,0,0,0,0,0,0,0,0,0,0,0,0,0,0,0,0,0,0,1,0,0,0,0,0,0,0,0,0,0,1,0,0,0,0,0,0,0,0,0,0,0,0,0,0,-0.7150334902929842,0.55,0.5930232558139534
2021,15,ocon,9,14,+1 Lap,0.0,52,ocon_2021_15,0,+1 lap,classificado,False,0,0,0,0,UNKNOWN,0,0,0,0,0,0,0,0,0,0,0,0,0,0,0,0,0,0,0,0,0,0,0,0,0,0,0,1,0,0,0,0,0,0,0,0,0,0,0,1,0,0,0,0,0,0,0,0,0,0,0,0,0,-0.7150334902929842,0.45,0.5930232558139534
2021,15,leclerc,19,15,+1 Lap,0.0,52,leclerc_2021_15,0,+1 lap,classificado,False,0,0,0,0,UNKNOWN,0,0,0,0,0,0,0,0,0,0,0,0,0,0,0,0,0,0,0,0,0,0,0,0,0,0,0,1,0,0,0,0,0,0,0,0,0,0,0,0,0,1,0,0,0,0,0,0,0,0,0,0,0,-0.7150334902929842,0.9500000000000001,0.5930232558139534
2021,15,giovinazzi,17,16,+1 Lap,0.0,52,giovinazzi_2021_15,0,+1 lap,classificado,False,0,0,0,0,UNKNOWN,0,0,0,0,0,0,0,0,0,0,0,0,0,0,0,0,0,0,0,0,0,0,0,0,0,0,0,1,0,0,0,0,0,0,0,0,0,1,0,0,0,0,0,0,0,0,0,0,0,0,0,0,0,-0.7150334902929842,0.8500000000000001,0.5930232558139534
2021,15,tsunoda,12,17,+1 Lap,0.0,52,tsunoda_2021_15,0,+1 lap,classificado,False,0,0,0,0,UNKNOWN,0,0,0,0,0,0,0,0,0,0,0,0,0,0,0,0,0,0,0,0,0,0,0,0,0,0,0,1,0,0,0,0,0,0,0,0,0,0,1,0,0,0,0,0,0,0,0,0,0,0,0,0,0,-0.7150334902929842,0.6000000000000001,0.5930232558139534
2021,15,mazepin,15,18,+2 Laps,0.0,51,mazepin_2021_15,0,+2 laps,classificado,False,0,0,0,0,UNKNOWN,0,0,0,0,0,0,0,0,0,0,0,0,0,0,0,0,0,0,0,0,0,0,0,0,0,0,0,1,0,0,0,0,0,0,0,0,0,0,0,0,0,0,0,1,0,0,0,0,0,0,0,0,0,-0.8101552174578761,0.75,0.5813953488372092
2021,16,bottas,1,1,Finished,26.0,58,bottas_2021_16,0,finished,classificado,False,0,0,0,0,UNKNOWN,0,0,0,0,0,0,0,0,0,0,0,0,0,0,0,0,0,0,0,0,0,0,0,0,0,0,0,0,0,0,0,0,0,0,1,0,0,0,0,0,0,0,0,0,0,1,0,0,0,0,0,0,0,-0.14430312730363337,0.05,0.6627906976744186
2021,16,max_verstappen,2,2,Finished,18.0,58,max_verstappen_2021_16,0,finished,classificado,False,0,0,0,0,UNKNOWN,0,0,0,0,0,0,0,0,0,0,0,0,0,0,0,0,0,0,0,0,0,0,0,0,0,0,0,0,0,0,0,0,0,0,1,0,0,0,0,0,0,0,0,0,0,0,0,0,1,0,0,0,0,-0.14430312730363337,0.1,0.6627906976744186
2021,16,perez,6,3,Finished,15.0,58,perez_2021_16,0,finished,classificado,False,0,0,0,0,UNKNOWN,0,0,0,0,0,0,0,0,0,0,0,0,0,0,0,0,0,0,0,0,0,0,0,0,0,0,0,0,0,0,0,0,0,0,1,0,0,0,0,0,0,0,0,0,0,0,0,0,1,0,0,0,0,-0.14430312730363337,0.30000000000000004,0.6627906976744186
2021,16,leclerc,3,4,Finished,12.0,58,leclerc_2021_16,0,finished,classificado,False,0,0,0,0,UNKNOWN,0,0,0,0,0,0,0,0,0,0,0,0,0,0,0,0,0,0,0,0,0,0,0,0,0,0,0,0,0,0,0,0,0,0,1,0,0,0,0,0,0,1,0,0,0,0,0,0,0,0,0,0,0,-0.14430312730363337,0.15000000000000002,0.6627906976744186
2021,16,hamilton,11,5,Finished,10.0,58,hamilton_2021_16,0,finished,classificado,False,0,0,0,0,UNKNOWN,0,0,0,0,0,0,0,0,0,0,0,0,0,0,0,0,0,0,0,0,0,0,0,0,0,0,0,0,0,0,0,0,0,0,1,0,0,0,0,0,0,0,0,0,0,1,0,0,0,0,0,0,0,-0.14430312730363337,0.55,0.6627906976744186
2021,16,gasly,4,6,Finished,8.0,58,gasly_2021_16,0,finished,classificado,False,0,0,0,0,UNKNOWN,0,0,0,0,0,0,0,0,0,0,0,0,0,0,0,0,0,0,0,0,0,0,0,0,0,0,0,0,0,0,0,0,0,0,1,0,0,0,1,0,0,0,0,0,0,0,0,0,0,0,0,0,0,-0.14430312730363337,0.2,0.6627906976744186
2021,16,norris,7,7,Finished,6.0,58,norris_2021_16,0,finished,classificado,False,0,0,0,0,UNKNOWN,0,0,0,0,0,0,0,0,0,0,0,0,0,0,0,0,0,0,0,0,0,0,0,0,0,0,0,0,0,0,0,0,0,0,1,0,0,0,0,0,0,0,0,0,1,0,0,0,0,0,0,0,0,-0.14430312730363337,0.35000000000000003,0.6627906976744186
2021,16,sainz,19,8,Finished,4.0,58,sainz_2021_16,0,finished,classificado,False,0,0,0,0,UNKNOWN,0,0,0,0,0,0,0,0,0,0,0,0,0,0,0,0,0,0,0,0,0,0,0,0,0,0,0,0,0,0,0,0,0,0,1,0,0,0,0,0,0,1,0,0,0,0,0,0,0,0,0,0,0,-0.14430312730363337,0.9500000000000001,0.6627906976744186
2021,16,stroll,8,9,Finished,2.0,58,stroll_2021_16,0,finished,classificado,False,0,0,0,0,UNKNOWN,0,0,0,0,0,0,0,0,0,0,0,0,0,0,0,0,0,0,0,0,0,0,0,0,0,0,0,0,0,0,0,0,0,0,1,0,0,0,0,0,1,0,0,0,0,0,0,0,0,0,0,0,0,-0.14430312730363337,0.4,0.6627906976744186
2021,16,ocon,12,10,+1 Lap,1.0,57,ocon_2021_16,0,+1 lap,classificado,False,0,0,0,0,UNKNOWN,0,0,0,0,0,0,0,0,0,0,0,0,0,0,0,0,0,0,0,0,0,0,0,0,0,0,0,0,0,0,0,0,0,0,1,0,0,0,0,1,0,0,0,0,0,0,0,0,0,0,0,0,0,-0.23942485446852518,0.6000000000000001,0.6511627906976744
2021,16,giovinazzi,16,11,+1 Lap,0.0,57,giovinazzi_2021_16,0,+1 lap,classificado,False,0,0,0,0,UNKNOWN,0,0,0,0,0,0,0,0,0,0,0,0,0,0,0,0,0,0,0,0,0,0,0,0,0,0,0,0,0,0,0,0,0,0,1,0,0,1,0,0,0,0,0,0,0,0,0,0,0,0,0,0,0,-0.23942485446852518,0.8,0.6511627906976744
2021,16,raikkonen,17,12,+1 Lap,0.0,57,raikkonen_2021_16,0,+1 lap,classificado,False,0,0,0,0,UNKNOWN,0,0,0,0,0,0,0,0,0,0,0,0,0,0,0,0,0,0,0,0,0,0,0,0,0,0,0,0,0,0,0,0,0,0,1,0,0,1,0,0,0,0,0,0,0,0,0,0,0,0,0,0,0,-0.23942485446852518,0.8500000000000001,0.6511627906976744
2021,16,ricciardo,20,13,+1 Lap,0.0,57,ricciardo_2021_16,0,+1 lap,classificado,False,0,0,0,0,UNKNOWN,0,0,0,0,0,0,0,0,0,0,0,0,0,0,0,0,0,0,0,0,0,0,0,0,0,0,0,0,0,0,0,0,0,0,1,0,0,0,0,0,0,0,0,0,1,0,0,0,0,0,0,0,0,-0.23942485446852518,1.0,0.6511627906976744
2021,16,tsunoda,9,14,+1 Lap,0.0,57,tsunoda_2021_16,0,+1 lap,classificado,False,0,0,0,0,UNKNOWN,0,0,0,0,0,0,0,0,0,0,0,0,0,0,0,0,0,0,0,0,0,0,0,0,0,0,0,0,0,0,0,0,0,0,1,0,0,0,1,0,0,0,0,0,0,0,0,0,0,0,0,0,0,-0.23942485446852518,0.45,0.6511627906976744
2021,16,russell,13,15,+1 Lap,0.0,57,russell_2021_16,0,+1 lap,classificado,False,0,0,0,0,UNKNOWN,0,0,0,0,0,0,0,0,0,0,0,0,0,0,0,0,0,0,0,0,0,0,0,0,0,0,0,0,0,0,0,0,0,0,1,0,0,0,0,0,0,0,0,0,0,0,0,0,0,0,0,0,1,-0.23942485446852518,0.65,0.6511627906976744
2021,16,alonso,5,16,+1 Lap,0.0,57,alonso_2021_16,0,+1 lap,classificado,False,0,0,0,0,UNKNOWN,0,0,0,0,0,0,0,0,0,0,0,0,0,0,0,0,0,0,0,0,0,0,0,0,0,0,0,0,0,0,0,0,0,0,1,0,0,0,0,1,0,0,0,0,0,0,0,0,0,0,0,0,0,-0.23942485446852518,0.25,0.6511627906976744
2021,16,latifi,15,17,+1 Lap,0.0,57,latifi_2021_16,0,+1 lap,classificado,False,0,0,0,0,UNKNOWN,0,0,0,0,0,0,0,0,0,0,0,0,0,0,0,0,0,0,0,0,0,0,0,0,0,0,0,0,0,0,0,0,0,0,1,0,0,0,0,0,0,0,0,0,0,0,0,0,0,0,0,0,1,-0.23942485446852518,0.75,0.6511627906976744
2021,16,vettel,10,18,+1 Lap,0.0,57,vettel_2021_16,0,+1 lap,classificado,False,0,0,0,0,UNKNOWN,0,0,0,0,0,0,0,0,0,0,0,0,0,0,0,0,0,0,0,0,0,0,0,0,0,0,0,0,0,0,0,0,0,0,1,0,0,0,0,0,1,0,0,0,0,0,0,0,0,0,0,0,0,-0.23942485446852518,0.5,0.6511627906976744
2021,16,mick_schumacher,14,19,+2 Laps,0.0,56,mick_schumacher_2021_16,0,+2 laps,classificado,False,0,0,0,0,UNKNOWN,0,0,0,0,0,0,0,0,0,0,0,0,0,0,0,0,0,0,0,0,0,0,0,0,0,0,0,0,0,0,0,0,0,0,1,0,0,0,0,0,0,0,0,1,0,0,0,0,0,0,0,0,0,-0.334546581633417,0.7000000000000001,0.6395348837209303
2021,16,mazepin,18,20,+2 Laps,0.0,56,mazepin_2021_16,0,+2 laps,classificado,False,0,0,0,0,UNKNOWN,0,0,0,0,0,0,0,0,0,0,0,0,0,0,0,0,0,0,0,0,0,0,0,0,0,0,0,0,0,0,0,0,0,0,1,0,0,0,0,0,0,0,0,1,0,0,0,0,0,0,0,0,0,-0.334546581633417,0.9,0.6395348837209303
2021,17,max_verstappen,1,1,Finished,25.0,56,max_verstappen_2021_17,0,finished,classificado,False,0,0,0,0,UNKNOWN,0,0,0,0,0,0,0,0,0,0,0,0,0,0,0,0,0,0,0,0,0,0,0,0,0,0,0,0,0,0,0,0,0,0,0,0,1,0,0,0,0,0,0,0,0,0,0,0,1,0,0,0,0,-0.334546581633417,0.05,0.6395348837209303
2021,17,hamilton,2,2,Finished,19.0,56,hamilton_2021_17,0,finished,classificado,False,0,0,0,0,UNKNOWN,0,0,0,0,0,0,0,0,0,0,0,0,0,0,0,0,0,0,0,0,0,0,0,0,0,0,0,0,0,0,0,0,0,0,0,0,1,0,0,0,0,0,0,0,0,1,0,0,0,0,0,0,0,-0.334546581633417,0.1,0.6395348837209303
2021,17,perez,3,3,Finished,15.0,56,perez_2021_17,0,finished,classificado,False,0,0,0,0,UNKNOWN,0,0,0,0,0,0,0,0,0,0,0,0,0,0,0,0,0,0,0,0,0,0,0,0,0,0,0,0,0,0,0,0,0,0,0,0,1,0,0,0,0,0,0,0,0,0,0,0,1,0,0,0,0,-0.334546581633417,0.15000000000000002,0.6395348837209303
2021,17,leclerc,4,4,Finished,12.0,56,leclerc_2021_17,0,finished,classificado,False,0,0,0,0,UNKNOWN,0,0,0,0,0,0,0,0,0,0,0,0,0,0,0,0,0,0,0,0,0,0,0,0,0,0,0,0,0,0,0,0,0,0,0,0,1,0,0,0,0,1,0,0,0,0,0,0,0,0,0,0,0,-0.334546581633417,0.2,0.6395348837209303
2021,17,ricciardo,6,5,Finished,10.0,56,ricciardo_2021_17,0,finished,classificado,False,0,0,0,0,UNKNOWN,0,0,0,0,0,0,0,0,0,0,0,0,0,0,0,0,0,0,0,0,0,0,0,0,0,0,0,0,0,0,0,0,0,0,0,0,1,0,0,0,0,0,0,0,1,0,0,0,0,0,0,0,0,-0.334546581633417,0.30000000000000004,0.6395348837209303
2021,17,bottas,9,6,Finished,8.0,56,bottas_2021_17,0,finished,classificado,False,0,0,0,0,UNKNOWN,0,0,0,0,0,0,0,0,0,0,0,0,0,0,0,0,0,0,0,0,0,0,0,0,0,0,0,0,0,0,0,0,0,0,0,0,1,0,0,0,0,0,0,0,0,1,0,0,0,0,0,0,0,-0.334546581633417,0.45,0.6395348837209303
2021,17,sainz,5,7,Finished,6.0,56,sainz_2021_17,0,finished,classificado,False,0,0,0,0,UNKNOWN,0,0,0,0,0,0,0,0,0,0,0,0,0,0,0,0,0,0,0,0,0,0,0,0,0,0,0,0,0,0,0,0,0,0,0,0,1,0,0,0,0,1,0,0,0,0,0,0,0,0,0,0,0,-0.334546581633417,0.25,0.6395348837209303
2021,17,norris,7,8,Finished,4.0,56,norris_2021_17,0,finished,classificado,False,0,0,0,0,UNKNOWN,0,0,0,0,0,0,0,0,0,0,0,0,0,0,0,0,0,0,0,0,0,0,0,0,0,0,0,0,0,0,0,0,0,0,0,0,1,0,0,0,0,0,0,0,1,0,0,0,0,0,0,0,0,-0.334546581633417,0.35000000000000003,0.6395348837209303
2021,17,tsunoda,10,9,+1 Lap,2.0,55,tsunoda_2021_17,0,+1 lap,classificado,False,0,0,0,0,UNKNOWN,0,0,0,0,0,0,0,0,0,0,0,0,0,0,0,0,0,0,0,0,0,0,0,0,0,0,0,0,0,0,0,0,0,0,0,0,1,0,1,0,0,0,0,0,0,0,0,0,0,0,0,0,0,-0.4296683087983088,0.5,0.627906976744186
2021,17,vettel,18,10,+1 Lap,1.0,55,vettel_2021_17,0,+1 lap,classificado,False,0,0,0,0,UNKNOWN,0,0,0,0,0,0,0,0,0,0,0,0,0,0,0,0,0,0,0,0,0,0,0,0,0,0,0,0,0,0,0,0,0,0,0,0,1,0,0,0,1,0,0,0,0,0,0,0,0,0,0,0,0,-0.4296683087983088,0.9,0.627906976744186
2021,17,giovinazzi,12,11,+1 Lap,0.0,55,giovinazzi_2021_17,0,+1 lap,classificado,False,0,0,0,0,UNKNOWN,0,0,0,0,0,0,0,0,0,0,0,0,0,0,0,0,0,0,0,0,0,0,0,0,0,0,0,0,0,0,0,0,0,0,0,0,1,1,0,0,0,0,0,0,0,0,0,0,0,0,0,0,0,-0.4296683087983088,0.6000000000000001,0.627906976744186
2021,17,stroll,13,12,+1 Lap,0.0,55,stroll_2021_17,0,+1 lap,classificado,False,0,0,0,0,UNKNOWN,0,0,0,0,0,0,0,0,0,0,0,0,0,0,0,0,0,0,0,0,0,0,0,0,0,0,0,0,0,0,0,0,0,0,0,0,1,0,0,0,1,0,0,0,0,0,0,0,0,0,0,0,0,-0.4296683087983088,0.65,0.627906976744186
2021,17,raikkonen,15,13,+1 Lap,0.0,55,raikkonen_2021_17,0,+1 lap,classificado,False,0,0,0,0,UNKNOWN,0,0,0,0,0,0,0,0,0,0,0,0,0,0,0,0,0,0,0,0,0,0,0,0,0,0,0,0,0,0,0,0,0,0,0,0,1,1,0,0,0,0,0,0,0,0,0,0,0,0,0,0,0,-0.4296683087983088,0.75,0.627906976744186
2021,17,russell,20,14,+1 Lap,0.0,55,russell_2021_17,0,+1 lap,classificado,False,0,0,0,0,UNKNOWN,0,0,0,0,0,0,0,0,0,0,0,0,0,0,0,0,0,0,0,0,0,0,0,0,0,0,0,0,0,0,0,0,0,0,0,0,1,0,0,0,0,0,0,0,0,0,0,0,0,0,0,0,1,-0.4296683087983088,1.0,0.627906976744186
2021,17,latifi,14,15,+1 Lap,0.0,55,latifi_2021_17,0,+1 lap,classificado,False,0,0,0,0,UNKNOWN,0,0,0,0,0,0,0,0,0,0,0,0,0,0,0,0,0,0,0,0,0,0,0,0,0,0,0,0,0,0,0,0,0,0,0,0,1,0,0,0,0,0,0,0,0,0,0,0,0,0,0,0,1,-0.4296683087983088,0.7000000000000001,0.627906976744186
2021,17,mick_schumacher,16,16,+2 Laps,0.0,54,mick_schumacher_2021_17,0,+2 laps,classificado,False,0,0,0,0,UNKNOWN,0,0,0,0,0,0,0,0,0,0,0,0,0,0,0,0,0,0,0,0,0,0,0,0,0,0,0,0,0,0,0,0,0,0,0,0,1,0,0,0,0,0,0,1,0,0,0,0,0,0,0,0,0,-0.5247900359632006,0.8,0.6162790697674418
2021,17,mazepin,17,17,+2 Laps,0.0,54,mazepin_2021_17,0,+2 laps,classificado,False,0,0,0,0,UNKNOWN,0,0,0,0,0,0,0,0,0,0,0,0,0,0,0,0,0,0,0,0,0,0,0,0,0,0,0,0,0,0,0,0,0,0,0,0,1,0,0,0,0,0,0,1,0,0,0,0,0,0,0,0,0,-0.5247900359632006,0.8500000000000001,0.6162790697674418
2021,18,max_verstappen,3,1,Finished,25.0,71,max_verstappen_2021_18,0,finished,classificado,False,0,0,0,0,UNKNOWN,0,0,0,0,0,0,0,0,0,0,0,0,0,0,0,0,0,0,0,0,0,0,1,0,0,0,0,0,0,0,0,0,0,0,0,0,0,0,0,0,0,0,0,0,0,0,0,0,1,0,0,0,0,1.0922793258399601,0.15000000000000002,0.813953488372093
2021,18,hamilton,2,2,Finished,18.0,71,hamilton_2021_18,0,finished,classificado,False,0,0,0,0,UNKNOWN,0,0,0,0,0,0,0,0,0,0,0,0,0,0,0,0,0,0,0,0,0,0,1,0,0,0,0,0,0,0,0,0,0,0,0,0,0,0,0,0,0,0,0,0,0,1,0,0,0,0,0,0,0,1.0922793258399601,0.1,0.813953488372093
2021,18,perez,4,3,Finished,15.0,71,perez_2021_18,0,finished,classificado,False,0,0,0,0,UNKNOWN,0,0,0,0,0,0,0,0,0,0,0,0,0,0,0,0,0,0,0,0,0,0,1,0,0,0,0,0,0,0,0,0,0,0,0,0,0,0,0,0,0,0,0,0,0,0,0,0,1,0,0,0,0,1.0922793258399601,0.2,0.813953488372093
2021,18,gasly,5,4,Finished,12.0,71,gasly_2021_18,0,finished,classificado,False,0,0,0,0,UNKNOWN,0,0,0,0,0,0,0,0,0,0,0,0,0,0,0,0,0,0,0,0,0,0,1,0,0,0,0,0,0,0,0,0,0,0,0,0,0,0,1,0,0,0,0,0,0,0,0,0,0,0,0,0,0,1.0922793258399601,0.25,0.813953488372093
2021,18,leclerc,8,5,Finished,10.0,71,leclerc_2021_18,0,finished,classificado,False,0,0,0,0,UNKNOWN,0,0,0,0,0,0,0,0,0,0,0,0,0,0,0,0,0,0,0,0,0,0,1,0,0,0,0,0,0,0,0,0,0,0,0,0,0,0,0,0,0,1,0,0,0,0,0,0,0,0,0,0,0,1.0922793258399601,0.4,0.813953488372093
2021,18,sainz,6,6,+1 Lap,8.0,70,sainz_2021_18,0,+1 lap,classificado,False,0,0,0,0,UNKNOWN,0,0,0,0,0,0,0,0,0,0,0,0,0,0,0,0,0,0,0,0,0,0,1,0,0,0,0,0,0,0,0,0,0,0,0,0,0,0,0,0,0,1,0,0,0,0,0,0,0,0,0,0,0,0.9971575986750684,0.30000000000000004,0.8023255813953488
2021,18,vettel,9,7,+1 Lap,6.0,70,vettel_2021_18,0,+1 lap,classificado,False,0,0,0,0,UNKNOWN,0,0,0,0,0,0,0,0,0,0,0,0,0,0,0,0,0,0,0,0,0,0,1,0,0,0,0,0,0,0,0,0,0,0,0,0,0,0,0,0,1,0,0,0,0,0,0,0,0,0,0,0,0,0.9971575986750684,0.45,0.8023255813953488
2021,18,raikkonen,10,8,+1 Lap,4.0,70,raikkonen_2021_18,0,+1 lap,classificado,False,0,0,0,0,UNKNOWN,0,0,0,0,0,0,0,0,0,0,0,0,0,0,0,0,0,0,0,0,0,0,1,0,0,0,0,0,0,0,0,0,0,0,0,0,0,1,0,0,0,0,0,0,0,0,0,0,0,0,0,0,0,0.9971575986750684,0.5,0.8023255813953488
2021,18,alonso,12,9,+1 Lap,2.0,70,alonso_2021_18,0,+1 lap,classificado,False,0,0,0,0,UNKNOWN,0,0,0,0,0,0,0,0,0,0,0,0,0,0,0,0,0,0,0,0,0,0,1,0,0,0,0,0,0,0,0,0,0,0,0,0,0,0,0,1,0,0,0,0,0,0,0,0,0,0,0,0,0,0.9971575986750684,0.6000000000000001,0.8023255813953488
2021,18,norris,18,10,+1 Lap,1.0,70,norris_2021_18,0,+1 lap,classificado,False,0,0,0,0,UNKNOWN,0,0,0,0,0,0,0,0,0,0,0,0,0,0,0,0,0,0,0,0,0,0,1,0,0,0,0,0,0,0,0,0,0,0,0,0,0,0,0,0,0,0,0,0,1,0,0,0,0,0,0,0,0,0.9971575986750684,0.9,0.8023255813953488
2021,18,giovinazzi,11,11,+1 Lap,0.0,70,giovinazzi_2021_18,0,+1 lap,classificado,False,0,0,0,0,UNKNOWN,0,0,0,0,0,0,0,0,0,0,0,0,0,0,0,0,0,0,0,0,0,0,1,0,0,0,0,0,0,0,0,0,0,0,0,0,0,1,0,0,0,0,0,0,0,0,0,0,0,0,0,0,0,0.9971575986750684,0.55,0.8023255813953488
2021,18,ricciardo,7,12,+1 Lap,0.0,70,ricciardo_2021_18,0,+1 lap,classificado,False,0,0,0,0,UNKNOWN,0,0,0,0,0,0,0,0,0,0,0,0,0,0,0,0,0,0,0,0,0,0,1,0,0,0,0,0,0,0,0,0,0,0,0,0,0,0,0,0,0,0,0,0,1,0,0,0,0,0,0,0,0,0.9971575986750684,0.35000000000000003,0.8023255813953488
2021,18,ocon,19,13,+1 Lap,0.0,70,ocon_2021_18,0,+1 lap,classificado,False,0,0,0,0,UNKNOWN,0,0,0,0,0,0,0,0,0,0,0,0,0,0,0,0,0,0,0,0,0,0,1,0,0,0,0,0,0,0,0,0,0,0,0,0,0,0,0,1,0,0,0,0,0,0,0,0,0,0,0,0,0,0.9971575986750684,0.9500000000000001,0.8023255813953488
2021,18,stroll,20,14,+2 Laps,0.0,69,stroll_2021_18,0,+2 laps,classificado,False,0,0,0,0,UNKNOWN,0,0,0,0,0,0,0,0,0,0,0,0,0,0,0,0,0,0,0,0,0,0,1,0,0,0,0,0,0,0,0,0,0,0,0,0,0,0,0,0,1,0,0,0,0,0,0,0,0,0,0,0,0,0.9020358715101766,1.0,0.7906976744186046
2021,18,bottas,1,15,+2 Laps,0.0,69,bottas_2021_18,0,+2 laps,classificado,False,0,0,0,0,UNKNOWN,0,0,0,0,0,0,0,0,0,0,0,0,0,0,0,0,0,0,0,0,0,0,1,0,0,0,0,0,0,0,0,0,0,0,0,0,0,0,0,0,0,0,0,0,0,1,0,0,0,0,0,0,0,0.9020358715101766,0.05,0.7906976744186046
2021,18,russell,16,16,+2 Laps,0.0,69,russell_2021_18,0,+2 laps,classificado,False,0,0,0,0,UNKNOWN,0,0,0,0,0,0,0,0,0,0,0,0,0,0,0,0,0,0,0,0,0,0,1,0,0,0,0,0,0,0,0,0,0,0,0,0,0,0,0,0,0,0,0,0,0,0,0,0,0,0,0,0,1,0.9020358715101766,0.8,0.7906976744186046
2021,18,latifi,13,17,+2 Laps,0.0,69,latifi_2021_18,0,+2 laps,classificado,False,0,0,0,0,UNKNOWN,0,0,0,0,0,0,0,0,0,0,0,0,0,0,0,0,0,0,0,0,0,0,1,0,0,0,0,0,0,0,0,0,0,0,0,0,0,0,0,0,0,0,0,0,0,0,0,0,0,0,0,0,1,0.9020358715101766,0.65,0.7906976744186046
2021,18,mazepin,15,18,+3 Laps,0.0,68,mazepin_2021_18,0,+3 laps,classificado,False,0,0,0,0,UNKNOWN,0,0,0,0,0,0,0,0,0,0,0,0,0,0,0,0,0,0,0,0,0,0,1,0,0,0,0,0,0,0,0,0,0,0,0,0,0,0,0,0,0,0,0,1,0,0,0,0,0,0,0,0,0,0.8069141443452847,0.75,0.7790697674418604
2021,19,hamilton,10,1,Finished,25.0,71,hamilton_2021_19,0,finished,classificado,False,0,0,0,0,UNKNOWN,0,0,0,0,0,0,0,0,0,0,0,0,0,0,0,0,0,0,0,0,0,0,0,0,0,0,0,0,0,0,0,0,0,1,0,0,0,0,0,0,0,0,0,0,0,1,0,0,0,0,0,0,0,1.0922793258399601,0.5,0.813953488372093
2021,19,max_verstappen,2,2,Finished,18.0,71,max_verstappen_2021_19,0,finished,classificado,False,0,0,0,0,UNKNOWN,0,0,0,0,0,0,0,0,0,0,0,0,0,0,0,0,0,0,0,0,0,0,0,0,0,0,0,0,0,0,0,0,0,1,0,0,0,0,0,0,0,0,0,0,0,0,0,0,1,0,0,0,0,1.0922793258399601,0.1,0.813953488372093
2021,19,bottas,1,3,Finished,15.0,71,bottas_2021_19,0,finished,classificado,False,0,0,0,0,UNKNOWN,0,0,0,0,0,0,0,0,0,0,0,0,0,0,0,0,0,0,0,0,0,0,0,0,0,0,0,0,0,0,0,0,0,1,0,0,0,0,0,0,0,0,0,0,0,1,0,0,0,0,0,0,0,1.0922793258399601,0.05,0.813953488372093
2021,19,perez,4,4,Finished,13.0,71,perez_2021_19,0,finished,classificado,False,0,0,0,0,UNKNOWN,0,0,0,0,0,0,0,0,0,0,0,0,0,0,0,0,0,0,0,0,0,0,0,0,0,0,0,0,0,0,0,0,0,1,0,0,0,0,0,0,0,0,0,0,0,0,0,0,1,0,0,0,0,1.0922793258399601,0.2,0.813953488372093
2021,19,leclerc,6,5,Finished,10.0,71,leclerc_2021_19,0,finished,classificado,False,0,0,0,0,UNKNOWN,0,0,0,0,0,0,0,0,0,0,0,0,0,0,0,0,0,0,0,0,0,0,0,0,0,0,0,0,0,0,0,0,0,1,0,0,0,0,0,0,0,1,0,0,0,0,0,0,0,0,0,0,0,1.0922793258399601,0.30000000000000004,0.813953488372093
2021,19,sainz,3,6,Finished,8.0,71,sainz_2021_19,0,finished,classificado,False,0,0,0,0,UNKNOWN,0,0,0,0,0,0,0,0,0,0,0,0,0,0,0,0,0,0,0,0,0,0,0,0,0,0,0,0,0,0,0,0,0,1,0,0,0,0,0,0,0,1,0,0,0,0,0,0,0,0,0,0,0,1.0922793258399601,0.15000000000000002,0.813953488372093
2021,19,gasly,7,7,+1 Lap,6.0,70,gasly_2021_19,0,+1 lap,classificado,False,0,0,0,0,UNKNOWN,0,0,0,0,0,0,0,0,0,0,0,0,0,0,0,0,0,0,0,0,0,0,0,0,0,0,0,0,0,0,0,0,0,1,0,0,0,0,1,0,0,0,0,0,0,0,0,0,0,0,0,0,0,0.9971575986750684,0.35000000000000003,0.8023255813953488
2021,19,ocon,8,8,+1 Lap,4.0,70,ocon_2021_19,0,+1 lap,classificado,False,0,0,0,0,UNKNOWN,0,0,0,0,0,0,0,0,0,0,0,0,0,0,0,0,0,0,0,0,0,0,0,0,0,0,0,0,0,0,0,0,0,1,0,0,0,0,0,1,0,0,0,0,0,0,0,0,0,0,0,0,0,0.9971575986750684,0.4,0.8023255813953488
2021,19,alonso,12,9,+1 Lap,2.0,70,alonso_2021_19,0,+1 lap,classificado,False,0,0,0,0,UNKNOWN,0,0,0,0,0,0,0,0,0,0,0,0,0,0,0,0,0,0,0,0,0,0,0,0,0,0,0,0,0,0,0,0,0,1,0,0,0,0,0,1,0,0,0,0,0,0,0,0,0,0,0,0,0,0.9971575986750684,0.6000000000000001,0.8023255813953488
2021,19,norris,5,10,+1 Lap,1.0,70,norris_2021_19,0,+1 lap,classificado,False,0,0,0,0,UNKNOWN,0,0,0,0,0,0,0,0,0,0,0,0,0,0,0,0,0,0,0,0,0,0,0,0,0,0,0,0,0,0,0,0,0,1,0,0,0,0,0,0,0,0,0,0,1,0,0,0,0,0,0,0,0,0.9971575986750684,0.25,0.8023255813953488
2021,19,vettel,9,11,+1 Lap,0.0,70,vettel_2021_19,0,+1 lap,classificado,False,0,0,0,0,UNKNOWN,0,0,0,0,0,0,0,0,0,0,0,0,0,0,0,0,0,0,0,0,0,0,0,0,0,0,0,0,0,0,0,0,0,1,0,0,0,0,0,0,1,0,0,0,0,0,0,0,0,0,0,0,0,0.9971575986750684,0.45,0.8023255813953488
2021,19,raikkonen,0,12,+1 Lap,0.0,70,raikkonen_2021_19,1,+1 lap,classificado,False,0,0,0,0,UNKNOWN,0,0,0,0,0,0,0,0,0,0,0,0,0,0,0,0,0,0,0,0,0,0,0,0,0,0,0,0,0,0,0,0,0,1,0,0,0,1,0,0,0,0,0,0,0,0,0,0,0,0,0,0,0,0.9971575986750684,0.0,0.8023255813953488
2021,19,russell,17,13,+1 Lap,0.0,70,russell_2021_19,0,+1 lap,classificado,False,0,0,0,0,UNKNOWN,0,0,0,0,0,0,0,0,0,0,0,0,0,0,0,0,0,0,0,0,0,0,0,0,0,0,0,0,0,0,0,0,0,1,0,0,0,0,0,0,0,0,0,0,0,0,0,0,0,0,0,0,1,0.9971575986750684,0.8500000000000001,0.8023255813953488
2021,19,giovinazzi,13,14,+1 Lap,0.0,70,giovinazzi_2021_19,0,+1 lap,classificado,False,0,0,0,0,UNKNOWN,0,0,0,0,0,0,0,0,0,0,0,0,0,0,0,0,0,0,0,0,0,0,0,0,0,0,0,0,0,0,0,0,0,1,0,0,0,1,0,0,0,0,0,0,0,0,0,0,0,0,0,0,0,0.9971575986750684,0.65,0.8023255813953488
2021,19,tsunoda,15,15,+1 Lap,0.0,70,tsunoda_2021_19,0,+1 lap,classificado,False,0,0,0,0,UNKNOWN,0,0,0,0,0,0,0,0,0,0,0,0,0,0,0,0,0,0,0,0,0,0,0,0,0,0,0,0,0,0,0,0,0,1,0,0,0,0,1,0,0,0,0,0,0,0,0,0,0,0,0,0,0,0.9971575986750684,0.75,0.8023255813953488
2021,19,latifi,16,16,+1 Lap,0.0,70,latifi_2021_19,0,+1 lap,classificado,False,0,0,0,0,UNKNOWN,0,0,0,0,0,0,0,0,0,0,0,0,0,0,0,0,0,0,0,0,0,0,0,0,0,0,0,0,0,0,0,0,0,1,0,0,0,0,0,0,0,0,0,0,0,0,0,0,0,0,0,0,1,0.9971575986750684,0.8,0.8023255813953488
2021,19,mazepin,19,17,+2 Laps,0.0,69,mazepin_2021_19,0,+2 laps,classificado,False,0,0,0,0,UNKNOWN,0,0,0,0,0,0,0,0,0,0,0,0,0,0,0,0,0,0,0,0,0,0,0,0,0,0,0,0,0,0,0,0,0,1,0,0,0,0,0,0,0,0,0,1,0,0,0,0,0,0,0,0,0,0.9020358715101766,0.9500000000000001,0.7906976744186046
2021,19,mick_schumacher,18,18,+2 Laps,0.0,69,mick_schumacher_2021_19,0,+2 laps,classificado,False,0,0,0,0,UNKNOWN,0,0,0,0,0,0,0,0,0,0,0,0,0,0,0,0,0,0,0,0,0,0,0,0,0,0,0,0,0,0,0,0,0,1,0,0,0,0,0,0,0,0,0,1,0,0,0,0,0,0,0,0,0,0.9020358715101766,0.9,0.7906976744186046
2021,20,hamilton,1,1,Finished,25.0,57,hamilton_2021_20,0,finished,classificado,False,0,0,0,0,UNKNOWN,0,0,0,0,0,0,0,0,0,0,0,0,0,0,0,0,0,0,0,0,0,0,0,0,0,0,1,0,0,0,0,0,0,0,0,0,0,0,0,0,0,0,0,0,0,1,0,0,0,0,0,0,0,-0.23942485446852518,0.05,0.6511627906976744
2021,20,max_verstappen,7,2,Finished,19.0,57,max_verstappen_2021_20,0,finished,classificado,False,0,0,0,0,UNKNOWN,0,0,0,0,0,0,0,0,0,0,0,0,0,0,0,0,0,0,0,0,0,0,0,0,0,0,1,0,0,0,0,0,0,0,0,0,0,0,0,0,0,0,0,0,0,0,0,0,1,0,0,0,0,-0.23942485446852518,0.35000000000000003,0.6511627906976744
2021,20,alonso,3,3,Finished,15.0,57,alonso_2021_20,0,finished,classificado,False,0,0,0,0,UNKNOWN,0,0,0,0,0,0,0,0,0,0,0,0,0,0,0,0,0,0,0,0,0,0,0,0,0,0,1,0,0,0,0,0,0,0,0,0,0,0,0,1,0,0,0,0,0,0,0,0,0,0,0,0,0,-0.23942485446852518,0.15000000000000002,0.6511627906976744
2021,20,perez,11,4,Finished,12.0,57,perez_2021_20,0,finished,classificado,False,0,0,0,0,UNKNOWN,0,0,0,0,0,0,0,0,0,0,0,0,0,0,0,0,0,0,0,0,0,0,0,0,0,0,1,0,0,0,0,0,0,0,0,0,0,0,0,0,0,0,0,0,0,0,0,0,1,0,0,0,0,-0.23942485446852518,0.55,0.6511627906976744
2021,20,ocon,9,5,Finished,10.0,57,ocon_2021_20,0,finished,classificado,False,0,0,0,0,UNKNOWN,0,0,0,0,0,0,0,0,0,0,0,0,0,0,0,0,0,0,0,0,0,0,0,0,0,0,1,0,0,0,0,0,0,0,0,0,0,0,0,1,0,0,0,0,0,0,0,0,0,0,0,0,0,-0.23942485446852518,0.45,0.6511627906976744
2021,20,stroll,12,6,Finished,8.0,57,stroll_2021_20,0,finished,classificado,False,0,0,0,0,UNKNOWN,0,0,0,0,0,0,0,0,0,0,0,0,0,0,0,0,0,0,0,0,0,0,0,0,0,0,1,0,0,0,0,0,0,0,0,0,0,0,0,0,1,0,0,0,0,0,0,0,0,0,0,0,0,-0.23942485446852518,0.6000000000000001,0.6511627906976744
2021,20,sainz,5,7,Finished,6.0,57,sainz_2021_20,0,finished,classificado,False,0,0,0,0,UNKNOWN,0,0,0,0,0,0,0,0,0,0,0,0,0,0,0,0,0,0,0,0,0,0,0,0,0,0,1,0,0,0,0,0,0,0,0,0,0,0,0,0,0,1,0,0,0,0,0,0,0,0,0,0,0,-0.23942485446852518,0.25,0.6511627906976744
2021,20,leclerc,13,8,Finished,4.0,57,leclerc_2021_20,0,finished,classificado,False,0,0,0,0,UNKNOWN,0,0,0,0,0,0,0,0,0,0,0,0,0,0,0,0,0,0,0,0,0,0,0,0,0,0,1,0,0,0,0,0,0,0,0,0,0,0,0,0,0,1,0,0,0,0,0,0,0,0,0,0,0,-0.23942485446852518,0.65,0.6511627906976744
2021,20,norris,4,9,+1 Lap,2.0,56,norris_2021_20,0,+1 lap,classificado,False,0,0,0,0,UNKNOWN,0,0,0,0,0,0,0,0,0,0,0,0,0,0,0,0,0,0,0,0,0,0,0,0,0,0,1,0,0,0,0,0,0,0,0,0,0,0,0,0,0,0,0,0,1,0,0,0,0,0,0,0,0,-0.334546581633417,0.2,0.6395348837209303
2021,20,vettel,10,10,+1 Lap,1.0,56,vettel_2021_20,0,+1 lap,classificado,False,0,0,0,0,UNKNOWN,0,0,0,0,0,0,0,0,0,0,0,0,0,0,0,0,0,0,0,0,0,0,0,0,0,0,1,0,0,0,0,0,0,0,0,0,0,0,0,0,1,0,0,0,0,0,0,0,0,0,0,0,0,-0.334546581633417,0.5,0.6395348837209303
2021,20,gasly,2,11,+1 Lap,0.0,56,gasly_2021_20,0,+1 lap,classificado,False,0,0,0,0,UNKNOWN,0,0,0,0,0,0,0,0,0,0,0,0,0,0,0,0,0,0,0,0,0,0,0,0,0,0,1,0,0,0,0,0,0,0,0,0,0,0,1,0,0,0,0,0,0,0,0,0,0,0,0,0,0,-0.334546581633417,0.1,0.6395348837209303
2021,20,ricciardo,14,12,+1 Lap,0.0,56,ricciardo_2021_20,0,+1 lap,classificado,False,0,0,0,0,UNKNOWN,0,0,0,0,0,0,0,0,0,0,0,0,0,0,0,0,0,0,0,0,0,0,0,0,0,0,1,0,0,0,0,0,0,0,0,0,0,0,0,0,0,0,0,0,1,0,0,0,0,0,0,0,0,-0.334546581633417,0.7000000000000001,0.6395348837209303
2021,20,tsunoda,8,13,+1 Lap,0.0,56,tsunoda_2021_20,0,+1 lap,classificado,False,0,0,0,0,UNKNOWN,0,0,0,0,0,0,0,0,0,0,0,0,0,0,0,0,0,0,0,0,0,0,0,0,0,0,1,0,0,0,0,0,0,0,0,0,0,0,1,0,0,0,0,0,0,0,0,0,0,0,0,0,0,-0.334546581633417,0.4,0.6395348837209303
2021,20,raikkonen,16,14,+1 Lap,0.0,56,raikkonen_2021_20,0,+1 lap,classificado,False,0,0,0,0,UNKNOWN,0,0,0,0,0,0,0,0,0,0,0,0,0,0,0,0,0,0,0,0,0,0,0,0,0,0,1,0,0,0,0,0,0,0,0,0,0,1,0,0,0,0,0,0,0,0,0,0,0,0,0,0,0,-0.334546581633417,0.8,0.6395348837209303
2021,20,giovinazzi,18,15,+1 Lap,0.0,56,giovinazzi_2021_20,0,+1 lap,classificado,False,0,0,0,0,UNKNOWN,0,0,0,0,0,0,0,0,0,0,0,0,0,0,0,0,0,0,0,0,0,0,0,0,0,0,1,0,0,0,0,0,0,0,0,0,0,1,0,0,0,0,0,0,0,0,0,0,0,0,0,0,0,-0.334546581633417,0.9,0.6395348837209303
2021,20,mick_schumacher,19,16,+1 Lap,0.0,56,mick_schumacher_2021_20,0,+1 lap,classificado,False,0,0,0,0,UNKNOWN,0,0,0,0,0,0,0,0,0,0,0,0,0,0,0,0,0,0,0,0,0,0,0,0,0,0,1,0,0,0,0,0,0,0,0,0,0,0,0,0,0,0,0,1,0,0,0,0,0,0,0,0,0,-0.334546581633417,0.9500000000000001,0.6395348837209303
2021,20,russell,15,17,+2 Laps,0.0,55,russell_2021_20,0,+2 laps,classificado,False,0,0,0,0,UNKNOWN,0,0,0,0,0,0,0,0,0,0,0,0,0,0,0,0,0,0,0,0,0,0,0,0,0,0,1,0,0,0,0,0,0,0,0,0,0,0,0,0,0,0,0,0,0,0,0,0,0,0,0,0,1,-0.4296683087983088,0.75,0.627906976744186
2021,20,mazepin,20,18,+2 Laps,0.0,55,mazepin_2021_20,0,+2 laps,classificado,False,0,0,0,0,UNKNOWN,0,0,0,0,0,0,0,0,0,0,0,0,0,0,0,0,0,0,0,0,0,0,0,0,0,0,1,0,0,0,0,0,0,0,0,0,0,0,0,0,0,0,0,1,0,0,0,0,0,0,0,0,0,-0.4296683087983088,1.0,0.627906976744186
2021,21,hamilton,1,1,Finished,26.0,50,hamilton_2021_21,0,finished,classificado,False,0,0,0,0,UNKNOWN,0,0,0,0,0,0,0,0,0,0,0,0,0,0,0,0,0,0,0,0,0,0,0,0,0,0,0,0,0,1,0,0,0,0,0,0,0,0,0,0,0,0,0,0,0,1,0,0,0,0,0,0,0,-0.9052769446227679,0.05,0.5697674418604651
2021,21,max_verstappen,3,2,Finished,18.0,50,max_verstappen_2021_21,0,finished,classificado,False,0,0,0,0,UNKNOWN,0,0,0,0,0,0,0,0,0,0,0,0,0,0,0,0,0,0,0,0,0,0,0,0,0,0,0,0,0,1,0,0,0,0,0,0,0,0,0,0,0,0,0,0,0,0,0,0,1,0,0,0,0,-0.9052769446227679,0.15000000000000002,0.5697674418604651
2021,21,bottas,2,3,Finished,15.0,50,bottas_2021_21,0,finished,classificado,False,0,0,0,0,UNKNOWN,0,0,0,0,0,0,0,0,0,0,0,0,0,0,0,0,0,0,0,0,0,0,0,0,0,0,0,0,0,1,0,0,0,0,0,0,0,0,0,0,0,0,0,0,0,1,0,0,0,0,0,0,0,-0.9052769446227679,0.1,0.5697674418604651
2021,21,ocon,9,4,Finished,12.0,50,ocon_2021_21,0,finished,classificado,False,0,0,0,0,UNKNOWN,0,0,0,0,0,0,0,0,0,0,0,0,0,0,0,0,0,0,0,0,0,0,0,0,0,0,0,0,0,1,0,0,0,0,0,0,0,0,0,1,0,0,0,0,0,0,0,0,0,0,0,0,0,-0.9052769446227679,0.45,0.5697674418604651
2021,21,ricciardo,11,5,Finished,10.0,50,ricciardo_2021_21,0,finished,classificado,False,0,0,0,0,UNKNOWN,0,0,0,0,0,0,0,0,0,0,0,0,0,0,0,0,0,0,0,0,0,0,0,0,0,0,0,0,0,1,0,0,0,0,0,0,0,0,0,0,0,0,0,0,1,0,0,0,0,0,0,0,0,-0.9052769446227679,0.55,0.5697674418604651
2021,21,gasly,6,6,Finished,8.0,50,gasly_2021_21,0,finished,classificado,False,0,0,0,0,UNKNOWN,0,0,0,0,0,0,0,0,0,0,0,0,0,0,0,0,0,0,0,0,0,0,0,0,0,0,0,0,0,1,0,0,0,0,0,0,0,0,1,0,0,0,0,0,0,0,0,0,0,0,0,0,0,-0.9052769446227679,0.30000000000000004,0.5697674418604651
2021,21,leclerc,4,7,Finished,6.0,50,leclerc_2021_21,0,finished,classificado,False,0,0,0,0,UNKNOWN,0,0,0,0,0,0,0,0,0,0,0,0,0,0,0,0,0,0,0,0,0,0,0,0,0,0,0,0,0,1,0,0,0,0,0,0,0,0,0,0,0,1,0,0,0,0,0,0,0,0,0,0,0,-0.9052769446227679,0.2,0.5697674418604651
2021,21,sainz,15,8,Finished,4.0,50,sainz_2021_21,0,finished,classificado,False,0,0,0,0,UNKNOWN,0,0,0,0,0,0,0,0,0,0,0,0,0,0,0,0,0,0,0,0,0,0,0,0,0,0,0,0,0,1,0,0,0,0,0,0,0,0,0,0,0,1,0,0,0,0,0,0,0,0,0,0,0,-0.9052769446227679,0.75,0.5697674418604651
2021,21,giovinazzi,10,9,Finished,2.0,50,giovinazzi_2021_21,0,finished,classificado,False,0,0,0,0,UNKNOWN,0,0,0,0,0,0,0,0,0,0,0,0,0,0,0,0,0,0,0,0,0,0,0,0,0,0,0,0,0,1,0,0,0,0,0,0,0,1,0,0,0,0,0,0,0,0,0,0,0,0,0,0,0,-0.9052769446227679,0.5,0.5697674418604651
2021,21,norris,7,10,Finished,1.0,50,norris_2021_21,0,finished,classificado,False,0,0,0,0,UNKNOWN,0,0,0,0,0,0,0,0,0,0,0,0,0,0,0,0,0,0,0,0,0,0,0,0,0,0,0,0,0,1,0,0,0,0,0,0,0,0,0,0,0,0,0,0,1,0,0,0,0,0,0,0,0,-0.9052769446227679,0.35000000000000003,0.5697674418604651
2021,21,stroll,18,11,Finished,0.0,50,stroll_2021_21,0,finished,classificado,False,0,0,0,0,UNKNOWN,0,0,0,0,0,0,0,0,0,0,0,0,0,0,0,0,0,0,0,0,0,0,0,0,0,0,0,0,0,1,0,0,0,0,0,0,0,0,0,0,1,0,0,0,0,0,0,0,0,0,0,0,0,-0.9052769446227679,0.9,0.5697674418604651
2021,21,latifi,16,12,Finished,0.0,50,latifi_2021_21,0,finished,classificado,False,0,0,0,0,UNKNOWN,0,0,0,0,0,0,0,0,0,0,0,0,0,0,0,0,0,0,0,0,0,0,0,0,0,0,0,0,0,1,0,0,0,0,0,0,0,0,0,0,0,0,0,0,0,0,0,0,0,0,0,0,1,-0.9052769446227679,0.8,0.5697674418604651
2021,21,alonso,13,13,+1 Lap,0.0,49,alonso_2021_21,0,+1 lap,classificado,False,0,0,0,0,UNKNOWN,0,0,0,0,0,0,0,0,0,0,0,0,0,0,0,0,0,0,0,0,0,0,0,0,0,0,0,0,0,1,0,0,0,0,0,0,0,0,0,1,0,0,0,0,0,0,0,0,0,0,0,0,0,-1.0003986717876596,0.65,0.5581395348837209
2021,21,tsunoda,8,14,+1 Lap,0.0,49,tsunoda_2021_21,0,+1 lap,classificado,False,0,0,0,0,UNKNOWN,0,0,0,0,0,0,0,0,0,0,0,0,0,0,0,0,0,0,0,0,0,0,0,0,0,0,0,0,0,1,0,0,0,0,0,0,0,0,1,0,0,0,0,0,0,0,0,0,0,0,0,0,0,-1.0003986717876596,0.4,0.5581395348837209
2021,21,raikkonen,12,15,+1 Lap,0.0,49,raikkonen_2021_21,0,+1 lap,classificado,False,0,0,0,0,UNKNOWN,0,0,0,0,0,0,0,0,0,0,0,0,0,0,0,0,0,0,0,0,0,0,0,0,0,0,0,0,0,1,0,0,0,0,0,0,0,1,0,0,0,0,0,0,0,0,0,0,0,0,0,0,0,-1.0003986717876596,0.6000000000000001,0.5581395348837209
2021,22,max_verstappen,1,1,Finished,26.0,58,max_verstappen_2021_22,0,finished,classificado,False,0,0,0,0,UNKNOWN,0,0,1,0,0,0,0,0,0,0,0,0,0,0,0,0,0,0,0,0,0,0,0,0,0,0,0,0,0,0,0,0,0,0,0,0,0,0,0,0,0,0,0,0,0,0,0,0,1,0,0,0,0,-0.14430312730363337,0.05,0.6627906976744186
2021,22,hamilton,2,2,Finished,18.0,58,hamilton_2021_22,0,finished,classificado,False,0,0,0,0,UNKNOWN,0,0,1,0,0,0,0,0,0,0,0,0,0,0,0,0,0,0,0,0,0,0,0,0,0,0,0,0,0,0,0,0,0,0,0,0,0,0,0,0,0,0,0,0,0,1,0,0,0,0,0,0,0,-0.14430312730363337,0.1,0.6627906976744186
2021,22,sainz,5,3,Finished,15.0,58,sainz_2021_22,0,finished,classificado,False,0,0,0,0,UNKNOWN,0,0,1,0,0,0,0,0,0,0,0,0,0,0,0,0,0,0,0,0,0,0,0,0,0,0,0,0,0,0,0,0,0,0,0,0,0,0,0,0,0,1,0,0,0,0,0,0,0,0,0,0,0,-0.14430312730363337,0.25,0.6627906976744186
2021,22,tsunoda,8,4,Finished,12.0,58,tsunoda_2021_22,0,finished,classificado,False,0,0,0,0,UNKNOWN,0,0,1,0,0,0,0,0,0,0,0,0,0,0,0,0,0,0,0,0,0,0,0,0,0,0,0,0,0,0,0,0,0,0,0,0,0,0,1,0,0,0,0,0,0,0,0,0,0,0,0,0,0,-0.14430312730363337,0.4,0.6627906976744186
2021,22,gasly,12,5,Finished,10.0,58,gasly_2021_22,0,finished,classificado,False,0,0,0,0,UNKNOWN,0,0,1,0,0,0,0,0,0,0,0,0,0,0,0,0,0,0,0,0,0,0,0,0,0,0,0,0,0,0,0,0,0,0,0,0,0,0,1,0,0,0,0,0,0,0,0,0,0,0,0,0,0,-0.14430312730363337,0.6000000000000001,0.6627906976744186
2021,22,bottas,6,6,Finished,8.0,58,bottas_2021_22,0,finished,classificado,False,0,0,0,0,UNKNOWN,0,0,1,0,0,0,0,0,0,0,0,0,0,0,0,0,0,0,0,0,0,0,0,0,0,0,0,0,0,0,0,0,0,0,0,0,0,0,0,0,0,0,0,0,0,1,0,0,0,0,0,0,0,-0.14430312730363337,0.30000000000000004,0.6627906976744186
2021,22,norris,3,7,Finished,6.0,58,norris_2021_22,0,finished,classificado,False,0,0,0,0,UNKNOWN,0,0,1,0,0,0,0,0,0,0,0,0,0,0,0,0,0,0,0,0,0,0,0,0,0,0,0,0,0,0,0,0,0,0,0,0,0,0,0,0,0,0,0,0,1,0,0,0,0,0,0,0,0,-0.14430312730363337,0.15000000000000002,0.6627906976744186
2021,22,alonso,11,8,Finished,4.0,58,alonso_2021_22,0,finished,classificado,False,0,0,0,0,UNKNOWN,0,0,1,0,0,0,0,0,0,0,0,0,0,0,0,0,0,0,0,0,0,0,0,0,0,0,0,0,0,0,0,0,0,0,0,0,0,0,0,1,0,0,0,0,0,0,0,0,0,0,0,0,0,-0.14430312730363337,0.55,0.6627906976744186
2021,22,ocon,9,9,Finished,2.0,58,ocon_2021_22,0,finished,classificado,False,0,0,0,0,UNKNOWN,0,0,1,0,0,0,0,0,0,0,0,0,0,0,0,0,0,0,0,0,0,0,0,0,0,0,0,0,0,0,0,0,0,0,0,0,0,0,0,1,0,0,0,0,0,0,0,0,0,0,0,0,0,-0.14430312730363337,0.45,0.6627906976744186
2021,22,leclerc,7,10,Finished,1.0,58,leclerc_2021_22,0,finished,classificado,False,0,0,0,0,UNKNOWN,0,0,1,0,0,0,0,0,0,0,0,0,0,0,0,0,0,0,0,0,0,0,0,0,0,0,0,0,0,0,0,0,0,0,0,0,0,0,0,0,0,1,0,0,0,0,0,0,0,0,0,0,0,-0.14430312730363337,0.35000000000000003,0.6627906976744186
2021,22,vettel,15,11,Finished,0.0,58,vettel_2021_22,0,finished,classificado,False,0,0,0,0,UNKNOWN,0,0,1,0,0,0,0,0,0,0,0,0,0,0,0,0,0,0,0,0,0,0,0,0,0,0,0,0,0,0,0,0,0,0,0,0,0,0,0,0,1,0,0,0,0,0,0,0,0,0,0,0,0,-0.14430312730363337,0.75,0.6627906976744186
2021,22,ricciardo,10,12,+1 Lap,0.0,57,ricciardo_2021_22,0,+1 lap,classificado,False,0,0,0,0,UNKNOWN,0,0,1,0,0,0,0,0,0,0,0,0,0,0,0,0,0,0,0,0,0,0,0,0,0,0,0,0,0,0,0,0,0,0,0,0,0,0,0,0,0,0,0,0,1,0,0,0,0,0,0,0,0,-0.23942485446852518,0.5,0.6511627906976744
2021,22,stroll,13,13,+1 Lap,0.0,57,stroll_2021_22,0,+1 lap,classificado,False,0,0,0,0,UNKNOWN,0,0,1,0,0,0,0,0,0,0,0,0,0,0,0,0,0,0,0,0,0,0,0,0,0,0,0,0,0,0,0,0,0,0,0,0,0,0,0,0,1,0,0,0,0,0,0,0,0,0,0,0,0,-0.23942485446852518,0.65,0.6511627906976744
2021,22,mick_schumacher,19,14,+1 Lap,0.0,57,mick_schumacher_2021_22,0,+1 lap,classificado,False,0,0,0,0,UNKNOWN,0,0,1,0,0,0,0,0,0,0,0,0,0,0,0,0,0,0,0,0,0,0,0,0,0,0,0,0,0,0,0,0,0,0,0,0,0,0,0,0,0,0,0,1,0,0,0,0,0,0,0,0,0,-0.23942485446852518,0.9500000000000001,0.6511627906976744
2022,1,leclerc,1,1,Finished,26.0,57,leclerc_2022_1,0,finished,classificado,False,0,0,0,0,UNKNOWN,0,0,0,0,0,0,1,0,0,0,0,0,0,0,0,0,0,0,0,0,0,0,0,0,0,0,0,0,0,0,0,0,0,0,0,0,0,0,0,0,0,1,0,0,0,0,0,0,0,0,0,0,0,-0.23942485446852518,0.05,0.6511627906976744
2022,1,sainz,3,2,Finished,18.0,57,sainz_2022_1,0,finished,classificado,False,0,0,0,0,UNKNOWN,0,0,0,0,0,0,1,0,0,0,0,0,0,0,0,0,0,0,0,0,0,0,0,0,0,0,0,0,0,0,0,0,0,0,0,0,0,0,0,0,0,1,0,0,0,0,0,0,0,0,0,0,0,-0.23942485446852518,0.15000000000000002,0.6511627906976744
2022,1,hamilton,5,3,Finished,15.0,57,hamilton_2022_1,0,finished,classificado,False,0,0,0,0,UNKNOWN,0,0,0,0,0,0,1,0,0,0,0,0,0,0,0,0,0,0,0,0,0,0,0,0,0,0,0,0,0,0,0,0,0,0,0,0,0,0,0,0,0,0,0,0,0,1,0,0,0,0,0,0,0,-0.23942485446852518,0.25,0.6511627906976744
2022,1,russell,9,4,Finished,12.0,57,russell_2022_1,0,finished,classificado,False,0,0,0,0,UNKNOWN,0,0,0,0,0,0,1,0,0,0,0,0,0,0,0,0,0,0,0,0,0,0,0,0,0,0,0,0,0,0,0,0,0,0,0,0,0,0,0,0,0,0,0,0,0,1,0,0,0,0,0,0,0,-0.23942485446852518,0.45,0.6511627906976744
2022,1,kevin_magnussen,7,5,Finished,10.0,57,kevin_magnussen_2022_1,0,finished,classificado,False,0,0,0,0,UNKNOWN,0,0,0,0,0,0,1,0,0,0,0,0,0,0,0,0,0,0,0,0,0,0,0,0,0,0,0,0,0,0,0,0,0,0,0,0,0,0,0,0,0,0,0,1,0,0,0,0,0,0,0,0,0,-0.23942485446852518,0.35000000000000003,0.6511627906976744
2022,1,bottas,6,6,Finished,8.0,57,bottas_2022_1,0,finished,classificado,False,0,0,0,0,UNKNOWN,0,0,0,0,0,0,1,0,0,0,0,0,0,0,0,0,0,0,0,0,0,0,0,0,0,0,0,0,0,0,0,0,0,0,0,0,0,1,0,0,0,0,0,0,0,0,0,0,0,0,0,0,0,-0.23942485446852518,0.30000000000000004,0.6511627906976744
2022,1,ocon,11,7,Finished,6.0,57,ocon_2022_1,0,finished,classificado,False,0,0,0,0,UNKNOWN,0,0,0,0,0,0,1,0,0,0,0,0,0,0,0,0,0,0,0,0,0,0,0,0,0,0,0,0,0,0,0,0,0,0,0,0,0,0,0,1,0,0,0,0,0,0,0,0,0,0,0,0,0,-0.23942485446852518,0.55,0.6511627906976744
2022,1,tsunoda,16,8,Finished,4.0,57,tsunoda_2022_1,0,finished,classificado,False,0,0,0,0,UNKNOWN,0,0,0,0,0,0,1,0,0,0,0,0,0,0,0,0,0,0,0,0,0,0,0,0,0,0,0,0,0,0,0,0,0,0,0,0,0,0,1,0,0,0,0,0,0,0,0,0,0,0,0,0,0,-0.23942485446852518,0.8,0.6511627906976744
2022,1,alonso,8,9,Finished,2.0,57,alonso_2022_1,0,finished,classificado,False,0,0,0,0,UNKNOWN,0,0,0,0,0,0,1,0,0,0,0,0,0,0,0,0,0,0,0,0,0,0,0,0,0,0,0,0,0,0,0,0,0,0,0,0,0,0,0,1,0,0,0,0,0,0,0,0,0,0,0,0,0,-0.23942485446852518,0.4,0.6511627906976744
2022,1,zhou,15,10,Finished,1.0,57,zhou_2022_1,0,finished,classificado,False,0,0,0,0,UNKNOWN,0,0,0,0,0,0,1,0,0,0,0,0,0,0,0,0,0,0,0,0,0,0,0,0,0,0,0,0,0,0,0,0,0,0,0,0,0,1,0,0,0,0,0,0,0,0,0,0,0,0,0,0,0,-0.23942485446852518,0.75,0.6511627906976744
2022,1,mick_schumacher,12,11,Finished,0.0,57,mick_schumacher_2022_1,0,finished,classificado,False,0,0,0,0,UNKNOWN,0,0,0,0,0,0,1,0,0,0,0,0,0,0,0,0,0,0,0,0,0,0,0,0,0,0,0,0,0,0,0,0,0,0,0,0,0,0,0,0,0,0,0,1,0,0,0,0,0,0,0,0,0,-0.23942485446852518,0.6000000000000001,0.6511627906976744
2022,1,stroll,19,12,Finished,0.0,57,stroll_2022_1,0,finished,classificado,False,0,0,0,0,UNKNOWN,0,0,0,0,0,0,1,0,0,0,0,0,0,0,0,0,0,0,0,0,0,0,0,0,0,0,0,0,0,0,0,0,0,0,0,0,0,0,0,0,1,0,0,0,0,0,0,0,0,0,0,0,0,-0.23942485446852518,0.9500000000000001,0.6511627906976744
2022,1,albon,14,13,Finished,0.0,57,albon_2022_1,0,finished,classificado,False,0,0,0,0,UNKNOWN,0,0,0,0,0,0,1,0,0,0,0,0,0,0,0,0,0,0,0,0,0,0,0,0,0,0,0,0,0,0,0,0,0,0,0,0,0,0,0,0,0,0,0,0,0,0,0,0,0,0,0,0,1,-0.23942485446852518,0.7000000000000001,0.6511627906976744
2022,1,ricciardo,18,14,Finished,0.0,57,ricciardo_2022_1,0,finished,classificado,False,0,0,0,0,UNKNOWN,0,0,0,0,0,0,1,0,0,0,0,0,0,0,0,0,0,0,0,0,0,0,0,0,0,0,0,0,0,0,0,0,0,0,0,0,0,0,0,0,0,0,0,0,1,0,0,0,0,0,0,0,0,-0.23942485446852518,0.9,0.6511627906976744
2022,1,norris,13,15,Finished,0.0,57,norris_2022_1,0,finished,classificado,False,0,0,0,0,UNKNOWN,0,0,0,0,0,0,1,0,0,0,0,0,0,0,0,0,0,0,0,0,0,0,0,0,0,0,0,0,0,0,0,0,0,0,0,0,0,0,0,0,0,0,0,0,1,0,0,0,0,0,0,0,0,-0.23942485446852518,0.65,0.6511627906976744
2022,1,latifi,20,16,Finished,0.0,57,latifi_2022_1,0,finished,classificado,False,0,0,0,0,UNKNOWN,0,0,0,0,0,0,1,0,0,0,0,0,0,0,0,0,0,0,0,0,0,0,0,0,0,0,0,0,0,0,0,0,0,0,0,0,0,0,0,0,0,0,0,0,0,0,0,0,0,0,0,0,1,-0.23942485446852518,1.0,0.6511627906976744
2022,1,hulkenberg,17,17,Finished,0.0,57,hulkenberg_2022_1,0,finished,classificado,False,0,0,0,0,UNKNOWN,0,0,0,0,0,0,1,0,0,0,0,0,0,0,0,0,0,0,0,0,0,0,0,0,0,0,0,0,0,0,0,0,0,0,0,0,0,0,0,0,1,0,0,0,0,0,0,0,0,0,0,0,0,-0.23942485446852518,0.8500000000000001,0.6511627906976744
2022,2,max_verstappen,4,1,Finished,25.0,50,max_verstappen_2022_2,0,finished,classificado,False,0,0,0,0,UNKNOWN,0,0,0,0,0,0,0,0,0,0,0,0,0,0,0,0,0,0,0,0,0,0,0,0,0,0,0,0,0,1,0,0,0,0,0,0,0,0,0,0,0,0,0,0,0,0,0,0,1,0,0,0,0,-0.9052769446227679,0.2,0.5697674418604651
2022,2,leclerc,2,2,Finished,19.0,50,leclerc_2022_2,0,finished,classificado,False,0,0,0,0,UNKNOWN,0,0,0,0,0,0,0,0,0,0,0,0,0,0,0,0,0,0,0,0,0,0,0,0,0,0,0,0,0,1,0,0,0,0,0,0,0,0,0,0,0,1,0,0,0,0,0,0,0,0,0,0,0,-0.9052769446227679,0.1,0.5697674418604651
2022,2,sainz,3,3,Finished,15.0,50,sainz_2022_2,0,finished,classificado,False,0,0,0,0,UNKNOWN,0,0,0,0,0,0,0,0,0,0,0,0,0,0,0,0,0,0,0,0,0,0,0,0,0,0,0,0,0,1,0,0,0,0,0,0,0,0,0,0,0,1,0,0,0,0,0,0,0,0,0,0,0,-0.9052769446227679,0.15000000000000002,0.5697674418604651
2022,2,perez,1,4,Finished,12.0,50,perez_2022_2,0,finished,classificado,False,0,0,0,0,UNKNOWN,0,0,0,0,0,0,0,0,0,0,0,0,0,0,0,0,0,0,0,0,0,0,0,0,0,0,0,0,0,1,0,0,0,0,0,0,0,0,0,0,0,0,0,0,0,0,0,0,1,0,0,0,0,-0.9052769446227679,0.05,0.5697674418604651
2022,2,russell,6,5,Finished,10.0,50,russell_2022_2,0,finished,classificado,False,0,0,0,0,UNKNOWN,0,0,0,0,0,0,0,0,0,0,0,0,0,0,0,0,0,0,0,0,0,0,0,0,0,0,0,0,0,1,0,0,0,0,0,0,0,0,0,0,0,0,0,0,0,1,0,0,0,0,0,0,0,-0.9052769446227679,0.30000000000000004,0.5697674418604651
2022,2,ocon,5,6,Finished,8.0,50,ocon_2022_2,0,finished,classificado,False,0,0,0,0,UNKNOWN,0,0,0,0,0,0,0,0,0,0,0,0,0,0,0,0,0,0,0,0,0,0,0,0,0,0,0,0,0,1,0,0,0,0,0,0,0,0,0,1,0,0,0,0,0,0,0,0,0,0,0,0,0,-0.9052769446227679,0.25,0.5697674418604651
2022,2,norris,11,7,Finished,6.0,50,norris_2022_2,0,finished,classificado,False,0,0,0,0,UNKNOWN,0,0,0,0,0,0,0,0,0,0,0,0,0,0,0,0,0,0,0,0,0,0,0,0,0,0,0,0,0,1,0,0,0,0,0,0,0,0,0,0,0,0,0,0,1,0,0,0,0,0,0,0,0,-0.9052769446227679,0.55,0.5697674418604651
2022,2,gasly,9,8,Finished,4.0,50,gasly_2022_2,0,finished,classificado,False,0,0,0,0,UNKNOWN,0,0,0,0,0,0,0,0,0,0,0,0,0,0,0,0,0,0,0,0,0,0,0,0,0,0,0,0,0,1,0,0,0,0,0,0,0,0,1,0,0,0,0,0,0,0,0,0,0,0,0,0,0,-0.9052769446227679,0.45,0.5697674418604651
2022,2,kevin_magnussen,10,9,Finished,2.0,50,kevin_magnussen_2022_2,0,finished,classificado,False,0,0,0,0,UNKNOWN,0,0,0,0,0,0,0,0,0,0,0,0,0,0,0,0,0,0,0,0,0,0,0,0,0,0,0,0,0,1,0,0,0,0,0,0,0,0,0,0,0,0,0,1,0,0,0,0,0,0,0,0,0,-0.9052769446227679,0.5,0.5697674418604651
2022,2,hamilton,15,10,Finished,1.0,50,hamilton_2022_2,0,finished,classificado,False,0,0,0,0,UNKNOWN,0,0,0,0,0,0,0,0,0,0,0,0,0,0,0,0,0,0,0,0,0,0,0,0,0,0,0,0,0,1,0,0,0,0,0,0,0,0,0,0,0,0,0,0,0,1,0,0,0,0,0,0,0,-0.9052769446227679,0.75,0.5697674418604651
2022,2,zhou,12,11,Finished,0.0,50,zhou_2022_2,0,finished,classificado,False,0,0,0,0,UNKNOWN,0,0,0,0,0,0,0,0,0,0,0,0,0,0,0,0,0,0,0,0,0,0,0,0,0,0,0,0,0,1,0,0,0,0,0,0,0,1,0,0,0,0,0,0,0,0,0,0,0,0,0,0,0,-0.9052769446227679,0.6000000000000001,0.5697674418604651
2022,2,hulkenberg,17,12,Finished,0.0,50,hulkenberg_2022_2,0,finished,classificado,False,0,0,0,0,UNKNOWN,0,0,0,0,0,0,0,0,0,0,0,0,0,0,0,0,0,0,0,0,0,0,0,0,0,0,0,0,0,1,0,0,0,0,0,0,0,0,0,0,1,0,0,0,0,0,0,0,0,0,0,0,0,-0.9052769446227679,0.8500000000000001,0.5697674418604651
2022,2,stroll,13,13,+1 Lap,0.0,49,stroll_2022_2,0,+1 lap,classificado,False,0,0,0,0,UNKNOWN,0,0,0,0,0,0,0,0,0,0,0,0,0,0,0,0,0,0,0,0,0,0,0,0,0,0,0,0,0,1,0,0,0,0,0,0,0,0,0,0,1,0,0,0,0,0,0,0,0,0,0,0,0,-1.0003986717876596,0.65,0.5581395348837209
2022,3,leclerc,1,1,Finished,26.0,58,leclerc_2022_3,0,finished,classificado,False,0,0,0,0,UNKNOWN,0,0,0,1,0,0,0,0,0,0,0,0,0,0,0,0,0,0,0,0,0,0,0,0,0,0,0,0,0,0,0,0,0,0,0,0,0,0,0,0,0,1,0,0,0,0,0,0,0,0,0,0,0,-0.14430312730363337,0.05,0.6627906976744186
2022,3,perez,3,2,Finished,18.0,58,perez_2022_3,0,finished,classificado,False,0,0,0,0,UNKNOWN,0,0,0,1,0,0,0,0,0,0,0,0,0,0,0,0,0,0,0,0,0,0,0,0,0,0,0,0,0,0,0,0,0,0,0,0,0,0,0,0,0,0,0,0,0,0,0,0,1,0,0,0,0,-0.14430312730363337,0.15000000000000002,0.6627906976744186
2022,3,russell,6,3,Finished,15.0,58,russell_2022_3,0,finished,classificado,False,0,0,0,0,UNKNOWN,0,0,0,1,0,0,0,0,0,0,0,0,0,0,0,0,0,0,0,0,0,0,0,0,0,0,0,0,0,0,0,0,0,0,0,0,0,0,0,0,0,0,0,0,0,1,0,0,0,0,0,0,0,-0.14430312730363337,0.30000000000000004,0.6627906976744186
2022,3,hamilton,5,4,Finished,12.0,58,hamilton_2022_3,0,finished,classificado,False,0,0,0,0,UNKNOWN,0,0,0,1,0,0,0,0,0,0,0,0,0,0,0,0,0,0,0,0,0,0,0,0,0,0,0,0,0,0,0,0,0,0,0,0,0,0,0,0,0,0,0,0,0,1,0,0,0,0,0,0,0,-0.14430312730363337,0.25,0.6627906976744186
2022,3,norris,4,5,Finished,10.0,58,norris_2022_3,0,finished,classificado,False,0,0,0,0,UNKNOWN,0,0,0,1,0,0,0,0,0,0,0,0,0,0,0,0,0,0,0,0,0,0,0,0,0,0,0,0,0,0,0,0,0,0,0,0,0,0,0,0,0,0,0,0,1,0,0,0,0,0,0,0,0,-0.14430312730363337,0.2,0.6627906976744186
2022,3,ricciardo,7,6,Finished,8.0,58,ricciardo_2022_3,0,finished,classificado,False,0,0,0,0,UNKNOWN,0,0,0,1,0,0,0,0,0,0,0,0,0,0,0,0,0,0,0,0,0,0,0,0,0,0,0,0,0,0,0,0,0,0,0,0,0,0,0,0,0,0,0,0,1,0,0,0,0,0,0,0,0,-0.14430312730363337,0.35000000000000003,0.6627906976744186
2022,3,ocon,8,7,Finished,6.0,58,ocon_2022_3,0,finished,classificado,False,0,0,0,0,UNKNOWN,0,0,0,1,0,0,0,0,0,0,0,0,0,0,0,0,0,0,0,0,0,0,0,0,0,0,0,0,0,0,0,0,0,0,0,0,0,0,0,1,0,0,0,0,0,0,0,0,0,0,0,0,0,-0.14430312730363337,0.4,0.6627906976744186
2022,3,bottas,12,8,Finished,4.0,58,bottas_2022_3,0,finished,classificado,False,0,0,0,0,UNKNOWN,0,0,0,1,0,0,0,0,0,0,0,0,0,0,0,0,0,0,0,0,0,0,0,0,0,0,0,0,0,0,0,0,0,0,0,0,0,1,0,0,0,0,0,0,0,0,0,0,0,0,0,0,0,-0.14430312730363337,0.6000000000000001,0.6627906976744186
2022,3,gasly,11,9,Finished,2.0,58,gasly_2022_3,0,finished,classificado,False,0,0,0,0,UNKNOWN,0,0,0,1,0,0,0,0,0,0,0,0,0,0,0,0,0,0,0,0,0,0,0,0,0,0,0,0,0,0,0,0,0,0,0,0,0,0,1,0,0,0,0,0,0,0,0,0,0,0,0,0,0,-0.14430312730363337,0.55,0.6627906976744186
2022,3,albon,20,10,Finished,1.0,58,albon_2022_3,0,finished,classificado,False,0,0,0,0,UNKNOWN,0,0,0,1,0,0,0,0,0,0,0,0,0,0,0,0,0,0,0,0,0,0,0,0,0,0,0,0,0,0,0,0,0,0,0,0,0,0,0,0,0,0,0,0,0,0,0,0,0,0,0,0,1,-0.14430312730363337,1.0,0.6627906976744186
2022,3,zhou,14,11,Finished,0.0,58,zhou_2022_3,0,finished,classificado,False,0,0,0,0,UNKNOWN,0,0,0,1,0,0,0,0,0,0,0,0,0,0,0,0,0,0,0,0,0,0,0,0,0,0,0,0,0,0,0,0,0,0,0,0,0,1,0,0,0,0,0,0,0,0,0,0,0,0,0,0,0,-0.14430312730363337,0.7000000000000001,0.6627906976744186
2022,3,stroll,19,12,Finished,0.0,58,stroll_2022_3,0,finished,classificado,False,0,0,0,0,UNKNOWN,0,0,0,1,0,0,0,0,0,0,0,0,0,0,0,0,0,0,0,0,0,0,0,0,0,0,0,0,0,0,0,0,0,0,0,0,0,0,0,0,1,0,0,0,0,0,0,0,0,0,0,0,0,-0.14430312730363337,0.9500000000000001,0.6627906976744186
2022,3,mick_schumacher,15,13,+1 Lap,0.0,57,mick_schumacher_2022_3,0,+1 lap,classificado,False,0,0,0,0,UNKNOWN,0,0,0,1,0,0,0,0,0,0,0,0,0,0,0,0,0,0,0,0,0,0,0,0,0,0,0,0,0,0,0,0,0,0,0,0,0,0,0,0,0,0,0,1,0,0,0,0,0,0,0,0,0,-0.23942485446852518,0.75,0.6511627906976744
2022,3,kevin_magnussen,16,14,+1 Lap,0.0,57,kevin_magnussen_2022_3,0,+1 lap,classificado,False,0,0,0,0,UNKNOWN,0,0,0,1,0,0,0,0,0,0,0,0,0,0,0,0,0,0,0,0,0,0,0,0,0,0,0,0,0,0,0,0,0,0,0,0,0,0,0,0,0,0,0,1,0,0,0,0,0,0,0,0,0,-0.23942485446852518,0.8,0.6511627906976744
2022,3,tsunoda,13,15,+1 Lap,0.0,57,tsunoda_2022_3,0,+1 lap,classificado,False,0,0,0,0,UNKNOWN,0,0,0,1,0,0,0,0,0,0,0,0,0,0,0,0,0,0,0,0,0,0,0,0,0,0,0,0,0,0,0,0,0,0,0,0,0,0,1,0,0,0,0,0,0,0,0,0,0,0,0,0,0,-0.23942485446852518,0.65,0.6511627906976744
2022,3,latifi,18,16,+1 Lap,0.0,57,latifi_2022_3,0,+1 lap,classificado,False,0,0,0,0,UNKNOWN,0,0,0,1,0,0,0,0,0,0,0,0,0,0,0,0,0,0,0,0,0,0,0,0,0,0,0,0,0,0,0,0,0,0,0,0,0,0,0,0,0,0,0,0,0,0,0,0,0,0,0,0,1,-0.23942485446852518,0.9,0.6511627906976744
2022,3,alonso,10,17,+1 Lap,0.0,57,alonso_2022_3,0,+1 lap,classificado,False,0,0,0,0,UNKNOWN,0,0,0,1,0,0,0,0,0,0,0,0,0,0,0,0,0,0,0,0,0,0,0,0,0,0,0,0,0,0,0,0,0,0,0,0,0,0,0,1,0,0,0,0,0,0,0,0,0,0,0,0,0,-0.23942485446852518,0.5,0.6511627906976744
2022,4,max_verstappen,1,1,Finished,26.0,63,max_verstappen_2022_4,0,finished,classificado,False,0,0,0,0,UNKNOWN,0,0,0,0,0,0,0,0,0,0,0,0,0,0,1,0,0,0,0,0,0,0,0,0,0,0,0,0,0,0,0,0,0,0,0,0,0,0,0,0,0,0,0,0,0,0,0,0,1,0,0,0,0,0.3313055085208257,0.05,0.7209302325581395
2022,4,perez,3,2,Finished,18.0,63,perez_2022_4,0,finished,classificado,False,0,0,0,0,UNKNOWN,0,0,0,0,0,0,0,0,0,0,0,0,0,0,1,0,0,0,0,0,0,0,0,0,0,0,0,0,0,0,0,0,0,0,0,0,0,0,0,0,0,0,0,0,0,0,0,0,1,0,0,0,0,0.3313055085208257,0.15000000000000002,0.7209302325581395
2022,4,norris,5,3,Finished,15.0,63,norris_2022_4,0,finished,classificado,False,0,0,0,0,UNKNOWN,0,0,0,0,0,0,0,0,0,0,0,0,0,0,1,0,0,0,0,0,0,0,0,0,0,0,0,0,0,0,0,0,0,0,0,0,0,0,0,0,0,0,0,0,1,0,0,0,0,0,0,0,0,0.3313055085208257,0.25,0.7209302325581395
2022,4,russell,11,4,Finished,12.0,63,russell_2022_4,0,finished,classificado,False,0,0,0,0,UNKNOWN,0,0,0,0,0,0,0,0,0,0,0,0,0,0,1,0,0,0,0,0,0,0,0,0,0,0,0,0,0,0,0,0,0,0,0,0,0,0,0,0,0,0,0,0,0,1,0,0,0,0,0,0,0,0.3313055085208257,0.55,0.7209302325581395
2022,4,bottas,7,5,Finished,10.0,63,bottas_2022_4,0,finished,classificado,False,0,0,0,0,UNKNOWN,0,0,0,0,0,0,0,0,0,0,0,0,0,0,1,0,0,0,0,0,0,0,0,0,0,0,0,0,0,0,0,0,0,0,0,0,0,1,0,0,0,0,0,0,0,0,0,0,0,0,0,0,0,0.3313055085208257,0.35000000000000003,0.7209302325581395
2022,4,leclerc,2,6,Finished,8.0,63,leclerc_2022_4,0,finished,classificado,False,0,0,0,0,UNKNOWN,0,0,0,0,0,0,0,0,0,0,0,0,0,0,1,0,0,0,0,0,0,0,0,0,0,0,0,0,0,0,0,0,0,0,0,0,0,0,0,0,0,1,0,0,0,0,0,0,0,0,0,0,0,0.3313055085208257,0.1,0.7209302325581395
2022,4,tsunoda,12,7,Finished,6.0,63,tsunoda_2022_4,0,finished,classificado,False,0,0,0,0,UNKNOWN,0,0,0,0,0,0,0,0,0,0,0,0,0,0,1,0,0,0,0,0,0,0,0,0,0,0,0,0,0,0,0,0,0,0,0,0,0,0,1,0,0,0,0,0,0,0,0,0,0,0,0,0,0,0.3313055085208257,0.6000000000000001,0.7209302325581395
2022,4,vettel,13,8,Finished,4.0,63,vettel_2022_4,0,finished,classificado,False,0,0,0,0,UNKNOWN,0,0,0,0,0,0,0,0,0,0,0,0,0,0,1,0,0,0,0,0,0,0,0,0,0,0,0,0,0,0,0,0,0,0,0,0,0,0,0,0,1,0,0,0,0,0,0,0,0,0,0,0,0,0.3313055085208257,0.65,0.7209302325581395
2022,4,kevin_magnussen,8,9,Finished,2.0,63,kevin_magnussen_2022_4,0,finished,classificado,False,0,0,0,0,UNKNOWN,0,0,0,0,0,0,0,0,0,0,0,0,0,0,1,0,0,0,0,0,0,0,0,0,0,0,0,0,0,0,0,0,0,0,0,0,0,0,0,0,0,0,0,1,0,0,0,0,0,0,0,0,0,0.3313055085208257,0.4,0.7209302325581395
2022,4,stroll,15,10,+1 Lap,1.0,62,stroll_2022_4,0,+1 lap,classificado,False,0,0,0,0,UNKNOWN,0,0,0,0,0,0,0,0,0,0,0,0,0,0,1,0,0,0,0,0,0,0,0,0,0,0,0,0,0,0,0,0,0,0,0,0,0,0,0,0,1,0,0,0,0,0,0,0,0,0,0,0,0,0.23618378135593388,0.75,0.7093023255813953
2022,4,albon,18,11,+1 Lap,0.0,62,albon_2022_4,0,+1 lap,classificado,False,0,0,0,0,UNKNOWN,0,0,0,0,0,0,0,0,0,0,0,0,0,0,1,0,0,0,0,0,0,0,0,0,0,0,0,0,0,0,0,0,0,0,0,0,0,0,0,0,0,0,0,0,0,0,0,0,0,0,0,0,1,0.23618378135593388,0.9,0.7093023255813953
2022,4,gasly,17,12,+1 Lap,0.0,62,gasly_2022_4,0,+1 lap,classificado,False,0,0,0,0,UNKNOWN,0,0,0,0,0,0,0,0,0,0,0,0,0,0,1,0,0,0,0,0,0,0,0,0,0,0,0,0,0,0,0,0,0,0,0,0,0,0,1,0,0,0,0,0,0,0,0,0,0,0,0,0,0,0.23618378135593388,0.8500000000000001,0.7093023255813953
2022,4,hamilton,14,13,+1 Lap,0.0,62,hamilton_2022_4,0,+1 lap,classificado,False,0,0,0,0,UNKNOWN,0,0,0,0,0,0,0,0,0,0,0,0,0,0,1,0,0,0,0,0,0,0,0,0,0,0,0,0,0,0,0,0,0,0,0,0,0,0,0,0,0,0,0,0,0,1,0,0,0,0,0,0,0,0.23618378135593388,0.7000000000000001,0.7093023255813953
2022,4,ocon,16,14,+1 Lap,0.0,62,ocon_2022_4,0,+1 lap,classificado,False,0,0,0,0,UNKNOWN,0,0,0,0,0,0,0,0,0,0,0,0,0,0,1,0,0,0,0,0,0,0,0,0,0,0,0,0,0,0,0,0,0,0,0,0,0,0,0,1,0,0,0,0,0,0,0,0,0,0,0,0,0,0.23618378135593388,0.8,0.7093023255813953
2022,4,zhou,0,15,+1 Lap,0.0,62,zhou_2022_4,1,+1 lap,classificado,False,0,0,0,0,UNKNOWN,0,0,0,0,0,0,0,0,0,0,0,0,0,0,1,0,0,0,0,0,0,0,0,0,0,0,0,0,0,0,0,0,0,0,0,0,0,1,0,0,0,0,0,0,0,0,0,0,0,0,0,0,0,0.23618378135593388,0.0,0.7093023255813953
2022,4,latifi,19,16,+1 Lap,0.0,62,latifi_2022_4,0,+1 lap,classificado,False,0,0,0,0,UNKNOWN,0,0,0,0,0,0,0,0,0,0,0,0,0,0,1,0,0,0,0,0,0,0,0,0,0,0,0,0,0,0,0,0,0,0,0,0,0,0,0,0,0,0,0,0,0,0,0,0,0,0,0,0,1,0.23618378135593388,0.9500000000000001,0.7093023255813953
2022,4,mick_schumacher,10,17,+1 Lap,0.0,62,mick_schumacher_2022_4,0,+1 lap,classificado,False,0,0,0,0,UNKNOWN,0,0,0,0,0,0,0,0,0,0,0,0,0,0,1,0,0,0,0,0,0,0,0,0,0,0,0,0,0,0,0,0,0,0,0,0,0,0,0,0,0,0,0,1,0,0,0,0,0,0,0,0,0,0.23618378135593388,0.5,0.7093023255813953
2022,4,ricciardo,6,18,+1 Lap,0.0,62,ricciardo_2022_4,0,+1 lap,classificado,False,0,0,0,0,UNKNOWN,0,0,0,0,0,0,0,0,0,0,0,0,0,0,1,0,0,0,0,0,0,0,0,0,0,0,0,0,0,0,0,0,0,0,0,0,0,0,0,0,0,0,0,0,1,0,0,0,0,0,0,0,0,0.23618378135593388,0.30000000000000004,0.7093023255813953
2022,5,max_verstappen,3,1,Finished,26.0,57,max_verstappen_2022_5,0,finished,classificado,False,0,0,0,0,UNKNOWN,0,0,0,0,0,0,0,0,0,0,0,0,0,0,0,0,0,0,0,0,0,0,0,1,0,0,0,0,0,0,0,0,0,0,0,0,0,0,0,0,0,0,0,0,0,0,0,0,1,0,0,0,0,-0.23942485446852518,0.15000000000000002,0.6511627906976744
2022,5,leclerc,1,2,Finished,18.0,57,leclerc_2022_5,0,finished,classificado,False,0,0,0,0,UNKNOWN,0,0,0,0,0,0,0,0,0,0,0,0,0,0,0,0,0,0,0,0,0,0,0,1,0,0,0,0,0,0,0,0,0,0,0,0,0,0,0,0,0,1,0,0,0,0,0,0,0,0,0,0,0,-0.23942485446852518,0.05,0.6511627906976744
2022,5,sainz,2,3,Finished,15.0,57,sainz_2022_5,0,finished,classificado,False,0,0,0,0,UNKNOWN,0,0,0,0,0,0,0,0,0,0,0,0,0,0,0,0,0,0,0,0,0,0,0,1,0,0,0,0,0,0,0,0,0,0,0,0,0,0,0,0,0,1,0,0,0,0,0,0,0,0,0,0,0,-0.23942485446852518,0.1,0.6511627906976744
2022,5,perez,4,4,Finished,12.0,57,perez_2022_5,0,finished,classificado,False,0,0,0,0,UNKNOWN,0,0,0,0,0,0,0,0,0,0,0,0,0,0,0,0,0,0,0,0,0,0,0,1,0,0,0,0,0,0,0,0,0,0,0,0,0,0,0,0,0,0,0,0,0,0,0,0,1,0,0,0,0,-0.23942485446852518,0.2,0.6511627906976744
2022,5,russell,12,5,Finished,10.0,57,russell_2022_5,0,finished,classificado,False,0,0,0,0,UNKNOWN,0,0,0,0,0,0,0,0,0,0,0,0,0,0,0,0,0,0,0,0,0,0,0,1,0,0,0,0,0,0,0,0,0,0,0,0,0,0,0,0,0,0,0,0,0,1,0,0,0,0,0,0,0,-0.23942485446852518,0.6000000000000001,0.6511627906976744
2022,5,hamilton,6,6,Finished,8.0,57,hamilton_2022_5,0,finished,classificado,False,0,0,0,0,UNKNOWN,0,0,0,0,0,0,0,0,0,0,0,0,0,0,0,0,0,0,0,0,0,0,0,1,0,0,0,0,0,0,0,0,0,0,0,0,0,0,0,0,0,0,0,0,0,1,0,0,0,0,0,0,0,-0.23942485446852518,0.30000000000000004,0.6511627906976744
2022,5,bottas,5,7,Finished,6.0,57,bottas_2022_5,0,finished,classificado,False,0,0,0,0,UNKNOWN,0,0,0,0,0,0,0,0,0,0,0,0,0,0,0,0,0,0,0,0,0,0,0,1,0,0,0,0,0,0,0,0,0,0,0,0,0,1,0,0,0,0,0,0,0,0,0,0,0,0,0,0,0,-0.23942485446852518,0.25,0.6511627906976744
2022,5,ocon,20,8,Finished,4.0,57,ocon_2022_5,0,finished,classificado,False,0,0,0,0,UNKNOWN,0,0,0,0,0,0,0,0,0,0,0,0,0,0,0,0,0,0,0,0,0,0,0,1,0,0,0,0,0,0,0,0,0,0,0,0,0,0,0,1,0,0,0,0,0,0,0,0,0,0,0,0,0,-0.23942485446852518,1.0,0.6511627906976744
2022,5,albon,18,9,Finished,2.0,57,albon_2022_5,0,finished,classificado,False,0,0,0,0,UNKNOWN,0,0,0,0,0,0,0,0,0,0,0,0,0,0,0,0,0,0,0,0,0,0,0,1,0,0,0,0,0,0,0,0,0,0,0,0,0,0,0,0,0,0,0,0,0,0,0,0,0,0,0,0,1,-0.23942485446852518,0.9,0.6511627906976744
2022,5,stroll,0,10,Finished,1.0,57,stroll_2022_5,1,finished,classificado,False,0,0,0,0,UNKNOWN,0,0,0,0,0,0,0,0,0,0,0,0,0,0,0,0,0,0,0,0,0,0,0,1,0,0,0,0,0,0,0,0,0,0,0,0,0,0,0,0,1,0,0,0,0,0,0,0,0,0,0,0,0,-0.23942485446852518,0.0,0.6511627906976744
2022,5,alonso,11,11,Finished,0.0,57,alonso_2022_5,0,finished,classificado,False,0,0,0,0,UNKNOWN,0,0,0,0,0,0,0,0,0,0,0,0,0,0,0,0,0,0,0,0,0,0,0,1,0,0,0,0,0,0,0,0,0,0,0,0,0,0,0,1,0,0,0,0,0,0,0,0,0,0,0,0,0,-0.23942485446852518,0.55,0.6511627906976744
2022,5,tsunoda,9,12,Finished,0.0,57,tsunoda_2022_5,0,finished,classificado,False,0,0,0,0,UNKNOWN,0,0,0,0,0,0,0,0,0,0,0,0,0,0,0,0,0,0,0,0,0,0,0,1,0,0,0,0,0,0,0,0,0,0,0,0,0,0,1,0,0,0,0,0,0,0,0,0,0,0,0,0,0,-0.23942485446852518,0.45,0.6511627906976744
2022,5,ricciardo,14,13,Finished,0.0,57,ricciardo_2022_5,0,finished,classificado,False,0,0,0,0,UNKNOWN,0,0,0,0,0,0,0,0,0,0,0,0,0,0,0,0,0,0,0,0,0,0,0,1,0,0,0,0,0,0,0,0,0,0,0,0,0,0,0,0,0,0,0,0,1,0,0,0,0,0,0,0,0,-0.23942485446852518,0.7000000000000001,0.6511627906976744
2022,5,latifi,19,14,Finished,0.0,57,latifi_2022_5,0,finished,classificado,False,0,0,0,0,UNKNOWN,0,0,0,0,0,0,0,0,0,0,0,0,0,0,0,0,0,0,0,0,0,0,0,1,0,0,0,0,0,0,0,0,0,0,0,0,0,0,0,0,0,0,0,0,0,0,0,0,0,0,0,0,1,-0.23942485446852518,0.9500000000000001,0.6511627906976744
2022,5,mick_schumacher,15,15,Finished,0.0,57,mick_schumacher_2022_5,0,finished,classificado,False,0,0,0,0,UNKNOWN,0,0,0,0,0,0,0,0,0,0,0,0,0,0,0,0,0,0,0,0,0,0,0,1,0,0,0,0,0,0,0,0,0,0,0,0,0,0,0,0,0,0,0,1,0,0,0,0,0,0,0,0,0,-0.23942485446852518,0.75,0.6511627906976744
2022,6,max_verstappen,2,1,Finished,25.0,66,max_verstappen_2022_6,0,finished,classificado,False,0,0,0,0,UNKNOWN,0,0,0,0,0,0,0,0,0,0,0,0,0,0,0,0,0,0,0,0,0,0,0,0,0,0,0,0,0,0,0,1,0,0,0,0,0,0,0,0,0,0,0,0,0,0,0,0,1,0,0,0,0,0.6166706900155011,0.1,0.7558139534883721
2022,6,perez,5,2,Finished,19.0,66,perez_2022_6,0,finished,classificado,False,0,0,0,0,UNKNOWN,0,0,0,0,0,0,0,0,0,0,0,0,0,0,0,0,0,0,0,0,0,0,0,0,0,0,0,0,0,0,0,1,0,0,0,0,0,0,0,0,0,0,0,0,0,0,0,0,1,0,0,0,0,0.6166706900155011,0.25,0.7558139534883721
2022,6,russell,4,3,Finished,15.0,66,russell_2022_6,0,finished,classificado,False,0,0,0,0,UNKNOWN,0,0,0,0,0,0,0,0,0,0,0,0,0,0,0,0,0,0,0,0,0,0,0,0,0,0,0,0,0,0,0,1,0,0,0,0,0,0,0,0,0,0,0,0,0,1,0,0,0,0,0,0,0,0.6166706900155011,0.2,0.7558139534883721
2022,6,sainz,3,4,Finished,12.0,66,sainz_2022_6,0,finished,classificado,False,0,0,0,0,UNKNOWN,0,0,0,0,0,0,0,0,0,0,0,0,0,0,0,0,0,0,0,0,0,0,0,0,0,0,0,0,0,0,0,1,0,0,0,0,0,0,0,0,0,1,0,0,0,0,0,0,0,0,0,0,0,0.6166706900155011,0.15000000000000002,0.7558139534883721
2022,6,hamilton,6,5,Finished,10.0,66,hamilton_2022_6,0,finished,classificado,False,0,0,0,0,UNKNOWN,0,0,0,0,0,0,0,0,0,0,0,0,0,0,0,0,0,0,0,0,0,0,0,0,0,0,0,0,0,0,0,1,0,0,0,0,0,0,0,0,0,0,0,0,0,1,0,0,0,0,0,0,0,0.6166706900155011,0.30000000000000004,0.7558139534883721
2022,6,bottas,7,6,Finished,8.0,66,bottas_2022_6,0,finished,classificado,False,0,0,0,0,UNKNOWN,0,0,0,0,0,0,0,0,0,0,0,0,0,0,0,0,0,0,0,0,0,0,0,0,0,0,0,0,0,0,0,1,0,0,0,0,0,1,0,0,0,0,0,0,0,0,0,0,0,0,0,0,0,0.6166706900155011,0.35000000000000003,0.7558139534883721
2022,6,ocon,12,7,Finished,6.0,66,ocon_2022_6,0,finished,classificado,False,0,0,0,0,UNKNOWN,0,0,0,0,0,0,0,0,0,0,0,0,0,0,0,0,0,0,0,0,0,0,0,0,0,0,0,0,0,0,0,1,0,0,0,0,0,0,0,1,0,0,0,0,0,0,0,0,0,0,0,0,0,0.6166706900155011,0.6000000000000001,0.7558139534883721
2022,6,norris,11,8,Finished,4.0,66,norris_2022_6,0,finished,classificado,False,0,0,0,0,UNKNOWN,0,0,0,0,0,0,0,0,0,0,0,0,0,0,0,0,0,0,0,0,0,0,0,0,0,0,0,0,0,0,0,1,0,0,0,0,0,0,0,0,0,0,0,0,1,0,0,0,0,0,0,0,0,0.6166706900155011,0.55,0.7558139534883721
2022,6,alonso,20,9,+1 Lap,2.0,65,alonso_2022_6,0,+1 lap,classificado,False,0,0,0,0,UNKNOWN,0,0,0,0,0,0,0,0,0,0,0,0,0,0,0,0,0,0,0,0,0,0,0,0,0,0,0,0,0,0,0,1,0,0,0,0,0,0,0,1,0,0,0,0,0,0,0,0,0,0,0,0,0,0.5215489628506094,1.0,0.7441860465116279
2022,6,tsunoda,13,10,+1 Lap,1.0,65,tsunoda_2022_6,0,+1 lap,classificado,False,0,0,0,0,UNKNOWN,0,0,0,0,0,0,0,0,0,0,0,0,0,0,0,0,0,0,0,0,0,0,0,0,0,0,0,0,0,0,0,1,0,0,0,0,0,0,1,0,0,0,0,0,0,0,0,0,0,0,0,0,0,0.5215489628506094,0.65,0.7441860465116279
2022,6,vettel,16,11,+1 Lap,0.0,65,vettel_2022_6,0,+1 lap,classificado,False,0,0,0,0,UNKNOWN,0,0,0,0,0,0,0,0,0,0,0,0,0,0,0,0,0,0,0,0,0,0,0,0,0,0,0,0,0,0,0,1,0,0,0,0,0,0,0,0,1,0,0,0,0,0,0,0,0,0,0,0,0,0.5215489628506094,0.8,0.7441860465116279
2022,6,ricciardo,9,12,+1 Lap,0.0,65,ricciardo_2022_6,0,+1 lap,classificado,False,0,0,0,0,UNKNOWN,0,0,0,0,0,0,0,0,0,0,0,0,0,0,0,0,0,0,0,0,0,0,0,0,0,0,0,0,0,0,0,1,0,0,0,0,0,0,0,0,0,0,0,0,1,0,0,0,0,0,0,0,0,0.5215489628506094,0.45,0.7441860465116279
2022,6,gasly,14,13,+1 Lap,0.0,65,gasly_2022_6,0,+1 lap,classificado,False,0,0,0,0,UNKNOWN,0,0,0,0,0,0,0,0,0,0,0,0,0,0,0,0,0,0,0,0,0,0,0,0,0,0,0,0,0,0,0,1,0,0,0,0,0,0,1,0,0,0,0,0,0,0,0,0,0,0,0,0,0,0.5215489628506094,0.7000000000000001,0.7441860465116279
2022,6,mick_schumacher,10,14,+1 Lap,0.0,65,mick_schumacher_2022_6,0,+1 lap,classificado,False,0,0,0,0,UNKNOWN,0,0,0,0,0,0,0,0,0,0,0,0,0,0,0,0,0,0,0,0,0,0,0,0,0,0,0,0,0,0,0,1,0,0,0,0,0,0,0,0,0,0,0,1,0,0,0,0,0,0,0,0,0,0.5215489628506094,0.5,0.7441860465116279
2022,6,stroll,17,15,+1 Lap,0.0,65,stroll_2022_6,0,+1 lap,classificado,False,0,0,0,0,UNKNOWN,0,0,0,0,0,0,0,0,0,0,0,0,0,0,0,0,0,0,0,0,0,0,0,0,0,0,0,0,0,0,0,1,0,0,0,0,0,0,0,0,1,0,0,0,0,0,0,0,0,0,0,0,0,0.5215489628506094,0.8500000000000001,0.7441860465116279
2022,6,latifi,19,16,+2 Laps,0.0,64,latifi_2022_6,0,+2 laps,classificado,False,0,0,0,0,UNKNOWN,0,0,0,0,0,0,0,0,0,0,0,0,0,0,0,0,0,0,0,0,0,0,0,0,0,0,0,0,0,0,0,1,0,0,0,0,0,0,0,0,0,0,0,0,0,0,0,0,0,0,0,0,1,0.4264272356857175,0.9500000000000001,0.7325581395348837
2022,6,kevin_magnussen,8,17,+2 Laps,0.0,64,kevin_magnussen_2022_6,0,+2 laps,classificado,False,0,0,0,0,UNKNOWN,0,0,0,0,0,0,0,0,0,0,0,0,0,0,0,0,0,0,0,0,0,0,0,0,0,0,0,0,0,0,0,1,0,0,0,0,0,0,0,0,0,0,0,1,0,0,0,0,0,0,0,0,0,0.4264272356857175,0.4,0.7325581395348837
2022,6,albon,18,18,+2 Laps,0.0,64,albon_2022_6,0,+2 laps,classificado,False,0,0,0,0,UNKNOWN,0,0,0,0,0,0,0,0,0,0,0,0,0,0,0,0,0,0,0,0,0,0,0,0,0,0,0,0,0,0,0,1,0,0,0,0,0,0,0,0,0,0,0,0,0,0,0,0,0,0,0,0,1,0.4264272356857175,0.9,0.7325581395348837
2022,7,perez,3,1,Finished,25.0,64,perez_2022_7,0,finished,classificado,False,0,0,0,0,UNKNOWN,0,0,0,0,0,0,0,0,0,0,0,0,0,0,0,0,0,0,0,0,0,0,0,0,1,0,0,0,0,0,0,0,0,0,0,0,0,0,0,0,0,0,0,0,0,0,0,0,1,0,0,0,0,0.4264272356857175,0.15000000000000002,0.7325581395348837
2022,7,sainz,2,2,Finished,18.0,64,sainz_2022_7,0,finished,classificado,False,0,0,0,0,UNKNOWN,0,0,0,0,0,0,0,0,0,0,0,0,0,0,0,0,0,0,0,0,0,0,0,0,1,0,0,0,0,0,0,0,0,0,0,0,0,0,0,0,0,1,0,0,0,0,0,0,0,0,0,0,0,0.4264272356857175,0.1,0.7325581395348837
2022,7,max_verstappen,4,3,Finished,15.0,64,max_verstappen_2022_7,0,finished,classificado,False,0,0,0,0,UNKNOWN,0,0,0,0,0,0,0,0,0,0,0,0,0,0,0,0,0,0,0,0,0,0,0,0,1,0,0,0,0,0,0,0,0,0,0,0,0,0,0,0,0,0,0,0,0,0,0,0,1,0,0,0,0,0.4264272356857175,0.2,0.7325581395348837
2022,7,leclerc,1,4,Finished,12.0,64,leclerc_2022_7,0,finished,classificado,False,0,0,0,0,UNKNOWN,0,0,0,0,0,0,0,0,0,0,0,0,0,0,0,0,0,0,0,0,0,0,0,0,1,0,0,0,0,0,0,0,0,0,0,0,0,0,0,0,0,1,0,0,0,0,0,0,0,0,0,0,0,0.4264272356857175,0.05,0.7325581395348837
2022,7,russell,6,5,Finished,10.0,64,russell_2022_7,0,finished,classificado,False,0,0,0,0,UNKNOWN,0,0,0,0,0,0,0,0,0,0,0,0,0,0,0,0,0,0,0,0,0,0,0,0,1,0,0,0,0,0,0,0,0,0,0,0,0,0,0,0,0,0,0,0,0,1,0,0,0,0,0,0,0,0.4264272356857175,0.30000000000000004,0.7325581395348837
2022,7,norris,5,6,Finished,9.0,64,norris_2022_7,0,finished,classificado,False,0,0,0,0,UNKNOWN,0,0,0,0,0,0,0,0,0,0,0,0,0,0,0,0,0,0,0,0,0,0,0,0,1,0,0,0,0,0,0,0,0,0,0,0,0,0,0,0,0,0,0,0,1,0,0,0,0,0,0,0,0,0.4264272356857175,0.25,0.7325581395348837
2022,7,alonso,7,7,Finished,6.0,64,alonso_2022_7,0,finished,classificado,False,0,0,0,0,UNKNOWN,0,0,0,0,0,0,0,0,0,0,0,0,0,0,0,0,0,0,0,0,0,0,0,0,1,0,0,0,0,0,0,0,0,0,0,0,0,0,0,1,0,0,0,0,0,0,0,0,0,0,0,0,0,0.4264272356857175,0.35000000000000003,0.7325581395348837
2022,7,hamilton,8,8,Finished,4.0,64,hamilton_2022_7,0,finished,classificado,False,0,0,0,0,UNKNOWN,0,0,0,0,0,0,0,0,0,0,0,0,0,0,0,0,0,0,0,0,0,0,0,0,1,0,0,0,0,0,0,0,0,0,0,0,0,0,0,0,0,0,0,0,0,1,0,0,0,0,0,0,0,0.4264272356857175,0.4,0.7325581395348837
2022,7,bottas,12,9,Finished,2.0,64,bottas_2022_7,0,finished,classificado,False,0,0,0,0,UNKNOWN,0,0,0,0,0,0,0,0,0,0,0,0,0,0,0,0,0,0,0,0,0,0,0,0,1,0,0,0,0,0,0,0,0,0,0,0,0,1,0,0,0,0,0,0,0,0,0,0,0,0,0,0,0,0.4264272356857175,0.6000000000000001,0.7325581395348837
2022,7,vettel,9,10,Finished,1.0,64,vettel_2022_7,0,finished,classificado,False,0,0,0,0,UNKNOWN,0,0,0,0,0,0,0,0,0,0,0,0,0,0,0,0,0,0,0,0,0,0,0,0,1,0,0,0,0,0,0,0,0,0,0,0,0,0,0,0,1,0,0,0,0,0,0,0,0,0,0,0,0,0.4264272356857175,0.45,0.7325581395348837
2022,7,gasly,17,11,Finished,0.0,64,gasly_2022_7,0,finished,classificado,False,0,0,0,0,UNKNOWN,0,0,0,0,0,0,0,0,0,0,0,0,0,0,0,0,0,0,0,0,0,0,0,0,1,0,0,0,0,0,0,0,0,0,0,0,0,0,1,0,0,0,0,0,0,0,0,0,0,0,0,0,0,0.4264272356857175,0.8500000000000001,0.7325581395348837
2022,7,ocon,10,12,Finished,0.0,64,ocon_2022_7,0,finished,classificado,False,0,0,0,0,UNKNOWN,0,0,0,0,0,0,0,0,0,0,0,0,0,0,0,0,0,0,0,0,0,0,0,0,1,0,0,0,0,0,0,0,0,0,0,0,0,0,0,1,0,0,0,0,0,0,0,0,0,0,0,0,0,0.4264272356857175,0.5,0.7325581395348837
2022,7,ricciardo,14,13,Finished,0.0,64,ricciardo_2022_7,0,finished,classificado,False,0,0,0,0,UNKNOWN,0,0,0,0,0,0,0,0,0,0,0,0,0,0,0,0,0,0,0,0,0,0,0,0,1,0,0,0,0,0,0,0,0,0,0,0,0,0,0,0,0,0,0,0,1,0,0,0,0,0,0,0,0,0.4264272356857175,0.7000000000000001,0.7325581395348837
2022,7,stroll,18,14,Finished,0.0,64,stroll_2022_7,0,finished,classificado,False,0,0,0,0,UNKNOWN,0,0,0,0,0,0,0,0,0,0,0,0,0,0,0,0,0,0,0,0,0,0,0,0,1,0,0,0,0,0,0,0,0,0,0,0,0,0,0,0,1,0,0,0,0,0,0,0,0,0,0,0,0,0.4264272356857175,0.9,0.7325581395348837
2022,7,latifi,19,15,+1 Lap,0.0,63,latifi_2022_7,0,+1 lap,classificado,False,0,0,0,0,UNKNOWN,0,0,0,0,0,0,0,0,0,0,0,0,0,0,0,0,0,0,0,0,0,0,0,0,1,0,0,0,0,0,0,0,0,0,0,0,0,0,0,0,0,0,0,0,0,0,0,0,0,0,0,0,1,0.3313055085208257,0.9500000000000001,0.7209302325581395
2022,7,zhou,20,16,+1 Lap,0.0,63,zhou_2022_7,0,+1 lap,classificado,False,0,0,0,0,UNKNOWN,0,0,0,0,0,0,0,0,0,0,0,0,0,0,0,0,0,0,0,0,0,0,0,0,1,0,0,0,0,0,0,0,0,0,0,0,0,1,0,0,0,0,0,0,0,0,0,0,0,0,0,0,0,0.3313055085208257,1.0,0.7209302325581395
2022,7,tsunoda,11,17,+1 Lap,0.0,63,tsunoda_2022_7,0,+1 lap,classificado,False,0,0,0,0,UNKNOWN,0,0,0,0,0,0,0,0,0,0,0,0,0,0,0,0,0,0,0,0,0,0,0,0,1,0,0,0,0,0,0,0,0,0,0,0,0,0,1,0,0,0,0,0,0,0,0,0,0,0,0,0,0,0.3313055085208257,0.55,0.7209302325581395
2022,8,max_verstappen,3,1,Finished,25.0,51,max_verstappen_2022_8,0,finished,classificado,False,0,0,0,0,UNKNOWN,0,0,0,0,0,1,0,0,0,0,0,0,0,0,0,0,0,0,0,0,0,0,0,0,0,0,0,0,0,0,0,0,0,0,0,0,0,0,0,0,0,0,0,0,0,0,0,0,1,0,0,0,0,-0.8101552174578761,0.15000000000000002,0.5813953488372092
2022,8,perez,2,2,Finished,19.0,51,perez_2022_8,0,finished,classificado,False,0,0,0,0,UNKNOWN,0,0,0,0,0,1,0,0,0,0,0,0,0,0,0,0,0,0,0,0,0,0,0,0,0,0,0,0,0,0,0,0,0,0,0,0,0,0,0,0,0,0,0,0,0,0,0,0,1,0,0,0,0,-0.8101552174578761,0.1,0.5813953488372092
2022,8,russell,5,3,Finished,15.0,51,russell_2022_8,0,finished,classificado,False,0,0,0,0,UNKNOWN,0,0,0,0,0,1,0,0,0,0,0,0,0,0,0,0,0,0,0,0,0,0,0,0,0,0,0,0,0,0,0,0,0,0,0,0,0,0,0,0,0,0,0,0,0,1,0,0,0,0,0,0,0,-0.8101552174578761,0.25,0.5813953488372092
2022,8,hamilton,7,4,Finished,12.0,51,hamilton_2022_8,0,finished,classificado,False,0,0,0,0,UNKNOWN,0,0,0,0,0,1,0,0,0,0,0,0,0,0,0,0,0,0,0,0,0,0,0,0,0,0,0,0,0,0,0,0,0,0,0,0,0,0,0,0,0,0,0,0,0,1,0,0,0,0,0,0,0,-0.8101552174578761,0.35000000000000003,0.5813953488372092
2022,8,gasly,6,5,Finished,10.0,51,gasly_2022_8,0,finished,classificado,False,0,0,0,0,UNKNOWN,0,0,0,0,0,1,0,0,0,0,0,0,0,0,0,0,0,0,0,0,0,0,0,0,0,0,0,0,0,0,0,0,0,0,0,0,0,0,1,0,0,0,0,0,0,0,0,0,0,0,0,0,0,-0.8101552174578761,0.30000000000000004,0.5813953488372092
2022,8,vettel,9,6,Finished,8.0,51,vettel_2022_8,0,finished,classificado,False,0,0,0,0,UNKNOWN,0,0,0,0,0,1,0,0,0,0,0,0,0,0,0,0,0,0,0,0,0,0,0,0,0,0,0,0,0,0,0,0,0,0,0,0,0,0,0,0,1,0,0,0,0,0,0,0,0,0,0,0,0,-0.8101552174578761,0.45,0.5813953488372092
2022,8,alonso,10,7,Finished,6.0,51,alonso_2022_8,0,finished,classificado,False,0,0,0,0,UNKNOWN,0,0,0,0,0,1,0,0,0,0,0,0,0,0,0,0,0,0,0,0,0,0,0,0,0,0,0,0,0,0,0,0,0,0,0,0,0,0,0,1,0,0,0,0,0,0,0,0,0,0,0,0,0,-0.8101552174578761,0.5,0.5813953488372092
2022,8,ricciardo,12,8,Finished,4.0,51,ricciardo_2022_8,0,finished,classificado,False,0,0,0,0,UNKNOWN,0,0,0,0,0,1,0,0,0,0,0,0,0,0,0,0,0,0,0,0,0,0,0,0,0,0,0,0,0,0,0,0,0,0,0,0,0,0,0,0,0,0,0,0,1,0,0,0,0,0,0,0,0,-0.8101552174578761,0.6000000000000001,0.5813953488372092
2022,8,norris,11,9,Finished,2.0,51,norris_2022_8,0,finished,classificado,False,0,0,0,0,UNKNOWN,0,0,0,0,0,1,0,0,0,0,0,0,0,0,0,0,0,0,0,0,0,0,0,0,0,0,0,0,0,0,0,0,0,0,0,0,0,0,0,0,0,0,0,0,1,0,0,0,0,0,0,0,0,-0.8101552174578761,0.55,0.5813953488372092
2022,8,ocon,13,10,Finished,1.0,51,ocon_2022_8,0,finished,classificado,False,0,0,0,0,UNKNOWN,0,0,0,0,0,1,0,0,0,0,0,0,0,0,0,0,0,0,0,0,0,0,0,0,0,0,0,0,0,0,0,0,0,0,0,0,0,0,0,1,0,0,0,0,0,0,0,0,0,0,0,0,0,-0.8101552174578761,0.65,0.5813953488372092
2022,8,bottas,15,11,+1 Lap,0.0,50,bottas_2022_8,0,+1 lap,classificado,False,0,0,0,0,UNKNOWN,0,0,0,0,0,1,0,0,0,0,0,0,0,0,0,0,0,0,0,0,0,0,0,0,0,0,0,0,0,0,0,0,0,0,0,0,0,1,0,0,0,0,0,0,0,0,0,0,0,0,0,0,0,-0.9052769446227679,0.75,0.5697674418604651
2022,8,albon,17,12,+1 Lap,0.0,50,albon_2022_8,0,+1 lap,classificado,False,0,0,0,0,UNKNOWN,0,0,0,0,0,1,0,0,0,0,0,0,0,0,0,0,0,0,0,0,0,0,0,0,0,0,0,0,0,0,0,0,0,0,0,0,0,0,0,0,0,0,0,0,0,0,0,0,0,0,0,0,1,-0.9052769446227679,0.8500000000000001,0.5697674418604651
2022,8,tsunoda,8,13,+1 Lap,0.0,50,tsunoda_2022_8,0,+1 lap,classificado,False,0,0,0,0,UNKNOWN,0,0,0,0,0,1,0,0,0,0,0,0,0,0,0,0,0,0,0,0,0,0,0,0,0,0,0,0,0,0,0,0,0,0,0,0,0,0,1,0,0,0,0,0,0,0,0,0,0,0,0,0,0,-0.9052769446227679,0.4,0.5697674418604651
2022,8,mick_schumacher,20,14,+1 Lap,0.0,50,mick_schumacher_2022_8,0,+1 lap,classificado,False,0,0,0,0,UNKNOWN,0,0,0,0,0,1,0,0,0,0,0,0,0,0,0,0,0,0,0,0,0,0,0,0,0,0,0,0,0,0,0,0,0,0,0,0,0,0,0,0,0,0,0,1,0,0,0,0,0,0,0,0,0,-0.9052769446227679,1.0,0.5697674418604651
2022,8,latifi,18,15,+1 Lap,0.0,50,latifi_2022_8,0,+1 lap,classificado,False,0,0,0,0,UNKNOWN,0,0,0,0,0,1,0,0,0,0,0,0,0,0,0,0,0,0,0,0,0,0,0,0,0,0,0,0,0,0,0,0,0,0,0,0,0,0,0,0,0,0,0,0,0,0,0,0,0,0,0,0,1,-0.9052769446227679,0.9,0.5697674418604651
2022,9,max_verstappen,1,1,Finished,25.0,70,max_verstappen_2022_9,0,finished,classificado,False,0,0,0,0,UNKNOWN,0,0,0,0,0,0,0,0,0,0,1,0,0,0,0,0,0,0,0,0,0,0,0,0,0,0,0,0,0,0,0,0,0,0,0,0,0,0,0,0,0,0,0,0,0,0,0,0,1,0,0,0,0,0.9971575986750684,0.05,0.8023255813953488
2022,9,sainz,3,2,Finished,19.0,70,sainz_2022_9,0,finished,classificado,False,0,0,0,0,UNKNOWN,0,0,0,0,0,0,0,0,0,0,1,0,0,0,0,0,0,0,0,0,0,0,0,0,0,0,0,0,0,0,0,0,0,0,0,0,0,0,0,0,0,1,0,0,0,0,0,0,0,0,0,0,0,0.9971575986750684,0.15000000000000002,0.8023255813953488
2022,9,hamilton,4,3,Finished,15.0,70,hamilton_2022_9,0,finished,classificado,False,0,0,0,0,UNKNOWN,0,0,0,0,0,0,0,0,0,0,1,0,0,0,0,0,0,0,0,0,0,0,0,0,0,0,0,0,0,0,0,0,0,0,0,0,0,0,0,0,0,0,0,0,0,1,0,0,0,0,0,0,0,0.9971575986750684,0.2,0.8023255813953488
2022,9,russell,8,4,Finished,12.0,70,russell_2022_9,0,finished,classificado,False,0,0,0,0,UNKNOWN,0,0,0,0,0,0,0,0,0,0,1,0,0,0,0,0,0,0,0,0,0,0,0,0,0,0,0,0,0,0,0,0,0,0,0,0,0,0,0,0,0,0,0,0,0,1,0,0,0,0,0,0,0,0.9971575986750684,0.4,0.8023255813953488
2022,9,leclerc,19,5,Finished,10.0,70,leclerc_2022_9,0,finished,classificado,False,0,0,0,0,UNKNOWN,0,0,0,0,0,0,0,0,0,0,1,0,0,0,0,0,0,0,0,0,0,0,0,0,0,0,0,0,0,0,0,0,0,0,0,0,0,0,0,0,0,1,0,0,0,0,0,0,0,0,0,0,0,0.9971575986750684,0.9500000000000001,0.8023255813953488
2022,9,ocon,7,6,Finished,8.0,70,ocon_2022_9,0,finished,classificado,False,0,0,0,0,UNKNOWN,0,0,0,0,0,0,0,0,0,0,1,0,0,0,0,0,0,0,0,0,0,0,0,0,0,0,0,0,0,0,0,0,0,0,0,0,0,0,0,1,0,0,0,0,0,0,0,0,0,0,0,0,0,0.9971575986750684,0.35000000000000003,0.8023255813953488
2022,9,bottas,11,7,Finished,6.0,70,bottas_2022_9,0,finished,classificado,False,0,0,0,0,UNKNOWN,0,0,0,0,0,0,0,0,0,0,1,0,0,0,0,0,0,0,0,0,0,0,0,0,0,0,0,0,0,0,0,0,0,0,0,0,0,1,0,0,0,0,0,0,0,0,0,0,0,0,0,0,0,0.9971575986750684,0.55,0.8023255813953488
2022,9,zhou,10,8,Finished,4.0,70,zhou_2022_9,0,finished,classificado,False,0,0,0,0,UNKNOWN,0,0,0,0,0,0,0,0,0,0,1,0,0,0,0,0,0,0,0,0,0,0,0,0,0,0,0,0,0,0,0,0,0,0,0,0,0,1,0,0,0,0,0,0,0,0,0,0,0,0,0,0,0,0.9971575986750684,0.5,0.8023255813953488
2022,9,alonso,2,9,Finished,2.0,70,alonso_2022_9,0,finished,classificado,False,0,0,0,0,UNKNOWN,0,0,0,0,0,0,0,0,0,0,1,0,0,0,0,0,0,0,0,0,0,0,0,0,0,0,0,0,0,0,0,0,0,0,0,0,0,0,0,1,0,0,0,0,0,0,0,0,0,0,0,0,0,0.9971575986750684,0.1,0.8023255813953488
2022,9,stroll,17,10,Finished,1.0,70,stroll_2022_9,0,finished,classificado,False,0,0,0,0,UNKNOWN,0,0,0,0,0,0,0,0,0,0,1,0,0,0,0,0,0,0,0,0,0,0,0,0,0,0,0,0,0,0,0,0,0,0,0,0,0,0,0,0,1,0,0,0,0,0,0,0,0,0,0,0,0,0.9971575986750684,0.8500000000000001,0.8023255813953488
2022,9,ricciardo,9,11,Finished,0.0,70,ricciardo_2022_9,0,finished,classificado,False,0,0,0,0,UNKNOWN,0,0,0,0,0,0,0,0,0,0,1,0,0,0,0,0,0,0,0,0,0,0,0,0,0,0,0,0,0,0,0,0,0,0,0,0,0,0,0,0,0,0,0,0,1,0,0,0,0,0,0,0,0,0.9971575986750684,0.45,0.8023255813953488
2022,9,vettel,16,12,Finished,0.0,70,vettel_2022_9,0,finished,classificado,False,0,0,0,0,UNKNOWN,0,0,0,0,0,0,0,0,0,0,1,0,0,0,0,0,0,0,0,0,0,0,0,0,0,0,0,0,0,0,0,0,0,0,0,0,0,0,0,0,1,0,0,0,0,0,0,0,0,0,0,0,0,0.9971575986750684,0.8,0.8023255813953488
2022,9,albon,12,13,Finished,0.0,70,albon_2022_9,0,finished,classificado,False,0,0,0,0,UNKNOWN,0,0,0,0,0,0,0,0,0,0,1,0,0,0,0,0,0,0,0,0,0,0,0,0,0,0,0,0,0,0,0,0,0,0,0,0,0,0,0,0,0,0,0,0,0,0,0,0,0,0,0,0,1,0.9971575986750684,0.6000000000000001,0.8023255813953488
2022,9,gasly,15,14,Finished,0.0,70,gasly_2022_9,0,finished,classificado,False,0,0,0,0,UNKNOWN,0,0,0,0,0,0,0,0,0,0,1,0,0,0,0,0,0,0,0,0,0,0,0,0,0,0,0,0,0,0,0,0,0,0,0,0,0,0,1,0,0,0,0,0,0,0,0,0,0,0,0,0,0,0.9971575986750684,0.75,0.8023255813953488
2022,9,norris,14,15,Finished,0.0,70,norris_2022_9,0,finished,classificado,False,0,0,0,0,UNKNOWN,0,0,0,0,0,0,0,0,0,0,1,0,0,0,0,0,0,0,0,0,0,0,0,0,0,0,0,0,0,0,0,0,0,0,0,0,0,0,0,0,0,0,0,0,1,0,0,0,0,0,0,0,0,0.9971575986750684,0.7000000000000001,0.8023255813953488
2022,9,latifi,18,16,Finished,0.0,70,latifi_2022_9,0,finished,classificado,False,0,0,0,0,UNKNOWN,0,0,0,0,0,0,0,0,0,0,1,0,0,0,0,0,0,0,0,0,0,0,0,0,0,0,0,0,0,0,0,0,0,0,0,0,0,0,0,0,0,0,0,0,0,0,0,0,0,0,0,0,1,0.9971575986750684,0.9,0.8023255813953488
2022,9,kevin_magnussen,5,17,Finished,0.0,70,kevin_magnussen_2022_9,0,finished,classificado,False,0,0,0,0,UNKNOWN,0,0,0,0,0,0,0,0,0,0,1,0,0,0,0,0,0,0,0,0,0,0,0,0,0,0,0,0,0,0,0,0,0,0,0,0,0,0,0,0,0,0,0,1,0,0,0,0,0,0,0,0,0,0.9971575986750684,0.25,0.8023255813953488
2022,10,sainz,1,1,Finished,25.0,52,sainz_2022_10,0,finished,classificado,False,0,0,0,0,UNKNOWN,0,0,0,0,0,0,0,0,0,1,0,0,0,0,0,0,0,0,0,0,0,0,0,0,0,0,0,0,0,0,0,0,0,0,0,0,0,0,0,0,0,1,0,0,0,0,0,0,0,0,0,0,0,-0.7150334902929842,0.05,0.5930232558139534
2022,10,perez,4,2,Finished,18.0,52,perez_2022_10,0,finished,classificado,False,0,0,0,0,UNKNOWN,0,0,0,0,0,0,0,0,0,1,0,0,0,0,0,0,0,0,0,0,0,0,0,0,0,0,0,0,0,0,0,0,0,0,0,0,0,0,0,0,0,0,0,0,0,0,0,0,1,0,0,0,0,-0.7150334902929842,0.2,0.5930232558139534
2022,10,hamilton,5,3,Finished,16.0,52,hamilton_2022_10,0,finished,classificado,False,0,0,0,0,UNKNOWN,0,0,0,0,0,0,0,0,0,1,0,0,0,0,0,0,0,0,0,0,0,0,0,0,0,0,0,0,0,0,0,0,0,0,0,0,0,0,0,0,0,0,0,0,0,1,0,0,0,0,0,0,0,-0.7150334902929842,0.25,0.5930232558139534
2022,10,leclerc,3,4,Finished,12.0,52,leclerc_2022_10,0,finished,classificado,False,0,0,0,0,UNKNOWN,0,0,0,0,0,0,0,0,0,1,0,0,0,0,0,0,0,0,0,0,0,0,0,0,0,0,0,0,0,0,0,0,0,0,0,0,0,0,0,0,0,1,0,0,0,0,0,0,0,0,0,0,0,-0.7150334902929842,0.15000000000000002,0.5930232558139534
2022,10,alonso,7,5,Finished,10.0,52,alonso_2022_10,0,finished,classificado,False,0,0,0,0,UNKNOWN,0,0,0,0,0,0,0,0,0,1,0,0,0,0,0,0,0,0,0,0,0,0,0,0,0,0,0,0,0,0,0,0,0,0,0,0,0,0,0,1,0,0,0,0,0,0,0,0,0,0,0,0,0,-0.7150334902929842,0.35000000000000003,0.5930232558139534
2022,10,norris,6,6,Finished,8.0,52,norris_2022_10,0,finished,classificado,False,0,0,0,0,UNKNOWN,0,0,0,0,0,0,0,0,0,1,0,0,0,0,0,0,0,0,0,0,0,0,0,0,0,0,0,0,0,0,0,0,0,0,0,0,0,0,0,0,0,0,0,0,1,0,0,0,0,0,0,0,0,-0.7150334902929842,0.30000000000000004,0.5930232558139534
2022,10,max_verstappen,2,7,Finished,6.0,52,max_verstappen_2022_10,0,finished,classificado,False,0,0,0,0,UNKNOWN,0,0,0,0,0,0,0,0,0,1,0,0,0,0,0,0,0,0,0,0,0,0,0,0,0,0,0,0,0,0,0,0,0,0,0,0,0,0,0,0,0,0,0,0,0,0,0,0,1,0,0,0,0,-0.7150334902929842,0.1,0.5930232558139534
2022,10,mick_schumacher,19,8,Finished,4.0,52,mick_schumacher_2022_10,0,finished,classificado,False,0,0,0,0,UNKNOWN,0,0,0,0,0,0,0,0,0,1,0,0,0,0,0,0,0,0,0,0,0,0,0,0,0,0,0,0,0,0,0,0,0,0,0,0,0,0,0,0,0,0,0,1,0,0,0,0,0,0,0,0,0,-0.7150334902929842,0.9500000000000001,0.5930232558139534
2022,10,vettel,18,9,Finished,2.0,52,vettel_2022_10,0,finished,classificado,False,0,0,0,0,UNKNOWN,0,0,0,0,0,0,0,0,0,1,0,0,0,0,0,0,0,0,0,0,0,0,0,0,0,0,0,0,0,0,0,0,0,0,0,0,0,0,0,0,1,0,0,0,0,0,0,0,0,0,0,0,0,-0.7150334902929842,0.9,0.5930232558139534
2022,10,kevin_magnussen,17,10,Finished,1.0,52,kevin_magnussen_2022_10,0,finished,classificado,False,0,0,0,0,UNKNOWN,0,0,0,0,0,0,0,0,0,1,0,0,0,0,0,0,0,0,0,0,0,0,0,0,0,0,0,0,0,0,0,0,0,0,0,0,0,0,0,0,0,0,0,1,0,0,0,0,0,0,0,0,0,-0.7150334902929842,0.8500000000000001,0.5930232558139534
2022,10,stroll,20,11,Finished,0.0,52,stroll_2022_10,0,finished,classificado,False,0,0,0,0,UNKNOWN,0,0,0,0,0,0,0,0,0,1,0,0,0,0,0,0,0,0,0,0,0,0,0,0,0,0,0,0,0,0,0,0,0,0,0,0,0,0,0,0,1,0,0,0,0,0,0,0,0,0,0,0,0,-0.7150334902929842,1.0,0.5930232558139534
2022,10,latifi,10,12,Finished,0.0,52,latifi_2022_10,0,finished,classificado,False,0,0,0,0,UNKNOWN,0,0,0,0,0,0,0,0,0,1,0,0,0,0,0,0,0,0,0,0,0,0,0,0,0,0,0,0,0,0,0,0,0,0,0,0,0,0,0,0,0,0,0,0,0,0,0,0,0,0,0,0,1,-0.7150334902929842,0.5,0.5930232558139534
2022,10,ricciardo,14,13,Finished,0.0,52,ricciardo_2022_10,0,finished,classificado,False,0,0,0,0,UNKNOWN,0,0,0,0,0,0,0,0,0,1,0,0,0,0,0,0,0,0,0,0,0,0,0,0,0,0,0,0,0,0,0,0,0,0,0,0,0,0,0,0,0,0,0,0,1,0,0,0,0,0,0,0,0,-0.7150334902929842,0.7000000000000001,0.5930232558139534
2022,10,tsunoda,13,14,Finished,0.0,52,tsunoda_2022_10,0,finished,classificado,False,0,0,0,0,UNKNOWN,0,0,0,0,0,0,0,0,0,1,0,0,0,0,0,0,0,0,0,0,0,0,0,0,0,0,0,0,0,0,0,0,0,0,0,0,0,0,1,0,0,0,0,0,0,0,0,0,0,0,0,0,0,-0.7150334902929842,0.65,0.5930232558139534
2022,11,leclerc,2,1,Finished,25.0,71,leclerc_2022_11,0,finished,classificado,False,0,0,0,0,UNKNOWN,0,0,0,0,1,0,0,0,0,0,0,0,0,0,0,0,0,0,0,0,0,0,0,0,0,0,0,0,0,0,0,0,0,0,0,0,0,0,0,0,0,1,0,0,0,0,0,0,0,0,0,0,0,1.0922793258399601,0.1,0.813953488372093
2022,11,max_verstappen,1,2,Finished,19.0,71,max_verstappen_2022_11,0,finished,classificado,False,0,0,0,0,UNKNOWN,0,0,0,0,1,0,0,0,0,0,0,0,0,0,0,0,0,0,0,0,0,0,0,0,0,0,0,0,0,0,0,0,0,0,0,0,0,0,0,0,0,0,0,0,0,0,0,0,1,0,0,0,0,1.0922793258399601,0.05,0.813953488372093
2022,11,hamilton,8,3,Finished,15.0,71,hamilton_2022_11,0,finished,classificado,False,0,0,0,0,UNKNOWN,0,0,0,0,1,0,0,0,0,0,0,0,0,0,0,0,0,0,0,0,0,0,0,0,0,0,0,0,0,0,0,0,0,0,0,0,0,0,0,0,0,0,0,0,0,1,0,0,0,0,0,0,0,1.0922793258399601,0.4,0.813953488372093
2022,11,russell,4,4,Finished,12.0,71,russell_2022_11,0,finished,classificado,False,0,0,0,0,UNKNOWN,0,0,0,0,1,0,0,0,0,0,0,0,0,0,0,0,0,0,0,0,0,0,0,0,0,0,0,0,0,0,0,0,0,0,0,0,0,0,0,0,0,0,0,0,0,1,0,0,0,0,0,0,0,1.0922793258399601,0.2,0.813953488372093
2022,11,ocon,6,5,Finished,10.0,71,ocon_2022_11,0,finished,classificado,False,0,0,0,0,UNKNOWN,0,0,0,0,1,0,0,0,0,0,0,0,0,0,0,0,0,0,0,0,0,0,0,0,0,0,0,0,0,0,0,0,0,0,0,0,0,0,0,1,0,0,0,0,0,0,0,0,0,0,0,0,0,1.0922793258399601,0.30000000000000004,0.813953488372093
2022,11,mick_schumacher,9,6,+1 Lap,8.0,70,mick_schumacher_2022_11,0,+1 lap,classificado,False,0,0,0,0,UNKNOWN,0,0,0,0,1,0,0,0,0,0,0,0,0,0,0,0,0,0,0,0,0,0,0,0,0,0,0,0,0,0,0,0,0,0,0,0,0,0,0,0,0,0,0,1,0,0,0,0,0,0,0,0,0,0.9971575986750684,0.45,0.8023255813953488
2022,11,norris,10,7,+1 Lap,6.0,70,norris_2022_11,0,+1 lap,classificado,False,0,0,0,0,UNKNOWN,0,0,0,0,1,0,0,0,0,0,0,0,0,0,0,0,0,0,0,0,0,0,0,0,0,0,0,0,0,0,0,0,0,0,0,0,0,0,0,0,0,0,0,0,1,0,0,0,0,0,0,0,0,0.9971575986750684,0.5,0.8023255813953488
2022,11,kevin_magnussen,7,8,+1 Lap,4.0,70,kevin_magnussen_2022_11,0,+1 lap,classificado,False,0,0,0,0,UNKNOWN,0,0,0,0,1,0,0,0,0,0,0,0,0,0,0,0,0,0,0,0,0,0,0,0,0,0,0,0,0,0,0,0,0,0,0,0,0,0,0,0,0,0,0,1,0,0,0,0,0,0,0,0,0,0.9971575986750684,0.35000000000000003,0.8023255813953488
2022,11,ricciardo,11,9,+1 Lap,2.0,70,ricciardo_2022_11,0,+1 lap,classificado,False,0,0,0,0,UNKNOWN,0,0,0,0,1,0,0,0,0,0,0,0,0,0,0,0,0,0,0,0,0,0,0,0,0,0,0,0,0,0,0,0,0,0,0,0,0,0,0,0,0,0,0,0,1,0,0,0,0,0,0,0,0,0.9971575986750684,0.55,0.8023255813953488
2022,11,alonso,19,10,+1 Lap,1.0,70,alonso_2022_11,0,+1 lap,classificado,False,0,0,0,0,UNKNOWN,0,0,0,0,1,0,0,0,0,0,0,0,0,0,0,0,0,0,0,0,0,0,0,0,0,0,0,0,0,0,0,0,0,0,0,0,0,0,0,1,0,0,0,0,0,0,0,0,0,0,0,0,0,0.9971575986750684,0.9500000000000001,0.8023255813953488
2022,11,bottas,0,11,+1 Lap,0.0,70,bottas_2022_11,1,+1 lap,classificado,False,0,0,0,0,UNKNOWN,0,0,0,0,1,0,0,0,0,0,0,0,0,0,0,0,0,0,0,0,0,0,0,0,0,0,0,0,0,0,0,0,0,0,0,0,0,1,0,0,0,0,0,0,0,0,0,0,0,0,0,0,0,0.9971575986750684,0.0,0.8023255813953488
2022,11,albon,15,12,+1 Lap,0.0,70,albon_2022_11,0,+1 lap,classificado,False,0,0,0,0,UNKNOWN,0,0,0,0,1,0,0,0,0,0,0,0,0,0,0,0,0,0,0,0,0,0,0,0,0,0,0,0,0,0,0,0,0,0,0,0,0,0,0,0,0,0,0,0,0,0,0,0,0,0,0,0,1,0.9971575986750684,0.75,0.8023255813953488
2022,11,stroll,12,13,+1 Lap,0.0,70,stroll_2022_11,0,+1 lap,classificado,False,0,0,0,0,UNKNOWN,0,0,0,0,1,0,0,0,0,0,0,0,0,0,0,0,0,0,0,0,0,0,0,0,0,0,0,0,0,0,0,0,0,0,0,0,0,0,0,0,1,0,0,0,0,0,0,0,0,0,0,0,0,0.9971575986750684,0.6000000000000001,0.8023255813953488
2022,11,zhou,13,14,+1 Lap,0.0,70,zhou_2022_11,0,+1 lap,classificado,False,0,0,0,0,UNKNOWN,0,0,0,0,1,0,0,0,0,0,0,0,0,0,0,0,0,0,0,0,0,0,0,0,0,0,0,0,0,0,0,0,0,0,0,0,0,1,0,0,0,0,0,0,0,0,0,0,0,0,0,0,0,0.9971575986750684,0.65,0.8023255813953488
2022,11,gasly,14,15,+1 Lap,0.0,70,gasly_2022_11,0,+1 lap,classificado,False,0,0,0,0,UNKNOWN,0,0,0,0,1,0,0,0,0,0,0,0,0,0,0,0,0,0,0,0,0,0,0,0,0,0,0,0,0,0,0,0,0,0,0,0,0,0,1,0,0,0,0,0,0,0,0,0,0,0,0,0,0,0.9971575986750684,0.7000000000000001,0.8023255813953488
2022,11,tsunoda,16,16,+1 Lap,0.0,70,tsunoda_2022_11,0,+1 lap,classificado,False,0,0,0,0,UNKNOWN,0,0,0,0,1,0,0,0,0,0,0,0,0,0,0,0,0,0,0,0,0,0,0,0,0,0,0,0,0,0,0,0,0,0,0,0,0,0,1,0,0,0,0,0,0,0,0,0,0,0,0,0,0,0.9971575986750684,0.8,0.8023255813953488
2022,11,vettel,18,17,+1 Lap,0.0,70,vettel_2022_11,0,+1 lap,classificado,False,0,0,0,0,UNKNOWN,0,0,0,0,1,0,0,0,0,0,0,0,0,0,0,0,0,0,0,0,0,0,0,0,0,0,0,0,0,0,0,0,0,0,0,0,0,0,0,0,1,0,0,0,0,0,0,0,0,0,0,0,0,0.9971575986750684,0.9,0.8023255813953488
2022,12,max_verstappen,2,1,Finished,25.0,53,max_verstappen_2022_12,0,finished,classificado,False,0,0,0,0,UNKNOWN,0,0,0,0,0,0,0,0,0,0,0,0,0,0,0,1,0,0,0,0,0,0,0,0,0,0,0,0,0,0,0,0,0,0,0,0,0,0,0,0,0,0,0,0,0,0,0,0,1,0,0,0,0,-0.6199117631280925,0.1,0.6046511627906976
2022,12,hamilton,4,2,Finished,18.0,53,hamilton_2022_12,0,finished,classificado,False,0,0,0,0,UNKNOWN,0,0,0,0,0,0,0,0,0,0,0,0,0,0,0,1,0,0,0,0,0,0,0,0,0,0,0,0,0,0,0,0,0,0,0,0,0,0,0,0,0,0,0,0,0,1,0,0,0,0,0,0,0,-0.6199117631280925,0.2,0.6046511627906976
2022,12,russell,6,3,Finished,15.0,53,russell_2022_12,0,finished,classificado,False,0,0,0,0,UNKNOWN,0,0,0,0,0,0,0,0,0,0,0,0,0,0,0,1,0,0,0,0,0,0,0,0,0,0,0,0,0,0,0,0,0,0,0,0,0,0,0,0,0,0,0,0,0,1,0,0,0,0,0,0,0,-0.6199117631280925,0.30000000000000004,0.6046511627906976
2022,12,perez,3,4,Finished,12.0,53,perez_2022_12,0,finished,classificado,False,0,0,0,0,UNKNOWN,0,0,0,0,0,0,0,0,0,0,0,0,0,0,0,1,0,0,0,0,0,0,0,0,0,0,0,0,0,0,0,0,0,0,0,0,0,0,0,0,0,0,0,0,0,0,0,0,1,0,0,0,0,-0.6199117631280925,0.15000000000000002,0.6046511627906976
2022,12,sainz,19,5,Finished,11.0,53,sainz_2022_12,0,finished,classificado,False,0,0,0,0,UNKNOWN,0,0,0,0,0,0,0,0,0,0,0,0,0,0,0,1,0,0,0,0,0,0,0,0,0,0,0,0,0,0,0,0,0,0,0,0,0,0,0,0,0,1,0,0,0,0,0,0,0,0,0,0,0,-0.6199117631280925,0.9500000000000001,0.6046511627906976
2022,12,alonso,7,6,Finished,8.0,53,alonso_2022_12,0,finished,classificado,False,0,0,0,0,UNKNOWN,0,0,0,0,0,0,0,0,0,0,0,0,0,0,0,1,0,0,0,0,0,0,0,0,0,0,0,0,0,0,0,0,0,0,0,0,0,0,0,1,0,0,0,0,0,0,0,0,0,0,0,0,0,-0.6199117631280925,0.35000000000000003,0.6046511627906976
2022,12,norris,5,7,Finished,6.0,53,norris_2022_12,0,finished,classificado,False,0,0,0,0,UNKNOWN,0,0,0,0,0,0,0,0,0,0,0,0,0,0,0,1,0,0,0,0,0,0,0,0,0,0,0,0,0,0,0,0,0,0,0,0,0,0,0,0,0,0,0,0,1,0,0,0,0,0,0,0,0,-0.6199117631280925,0.25,0.6046511627906976
2022,12,ocon,10,8,Finished,4.0,53,ocon_2022_12,0,finished,classificado,False,0,0,0,0,UNKNOWN,0,0,0,0,0,0,0,0,0,0,0,0,0,0,0,1,0,0,0,0,0,0,0,0,0,0,0,0,0,0,0,0,0,0,0,0,0,0,0,1,0,0,0,0,0,0,0,0,0,0,0,0,0,-0.6199117631280925,0.5,0.6046511627906976
2022,12,ricciardo,9,9,Finished,2.0,53,ricciardo_2022_12,0,finished,classificado,False,0,0,0,0,UNKNOWN,0,0,0,0,0,0,0,0,0,0,0,0,0,0,0,1,0,0,0,0,0,0,0,0,0,0,0,0,0,0,0,0,0,0,0,0,0,0,0,0,0,0,0,0,1,0,0,0,0,0,0,0,0,-0.6199117631280925,0.45,0.6046511627906976
2022,12,stroll,15,10,Finished,1.0,53,stroll_2022_12,0,finished,classificado,False,0,0,0,0,UNKNOWN,0,0,0,0,0,0,0,0,0,0,0,0,0,0,0,1,0,0,0,0,0,0,0,0,0,0,0,0,0,0,0,0,0,0,0,0,0,0,0,0,1,0,0,0,0,0,0,0,0,0,0,0,0,-0.6199117631280925,0.75,0.6046511627906976
2022,12,vettel,12,11,Finished,0.0,53,vettel_2022_12,0,finished,classificado,False,0,0,0,0,UNKNOWN,0,0,0,0,0,0,0,0,0,0,0,0,0,0,0,1,0,0,0,0,0,0,0,0,0,0,0,0,0,0,0,0,0,0,0,0,0,0,0,0,1,0,0,0,0,0,0,0,0,0,0,0,0,-0.6199117631280925,0.6000000000000001,0.6046511627906976
2022,12,gasly,14,12,Finished,0.0,53,gasly_2022_12,0,finished,classificado,False,0,0,0,0,UNKNOWN,0,0,0,0,0,0,0,0,0,0,0,0,0,0,0,1,0,0,0,0,0,0,0,0,0,0,0,0,0,0,0,0,0,0,0,0,0,0,1,0,0,0,0,0,0,0,0,0,0,0,0,0,0,-0.6199117631280925,0.7000000000000001,0.6046511627906976
2022,12,albon,13,13,Finished,0.0,53,albon_2022_12,0,finished,classificado,False,0,0,0,0,UNKNOWN,0,0,0,0,0,0,0,0,0,0,0,0,0,0,0,1,0,0,0,0,0,0,0,0,0,0,0,0,0,0,0,0,0,0,0,0,0,0,0,0,0,0,0,0,0,0,0,0,0,0,0,0,1,-0.6199117631280925,0.65,0.6046511627906976
2022,12,bottas,11,14,Finished,0.0,53,bottas_2022_12,0,finished,classificado,False,0,0,0,0,UNKNOWN,0,0,0,0,0,0,0,0,0,0,0,0,0,0,0,1,0,0,0,0,0,0,0,0,0,0,0,0,0,0,0,0,0,0,0,0,0,1,0,0,0,0,0,0,0,0,0,0,0,0,0,0,0,-0.6199117631280925,0.55,0.6046511627906976
2022,12,mick_schumacher,17,15,Finished,0.0,53,mick_schumacher_2022_12,0,finished,classificado,False,0,0,0,0,UNKNOWN,0,0,0,0,0,0,0,0,0,0,0,0,0,0,0,1,0,0,0,0,0,0,0,0,0,0,0,0,0,0,0,0,0,0,0,0,0,0,0,0,0,0,0,1,0,0,0,0,0,0,0,0,0,-0.6199117631280925,0.8500000000000001,0.6046511627906976
2022,12,zhou,16,16,+6 Laps,0.0,47,zhou_2022_12,0,+6 laps,classificado,False,0,0,0,0,UNKNOWN,0,0,0,0,0,0,0,0,0,0,0,0,0,0,0,1,0,0,0,0,0,0,0,0,0,0,0,0,0,0,0,0,0,0,0,0,0,1,0,0,0,0,0,0,0,0,0,0,0,0,0,0,0,-1.1906421261174434,0.8,0.5348837209302325
2022,13,max_verstappen,10,1,Finished,25.0,70,max_verstappen_2022_13,0,finished,classificado,False,0,0,0,0,UNKNOWN,0,0,0,0,0,0,0,0,0,0,0,0,0,0,0,0,0,1,0,0,0,0,0,0,0,0,0,0,0,0,0,0,0,0,0,0,0,0,0,0,0,0,0,0,0,0,0,0,1,0,0,0,0,0.9971575986750684,0.5,0.8023255813953488
2022,13,hamilton,7,2,Finished,19.0,70,hamilton_2022_13,0,finished,classificado,False,0,0,0,0,UNKNOWN,0,0,0,0,0,0,0,0,0,0,0,0,0,0,0,0,0,1,0,0,0,0,0,0,0,0,0,0,0,0,0,0,0,0,0,0,0,0,0,0,0,0,0,0,0,1,0,0,0,0,0,0,0,0.9971575986750684,0.35000000000000003,0.8023255813953488
2022,13,russell,1,3,Finished,15.0,70,russell_2022_13,0,finished,classificado,False,0,0,0,0,UNKNOWN,0,0,0,0,0,0,0,0,0,0,0,0,0,0,0,0,0,1,0,0,0,0,0,0,0,0,0,0,0,0,0,0,0,0,0,0,0,0,0,0,0,0,0,0,0,1,0,0,0,0,0,0,0,0.9971575986750684,0.05,0.8023255813953488
2022,13,sainz,2,4,Finished,12.0,70,sainz_2022_13,0,finished,classificado,False,0,0,0,0,UNKNOWN,0,0,0,0,0,0,0,0,0,0,0,0,0,0,0,0,0,1,0,0,0,0,0,0,0,0,0,0,0,0,0,0,0,0,0,0,0,0,0,0,0,1,0,0,0,0,0,0,0,0,0,0,0,0.9971575986750684,0.1,0.8023255813953488
2022,13,perez,11,5,Finished,10.0,70,perez_2022_13,0,finished,classificado,False,0,0,0,0,UNKNOWN,0,0,0,0,0,0,0,0,0,0,0,0,0,0,0,0,0,1,0,0,0,0,0,0,0,0,0,0,0,0,0,0,0,0,0,0,0,0,0,0,0,0,0,0,0,0,0,0,1,0,0,0,0,0.9971575986750684,0.55,0.8023255813953488
2022,13,leclerc,3,6,Finished,8.0,70,leclerc_2022_13,0,finished,classificado,False,0,0,0,0,UNKNOWN,0,0,0,0,0,0,0,0,0,0,0,0,0,0,0,0,0,1,0,0,0,0,0,0,0,0,0,0,0,0,0,0,0,0,0,0,0,0,0,0,0,1,0,0,0,0,0,0,0,0,0,0,0,0.9971575986750684,0.15000000000000002,0.8023255813953488
2022,13,norris,4,7,Finished,6.0,70,norris_2022_13,0,finished,classificado,False,0,0,0,0,UNKNOWN,0,0,0,0,0,0,0,0,0,0,0,0,0,0,0,0,0,1,0,0,0,0,0,0,0,0,0,0,0,0,0,0,0,0,0,0,0,0,0,0,0,0,0,0,1,0,0,0,0,0,0,0,0,0.9971575986750684,0.2,0.8023255813953488
2022,13,alonso,6,8,+1 Lap,4.0,69,alonso_2022_13,0,+1 lap,classificado,False,0,0,0,0,UNKNOWN,0,0,0,0,0,0,0,0,0,0,0,0,0,0,0,0,0,1,0,0,0,0,0,0,0,0,0,0,0,0,0,0,0,0,0,0,0,0,0,1,0,0,0,0,0,0,0,0,0,0,0,0,0,0.9020358715101766,0.30000000000000004,0.7906976744186046
2022,13,ocon,5,9,+1 Lap,2.0,69,ocon_2022_13,0,+1 lap,classificado,False,0,0,0,0,UNKNOWN,0,0,0,0,0,0,0,0,0,0,0,0,0,0,0,0,0,1,0,0,0,0,0,0,0,0,0,0,0,0,0,0,0,0,0,0,0,0,0,1,0,0,0,0,0,0,0,0,0,0,0,0,0,0.9020358715101766,0.25,0.7906976744186046
2022,13,vettel,18,10,+1 Lap,1.0,69,vettel_2022_13,0,+1 lap,classificado,False,0,0,0,0,UNKNOWN,0,0,0,0,0,0,0,0,0,0,0,0,0,0,0,0,0,1,0,0,0,0,0,0,0,0,0,0,0,0,0,0,0,0,0,0,0,0,0,0,1,0,0,0,0,0,0,0,0,0,0,0,0,0.9020358715101766,0.9,0.7906976744186046
2022,13,stroll,14,11,+1 Lap,0.0,69,stroll_2022_13,0,+1 lap,classificado,False,0,0,0,0,UNKNOWN,0,0,0,0,0,0,0,0,0,0,0,0,0,0,0,0,0,1,0,0,0,0,0,0,0,0,0,0,0,0,0,0,0,0,0,0,0,0,0,0,1,0,0,0,0,0,0,0,0,0,0,0,0,0.9020358715101766,0.7000000000000001,0.7906976744186046
2022,13,gasly,0,12,+1 Lap,0.0,69,gasly_2022_13,1,+1 lap,classificado,False,0,0,0,0,UNKNOWN,0,0,0,0,0,0,0,0,0,0,0,0,0,0,0,0,0,1,0,0,0,0,0,0,0,0,0,0,0,0,0,0,0,0,0,0,0,0,1,0,0,0,0,0,0,0,0,0,0,0,0,0,0,0.9020358715101766,0.0,0.7906976744186046
2022,13,zhou,12,13,+1 Lap,0.0,69,zhou_2022_13,0,+1 lap,classificado,False,0,0,0,0,UNKNOWN,0,0,0,0,0,0,0,0,0,0,0,0,0,0,0,0,0,1,0,0,0,0,0,0,0,0,0,0,0,0,0,0,0,0,0,0,0,1,0,0,0,0,0,0,0,0,0,0,0,0,0,0,0,0.9020358715101766,0.6000000000000001,0.7906976744186046
2022,13,mick_schumacher,15,14,+1 Lap,0.0,69,mick_schumacher_2022_13,0,+1 lap,classificado,False,0,0,0,0,UNKNOWN,0,0,0,0,0,0,0,0,0,0,0,0,0,0,0,0,0,1,0,0,0,0,0,0,0,0,0,0,0,0,0,0,0,0,0,0,0,0,0,0,0,0,0,1,0,0,0,0,0,0,0,0,0,0.9020358715101766,0.75,0.7906976744186046
2022,13,ricciardo,9,15,+1 Lap,0.0,69,ricciardo_2022_13,0,+1 lap,classificado,False,0,0,0,0,UNKNOWN,0,0,0,0,0,0,0,0,0,0,0,0,0,0,0,0,0,1,0,0,0,0,0,0,0,0,0,0,0,0,0,0,0,0,0,0,0,0,0,0,0,0,0,0,1,0,0,0,0,0,0,0,0,0.9020358715101766,0.45,0.7906976744186046
2022,13,kevin_magnussen,13,16,+1 Lap,0.0,69,kevin_magnussen_2022_13,0,+1 lap,classificado,False,0,0,0,0,UNKNOWN,0,0,0,0,0,0,0,0,0,0,0,0,0,0,0,0,0,1,0,0,0,0,0,0,0,0,0,0,0,0,0,0,0,0,0,0,0,0,0,0,0,0,0,1,0,0,0,0,0,0,0,0,0,0.9020358715101766,0.65,0.7906976744186046
2022,13,albon,17,17,+1 Lap,0.0,69,albon_2022_13,0,+1 lap,classificado,False,0,0,0,0,UNKNOWN,0,0,0,0,0,0,0,0,0,0,0,0,0,0,0,0,0,1,0,0,0,0,0,0,0,0,0,0,0,0,0,0,0,0,0,0,0,0,0,0,0,0,0,0,0,0,0,0,0,0,0,0,1,0.9020358715101766,0.8500000000000001,0.7906976744186046
2022,13,latifi,19,18,+1 Lap,0.0,69,latifi_2022_13,0,+1 lap,classificado,False,0,0,0,0,UNKNOWN,0,0,0,0,0,0,0,0,0,0,0,0,0,0,0,0,0,1,0,0,0,0,0,0,0,0,0,0,0,0,0,0,0,0,0,0,0,0,0,0,0,0,0,0,0,0,0,0,0,0,0,0,1,0.9020358715101766,0.9500000000000001,0.7906976744186046
2022,13,tsunoda,16,19,+2 Laps,0.0,68,tsunoda_2022_13,0,+2 laps,classificado,False,0,0,0,0,UNKNOWN,0,0,0,0,0,0,0,0,0,0,0,0,0,0,0,0,0,1,0,0,0,0,0,0,0,0,0,0,0,0,0,0,0,0,0,0,0,0,1,0,0,0,0,0,0,0,0,0,0,0,0,0,0,0.8069141443452847,0.8,0.7790697674418604
2022,14,max_verstappen,14,1,Finished,26.0,44,max_verstappen_2022_14,0,finished,classificado,False,0,0,0,0,UNKNOWN,0,0,0,0,0,0,0,1,0,0,0,0,0,0,0,0,0,0,0,0,0,0,0,0,0,0,0,0,0,0,0,0,0,0,0,0,0,0,0,0,0,0,0,0,0,0,0,0,1,0,0,0,0,-1.4760073076121187,0.7000000000000001,0.5
2022,14,perez,2,2,Finished,18.0,44,perez_2022_14,0,finished,classificado,False,0,0,0,0,UNKNOWN,0,0,0,0,0,0,0,1,0,0,0,0,0,0,0,0,0,0,0,0,0,0,0,0,0,0,0,0,0,0,0,0,0,0,0,0,0,0,0,0,0,0,0,0,0,0,0,0,1,0,0,0,0,-1.4760073076121187,0.1,0.5
2022,14,sainz,1,3,Finished,15.0,44,sainz_2022_14,0,finished,classificado,False,0,0,0,0,UNKNOWN,0,0,0,0,0,0,0,1,0,0,0,0,0,0,0,0,0,0,0,0,0,0,0,0,0,0,0,0,0,0,0,0,0,0,0,0,0,0,0,0,0,1,0,0,0,0,0,0,0,0,0,0,0,-1.4760073076121187,0.05,0.5
2022,14,russell,5,4,Finished,12.0,44,russell_2022_14,0,finished,classificado,False,0,0,0,0,UNKNOWN,0,0,0,0,0,0,0,1,0,0,0,0,0,0,0,0,0,0,0,0,0,0,0,0,0,0,0,0,0,0,0,0,0,0,0,0,0,0,0,0,0,0,0,0,0,1,0,0,0,0,0,0,0,-1.4760073076121187,0.25,0.5
2022,14,alonso,3,5,Finished,10.0,44,alonso_2022_14,0,finished,classificado,False,0,0,0,0,UNKNOWN,0,0,0,0,0,0,0,1,0,0,0,0,0,0,0,0,0,0,0,0,0,0,0,0,0,0,0,0,0,0,0,0,0,0,0,0,0,0,0,1,0,0,0,0,0,0,0,0,0,0,0,0,0,-1.4760073076121187,0.15000000000000002,0.5
2022,14,leclerc,15,6,Finished,8.0,44,leclerc_2022_14,0,finished,classificado,False,0,0,0,0,UNKNOWN,0,0,0,0,0,0,0,1,0,0,0,0,0,0,0,0,0,0,0,0,0,0,0,0,0,0,0,0,0,0,0,0,0,0,0,0,0,0,0,0,0,1,0,0,0,0,0,0,0,0,0,0,0,-1.4760073076121187,0.75,0.5
2022,14,ocon,16,7,Finished,6.0,44,ocon_2022_14,0,finished,classificado,False,0,0,0,0,UNKNOWN,0,0,0,0,0,0,0,1,0,0,0,0,0,0,0,0,0,0,0,0,0,0,0,0,0,0,0,0,0,0,0,0,0,0,0,0,0,0,0,1,0,0,0,0,0,0,0,0,0,0,0,0,0,-1.4760073076121187,0.8,0.5
2022,14,vettel,10,8,Finished,4.0,44,vettel_2022_14,0,finished,classificado,False,0,0,0,0,UNKNOWN,0,0,0,0,0,0,0,1,0,0,0,0,0,0,0,0,0,0,0,0,0,0,0,0,0,0,0,0,0,0,0,0,0,0,0,0,0,0,0,0,1,0,0,0,0,0,0,0,0,0,0,0,0,-1.4760073076121187,0.5,0.5
2022,14,gasly,0,9,Finished,2.0,44,gasly_2022_14,1,finished,classificado,False,0,0,0,0,UNKNOWN,0,0,0,0,0,0,0,1,0,0,0,0,0,0,0,0,0,0,0,0,0,0,0,0,0,0,0,0,0,0,0,0,0,0,0,0,0,0,1,0,0,0,0,0,0,0,0,0,0,0,0,0,0,-1.4760073076121187,0.0,0.5
2022,14,albon,6,10,Finished,1.0,44,albon_2022_14,0,finished,classificado,False,0,0,0,0,UNKNOWN,0,0,0,0,0,0,0,1,0,0,0,0,0,0,0,0,0,0,0,0,0,0,0,0,0,0,0,0,0,0,0,0,0,0,0,0,0,0,0,0,0,0,0,0,0,0,0,0,0,0,0,0,1,-1.4760073076121187,0.30000000000000004,0.5
2022,14,stroll,9,11,Finished,0.0,44,stroll_2022_14,0,finished,classificado,False,0,0,0,0,UNKNOWN,0,0,0,0,0,0,0,1,0,0,0,0,0,0,0,0,0,0,0,0,0,0,0,0,0,0,0,0,0,0,0,0,0,0,0,0,0,0,0,0,1,0,0,0,0,0,0,0,0,0,0,0,0,-1.4760073076121187,0.45,0.5
2022,14,norris,17,12,Finished,0.0,44,norris_2022_14,0,finished,classificado,False,0,0,0,0,UNKNOWN,0,0,0,0,0,0,0,1,0,0,0,0,0,0,0,0,0,0,0,0,0,0,0,0,0,0,0,0,0,0,0,0,0,0,0,0,0,0,0,0,0,0,0,0,1,0,0,0,0,0,0,0,0,-1.4760073076121187,0.8500000000000001,0.5
2022,14,tsunoda,0,13,Finished,0.0,44,tsunoda_2022_14,1,finished,classificado,False,0,0,0,0,UNKNOWN,0,0,0,0,0,0,0,1,0,0,0,0,0,0,0,0,0,0,0,0,0,0,0,0,0,0,0,0,0,0,0,0,0,0,0,0,0,0,1,0,0,0,0,0,0,0,0,0,0,0,0,0,0,-1.4760073076121187,0.0,0.5
2022,14,zhou,18,14,Finished,0.0,44,zhou_2022_14,0,finished,classificado,False,0,0,0,0,UNKNOWN,0,0,0,0,0,0,0,1,0,0,0,0,0,0,0,0,0,0,0,0,0,0,0,0,0,0,0,0,0,0,0,0,0,0,0,0,0,1,0,0,0,0,0,0,0,0,0,0,0,0,0,0,0,-1.4760073076121187,0.9,0.5
2022,14,ricciardo,7,15,Finished,0.0,44,ricciardo_2022_14,0,finished,classificado,False,0,0,0,0,UNKNOWN,0,0,0,0,0,0,0,1,0,0,0,0,0,0,0,0,0,0,0,0,0,0,0,0,0,0,0,0,0,0,0,0,0,0,0,0,0,0,0,0,0,0,0,0,1,0,0,0,0,0,0,0,0,-1.4760073076121187,0.35000000000000003,0.5
2022,14,kevin_magnussen,12,16,+1 Lap,0.0,43,kevin_magnussen_2022_14,0,+1 lap,classificado,False,0,0,0,0,UNKNOWN,0,0,0,0,0,0,0,1,0,0,0,0,0,0,0,0,0,0,0,0,0,0,0,0,0,0,0,0,0,0,0,0,0,0,0,0,0,0,0,0,0,0,0,1,0,0,0,0,0,0,0,0,0,-1.5711290347770106,0.6000000000000001,0.4883720930232558
2022,14,mick_schumacher,19,17,+1 Lap,0.0,43,mick_schumacher_2022_14,0,+1 lap,classificado,False,0,0,0,0,UNKNOWN,0,0,0,0,0,0,0,1,0,0,0,0,0,0,0,0,0,0,0,0,0,0,0,0,0,0,0,0,0,0,0,0,0,0,0,0,0,0,0,0,0,0,0,1,0,0,0,0,0,0,0,0,0,-1.5711290347770106,0.9500000000000001,0.4883720930232558
2022,14,latifi,11,18,+1 Lap,0.0,43,latifi_2022_14,0,+1 lap,classificado,False,0,0,0,0,UNKNOWN,0,0,0,0,0,0,0,1,0,0,0,0,0,0,0,0,0,0,0,0,0,0,0,0,0,0,0,0,0,0,0,0,0,0,0,0,0,0,0,0,0,0,0,0,0,0,0,0,0,0,0,0,1,-1.5711290347770106,0.55,0.4883720930232558
2022,15,max_verstappen,1,1,Finished,26.0,72,max_verstappen_2022_15,0,finished,classificado,False,0,0,0,0,UNKNOWN,0,0,0,0,0,0,0,0,0,0,0,0,1,0,0,0,0,0,0,0,0,0,0,0,0,0,0,0,0,0,0,0,0,0,0,0,0,0,0,0,0,0,0,0,0,0,0,0,1,0,0,0,0,1.187401053004852,0.05,0.8255813953488371
2022,15,russell,6,2,Finished,18.0,72,russell_2022_15,0,finished,classificado,False,0,0,0,0,UNKNOWN,0,0,0,0,0,0,0,0,0,0,0,0,1,0,0,0,0,0,0,0,0,0,0,0,0,0,0,0,0,0,0,0,0,0,0,0,0,0,0,0,0,0,0,0,0,1,0,0,0,0,0,0,0,1.187401053004852,0.30000000000000004,0.8255813953488371
2022,15,leclerc,2,3,Finished,15.0,72,leclerc_2022_15,0,finished,classificado,False,0,0,0,0,UNKNOWN,0,0,0,0,0,0,0,0,0,0,0,0,1,0,0,0,0,0,0,0,0,0,0,0,0,0,0,0,0,0,0,0,0,0,0,0,0,0,0,0,0,1,0,0,0,0,0,0,0,0,0,0,0,1.187401053004852,0.1,0.8255813953488371
2022,15,hamilton,4,4,Finished,12.0,72,hamilton_2022_15,0,finished,classificado,False,0,0,0,0,UNKNOWN,0,0,0,0,0,0,0,0,0,0,0,0,1,0,0,0,0,0,0,0,0,0,0,0,0,0,0,0,0,0,0,0,0,0,0,0,0,0,0,0,0,0,0,0,0,1,0,0,0,0,0,0,0,1.187401053004852,0.2,0.8255813953488371
2022,15,perez,5,5,Finished,10.0,72,perez_2022_15,0,finished,classificado,False,0,0,0,0,UNKNOWN,0,0,0,0,0,0,0,0,0,0,0,0,1,0,0,0,0,0,0,0,0,0,0,0,0,0,0,0,0,0,0,0,0,0,0,0,0,0,0,0,0,0,0,0,0,0,0,0,1,0,0,0,0,1.187401053004852,0.25,0.8255813953488371
2022,15,alonso,13,6,Finished,8.0,72,alonso_2022_15,0,finished,classificado,False,0,0,0,0,UNKNOWN,0,0,0,0,0,0,0,0,0,0,0,0,1,0,0,0,0,0,0,0,0,0,0,0,0,0,0,0,0,0,0,0,0,0,0,0,0,0,0,1,0,0,0,0,0,0,0,0,0,0,0,0,0,1.187401053004852,0.65,0.8255813953488371
2022,15,norris,7,7,Finished,6.0,72,norris_2022_15,0,finished,classificado,False,0,0,0,0,UNKNOWN,0,0,0,0,0,0,0,0,0,0,0,0,1,0,0,0,0,0,0,0,0,0,0,0,0,0,0,0,0,0,0,0,0,0,0,0,0,0,0,0,0,0,0,0,1,0,0,0,0,0,0,0,0,1.187401053004852,0.35000000000000003,0.8255813953488371
2022,15,sainz,3,8,Finished,4.0,72,sainz_2022_15,0,finished,classificado,False,0,0,0,0,UNKNOWN,0,0,0,0,0,0,0,0,0,0,0,0,1,0,0,0,0,0,0,0,0,0,0,0,0,0,0,0,0,0,0,0,0,0,0,0,0,0,0,0,0,1,0,0,0,0,0,0,0,0,0,0,0,1.187401053004852,0.15000000000000002,0.8255813953488371
2022,15,ocon,12,9,Finished,2.0,72,ocon_2022_15,0,finished,classificado,False,0,0,0,0,UNKNOWN,0,0,0,0,0,0,0,0,0,0,0,0,1,0,0,0,0,0,0,0,0,0,0,0,0,0,0,0,0,0,0,0,0,0,0,0,0,0,0,1,0,0,0,0,0,0,0,0,0,0,0,0,0,1.187401053004852,0.6000000000000001,0.8255813953488371
2022,15,stroll,10,10,Finished,1.0,72,stroll_2022_15,0,finished,classificado,False,0,0,0,0,UNKNOWN,0,0,0,0,0,0,0,0,0,0,0,0,1,0,0,0,0,0,0,0,0,0,0,0,0,0,0,0,0,0,0,0,0,0,0,0,0,0,0,0,1,0,0,0,0,0,0,0,0,0,0,0,0,1.187401053004852,0.5,0.8255813953488371
2022,15,gasly,11,11,Finished,0.0,72,gasly_2022_15,0,finished,classificado,False,0,0,0,0,UNKNOWN,0,0,0,0,0,0,0,0,0,0,0,0,1,0,0,0,0,0,0,0,0,0,0,0,0,0,0,0,0,0,0,0,0,0,0,0,0,0,1,0,0,0,0,0,0,0,0,0,0,0,0,0,0,1.187401053004852,0.55,0.8255813953488371
2022,15,albon,15,12,Finished,0.0,72,albon_2022_15,0,finished,classificado,False,0,0,0,0,UNKNOWN,0,0,0,0,0,0,0,0,0,0,0,0,1,0,0,0,0,0,0,0,0,0,0,0,0,0,0,0,0,0,0,0,0,0,0,0,0,0,0,0,0,0,0,0,0,0,0,0,0,0,0,0,1,1.187401053004852,0.75,0.8255813953488371
2022,15,mick_schumacher,8,13,Finished,0.0,72,mick_schumacher_2022_15,0,finished,classificado,False,0,0,0,0,UNKNOWN,0,0,0,0,0,0,0,0,0,0,0,0,1,0,0,0,0,0,0,0,0,0,0,0,0,0,0,0,0,0,0,0,0,0,0,0,0,0,0,0,0,0,0,1,0,0,0,0,0,0,0,0,0,1.187401053004852,0.4,0.8255813953488371
2022,15,vettel,19,14,Finished,0.0,72,vettel_2022_15,0,finished,classificado,False,0,0,0,0,UNKNOWN,0,0,0,0,0,0,0,0,0,0,0,0,1,0,0,0,0,0,0,0,0,0,0,0,0,0,0,0,0,0,0,0,0,0,0,0,0,0,0,0,1,0,0,0,0,0,0,0,0,0,0,0,0,1.187401053004852,0.9500000000000001,0.8255813953488371
2022,15,kevin_magnussen,18,15,Finished,0.0,72,kevin_magnussen_2022_15,0,finished,classificado,False,0,0,0,0,UNKNOWN,0,0,0,0,0,0,0,0,0,0,0,0,1,0,0,0,0,0,0,0,0,0,0,0,0,0,0,0,0,0,0,0,0,0,0,0,0,0,0,0,0,0,0,1,0,0,0,0,0,0,0,0,0,1.187401053004852,0.9,0.8255813953488371
2022,15,zhou,14,16,Finished,0.0,72,zhou_2022_15,0,finished,classificado,False,0,0,0,0,UNKNOWN,0,0,0,0,0,0,0,0,0,0,0,0,1,0,0,0,0,0,0,0,0,0,0,0,0,0,0,0,0,0,0,0,0,0,0,0,0,1,0,0,0,0,0,0,0,0,0,0,0,0,0,0,0,1.187401053004852,0.7000000000000001,0.8255813953488371
2022,15,ricciardo,17,17,Finished,0.0,72,ricciardo_2022_15,0,finished,classificado,False,0,0,0,0,UNKNOWN,0,0,0,0,0,0,0,0,0,0,0,0,1,0,0,0,0,0,0,0,0,0,0,0,0,0,0,0,0,0,0,0,0,0,0,0,0,0,0,0,0,0,0,0,1,0,0,0,0,0,0,0,0,1.187401053004852,0.8500000000000001,0.8255813953488371
2022,15,latifi,20,18,+1 Lap,0.0,71,latifi_2022_15,0,+1 lap,classificado,False,0,0,0,0,UNKNOWN,0,0,0,0,0,0,0,0,0,0,0,0,1,0,0,0,0,0,0,0,0,0,0,0,0,0,0,0,0,0,0,0,0,0,0,0,0,0,0,0,0,0,0,0,0,0,0,0,0,0,0,0,1,1.0922793258399601,1.0,0.813953488372093
2022,16,max_verstappen,7,1,Finished,25.0,53,max_verstappen_2022_16,0,finished,classificado,False,0,0,0,0,UNKNOWN,0,0,0,0,0,0,0,0,0,0,0,0,0,0,0,0,0,0,1,0,0,0,0,0,0,0,0,0,0,0,0,0,0,0,0,0,0,0,0,0,0,0,0,0,0,0,0,0,1,0,0,0,0,-0.6199117631280925,0.35000000000000003,0.6046511627906976
2022,16,leclerc,1,2,Finished,18.0,53,leclerc_2022_16,0,finished,classificado,False,0,0,0,0,UNKNOWN,0,0,0,0,0,0,0,0,0,0,0,0,0,0,0,0,0,0,1,0,0,0,0,0,0,0,0,0,0,0,0,0,0,0,0,0,0,0,0,0,0,1,0,0,0,0,0,0,0,0,0,0,0,-0.6199117631280925,0.05,0.6046511627906976
2022,16,russell,2,3,Finished,15.0,53,russell_2022_16,0,finished,classificado,False,0,0,0,0,UNKNOWN,0,0,0,0,0,0,0,0,0,0,0,0,0,0,0,0,0,0,1,0,0,0,0,0,0,0,0,0,0,0,0,0,0,0,0,0,0,0,0,0,0,0,0,0,0,1,0,0,0,0,0,0,0,-0.6199117631280925,0.1,0.6046511627906976
2022,16,sainz,18,4,Finished,12.0,53,sainz_2022_16,0,finished,classificado,False,0,0,0,0,UNKNOWN,0,0,0,0,0,0,0,0,0,0,0,0,0,0,0,0,0,0,1,0,0,0,0,0,0,0,0,0,0,0,0,0,0,0,0,0,0,0,0,0,0,1,0,0,0,0,0,0,0,0,0,0,0,-0.6199117631280925,0.9,0.6046511627906976
2022,16,hamilton,19,5,Finished,10.0,53,hamilton_2022_16,0,finished,classificado,False,0,0,0,0,UNKNOWN,0,0,0,0,0,0,0,0,0,0,0,0,0,0,0,0,0,0,1,0,0,0,0,0,0,0,0,0,0,0,0,0,0,0,0,0,0,0,0,0,0,0,0,0,0,1,0,0,0,0,0,0,0,-0.6199117631280925,0.9500000000000001,0.6046511627906976
2022,16,perez,13,6,Finished,9.0,53,perez_2022_16,0,finished,classificado,False,0,0,0,0,UNKNOWN,0,0,0,0,0,0,0,0,0,0,0,0,0,0,0,0,0,0,1,0,0,0,0,0,0,0,0,0,0,0,0,0,0,0,0,0,0,0,0,0,0,0,0,0,0,0,0,0,1,0,0,0,0,-0.6199117631280925,0.65,0.6046511627906976
2022,16,norris,3,7,Finished,6.0,53,norris_2022_16,0,finished,classificado,False,0,0,0,0,UNKNOWN,0,0,0,0,0,0,0,0,0,0,0,0,0,0,0,0,0,0,1,0,0,0,0,0,0,0,0,0,0,0,0,0,0,0,0,0,0,0,0,0,0,0,0,0,1,0,0,0,0,0,0,0,0,-0.6199117631280925,0.15000000000000002,0.6046511627906976
2022,16,gasly,5,8,Finished,4.0,53,gasly_2022_16,0,finished,classificado,False,0,0,0,0,UNKNOWN,0,0,0,0,0,0,0,0,0,0,0,0,0,0,0,0,0,0,1,0,0,0,0,0,0,0,0,0,0,0,0,0,0,0,0,0,0,0,1,0,0,0,0,0,0,0,0,0,0,0,0,0,0,-0.6199117631280925,0.25,0.6046511627906976
2022,16,de_vries,8,9,Finished,2.0,53,de_vries_2022_16,0,finished,classificado,False,0,0,0,0,UNKNOWN,0,0,0,0,0,0,0,0,0,0,0,0,0,0,0,0,0,0,1,0,0,0,0,0,0,0,0,0,0,0,0,0,0,0,0,0,0,0,0,0,0,0,0,0,0,0,0,0,0,0,0,0,1,-0.6199117631280925,0.4,0.6046511627906976
2022,16,zhou,9,10,Finished,1.0,53,zhou_2022_16,0,finished,classificado,False,0,0,0,0,UNKNOWN,0,0,0,0,0,0,0,0,0,0,0,0,0,0,0,0,0,0,1,0,0,0,0,0,0,0,0,0,0,0,0,0,0,0,0,0,0,1,0,0,0,0,0,0,0,0,0,0,0,0,0,0,0,-0.6199117631280925,0.45,0.6046511627906976
2022,16,ocon,14,11,Finished,0.0,53,ocon_2022_16,0,finished,classificado,False,0,0,0,0,UNKNOWN,0,0,0,0,0,0,0,0,0,0,0,0,0,0,0,0,0,0,1,0,0,0,0,0,0,0,0,0,0,0,0,0,0,0,0,0,0,0,0,1,0,0,0,0,0,0,0,0,0,0,0,0,0,-0.6199117631280925,0.7000000000000001,0.6046511627906976
2022,16,mick_schumacher,17,12,Finished,0.0,53,mick_schumacher_2022_16,0,finished,classificado,False,0,0,0,0,UNKNOWN,0,0,0,0,0,0,0,0,0,0,0,0,0,0,0,0,0,0,1,0,0,0,0,0,0,0,0,0,0,0,0,0,0,0,0,0,0,0,0,0,0,0,0,1,0,0,0,0,0,0,0,0,0,-0.6199117631280925,0.8500000000000001,0.6046511627906976
2022,16,bottas,15,13,+1 Lap,0.0,52,bottas_2022_16,0,+1 lap,classificado,False,0,0,0,0,UNKNOWN,0,0,0,0,0,0,0,0,0,0,0,0,0,0,0,0,0,0,1,0,0,0,0,0,0,0,0,0,0,0,0,0,0,0,0,0,0,1,0,0,0,0,0,0,0,0,0,0,0,0,0,0,0,-0.7150334902929842,0.75,0.5930232558139534
2022,16,tsunoda,20,14,+1 Lap,0.0,52,tsunoda_2022_16,0,+1 lap,classificado,False,0,0,0,0,UNKNOWN,0,0,0,0,0,0,0,0,0,0,0,0,0,0,0,0,0,0,1,0,0,0,0,0,0,0,0,0,0,0,0,0,0,0,0,0,0,0,1,0,0,0,0,0,0,0,0,0,0,0,0,0,0,-0.7150334902929842,1.0,0.5930232558139534
2022,16,latifi,10,15,+1 Lap,0.0,52,latifi_2022_16,0,+1 lap,classificado,False,0,0,0,0,UNKNOWN,0,0,0,0,0,0,0,0,0,0,0,0,0,0,0,0,0,0,1,0,0,0,0,0,0,0,0,0,0,0,0,0,0,0,0,0,0,0,0,0,0,0,0,0,0,0,0,0,0,0,0,0,1,-0.7150334902929842,0.5,0.5930232558139534
2022,16,kevin_magnussen,16,16,+1 Lap,0.0,52,kevin_magnussen_2022_16,0,+1 lap,classificado,False,0,0,0,0,UNKNOWN,0,0,0,0,0,0,0,0,0,0,0,0,0,0,0,0,0,0,1,0,0,0,0,0,0,0,0,0,0,0,0,0,0,0,0,0,0,0,0,0,0,0,0,1,0,0,0,0,0,0,0,0,0,-0.7150334902929842,0.8,0.5930232558139534
2022,17,perez,2,1,Finished,25.0,59,perez_2022_17,0,finished,classificado,False,0,0,0,0,UNKNOWN,0,0,0,0,0,0,0,0,0,0,0,0,0,0,0,0,0,0,0,0,0,0,0,0,0,0,0,0,0,0,1,0,0,0,0,0,0,0,0,0,0,0,0,0,0,0,0,0,1,0,0,0,0,-0.04918140013874156,0.1,0.6744186046511628
2022,17,leclerc,1,2,Finished,18.0,59,leclerc_2022_17,0,finished,classificado,False,0,0,0,0,UNKNOWN,0,0,0,0,0,0,0,0,0,0,0,0,0,0,0,0,0,0,0,0,0,0,0,0,0,0,0,0,0,0,1,0,0,0,0,0,0,0,0,0,0,1,0,0,0,0,0,0,0,0,0,0,0,-0.04918140013874156,0.05,0.6744186046511628
2022,17,sainz,4,3,Finished,15.0,59,sainz_2022_17,0,finished,classificado,False,0,0,0,0,UNKNOWN,0,0,0,0,0,0,0,0,0,0,0,0,0,0,0,0,0,0,0,0,0,0,0,0,0,0,0,0,0,0,1,0,0,0,0,0,0,0,0,0,0,1,0,0,0,0,0,0,0,0,0,0,0,-0.04918140013874156,0.2,0.6744186046511628
2022,17,norris,6,4,Finished,12.0,59,norris_2022_17,0,finished,classificado,False,0,0,0,0,UNKNOWN,0,0,0,0,0,0,0,0,0,0,0,0,0,0,0,0,0,0,0,0,0,0,0,0,0,0,0,0,0,0,1,0,0,0,0,0,0,0,0,0,0,0,0,0,1,0,0,0,0,0,0,0,0,-0.04918140013874156,0.30000000000000004,0.6744186046511628
2022,17,ricciardo,16,5,Finished,10.0,59,ricciardo_2022_17,0,finished,classificado,False,0,0,0,0,UNKNOWN,0,0,0,0,0,0,0,0,0,0,0,0,0,0,0,0,0,0,0,0,0,0,0,0,0,0,0,0,0,0,1,0,0,0,0,0,0,0,0,0,0,0,0,0,1,0,0,0,0,0,0,0,0,-0.04918140013874156,0.8,0.6744186046511628
2022,17,stroll,11,6,Finished,8.0,59,stroll_2022_17,0,finished,classificado,False,0,0,0,0,UNKNOWN,0,0,0,0,0,0,0,0,0,0,0,0,0,0,0,0,0,0,0,0,0,0,0,0,0,0,0,0,0,0,1,0,0,0,0,0,0,0,0,0,1,0,0,0,0,0,0,0,0,0,0,0,0,-0.04918140013874156,0.55,0.6744186046511628
2022,17,max_verstappen,8,7,Finished,6.0,59,max_verstappen_2022_17,0,finished,classificado,False,0,0,0,0,UNKNOWN,0,0,0,0,0,0,0,0,0,0,0,0,0,0,0,0,0,0,0,0,0,0,0,0,0,0,0,0,0,0,1,0,0,0,0,0,0,0,0,0,0,0,0,0,0,0,0,0,1,0,0,0,0,-0.04918140013874156,0.4,0.6744186046511628
2022,17,vettel,13,8,Finished,4.0,59,vettel_2022_17,0,finished,classificado,False,0,0,0,0,UNKNOWN,0,0,0,0,0,0,0,0,0,0,0,0,0,0,0,0,0,0,0,0,0,0,0,0,0,0,0,0,0,0,1,0,0,0,0,0,0,0,0,0,1,0,0,0,0,0,0,0,0,0,0,0,0,-0.04918140013874156,0.65,0.6744186046511628
2022,17,hamilton,3,9,Finished,2.0,59,hamilton_2022_17,0,finished,classificado,False,0,0,0,0,UNKNOWN,0,0,0,0,0,0,0,0,0,0,0,0,0,0,0,0,0,0,0,0,0,0,0,0,0,0,0,0,0,0,1,0,0,0,0,0,0,0,0,0,0,0,0,0,0,1,0,0,0,0,0,0,0,-0.04918140013874156,0.15000000000000002,0.6744186046511628
2022,17,gasly,7,10,Finished,1.0,59,gasly_2022_17,0,finished,classificado,False,0,0,0,0,UNKNOWN,0,0,0,0,0,0,0,0,0,0,0,0,0,0,0,0,0,0,0,0,0,0,0,0,0,0,0,0,0,0,1,0,0,0,0,0,0,0,1,0,0,0,0,0,0,0,0,0,0,0,0,0,0,-0.04918140013874156,0.35000000000000003,0.6744186046511628
2022,17,bottas,15,11,Finished,0.0,59,bottas_2022_17,0,finished,classificado,False,0,0,0,0,UNKNOWN,0,0,0,0,0,0,0,0,0,0,0,0,0,0,0,0,0,0,0,0,0,0,0,0,0,0,0,0,0,0,1,0,0,0,0,0,0,1,0,0,0,0,0,0,0,0,0,0,0,0,0,0,0,-0.04918140013874156,0.75,0.6744186046511628
2022,17,kevin_magnussen,9,12,Finished,0.0,59,kevin_magnussen_2022_17,0,finished,classificado,False,0,0,0,0,UNKNOWN,0,0,0,0,0,0,0,0,0,0,0,0,0,0,0,0,0,0,0,0,0,0,0,0,0,0,0,0,0,0,1,0,0,0,0,0,0,0,0,0,0,0,0,1,0,0,0,0,0,0,0,0,0,-0.04918140013874156,0.45,0.6744186046511628
2022,17,mick_schumacher,12,13,+1 Lap,0.0,58,mick_schumacher_2022_17,0,+1 lap,classificado,False,0,0,0,0,UNKNOWN,0,0,0,0,0,0,0,0,0,0,0,0,0,0,0,0,0,0,0,0,0,0,0,0,0,0,0,0,0,0,1,0,0,0,0,0,0,0,0,0,0,0,0,1,0,0,0,0,0,0,0,0,0,-0.14430312730363337,0.6000000000000001,0.6627906976744186
2022,17,russell,0,14,+2 Laps,0.0,57,russell_2022_17,1,+2 laps,classificado,False,0,0,0,0,UNKNOWN,0,0,0,0,0,0,0,0,0,0,0,0,0,0,0,0,0,0,0,0,0,0,0,0,0,0,0,0,0,0,1,0,0,0,0,0,0,0,0,0,0,0,0,0,0,1,0,0,0,0,0,0,0,-0.23942485446852518,0.0,0.6511627906976744
2022,18,max_verstappen,1,1,Finished,25.0,28,max_verstappen_2022_18,0,finished,classificado,False,0,0,0,0,UNKNOWN,0,0,0,0,0,0,0,0,0,0,0,0,0,0,0,0,0,0,0,1,0,0,0,0,0,0,0,0,0,0,0,0,0,0,0,0,0,0,0,0,0,0,0,0,0,0,0,0,1,0,0,0,0,-2.997954942250388,0.05,0.313953488372093
2022,18,perez,4,2,Finished,18.0,28,perez_2022_18,0,finished,classificado,False,0,0,0,0,UNKNOWN,0,0,0,0,0,0,0,0,0,0,0,0,0,0,0,0,0,0,0,1,0,0,0,0,0,0,0,0,0,0,0,0,0,0,0,0,0,0,0,0,0,0,0,0,0,0,0,0,1,0,0,0,0,-2.997954942250388,0.2,0.313953488372093
2022,18,leclerc,2,3,Finished,15.0,28,leclerc_2022_18,0,finished,classificado,False,0,0,0,0,UNKNOWN,0,0,0,0,0,0,0,0,0,0,0,0,0,0,0,0,0,0,0,1,0,0,0,0,0,0,0,0,0,0,0,0,0,0,0,0,0,0,0,0,0,1,0,0,0,0,0,0,0,0,0,0,0,-2.997954942250388,0.1,0.313953488372093
2022,18,ocon,5,4,Finished,12.0,28,ocon_2022_18,0,finished,classificado,False,0,0,0,0,UNKNOWN,0,0,0,0,0,0,0,0,0,0,0,0,0,0,0,0,0,0,0,1,0,0,0,0,0,0,0,0,0,0,0,0,0,0,0,0,0,0,0,1,0,0,0,0,0,0,0,0,0,0,0,0,0,-2.997954942250388,0.25,0.313953488372093
2022,18,hamilton,6,5,Finished,10.0,28,hamilton_2022_18,0,finished,classificado,False,0,0,0,0,UNKNOWN,0,0,0,0,0,0,0,0,0,0,0,0,0,0,0,0,0,0,0,1,0,0,0,0,0,0,0,0,0,0,0,0,0,0,0,0,0,0,0,0,0,0,0,0,0,1,0,0,0,0,0,0,0,-2.997954942250388,0.30000000000000004,0.313953488372093
2022,18,vettel,9,6,Finished,8.0,28,vettel_2022_18,0,finished,classificado,False,0,0,0,0,UNKNOWN,0,0,0,0,0,0,0,0,0,0,0,0,0,0,0,0,0,0,0,1,0,0,0,0,0,0,0,0,0,0,0,0,0,0,0,0,0,0,0,0,1,0,0,0,0,0,0,0,0,0,0,0,0,-2.997954942250388,0.45,0.313953488372093
2022,18,alonso,7,7,Finished,6.0,28,alonso_2022_18,0,finished,classificado,False,0,0,0,0,UNKNOWN,0,0,0,0,0,0,0,0,0,0,0,0,0,0,0,0,0,0,0,1,0,0,0,0,0,0,0,0,0,0,0,0,0,0,0,0,0,0,0,1,0,0,0,0,0,0,0,0,0,0,0,0,0,-2.997954942250388,0.35000000000000003,0.313953488372093
2022,18,russell,8,8,Finished,4.0,28,russell_2022_18,0,finished,classificado,False,0,0,0,0,UNKNOWN,0,0,0,0,0,0,0,0,0,0,0,0,0,0,0,0,0,0,0,1,0,0,0,0,0,0,0,0,0,0,0,0,0,0,0,0,0,0,0,0,0,0,0,0,0,1,0,0,0,0,0,0,0,-2.997954942250388,0.4,0.313953488372093
2022,18,latifi,20,9,Finished,2.0,28,latifi_2022_18,0,finished,classificado,False,0,0,0,0,UNKNOWN,0,0,0,0,0,0,0,0,0,0,0,0,0,0,0,0,0,0,0,1,0,0,0,0,0,0,0,0,0,0,0,0,0,0,0,0,0,0,0,0,0,0,0,0,0,0,0,0,0,0,0,0,1,-2.997954942250388,1.0,0.313953488372093
2022,18,norris,10,10,Finished,1.0,28,norris_2022_18,0,finished,classificado,False,0,0,0,0,UNKNOWN,0,0,0,0,0,0,0,0,0,0,0,0,0,0,0,0,0,0,0,1,0,0,0,0,0,0,0,0,0,0,0,0,0,0,0,0,0,0,0,0,0,0,0,0,1,0,0,0,0,0,0,0,0,-2.997954942250388,0.5,0.313953488372093
2022,18,ricciardo,11,11,Finished,0.0,28,ricciardo_2022_18,0,finished,classificado,False,0,0,0,0,UNKNOWN,0,0,0,0,0,0,0,0,0,0,0,0,0,0,0,0,0,0,0,1,0,0,0,0,0,0,0,0,0,0,0,0,0,0,0,0,0,0,0,0,0,0,0,0,1,0,0,0,0,0,0,0,0,-2.997954942250388,0.55,0.313953488372093
2022,18,stroll,19,12,Finished,0.0,28,stroll_2022_18,0,finished,classificado,False,0,0,0,0,UNKNOWN,0,0,0,0,0,0,0,0,0,0,0,0,0,0,0,0,0,0,0,1,0,0,0,0,0,0,0,0,0,0,0,0,0,0,0,0,0,0,0,0,1,0,0,0,0,0,0,0,0,0,0,0,0,-2.997954942250388,0.9500000000000001,0.313953488372093
2022,18,tsunoda,13,13,Finished,0.0,28,tsunoda_2022_18,0,finished,classificado,False,0,0,0,0,UNKNOWN,0,0,0,0,0,0,0,0,0,0,0,0,0,0,0,0,0,0,0,1,0,0,0,0,0,0,0,0,0,0,0,0,0,0,0,0,0,0,1,0,0,0,0,0,0,0,0,0,0,0,0,0,0,-2.997954942250388,0.65,0.313953488372093
2022,18,kevin_magnussen,18,14,Finished,0.0,28,kevin_magnussen_2022_18,0,finished,classificado,False,0,0,0,0,UNKNOWN,0,0,0,0,0,0,0,0,0,0,0,0,0,0,0,0,0,0,0,1,0,0,0,0,0,0,0,0,0,0,0,0,0,0,0,0,0,0,0,0,0,0,0,1,0,0,0,0,0,0,0,0,0,-2.997954942250388,0.9,0.313953488372093
2022,18,bottas,12,15,Finished,0.0,28,bottas_2022_18,0,finished,classificado,False,0,0,0,0,UNKNOWN,0,0,0,0,0,0,0,0,0,0,0,0,0,0,0,0,0,0,0,1,0,0,0,0,0,0,0,0,0,0,0,0,0,0,0,0,0,1,0,0,0,0,0,0,0,0,0,0,0,0,0,0,0,-2.997954942250388,0.6000000000000001,0.313953488372093
2022,18,zhou,14,16,Finished,0.0,28,zhou_2022_18,0,finished,classificado,False,0,0,0,0,UNKNOWN,0,0,0,0,0,0,0,0,0,0,0,0,0,0,0,0,0,0,0,1,0,0,0,0,0,0,0,0,0,0,0,0,0,0,0,0,0,1,0,0,0,0,0,0,0,0,0,0,0,0,0,0,0,-2.997954942250388,0.7000000000000001,0.313953488372093
2022,18,mick_schumacher,15,17,Finished,0.0,28,mick_schumacher_2022_18,0,finished,classificado,False,0,0,0,0,UNKNOWN,0,0,0,0,0,0,0,0,0,0,0,0,0,0,0,0,0,0,0,1,0,0,0,0,0,0,0,0,0,0,0,0,0,0,0,0,0,0,0,0,0,0,0,1,0,0,0,0,0,0,0,0,0,-2.997954942250388,0.75,0.313953488372093
2022,18,gasly,17,18,Finished,0.0,28,gasly_2022_18,0,finished,classificado,False,0,0,0,0,UNKNOWN,0,0,0,0,0,0,0,0,0,0,0,0,0,0,0,0,0,0,0,1,0,0,0,0,0,0,0,0,0,0,0,0,0,0,0,0,0,0,1,0,0,0,0,0,0,0,0,0,0,0,0,0,0,-2.997954942250388,0.8500000000000001,0.313953488372093
2022,19,max_verstappen,2,1,Finished,25.0,56,max_verstappen_2022_19,0,finished,classificado,False,0,0,0,0,UNKNOWN,0,0,0,0,0,0,0,0,0,0,0,0,0,0,0,0,0,0,0,0,0,0,0,0,0,0,0,0,0,0,0,0,0,0,0,0,1,0,0,0,0,0,0,0,0,0,0,0,1,0,0,0,0,-0.334546581633417,0.1,0.6395348837209303
2022,19,hamilton,3,2,Finished,18.0,56,hamilton_2022_19,0,finished,classificado,False,0,0,0,0,UNKNOWN,0,0,0,0,0,0,0,0,0,0,0,0,0,0,0,0,0,0,0,0,0,0,0,0,0,0,0,0,0,0,0,0,0,0,0,0,1,0,0,0,0,0,0,0,0,1,0,0,0,0,0,0,0,-0.334546581633417,0.15000000000000002,0.6395348837209303
2022,19,leclerc,12,3,Finished,15.0,56,leclerc_2022_19,0,finished,classificado,False,0,0,0,0,UNKNOWN,0,0,0,0,0,0,0,0,0,0,0,0,0,0,0,0,0,0,0,0,0,0,0,0,0,0,0,0,0,0,0,0,0,0,0,0,1,0,0,0,0,1,0,0,0,0,0,0,0,0,0,0,0,-0.334546581633417,0.6000000000000001,0.6395348837209303
2022,19,perez,9,4,Finished,12.0,56,perez_2022_19,0,finished,classificado,False,0,0,0,0,UNKNOWN,0,0,0,0,0,0,0,0,0,0,0,0,0,0,0,0,0,0,0,0,0,0,0,0,0,0,0,0,0,0,0,0,0,0,0,0,1,0,0,0,0,0,0,0,0,0,0,0,1,0,0,0,0,-0.334546581633417,0.45,0.6395348837209303
2022,19,russell,4,5,Finished,11.0,56,russell_2022_19,0,finished,classificado,False,0,0,0,0,UNKNOWN,0,0,0,0,0,0,0,0,0,0,0,0,0,0,0,0,0,0,0,0,0,0,0,0,0,0,0,0,0,0,0,0,0,0,0,0,1,0,0,0,0,0,0,0,0,1,0,0,0,0,0,0,0,-0.334546581633417,0.2,0.6395348837209303
2022,19,norris,6,6,Finished,8.0,56,norris_2022_19,0,finished,classificado,False,0,0,0,0,UNKNOWN,0,0,0,0,0,0,0,0,0,0,0,0,0,0,0,0,0,0,0,0,0,0,0,0,0,0,0,0,0,0,0,0,0,0,0,0,1,0,0,0,0,0,0,0,1,0,0,0,0,0,0,0,0,-0.334546581633417,0.30000000000000004,0.6395348837209303
2022,19,alonso,14,7,Finished,6.0,56,alonso_2022_19,0,finished,classificado,False,0,0,0,0,UNKNOWN,0,0,0,0,0,0,0,0,0,0,0,0,0,0,0,0,0,0,0,0,0,0,0,0,0,0,0,0,0,0,0,0,0,0,0,0,1,0,0,1,0,0,0,0,0,0,0,0,0,0,0,0,0,-0.334546581633417,0.7000000000000001,0.6395348837209303
2022,19,vettel,10,8,Finished,4.0,56,vettel_2022_19,0,finished,classificado,False,0,0,0,0,UNKNOWN,0,0,0,0,0,0,0,0,0,0,0,0,0,0,0,0,0,0,0,0,0,0,0,0,0,0,0,0,0,0,0,0,0,0,0,0,1,0,0,0,1,0,0,0,0,0,0,0,0,0,0,0,0,-0.334546581633417,0.5,0.6395348837209303
2022,19,kevin_magnussen,13,9,Finished,2.0,56,kevin_magnussen_2022_19,0,finished,classificado,False,0,0,0,0,UNKNOWN,0,0,0,0,0,0,0,0,0,0,0,0,0,0,0,0,0,0,0,0,0,0,0,0,0,0,0,0,0,0,0,0,0,0,0,0,1,0,0,0,0,0,0,1,0,0,0,0,0,0,0,0,0,-0.334546581633417,0.65,0.6395348837209303
2022,19,tsunoda,19,10,Finished,1.0,56,tsunoda_2022_19,0,finished,classificado,False,0,0,0,0,UNKNOWN,0,0,0,0,0,0,0,0,0,0,0,0,0,0,0,0,0,0,0,0,0,0,0,0,0,0,0,0,0,0,0,0,0,0,0,0,1,0,1,0,0,0,0,0,0,0,0,0,0,0,0,0,0,-0.334546581633417,0.9500000000000001,0.6395348837209303
2022,19,ocon,0,11,Finished,0.0,56,ocon_2022_19,1,finished,classificado,False,0,0,0,0,UNKNOWN,0,0,0,0,0,0,0,0,0,0,0,0,0,0,0,0,0,0,0,0,0,0,0,0,0,0,0,0,0,0,0,0,0,0,0,0,1,0,0,1,0,0,0,0,0,0,0,0,0,0,0,0,0,-0.334546581633417,0.0,0.6395348837209303
2022,19,zhou,18,12,Finished,0.0,56,zhou_2022_19,0,finished,classificado,False,0,0,0,0,UNKNOWN,0,0,0,0,0,0,0,0,0,0,0,0,0,0,0,0,0,0,0,0,0,0,0,0,0,0,0,0,0,0,0,0,0,0,0,0,1,1,0,0,0,0,0,0,0,0,0,0,0,0,0,0,0,-0.334546581633417,0.9,0.6395348837209303
2022,19,albon,8,13,Finished,0.0,56,albon_2022_19,0,finished,classificado,False,0,0,0,0,UNKNOWN,0,0,0,0,0,0,0,0,0,0,0,0,0,0,0,0,0,0,0,0,0,0,0,0,0,0,0,0,0,0,0,0,0,0,0,0,1,0,0,0,0,0,0,0,0,0,0,0,0,0,0,0,1,-0.334546581633417,0.4,0.6395348837209303
2022,19,gasly,11,14,Finished,0.0,56,gasly_2022_19,0,finished,classificado,False,0,0,0,0,UNKNOWN,0,0,0,0,0,0,0,0,0,0,0,0,0,0,0,0,0,0,0,0,0,0,0,0,0,0,0,0,0,0,0,0,0,0,0,0,1,0,1,0,0,0,0,0,0,0,0,0,0,0,0,0,0,-0.334546581633417,0.55,0.6395348837209303
2022,19,mick_schumacher,16,15,Finished,0.0,56,mick_schumacher_2022_19,0,finished,classificado,False,0,0,0,0,UNKNOWN,0,0,0,0,0,0,0,0,0,0,0,0,0,0,0,0,0,0,0,0,0,0,0,0,0,0,0,0,0,0,0,0,0,0,0,0,1,0,0,0,0,0,0,1,0,0,0,0,0,0,0,0,0,-0.334546581633417,0.8,0.6395348837209303
2022,19,ricciardo,15,16,Finished,0.0,56,ricciardo_2022_19,0,finished,classificado,False,0,0,0,0,UNKNOWN,0,0,0,0,0,0,0,0,0,0,0,0,0,0,0,0,0,0,0,0,0,0,0,0,0,0,0,0,0,0,0,0,0,0,0,0,1,0,0,0,0,0,0,0,1,0,0,0,0,0,0,0,0,-0.334546581633417,0.75,0.6395348837209303
2022,19,latifi,17,17,Finished,0.0,56,latifi_2022_19,0,finished,classificado,False,0,0,0,0,UNKNOWN,0,0,0,0,0,0,0,0,0,0,0,0,0,0,0,0,0,0,0,0,0,0,0,0,0,0,0,0,0,0,0,0,0,0,0,0,1,0,0,0,0,0,0,0,0,0,0,0,0,0,0,0,1,-0.334546581633417,0.8500000000000001,0.6395348837209303
2022,20,max_verstappen,1,1,Finished,25.0,71,max_verstappen_2022_20,0,finished,classificado,False,0,0,0,0,UNKNOWN,0,0,0,0,0,0,0,0,0,0,0,0,0,0,0,0,0,0,0,0,0,0,1,0,0,0,0,0,0,0,0,0,0,0,0,0,0,0,0,0,0,0,0,0,0,0,0,0,1,0,0,0,0,1.0922793258399601,0.05,0.813953488372093
2022,20,hamilton,3,2,Finished,18.0,71,hamilton_2022_20,0,finished,classificado,False,0,0,0,0,UNKNOWN,0,0,0,0,0,0,0,0,0,0,0,0,0,0,0,0,0,0,0,0,0,0,1,0,0,0,0,0,0,0,0,0,0,0,0,0,0,0,0,0,0,0,0,0,0,1,0,0,0,0,0,0,0,1.0922793258399601,0.15000000000000002,0.813953488372093
2022,20,perez,4,3,Finished,15.0,71,perez_2022_20,0,finished,classificado,False,0,0,0,0,UNKNOWN,0,0,0,0,0,0,0,0,0,0,0,0,0,0,0,0,0,0,0,0,0,0,1,0,0,0,0,0,0,0,0,0,0,0,0,0,0,0,0,0,0,0,0,0,0,0,0,0,1,0,0,0,0,1.0922793258399601,0.2,0.813953488372093
2022,20,russell,2,4,Finished,13.0,71,russell_2022_20,0,finished,classificado,False,0,0,0,0,UNKNOWN,0,0,0,0,0,0,0,0,0,0,0,0,0,0,0,0,0,0,0,0,0,0,1,0,0,0,0,0,0,0,0,0,0,0,0,0,0,0,0,0,0,0,0,0,0,1,0,0,0,0,0,0,0,1.0922793258399601,0.1,0.813953488372093
2022,20,sainz,5,5,Finished,10.0,71,sainz_2022_20,0,finished,classificado,False,0,0,0,0,UNKNOWN,0,0,0,0,0,0,0,0,0,0,0,0,0,0,0,0,0,0,0,0,0,0,1,0,0,0,0,0,0,0,0,0,0,0,0,0,0,0,0,0,0,1,0,0,0,0,0,0,0,0,0,0,0,1.0922793258399601,0.25,0.813953488372093
2022,20,leclerc,7,6,Finished,8.0,71,leclerc_2022_20,0,finished,classificado,False,0,0,0,0,UNKNOWN,0,0,0,0,0,0,0,0,0,0,0,0,0,0,0,0,0,0,0,0,0,0,1,0,0,0,0,0,0,0,0,0,0,0,0,0,0,0,0,0,0,1,0,0,0,0,0,0,0,0,0,0,0,1.0922793258399601,0.35000000000000003,0.813953488372093
2022,20,ricciardo,11,7,+1 Lap,6.0,70,ricciardo_2022_20,0,+1 lap,classificado,False,0,0,0,0,UNKNOWN,0,0,0,0,0,0,0,0,0,0,0,0,0,0,0,0,0,0,0,0,0,0,1,0,0,0,0,0,0,0,0,0,0,0,0,0,0,0,0,0,0,0,0,0,1,0,0,0,0,0,0,0,0,0.9971575986750684,0.55,0.8023255813953488
2022,20,ocon,10,8,+1 Lap,4.0,70,ocon_2022_20,0,+1 lap,classificado,False,0,0,0,0,UNKNOWN,0,0,0,0,0,0,0,0,0,0,0,0,0,0,0,0,0,0,0,0,0,0,1,0,0,0,0,0,0,0,0,0,0,0,0,0,0,0,0,1,0,0,0,0,0,0,0,0,0,0,0,0,0,0.9971575986750684,0.5,0.8023255813953488
2022,20,norris,8,9,+1 Lap,2.0,70,norris_2022_20,0,+1 lap,classificado,False,0,0,0,0,UNKNOWN,0,0,0,0,0,0,0,0,0,0,0,0,0,0,0,0,0,0,0,0,0,0,1,0,0,0,0,0,0,0,0,0,0,0,0,0,0,0,0,0,0,0,0,0,1,0,0,0,0,0,0,0,0,0.9971575986750684,0.4,0.8023255813953488
2022,20,bottas,6,10,+1 Lap,1.0,70,bottas_2022_20,0,+1 lap,classificado,False,0,0,0,0,UNKNOWN,0,0,0,0,0,0,0,0,0,0,0,0,0,0,0,0,0,0,0,0,0,0,1,0,0,0,0,0,0,0,0,0,0,0,0,0,0,1,0,0,0,0,0,0,0,0,0,0,0,0,0,0,0,0.9971575986750684,0.30000000000000004,0.8023255813953488
2022,20,gasly,14,11,+1 Lap,0.0,70,gasly_2022_20,0,+1 lap,classificado,False,0,0,0,0,UNKNOWN,0,0,0,0,0,0,0,0,0,0,0,0,0,0,0,0,0,0,0,0,0,0,1,0,0,0,0,0,0,0,0,0,0,0,0,0,0,0,1,0,0,0,0,0,0,0,0,0,0,0,0,0,0,0.9971575986750684,0.7000000000000001,0.8023255813953488
2022,20,albon,17,12,+1 Lap,0.0,70,albon_2022_20,0,+1 lap,classificado,False,0,0,0,0,UNKNOWN,0,0,0,0,0,0,0,0,0,0,0,0,0,0,0,0,0,0,0,0,0,0,1,0,0,0,0,0,0,0,0,0,0,0,0,0,0,0,0,0,0,0,0,0,0,0,0,0,0,0,0,0,1,0.9971575986750684,0.8500000000000001,0.8023255813953488
2022,20,zhou,12,13,+1 Lap,0.0,70,zhou_2022_20,0,+1 lap,classificado,False,0,0,0,0,UNKNOWN,0,0,0,0,0,0,0,0,0,0,0,0,0,0,0,0,0,0,0,0,0,0,1,0,0,0,0,0,0,0,0,0,0,0,0,0,0,1,0,0,0,0,0,0,0,0,0,0,0,0,0,0,0,0.9971575986750684,0.6000000000000001,0.8023255813953488
2022,20,vettel,16,14,+1 Lap,0.0,70,vettel_2022_20,0,+1 lap,classificado,False,0,0,0,0,UNKNOWN,0,0,0,0,0,0,0,0,0,0,0,0,0,0,0,0,0,0,0,0,0,0,1,0,0,0,0,0,0,0,0,0,0,0,0,0,0,0,0,0,1,0,0,0,0,0,0,0,0,0,0,0,0,0.9971575986750684,0.8,0.8023255813953488
2022,20,stroll,20,15,+1 Lap,0.0,70,stroll_2022_20,0,+1 lap,classificado,False,0,0,0,0,UNKNOWN,0,0,0,0,0,0,0,0,0,0,0,0,0,0,0,0,0,0,0,0,0,0,1,0,0,0,0,0,0,0,0,0,0,0,0,0,0,0,0,0,1,0,0,0,0,0,0,0,0,0,0,0,0,0.9971575986750684,1.0,0.8023255813953488
2022,20,mick_schumacher,15,16,+1 Lap,0.0,70,mick_schumacher_2022_20,0,+1 lap,classificado,False,0,0,0,0,UNKNOWN,0,0,0,0,0,0,0,0,0,0,0,0,0,0,0,0,0,0,0,0,0,0,1,0,0,0,0,0,0,0,0,0,0,0,0,0,0,0,0,0,0,0,0,1,0,0,0,0,0,0,0,0,0,0.9971575986750684,0.75,0.8023255813953488
2022,20,kevin_magnussen,19,17,+1 Lap,0.0,70,kevin_magnussen_2022_20,0,+1 lap,classificado,False,0,0,0,0,UNKNOWN,0,0,0,0,0,0,0,0,0,0,0,0,0,0,0,0,0,0,0,0,0,0,1,0,0,0,0,0,0,0,0,0,0,0,0,0,0,0,0,0,0,0,0,1,0,0,0,0,0,0,0,0,0,0.9971575986750684,0.9500000000000001,0.8023255813953488
2022,20,latifi,18,18,+2 Laps,0.0,69,latifi_2022_20,0,+2 laps,classificado,False,0,0,0,0,UNKNOWN,0,0,0,0,0,0,0,0,0,0,0,0,0,0,0,0,0,0,0,0,0,0,1,0,0,0,0,0,0,0,0,0,0,0,0,0,0,0,0,0,0,0,0,0,0,0,0,0,0,0,0,0,1,0.9020358715101766,0.9,0.7906976744186046
2022,21,russell,1,1,Finished,26.0,71,russell_2022_21,0,finished,classificado,False,0,0,0,0,UNKNOWN,0,0,0,0,0,0,0,0,0,0,0,0,0,0,0,0,0,0,0,0,0,0,0,0,0,0,0,0,0,0,0,0,0,1,0,0,0,0,0,0,0,0,0,0,0,1,0,0,0,0,0,0,0,1.0922793258399601,0.05,0.813953488372093
2022,21,hamilton,2,2,Finished,18.0,71,hamilton_2022_21,0,finished,classificado,False,0,0,0,0,UNKNOWN,0,0,0,0,0,0,0,0,0,0,0,0,0,0,0,0,0,0,0,0,0,0,0,0,0,0,0,0,0,0,0,0,0,1,0,0,0,0,0,0,0,0,0,0,0,1,0,0,0,0,0,0,0,1.0922793258399601,0.1,0.813953488372093
2022,21,sainz,7,3,Finished,15.0,71,sainz_2022_21,0,finished,classificado,False,0,0,0,0,UNKNOWN,0,0,0,0,0,0,0,0,0,0,0,0,0,0,0,0,0,0,0,0,0,0,0,0,0,0,0,0,0,0,0,0,0,1,0,0,0,0,0,0,0,1,0,0,0,0,0,0,0,0,0,0,0,1.0922793258399601,0.35000000000000003,0.813953488372093
2022,21,leclerc,5,4,Finished,12.0,71,leclerc_2022_21,0,finished,classificado,False,0,0,0,0,UNKNOWN,0,0,0,0,0,0,0,0,0,0,0,0,0,0,0,0,0,0,0,0,0,0,0,0,0,0,0,0,0,0,0,0,0,1,0,0,0,0,0,0,0,1,0,0,0,0,0,0,0,0,0,0,0,1.0922793258399601,0.25,0.813953488372093
2022,21,alonso,17,5,Finished,10.0,71,alonso_2022_21,0,finished,classificado,False,0,0,0,0,UNKNOWN,0,0,0,0,0,0,0,0,0,0,0,0,0,0,0,0,0,0,0,0,0,0,0,0,0,0,0,0,0,0,0,0,0,1,0,0,0,0,0,1,0,0,0,0,0,0,0,0,0,0,0,0,0,1.0922793258399601,0.8500000000000001,0.813953488372093
2022,21,max_verstappen,3,6,Finished,8.0,71,max_verstappen_2022_21,0,finished,classificado,False,0,0,0,0,UNKNOWN,0,0,0,0,0,0,0,0,0,0,0,0,0,0,0,0,0,0,0,0,0,0,0,0,0,0,0,0,0,0,0,0,0,1,0,0,0,0,0,0,0,0,0,0,0,0,0,0,1,0,0,0,0,1.0922793258399601,0.15000000000000002,0.813953488372093
2022,21,perez,4,7,Finished,6.0,71,perez_2022_21,0,finished,classificado,False,0,0,0,0,UNKNOWN,0,0,0,0,0,0,0,0,0,0,0,0,0,0,0,0,0,0,0,0,0,0,0,0,0,0,0,0,0,0,0,0,0,1,0,0,0,0,0,0,0,0,0,0,0,0,0,0,1,0,0,0,0,1.0922793258399601,0.2,0.813953488372093
2022,21,ocon,16,8,Finished,4.0,71,ocon_2022_21,0,finished,classificado,False,0,0,0,0,UNKNOWN,0,0,0,0,0,0,0,0,0,0,0,0,0,0,0,0,0,0,0,0,0,0,0,0,0,0,0,0,0,0,0,0,0,1,0,0,0,0,0,1,0,0,0,0,0,0,0,0,0,0,0,0,0,1.0922793258399601,0.8,0.813953488372093
2022,21,bottas,14,9,Finished,2.0,71,bottas_2022_21,0,finished,classificado,False,0,0,0,0,UNKNOWN,0,0,0,0,0,0,0,0,0,0,0,0,0,0,0,0,0,0,0,0,0,0,0,0,0,0,0,0,0,0,0,0,0,1,0,0,0,1,0,0,0,0,0,0,0,0,0,0,0,0,0,0,0,1.0922793258399601,0.7000000000000001,0.813953488372093
2022,21,stroll,15,10,Finished,1.0,71,stroll_2022_21,0,finished,classificado,False,0,0,0,0,UNKNOWN,0,0,0,0,0,0,0,0,0,0,0,0,0,0,0,0,0,0,0,0,0,0,0,0,0,0,0,0,0,0,0,0,0,1,0,0,0,0,0,0,1,0,0,0,0,0,0,0,0,0,0,0,0,1.0922793258399601,0.75,0.813953488372093
2022,21,vettel,9,11,Finished,0.0,71,vettel_2022_21,0,finished,classificado,False,0,0,0,0,UNKNOWN,0,0,0,0,0,0,0,0,0,0,0,0,0,0,0,0,0,0,0,0,0,0,0,0,0,0,0,0,0,0,0,0,0,1,0,0,0,0,0,0,1,0,0,0,0,0,0,0,0,0,0,0,0,1.0922793258399601,0.45,0.813953488372093
2022,21,zhou,13,12,Finished,0.0,71,zhou_2022_21,0,finished,classificado,False,0,0,0,0,UNKNOWN,0,0,0,0,0,0,0,0,0,0,0,0,0,0,0,0,0,0,0,0,0,0,0,0,0,0,0,0,0,0,0,0,0,1,0,0,0,1,0,0,0,0,0,0,0,0,0,0,0,0,0,0,0,1.0922793258399601,0.65,0.813953488372093
2022,21,mick_schumacher,12,13,Finished,0.0,71,mick_schumacher_2022_21,0,finished,classificado,False,0,0,0,0,UNKNOWN,0,0,0,0,0,0,0,0,0,0,0,0,0,0,0,0,0,0,0,0,0,0,0,0,0,0,0,0,0,0,0,0,0,1,0,0,0,0,0,0,0,0,0,1,0,0,0,0,0,0,0,0,0,1.0922793258399601,0.6000000000000001,0.813953488372093
2022,21,gasly,10,14,Finished,0.0,71,gasly_2022_21,0,finished,classificado,False,0,0,0,0,UNKNOWN,0,0,0,0,0,0,0,0,0,0,0,0,0,0,0,0,0,0,0,0,0,0,0,0,0,0,0,0,0,0,0,0,0,1,0,0,0,0,1,0,0,0,0,0,0,0,0,0,0,0,0,0,0,1.0922793258399601,0.5,0.813953488372093
2022,21,albon,19,15,Finished,0.0,71,albon_2022_21,0,finished,classificado,False,0,0,0,0,UNKNOWN,0,0,0,0,0,0,0,0,0,0,0,0,0,0,0,0,0,0,0,0,0,0,0,0,0,0,0,0,0,0,0,0,0,1,0,0,0,0,0,0,0,0,0,0,0,0,0,0,0,0,0,0,1,1.0922793258399601,0.9500000000000001,0.813953488372093
2022,21,latifi,18,16,Finished,0.0,71,latifi_2022_21,0,finished,classificado,False,0,0,0,0,UNKNOWN,0,0,0,0,0,0,0,0,0,0,0,0,0,0,0,0,0,0,0,0,0,0,0,0,0,0,0,0,0,0,0,0,0,1,0,0,0,0,0,0,0,0,0,0,0,0,0,0,0,0,0,0,1,1.0922793258399601,0.9,0.813953488372093
2022,21,tsunoda,0,17,+1 Lap,0.0,70,tsunoda_2022_21,1,+1 lap,classificado,False,0,0,0,0,UNKNOWN,0,0,0,0,0,0,0,0,0,0,0,0,0,0,0,0,0,0,0,0,0,0,0,0,0,0,0,0,0,0,0,0,0,1,0,0,0,0,1,0,0,0,0,0,0,0,0,0,0,0,0,0,0,0.9971575986750684,0.0,0.8023255813953488
2022,22,max_verstappen,1,1,Finished,25.0,58,max_verstappen_2022_22,0,finished,classificado,False,0,0,0,0,UNKNOWN,0,0,1,0,0,0,0,0,0,0,0,0,0,0,0,0,0,0,0,0,0,0,0,0,0,0,0,0,0,0,0,0,0,0,0,0,0,0,0,0,0,0,0,0,0,0,0,0,1,0,0,0,0,-0.14430312730363337,0.05,0.6627906976744186
2022,22,leclerc,3,2,Finished,18.0,58,leclerc_2022_22,0,finished,classificado,False,0,0,0,0,UNKNOWN,0,0,1,0,0,0,0,0,0,0,0,0,0,0,0,0,0,0,0,0,0,0,0,0,0,0,0,0,0,0,0,0,0,0,0,0,0,0,0,0,0,1,0,0,0,0,0,0,0,0,0,0,0,-0.14430312730363337,0.15000000000000002,0.6627906976744186
2022,22,perez,2,3,Finished,15.0,58,perez_2022_22,0,finished,classificado,False,0,0,0,0,UNKNOWN,0,0,1,0,0,0,0,0,0,0,0,0,0,0,0,0,0,0,0,0,0,0,0,0,0,0,0,0,0,0,0,0,0,0,0,0,0,0,0,0,0,0,0,0,0,0,0,0,1,0,0,0,0,-0.14430312730363337,0.1,0.6627906976744186
2022,22,sainz,4,4,Finished,12.0,58,sainz_2022_22,0,finished,classificado,False,0,0,0,0,UNKNOWN,0,0,1,0,0,0,0,0,0,0,0,0,0,0,0,0,0,0,0,0,0,0,0,0,0,0,0,0,0,0,0,0,0,0,0,0,0,0,0,0,0,1,0,0,0,0,0,0,0,0,0,0,0,-0.14430312730363337,0.2,0.6627906976744186
2022,22,russell,6,5,Finished,10.0,58,russell_2022_22,0,finished,classificado,False,0,0,0,0,UNKNOWN,0,0,1,0,0,0,0,0,0,0,0,0,0,0,0,0,0,0,0,0,0,0,0,0,0,0,0,0,0,0,0,0,0,0,0,0,0,0,0,0,0,0,0,0,0,1,0,0,0,0,0,0,0,-0.14430312730363337,0.30000000000000004,0.6627906976744186
2022,22,norris,7,6,Finished,9.0,58,norris_2022_22,0,finished,classificado,False,0,0,0,0,UNKNOWN,0,0,1,0,0,0,0,0,0,0,0,0,0,0,0,0,0,0,0,0,0,0,0,0,0,0,0,0,0,0,0,0,0,0,0,0,0,0,0,0,0,0,0,0,1,0,0,0,0,0,0,0,0,-0.14430312730363337,0.35000000000000003,0.6627906976744186
2022,22,ocon,8,7,Finished,6.0,58,ocon_2022_22,0,finished,classificado,False,0,0,0,0,UNKNOWN,0,0,1,0,0,0,0,0,0,0,0,0,0,0,0,0,0,0,0,0,0,0,0,0,0,0,0,0,0,0,0,0,0,0,0,0,0,0,0,1,0,0,0,0,0,0,0,0,0,0,0,0,0,-0.14430312730363337,0.4,0.6627906976744186
2022,22,stroll,14,8,Finished,4.0,58,stroll_2022_22,0,finished,classificado,False,0,0,0,0,UNKNOWN,0,0,1,0,0,0,0,0,0,0,0,0,0,0,0,0,0,0,0,0,0,0,0,0,0,0,0,0,0,0,0,0,0,0,0,0,0,0,0,0,1,0,0,0,0,0,0,0,0,0,0,0,0,-0.14430312730363337,0.7000000000000001,0.6627906976744186
2022,22,ricciardo,13,9,Finished,2.0,58,ricciardo_2022_22,0,finished,classificado,False,0,0,0,0,UNKNOWN,0,0,1,0,0,0,0,0,0,0,0,0,0,0,0,0,0,0,0,0,0,0,0,0,0,0,0,0,0,0,0,0,0,0,0,0,0,0,0,0,0,0,0,0,1,0,0,0,0,0,0,0,0,-0.14430312730363337,0.65,0.6627906976744186
2022,22,vettel,9,10,Finished,1.0,58,vettel_2022_22,0,finished,classificado,False,0,0,0,0,UNKNOWN,0,0,1,0,0,0,0,0,0,0,0,0,0,0,0,0,0,0,0,0,0,0,0,0,0,0,0,0,0,0,0,0,0,0,0,0,0,0,0,0,1,0,0,0,0,0,0,0,0,0,0,0,0,-0.14430312730363337,0.45,0.6627906976744186
2022,22,tsunoda,11,11,Finished,0.0,58,tsunoda_2022_22,0,finished,classificado,False,0,0,0,0,UNKNOWN,0,0,1,0,0,0,0,0,0,0,0,0,0,0,0,0,0,0,0,0,0,0,0,0,0,0,0,0,0,0,0,0,0,0,0,0,0,0,1,0,0,0,0,0,0,0,0,0,0,0,0,0,0,-0.14430312730363337,0.55,0.6627906976744186
2022,22,zhou,15,12,+1 Lap,0.0,57,zhou_2022_22,0,+1 lap,classificado,False,0,0,0,0,UNKNOWN,0,0,1,0,0,0,0,0,0,0,0,0,0,0,0,0,0,0,0,0,0,0,0,0,0,0,0,0,0,0,0,0,0,0,0,0,0,1,0,0,0,0,0,0,0,0,0,0,0,0,0,0,0,-0.23942485446852518,0.75,0.6511627906976744
2022,22,albon,19,13,+1 Lap,0.0,57,albon_2022_22,0,+1 lap,classificado,False,0,0,0,0,UNKNOWN,0,0,1,0,0,0,0,0,0,0,0,0,0,0,0,0,0,0,0,0,0,0,0,0,0,0,0,0,0,0,0,0,0,0,0,0,0,0,0,0,0,0,0,0,0,0,0,0,0,0,0,0,1,-0.23942485446852518,0.9500000000000001,0.6511627906976744
2022,22,gasly,17,14,+1 Lap,0.0,57,gasly_2022_22,0,+1 lap,classificado,False,0,0,0,0,UNKNOWN,0,0,1,0,0,0,0,0,0,0,0,0,0,0,0,0,0,0,0,0,0,0,0,0,0,0,0,0,0,0,0,0,0,0,0,0,0,0,1,0,0,0,0,0,0,0,0,0,0,0,0,0,0,-0.23942485446852518,0.8500000000000001,0.6511627906976744
2022,22,bottas,18,15,+1 Lap,0.0,57,bottas_2022_22,0,+1 lap,classificado,False,0,0,0,0,UNKNOWN,0,0,1,0,0,0,0,0,0,0,0,0,0,0,0,0,0,0,0,0,0,0,0,0,0,0,0,0,0,0,0,0,0,0,0,0,0,1,0,0,0,0,0,0,0,0,0,0,0,0,0,0,0,-0.23942485446852518,0.9,0.6511627906976744
2022,22,mick_schumacher,12,16,+1 Lap,0.0,57,mick_schumacher_2022_22,0,+1 lap,classificado,False,0,0,0,0,UNKNOWN,0,0,1,0,0,0,0,0,0,0,0,0,0,0,0,0,0,0,0,0,0,0,0,0,0,0,0,0,0,0,0,0,0,0,0,0,0,0,0,0,0,0,0,1,0,0,0,0,0,0,0,0,0,-0.23942485446852518,0.6000000000000001,0.6511627906976744
2022,22,kevin_magnussen,16,17,+1 Lap,0.0,57,kevin_magnussen_2022_22,0,+1 lap,classificado,False,0,0,0,0,UNKNOWN,0,0,1,0,0,0,0,0,0,0,0,0,0,0,0,0,0,0,0,0,0,0,0,0,0,0,0,0,0,0,0,0,0,0,0,0,0,0,0,0,0,0,0,1,0,0,0,0,0,0,0,0,0,-0.23942485446852518,0.8,0.6511627906976744
2023,1,max_verstappen,1,1,Finished,25.0,57,max_verstappen_2023_1,0,finished,classificado,False,0,0,0,0,UNKNOWN,0,0,0,0,0,0,1,0,0,0,0,0,0,0,0,0,0,0,0,0,0,0,0,0,0,0,0,0,0,0,0,0,0,0,0,0,0,0,0,0,0,0,0,0,0,0,0,0,1,0,0,0,0,-0.23942485446852518,0.05,0.6511627906976744
2023,1,perez,2,2,Finished,18.0,57,perez_2023_1,0,finished,classificado,False,0,0,0,0,UNKNOWN,0,0,0,0,0,0,1,0,0,0,0,0,0,0,0,0,0,0,0,0,0,0,0,0,0,0,0,0,0,0,0,0,0,0,0,0,0,0,0,0,0,0,0,0,0,0,0,0,1,0,0,0,0,-0.23942485446852518,0.1,0.6511627906976744
2023,1,alonso,5,3,Finished,15.0,57,alonso_2023_1,0,finished,classificado,False,0,0,0,0,UNKNOWN,0,0,0,0,0,0,1,0,0,0,0,0,0,0,0,0,0,0,0,0,0,0,0,0,0,0,0,0,0,0,0,0,0,0,0,0,0,0,0,0,1,0,0,0,0,0,0,0,0,0,0,0,0,-0.23942485446852518,0.25,0.6511627906976744
2023,1,sainz,4,4,Finished,12.0,57,sainz_2023_1,0,finished,classificado,False,0,0,0,0,UNKNOWN,0,0,0,0,0,0,1,0,0,0,0,0,0,0,0,0,0,0,0,0,0,0,0,0,0,0,0,0,0,0,0,0,0,0,0,0,0,0,0,0,0,1,0,0,0,0,0,0,0,0,0,0,0,-0.23942485446852518,0.2,0.6511627906976744
2023,1,hamilton,7,5,Finished,10.0,57,hamilton_2023_1,0,finished,classificado,False,0,0,0,0,UNKNOWN,0,0,0,0,0,0,1,0,0,0,0,0,0,0,0,0,0,0,0,0,0,0,0,0,0,0,0,0,0,0,0,0,0,0,0,0,0,0,0,0,0,0,0,0,0,1,0,0,0,0,0,0,0,-0.23942485446852518,0.35000000000000003,0.6511627906976744
2023,1,stroll,8,6,Finished,8.0,57,stroll_2023_1,0,finished,classificado,False,0,0,0,0,UNKNOWN,0,0,0,0,0,0,1,0,0,0,0,0,0,0,0,0,0,0,0,0,0,0,0,0,0,0,0,0,0,0,0,0,0,0,0,0,0,0,0,0,1,0,0,0,0,0,0,0,0,0,0,0,0,-0.23942485446852518,0.4,0.6511627906976744
2023,1,russell,6,7,Finished,6.0,57,russell_2023_1,0,finished,classificado,False,0,0,0,0,UNKNOWN,0,0,0,0,0,0,1,0,0,0,0,0,0,0,0,0,0,0,0,0,0,0,0,0,0,0,0,0,0,0,0,0,0,0,0,0,0,0,0,0,0,0,0,0,0,1,0,0,0,0,0,0,0,-0.23942485446852518,0.30000000000000004,0.6511627906976744
2023,1,bottas,12,8,Finished,4.0,57,bottas_2023_1,0,finished,classificado,False,0,0,0,0,UNKNOWN,0,0,0,0,0,0,1,0,0,0,0,0,0,0,0,0,0,0,0,0,0,0,0,0,0,0,0,0,0,0,0,0,0,0,0,0,0,1,0,0,0,0,0,0,0,0,0,0,0,0,0,0,0,-0.23942485446852518,0.6000000000000001,0.6511627906976744
2023,1,gasly,20,9,Finished,2.0,57,gasly_2023_1,0,finished,classificado,False,0,0,0,0,UNKNOWN,0,0,0,0,0,0,1,0,0,0,0,0,0,0,0,0,0,0,0,0,0,0,0,0,0,0,0,0,0,0,0,0,0,0,0,0,0,0,0,1,0,0,0,0,0,0,0,0,0,0,0,0,0,-0.23942485446852518,1.0,0.6511627906976744
2023,1,albon,15,10,Finished,1.0,57,albon_2023_1,0,finished,classificado,False,0,0,0,0,UNKNOWN,0,0,0,0,0,0,1,0,0,0,0,0,0,0,0,0,0,0,0,0,0,0,0,0,0,0,0,0,0,0,0,0,0,0,0,0,0,0,0,0,0,0,0,0,0,0,0,0,0,0,0,0,1,-0.23942485446852518,0.75,0.6511627906976744
2023,1,tsunoda,14,11,Finished,0.0,57,tsunoda_2023_1,0,finished,classificado,False,0,0,0,0,UNKNOWN,0,0,0,0,0,0,1,0,0,0,0,0,0,0,0,0,0,0,0,0,0,0,0,0,0,0,0,0,0,0,0,0,0,0,0,0,0,0,1,0,0,0,0,0,0,0,0,0,0,0,0,0,0,-0.23942485446852518,0.7000000000000001,0.6511627906976744
2023,1,sargeant,16,12,Lapped,0.0,56,sargeant_2023_1,0,lapped,classificado,False,0,0,0,0,UNKNOWN,0,0,0,0,0,0,1,0,0,0,0,0,0,0,0,0,0,0,0,0,0,0,0,0,0,0,0,0,0,0,0,0,0,0,0,0,0,0,0,0,0,0,0,0,0,0,0,0,0,0,0,0,1,-0.334546581633417,0.8,0.6395348837209303
2023,1,kevin_magnussen,17,13,Lapped,0.0,56,kevin_magnussen_2023_1,0,lapped,classificado,False,0,0,0,0,UNKNOWN,0,0,0,0,0,0,1,0,0,0,0,0,0,0,0,0,0,0,0,0,0,0,0,0,0,0,0,0,0,0,0,0,0,0,0,0,0,0,0,0,0,0,0,1,0,0,0,0,0,0,0,0,0,-0.334546581633417,0.8500000000000001,0.6395348837209303
2023,1,de_vries,19,14,Lapped,0.0,56,de_vries_2023_1,0,lapped,classificado,False,0,0,0,0,UNKNOWN,0,0,0,0,0,0,1,0,0,0,0,0,0,0,0,0,0,0,0,0,0,0,0,0,0,0,0,0,0,0,0,0,0,0,0,0,0,0,1,0,0,0,0,0,0,0,0,0,0,0,0,0,0,-0.334546581633417,0.9500000000000001,0.6395348837209303
2023,1,hulkenberg,10,15,Lapped,0.0,56,hulkenberg_2023_1,0,lapped,classificado,False,0,0,0,0,UNKNOWN,0,0,0,0,0,0,1,0,0,0,0,0,0,0,0,0,0,0,0,0,0,0,0,0,0,0,0,0,0,0,0,0,0,0,0,0,0,0,0,0,0,0,0,1,0,0,0,0,0,0,0,0,0,-0.334546581633417,0.5,0.6395348837209303
2023,1,zhou,13,16,Lapped,0.0,56,zhou_2023_1,0,lapped,classificado,False,0,0,0,0,UNKNOWN,0,0,0,0,0,0,1,0,0,0,0,0,0,0,0,0,0,0,0,0,0,0,0,0,0,0,0,0,0,0,0,0,0,0,0,0,0,1,0,0,0,0,0,0,0,0,0,0,0,0,0,0,0,-0.334546581633417,0.65,0.6395348837209303
2023,1,norris,11,17,Lapped,0.0,55,norris_2023_1,0,lapped,classificado,False,0,0,0,0,UNKNOWN,0,0,0,0,0,0,1,0,0,0,0,0,0,0,0,0,0,0,0,0,0,0,0,0,0,0,0,0,0,0,0,0,0,0,0,0,0,0,0,0,0,0,0,0,1,0,0,0,0,0,0,0,0,-0.4296683087983088,0.55,0.627906976744186
2023,2,perez,1,1,Finished,25.0,50,perez_2023_2,0,finished,classificado,False,0,0,0,0,UNKNOWN,0,0,0,0,0,0,0,0,0,0,0,0,0,0,0,0,0,0,0,0,0,0,0,0,0,0,0,0,0,1,0,0,0,0,0,0,0,0,0,0,0,0,0,0,0,0,0,0,1,0,0,0,0,-0.9052769446227679,0.05,0.5697674418604651
2023,2,max_verstappen,15,2,Finished,19.0,50,max_verstappen_2023_2,0,finished,classificado,False,0,0,0,0,UNKNOWN,0,0,0,0,0,0,0,0,0,0,0,0,0,0,0,0,0,0,0,0,0,0,0,0,0,0,0,0,0,1,0,0,0,0,0,0,0,0,0,0,0,0,0,0,0,0,0,0,1,0,0,0,0,-0.9052769446227679,0.75,0.5697674418604651
2023,2,alonso,2,3,Finished,15.0,50,alonso_2023_2,0,finished,classificado,False,0,0,0,0,UNKNOWN,0,0,0,0,0,0,0,0,0,0,0,0,0,0,0,0,0,0,0,0,0,0,0,0,0,0,0,0,0,1,0,0,0,0,0,0,0,0,0,0,1,0,0,0,0,0,0,0,0,0,0,0,0,-0.9052769446227679,0.1,0.5697674418604651
2023,2,russell,3,4,Finished,12.0,50,russell_2023_2,0,finished,classificado,False,0,0,0,0,UNKNOWN,0,0,0,0,0,0,0,0,0,0,0,0,0,0,0,0,0,0,0,0,0,0,0,0,0,0,0,0,0,1,0,0,0,0,0,0,0,0,0,0,0,0,0,0,0,1,0,0,0,0,0,0,0,-0.9052769446227679,0.15000000000000002,0.5697674418604651
2023,2,hamilton,7,5,Finished,10.0,50,hamilton_2023_2,0,finished,classificado,False,0,0,0,0,UNKNOWN,0,0,0,0,0,0,0,0,0,0,0,0,0,0,0,0,0,0,0,0,0,0,0,0,0,0,0,0,0,1,0,0,0,0,0,0,0,0,0,0,0,0,0,0,0,1,0,0,0,0,0,0,0,-0.9052769446227679,0.35000000000000003,0.5697674418604651
2023,2,sainz,4,6,Finished,8.0,50,sainz_2023_2,0,finished,classificado,False,0,0,0,0,UNKNOWN,0,0,0,0,0,0,0,0,0,0,0,0,0,0,0,0,0,0,0,0,0,0,0,0,0,0,0,0,0,1,0,0,0,0,0,0,0,0,0,0,0,1,0,0,0,0,0,0,0,0,0,0,0,-0.9052769446227679,0.2,0.5697674418604651
2023,2,leclerc,12,7,Finished,6.0,50,leclerc_2023_2,0,finished,classificado,False,0,0,0,0,UNKNOWN,0,0,0,0,0,0,0,0,0,0,0,0,0,0,0,0,0,0,0,0,0,0,0,0,0,0,0,0,0,1,0,0,0,0,0,0,0,0,0,0,0,1,0,0,0,0,0,0,0,0,0,0,0,-0.9052769446227679,0.6000000000000001,0.5697674418604651
2023,2,ocon,6,8,Finished,4.0,50,ocon_2023_2,0,finished,classificado,False,0,0,0,0,UNKNOWN,0,0,0,0,0,0,0,0,0,0,0,0,0,0,0,0,0,0,0,0,0,0,0,0,0,0,0,0,0,1,0,0,0,0,0,0,0,0,0,1,0,0,0,0,0,0,0,0,0,0,0,0,0,-0.9052769446227679,0.30000000000000004,0.5697674418604651
2023,2,gasly,9,9,Finished,2.0,50,gasly_2023_2,0,finished,classificado,False,0,0,0,0,UNKNOWN,0,0,0,0,0,0,0,0,0,0,0,0,0,0,0,0,0,0,0,0,0,0,0,0,0,0,0,0,0,1,0,0,0,0,0,0,0,0,0,1,0,0,0,0,0,0,0,0,0,0,0,0,0,-0.9052769446227679,0.45,0.5697674418604651
2023,2,kevin_magnussen,13,10,Finished,1.0,50,kevin_magnussen_2023_2,0,finished,classificado,False,0,0,0,0,UNKNOWN,0,0,0,0,0,0,0,0,0,0,0,0,0,0,0,0,0,0,0,0,0,0,0,0,0,0,0,0,0,1,0,0,0,0,0,0,0,0,0,0,0,0,0,1,0,0,0,0,0,0,0,0,0,-0.9052769446227679,0.65,0.5697674418604651
2023,2,tsunoda,16,11,Finished,0.0,50,tsunoda_2023_2,0,finished,classificado,False,0,0,0,0,UNKNOWN,0,0,0,0,0,0,0,0,0,0,0,0,0,0,0,0,0,0,0,0,0,0,0,0,0,0,0,0,0,1,0,0,0,0,0,0,0,0,1,0,0,0,0,0,0,0,0,0,0,0,0,0,0,-0.9052769446227679,0.8,0.5697674418604651
2023,2,hulkenberg,10,12,Finished,0.0,50,hulkenberg_2023_2,0,finished,classificado,False,0,0,0,0,UNKNOWN,0,0,0,0,0,0,0,0,0,0,0,0,0,0,0,0,0,0,0,0,0,0,0,0,0,0,0,0,0,1,0,0,0,0,0,0,0,0,0,0,0,0,0,1,0,0,0,0,0,0,0,0,0,-0.9052769446227679,0.5,0.5697674418604651
2023,2,zhou,11,13,Finished,0.0,50,zhou_2023_2,0,finished,classificado,False,0,0,0,0,UNKNOWN,0,0,0,0,0,0,0,0,0,0,0,0,0,0,0,0,0,0,0,0,0,0,0,0,0,0,0,0,0,1,0,0,0,0,0,0,0,1,0,0,0,0,0,0,0,0,0,0,0,0,0,0,0,-0.9052769446227679,0.55,0.5697674418604651
2023,2,de_vries,18,14,Finished,0.0,50,de_vries_2023_2,0,finished,classificado,False,0,0,0,0,UNKNOWN,0,0,0,0,0,0,0,0,0,0,0,0,0,0,0,0,0,0,0,0,0,0,0,0,0,0,0,0,0,1,0,0,0,0,0,0,0,0,1,0,0,0,0,0,0,0,0,0,0,0,0,0,0,-0.9052769446227679,0.9,0.5697674418604651
2023,2,piastri,8,15,Finished,0.0,50,piastri_2023_2,0,finished,classificado,False,0,0,0,0,UNKNOWN,0,0,0,0,0,0,0,0,0,0,0,0,0,0,0,0,0,0,0,0,0,0,0,0,0,0,0,0,0,1,0,0,0,0,0,0,0,0,0,0,0,0,0,0,1,0,0,0,0,0,0,0,0,-0.9052769446227679,0.4,0.5697674418604651
2023,2,sargeant,20,16,Finished,0.0,50,sargeant_2023_2,0,finished,classificado,False,0,0,0,0,UNKNOWN,0,0,0,0,0,0,0,0,0,0,0,0,0,0,0,0,0,0,0,0,0,0,0,0,0,0,0,0,0,1,0,0,0,0,0,0,0,0,0,0,0,0,0,0,0,0,0,0,0,0,0,0,1,-0.9052769446227679,1.0,0.5697674418604651
2023,2,norris,19,17,Finished,0.0,50,norris_2023_2,0,finished,classificado,False,0,0,0,0,UNKNOWN,0,0,0,0,0,0,0,0,0,0,0,0,0,0,0,0,0,0,0,0,0,0,0,0,0,0,0,0,0,1,0,0,0,0,0,0,0,0,0,0,0,0,0,0,1,0,0,0,0,0,0,0,0,-0.9052769446227679,0.9500000000000001,0.5697674418604651
2023,2,bottas,14,18,Lapped,0.0,49,bottas_2023_2,0,lapped,classificado,False,0,0,0,0,UNKNOWN,0,0,0,0,0,0,0,0,0,0,0,0,0,0,0,0,0,0,0,0,0,0,0,0,0,0,0,0,0,1,0,0,0,0,0,0,0,1,0,0,0,0,0,0,0,0,0,0,0,0,0,0,0,-1.0003986717876596,0.7000000000000001,0.5581395348837209
2023,3,max_verstappen,1,1,Finished,25.0,58,max_verstappen_2023_3,0,finished,classificado,False,0,0,0,0,UNKNOWN,0,0,0,1,0,0,0,0,0,0,0,0,0,0,0,0,0,0,0,0,0,0,0,0,0,0,0,0,0,0,0,0,0,0,0,0,0,0,0,0,0,0,0,0,0,0,0,0,1,0,0,0,0,-0.14430312730363337,0.05,0.6627906976744186
2023,3,hamilton,3,2,Finished,18.0,58,hamilton_2023_3,0,finished,classificado,False,0,0,0,0,UNKNOWN,0,0,0,1,0,0,0,0,0,0,0,0,0,0,0,0,0,0,0,0,0,0,0,0,0,0,0,0,0,0,0,0,0,0,0,0,0,0,0,0,0,0,0,0,0,1,0,0,0,0,0,0,0,-0.14430312730363337,0.15000000000000002,0.6627906976744186
2023,3,alonso,4,3,Finished,15.0,58,alonso_2023_3,0,finished,classificado,False,0,0,0,0,UNKNOWN,0,0,0,1,0,0,0,0,0,0,0,0,0,0,0,0,0,0,0,0,0,0,0,0,0,0,0,0,0,0,0,0,0,0,0,0,0,0,0,0,1,0,0,0,0,0,0,0,0,0,0,0,0,-0.14430312730363337,0.2,0.6627906976744186
2023,3,stroll,6,4,Finished,12.0,58,stroll_2023_3,0,finished,classificado,False,0,0,0,0,UNKNOWN,0,0,0,1,0,0,0,0,0,0,0,0,0,0,0,0,0,0,0,0,0,0,0,0,0,0,0,0,0,0,0,0,0,0,0,0,0,0,0,0,1,0,0,0,0,0,0,0,0,0,0,0,0,-0.14430312730363337,0.30000000000000004,0.6627906976744186
2023,3,perez,20,5,Finished,11.0,58,perez_2023_3,0,finished,classificado,False,0,0,0,0,UNKNOWN,0,0,0,1,0,0,0,0,0,0,0,0,0,0,0,0,0,0,0,0,0,0,0,0,0,0,0,0,0,0,0,0,0,0,0,0,0,0,0,0,0,0,0,0,0,0,0,0,1,0,0,0,0,-0.14430312730363337,1.0,0.6627906976744186
2023,3,norris,13,6,Finished,8.0,58,norris_2023_3,0,finished,classificado,False,0,0,0,0,UNKNOWN,0,0,0,1,0,0,0,0,0,0,0,0,0,0,0,0,0,0,0,0,0,0,0,0,0,0,0,0,0,0,0,0,0,0,0,0,0,0,0,0,0,0,0,0,1,0,0,0,0,0,0,0,0,-0.14430312730363337,0.65,0.6627906976744186
2023,3,hulkenberg,10,7,Finished,6.0,58,hulkenberg_2023_3,0,finished,classificado,False,0,0,0,0,UNKNOWN,0,0,0,1,0,0,0,0,0,0,0,0,0,0,0,0,0,0,0,0,0,0,0,0,0,0,0,0,0,0,0,0,0,0,0,0,0,0,0,0,0,0,0,1,0,0,0,0,0,0,0,0,0,-0.14430312730363337,0.5,0.6627906976744186
2023,3,piastri,16,8,Finished,4.0,58,piastri_2023_3,0,finished,classificado,False,0,0,0,0,UNKNOWN,0,0,0,1,0,0,0,0,0,0,0,0,0,0,0,0,0,0,0,0,0,0,0,0,0,0,0,0,0,0,0,0,0,0,0,0,0,0,0,0,0,0,0,0,1,0,0,0,0,0,0,0,0,-0.14430312730363337,0.8,0.6627906976744186
2023,3,zhou,17,9,Finished,2.0,58,zhou_2023_3,0,finished,classificado,False,0,0,0,0,UNKNOWN,0,0,0,1,0,0,0,0,0,0,0,0,0,0,0,0,0,0,0,0,0,0,0,0,0,0,0,0,0,0,0,0,0,0,0,0,0,1,0,0,0,0,0,0,0,0,0,0,0,0,0,0,0,-0.14430312730363337,0.8500000000000001,0.6627906976744186
2023,3,tsunoda,12,10,Finished,1.0,58,tsunoda_2023_3,0,finished,classificado,False,0,0,0,0,UNKNOWN,0,0,0,1,0,0,0,0,0,0,0,0,0,0,0,0,0,0,0,0,0,0,0,0,0,0,0,0,0,0,0,0,0,0,0,0,0,0,1,0,0,0,0,0,0,0,0,0,0,0,0,0,0,-0.14430312730363337,0.6000000000000001,0.6627906976744186
2023,3,bottas,19,11,Finished,0.0,58,bottas_2023_3,0,finished,classificado,False,0,0,0,0,UNKNOWN,0,0,0,1,0,0,0,0,0,0,0,0,0,0,0,0,0,0,0,0,0,0,0,0,0,0,0,0,0,0,0,0,0,0,0,0,0,1,0,0,0,0,0,0,0,0,0,0,0,0,0,0,0,-0.14430312730363337,0.9500000000000001,0.6627906976744186
2023,3,sainz,5,12,Finished,0.0,58,sainz_2023_3,0,finished,classificado,False,0,0,0,0,UNKNOWN,0,0,0,1,0,0,0,0,0,0,0,0,0,0,0,0,0,0,0,0,0,0,0,0,0,0,0,0,0,0,0,0,0,0,0,0,0,0,0,0,0,1,0,0,0,0,0,0,0,0,0,0,0,-0.14430312730363337,0.25,0.6627906976744186
2023,4,perez,3,1,Finished,25.0,51,perez_2023_4,0,finished,classificado,False,0,0,0,0,UNKNOWN,0,0,0,0,0,1,0,0,0,0,0,0,0,0,0,0,0,0,0,0,0,0,0,0,0,0,0,0,0,0,0,0,0,0,0,0,0,0,0,0,0,0,0,0,0,0,0,0,1,0,0,0,0,-0.8101552174578761,0.15000000000000002,0.5813953488372092
2023,4,max_verstappen,2,2,Finished,18.0,51,max_verstappen_2023_4,0,finished,classificado,False,0,0,0,0,UNKNOWN,0,0,0,0,0,1,0,0,0,0,0,0,0,0,0,0,0,0,0,0,0,0,0,0,0,0,0,0,0,0,0,0,0,0,0,0,0,0,0,0,0,0,0,0,0,0,0,0,1,0,0,0,0,-0.8101552174578761,0.1,0.5813953488372092
2023,4,leclerc,1,3,Finished,15.0,51,leclerc_2023_4,0,finished,classificado,False,0,0,0,0,UNKNOWN,0,0,0,0,0,1,0,0,0,0,0,0,0,0,0,0,0,0,0,0,0,0,0,0,0,0,0,0,0,0,0,0,0,0,0,0,0,0,0,0,0,1,0,0,0,0,0,0,0,0,0,0,0,-0.8101552174578761,0.05,0.5813953488372092
2023,4,alonso,6,4,Finished,12.0,51,alonso_2023_4,0,finished,classificado,False,0,0,0,0,UNKNOWN,0,0,0,0,0,1,0,0,0,0,0,0,0,0,0,0,0,0,0,0,0,0,0,0,0,0,0,0,0,0,0,0,0,0,0,0,0,0,0,0,1,0,0,0,0,0,0,0,0,0,0,0,0,-0.8101552174578761,0.30000000000000004,0.5813953488372092
2023,4,sainz,4,5,Finished,10.0,51,sainz_2023_4,0,finished,classificado,False,0,0,0,0,UNKNOWN,0,0,0,0,0,1,0,0,0,0,0,0,0,0,0,0,0,0,0,0,0,0,0,0,0,0,0,0,0,0,0,0,0,0,0,0,0,0,0,0,0,1,0,0,0,0,0,0,0,0,0,0,0,-0.8101552174578761,0.2,0.5813953488372092
2023,4,hamilton,5,6,Finished,8.0,51,hamilton_2023_4,0,finished,classificado,False,0,0,0,0,UNKNOWN,0,0,0,0,0,1,0,0,0,0,0,0,0,0,0,0,0,0,0,0,0,0,0,0,0,0,0,0,0,0,0,0,0,0,0,0,0,0,0,0,0,0,0,0,0,1,0,0,0,0,0,0,0,-0.8101552174578761,0.25,0.5813953488372092
2023,4,stroll,9,7,Finished,6.0,51,stroll_2023_4,0,finished,classificado,False,0,0,0,0,UNKNOWN,0,0,0,0,0,1,0,0,0,0,0,0,0,0,0,0,0,0,0,0,0,0,0,0,0,0,0,0,0,0,0,0,0,0,0,0,0,0,0,0,1,0,0,0,0,0,0,0,0,0,0,0,0,-0.8101552174578761,0.45,0.5813953488372092
2023,4,russell,11,8,Finished,5.0,51,russell_2023_4,0,finished,classificado,False,0,0,0,0,UNKNOWN,0,0,0,0,0,1,0,0,0,0,0,0,0,0,0,0,0,0,0,0,0,0,0,0,0,0,0,0,0,0,0,0,0,0,0,0,0,0,0,0,0,0,0,0,0,1,0,0,0,0,0,0,0,-0.8101552174578761,0.55,0.5813953488372092
2023,4,norris,7,9,Finished,2.0,51,norris_2023_4,0,finished,classificado,False,0,0,0,0,UNKNOWN,0,0,0,0,0,1,0,0,0,0,0,0,0,0,0,0,0,0,0,0,0,0,0,0,0,0,0,0,0,0,0,0,0,0,0,0,0,0,0,0,0,0,0,0,1,0,0,0,0,0,0,0,0,-0.8101552174578761,0.35000000000000003,0.5813953488372092
2023,4,tsunoda,8,10,Finished,1.0,51,tsunoda_2023_4,0,finished,classificado,False,0,0,0,0,UNKNOWN,0,0,0,0,0,1,0,0,0,0,0,0,0,0,0,0,0,0,0,0,0,0,0,0,0,0,0,0,0,0,0,0,0,0,0,0,0,0,1,0,0,0,0,0,0,0,0,0,0,0,0,0,0,-0.8101552174578761,0.4,0.5813953488372092
2023,4,piastri,10,11,Finished,0.0,51,piastri_2023_4,0,finished,classificado,False,0,0,0,0,UNKNOWN,0,0,0,0,0,1,0,0,0,0,0,0,0,0,0,0,0,0,0,0,0,0,0,0,0,0,0,0,0,0,0,0,0,0,0,0,0,0,0,0,0,0,0,0,1,0,0,0,0,0,0,0,0,-0.8101552174578761,0.5,0.5813953488372092
2023,4,albon,12,12,Finished,0.0,51,albon_2023_4,0,finished,classificado,False,0,0,0,0,UNKNOWN,0,0,0,0,0,1,0,0,0,0,0,0,0,0,0,0,0,0,0,0,0,0,0,0,0,0,0,0,0,0,0,0,0,0,0,0,0,0,0,0,0,0,0,0,0,0,0,0,0,0,0,0,1,-0.8101552174578761,0.6000000000000001,0.5813953488372092
2023,4,kevin_magnussen,16,13,Finished,0.0,51,kevin_magnussen_2023_4,0,finished,classificado,False,0,0,0,0,UNKNOWN,0,0,0,0,0,1,0,0,0,0,0,0,0,0,0,0,0,0,0,0,0,0,0,0,0,0,0,0,0,0,0,0,0,0,0,0,0,0,0,0,0,0,0,1,0,0,0,0,0,0,0,0,0,-0.8101552174578761,0.8,0.5813953488372092
2023,4,gasly,17,14,Finished,0.0,51,gasly_2023_4,0,finished,classificado,False,0,0,0,0,UNKNOWN,0,0,0,0,0,1,0,0,0,0,0,0,0,0,0,0,0,0,0,0,0,0,0,0,0,0,0,0,0,0,0,0,0,0,0,0,0,0,0,1,0,0,0,0,0,0,0,0,0,0,0,0,0,-0.8101552174578761,0.8500000000000001,0.5813953488372092
2023,4,ocon,19,15,Finished,0.0,51,ocon_2023_4,0,finished,classificado,False,0,0,0,0,UNKNOWN,0,0,0,0,0,1,0,0,0,0,0,0,0,0,0,0,0,0,0,0,0,0,0,0,0,0,0,0,0,0,0,0,0,0,0,0,0,0,0,1,0,0,0,0,0,0,0,0,0,0,0,0,0,-0.8101552174578761,0.9500000000000001,0.5813953488372092
2023,4,sargeant,14,16,Finished,0.0,51,sargeant_2023_4,0,finished,classificado,False,0,0,0,0,UNKNOWN,0,0,0,0,0,1,0,0,0,0,0,0,0,0,0,0,0,0,0,0,0,0,0,0,0,0,0,0,0,0,0,0,0,0,0,0,0,0,0,0,0,0,0,0,0,0,0,0,0,0,0,0,1,-0.8101552174578761,0.7000000000000001,0.5813953488372092
2023,4,hulkenberg,20,17,Lapped,0.0,50,hulkenberg_2023_4,0,lapped,classificado,False,0,0,0,0,UNKNOWN,0,0,0,0,0,1,0,0,0,0,0,0,0,0,0,0,0,0,0,0,0,0,0,0,0,0,0,0,0,0,0,0,0,0,0,0,0,0,0,0,0,0,0,1,0,0,0,0,0,0,0,0,0,-0.9052769446227679,1.0,0.5697674418604651
2023,4,bottas,13,18,Lapped,0.0,50,bottas_2023_4,0,lapped,classificado,False,0,0,0,0,UNKNOWN,0,0,0,0,0,1,0,0,0,0,0,0,0,0,0,0,0,0,0,0,0,0,0,0,0,0,0,0,0,0,0,0,0,0,0,0,0,1,0,0,0,0,0,0,0,0,0,0,0,0,0,0,0,-0.9052769446227679,0.65,0.5697674418604651
2023,5,max_verstappen,9,1,Finished,26.0,57,max_verstappen_2023_5,0,finished,classificado,False,0,0,0,0,UNKNOWN,0,0,0,0,0,0,0,0,0,0,0,0,0,0,0,0,0,0,0,0,0,0,0,1,0,0,0,0,0,0,0,0,0,0,0,0,0,0,0,0,0,0,0,0,0,0,0,0,1,0,0,0,0,-0.23942485446852518,0.45,0.6511627906976744
2023,5,perez,1,2,Finished,18.0,57,perez_2023_5,0,finished,classificado,False,0,0,0,0,UNKNOWN,0,0,0,0,0,0,0,0,0,0,0,0,0,0,0,0,0,0,0,0,0,0,0,1,0,0,0,0,0,0,0,0,0,0,0,0,0,0,0,0,0,0,0,0,0,0,0,0,1,0,0,0,0,-0.23942485446852518,0.05,0.6511627906976744
2023,5,alonso,2,3,Finished,15.0,57,alonso_2023_5,0,finished,classificado,False,0,0,0,0,UNKNOWN,0,0,0,0,0,0,0,0,0,0,0,0,0,0,0,0,0,0,0,0,0,0,0,1,0,0,0,0,0,0,0,0,0,0,0,0,0,0,0,0,1,0,0,0,0,0,0,0,0,0,0,0,0,-0.23942485446852518,0.1,0.6511627906976744
2023,5,russell,6,4,Finished,12.0,57,russell_2023_5,0,finished,classificado,False,0,0,0,0,UNKNOWN,0,0,0,0,0,0,0,0,0,0,0,0,0,0,0,0,0,0,0,0,0,0,0,1,0,0,0,0,0,0,0,0,0,0,0,0,0,0,0,0,0,0,0,0,0,1,0,0,0,0,0,0,0,-0.23942485446852518,0.30000000000000004,0.6511627906976744
2023,5,sainz,3,5,Finished,10.0,57,sainz_2023_5,0,finished,classificado,False,0,0,0,0,UNKNOWN,0,0,0,0,0,0,0,0,0,0,0,0,0,0,0,0,0,0,0,0,0,0,0,1,0,0,0,0,0,0,0,0,0,0,0,0,0,0,0,0,0,1,0,0,0,0,0,0,0,0,0,0,0,-0.23942485446852518,0.15000000000000002,0.6511627906976744
2023,5,hamilton,13,6,Finished,8.0,57,hamilton_2023_5,0,finished,classificado,False,0,0,0,0,UNKNOWN,0,0,0,0,0,0,0,0,0,0,0,0,0,0,0,0,0,0,0,0,0,0,0,1,0,0,0,0,0,0,0,0,0,0,0,0,0,0,0,0,0,0,0,0,0,1,0,0,0,0,0,0,0,-0.23942485446852518,0.65,0.6511627906976744
2023,5,leclerc,7,7,Finished,6.0,57,leclerc_2023_5,0,finished,classificado,False,0,0,0,0,UNKNOWN,0,0,0,0,0,0,0,0,0,0,0,0,0,0,0,0,0,0,0,0,0,0,0,1,0,0,0,0,0,0,0,0,0,0,0,0,0,0,0,0,0,1,0,0,0,0,0,0,0,0,0,0,0,-0.23942485446852518,0.35000000000000003,0.6511627906976744
2023,5,gasly,5,8,Finished,4.0,57,gasly_2023_5,0,finished,classificado,False,0,0,0,0,UNKNOWN,0,0,0,0,0,0,0,0,0,0,0,0,0,0,0,0,0,0,0,0,0,0,0,1,0,0,0,0,0,0,0,0,0,0,0,0,0,0,0,1,0,0,0,0,0,0,0,0,0,0,0,0,0,-0.23942485446852518,0.25,0.6511627906976744
2023,5,ocon,8,9,Finished,2.0,57,ocon_2023_5,0,finished,classificado,False,0,0,0,0,UNKNOWN,0,0,0,0,0,0,0,0,0,0,0,0,0,0,0,0,0,0,0,0,0,0,0,1,0,0,0,0,0,0,0,0,0,0,0,0,0,0,0,1,0,0,0,0,0,0,0,0,0,0,0,0,0,-0.23942485446852518,0.4,0.6511627906976744
2023,5,kevin_magnussen,4,10,Finished,1.0,57,kevin_magnussen_2023_5,0,finished,classificado,False,0,0,0,0,UNKNOWN,0,0,0,0,0,0,0,0,0,0,0,0,0,0,0,0,0,0,0,0,0,0,0,1,0,0,0,0,0,0,0,0,0,0,0,0,0,0,0,0,0,0,0,1,0,0,0,0,0,0,0,0,0,-0.23942485446852518,0.2,0.6511627906976744
2023,5,tsunoda,17,11,Finished,0.0,57,tsunoda_2023_5,0,finished,classificado,False,0,0,0,0,UNKNOWN,0,0,0,0,0,0,0,0,0,0,0,0,0,0,0,0,0,0,0,0,0,0,0,1,0,0,0,0,0,0,0,0,0,0,0,0,0,0,1,0,0,0,0,0,0,0,0,0,0,0,0,0,0,-0.23942485446852518,0.8500000000000001,0.6511627906976744
2023,5,stroll,18,12,Finished,0.0,57,stroll_2023_5,0,finished,classificado,False,0,0,0,0,UNKNOWN,0,0,0,0,0,0,0,0,0,0,0,0,0,0,0,0,0,0,0,0,0,0,0,1,0,0,0,0,0,0,0,0,0,0,0,0,0,0,0,0,1,0,0,0,0,0,0,0,0,0,0,0,0,-0.23942485446852518,0.9,0.6511627906976744
2023,5,bottas,10,13,Finished,0.0,57,bottas_2023_5,0,finished,classificado,False,0,0,0,0,UNKNOWN,0,0,0,0,0,0,0,0,0,0,0,0,0,0,0,0,0,0,0,0,0,0,0,1,0,0,0,0,0,0,0,0,0,0,0,0,0,1,0,0,0,0,0,0,0,0,0,0,0,0,0,0,0,-0.23942485446852518,0.5,0.6511627906976744
2023,5,albon,11,14,Finished,0.0,57,albon_2023_5,0,finished,classificado,False,0,0,0,0,UNKNOWN,0,0,0,0,0,0,0,0,0,0,0,0,0,0,0,0,0,0,0,0,0,0,0,1,0,0,0,0,0,0,0,0,0,0,0,0,0,0,0,0,0,0,0,0,0,0,0,0,0,0,0,0,1,-0.23942485446852518,0.55,0.6511627906976744
2023,5,hulkenberg,12,15,Finished,0.0,57,hulkenberg_2023_5,0,finished,classificado,False,0,0,0,0,UNKNOWN,0,0,0,0,0,0,0,0,0,0,0,0,0,0,0,0,0,0,0,0,0,0,0,1,0,0,0,0,0,0,0,0,0,0,0,0,0,0,0,0,0,0,0,1,0,0,0,0,0,0,0,0,0,-0.23942485446852518,0.6000000000000001,0.6511627906976744
2023,5,zhou,14,16,Finished,0.0,57,zhou_2023_5,0,finished,classificado,False,0,0,0,0,UNKNOWN,0,0,0,0,0,0,0,0,0,0,0,0,0,0,0,0,0,0,0,0,0,0,0,1,0,0,0,0,0,0,0,0,0,0,0,0,0,1,0,0,0,0,0,0,0,0,0,0,0,0,0,0,0,-0.23942485446852518,0.7000000000000001,0.6511627906976744
2023,5,norris,16,17,Finished,0.0,57,norris_2023_5,0,finished,classificado,False,0,0,0,0,UNKNOWN,0,0,0,0,0,0,0,0,0,0,0,0,0,0,0,0,0,0,0,0,0,0,0,1,0,0,0,0,0,0,0,0,0,0,0,0,0,0,0,0,0,0,0,0,1,0,0,0,0,0,0,0,0,-0.23942485446852518,0.8,0.6511627906976744
2023,5,de_vries,15,18,Finished,0.0,57,de_vries_2023_5,0,finished,classificado,False,0,0,0,0,UNKNOWN,0,0,0,0,0,0,0,0,0,0,0,0,0,0,0,0,0,0,0,0,0,0,0,1,0,0,0,0,0,0,0,0,0,0,0,0,0,0,1,0,0,0,0,0,0,0,0,0,0,0,0,0,0,-0.23942485446852518,0.75,0.6511627906976744
2023,5,piastri,19,19,Lapped,0.0,56,piastri_2023_5,0,lapped,classificado,False,0,0,0,0,UNKNOWN,0,0,0,0,0,0,0,0,0,0,0,0,0,0,0,0,0,0,0,0,0,0,0,1,0,0,0,0,0,0,0,0,0,0,0,0,0,0,0,0,0,0,0,0,1,0,0,0,0,0,0,0,0,-0.334546581633417,0.9500000000000001,0.6395348837209303
2023,5,sargeant,20,20,Lapped,0.0,56,sargeant_2023_5,0,lapped,classificado,False,0,0,0,0,UNKNOWN,0,0,0,0,0,0,0,0,0,0,0,0,0,0,0,0,0,0,0,0,0,0,0,1,0,0,0,0,0,0,0,0,0,0,0,0,0,0,0,0,0,0,0,0,0,0,0,0,0,0,0,0,1,-0.334546581633417,1.0,0.6395348837209303
2023,6,max_verstappen,1,1,Finished,25.0,78,max_verstappen_2023_6,0,finished,classificado,False,0,0,0,0,UNKNOWN,0,0,0,0,0,0,0,0,0,0,0,0,0,0,0,0,0,0,0,0,0,0,0,0,1,0,0,0,0,0,0,0,0,0,0,0,0,0,0,0,0,0,0,0,0,0,0,0,1,0,0,0,0,1.758131415994203,0.05,0.8953488372093023
2023,6,alonso,2,2,Finished,18.0,78,alonso_2023_6,0,finished,classificado,False,0,0,0,0,UNKNOWN,0,0,0,0,0,0,0,0,0,0,0,0,0,0,0,0,0,0,0,0,0,0,0,0,1,0,0,0,0,0,0,0,0,0,0,0,0,0,0,0,1,0,0,0,0,0,0,0,0,0,0,0,0,1.758131415994203,0.1,0.8953488372093023
2023,6,ocon,3,3,Finished,15.0,78,ocon_2023_6,0,finished,classificado,False,0,0,0,0,UNKNOWN,0,0,0,0,0,0,0,0,0,0,0,0,0,0,0,0,0,0,0,0,0,0,0,0,1,0,0,0,0,0,0,0,0,0,0,0,0,0,0,1,0,0,0,0,0,0,0,0,0,0,0,0,0,1.758131415994203,0.15000000000000002,0.8953488372093023
2023,6,hamilton,5,4,Finished,13.0,78,hamilton_2023_6,0,finished,classificado,False,0,0,0,0,UNKNOWN,0,0,0,0,0,0,0,0,0,0,0,0,0,0,0,0,0,0,0,0,0,0,0,0,1,0,0,0,0,0,0,0,0,0,0,0,0,0,0,0,0,0,0,0,0,1,0,0,0,0,0,0,0,1.758131415994203,0.25,0.8953488372093023
2023,6,russell,8,5,Finished,10.0,78,russell_2023_6,0,finished,classificado,False,0,0,0,0,UNKNOWN,0,0,0,0,0,0,0,0,0,0,0,0,0,0,0,0,0,0,0,0,0,0,0,0,1,0,0,0,0,0,0,0,0,0,0,0,0,0,0,0,0,0,0,0,0,1,0,0,0,0,0,0,0,1.758131415994203,0.4,0.8953488372093023
2023,6,leclerc,6,6,Finished,8.0,78,leclerc_2023_6,0,finished,classificado,False,0,0,0,0,UNKNOWN,0,0,0,0,0,0,0,0,0,0,0,0,0,0,0,0,0,0,0,0,0,0,0,0,1,0,0,0,0,0,0,0,0,0,0,0,0,0,0,0,0,1,0,0,0,0,0,0,0,0,0,0,0,1.758131415994203,0.30000000000000004,0.8953488372093023
2023,6,gasly,7,7,Finished,6.0,78,gasly_2023_6,0,finished,classificado,False,0,0,0,0,UNKNOWN,0,0,0,0,0,0,0,0,0,0,0,0,0,0,0,0,0,0,0,0,0,0,0,0,1,0,0,0,0,0,0,0,0,0,0,0,0,0,0,1,0,0,0,0,0,0,0,0,0,0,0,0,0,1.758131415994203,0.35000000000000003,0.8953488372093023
2023,6,sainz,4,8,Finished,4.0,78,sainz_2023_6,0,finished,classificado,False,0,0,0,0,UNKNOWN,0,0,0,0,0,0,0,0,0,0,0,0,0,0,0,0,0,0,0,0,0,0,0,0,1,0,0,0,0,0,0,0,0,0,0,0,0,0,0,0,0,1,0,0,0,0,0,0,0,0,0,0,0,1.758131415994203,0.2,0.8953488372093023
2023,6,norris,10,9,Lapped,2.0,77,norris_2023_6,0,lapped,classificado,False,0,0,0,0,UNKNOWN,0,0,0,0,0,0,0,0,0,0,0,0,0,0,0,0,0,0,0,0,0,0,0,0,1,0,0,0,0,0,0,0,0,0,0,0,0,0,0,0,0,0,0,0,1,0,0,0,0,0,0,0,0,1.663009688829311,0.5,0.8837209302325582
2023,6,piastri,11,10,Lapped,1.0,77,piastri_2023_6,0,lapped,classificado,False,0,0,0,0,UNKNOWN,0,0,0,0,0,0,0,0,0,0,0,0,0,0,0,0,0,0,0,0,0,0,0,0,1,0,0,0,0,0,0,0,0,0,0,0,0,0,0,0,0,0,0,0,1,0,0,0,0,0,0,0,0,1.663009688829311,0.55,0.8837209302325582
2023,6,bottas,15,11,Lapped,0.0,77,bottas_2023_6,0,lapped,classificado,False,0,0,0,0,UNKNOWN,0,0,0,0,0,0,0,0,0,0,0,0,0,0,0,0,0,0,0,0,0,0,0,0,1,0,0,0,0,0,0,0,0,0,0,0,0,1,0,0,0,0,0,0,0,0,0,0,0,0,0,0,0,1.663009688829311,0.75,0.8837209302325582
2023,6,de_vries,12,12,Lapped,0.0,77,de_vries_2023_6,0,lapped,classificado,False,0,0,0,0,UNKNOWN,0,0,0,0,0,0,0,0,0,0,0,0,0,0,0,0,0,0,0,0,0,0,0,0,1,0,0,0,0,0,0,0,0,0,0,0,0,0,1,0,0,0,0,0,0,0,0,0,0,0,0,0,0,1.663009688829311,0.6000000000000001,0.8837209302325582
2023,6,zhou,19,13,Lapped,0.0,77,zhou_2023_6,0,lapped,classificado,False,0,0,0,0,UNKNOWN,0,0,0,0,0,0,0,0,0,0,0,0,0,0,0,0,0,0,0,0,0,0,0,0,1,0,0,0,0,0,0,0,0,0,0,0,0,1,0,0,0,0,0,0,0,0,0,0,0,0,0,0,0,1.663009688829311,0.9500000000000001,0.8837209302325582
2023,6,albon,13,14,Lapped,0.0,77,albon_2023_6,0,lapped,classificado,False,0,0,0,0,UNKNOWN,0,0,0,0,0,0,0,0,0,0,0,0,0,0,0,0,0,0,0,0,0,0,0,0,1,0,0,0,0,0,0,0,0,0,0,0,0,0,0,0,0,0,0,0,0,0,0,0,0,0,0,0,1,1.663009688829311,0.65,0.8837209302325582
2023,6,tsunoda,9,15,Lapped,0.0,76,tsunoda_2023_6,0,lapped,classificado,False,0,0,0,0,UNKNOWN,0,0,0,0,0,0,0,0,0,0,0,0,0,0,0,0,0,0,0,0,0,0,0,0,1,0,0,0,0,0,0,0,0,0,0,0,0,0,1,0,0,0,0,0,0,0,0,0,0,0,0,0,0,1.5678879616644192,0.45,0.872093023255814
2023,6,perez,20,16,Lapped,0.0,76,perez_2023_6,0,lapped,classificado,False,0,0,0,0,UNKNOWN,0,0,0,0,0,0,0,0,0,0,0,0,0,0,0,0,0,0,0,0,0,0,0,0,1,0,0,0,0,0,0,0,0,0,0,0,0,0,0,0,0,0,0,0,0,0,0,0,1,0,0,0,0,1.5678879616644192,1.0,0.872093023255814
2023,6,hulkenberg,18,17,Lapped,0.0,76,hulkenberg_2023_6,0,lapped,classificado,False,0,0,0,0,UNKNOWN,0,0,0,0,0,0,0,0,0,0,0,0,0,0,0,0,0,0,0,0,0,0,0,0,1,0,0,0,0,0,0,0,0,0,0,0,0,0,0,0,0,0,0,1,0,0,0,0,0,0,0,0,0,1.5678879616644192,0.9,0.872093023255814
2023,6,sargeant,16,18,Lapped,0.0,76,sargeant_2023_6,0,lapped,classificado,False,0,0,0,0,UNKNOWN,0,0,0,0,0,0,0,0,0,0,0,0,0,0,0,0,0,0,0,0,0,0,0,0,1,0,0,0,0,0,0,0,0,0,0,0,0,0,0,0,0,0,0,0,0,0,0,0,0,0,0,0,1,1.5678879616644192,0.8,0.872093023255814
2023,7,max_verstappen,1,1,Finished,26.0,66,max_verstappen_2023_7,0,finished,classificado,False,0,0,0,0,UNKNOWN,0,0,0,0,0,0,0,0,0,0,0,0,0,0,0,0,0,0,0,0,0,0,0,0,0,0,0,0,0,0,0,1,0,0,0,0,0,0,0,0,0,0,0,0,0,0,0,0,1,0,0,0,0,0.6166706900155011,0.05,0.7558139534883721
2023,7,hamilton,4,2,Finished,18.0,66,hamilton_2023_7,0,finished,classificado,False,0,0,0,0,UNKNOWN,0,0,0,0,0,0,0,0,0,0,0,0,0,0,0,0,0,0,0,0,0,0,0,0,0,0,0,0,0,0,0,1,0,0,0,0,0,0,0,0,0,0,0,0,0,1,0,0,0,0,0,0,0,0.6166706900155011,0.2,0.7558139534883721
2023,7,russell,12,3,Finished,15.0,66,russell_2023_7,0,finished,classificado,False,0,0,0,0,UNKNOWN,0,0,0,0,0,0,0,0,0,0,0,0,0,0,0,0,0,0,0,0,0,0,0,0,0,0,0,0,0,0,0,1,0,0,0,0,0,0,0,0,0,0,0,0,0,1,0,0,0,0,0,0,0,0.6166706900155011,0.6000000000000001,0.7558139534883721
2023,7,perez,11,4,Finished,12.0,66,perez_2023_7,0,finished,classificado,False,0,0,0,0,UNKNOWN,0,0,0,0,0,0,0,0,0,0,0,0,0,0,0,0,0,0,0,0,0,0,0,0,0,0,0,0,0,0,0,1,0,0,0,0,0,0,0,0,0,0,0,0,0,0,0,0,1,0,0,0,0,0.6166706900155011,0.55,0.7558139534883721
2023,7,sainz,2,5,Finished,10.0,66,sainz_2023_7,0,finished,classificado,False,0,0,0,0,UNKNOWN,0,0,0,0,0,0,0,0,0,0,0,0,0,0,0,0,0,0,0,0,0,0,0,0,0,0,0,0,0,0,0,1,0,0,0,0,0,0,0,0,0,1,0,0,0,0,0,0,0,0,0,0,0,0.6166706900155011,0.1,0.7558139534883721
2023,7,stroll,5,6,Finished,8.0,66,stroll_2023_7,0,finished,classificado,False,0,0,0,0,UNKNOWN,0,0,0,0,0,0,0,0,0,0,0,0,0,0,0,0,0,0,0,0,0,0,0,0,0,0,0,0,0,0,0,1,0,0,0,0,0,0,0,0,1,0,0,0,0,0,0,0,0,0,0,0,0,0.6166706900155011,0.25,0.7558139534883721
2023,7,alonso,8,7,Finished,6.0,66,alonso_2023_7,0,finished,classificado,False,0,0,0,0,UNKNOWN,0,0,0,0,0,0,0,0,0,0,0,0,0,0,0,0,0,0,0,0,0,0,0,0,0,0,0,0,0,0,0,1,0,0,0,0,0,0,0,0,1,0,0,0,0,0,0,0,0,0,0,0,0,0.6166706900155011,0.4,0.7558139534883721
2023,7,ocon,6,8,Finished,4.0,66,ocon_2023_7,0,finished,classificado,False,0,0,0,0,UNKNOWN,0,0,0,0,0,0,0,0,0,0,0,0,0,0,0,0,0,0,0,0,0,0,0,0,0,0,0,0,0,0,0,1,0,0,0,0,0,0,0,1,0,0,0,0,0,0,0,0,0,0,0,0,0,0.6166706900155011,0.30000000000000004,0.7558139534883721
2023,7,zhou,13,9,Finished,2.0,66,zhou_2023_7,0,finished,classificado,False,0,0,0,0,UNKNOWN,0,0,0,0,0,0,0,0,0,0,0,0,0,0,0,0,0,0,0,0,0,0,0,0,0,0,0,0,0,0,0,1,0,0,0,0,0,1,0,0,0,0,0,0,0,0,0,0,0,0,0,0,0,0.6166706900155011,0.65,0.7558139534883721
2023,7,gasly,10,10,Finished,1.0,66,gasly_2023_7,0,finished,classificado,False,0,0,0,0,UNKNOWN,0,0,0,0,0,0,0,0,0,0,0,0,0,0,0,0,0,0,0,0,0,0,0,0,0,0,0,0,0,0,0,1,0,0,0,0,0,0,0,1,0,0,0,0,0,0,0,0,0,0,0,0,0,0.6166706900155011,0.5,0.7558139534883721
2023,7,leclerc,19,11,Finished,0.0,66,leclerc_2023_7,0,finished,classificado,False,0,0,0,0,UNKNOWN,0,0,0,0,0,0,0,0,0,0,0,0,0,0,0,0,0,0,0,0,0,0,0,0,0,0,0,0,0,0,0,1,0,0,0,0,0,0,0,0,0,1,0,0,0,0,0,0,0,0,0,0,0,0.6166706900155011,0.9500000000000001,0.7558139534883721
2023,7,tsunoda,15,12,Finished,0.0,66,tsunoda_2023_7,0,finished,classificado,False,0,0,0,0,UNKNOWN,0,0,0,0,0,0,0,0,0,0,0,0,0,0,0,0,0,0,0,0,0,0,0,0,0,0,0,0,0,0,0,1,0,0,0,0,0,0,1,0,0,0,0,0,0,0,0,0,0,0,0,0,0,0.6166706900155011,0.75,0.7558139534883721
2023,7,piastri,9,13,Lapped,0.0,65,piastri_2023_7,0,lapped,classificado,False,0,0,0,0,UNKNOWN,0,0,0,0,0,0,0,0,0,0,0,0,0,0,0,0,0,0,0,0,0,0,0,0,0,0,0,0,0,0,0,1,0,0,0,0,0,0,0,0,0,0,0,0,1,0,0,0,0,0,0,0,0,0.5215489628506094,0.45,0.7441860465116279
2023,7,de_vries,14,14,Lapped,0.0,65,de_vries_2023_7,0,lapped,classificado,False,0,0,0,0,UNKNOWN,0,0,0,0,0,0,0,0,0,0,0,0,0,0,0,0,0,0,0,0,0,0,0,0,0,0,0,0,0,0,0,1,0,0,0,0,0,0,1,0,0,0,0,0,0,0,0,0,0,0,0,0,0,0.5215489628506094,0.7000000000000001,0.7441860465116279
2023,7,hulkenberg,7,15,Lapped,0.0,65,hulkenberg_2023_7,0,lapped,classificado,False,0,0,0,0,UNKNOWN,0,0,0,0,0,0,0,0,0,0,0,0,0,0,0,0,0,0,0,0,0,0,0,0,0,0,0,0,0,0,0,1,0,0,0,0,0,0,0,0,0,0,0,1,0,0,0,0,0,0,0,0,0,0.5215489628506094,0.35000000000000003,0.7441860465116279
2023,7,albon,18,16,Lapped,0.0,65,albon_2023_7,0,lapped,classificado,False,0,0,0,0,UNKNOWN,0,0,0,0,0,0,0,0,0,0,0,0,0,0,0,0,0,0,0,0,0,0,0,0,0,0,0,0,0,0,0,1,0,0,0,0,0,0,0,0,0,0,0,0,0,0,0,0,0,0,0,0,1,0.5215489628506094,0.9,0.7441860465116279
2023,7,norris,3,17,Lapped,0.0,65,norris_2023_7,0,lapped,classificado,False,0,0,0,0,UNKNOWN,0,0,0,0,0,0,0,0,0,0,0,0,0,0,0,0,0,0,0,0,0,0,0,0,0,0,0,0,0,0,0,1,0,0,0,0,0,0,0,0,0,0,0,0,1,0,0,0,0,0,0,0,0,0.5215489628506094,0.15000000000000002,0.7441860465116279
2023,7,kevin_magnussen,17,18,Lapped,0.0,65,kevin_magnussen_2023_7,0,lapped,classificado,False,0,0,0,0,UNKNOWN,0,0,0,0,0,0,0,0,0,0,0,0,0,0,0,0,0,0,0,0,0,0,0,0,0,0,0,0,0,0,0,1,0,0,0,0,0,0,0,0,0,0,0,1,0,0,0,0,0,0,0,0,0,0.5215489628506094,0.8500000000000001,0.7441860465116279
2023,7,bottas,16,19,Lapped,0.0,65,bottas_2023_7,0,lapped,classificado,False,0,0,0,0,UNKNOWN,0,0,0,0,0,0,0,0,0,0,0,0,0,0,0,0,0,0,0,0,0,0,0,0,0,0,0,0,0,0,0,1,0,0,0,0,0,1,0,0,0,0,0,0,0,0,0,0,0,0,0,0,0,0.5215489628506094,0.8,0.7441860465116279
2023,7,sargeant,20,20,Lapped,0.0,65,sargeant_2023_7,0,lapped,classificado,False,0,0,0,0,UNKNOWN,0,0,0,0,0,0,0,0,0,0,0,0,0,0,0,0,0,0,0,0,0,0,0,0,0,0,0,0,0,0,0,1,0,0,0,0,0,0,0,0,0,0,0,0,0,0,0,0,0,0,0,0,1,0.5215489628506094,1.0,0.7441860465116279
2023,8,max_verstappen,1,1,Finished,25.0,70,max_verstappen_2023_8,0,finished,classificado,False,0,0,0,0,UNKNOWN,0,0,0,0,0,0,0,0,0,0,1,0,0,0,0,0,0,0,0,0,0,0,0,0,0,0,0,0,0,0,0,0,0,0,0,0,0,0,0,0,0,0,0,0,0,0,0,0,1,0,0,0,0,0.9971575986750684,0.05,0.8023255813953488
2023,8,alonso,2,2,Finished,18.0,70,alonso_2023_8,0,finished,classificado,False,0,0,0,0,UNKNOWN,0,0,0,0,0,0,0,0,0,0,1,0,0,0,0,0,0,0,0,0,0,0,0,0,0,0,0,0,0,0,0,0,0,0,0,0,0,0,0,0,1,0,0,0,0,0,0,0,0,0,0,0,0,0.9971575986750684,0.1,0.8023255813953488
2023,8,hamilton,3,3,Finished,15.0,70,hamilton_2023_8,0,finished,classificado,False,0,0,0,0,UNKNOWN,0,0,0,0,0,0,0,0,0,0,1,0,0,0,0,0,0,0,0,0,0,0,0,0,0,0,0,0,0,0,0,0,0,0,0,0,0,0,0,0,0,0,0,0,0,1,0,0,0,0,0,0,0,0.9971575986750684,0.15000000000000002,0.8023255813953488
2023,8,leclerc,10,4,Finished,12.0,70,leclerc_2023_8,0,finished,classificado,False,0,0,0,0,UNKNOWN,0,0,0,0,0,0,0,0,0,0,1,0,0,0,0,0,0,0,0,0,0,0,0,0,0,0,0,0,0,0,0,0,0,0,0,0,0,0,0,0,0,1,0,0,0,0,0,0,0,0,0,0,0,0.9971575986750684,0.5,0.8023255813953488
2023,8,sainz,11,5,Finished,10.0,70,sainz_2023_8,0,finished,classificado,False,0,0,0,0,UNKNOWN,0,0,0,0,0,0,0,0,0,0,1,0,0,0,0,0,0,0,0,0,0,0,0,0,0,0,0,0,0,0,0,0,0,0,0,0,0,0,0,0,0,1,0,0,0,0,0,0,0,0,0,0,0,0.9971575986750684,0.55,0.8023255813953488
2023,8,perez,12,6,Finished,9.0,70,perez_2023_8,0,finished,classificado,False,0,0,0,0,UNKNOWN,0,0,0,0,0,0,0,0,0,0,1,0,0,0,0,0,0,0,0,0,0,0,0,0,0,0,0,0,0,0,0,0,0,0,0,0,0,0,0,0,0,0,0,0,0,0,0,0,1,0,0,0,0,0.9971575986750684,0.6000000000000001,0.8023255813953488
2023,8,albon,9,7,Finished,6.0,70,albon_2023_8,0,finished,classificado,False,0,0,0,0,UNKNOWN,0,0,0,0,0,0,0,0,0,0,1,0,0,0,0,0,0,0,0,0,0,0,0,0,0,0,0,0,0,0,0,0,0,0,0,0,0,0,0,0,0,0,0,0,0,0,0,0,0,0,0,0,1,0.9971575986750684,0.45,0.8023255813953488
2023,8,ocon,6,8,Finished,4.0,70,ocon_2023_8,0,finished,classificado,False,0,0,0,0,UNKNOWN,0,0,0,0,0,0,0,0,0,0,1,0,0,0,0,0,0,0,0,0,0,0,0,0,0,0,0,0,0,0,0,0,0,0,0,0,0,0,0,1,0,0,0,0,0,0,0,0,0,0,0,0,0,0.9971575986750684,0.30000000000000004,0.8023255813953488
2023,8,stroll,16,9,Finished,2.0,70,stroll_2023_8,0,finished,classificado,False,0,0,0,0,UNKNOWN,0,0,0,0,0,0,0,0,0,0,1,0,0,0,0,0,0,0,0,0,0,0,0,0,0,0,0,0,0,0,0,0,0,0,0,0,0,0,0,0,1,0,0,0,0,0,0,0,0,0,0,0,0,0.9971575986750684,0.8,0.8023255813953488
2023,8,bottas,14,10,Finished,1.0,70,bottas_2023_8,0,finished,classificado,False,0,0,0,0,UNKNOWN,0,0,0,0,0,0,0,0,0,0,1,0,0,0,0,0,0,0,0,0,0,0,0,0,0,0,0,0,0,0,0,0,0,0,0,0,0,1,0,0,0,0,0,0,0,0,0,0,0,0,0,0,0,0.9971575986750684,0.7000000000000001,0.8023255813953488
2023,8,piastri,8,11,Finished,0.0,70,piastri_2023_8,0,finished,classificado,False,0,0,0,0,UNKNOWN,0,0,0,0,0,0,0,0,0,0,1,0,0,0,0,0,0,0,0,0,0,0,0,0,0,0,0,0,0,0,0,0,0,0,0,0,0,0,0,0,0,0,0,0,1,0,0,0,0,0,0,0,0,0.9971575986750684,0.4,0.8023255813953488
2023,8,gasly,15,12,Finished,0.0,70,gasly_2023_8,0,finished,classificado,False,0,0,0,0,UNKNOWN,0,0,0,0,0,0,0,0,0,0,1,0,0,0,0,0,0,0,0,0,0,0,0,0,0,0,0,0,0,0,0,0,0,0,0,0,0,0,0,1,0,0,0,0,0,0,0,0,0,0,0,0,0,0.9971575986750684,0.75,0.8023255813953488
2023,8,norris,7,13,Finished,0.0,70,norris_2023_8,0,finished,classificado,False,0,0,0,0,UNKNOWN,0,0,0,0,0,0,0,0,0,0,1,0,0,0,0,0,0,0,0,0,0,0,0,0,0,0,0,0,0,0,0,0,0,0,0,0,0,0,0,0,0,0,0,0,1,0,0,0,0,0,0,0,0,0.9971575986750684,0.35000000000000003,0.8023255813953488
2023,8,tsunoda,19,14,Finished,0.0,70,tsunoda_2023_8,0,finished,classificado,False,0,0,0,0,UNKNOWN,0,0,0,0,0,0,0,0,0,0,1,0,0,0,0,0,0,0,0,0,0,0,0,0,0,0,0,0,0,0,0,0,0,0,0,0,0,0,1,0,0,0,0,0,0,0,0,0,0,0,0,0,0,0.9971575986750684,0.9500000000000001,0.8023255813953488
2023,8,hulkenberg,5,15,Lapped,0.0,69,hulkenberg_2023_8,0,lapped,classificado,False,0,0,0,0,UNKNOWN,0,0,0,0,0,0,0,0,0,0,1,0,0,0,0,0,0,0,0,0,0,0,0,0,0,0,0,0,0,0,0,0,0,0,0,0,0,0,0,0,0,0,0,1,0,0,0,0,0,0,0,0,0,0.9020358715101766,0.25,0.7906976744186046
2023,8,zhou,20,16,Lapped,0.0,69,zhou_2023_8,0,lapped,classificado,False,0,0,0,0,UNKNOWN,0,0,0,0,0,0,0,0,0,0,1,0,0,0,0,0,0,0,0,0,0,0,0,0,0,0,0,0,0,0,0,0,0,0,0,0,0,1,0,0,0,0,0,0,0,0,0,0,0,0,0,0,0,0.9020358715101766,1.0,0.7906976744186046
2023,8,kevin_magnussen,13,17,Lapped,0.0,69,kevin_magnussen_2023_8,0,lapped,classificado,False,0,0,0,0,UNKNOWN,0,0,0,0,0,0,0,0,0,0,1,0,0,0,0,0,0,0,0,0,0,0,0,0,0,0,0,0,0,0,0,0,0,0,0,0,0,0,0,0,0,0,0,1,0,0,0,0,0,0,0,0,0,0.9020358715101766,0.65,0.7906976744186046
2023,8,de_vries,17,18,Lapped,0.0,69,de_vries_2023_8,0,lapped,classificado,False,0,0,0,0,UNKNOWN,0,0,0,0,0,0,0,0,0,0,1,0,0,0,0,0,0,0,0,0,0,0,0,0,0,0,0,0,0,0,0,0,0,0,0,0,0,0,1,0,0,0,0,0,0,0,0,0,0,0,0,0,0,0.9020358715101766,0.8500000000000001,0.7906976744186046
2023,9,max_verstappen,1,1,Finished,26.0,71,max_verstappen_2023_9,0,finished,classificado,False,0,0,0,0,UNKNOWN,0,0,0,0,1,0,0,0,0,0,0,0,0,0,0,0,0,0,0,0,0,0,0,0,0,0,0,0,0,0,0,0,0,0,0,0,0,0,0,0,0,0,0,0,0,0,0,0,1,0,0,0,0,1.0922793258399601,0.05,0.813953488372093
2023,9,leclerc,2,2,Finished,18.0,71,leclerc_2023_9,0,finished,classificado,False,0,0,0,0,UNKNOWN,0,0,0,0,1,0,0,0,0,0,0,0,0,0,0,0,0,0,0,0,0,0,0,0,0,0,0,0,0,0,0,0,0,0,0,0,0,0,0,0,0,1,0,0,0,0,0,0,0,0,0,0,0,1.0922793258399601,0.1,0.813953488372093
2023,9,perez,15,3,Finished,15.0,71,perez_2023_9,0,finished,classificado,False,0,0,0,0,UNKNOWN,0,0,0,0,1,0,0,0,0,0,0,0,0,0,0,0,0,0,0,0,0,0,0,0,0,0,0,0,0,0,0,0,0,0,0,0,0,0,0,0,0,0,0,0,0,0,0,0,1,0,0,0,0,1.0922793258399601,0.75,0.813953488372093
2023,9,norris,4,4,Finished,12.0,71,norris_2023_9,0,finished,classificado,False,0,0,0,0,UNKNOWN,0,0,0,0,1,0,0,0,0,0,0,0,0,0,0,0,0,0,0,0,0,0,0,0,0,0,0,0,0,0,0,0,0,0,0,0,0,0,0,0,0,0,0,0,1,0,0,0,0,0,0,0,0,1.0922793258399601,0.2,0.813953488372093
2023,9,alonso,7,5,Finished,10.0,71,alonso_2023_9,0,finished,classificado,False,0,0,0,0,UNKNOWN,0,0,0,0,1,0,0,0,0,0,0,0,0,0,0,0,0,0,0,0,0,0,0,0,0,0,0,0,0,0,0,0,0,0,0,0,0,0,0,0,1,0,0,0,0,0,0,0,0,0,0,0,0,1.0922793258399601,0.35000000000000003,0.813953488372093
2023,9,sainz,3,6,Finished,8.0,71,sainz_2023_9,0,finished,classificado,False,0,0,0,0,UNKNOWN,0,0,0,0,1,0,0,0,0,0,0,0,0,0,0,0,0,0,0,0,0,0,0,0,0,0,0,0,0,0,0,0,0,0,0,0,0,0,0,0,0,1,0,0,0,0,0,0,0,0,0,0,0,1.0922793258399601,0.15000000000000002,0.813953488372093
2023,9,russell,11,7,Finished,6.0,71,russell_2023_9,0,finished,classificado,False,0,0,0,0,UNKNOWN,0,0,0,0,1,0,0,0,0,0,0,0,0,0,0,0,0,0,0,0,0,0,0,0,0,0,0,0,0,0,0,0,0,0,0,0,0,0,0,0,0,0,0,0,0,1,0,0,0,0,0,0,0,1.0922793258399601,0.55,0.813953488372093
2023,9,hamilton,5,8,Finished,4.0,71,hamilton_2023_9,0,finished,classificado,False,0,0,0,0,UNKNOWN,0,0,0,0,1,0,0,0,0,0,0,0,0,0,0,0,0,0,0,0,0,0,0,0,0,0,0,0,0,0,0,0,0,0,0,0,0,0,0,0,0,0,0,0,0,1,0,0,0,0,0,0,0,1.0922793258399601,0.25,0.813953488372093
2023,9,stroll,6,9,Finished,2.0,71,stroll_2023_9,0,finished,classificado,False,0,0,0,0,UNKNOWN,0,0,0,0,1,0,0,0,0,0,0,0,0,0,0,0,0,0,0,0,0,0,0,0,0,0,0,0,0,0,0,0,0,0,0,0,0,0,0,0,1,0,0,0,0,0,0,0,0,0,0,0,0,1.0922793258399601,0.30000000000000004,0.813953488372093
2023,9,gasly,9,10,Finished,1.0,71,gasly_2023_9,0,finished,classificado,False,0,0,0,0,UNKNOWN,0,0,0,0,1,0,0,0,0,0,0,0,0,0,0,0,0,0,0,0,0,0,0,0,0,0,0,0,0,0,0,0,0,0,0,0,0,0,0,1,0,0,0,0,0,0,0,0,0,0,0,0,0,1.0922793258399601,0.45,0.813953488372093
2023,9,albon,10,11,Finished,0.0,71,albon_2023_9,0,finished,classificado,False,0,0,0,0,UNKNOWN,0,0,0,0,1,0,0,0,0,0,0,0,0,0,0,0,0,0,0,0,0,0,0,0,0,0,0,0,0,0,0,0,0,0,0,0,0,0,0,0,0,0,0,0,0,0,0,0,0,0,0,0,1,1.0922793258399601,0.5,0.813953488372093
2023,9,zhou,17,12,Lapped,0.0,70,zhou_2023_9,0,lapped,classificado,False,0,0,0,0,UNKNOWN,0,0,0,0,1,0,0,0,0,0,0,0,0,0,0,0,0,0,0,0,0,0,0,0,0,0,0,0,0,0,0,0,0,0,0,0,0,1,0,0,0,0,0,0,0,0,0,0,0,0,0,0,0,0.9971575986750684,0.8500000000000001,0.8023255813953488
2023,9,sargeant,18,13,Lapped,0.0,70,sargeant_2023_9,0,lapped,classificado,False,0,0,0,0,UNKNOWN,0,0,0,0,1,0,0,0,0,0,0,0,0,0,0,0,0,0,0,0,0,0,0,0,0,0,0,0,0,0,0,0,0,0,0,0,0,0,0,0,0,0,0,0,0,0,0,0,0,0,0,0,1,0.9971575986750684,0.9,0.8023255813953488
2023,9,ocon,12,14,Lapped,0.0,70,ocon_2023_9,0,lapped,classificado,False,0,0,0,0,UNKNOWN,0,0,0,0,1,0,0,0,0,0,0,0,0,0,0,0,0,0,0,0,0,0,0,0,0,0,0,0,0,0,0,0,0,0,0,0,0,0,0,1,0,0,0,0,0,0,0,0,0,0,0,0,0,0.9971575986750684,0.6000000000000001,0.8023255813953488
2023,9,bottas,14,15,Lapped,0.0,70,bottas_2023_9,0,lapped,classificado,False,0,0,0,0,UNKNOWN,0,0,0,0,1,0,0,0,0,0,0,0,0,0,0,0,0,0,0,0,0,0,0,0,0,0,0,0,0,0,0,0,0,0,0,0,0,1,0,0,0,0,0,0,0,0,0,0,0,0,0,0,0,0.9971575986750684,0.7000000000000001,0.8023255813953488
2023,9,piastri,13,16,Lapped,0.0,70,piastri_2023_9,0,lapped,classificado,False,0,0,0,0,UNKNOWN,0,0,0,0,1,0,0,0,0,0,0,0,0,0,0,0,0,0,0,0,0,0,0,0,0,0,0,0,0,0,0,0,0,0,0,0,0,0,0,0,0,0,0,0,1,0,0,0,0,0,0,0,0,0.9971575986750684,0.65,0.8023255813953488
2023,9,de_vries,20,17,Lapped,0.0,70,de_vries_2023_9,0,lapped,classificado,False,0,0,0,0,UNKNOWN,0,0,0,0,1,0,0,0,0,0,0,0,0,0,0,0,0,0,0,0,0,0,0,0,0,0,0,0,0,0,0,0,0,0,0,0,0,0,1,0,0,0,0,0,0,0,0,0,0,0,0,0,0,0.9971575986750684,1.0,0.8023255813953488
2023,9,kevin_magnussen,19,18,Lapped,0.0,70,kevin_magnussen_2023_9,0,lapped,classificado,False,0,0,0,0,UNKNOWN,0,0,0,0,1,0,0,0,0,0,0,0,0,0,0,0,0,0,0,0,0,0,0,0,0,0,0,0,0,0,0,0,0,0,0,0,0,0,0,0,0,0,0,1,0,0,0,0,0,0,0,0,0,0.9971575986750684,0.9500000000000001,0.8023255813953488
2023,9,tsunoda,16,19,Lapped,0.0,70,tsunoda_2023_9,0,lapped,classificado,False,0,0,0,0,UNKNOWN,0,0,0,0,1,0,0,0,0,0,0,0,0,0,0,0,0,0,0,0,0,0,0,0,0,0,0,0,0,0,0,0,0,0,0,0,0,0,1,0,0,0,0,0,0,0,0,0,0,0,0,0,0,0.9971575986750684,0.8,0.8023255813953488
2023,10,max_verstappen,1,1,Finished,26.0,52,max_verstappen_2023_10,0,finished,classificado,False,0,0,0,0,UNKNOWN,0,0,0,0,0,0,0,0,0,1,0,0,0,0,0,0,0,0,0,0,0,0,0,0,0,0,0,0,0,0,0,0,0,0,0,0,0,0,0,0,0,0,0,0,0,0,0,0,1,0,0,0,0,-0.7150334902929842,0.05,0.5930232558139534
2023,10,norris,2,2,Finished,18.0,52,norris_2023_10,0,finished,classificado,False,0,0,0,0,UNKNOWN,0,0,0,0,0,0,0,0,0,1,0,0,0,0,0,0,0,0,0,0,0,0,0,0,0,0,0,0,0,0,0,0,0,0,0,0,0,0,0,0,0,0,0,0,1,0,0,0,0,0,0,0,0,-0.7150334902929842,0.1,0.5930232558139534
2023,10,hamilton,7,3,Finished,15.0,52,hamilton_2023_10,0,finished,classificado,False,0,0,0,0,UNKNOWN,0,0,0,0,0,0,0,0,0,1,0,0,0,0,0,0,0,0,0,0,0,0,0,0,0,0,0,0,0,0,0,0,0,0,0,0,0,0,0,0,0,0,0,0,0,1,0,0,0,0,0,0,0,-0.7150334902929842,0.35000000000000003,0.5930232558139534
2023,10,piastri,3,4,Finished,12.0,52,piastri_2023_10,0,finished,classificado,False,0,0,0,0,UNKNOWN,0,0,0,0,0,0,0,0,0,1,0,0,0,0,0,0,0,0,0,0,0,0,0,0,0,0,0,0,0,0,0,0,0,0,0,0,0,0,0,0,0,0,0,0,1,0,0,0,0,0,0,0,0,-0.7150334902929842,0.15000000000000002,0.5930232558139534
2023,10,russell,6,5,Finished,10.0,52,russell_2023_10,0,finished,classificado,False,0,0,0,0,UNKNOWN,0,0,0,0,0,0,0,0,0,1,0,0,0,0,0,0,0,0,0,0,0,0,0,0,0,0,0,0,0,0,0,0,0,0,0,0,0,0,0,0,0,0,0,0,0,1,0,0,0,0,0,0,0,-0.7150334902929842,0.30000000000000004,0.5930232558139534
2023,10,perez,15,6,Finished,8.0,52,perez_2023_10,0,finished,classificado,False,0,0,0,0,UNKNOWN,0,0,0,0,0,0,0,0,0,1,0,0,0,0,0,0,0,0,0,0,0,0,0,0,0,0,0,0,0,0,0,0,0,0,0,0,0,0,0,0,0,0,0,0,0,0,0,0,1,0,0,0,0,-0.7150334902929842,0.75,0.5930232558139534
2023,10,alonso,9,7,Finished,6.0,52,alonso_2023_10,0,finished,classificado,False,0,0,0,0,UNKNOWN,0,0,0,0,0,0,0,0,0,1,0,0,0,0,0,0,0,0,0,0,0,0,0,0,0,0,0,0,0,0,0,0,0,0,0,0,0,0,0,0,1,0,0,0,0,0,0,0,0,0,0,0,0,-0.7150334902929842,0.45,0.5930232558139534
2023,10,albon,8,8,Finished,4.0,52,albon_2023_10,0,finished,classificado,False,0,0,0,0,UNKNOWN,0,0,0,0,0,0,0,0,0,1,0,0,0,0,0,0,0,0,0,0,0,0,0,0,0,0,0,0,0,0,0,0,0,0,0,0,0,0,0,0,0,0,0,0,0,0,0,0,0,0,0,0,1,-0.7150334902929842,0.4,0.5930232558139534
2023,10,leclerc,4,9,Finished,2.0,52,leclerc_2023_10,0,finished,classificado,False,0,0,0,0,UNKNOWN,0,0,0,0,0,0,0,0,0,1,0,0,0,0,0,0,0,0,0,0,0,0,0,0,0,0,0,0,0,0,0,0,0,0,0,0,0,0,0,0,0,1,0,0,0,0,0,0,0,0,0,0,0,-0.7150334902929842,0.2,0.5930232558139534
2023,10,sainz,5,10,Finished,1.0,52,sainz_2023_10,0,finished,classificado,False,0,0,0,0,UNKNOWN,0,0,0,0,0,0,0,0,0,1,0,0,0,0,0,0,0,0,0,0,0,0,0,0,0,0,0,0,0,0,0,0,0,0,0,0,0,0,0,0,0,1,0,0,0,0,0,0,0,0,0,0,0,-0.7150334902929842,0.25,0.5930232558139534
2023,10,sargeant,14,11,Finished,0.0,52,sargeant_2023_10,0,finished,classificado,False,0,0,0,0,UNKNOWN,0,0,0,0,0,0,0,0,0,1,0,0,0,0,0,0,0,0,0,0,0,0,0,0,0,0,0,0,0,0,0,0,0,0,0,0,0,0,0,0,0,0,0,0,0,0,0,0,0,0,0,0,1,-0.7150334902929842,0.7000000000000001,0.5930232558139534
2023,10,bottas,20,12,Finished,0.0,52,bottas_2023_10,0,finished,classificado,False,0,0,0,0,UNKNOWN,0,0,0,0,0,0,0,0,0,1,0,0,0,0,0,0,0,0,0,0,0,0,0,0,0,0,0,0,0,0,0,0,0,0,0,0,0,1,0,0,0,0,0,0,0,0,0,0,0,0,0,0,0,-0.7150334902929842,1.0,0.5930232558139534
2023,10,hulkenberg,11,13,Finished,0.0,52,hulkenberg_2023_10,0,finished,classificado,False,0,0,0,0,UNKNOWN,0,0,0,0,0,0,0,0,0,1,0,0,0,0,0,0,0,0,0,0,0,0,0,0,0,0,0,0,0,0,0,0,0,0,0,0,0,0,0,0,0,0,0,1,0,0,0,0,0,0,0,0,0,-0.7150334902929842,0.55,0.5930232558139534
2023,10,stroll,12,14,Finished,0.0,52,stroll_2023_10,0,finished,classificado,False,0,0,0,0,UNKNOWN,0,0,0,0,0,0,0,0,0,1,0,0,0,0,0,0,0,0,0,0,0,0,0,0,0,0,0,0,0,0,0,0,0,0,0,0,0,0,0,0,1,0,0,0,0,0,0,0,0,0,0,0,0,-0.7150334902929842,0.6000000000000001,0.5930232558139534
2023,10,zhou,17,15,Finished,0.0,52,zhou_2023_10,0,finished,classificado,False,0,0,0,0,UNKNOWN,0,0,0,0,0,0,0,0,0,1,0,0,0,0,0,0,0,0,0,0,0,0,0,0,0,0,0,0,0,0,0,0,0,0,0,0,0,1,0,0,0,0,0,0,0,0,0,0,0,0,0,0,0,-0.7150334902929842,0.8500000000000001,0.5930232558139534
2023,10,tsunoda,16,16,Finished,0.0,52,tsunoda_2023_10,0,finished,classificado,False,0,0,0,0,UNKNOWN,0,0,0,0,0,0,0,0,0,1,0,0,0,0,0,0,0,0,0,0,0,0,0,0,0,0,0,0,0,0,0,0,0,0,0,0,0,0,1,0,0,0,0,0,0,0,0,0,0,0,0,0,0,-0.7150334902929842,0.8,0.5930232558139534
2023,10,de_vries,18,17,Finished,0.0,52,de_vries_2023_10,0,finished,classificado,False,0,0,0,0,UNKNOWN,0,0,0,0,0,0,0,0,0,1,0,0,0,0,0,0,0,0,0,0,0,0,0,0,0,0,0,0,0,0,0,0,0,0,0,0,0,0,1,0,0,0,0,0,0,0,0,0,0,0,0,0,0,-0.7150334902929842,0.9,0.5930232558139534
2023,11,max_verstappen,2,1,Finished,26.0,70,max_verstappen_2023_11,0,finished,classificado,False,0,0,0,0,UNKNOWN,0,0,0,0,0,0,0,0,0,0,0,0,0,0,0,0,0,1,0,0,0,0,0,0,0,0,0,0,0,0,0,0,0,0,0,0,0,0,0,0,0,0,0,0,0,0,0,0,1,0,0,0,0,0.9971575986750684,0.1,0.8023255813953488
2023,11,norris,3,2,Finished,18.0,70,norris_2023_11,0,finished,classificado,False,0,0,0,0,UNKNOWN,0,0,0,0,0,0,0,0,0,0,0,0,0,0,0,0,0,1,0,0,0,0,0,0,0,0,0,0,0,0,0,0,0,0,0,0,0,0,0,0,0,0,0,0,1,0,0,0,0,0,0,0,0,0.9971575986750684,0.15000000000000002,0.8023255813953488
2023,11,perez,9,3,Finished,15.0,70,perez_2023_11,0,finished,classificado,False,0,0,0,0,UNKNOWN,0,0,0,0,0,0,0,0,0,0,0,0,0,0,0,0,0,1,0,0,0,0,0,0,0,0,0,0,0,0,0,0,0,0,0,0,0,0,0,0,0,0,0,0,0,0,0,0,1,0,0,0,0,0.9971575986750684,0.45,0.8023255813953488
2023,11,hamilton,1,4,Finished,12.0,70,hamilton_2023_11,0,finished,classificado,False,0,0,0,0,UNKNOWN,0,0,0,0,0,0,0,0,0,0,0,0,0,0,0,0,0,1,0,0,0,0,0,0,0,0,0,0,0,0,0,0,0,0,0,0,0,0,0,0,0,0,0,0,0,1,0,0,0,0,0,0,0,0.9971575986750684,0.05,0.8023255813953488
2023,11,piastri,4,5,Finished,10.0,70,piastri_2023_11,0,finished,classificado,False,0,0,0,0,UNKNOWN,0,0,0,0,0,0,0,0,0,0,0,0,0,0,0,0,0,1,0,0,0,0,0,0,0,0,0,0,0,0,0,0,0,0,0,0,0,0,0,0,0,0,0,0,1,0,0,0,0,0,0,0,0,0.9971575986750684,0.2,0.8023255813953488
2023,11,russell,18,6,Finished,8.0,70,russell_2023_11,0,finished,classificado,False,0,0,0,0,UNKNOWN,0,0,0,0,0,0,0,0,0,0,0,0,0,0,0,0,0,1,0,0,0,0,0,0,0,0,0,0,0,0,0,0,0,0,0,0,0,0,0,0,0,0,0,0,0,1,0,0,0,0,0,0,0,0.9971575986750684,0.9,0.8023255813953488
2023,11,leclerc,6,7,Finished,6.0,70,leclerc_2023_11,0,finished,classificado,False,0,0,0,0,UNKNOWN,0,0,0,0,0,0,0,0,0,0,0,0,0,0,0,0,0,1,0,0,0,0,0,0,0,0,0,0,0,0,0,0,0,0,0,0,0,0,0,0,0,1,0,0,0,0,0,0,0,0,0,0,0,0.9971575986750684,0.30000000000000004,0.8023255813953488
2023,11,sainz,11,8,Finished,4.0,70,sainz_2023_11,0,finished,classificado,False,0,0,0,0,UNKNOWN,0,0,0,0,0,0,0,0,0,0,0,0,0,0,0,0,0,1,0,0,0,0,0,0,0,0,0,0,0,0,0,0,0,0,0,0,0,0,0,0,0,1,0,0,0,0,0,0,0,0,0,0,0,0.9971575986750684,0.55,0.8023255813953488
2023,11,alonso,8,9,Finished,2.0,70,alonso_2023_11,0,finished,classificado,False,0,0,0,0,UNKNOWN,0,0,0,0,0,0,0,0,0,0,0,0,0,0,0,0,0,1,0,0,0,0,0,0,0,0,0,0,0,0,0,0,0,0,0,0,0,0,0,0,1,0,0,0,0,0,0,0,0,0,0,0,0,0.9971575986750684,0.4,0.8023255813953488
2023,11,stroll,14,10,Lapped,1.0,69,stroll_2023_11,0,lapped,classificado,False,0,0,0,0,UNKNOWN,0,0,0,0,0,0,0,0,0,0,0,0,0,0,0,0,0,1,0,0,0,0,0,0,0,0,0,0,0,0,0,0,0,0,0,0,0,0,0,0,1,0,0,0,0,0,0,0,0,0,0,0,0,0.9020358715101766,0.7000000000000001,0.7906976744186046
2023,11,albon,16,11,Lapped,0.0,69,albon_2023_11,0,lapped,classificado,False,0,0,0,0,UNKNOWN,0,0,0,0,0,0,0,0,0,0,0,0,0,0,0,0,0,1,0,0,0,0,0,0,0,0,0,0,0,0,0,0,0,0,0,0,0,0,0,0,0,0,0,0,0,0,0,0,0,0,0,0,1,0.9020358715101766,0.8,0.7906976744186046
2023,11,bottas,7,12,Lapped,0.0,69,bottas_2023_11,0,lapped,classificado,False,0,0,0,0,UNKNOWN,0,0,0,0,0,0,0,0,0,0,0,0,0,0,0,0,0,1,0,0,0,0,0,0,0,0,0,0,0,0,0,0,0,0,0,0,0,1,0,0,0,0,0,0,0,0,0,0,0,0,0,0,0,0.9020358715101766,0.35000000000000003,0.7906976744186046
2023,11,ricciardo,13,13,Lapped,0.0,69,ricciardo_2023_11,0,lapped,classificado,False,0,0,0,0,UNKNOWN,0,0,0,0,0,0,0,0,0,0,0,0,0,0,0,0,0,1,0,0,0,0,0,0,0,0,0,0,0,0,0,0,0,0,0,0,0,0,1,0,0,0,0,0,0,0,0,0,0,0,0,0,0,0.9020358715101766,0.65,0.7906976744186046
2023,11,hulkenberg,10,14,Lapped,0.0,69,hulkenberg_2023_11,0,lapped,classificado,False,0,0,0,0,UNKNOWN,0,0,0,0,0,0,0,0,0,0,0,0,0,0,0,0,0,1,0,0,0,0,0,0,0,0,0,0,0,0,0,0,0,0,0,0,0,0,0,0,0,0,0,1,0,0,0,0,0,0,0,0,0,0.9020358715101766,0.5,0.7906976744186046
2023,11,tsunoda,17,15,Lapped,0.0,69,tsunoda_2023_11,0,lapped,classificado,False,0,0,0,0,UNKNOWN,0,0,0,0,0,0,0,0,0,0,0,0,0,0,0,0,0,1,0,0,0,0,0,0,0,0,0,0,0,0,0,0,0,0,0,0,0,0,1,0,0,0,0,0,0,0,0,0,0,0,0,0,0,0.9020358715101766,0.8500000000000001,0.7906976744186046
2023,11,zhou,5,16,Lapped,0.0,69,zhou_2023_11,0,lapped,classificado,False,0,0,0,0,UNKNOWN,0,0,0,0,0,0,0,0,0,0,0,0,0,0,0,0,0,1,0,0,0,0,0,0,0,0,0,0,0,0,0,0,0,0,0,0,0,1,0,0,0,0,0,0,0,0,0,0,0,0,0,0,0,0.9020358715101766,0.25,0.7906976744186046
2023,11,kevin_magnussen,19,17,Lapped,0.0,69,kevin_magnussen_2023_11,0,lapped,classificado,False,0,0,0,0,UNKNOWN,0,0,0,0,0,0,0,0,0,0,0,0,0,0,0,0,0,1,0,0,0,0,0,0,0,0,0,0,0,0,0,0,0,0,0,0,0,0,0,0,0,0,0,1,0,0,0,0,0,0,0,0,0,0.9020358715101766,0.9500000000000001,0.7906976744186046
2023,12,max_verstappen,6,1,Finished,25.0,44,max_verstappen_2023_12,0,finished,classificado,False,0,0,0,0,UNKNOWN,0,0,0,0,0,0,0,1,0,0,0,0,0,0,0,0,0,0,0,0,0,0,0,0,0,0,0,0,0,0,0,0,0,0,0,0,0,0,0,0,0,0,0,0,0,0,0,0,1,0,0,0,0,-1.4760073076121187,0.30000000000000004,0.5
2023,12,perez,2,2,Finished,18.0,44,perez_2023_12,0,finished,classificado,False,0,0,0,0,UNKNOWN,0,0,0,0,0,0,0,1,0,0,0,0,0,0,0,0,0,0,0,0,0,0,0,0,0,0,0,0,0,0,0,0,0,0,0,0,0,0,0,0,0,0,0,0,0,0,0,0,1,0,0,0,0,-1.4760073076121187,0.1,0.5
2023,12,leclerc,1,3,Finished,15.0,44,leclerc_2023_12,0,finished,classificado,False,0,0,0,0,UNKNOWN,0,0,0,0,0,0,0,1,0,0,0,0,0,0,0,0,0,0,0,0,0,0,0,0,0,0,0,0,0,0,0,0,0,0,0,0,0,0,0,0,0,1,0,0,0,0,0,0,0,0,0,0,0,-1.4760073076121187,0.05,0.5
2023,12,hamilton,3,4,Finished,13.0,44,hamilton_2023_12,0,finished,classificado,False,0,0,0,0,UNKNOWN,0,0,0,0,0,0,0,1,0,0,0,0,0,0,0,0,0,0,0,0,0,0,0,0,0,0,0,0,0,0,0,0,0,0,0,0,0,0,0,0,0,0,0,0,0,1,0,0,0,0,0,0,0,-1.4760073076121187,0.15000000000000002,0.5
2023,12,alonso,9,5,Finished,10.0,44,alonso_2023_12,0,finished,classificado,False,0,0,0,0,UNKNOWN,0,0,0,0,0,0,0,1,0,0,0,0,0,0,0,0,0,0,0,0,0,0,0,0,0,0,0,0,0,0,0,0,0,0,0,0,0,0,0,0,1,0,0,0,0,0,0,0,0,0,0,0,0,-1.4760073076121187,0.45,0.5
2023,12,russell,8,6,Finished,8.0,44,russell_2023_12,0,finished,classificado,False,0,0,0,0,UNKNOWN,0,0,0,0,0,0,0,1,0,0,0,0,0,0,0,0,0,0,0,0,0,0,0,0,0,0,0,0,0,0,0,0,0,0,0,0,0,0,0,0,0,0,0,0,0,1,0,0,0,0,0,0,0,-1.4760073076121187,0.4,0.5
2023,12,norris,7,7,Finished,6.0,44,norris_2023_12,0,finished,classificado,False,0,0,0,0,UNKNOWN,0,0,0,0,0,0,0,1,0,0,0,0,0,0,0,0,0,0,0,0,0,0,0,0,0,0,0,0,0,0,0,0,0,0,0,0,0,0,0,0,0,0,0,0,1,0,0,0,0,0,0,0,0,-1.4760073076121187,0.35000000000000003,0.5
2023,12,ocon,14,8,Finished,4.0,44,ocon_2023_12,0,finished,classificado,False,0,0,0,0,UNKNOWN,0,0,0,0,0,0,0,1,0,0,0,0,0,0,0,0,0,0,0,0,0,0,0,0,0,0,0,0,0,0,0,0,0,0,0,0,0,0,0,1,0,0,0,0,0,0,0,0,0,0,0,0,0,-1.4760073076121187,0.7000000000000001,0.5
2023,12,stroll,10,9,Finished,2.0,44,stroll_2023_12,0,finished,classificado,False,0,0,0,0,UNKNOWN,0,0,0,0,0,0,0,1,0,0,0,0,0,0,0,0,0,0,0,0,0,0,0,0,0,0,0,0,0,0,0,0,0,0,0,0,0,0,0,0,1,0,0,0,0,0,0,0,0,0,0,0,0,-1.4760073076121187,0.5,0.5
2023,12,tsunoda,11,10,Finished,1.0,44,tsunoda_2023_12,0,finished,classificado,False,0,0,0,0,UNKNOWN,0,0,0,0,0,0,0,1,0,0,0,0,0,0,0,0,0,0,0,0,0,0,0,0,0,0,0,0,0,0,0,0,0,0,0,0,0,0,1,0,0,0,0,0,0,0,0,0,0,0,0,0,0,-1.4760073076121187,0.55,0.5
2023,12,gasly,12,11,Finished,0.0,44,gasly_2023_12,0,finished,classificado,False,0,0,0,0,UNKNOWN,0,0,0,0,0,0,0,1,0,0,0,0,0,0,0,0,0,0,0,0,0,0,0,0,0,0,0,0,0,0,0,0,0,0,0,0,0,0,0,1,0,0,0,0,0,0,0,0,0,0,0,0,0,-1.4760073076121187,0.6000000000000001,0.5
2023,12,bottas,13,12,Finished,0.0,44,bottas_2023_12,0,finished,classificado,False,0,0,0,0,UNKNOWN,0,0,0,0,0,0,0,1,0,0,0,0,0,0,0,0,0,0,0,0,0,0,0,0,0,0,0,0,0,0,0,0,0,0,0,0,0,1,0,0,0,0,0,0,0,0,0,0,0,0,0,0,0,-1.4760073076121187,0.65,0.5
2023,12,zhou,17,13,Finished,0.0,44,zhou_2023_12,0,finished,classificado,False,0,0,0,0,UNKNOWN,0,0,0,0,0,0,0,1,0,0,0,0,0,0,0,0,0,0,0,0,0,0,0,0,0,0,0,0,0,0,0,0,0,0,0,0,0,1,0,0,0,0,0,0,0,0,0,0,0,0,0,0,0,-1.4760073076121187,0.8500000000000001,0.5
2023,12,albon,15,14,Finished,0.0,44,albon_2023_12,0,finished,classificado,False,0,0,0,0,UNKNOWN,0,0,0,0,0,0,0,1,0,0,0,0,0,0,0,0,0,0,0,0,0,0,0,0,0,0,0,0,0,0,0,0,0,0,0,0,0,0,0,0,0,0,0,0,0,0,0,0,0,0,0,0,1,-1.4760073076121187,0.75,0.5
2023,12,kevin_magnussen,16,15,Finished,0.0,44,kevin_magnussen_2023_12,0,finished,classificado,False,0,0,0,0,UNKNOWN,0,0,0,0,0,0,0,1,0,0,0,0,0,0,0,0,0,0,0,0,0,0,0,0,0,0,0,0,0,0,0,0,0,0,0,0,0,0,0,0,0,0,0,1,0,0,0,0,0,0,0,0,0,-1.4760073076121187,0.8,0.5
2023,12,ricciardo,19,16,Finished,0.0,44,ricciardo_2023_12,0,finished,classificado,False,0,0,0,0,UNKNOWN,0,0,0,0,0,0,0,1,0,0,0,0,0,0,0,0,0,0,0,0,0,0,0,0,0,0,0,0,0,0,0,0,0,0,0,0,0,0,1,0,0,0,0,0,0,0,0,0,0,0,0,0,0,-1.4760073076121187,0.9500000000000001,0.5
2023,12,sargeant,18,17,Finished,0.0,44,sargeant_2023_12,0,finished,classificado,False,0,0,0,0,UNKNOWN,0,0,0,0,0,0,0,1,0,0,0,0,0,0,0,0,0,0,0,0,0,0,0,0,0,0,0,0,0,0,0,0,0,0,0,0,0,0,0,0,0,0,0,0,0,0,0,0,0,0,0,0,1,-1.4760073076121187,0.9,0.5
2023,12,hulkenberg,20,18,Finished,0.0,44,hulkenberg_2023_12,0,finished,classificado,False,0,0,0,0,UNKNOWN,0,0,0,0,0,0,0,1,0,0,0,0,0,0,0,0,0,0,0,0,0,0,0,0,0,0,0,0,0,0,0,0,0,0,0,0,0,0,0,0,0,0,0,1,0,0,0,0,0,0,0,0,0,-1.4760073076121187,1.0,0.5
2023,13,max_verstappen,1,1,Finished,25.0,72,max_verstappen_2023_13,0,finished,classificado,False,0,0,0,0,UNKNOWN,0,0,0,0,0,0,0,0,0,0,0,0,1,0,0,0,0,0,0,0,0,0,0,0,0,0,0,0,0,0,0,0,0,0,0,0,0,0,0,0,0,0,0,0,0,0,0,0,1,0,0,0,0,1.187401053004852,0.05,0.8255813953488371
2023,13,alonso,5,2,Finished,19.0,72,alonso_2023_13,0,finished,classificado,False,0,0,0,0,UNKNOWN,0,0,0,0,0,0,0,0,0,0,0,0,1,0,0,0,0,0,0,0,0,0,0,0,0,0,0,0,0,0,0,0,0,0,0,0,0,0,0,0,1,0,0,0,0,0,0,0,0,0,0,0,0,1.187401053004852,0.25,0.8255813953488371
2023,13,gasly,12,3,Finished,15.0,72,gasly_2023_13,0,finished,classificado,False,0,0,0,0,UNKNOWN,0,0,0,0,0,0,0,0,0,0,0,0,1,0,0,0,0,0,0,0,0,0,0,0,0,0,0,0,0,0,0,0,0,0,0,0,0,0,0,1,0,0,0,0,0,0,0,0,0,0,0,0,0,1.187401053004852,0.6000000000000001,0.8255813953488371
2023,13,perez,7,4,Finished,12.0,72,perez_2023_13,0,finished,classificado,False,0,0,0,0,UNKNOWN,0,0,0,0,0,0,0,0,0,0,0,0,1,0,0,0,0,0,0,0,0,0,0,0,0,0,0,0,0,0,0,0,0,0,0,0,0,0,0,0,0,0,0,0,0,0,0,0,1,0,0,0,0,1.187401053004852,0.35000000000000003,0.8255813953488371
2023,13,sainz,6,5,Finished,10.0,72,sainz_2023_13,0,finished,classificado,False,0,0,0,0,UNKNOWN,0,0,0,0,0,0,0,0,0,0,0,0,1,0,0,0,0,0,0,0,0,0,0,0,0,0,0,0,0,0,0,0,0,0,0,0,0,0,0,0,0,1,0,0,0,0,0,0,0,0,0,0,0,1.187401053004852,0.30000000000000004,0.8255813953488371
2023,13,hamilton,13,6,Finished,8.0,72,hamilton_2023_13,0,finished,classificado,False,0,0,0,0,UNKNOWN,0,0,0,0,0,0,0,0,0,0,0,0,1,0,0,0,0,0,0,0,0,0,0,0,0,0,0,0,0,0,0,0,0,0,0,0,0,0,0,0,0,0,0,0,0,1,0,0,0,0,0,0,0,1.187401053004852,0.65,0.8255813953488371
2023,13,norris,2,7,Finished,6.0,72,norris_2023_13,0,finished,classificado,False,0,0,0,0,UNKNOWN,0,0,0,0,0,0,0,0,0,0,0,0,1,0,0,0,0,0,0,0,0,0,0,0,0,0,0,0,0,0,0,0,0,0,0,0,0,0,0,0,0,0,0,0,1,0,0,0,0,0,0,0,0,1.187401053004852,0.1,0.8255813953488371
2023,13,albon,4,8,Finished,4.0,72,albon_2023_13,0,finished,classificado,False,0,0,0,0,UNKNOWN,0,0,0,0,0,0,0,0,0,0,0,0,1,0,0,0,0,0,0,0,0,0,0,0,0,0,0,0,0,0,0,0,0,0,0,0,0,0,0,0,0,0,0,0,0,0,0,0,0,0,0,0,1,1.187401053004852,0.2,0.8255813953488371
2023,13,piastri,8,9,Finished,2.0,72,piastri_2023_13,0,finished,classificado,False,0,0,0,0,UNKNOWN,0,0,0,0,0,0,0,0,0,0,0,0,1,0,0,0,0,0,0,0,0,0,0,0,0,0,0,0,0,0,0,0,0,0,0,0,0,0,0,0,0,0,0,0,1,0,0,0,0,0,0,0,0,1.187401053004852,0.4,0.8255813953488371
2023,13,ocon,16,10,Finished,1.0,72,ocon_2023_13,0,finished,classificado,False,0,0,0,0,UNKNOWN,0,0,0,0,0,0,0,0,0,0,0,0,1,0,0,0,0,0,0,0,0,0,0,0,0,0,0,0,0,0,0,0,0,0,0,0,0,0,0,1,0,0,0,0,0,0,0,0,0,0,0,0,0,1.187401053004852,0.8,0.8255813953488371
2023,13,stroll,11,11,Finished,0.0,72,stroll_2023_13,0,finished,classificado,False,0,0,0,0,UNKNOWN,0,0,0,0,0,0,0,0,0,0,0,0,1,0,0,0,0,0,0,0,0,0,0,0,0,0,0,0,0,0,0,0,0,0,0,0,0,0,0,0,1,0,0,0,0,0,0,0,0,0,0,0,0,1.187401053004852,0.55,0.8255813953488371
2023,13,hulkenberg,14,12,Finished,0.0,72,hulkenberg_2023_13,0,finished,classificado,False,0,0,0,0,UNKNOWN,0,0,0,0,0,0,0,0,0,0,0,0,1,0,0,0,0,0,0,0,0,0,0,0,0,0,0,0,0,0,0,0,0,0,0,0,0,0,0,0,0,0,0,1,0,0,0,0,0,0,0,0,0,1.187401053004852,0.7000000000000001,0.8255813953488371
2023,13,lawson,19,13,Finished,0.0,72,lawson_2023_13,0,finished,classificado,False,0,0,0,0,UNKNOWN,0,0,0,0,0,0,0,0,0,0,0,0,1,0,0,0,0,0,0,0,0,0,0,0,0,0,0,0,0,0,0,0,0,0,0,0,0,0,1,0,0,0,0,0,0,0,0,0,0,0,0,0,0,1.187401053004852,0.9500000000000001,0.8255813953488371
2023,13,bottas,18,14,Finished,0.0,72,bottas_2023_13,0,finished,classificado,False,0,0,0,0,UNKNOWN,0,0,0,0,0,0,0,0,0,0,0,0,1,0,0,0,0,0,0,0,0,0,0,0,0,0,0,0,0,0,0,0,0,0,0,0,0,1,0,0,0,0,0,0,0,0,0,0,0,0,0,0,0,1.187401053004852,0.9,0.8255813953488371
2023,13,tsunoda,17,15,Finished,0.0,72,tsunoda_2023_13,0,finished,classificado,False,0,0,0,0,UNKNOWN,0,0,0,0,0,0,0,0,0,0,0,0,1,0,0,0,0,0,0,0,0,0,0,0,0,0,0,0,0,0,0,0,0,0,0,0,0,0,1,0,0,0,0,0,0,0,0,0,0,0,0,0,0,1.187401053004852,0.8500000000000001,0.8255813953488371
2023,13,kevin_magnussen,0,16,Finished,0.0,72,kevin_magnussen_2023_13,1,finished,classificado,False,0,0,0,0,UNKNOWN,0,0,0,0,0,0,0,0,0,0,0,0,1,0,0,0,0,0,0,0,0,0,0,0,0,0,0,0,0,0,0,0,0,0,0,0,0,0,0,0,0,0,0,1,0,0,0,0,0,0,0,0,0,1.187401053004852,0.0,0.8255813953488371
2023,13,russell,3,17,Finished,0.0,72,russell_2023_13,0,finished,classificado,False,0,0,0,0,UNKNOWN,0,0,0,0,0,0,0,0,0,0,0,0,1,0,0,0,0,0,0,0,0,0,0,0,0,0,0,0,0,0,0,0,0,0,0,0,0,0,0,0,0,0,0,0,0,1,0,0,0,0,0,0,0,1.187401053004852,0.15000000000000002,0.8255813953488371
2023,14,max_verstappen,2,1,Finished,25.0,51,max_verstappen_2023_14,0,finished,classificado,False,0,0,0,0,UNKNOWN,0,0,0,0,0,0,0,0,0,0,0,0,0,0,0,0,0,0,1,0,0,0,0,0,0,0,0,0,0,0,0,0,0,0,0,0,0,0,0,0,0,0,0,0,0,0,0,0,1,0,0,0,0,-0.8101552174578761,0.1,0.5813953488372092
2023,14,perez,5,2,Finished,18.0,51,perez_2023_14,0,finished,classificado,False,0,0,0,0,UNKNOWN,0,0,0,0,0,0,0,0,0,0,0,0,0,0,0,0,0,0,1,0,0,0,0,0,0,0,0,0,0,0,0,0,0,0,0,0,0,0,0,0,0,0,0,0,0,0,0,0,1,0,0,0,0,-0.8101552174578761,0.25,0.5813953488372092
2023,14,sainz,1,3,Finished,15.0,51,sainz_2023_14,0,finished,classificado,False,0,0,0,0,UNKNOWN,0,0,0,0,0,0,0,0,0,0,0,0,0,0,0,0,0,0,1,0,0,0,0,0,0,0,0,0,0,0,0,0,0,0,0,0,0,0,0,0,0,1,0,0,0,0,0,0,0,0,0,0,0,-0.8101552174578761,0.05,0.5813953488372092
2023,14,leclerc,3,4,Finished,12.0,51,leclerc_2023_14,0,finished,classificado,False,0,0,0,0,UNKNOWN,0,0,0,0,0,0,0,0,0,0,0,0,0,0,0,0,0,0,1,0,0,0,0,0,0,0,0,0,0,0,0,0,0,0,0,0,0,0,0,0,0,1,0,0,0,0,0,0,0,0,0,0,0,-0.8101552174578761,0.15000000000000002,0.5813953488372092
2023,14,russell,4,5,Finished,10.0,51,russell_2023_14,0,finished,classificado,False,0,0,0,0,UNKNOWN,0,0,0,0,0,0,0,0,0,0,0,0,0,0,0,0,0,0,1,0,0,0,0,0,0,0,0,0,0,0,0,0,0,0,0,0,0,0,0,0,0,0,0,0,0,1,0,0,0,0,0,0,0,-0.8101552174578761,0.2,0.5813953488372092
2023,14,hamilton,8,6,Finished,8.0,51,hamilton_2023_14,0,finished,classificado,False,0,0,0,0,UNKNOWN,0,0,0,0,0,0,0,0,0,0,0,0,0,0,0,0,0,0,1,0,0,0,0,0,0,0,0,0,0,0,0,0,0,0,0,0,0,0,0,0,0,0,0,0,0,1,0,0,0,0,0,0,0,-0.8101552174578761,0.4,0.5813953488372092
2023,14,albon,6,7,Finished,6.0,51,albon_2023_14,0,finished,classificado,False,0,0,0,0,UNKNOWN,0,0,0,0,0,0,0,0,0,0,0,0,0,0,0,0,0,0,1,0,0,0,0,0,0,0,0,0,0,0,0,0,0,0,0,0,0,0,0,0,0,0,0,0,0,0,0,0,0,0,0,0,1,-0.8101552174578761,0.30000000000000004,0.5813953488372092
2023,14,norris,9,8,Finished,4.0,51,norris_2023_14,0,finished,classificado,False,0,0,0,0,UNKNOWN,0,0,0,0,0,0,0,0,0,0,0,0,0,0,0,0,0,0,1,0,0,0,0,0,0,0,0,0,0,0,0,0,0,0,0,0,0,0,0,0,0,0,0,0,1,0,0,0,0,0,0,0,0,-0.8101552174578761,0.45,0.5813953488372092
2023,14,alonso,10,9,Finished,2.0,51,alonso_2023_14,0,finished,classificado,False,0,0,0,0,UNKNOWN,0,0,0,0,0,0,0,0,0,0,0,0,0,0,0,0,0,0,1,0,0,0,0,0,0,0,0,0,0,0,0,0,0,0,0,0,0,0,0,0,1,0,0,0,0,0,0,0,0,0,0,0,0,-0.8101552174578761,0.5,0.5813953488372092
2023,14,bottas,14,10,Finished,1.0,51,bottas_2023_14,0,finished,classificado,False,0,0,0,0,UNKNOWN,0,0,0,0,0,0,0,0,0,0,0,0,0,0,0,0,0,0,1,0,0,0,0,0,0,0,0,0,0,0,0,0,0,0,0,0,0,1,0,0,0,0,0,0,0,0,0,0,0,0,0,0,0,-0.8101552174578761,0.7000000000000001,0.5813953488372092
2023,14,lawson,12,11,Finished,0.0,51,lawson_2023_14,0,finished,classificado,False,0,0,0,0,UNKNOWN,0,0,0,0,0,0,0,0,0,0,0,0,0,0,0,0,0,0,1,0,0,0,0,0,0,0,0,0,0,0,0,0,0,0,0,0,0,0,1,0,0,0,0,0,0,0,0,0,0,0,0,0,0,-0.8101552174578761,0.6000000000000001,0.5813953488372092
2023,14,piastri,7,12,Finished,0.0,51,piastri_2023_14,0,finished,classificado,False,0,0,0,0,UNKNOWN,0,0,0,0,0,0,0,0,0,0,0,0,0,0,0,0,0,0,1,0,0,0,0,0,0,0,0,0,0,0,0,0,0,0,0,0,0,0,0,0,0,0,0,0,1,0,0,0,0,0,0,0,0,-0.8101552174578761,0.35000000000000003,0.5813953488372092
2023,14,sargeant,15,13,Finished,0.0,51,sargeant_2023_14,0,finished,classificado,False,0,0,0,0,UNKNOWN,0,0,0,0,0,0,0,0,0,0,0,0,0,0,0,0,0,0,1,0,0,0,0,0,0,0,0,0,0,0,0,0,0,0,0,0,0,0,0,0,0,0,0,0,0,0,0,0,0,0,0,0,1,-0.8101552174578761,0.75,0.5813953488372092
2023,14,zhou,16,14,Finished,0.0,51,zhou_2023_14,0,finished,classificado,False,0,0,0,0,UNKNOWN,0,0,0,0,0,0,0,0,0,0,0,0,0,0,0,0,0,0,1,0,0,0,0,0,0,0,0,0,0,0,0,0,0,0,0,0,0,1,0,0,0,0,0,0,0,0,0,0,0,0,0,0,0,-0.8101552174578761,0.8,0.5813953488372092
2023,14,gasly,17,15,Finished,0.0,51,gasly_2023_14,0,finished,classificado,False,0,0,0,0,UNKNOWN,0,0,0,0,0,0,0,0,0,0,0,0,0,0,0,0,0,0,1,0,0,0,0,0,0,0,0,0,0,0,0,0,0,0,0,0,0,0,0,1,0,0,0,0,0,0,0,0,0,0,0,0,0,-0.8101552174578761,0.8500000000000001,0.5813953488372092
2023,14,stroll,20,16,Finished,0.0,51,stroll_2023_14,0,finished,classificado,False,0,0,0,0,UNKNOWN,0,0,0,0,0,0,0,0,0,0,0,0,0,0,0,0,0,0,1,0,0,0,0,0,0,0,0,0,0,0,0,0,0,0,0,0,0,0,0,0,1,0,0,0,0,0,0,0,0,0,0,0,0,-0.8101552174578761,1.0,0.5813953488372092
2023,14,hulkenberg,13,17,Lapped,0.0,50,hulkenberg_2023_14,0,lapped,classificado,False,0,0,0,0,UNKNOWN,0,0,0,0,0,0,0,0,0,0,0,0,0,0,0,0,0,0,1,0,0,0,0,0,0,0,0,0,0,0,0,0,0,0,0,0,0,0,0,0,0,0,0,1,0,0,0,0,0,0,0,0,0,-0.9052769446227679,0.65,0.5697674418604651
2023,14,kevin_magnussen,19,18,Lapped,0.0,50,kevin_magnussen_2023_14,0,lapped,classificado,False,0,0,0,0,UNKNOWN,0,0,0,0,0,0,0,0,0,0,0,0,0,0,0,0,0,0,1,0,0,0,0,0,0,0,0,0,0,0,0,0,0,0,0,0,0,0,0,0,0,0,0,1,0,0,0,0,0,0,0,0,0,-0.9052769446227679,0.9500000000000001,0.5697674418604651
2023,15,sainz,1,1,Finished,25.0,62,sainz_2023_15,0,finished,classificado,False,0,0,0,0,UNKNOWN,0,0,0,0,0,0,0,0,0,0,0,0,0,0,0,0,0,0,0,0,0,0,0,0,0,0,0,0,0,0,1,0,0,0,0,0,0,0,0,0,0,1,0,0,0,0,0,0,0,0,0,0,0,0.23618378135593388,0.05,0.7093023255813953
2023,15,norris,4,2,Finished,18.0,62,norris_2023_15,0,finished,classificado,False,0,0,0,0,UNKNOWN,0,0,0,0,0,0,0,0,0,0,0,0,0,0,0,0,0,0,0,0,0,0,0,0,0,0,0,0,0,0,1,0,0,0,0,0,0,0,0,0,0,0,0,0,1,0,0,0,0,0,0,0,0,0.23618378135593388,0.2,0.7093023255813953
2023,15,hamilton,5,3,Finished,16.0,62,hamilton_2023_15,0,finished,classificado,False,0,0,0,0,UNKNOWN,0,0,0,0,0,0,0,0,0,0,0,0,0,0,0,0,0,0,0,0,0,0,0,0,0,0,0,0,0,0,1,0,0,0,0,0,0,0,0,0,0,0,0,0,0,1,0,0,0,0,0,0,0,0.23618378135593388,0.25,0.7093023255813953
2023,15,leclerc,3,4,Finished,12.0,62,leclerc_2023_15,0,finished,classificado,False,0,0,0,0,UNKNOWN,0,0,0,0,0,0,0,0,0,0,0,0,0,0,0,0,0,0,0,0,0,0,0,0,0,0,0,0,0,0,1,0,0,0,0,0,0,0,0,0,0,1,0,0,0,0,0,0,0,0,0,0,0,0.23618378135593388,0.15000000000000002,0.7093023255813953
2023,15,max_verstappen,11,5,Finished,10.0,62,max_verstappen_2023_15,0,finished,classificado,False,0,0,0,0,UNKNOWN,0,0,0,0,0,0,0,0,0,0,0,0,0,0,0,0,0,0,0,0,0,0,0,0,0,0,0,0,0,0,1,0,0,0,0,0,0,0,0,0,0,0,0,0,0,0,0,0,1,0,0,0,0,0.23618378135593388,0.55,0.7093023255813953
2023,15,gasly,12,6,Finished,8.0,62,gasly_2023_15,0,finished,classificado,False,0,0,0,0,UNKNOWN,0,0,0,0,0,0,0,0,0,0,0,0,0,0,0,0,0,0,0,0,0,0,0,0,0,0,0,0,0,0,1,0,0,0,0,0,0,0,0,1,0,0,0,0,0,0,0,0,0,0,0,0,0,0.23618378135593388,0.6000000000000001,0.7093023255813953
2023,15,piastri,17,7,Finished,6.0,62,piastri_2023_15,0,finished,classificado,False,0,0,0,0,UNKNOWN,0,0,0,0,0,0,0,0,0,0,0,0,0,0,0,0,0,0,0,0,0,0,0,0,0,0,0,0,0,0,1,0,0,0,0,0,0,0,0,0,0,0,0,0,1,0,0,0,0,0,0,0,0,0.23618378135593388,0.8500000000000001,0.7093023255813953
2023,15,perez,13,8,Finished,4.0,62,perez_2023_15,0,finished,classificado,False,0,0,0,0,UNKNOWN,0,0,0,0,0,0,0,0,0,0,0,0,0,0,0,0,0,0,0,0,0,0,0,0,0,0,0,0,0,0,1,0,0,0,0,0,0,0,0,0,0,0,0,0,0,0,0,0,1,0,0,0,0,0.23618378135593388,0.65,0.7093023255813953
2023,15,lawson,10,9,Finished,2.0,62,lawson_2023_15,0,finished,classificado,False,0,0,0,0,UNKNOWN,0,0,0,0,0,0,0,0,0,0,0,0,0,0,0,0,0,0,0,0,0,0,0,0,0,0,0,0,0,0,1,0,0,0,0,0,0,0,1,0,0,0,0,0,0,0,0,0,0,0,0,0,0,0.23618378135593388,0.5,0.7093023255813953
2023,15,kevin_magnussen,6,10,Finished,1.0,62,kevin_magnussen_2023_15,0,finished,classificado,False,0,0,0,0,UNKNOWN,0,0,0,0,0,0,0,0,0,0,0,0,0,0,0,0,0,0,0,0,0,0,0,0,0,0,0,0,0,0,1,0,0,0,0,0,0,0,0,0,0,0,0,1,0,0,0,0,0,0,0,0,0,0.23618378135593388,0.30000000000000004,0.7093023255813953
2023,15,albon,14,11,Finished,0.0,62,albon_2023_15,0,finished,classificado,False,0,0,0,0,UNKNOWN,0,0,0,0,0,0,0,0,0,0,0,0,0,0,0,0,0,0,0,0,0,0,0,0,0,0,0,0,0,0,1,0,0,0,0,0,0,0,0,0,0,0,0,0,0,0,0,0,0,0,0,0,1,0.23618378135593388,0.7000000000000001,0.7093023255813953
2023,15,zhou,19,12,Finished,0.0,62,zhou_2023_15,0,finished,classificado,False,0,0,0,0,UNKNOWN,0,0,0,0,0,0,0,0,0,0,0,0,0,0,0,0,0,0,0,0,0,0,0,0,0,0,0,0,0,0,1,0,0,0,0,0,0,1,0,0,0,0,0,0,0,0,0,0,0,0,0,0,0,0.23618378135593388,0.9500000000000001,0.7093023255813953
2023,15,hulkenberg,9,13,Finished,0.0,62,hulkenberg_2023_15,0,finished,classificado,False,0,0,0,0,UNKNOWN,0,0,0,0,0,0,0,0,0,0,0,0,0,0,0,0,0,0,0,0,0,0,0,0,0,0,0,0,0,0,1,0,0,0,0,0,0,0,0,0,0,0,0,1,0,0,0,0,0,0,0,0,0,0.23618378135593388,0.45,0.7093023255813953
2023,15,sargeant,18,14,Finished,0.0,62,sargeant_2023_15,0,finished,classificado,False,0,0,0,0,UNKNOWN,0,0,0,0,0,0,0,0,0,0,0,0,0,0,0,0,0,0,0,0,0,0,0,0,0,0,0,0,0,0,1,0,0,0,0,0,0,0,0,0,0,0,0,0,0,0,0,0,0,0,0,0,1,0.23618378135593388,0.9,0.7093023255813953
2023,15,alonso,7,15,Finished,0.0,62,alonso_2023_15,0,finished,classificado,False,0,0,0,0,UNKNOWN,0,0,0,0,0,0,0,0,0,0,0,0,0,0,0,0,0,0,0,0,0,0,0,0,0,0,0,0,0,0,1,0,0,0,0,0,0,0,0,0,1,0,0,0,0,0,0,0,0,0,0,0,0,0.23618378135593388,0.35000000000000003,0.7093023255813953
2023,16,max_verstappen,1,1,Finished,26.0,53,max_verstappen_2023_16,0,finished,classificado,False,0,0,0,0,UNKNOWN,0,0,0,0,0,0,0,0,0,0,0,0,0,0,0,0,0,0,0,1,0,0,0,0,0,0,0,0,0,0,0,0,0,0,0,0,0,0,0,0,0,0,0,0,0,0,0,0,1,0,0,0,0,-0.6199117631280925,0.05,0.6046511627906976
2023,16,norris,3,2,Finished,18.0,53,norris_2023_16,0,finished,classificado,False,0,0,0,0,UNKNOWN,0,0,0,0,0,0,0,0,0,0,0,0,0,0,0,0,0,0,0,1,0,0,0,0,0,0,0,0,0,0,0,0,0,0,0,0,0,0,0,0,0,0,0,0,1,0,0,0,0,0,0,0,0,-0.6199117631280925,0.15000000000000002,0.6046511627906976
2023,16,piastri,2,3,Finished,15.0,53,piastri_2023_16,0,finished,classificado,False,0,0,0,0,UNKNOWN,0,0,0,0,0,0,0,0,0,0,0,0,0,0,0,0,0,0,0,1,0,0,0,0,0,0,0,0,0,0,0,0,0,0,0,0,0,0,0,0,0,0,0,0,1,0,0,0,0,0,0,0,0,-0.6199117631280925,0.1,0.6046511627906976
2023,16,leclerc,4,4,Finished,12.0,53,leclerc_2023_16,0,finished,classificado,False,0,0,0,0,UNKNOWN,0,0,0,0,0,0,0,0,0,0,0,0,0,0,0,0,0,0,0,1,0,0,0,0,0,0,0,0,0,0,0,0,0,0,0,0,0,0,0,0,0,1,0,0,0,0,0,0,0,0,0,0,0,-0.6199117631280925,0.2,0.6046511627906976
2023,16,hamilton,7,5,Finished,10.0,53,hamilton_2023_16,0,finished,classificado,False,0,0,0,0,UNKNOWN,0,0,0,0,0,0,0,0,0,0,0,0,0,0,0,0,0,0,0,1,0,0,0,0,0,0,0,0,0,0,0,0,0,0,0,0,0,0,0,0,0,0,0,0,0,1,0,0,0,0,0,0,0,-0.6199117631280925,0.35000000000000003,0.6046511627906976
2023,16,sainz,6,6,Finished,8.0,53,sainz_2023_16,0,finished,classificado,False,0,0,0,0,UNKNOWN,0,0,0,0,0,0,0,0,0,0,0,0,0,0,0,0,0,0,0,1,0,0,0,0,0,0,0,0,0,0,0,0,0,0,0,0,0,0,0,0,0,1,0,0,0,0,0,0,0,0,0,0,0,-0.6199117631280925,0.30000000000000004,0.6046511627906976
2023,16,russell,8,7,Finished,6.0,53,russell_2023_16,0,finished,classificado,False,0,0,0,0,UNKNOWN,0,0,0,0,0,0,0,0,0,0,0,0,0,0,0,0,0,0,0,1,0,0,0,0,0,0,0,0,0,0,0,0,0,0,0,0,0,0,0,0,0,0,0,0,0,1,0,0,0,0,0,0,0,-0.6199117631280925,0.4,0.6046511627906976
2023,16,alonso,10,8,Finished,4.0,53,alonso_2023_16,0,finished,classificado,False,0,0,0,0,UNKNOWN,0,0,0,0,0,0,0,0,0,0,0,0,0,0,0,0,0,0,0,1,0,0,0,0,0,0,0,0,0,0,0,0,0,0,0,0,0,0,0,0,1,0,0,0,0,0,0,0,0,0,0,0,0,-0.6199117631280925,0.5,0.6046511627906976
2023,16,ocon,14,9,Finished,2.0,53,ocon_2023_16,0,finished,classificado,False,0,0,0,0,UNKNOWN,0,0,0,0,0,0,0,0,0,0,0,0,0,0,0,0,0,0,0,1,0,0,0,0,0,0,0,0,0,0,0,0,0,0,0,0,0,0,0,1,0,0,0,0,0,0,0,0,0,0,0,0,0,-0.6199117631280925,0.7000000000000001,0.6046511627906976
2023,16,gasly,12,10,Finished,1.0,53,gasly_2023_16,0,finished,classificado,False,0,0,0,0,UNKNOWN,0,0,0,0,0,0,0,0,0,0,0,0,0,0,0,0,0,0,0,1,0,0,0,0,0,0,0,0,0,0,0,0,0,0,0,0,0,0,0,1,0,0,0,0,0,0,0,0,0,0,0,0,0,-0.6199117631280925,0.6000000000000001,0.6046511627906976
2023,16,lawson,11,11,Lapped,0.0,52,lawson_2023_16,0,lapped,classificado,False,0,0,0,0,UNKNOWN,0,0,0,0,0,0,0,0,0,0,0,0,0,0,0,0,0,0,0,1,0,0,0,0,0,0,0,0,0,0,0,0,0,0,0,0,0,0,1,0,0,0,0,0,0,0,0,0,0,0,0,0,0,-0.7150334902929842,0.55,0.5930232558139534
2023,16,tsunoda,9,12,Lapped,0.0,52,tsunoda_2023_16,0,lapped,classificado,False,0,0,0,0,UNKNOWN,0,0,0,0,0,0,0,0,0,0,0,0,0,0,0,0,0,0,0,1,0,0,0,0,0,0,0,0,0,0,0,0,0,0,0,0,0,0,1,0,0,0,0,0,0,0,0,0,0,0,0,0,0,-0.7150334902929842,0.45,0.5930232558139534
2023,16,zhou,19,13,Lapped,0.0,52,zhou_2023_16,0,lapped,classificado,False,0,0,0,0,UNKNOWN,0,0,0,0,0,0,0,0,0,0,0,0,0,0,0,0,0,0,0,1,0,0,0,0,0,0,0,0,0,0,0,0,0,0,0,0,0,1,0,0,0,0,0,0,0,0,0,0,0,0,0,0,0,-0.7150334902929842,0.9500000000000001,0.5930232558139534
2023,16,hulkenberg,18,14,Lapped,0.0,52,hulkenberg_2023_16,0,lapped,classificado,False,0,0,0,0,UNKNOWN,0,0,0,0,0,0,0,0,0,0,0,0,0,0,0,0,0,0,0,1,0,0,0,0,0,0,0,0,0,0,0,0,0,0,0,0,0,0,0,0,0,0,0,1,0,0,0,0,0,0,0,0,0,-0.7150334902929842,0.9,0.5930232558139534
2023,16,kevin_magnussen,15,15,Lapped,0.0,52,kevin_magnussen_2023_16,0,lapped,classificado,False,0,0,0,0,UNKNOWN,0,0,0,0,0,0,0,0,0,0,0,0,0,0,0,0,0,0,0,1,0,0,0,0,0,0,0,0,0,0,0,0,0,0,0,0,0,0,0,0,0,0,0,1,0,0,0,0,0,0,0,0,0,-0.7150334902929842,0.75,0.5930232558139534
2023,17,max_verstappen,1,1,Finished,26.0,57,max_verstappen_2023_17,0,finished,classificado,False,0,0,0,0,UNKNOWN,0,0,0,0,0,0,0,0,0,0,0,0,0,0,0,0,0,0,0,0,0,0,0,0,0,0,1,0,0,0,0,0,0,0,0,0,0,0,0,0,0,0,0,0,0,0,0,0,1,0,0,0,0,-0.23942485446852518,0.05,0.6511627906976744
2023,17,piastri,6,2,Finished,18.0,57,piastri_2023_17,0,finished,classificado,False,0,0,0,0,UNKNOWN,0,0,0,0,0,0,0,0,0,0,0,0,0,0,0,0,0,0,0,0,0,0,0,0,0,0,1,0,0,0,0,0,0,0,0,0,0,0,0,0,0,0,0,0,1,0,0,0,0,0,0,0,0,-0.23942485446852518,0.30000000000000004,0.6511627906976744
2023,17,norris,10,3,Finished,15.0,57,norris_2023_17,0,finished,classificado,False,0,0,0,0,UNKNOWN,0,0,0,0,0,0,0,0,0,0,0,0,0,0,0,0,0,0,0,0,0,0,0,0,0,0,1,0,0,0,0,0,0,0,0,0,0,0,0,0,0,0,0,0,1,0,0,0,0,0,0,0,0,-0.23942485446852518,0.5,0.6511627906976744
2023,17,russell,2,4,Finished,12.0,57,russell_2023_17,0,finished,classificado,False,0,0,0,0,UNKNOWN,0,0,0,0,0,0,0,0,0,0,0,0,0,0,0,0,0,0,0,0,0,0,0,0,0,0,1,0,0,0,0,0,0,0,0,0,0,0,0,0,0,0,0,0,0,1,0,0,0,0,0,0,0,-0.23942485446852518,0.1,0.6511627906976744
2023,17,leclerc,5,5,Finished,10.0,57,leclerc_2023_17,0,finished,classificado,False,0,0,0,0,UNKNOWN,0,0,0,0,0,0,0,0,0,0,0,0,0,0,0,0,0,0,0,0,0,0,0,0,0,0,1,0,0,0,0,0,0,0,0,0,0,0,0,0,0,1,0,0,0,0,0,0,0,0,0,0,0,-0.23942485446852518,0.25,0.6511627906976744
2023,17,alonso,4,6,Finished,8.0,57,alonso_2023_17,0,finished,classificado,False,0,0,0,0,UNKNOWN,0,0,0,0,0,0,0,0,0,0,0,0,0,0,0,0,0,0,0,0,0,0,0,0,0,0,1,0,0,0,0,0,0,0,0,0,0,0,0,0,1,0,0,0,0,0,0,0,0,0,0,0,0,-0.23942485446852518,0.2,0.6511627906976744
2023,17,ocon,8,7,Finished,6.0,57,ocon_2023_17,0,finished,classificado,False,0,0,0,0,UNKNOWN,0,0,0,0,0,0,0,0,0,0,0,0,0,0,0,0,0,0,0,0,0,0,0,0,0,0,1,0,0,0,0,0,0,0,0,0,0,0,0,1,0,0,0,0,0,0,0,0,0,0,0,0,0,-0.23942485446852518,0.4,0.6511627906976744
2023,17,bottas,9,8,Finished,4.0,57,bottas_2023_17,0,finished,classificado,False,0,0,0,0,UNKNOWN,0,0,0,0,0,0,0,0,0,0,0,0,0,0,0,0,0,0,0,0,0,0,0,0,0,0,1,0,0,0,0,0,0,0,0,0,0,1,0,0,0,0,0,0,0,0,0,0,0,0,0,0,0,-0.23942485446852518,0.45,0.6511627906976744
2023,17,zhou,19,9,Finished,2.0,57,zhou_2023_17,0,finished,classificado,False,0,0,0,0,UNKNOWN,0,0,0,0,0,0,0,0,0,0,0,0,0,0,0,0,0,0,0,0,0,0,0,0,0,0,1,0,0,0,0,0,0,0,0,0,0,1,0,0,0,0,0,0,0,0,0,0,0,0,0,0,0,-0.23942485446852518,0.9500000000000001,0.6511627906976744
2023,17,perez,20,10,Finished,1.0,57,perez_2023_17,0,finished,classificado,False,0,0,0,0,UNKNOWN,0,0,0,0,0,0,0,0,0,0,0,0,0,0,0,0,0,0,0,0,0,0,0,0,0,0,1,0,0,0,0,0,0,0,0,0,0,0,0,0,0,0,0,0,0,0,0,0,1,0,0,0,0,-0.23942485446852518,1.0,0.6511627906976744
2023,17,stroll,16,11,Finished,0.0,57,stroll_2023_17,0,finished,classificado,False,0,0,0,0,UNKNOWN,0,0,0,0,0,0,0,0,0,0,0,0,0,0,0,0,0,0,0,0,0,0,0,0,0,0,1,0,0,0,0,0,0,0,0,0,0,0,0,0,1,0,0,0,0,0,0,0,0,0,0,0,0,-0.23942485446852518,0.8,0.6511627906976744
2023,17,gasly,7,12,Finished,0.0,57,gasly_2023_17,0,finished,classificado,False,0,0,0,0,UNKNOWN,0,0,0,0,0,0,0,0,0,0,0,0,0,0,0,0,0,0,0,0,0,0,0,0,0,0,1,0,0,0,0,0,0,0,0,0,0,0,0,1,0,0,0,0,0,0,0,0,0,0,0,0,0,-0.23942485446852518,0.35000000000000003,0.6511627906976744
2023,17,albon,13,13,Finished,0.0,57,albon_2023_17,0,finished,classificado,False,0,0,0,0,UNKNOWN,0,0,0,0,0,0,0,0,0,0,0,0,0,0,0,0,0,0,0,0,0,0,0,0,0,0,1,0,0,0,0,0,0,0,0,0,0,0,0,0,0,0,0,0,0,0,0,0,0,0,0,0,1,-0.23942485446852518,0.65,0.6511627906976744
2023,17,kevin_magnussen,18,14,Lapped,0.0,56,kevin_magnussen_2023_17,0,lapped,classificado,False,0,0,0,0,UNKNOWN,0,0,0,0,0,0,0,0,0,0,0,0,0,0,0,0,0,0,0,0,0,0,0,0,0,0,1,0,0,0,0,0,0,0,0,0,0,0,0,0,0,0,0,1,0,0,0,0,0,0,0,0,0,-0.334546581633417,0.9,0.6395348837209303
2023,17,tsunoda,11,15,Lapped,0.0,56,tsunoda_2023_17,0,lapped,classificado,False,0,0,0,0,UNKNOWN,0,0,0,0,0,0,0,0,0,0,0,0,0,0,0,0,0,0,0,0,0,0,0,0,0,0,1,0,0,0,0,0,0,0,0,0,0,0,1,0,0,0,0,0,0,0,0,0,0,0,0,0,0,-0.334546581633417,0.55,0.6395348837209303
2023,17,hulkenberg,14,16,Lapped,0.0,56,hulkenberg_2023_17,0,lapped,classificado,False,0,0,0,0,UNKNOWN,0,0,0,0,0,0,0,0,0,0,0,0,0,0,0,0,0,0,0,0,0,0,0,0,0,0,1,0,0,0,0,0,0,0,0,0,0,0,0,0,0,0,0,1,0,0,0,0,0,0,0,0,0,-0.334546581633417,0.7000000000000001,0.6395348837209303
2023,17,lawson,17,17,Lapped,0.0,56,lawson_2023_17,0,lapped,classificado,False,0,0,0,0,UNKNOWN,0,0,0,0,0,0,0,0,0,0,0,0,0,0,0,0,0,0,0,0,0,0,0,0,0,0,1,0,0,0,0,0,0,0,0,0,0,0,1,0,0,0,0,0,0,0,0,0,0,0,0,0,0,-0.334546581633417,0.8500000000000001,0.6395348837209303
2023,18,max_verstappen,6,1,Finished,25.0,56,max_verstappen_2023_18,0,finished,classificado,False,0,0,0,0,UNKNOWN,0,0,0,0,0,0,0,0,0,0,0,0,0,0,0,0,0,0,0,0,0,0,0,0,0,0,0,0,0,0,0,0,0,0,0,0,1,0,0,0,0,0,0,0,0,0,0,0,1,0,0,0,0,-0.334546581633417,0.30000000000000004,0.6395348837209303
2023,18,norris,2,2,Finished,18.0,56,norris_2023_18,0,finished,classificado,False,0,0,0,0,UNKNOWN,0,0,0,0,0,0,0,0,0,0,0,0,0,0,0,0,0,0,0,0,0,0,0,0,0,0,0,0,0,0,0,0,0,0,0,0,1,0,0,0,0,0,0,0,1,0,0,0,0,0,0,0,0,-0.334546581633417,0.1,0.6395348837209303
2023,18,sainz,4,3,Finished,15.0,56,sainz_2023_18,0,finished,classificado,False,0,0,0,0,UNKNOWN,0,0,0,0,0,0,0,0,0,0,0,0,0,0,0,0,0,0,0,0,0,0,0,0,0,0,0,0,0,0,0,0,0,0,0,0,1,0,0,0,0,1,0,0,0,0,0,0,0,0,0,0,0,-0.334546581633417,0.2,0.6395348837209303
2023,18,perez,9,4,Finished,12.0,56,perez_2023_18,0,finished,classificado,False,0,0,0,0,UNKNOWN,0,0,0,0,0,0,0,0,0,0,0,0,0,0,0,0,0,0,0,0,0,0,0,0,0,0,0,0,0,0,0,0,0,0,0,0,1,0,0,0,0,0,0,0,0,0,0,0,1,0,0,0,0,-0.334546581633417,0.45,0.6395348837209303
2023,18,russell,5,5,Finished,10.0,56,russell_2023_18,0,finished,classificado,False,0,0,0,0,UNKNOWN,0,0,0,0,0,0,0,0,0,0,0,0,0,0,0,0,0,0,0,0,0,0,0,0,0,0,0,0,0,0,0,0,0,0,0,0,1,0,0,0,0,0,0,0,0,1,0,0,0,0,0,0,0,-0.334546581633417,0.25,0.6395348837209303
2023,18,gasly,7,6,Finished,8.0,56,gasly_2023_18,0,finished,classificado,False,0,0,0,0,UNKNOWN,0,0,0,0,0,0,0,0,0,0,0,0,0,0,0,0,0,0,0,0,0,0,0,0,0,0,0,0,0,0,0,0,0,0,0,0,1,0,0,1,0,0,0,0,0,0,0,0,0,0,0,0,0,-0.334546581633417,0.35000000000000003,0.6395348837209303
2023,18,stroll,20,7,Finished,6.0,56,stroll_2023_18,0,finished,classificado,False,0,0,0,0,UNKNOWN,0,0,0,0,0,0,0,0,0,0,0,0,0,0,0,0,0,0,0,0,0,0,0,0,0,0,0,0,0,0,0,0,0,0,0,0,1,0,0,0,1,0,0,0,0,0,0,0,0,0,0,0,0,-0.334546581633417,1.0,0.6395348837209303
2023,18,tsunoda,11,8,Finished,5.0,56,tsunoda_2023_18,0,finished,classificado,False,0,0,0,0,UNKNOWN,0,0,0,0,0,0,0,0,0,0,0,0,0,0,0,0,0,0,0,0,0,0,0,0,0,0,0,0,0,0,0,0,0,0,0,0,1,0,1,0,0,0,0,0,0,0,0,0,0,0,0,0,0,-0.334546581633417,0.55,0.6395348837209303
2023,18,albon,15,9,Finished,2.0,56,albon_2023_18,0,finished,classificado,False,0,0,0,0,UNKNOWN,0,0,0,0,0,0,0,0,0,0,0,0,0,0,0,0,0,0,0,0,0,0,0,0,0,0,0,0,0,0,0,0,0,0,0,0,1,0,0,0,0,0,0,0,0,0,0,0,0,0,0,0,1,-0.334546581633417,0.75,0.6395348837209303
2023,18,sargeant,16,10,Finished,1.0,56,sargeant_2023_18,0,finished,classificado,False,0,0,0,0,UNKNOWN,0,0,0,0,0,0,0,0,0,0,0,0,0,0,0,0,0,0,0,0,0,0,0,0,0,0,0,0,0,0,0,0,0,0,0,0,1,0,0,0,0,0,0,0,0,0,0,0,0,0,0,0,1,-0.334546581633417,0.8,0.6395348837209303
2023,18,hulkenberg,18,11,Finished,0.0,56,hulkenberg_2023_18,0,finished,classificado,False,0,0,0,0,UNKNOWN,0,0,0,0,0,0,0,0,0,0,0,0,0,0,0,0,0,0,0,0,0,0,0,0,0,0,0,0,0,0,0,0,0,0,0,0,1,0,0,0,0,0,0,1,0,0,0,0,0,0,0,0,0,-0.334546581633417,0.9,0.6395348837209303
2023,18,bottas,13,12,Finished,0.0,56,bottas_2023_18,0,finished,classificado,False,0,0,0,0,UNKNOWN,0,0,0,0,0,0,0,0,0,0,0,0,0,0,0,0,0,0,0,0,0,0,0,0,0,0,0,0,0,0,0,0,0,0,0,0,1,1,0,0,0,0,0,0,0,0,0,0,0,0,0,0,0,-0.334546581633417,0.65,0.6395348837209303
2023,18,zhou,12,13,Lapped,0.0,55,zhou_2023_18,0,lapped,classificado,False,0,0,0,0,UNKNOWN,0,0,0,0,0,0,0,0,0,0,0,0,0,0,0,0,0,0,0,0,0,0,0,0,0,0,0,0,0,0,0,0,0,0,0,0,1,1,0,0,0,0,0,0,0,0,0,0,0,0,0,0,0,-0.4296683087983088,0.6000000000000001,0.627906976744186
2023,18,kevin_magnussen,17,14,Lapped,0.0,55,kevin_magnussen_2023_18,0,lapped,classificado,False,0,0,0,0,UNKNOWN,0,0,0,0,0,0,0,0,0,0,0,0,0,0,0,0,0,0,0,0,0,0,0,0,0,0,0,0,0,0,0,0,0,0,0,0,1,0,0,0,0,0,0,1,0,0,0,0,0,0,0,0,0,-0.4296683087983088,0.8500000000000001,0.627906976744186
2023,18,ricciardo,14,15,Lapped,0.0,55,ricciardo_2023_18,0,lapped,classificado,False,0,0,0,0,UNKNOWN,0,0,0,0,0,0,0,0,0,0,0,0,0,0,0,0,0,0,0,0,0,0,0,0,0,0,0,0,0,0,0,0,0,0,0,0,1,0,1,0,0,0,0,0,0,0,0,0,0,0,0,0,0,-0.4296683087983088,0.7000000000000001,0.627906976744186
2023,19,max_verstappen,3,1,Finished,25.0,71,max_verstappen_2023_19,0,finished,classificado,False,0,0,0,0,UNKNOWN,0,0,0,0,0,0,0,0,0,0,0,0,0,0,0,0,0,0,0,0,0,0,1,0,0,0,0,0,0,0,0,0,0,0,0,0,0,0,0,0,0,0,0,0,0,0,0,0,1,0,0,0,0,1.0922793258399601,0.15000000000000002,0.813953488372093
2023,19,hamilton,6,2,Finished,19.0,71,hamilton_2023_19,0,finished,classificado,False,0,0,0,0,UNKNOWN,0,0,0,0,0,0,0,0,0,0,0,0,0,0,0,0,0,0,0,0,0,0,1,0,0,0,0,0,0,0,0,0,0,0,0,0,0,0,0,0,0,0,0,0,0,1,0,0,0,0,0,0,0,1.0922793258399601,0.30000000000000004,0.813953488372093
2023,19,leclerc,1,3,Finished,15.0,71,leclerc_2023_19,0,finished,classificado,False,0,0,0,0,UNKNOWN,0,0,0,0,0,0,0,0,0,0,0,0,0,0,0,0,0,0,0,0,0,0,1,0,0,0,0,0,0,0,0,0,0,0,0,0,0,0,0,0,0,1,0,0,0,0,0,0,0,0,0,0,0,1.0922793258399601,0.05,0.813953488372093
2023,19,sainz,2,4,Finished,12.0,71,sainz_2023_19,0,finished,classificado,False,0,0,0,0,UNKNOWN,0,0,0,0,0,0,0,0,0,0,0,0,0,0,0,0,0,0,0,0,0,0,1,0,0,0,0,0,0,0,0,0,0,0,0,0,0,0,0,0,0,1,0,0,0,0,0,0,0,0,0,0,0,1.0922793258399601,0.1,0.813953488372093
2023,19,norris,17,5,Finished,10.0,71,norris_2023_19,0,finished,classificado,False,0,0,0,0,UNKNOWN,0,0,0,0,0,0,0,0,0,0,0,0,0,0,0,0,0,0,0,0,0,0,1,0,0,0,0,0,0,0,0,0,0,0,0,0,0,0,0,0,0,0,0,0,1,0,0,0,0,0,0,0,0,1.0922793258399601,0.8500000000000001,0.813953488372093
2023,19,russell,8,6,Finished,8.0,71,russell_2023_19,0,finished,classificado,False,0,0,0,0,UNKNOWN,0,0,0,0,0,0,0,0,0,0,0,0,0,0,0,0,0,0,0,0,0,0,1,0,0,0,0,0,0,0,0,0,0,0,0,0,0,0,0,0,0,0,0,0,0,1,0,0,0,0,0,0,0,1.0922793258399601,0.4,0.813953488372093
2023,19,ricciardo,4,7,Finished,6.0,71,ricciardo_2023_19,0,finished,classificado,False,0,0,0,0,UNKNOWN,0,0,0,0,0,0,0,0,0,0,0,0,0,0,0,0,0,0,0,0,0,0,1,0,0,0,0,0,0,0,0,0,0,0,0,0,0,0,1,0,0,0,0,0,0,0,0,0,0,0,0,0,0,1.0922793258399601,0.2,0.813953488372093
2023,19,piastri,7,8,Finished,4.0,71,piastri_2023_19,0,finished,classificado,False,0,0,0,0,UNKNOWN,0,0,0,0,0,0,0,0,0,0,0,0,0,0,0,0,0,0,0,0,0,0,1,0,0,0,0,0,0,0,0,0,0,0,0,0,0,0,0,0,0,0,0,0,1,0,0,0,0,0,0,0,0,1.0922793258399601,0.35000000000000003,0.813953488372093
2023,19,albon,14,9,Finished,2.0,71,albon_2023_19,0,finished,classificado,False,0,0,0,0,UNKNOWN,0,0,0,0,0,0,0,0,0,0,0,0,0,0,0,0,0,0,0,0,0,0,1,0,0,0,0,0,0,0,0,0,0,0,0,0,0,0,0,0,0,0,0,0,0,0,0,0,0,0,0,0,1,1.0922793258399601,0.7000000000000001,0.813953488372093
2023,19,ocon,15,10,Finished,1.0,71,ocon_2023_19,0,finished,classificado,False,0,0,0,0,UNKNOWN,0,0,0,0,0,0,0,0,0,0,0,0,0,0,0,0,0,0,0,0,0,0,1,0,0,0,0,0,0,0,0,0,0,0,0,0,0,0,0,1,0,0,0,0,0,0,0,0,0,0,0,0,0,1.0922793258399601,0.75,0.813953488372093
2023,19,gasly,11,11,Finished,0.0,71,gasly_2023_19,0,finished,classificado,False,0,0,0,0,UNKNOWN,0,0,0,0,0,0,0,0,0,0,0,0,0,0,0,0,0,0,0,0,0,0,1,0,0,0,0,0,0,0,0,0,0,0,0,0,0,0,0,1,0,0,0,0,0,0,0,0,0,0,0,0,0,1.0922793258399601,0.55,0.813953488372093
2023,19,tsunoda,18,12,Finished,0.0,71,tsunoda_2023_19,0,finished,classificado,False,0,0,0,0,UNKNOWN,0,0,0,0,0,0,0,0,0,0,0,0,0,0,0,0,0,0,0,0,0,0,1,0,0,0,0,0,0,0,0,0,0,0,0,0,0,0,1,0,0,0,0,0,0,0,0,0,0,0,0,0,0,1.0922793258399601,0.9,0.813953488372093
2023,19,hulkenberg,12,13,Finished,0.0,71,hulkenberg_2023_19,0,finished,classificado,False,0,0,0,0,UNKNOWN,0,0,0,0,0,0,0,0,0,0,0,0,0,0,0,0,0,0,0,0,0,0,1,0,0,0,0,0,0,0,0,0,0,0,0,0,0,0,0,0,0,0,0,1,0,0,0,0,0,0,0,0,0,1.0922793258399601,0.6000000000000001,0.813953488372093
2023,19,zhou,10,14,Finished,0.0,71,zhou_2023_19,0,finished,classificado,False,0,0,0,0,UNKNOWN,0,0,0,0,0,0,0,0,0,0,0,0,0,0,0,0,0,0,0,0,0,0,1,0,0,0,0,0,0,0,0,0,0,0,0,0,0,1,0,0,0,0,0,0,0,0,0,0,0,0,0,0,0,1.0922793258399601,0.5,0.813953488372093
2023,19,bottas,9,15,Finished,0.0,71,bottas_2023_19,0,finished,classificado,False,0,0,0,0,UNKNOWN,0,0,0,0,0,0,0,0,0,0,0,0,0,0,0,0,0,0,0,0,0,0,1,0,0,0,0,0,0,0,0,0,0,0,0,0,0,1,0,0,0,0,0,0,0,0,0,0,0,0,0,0,0,1.0922793258399601,0.45,0.813953488372093
2023,20,max_verstappen,1,1,Finished,25.0,71,max_verstappen_2023_20,0,finished,classificado,False,0,0,0,0,UNKNOWN,0,0,0,0,0,0,0,0,0,0,0,0,0,0,0,0,0,0,0,0,0,0,0,0,0,0,0,0,0,0,0,0,0,1,0,0,0,0,0,0,0,0,0,0,0,0,0,0,1,0,0,0,0,1.0922793258399601,0.05,0.813953488372093
2023,20,norris,6,2,Finished,19.0,71,norris_2023_20,0,finished,classificado,False,0,0,0,0,UNKNOWN,0,0,0,0,0,0,0,0,0,0,0,0,0,0,0,0,0,0,0,0,0,0,0,0,0,0,0,0,0,0,0,0,0,1,0,0,0,0,0,0,0,0,0,0,1,0,0,0,0,0,0,0,0,1.0922793258399601,0.30000000000000004,0.813953488372093
2023,20,alonso,4,3,Finished,15.0,71,alonso_2023_20,0,finished,classificado,False,0,0,0,0,UNKNOWN,0,0,0,0,0,0,0,0,0,0,0,0,0,0,0,0,0,0,0,0,0,0,0,0,0,0,0,0,0,0,0,0,0,1,0,0,0,0,0,0,1,0,0,0,0,0,0,0,0,0,0,0,0,1.0922793258399601,0.2,0.813953488372093
2023,20,perez,9,4,Finished,12.0,71,perez_2023_20,0,finished,classificado,False,0,0,0,0,UNKNOWN,0,0,0,0,0,0,0,0,0,0,0,0,0,0,0,0,0,0,0,0,0,0,0,0,0,0,0,0,0,0,0,0,0,1,0,0,0,0,0,0,0,0,0,0,0,0,0,0,1,0,0,0,0,1.0922793258399601,0.45,0.813953488372093
2023,20,stroll,3,5,Finished,10.0,71,stroll_2023_20,0,finished,classificado,False,0,0,0,0,UNKNOWN,0,0,0,0,0,0,0,0,0,0,0,0,0,0,0,0,0,0,0,0,0,0,0,0,0,0,0,0,0,0,0,0,0,1,0,0,0,0,0,0,1,0,0,0,0,0,0,0,0,0,0,0,0,1.0922793258399601,0.15000000000000002,0.813953488372093
2023,20,sainz,7,6,Finished,8.0,71,sainz_2023_20,0,finished,classificado,False,0,0,0,0,UNKNOWN,0,0,0,0,0,0,0,0,0,0,0,0,0,0,0,0,0,0,0,0,0,0,0,0,0,0,0,0,0,0,0,0,0,1,0,0,0,0,0,0,0,1,0,0,0,0,0,0,0,0,0,0,0,1.0922793258399601,0.35000000000000003,0.813953488372093
2023,20,gasly,15,7,Finished,6.0,71,gasly_2023_20,0,finished,classificado,False,0,0,0,0,UNKNOWN,0,0,0,0,0,0,0,0,0,0,0,0,0,0,0,0,0,0,0,0,0,0,0,0,0,0,0,0,0,0,0,0,0,1,0,0,0,0,0,1,0,0,0,0,0,0,0,0,0,0,0,0,0,1.0922793258399601,0.75,0.813953488372093
2023,20,hamilton,5,8,Finished,4.0,71,hamilton_2023_20,0,finished,classificado,False,0,0,0,0,UNKNOWN,0,0,0,0,0,0,0,0,0,0,0,0,0,0,0,0,0,0,0,0,0,0,0,0,0,0,0,0,0,0,0,0,0,1,0,0,0,0,0,0,0,0,0,0,0,1,0,0,0,0,0,0,0,1.0922793258399601,0.25,0.813953488372093
2023,20,tsunoda,16,9,Finished,2.0,71,tsunoda_2023_20,0,finished,classificado,False,0,0,0,0,UNKNOWN,0,0,0,0,0,0,0,0,0,0,0,0,0,0,0,0,0,0,0,0,0,0,0,0,0,0,0,0,0,0,0,0,0,1,0,0,0,0,1,0,0,0,0,0,0,0,0,0,0,0,0,0,0,1.0922793258399601,0.8,0.813953488372093
2023,20,ocon,14,10,Lapped,1.0,70,ocon_2023_20,0,lapped,classificado,False,0,0,0,0,UNKNOWN,0,0,0,0,0,0,0,0,0,0,0,0,0,0,0,0,0,0,0,0,0,0,0,0,0,0,0,0,0,0,0,0,0,1,0,0,0,0,0,1,0,0,0,0,0,0,0,0,0,0,0,0,0,0.9971575986750684,0.7000000000000001,0.8023255813953488
2023,20,sargeant,19,11,Lapped,0.0,70,sargeant_2023_20,0,lapped,classificado,False,0,0,0,0,UNKNOWN,0,0,0,0,0,0,0,0,0,0,0,0,0,0,0,0,0,0,0,0,0,0,0,0,0,0,0,0,0,0,0,0,0,1,0,0,0,0,0,0,0,0,0,0,0,0,0,0,0,0,0,0,1,0.9971575986750684,0.9500000000000001,0.8023255813953488
2023,20,hulkenberg,11,12,Lapped,0.0,70,hulkenberg_2023_20,0,lapped,classificado,False,0,0,0,0,UNKNOWN,0,0,0,0,0,0,0,0,0,0,0,0,0,0,0,0,0,0,0,0,0,0,0,0,0,0,0,0,0,0,0,0,0,1,0,0,0,0,0,0,0,0,0,1,0,0,0,0,0,0,0,0,0,0.9971575986750684,0.55,0.8023255813953488
2023,20,ricciardo,17,13,Lapped,0.0,70,ricciardo_2023_20,0,lapped,classificado,False,0,0,0,0,UNKNOWN,0,0,0,0,0,0,0,0,0,0,0,0,0,0,0,0,0,0,0,0,0,0,0,0,0,0,0,0,0,0,0,0,0,1,0,0,0,0,1,0,0,0,0,0,0,0,0,0,0,0,0,0,0,0.9971575986750684,0.8500000000000001,0.8023255813953488
2023,20,piastri,10,14,Lapped,0.0,69,piastri_2023_20,0,lapped,classificado,False,0,0,0,0,UNKNOWN,0,0,0,0,0,0,0,0,0,0,0,0,0,0,0,0,0,0,0,0,0,0,0,0,0,0,0,0,0,0,0,0,0,1,0,0,0,0,0,0,0,0,0,0,1,0,0,0,0,0,0,0,0,0.9020358715101766,0.5,0.7906976744186046
2023,21,max_verstappen,2,1,Finished,25.0,50,max_verstappen_2023_21,0,finished,classificado,False,0,0,0,0,UNKNOWN,0,0,0,0,0,0,0,0,0,0,0,0,0,0,0,0,0,0,0,0,1,0,0,0,0,0,0,0,0,0,0,0,0,0,0,0,0,0,0,0,0,0,0,0,0,0,0,0,1,0,0,0,0,-0.9052769446227679,0.1,0.5697674418604651
2023,21,leclerc,1,2,Finished,18.0,50,leclerc_2023_21,0,finished,classificado,False,0,0,0,0,UNKNOWN,0,0,0,0,0,0,0,0,0,0,0,0,0,0,0,0,0,0,0,0,1,0,0,0,0,0,0,0,0,0,0,0,0,0,0,0,0,0,0,0,0,1,0,0,0,0,0,0,0,0,0,0,0,-0.9052769446227679,0.05,0.5697674418604651
2023,21,perez,11,3,Finished,15.0,50,perez_2023_21,0,finished,classificado,False,0,0,0,0,UNKNOWN,0,0,0,0,0,0,0,0,0,0,0,0,0,0,0,0,0,0,0,0,1,0,0,0,0,0,0,0,0,0,0,0,0,0,0,0,0,0,0,0,0,0,0,0,0,0,0,0,1,0,0,0,0,-0.9052769446227679,0.55,0.5697674418604651
2023,21,ocon,16,4,Finished,12.0,50,ocon_2023_21,0,finished,classificado,False,0,0,0,0,UNKNOWN,0,0,0,0,0,0,0,0,0,0,0,0,0,0,0,0,0,0,0,0,1,0,0,0,0,0,0,0,0,0,0,0,0,0,0,0,0,0,0,1,0,0,0,0,0,0,0,0,0,0,0,0,0,-0.9052769446227679,0.8,0.5697674418604651
2023,21,stroll,19,5,Finished,10.0,50,stroll_2023_21,0,finished,classificado,False,0,0,0,0,UNKNOWN,0,0,0,0,0,0,0,0,0,0,0,0,0,0,0,0,0,0,0,0,1,0,0,0,0,0,0,0,0,0,0,0,0,0,0,0,0,0,0,0,1,0,0,0,0,0,0,0,0,0,0,0,0,-0.9052769446227679,0.9500000000000001,0.5697674418604651
2023,21,sainz,12,6,Finished,8.0,50,sainz_2023_21,0,finished,classificado,False,0,0,0,0,UNKNOWN,0,0,0,0,0,0,0,0,0,0,0,0,0,0,0,0,0,0,0,0,1,0,0,0,0,0,0,0,0,0,0,0,0,0,0,0,0,0,0,0,0,1,0,0,0,0,0,0,0,0,0,0,0,-0.9052769446227679,0.6000000000000001,0.5697674418604651
2023,21,hamilton,10,7,Finished,6.0,50,hamilton_2023_21,0,finished,classificado,False,0,0,0,0,UNKNOWN,0,0,0,0,0,0,0,0,0,0,0,0,0,0,0,0,0,0,0,0,1,0,0,0,0,0,0,0,0,0,0,0,0,0,0,0,0,0,0,0,0,0,0,0,0,1,0,0,0,0,0,0,0,-0.9052769446227679,0.5,0.5697674418604651
2023,21,russell,3,8,Finished,4.0,50,russell_2023_21,0,finished,classificado,False,0,0,0,0,UNKNOWN,0,0,0,0,0,0,0,0,0,0,0,0,0,0,0,0,0,0,0,0,1,0,0,0,0,0,0,0,0,0,0,0,0,0,0,0,0,0,0,0,0,0,0,0,0,1,0,0,0,0,0,0,0,-0.9052769446227679,0.15000000000000002,0.5697674418604651
2023,21,alonso,9,9,Finished,2.0,50,alonso_2023_21,0,finished,classificado,False,0,0,0,0,UNKNOWN,0,0,0,0,0,0,0,0,0,0,0,0,0,0,0,0,0,0,0,0,1,0,0,0,0,0,0,0,0,0,0,0,0,0,0,0,0,0,0,0,1,0,0,0,0,0,0,0,0,0,0,0,0,-0.9052769446227679,0.45,0.5697674418604651
2023,21,piastri,18,10,Finished,2.0,50,piastri_2023_21,0,finished,classificado,False,0,0,0,0,UNKNOWN,0,0,0,0,0,0,0,0,0,0,0,0,0,0,0,0,0,0,0,0,1,0,0,0,0,0,0,0,0,0,0,0,0,0,0,0,0,0,0,0,0,0,0,0,1,0,0,0,0,0,0,0,0,-0.9052769446227679,0.9,0.5697674418604651
2023,21,gasly,4,11,Finished,0.0,50,gasly_2023_21,0,finished,classificado,False,0,0,0,0,UNKNOWN,0,0,0,0,0,0,0,0,0,0,0,0,0,0,0,0,0,0,0,0,1,0,0,0,0,0,0,0,0,0,0,0,0,0,0,0,0,0,0,1,0,0,0,0,0,0,0,0,0,0,0,0,0,-0.9052769446227679,0.2,0.5697674418604651
2023,21,albon,5,12,Finished,0.0,50,albon_2023_21,0,finished,classificado,False,0,0,0,0,UNKNOWN,0,0,0,0,0,0,0,0,0,0,0,0,0,0,0,0,0,0,0,0,1,0,0,0,0,0,0,0,0,0,0,0,0,0,0,0,0,0,0,0,0,0,0,0,0,0,0,0,0,0,0,0,1,-0.9052769446227679,0.25,0.5697674418604651
2023,21,kevin_magnussen,8,13,Finished,0.0,50,kevin_magnussen_2023_21,0,finished,classificado,False,0,0,0,0,UNKNOWN,0,0,0,0,0,0,0,0,0,0,0,0,0,0,0,0,0,0,0,0,1,0,0,0,0,0,0,0,0,0,0,0,0,0,0,0,0,0,0,0,0,0,0,1,0,0,0,0,0,0,0,0,0,-0.9052769446227679,0.4,0.5697674418604651
2023,21,ricciardo,14,14,Finished,0.0,50,ricciardo_2023_21,0,finished,classificado,False,0,0,0,0,UNKNOWN,0,0,0,0,0,0,0,0,0,0,0,0,0,0,0,0,0,0,0,0,1,0,0,0,0,0,0,0,0,0,0,0,0,0,0,0,0,0,1,0,0,0,0,0,0,0,0,0,0,0,0,0,0,-0.9052769446227679,0.7000000000000001,0.5697674418604651
2023,21,zhou,17,15,Finished,0.0,50,zhou_2023_21,0,finished,classificado,False,0,0,0,0,UNKNOWN,0,0,0,0,0,0,0,0,0,0,0,0,0,0,0,0,0,0,0,0,1,0,0,0,0,0,0,0,0,0,0,0,0,0,0,0,0,1,0,0,0,0,0,0,0,0,0,0,0,0,0,0,0,-0.9052769446227679,0.8500000000000001,0.5697674418604651
2023,21,sargeant,6,16,Finished,0.0,50,sargeant_2023_21,0,finished,classificado,False,0,0,0,0,UNKNOWN,0,0,0,0,0,0,0,0,0,0,0,0,0,0,0,0,0,0,0,0,1,0,0,0,0,0,0,0,0,0,0,0,0,0,0,0,0,0,0,0,0,0,0,0,0,0,0,0,0,0,0,0,1,-0.9052769446227679,0.30000000000000004,0.5697674418604651
2023,21,bottas,7,17,Finished,0.0,50,bottas_2023_21,0,finished,classificado,False,0,0,0,0,UNKNOWN,0,0,0,0,0,0,0,0,0,0,0,0,0,0,0,0,0,0,0,0,1,0,0,0,0,0,0,0,0,0,0,0,0,0,0,0,0,1,0,0,0,0,0,0,0,0,0,0,0,0,0,0,0,-0.9052769446227679,0.35000000000000003,0.5697674418604651
2023,22,max_verstappen,1,1,Finished,26.0,58,max_verstappen_2023_22,0,finished,classificado,False,0,0,0,0,UNKNOWN,0,0,1,0,0,0,0,0,0,0,0,0,0,0,0,0,0,0,0,0,0,0,0,0,0,0,0,0,0,0,0,0,0,0,0,0,0,0,0,0,0,0,0,0,0,0,0,0,1,0,0,0,0,-0.14430312730363337,0.05,0.6627906976744186
2023,22,leclerc,2,2,Finished,18.0,58,leclerc_2023_22,0,finished,classificado,False,0,0,0,0,UNKNOWN,0,0,1,0,0,0,0,0,0,0,0,0,0,0,0,0,0,0,0,0,0,0,0,0,0,0,0,0,0,0,0,0,0,0,0,0,0,0,0,0,0,1,0,0,0,0,0,0,0,0,0,0,0,-0.14430312730363337,0.1,0.6627906976744186
2023,22,russell,4,3,Finished,15.0,58,russell_2023_22,0,finished,classificado,False,0,0,0,0,UNKNOWN,0,0,1,0,0,0,0,0,0,0,0,0,0,0,0,0,0,0,0,0,0,0,0,0,0,0,0,0,0,0,0,0,0,0,0,0,0,0,0,0,0,0,0,0,0,1,0,0,0,0,0,0,0,-0.14430312730363337,0.2,0.6627906976744186
2023,22,perez,9,4,Finished,12.0,58,perez_2023_22,0,finished,classificado,False,0,0,0,0,UNKNOWN,0,0,1,0,0,0,0,0,0,0,0,0,0,0,0,0,0,0,0,0,0,0,0,0,0,0,0,0,0,0,0,0,0,0,0,0,0,0,0,0,0,0,0,0,0,0,0,0,1,0,0,0,0,-0.14430312730363337,0.45,0.6627906976744186
2023,22,norris,5,5,Finished,10.0,58,norris_2023_22,0,finished,classificado,False,0,0,0,0,UNKNOWN,0,0,1,0,0,0,0,0,0,0,0,0,0,0,0,0,0,0,0,0,0,0,0,0,0,0,0,0,0,0,0,0,0,0,0,0,0,0,0,0,0,0,0,0,1,0,0,0,0,0,0,0,0,-0.14430312730363337,0.25,0.6627906976744186
2023,22,piastri,3,6,Finished,8.0,58,piastri_2023_22,0,finished,classificado,False,0,0,0,0,UNKNOWN,0,0,1,0,0,0,0,0,0,0,0,0,0,0,0,0,0,0,0,0,0,0,0,0,0,0,0,0,0,0,0,0,0,0,0,0,0,0,0,0,0,0,0,0,1,0,0,0,0,0,0,0,0,-0.14430312730363337,0.15000000000000002,0.6627906976744186
2023,22,alonso,7,7,Finished,6.0,58,alonso_2023_22,0,finished,classificado,False,0,0,0,0,UNKNOWN,0,0,1,0,0,0,0,0,0,0,0,0,0,0,0,0,0,0,0,0,0,0,0,0,0,0,0,0,0,0,0,0,0,0,0,0,0,0,0,0,1,0,0,0,0,0,0,0,0,0,0,0,0,-0.14430312730363337,0.35000000000000003,0.6627906976744186
2023,22,tsunoda,6,8,Finished,4.0,58,tsunoda_2023_22,0,finished,classificado,False,0,0,0,0,UNKNOWN,0,0,1,0,0,0,0,0,0,0,0,0,0,0,0,0,0,0,0,0,0,0,0,0,0,0,0,0,0,0,0,0,0,0,0,0,0,0,1,0,0,0,0,0,0,0,0,0,0,0,0,0,0,-0.14430312730363337,0.30000000000000004,0.6627906976744186
2023,22,hamilton,11,9,Finished,2.0,58,hamilton_2023_22,0,finished,classificado,False,0,0,0,0,UNKNOWN,0,0,1,0,0,0,0,0,0,0,0,0,0,0,0,0,0,0,0,0,0,0,0,0,0,0,0,0,0,0,0,0,0,0,0,0,0,0,0,0,0,0,0,0,0,1,0,0,0,0,0,0,0,-0.14430312730363337,0.55,0.6627906976744186
2023,22,stroll,13,10,Finished,1.0,58,stroll_2023_22,0,finished,classificado,False,0,0,0,0,UNKNOWN,0,0,1,0,0,0,0,0,0,0,0,0,0,0,0,0,0,0,0,0,0,0,0,0,0,0,0,0,0,0,0,0,0,0,0,0,0,0,0,0,1,0,0,0,0,0,0,0,0,0,0,0,0,-0.14430312730363337,0.65,0.6627906976744186
2023,22,ricciardo,15,11,Finished,0.0,58,ricciardo_2023_22,0,finished,classificado,False,0,0,0,0,UNKNOWN,0,0,1,0,0,0,0,0,0,0,0,0,0,0,0,0,0,0,0,0,0,0,0,0,0,0,0,0,0,0,0,0,0,0,0,0,0,0,1,0,0,0,0,0,0,0,0,0,0,0,0,0,0,-0.14430312730363337,0.75,0.6627906976744186
2023,22,ocon,12,12,Finished,0.0,58,ocon_2023_22,0,finished,classificado,False,0,0,0,0,UNKNOWN,0,0,1,0,0,0,0,0,0,0,0,0,0,0,0,0,0,0,0,0,0,0,0,0,0,0,0,0,0,0,0,0,0,0,0,0,0,0,0,1,0,0,0,0,0,0,0,0,0,0,0,0,0,-0.14430312730363337,0.6000000000000001,0.6627906976744186
2023,22,gasly,10,13,Finished,0.0,58,gasly_2023_22,0,finished,classificado,False,0,0,0,0,UNKNOWN,0,0,1,0,0,0,0,0,0,0,0,0,0,0,0,0,0,0,0,0,0,0,0,0,0,0,0,0,0,0,0,0,0,0,0,0,0,0,0,1,0,0,0,0,0,0,0,0,0,0,0,0,0,-0.14430312730363337,0.5,0.6627906976744186
2023,22,albon,14,14,Finished,0.0,58,albon_2023_22,0,finished,classificado,False,0,0,0,0,UNKNOWN,0,0,1,0,0,0,0,0,0,0,0,0,0,0,0,0,0,0,0,0,0,0,0,0,0,0,0,0,0,0,0,0,0,0,0,0,0,0,0,0,0,0,0,0,0,0,0,0,0,0,0,0,1,-0.14430312730363337,0.7000000000000001,0.6627906976744186
2023,22,hulkenberg,8,15,Finished,0.0,58,hulkenberg_2023_22,0,finished,classificado,False,0,0,0,0,UNKNOWN,0,0,1,0,0,0,0,0,0,0,0,0,0,0,0,0,0,0,0,0,0,0,0,0,0,0,0,0,0,0,0,0,0,0,0,0,0,0,0,0,0,0,0,1,0,0,0,0,0,0,0,0,0,-0.14430312730363337,0.4,0.6627906976744186
2023,22,sargeant,20,16,Finished,0.0,58,sargeant_2023_22,0,finished,classificado,False,0,0,0,0,UNKNOWN,0,0,1,0,0,0,0,0,0,0,0,0,0,0,0,0,0,0,0,0,0,0,0,0,0,0,0,0,0,0,0,0,0,0,0,0,0,0,0,0,0,0,0,0,0,0,0,0,0,0,0,0,1,-0.14430312730363337,1.0,0.6627906976744186
2023,22,zhou,19,17,Finished,0.0,58,zhou_2023_22,0,finished,classificado,False,0,0,0,0,UNKNOWN,0,0,1,0,0,0,0,0,0,0,0,0,0,0,0,0,0,0,0,0,0,0,0,0,0,0,0,0,0,0,0,0,0,0,0,0,0,1,0,0,0,0,0,0,0,0,0,0,0,0,0,0,0,-0.14430312730363337,0.9500000000000001,0.6627906976744186
2023,22,bottas,18,19,Lapped,0.0,57,bottas_2023_22,0,lapped,classificado,False,0,0,0,0,UNKNOWN,0,0,1,0,0,0,0,0,0,0,0,0,0,0,0,0,0,0,0,0,0,0,0,0,0,0,0,0,0,0,0,0,0,0,0,0,0,1,0,0,0,0,0,0,0,0,0,0,0,0,0,0,0,-0.23942485446852518,0.9,0.6511627906976744
2023,22,kevin_magnussen,17,20,Lapped,0.0,57,kevin_magnussen_2023_22,0,lapped,classificado,False,0,0,0,0,UNKNOWN,0,0,1,0,0,0,0,0,0,0,0,0,0,0,0,0,0,0,0,0,0,0,0,0,0,0,0,0,0,0,0,0,0,0,0,0,0,0,0,0,0,0,0,1,0,0,0,0,0,0,0,0,0,-0.23942485446852518,0.8500000000000001,0.6511627906976744
2024,1,max_verstappen,1,1,Finished,26.0,57,max_verstappen_2024_1,0,finished,classificado,False,0,0,0,0,UNKNOWN,0,0,0,0,0,0,1,0,0,0,0,0,0,0,0,0,0,0,0,0,0,0,0,0,0,0,0,0,0,0,0,0,0,0,0,0,0,0,0,0,0,0,0,0,0,0,0,0,1,0,0,0,0,-0.23942485446852518,0.05,0.6511627906976744
2024,1,perez,5,2,Finished,18.0,57,perez_2024_1,0,finished,classificado,False,0,0,0,0,UNKNOWN,0,0,0,0,0,0,1,0,0,0,0,0,0,0,0,0,0,0,0,0,0,0,0,0,0,0,0,0,0,0,0,0,0,0,0,0,0,0,0,0,0,0,0,0,0,0,0,0,1,0,0,0,0,-0.23942485446852518,0.25,0.6511627906976744
2024,1,sainz,4,3,Finished,15.0,57,sainz_2024_1,0,finished,classificado,False,0,0,0,0,UNKNOWN,0,0,0,0,0,0,1,0,0,0,0,0,0,0,0,0,0,0,0,0,0,0,0,0,0,0,0,0,0,0,0,0,0,0,0,0,0,0,0,0,0,1,0,0,0,0,0,0,0,0,0,0,0,-0.23942485446852518,0.2,0.6511627906976744
2024,1,leclerc,2,4,Finished,12.0,57,leclerc_2024_1,0,finished,classificado,False,0,0,0,0,UNKNOWN,0,0,0,0,0,0,1,0,0,0,0,0,0,0,0,0,0,0,0,0,0,0,0,0,0,0,0,0,0,0,0,0,0,0,0,0,0,0,0,0,0,1,0,0,0,0,0,0,0,0,0,0,0,-0.23942485446852518,0.1,0.6511627906976744
2024,1,russell,3,5,Finished,10.0,57,russell_2024_1,0,finished,classificado,False,0,0,0,0,UNKNOWN,0,0,0,0,0,0,1,0,0,0,0,0,0,0,0,0,0,0,0,0,0,0,0,0,0,0,0,0,0,0,0,0,0,0,0,0,0,0,0,0,0,0,0,0,0,1,0,0,0,0,0,0,0,-0.23942485446852518,0.15000000000000002,0.6511627906976744
2024,1,norris,7,6,Finished,8.0,57,norris_2024_1,0,finished,classificado,False,0,0,0,0,UNKNOWN,0,0,0,0,0,0,1,0,0,0,0,0,0,0,0,0,0,0,0,0,0,0,0,0,0,0,0,0,0,0,0,0,0,0,0,0,0,0,0,0,0,0,0,0,1,0,0,0,0,0,0,0,0,-0.23942485446852518,0.35000000000000003,0.6511627906976744
2024,1,hamilton,9,7,Finished,6.0,57,hamilton_2024_1,0,finished,classificado,False,0,0,0,0,UNKNOWN,0,0,0,0,0,0,1,0,0,0,0,0,0,0,0,0,0,0,0,0,0,0,0,0,0,0,0,0,0,0,0,0,0,0,0,0,0,0,0,0,0,0,0,0,0,1,0,0,0,0,0,0,0,-0.23942485446852518,0.45,0.6511627906976744
2024,1,piastri,8,8,Finished,4.0,57,piastri_2024_1,0,finished,classificado,False,0,0,0,0,UNKNOWN,0,0,0,0,0,0,1,0,0,0,0,0,0,0,0,0,0,0,0,0,0,0,0,0,0,0,0,0,0,0,0,0,0,0,0,0,0,0,0,0,0,0,0,0,1,0,0,0,0,0,0,0,0,-0.23942485446852518,0.4,0.6511627906976744
2024,1,alonso,6,9,Finished,2.0,57,alonso_2024_1,0,finished,classificado,False,0,0,0,0,UNKNOWN,0,0,0,0,0,0,1,0,0,0,0,0,0,0,0,0,0,0,0,0,0,0,0,0,0,0,0,0,0,0,0,0,0,0,0,0,0,0,0,0,1,0,0,0,0,0,0,0,0,0,0,0,0,-0.23942485446852518,0.30000000000000004,0.6511627906976744
2024,1,stroll,12,10,Finished,1.0,57,stroll_2024_1,0,finished,classificado,False,0,0,0,0,UNKNOWN,0,0,0,0,0,0,1,0,0,0,0,0,0,0,0,0,0,0,0,0,0,0,0,0,0,0,0,0,0,0,0,0,0,0,0,0,0,0,0,0,1,0,0,0,0,0,0,0,0,0,0,0,0,-0.23942485446852518,0.6000000000000001,0.6511627906976744
2024,1,zhou,17,11,Lapped,0.0,56,zhou_2024_1,0,lapped,classificado,False,0,0,0,0,UNKNOWN,0,0,0,0,0,0,1,0,0,0,0,0,0,0,0,0,0,0,0,0,0,0,0,0,0,0,0,0,0,0,0,0,0,0,0,0,0,0,0,0,0,0,0,0,0,0,0,0,0,0,1,0,0,-0.334546581633417,0.8500000000000001,0.6395348837209303
2024,1,kevin_magnussen,15,12,Lapped,0.0,56,kevin_magnussen_2024_1,0,lapped,classificado,False,0,0,0,0,UNKNOWN,0,0,0,0,0,0,1,0,0,0,0,0,0,0,0,0,0,0,0,0,0,0,0,0,0,0,0,0,0,0,0,0,0,0,0,0,0,0,0,0,0,0,0,1,0,0,0,0,0,0,0,0,0,-0.334546581633417,0.75,0.6395348837209303
2024,1,ricciardo,14,13,Lapped,0.0,56,ricciardo_2024_1,0,lapped,classificado,False,0,0,0,0,UNKNOWN,0,0,0,0,0,0,1,0,0,0,0,0,0,0,0,0,0,0,0,0,0,0,0,0,0,0,0,0,0,0,0,0,0,0,0,0,0,0,0,0,0,0,0,0,0,0,0,1,0,0,0,0,0,-0.334546581633417,0.7000000000000001,0.6395348837209303
2024,1,tsunoda,11,14,Lapped,0.0,56,tsunoda_2024_1,0,lapped,classificado,False,0,0,0,0,UNKNOWN,0,0,0,0,0,0,1,0,0,0,0,0,0,0,0,0,0,0,0,0,0,0,0,0,0,0,0,0,0,0,0,0,0,0,0,0,0,0,0,0,0,0,0,0,0,0,0,1,0,0,0,0,0,-0.334546581633417,0.55,0.6395348837209303
2024,1,albon,13,15,Lapped,0.0,56,albon_2024_1,0,lapped,classificado,False,0,0,0,0,UNKNOWN,0,0,0,0,0,0,1,0,0,0,0,0,0,0,0,0,0,0,0,0,0,0,0,0,0,0,0,0,0,0,0,0,0,0,0,0,0,0,0,0,0,0,0,0,0,0,0,0,0,0,0,0,1,-0.334546581633417,0.65,0.6395348837209303
2024,1,hulkenberg,10,16,Lapped,0.0,56,hulkenberg_2024_1,0,lapped,classificado,False,0,0,0,0,UNKNOWN,0,0,0,0,0,0,1,0,0,0,0,0,0,0,0,0,0,0,0,0,0,0,0,0,0,0,0,0,0,0,0,0,0,0,0,0,0,0,0,0,0,0,0,1,0,0,0,0,0,0,0,0,0,-0.334546581633417,0.5,0.6395348837209303
2024,1,ocon,19,17,Lapped,0.0,56,ocon_2024_1,0,lapped,classificado,False,0,0,0,0,UNKNOWN,0,0,0,0,0,0,1,0,0,0,0,0,0,0,0,0,0,0,0,0,0,0,0,0,0,0,0,0,0,0,0,0,0,0,0,0,0,0,0,1,0,0,0,0,0,0,0,0,0,0,0,0,0,-0.334546581633417,0.9500000000000001,0.6395348837209303
2024,1,gasly,20,18,Lapped,0.0,56,gasly_2024_1,0,lapped,classificado,False,0,0,0,0,UNKNOWN,0,0,0,0,0,0,1,0,0,0,0,0,0,0,0,0,0,0,0,0,0,0,0,0,0,0,0,0,0,0,0,0,0,0,0,0,0,0,0,1,0,0,0,0,0,0,0,0,0,0,0,0,0,-0.334546581633417,1.0,0.6395348837209303
2024,1,bottas,16,19,Lapped,0.0,56,bottas_2024_1,0,lapped,classificado,False,0,0,0,0,UNKNOWN,0,0,0,0,0,0,1,0,0,0,0,0,0,0,0,0,0,0,0,0,0,0,0,0,0,0,0,0,0,0,0,0,0,0,0,0,0,0,0,0,0,0,0,0,0,0,0,0,0,0,1,0,0,-0.334546581633417,0.8,0.6395348837209303
2024,1,sargeant,18,20,Lapped,0.0,55,sargeant_2024_1,0,lapped,classificado,False,0,0,0,0,UNKNOWN,0,0,0,0,0,0,1,0,0,0,0,0,0,0,0,0,0,0,0,0,0,0,0,0,0,0,0,0,0,0,0,0,0,0,0,0,0,0,0,0,0,0,0,0,0,0,0,0,0,0,0,0,1,-0.4296683087983088,0.9,0.627906976744186
2024,2,max_verstappen,1,1,Finished,25.0,50,max_verstappen_2024_2,0,finished,classificado,False,0,0,0,0,UNKNOWN,0,0,0,0,0,0,0,0,0,0,0,0,0,0,0,0,0,0,0,0,0,0,0,0,0,0,0,0,0,1,0,0,0,0,0,0,0,0,0,0,0,0,0,0,0,0,0,0,1,0,0,0,0,-0.9052769446227679,0.05,0.5697674418604651
2024,2,perez,3,2,Finished,18.0,50,perez_2024_2,0,finished,classificado,False,0,0,0,0,UNKNOWN,0,0,0,0,0,0,0,0,0,0,0,0,0,0,0,0,0,0,0,0,0,0,0,0,0,0,0,0,0,1,0,0,0,0,0,0,0,0,0,0,0,0,0,0,0,0,0,0,1,0,0,0,0,-0.9052769446227679,0.15000000000000002,0.5697674418604651
2024,2,leclerc,2,3,Finished,16.0,50,leclerc_2024_2,0,finished,classificado,False,0,0,0,0,UNKNOWN,0,0,0,0,0,0,0,0,0,0,0,0,0,0,0,0,0,0,0,0,0,0,0,0,0,0,0,0,0,1,0,0,0,0,0,0,0,0,0,0,0,1,0,0,0,0,0,0,0,0,0,0,0,-0.9052769446227679,0.1,0.5697674418604651
2024,2,piastri,5,4,Finished,12.0,50,piastri_2024_2,0,finished,classificado,False,0,0,0,0,UNKNOWN,0,0,0,0,0,0,0,0,0,0,0,0,0,0,0,0,0,0,0,0,0,0,0,0,0,0,0,0,0,1,0,0,0,0,0,0,0,0,0,0,0,0,0,0,1,0,0,0,0,0,0,0,0,-0.9052769446227679,0.25,0.5697674418604651
2024,2,alonso,4,5,Finished,10.0,50,alonso_2024_2,0,finished,classificado,False,0,0,0,0,UNKNOWN,0,0,0,0,0,0,0,0,0,0,0,0,0,0,0,0,0,0,0,0,0,0,0,0,0,0,0,0,0,1,0,0,0,0,0,0,0,0,0,0,1,0,0,0,0,0,0,0,0,0,0,0,0,-0.9052769446227679,0.2,0.5697674418604651
2024,2,russell,7,6,Finished,8.0,50,russell_2024_2,0,finished,classificado,False,0,0,0,0,UNKNOWN,0,0,0,0,0,0,0,0,0,0,0,0,0,0,0,0,0,0,0,0,0,0,0,0,0,0,0,0,0,1,0,0,0,0,0,0,0,0,0,0,0,0,0,0,0,1,0,0,0,0,0,0,0,-0.9052769446227679,0.35000000000000003,0.5697674418604651
2024,2,bearman,11,7,Finished,6.0,50,bearman_2024_2,0,finished,classificado,False,0,0,0,0,UNKNOWN,0,0,0,0,0,0,0,0,0,0,0,0,0,0,0,0,0,0,0,0,0,0,0,0,0,0,0,0,0,1,0,0,0,0,0,0,0,0,0,0,0,1,0,0,0,0,0,0,0,0,0,0,0,-0.9052769446227679,0.55,0.5697674418604651
2024,2,norris,6,8,Finished,4.0,50,norris_2024_2,0,finished,classificado,False,0,0,0,0,UNKNOWN,0,0,0,0,0,0,0,0,0,0,0,0,0,0,0,0,0,0,0,0,0,0,0,0,0,0,0,0,0,1,0,0,0,0,0,0,0,0,0,0,0,0,0,0,1,0,0,0,0,0,0,0,0,-0.9052769446227679,0.30000000000000004,0.5697674418604651
2024,2,hamilton,8,9,Finished,2.0,50,hamilton_2024_2,0,finished,classificado,False,0,0,0,0,UNKNOWN,0,0,0,0,0,0,0,0,0,0,0,0,0,0,0,0,0,0,0,0,0,0,0,0,0,0,0,0,0,1,0,0,0,0,0,0,0,0,0,0,0,0,0,0,0,1,0,0,0,0,0,0,0,-0.9052769446227679,0.4,0.5697674418604651
2024,2,hulkenberg,15,10,Finished,1.0,50,hulkenberg_2024_2,0,finished,classificado,False,0,0,0,0,UNKNOWN,0,0,0,0,0,0,0,0,0,0,0,0,0,0,0,0,0,0,0,0,0,0,0,0,0,0,0,0,0,1,0,0,0,0,0,0,0,0,0,0,0,0,0,1,0,0,0,0,0,0,0,0,0,-0.9052769446227679,0.75,0.5697674418604651
2024,2,albon,12,11,Finished,0.0,50,albon_2024_2,0,finished,classificado,False,0,0,0,0,UNKNOWN,0,0,0,0,0,0,0,0,0,0,0,0,0,0,0,0,0,0,0,0,0,0,0,0,0,0,0,0,0,1,0,0,0,0,0,0,0,0,0,0,0,0,0,0,0,0,0,0,0,0,0,0,1,-0.9052769446227679,0.6000000000000001,0.5697674418604651
2024,2,kevin_magnussen,13,12,Finished,0.0,50,kevin_magnussen_2024_2,0,finished,classificado,False,0,0,0,0,UNKNOWN,0,0,0,0,0,0,0,0,0,0,0,0,0,0,0,0,0,0,0,0,0,0,0,0,0,0,0,0,0,1,0,0,0,0,0,0,0,0,0,0,0,0,0,1,0,0,0,0,0,0,0,0,0,-0.9052769446227679,0.65,0.5697674418604651
2024,2,ocon,17,13,Lapped,0.0,49,ocon_2024_2,0,lapped,classificado,False,0,0,0,0,UNKNOWN,0,0,0,0,0,0,0,0,0,0,0,0,0,0,0,0,0,0,0,0,0,0,0,0,0,0,0,0,0,1,0,0,0,0,0,0,0,0,0,1,0,0,0,0,0,0,0,0,0,0,0,0,0,-1.0003986717876596,0.8500000000000001,0.5581395348837209
2024,2,sargeant,19,14,Lapped,0.0,49,sargeant_2024_2,0,lapped,classificado,False,0,0,0,0,UNKNOWN,0,0,0,0,0,0,0,0,0,0,0,0,0,0,0,0,0,0,0,0,0,0,0,0,0,0,0,0,0,1,0,0,0,0,0,0,0,0,0,0,0,0,0,0,0,0,0,0,0,0,0,0,1,-1.0003986717876596,0.9500000000000001,0.5581395348837209
2024,2,tsunoda,9,15,Lapped,0.0,49,tsunoda_2024_2,0,lapped,classificado,False,0,0,0,0,UNKNOWN,0,0,0,0,0,0,0,0,0,0,0,0,0,0,0,0,0,0,0,0,0,0,0,0,0,0,0,0,0,1,0,0,0,0,0,0,0,0,0,0,0,0,0,0,0,0,0,1,0,0,0,0,0,-1.0003986717876596,0.45,0.5581395348837209
2024,2,ricciardo,14,16,Lapped,0.0,49,ricciardo_2024_2,0,lapped,classificado,False,0,0,0,0,UNKNOWN,0,0,0,0,0,0,0,0,0,0,0,0,0,0,0,0,0,0,0,0,0,0,0,0,0,0,0,0,0,1,0,0,0,0,0,0,0,0,0,0,0,0,0,0,0,0,0,1,0,0,0,0,0,-1.0003986717876596,0.7000000000000001,0.5581395348837209
2024,2,bottas,16,17,Lapped,0.0,49,bottas_2024_2,0,lapped,classificado,False,0,0,0,0,UNKNOWN,0,0,0,0,0,0,0,0,0,0,0,0,0,0,0,0,0,0,0,0,0,0,0,0,0,0,0,0,0,1,0,0,0,0,0,0,0,0,0,0,0,0,0,0,0,0,0,0,0,0,1,0,0,-1.0003986717876596,0.8,0.5581395348837209
2024,2,zhou,20,18,Lapped,0.0,49,zhou_2024_2,0,lapped,classificado,False,0,0,0,0,UNKNOWN,0,0,0,0,0,0,0,0,0,0,0,0,0,0,0,0,0,0,0,0,0,0,0,0,0,0,0,0,0,1,0,0,0,0,0,0,0,0,0,0,0,0,0,0,0,0,0,0,0,0,1,0,0,-1.0003986717876596,1.0,0.5581395348837209
2024,3,sainz,2,1,Finished,25.0,58,sainz_2024_3,0,finished,classificado,False,0,0,0,0,UNKNOWN,0,0,0,1,0,0,0,0,0,0,0,0,0,0,0,0,0,0,0,0,0,0,0,0,0,0,0,0,0,0,0,0,0,0,0,0,0,0,0,0,0,1,0,0,0,0,0,0,0,0,0,0,0,-0.14430312730363337,0.1,0.6627906976744186
2024,3,leclerc,4,2,Finished,19.0,58,leclerc_2024_3,0,finished,classificado,False,0,0,0,0,UNKNOWN,0,0,0,1,0,0,0,0,0,0,0,0,0,0,0,0,0,0,0,0,0,0,0,0,0,0,0,0,0,0,0,0,0,0,0,0,0,0,0,0,0,1,0,0,0,0,0,0,0,0,0,0,0,-0.14430312730363337,0.2,0.6627906976744186
2024,3,norris,3,3,Finished,15.0,58,norris_2024_3,0,finished,classificado,False,0,0,0,0,UNKNOWN,0,0,0,1,0,0,0,0,0,0,0,0,0,0,0,0,0,0,0,0,0,0,0,0,0,0,0,0,0,0,0,0,0,0,0,0,0,0,0,0,0,0,0,0,1,0,0,0,0,0,0,0,0,-0.14430312730363337,0.15000000000000002,0.6627906976744186
2024,3,piastri,5,4,Finished,12.0,58,piastri_2024_3,0,finished,classificado,False,0,0,0,0,UNKNOWN,0,0,0,1,0,0,0,0,0,0,0,0,0,0,0,0,0,0,0,0,0,0,0,0,0,0,0,0,0,0,0,0,0,0,0,0,0,0,0,0,0,0,0,0,1,0,0,0,0,0,0,0,0,-0.14430312730363337,0.25,0.6627906976744186
2024,3,perez,6,5,Finished,10.0,58,perez_2024_3,0,finished,classificado,False,0,0,0,0,UNKNOWN,0,0,0,1,0,0,0,0,0,0,0,0,0,0,0,0,0,0,0,0,0,0,0,0,0,0,0,0,0,0,0,0,0,0,0,0,0,0,0,0,0,0,0,0,0,0,0,0,1,0,0,0,0,-0.14430312730363337,0.30000000000000004,0.6627906976744186
2024,3,stroll,9,6,Finished,8.0,58,stroll_2024_3,0,finished,classificado,False,0,0,0,0,UNKNOWN,0,0,0,1,0,0,0,0,0,0,0,0,0,0,0,0,0,0,0,0,0,0,0,0,0,0,0,0,0,0,0,0,0,0,0,0,0,0,0,0,1,0,0,0,0,0,0,0,0,0,0,0,0,-0.14430312730363337,0.45,0.6627906976744186
2024,3,tsunoda,8,7,Finished,6.0,58,tsunoda_2024_3,0,finished,classificado,False,0,0,0,0,UNKNOWN,0,0,0,1,0,0,0,0,0,0,0,0,0,0,0,0,0,0,0,0,0,0,0,0,0,0,0,0,0,0,0,0,0,0,0,0,0,0,0,0,0,0,0,0,0,0,0,1,0,0,0,0,0,-0.14430312730363337,0.4,0.6627906976744186
2024,3,alonso,10,8,Finished,4.0,58,alonso_2024_3,0,finished,classificado,False,0,0,0,0,UNKNOWN,0,0,0,1,0,0,0,0,0,0,0,0,0,0,0,0,0,0,0,0,0,0,0,0,0,0,0,0,0,0,0,0,0,0,0,0,0,0,0,0,1,0,0,0,0,0,0,0,0,0,0,0,0,-0.14430312730363337,0.5,0.6627906976744186
2024,3,hulkenberg,16,9,Finished,2.0,58,hulkenberg_2024_3,0,finished,classificado,False,0,0,0,0,UNKNOWN,0,0,0,1,0,0,0,0,0,0,0,0,0,0,0,0,0,0,0,0,0,0,0,0,0,0,0,0,0,0,0,0,0,0,0,0,0,0,0,0,0,0,0,1,0,0,0,0,0,0,0,0,0,-0.14430312730363337,0.8,0.6627906976744186
2024,3,kevin_magnussen,14,10,Lapped,1.0,57,kevin_magnussen_2024_3,0,lapped,classificado,False,0,0,0,0,UNKNOWN,0,0,0,1,0,0,0,0,0,0,0,0,0,0,0,0,0,0,0,0,0,0,0,0,0,0,0,0,0,0,0,0,0,0,0,0,0,0,0,0,0,0,0,1,0,0,0,0,0,0,0,0,0,-0.23942485446852518,0.7000000000000001,0.6511627906976744
2024,3,albon,12,11,Lapped,0.0,57,albon_2024_3,0,lapped,classificado,False,0,0,0,0,UNKNOWN,0,0,0,1,0,0,0,0,0,0,0,0,0,0,0,0,0,0,0,0,0,0,0,0,0,0,0,0,0,0,0,0,0,0,0,0,0,0,0,0,0,0,0,0,0,0,0,0,0,0,0,0,1,-0.23942485446852518,0.6000000000000001,0.6511627906976744
2024,3,ricciardo,18,12,Lapped,0.0,57,ricciardo_2024_3,0,lapped,classificado,False,0,0,0,0,UNKNOWN,0,0,0,1,0,0,0,0,0,0,0,0,0,0,0,0,0,0,0,0,0,0,0,0,0,0,0,0,0,0,0,0,0,0,0,0,0,0,0,0,0,0,0,0,0,0,0,1,0,0,0,0,0,-0.23942485446852518,0.9,0.6511627906976744
2024,3,gasly,17,13,Lapped,0.0,57,gasly_2024_3,0,lapped,classificado,False,0,0,0,0,UNKNOWN,0,0,0,1,0,0,0,0,0,0,0,0,0,0,0,0,0,0,0,0,0,0,0,0,0,0,0,0,0,0,0,0,0,0,0,0,0,0,0,1,0,0,0,0,0,0,0,0,0,0,0,0,0,-0.23942485446852518,0.8500000000000001,0.6511627906976744
2024,3,bottas,13,14,Lapped,0.0,57,bottas_2024_3,0,lapped,classificado,False,0,0,0,0,UNKNOWN,0,0,0,1,0,0,0,0,0,0,0,0,0,0,0,0,0,0,0,0,0,0,0,0,0,0,0,0,0,0,0,0,0,0,0,0,0,0,0,0,0,0,0,0,0,0,0,0,0,0,1,0,0,-0.23942485446852518,0.65,0.6511627906976744
2024,3,zhou,19,15,Lapped,0.0,57,zhou_2024_3,0,lapped,classificado,False,0,0,0,0,UNKNOWN,0,0,0,1,0,0,0,0,0,0,0,0,0,0,0,0,0,0,0,0,0,0,0,0,0,0,0,0,0,0,0,0,0,0,0,0,0,0,0,0,0,0,0,0,0,0,0,0,0,0,1,0,0,-0.23942485446852518,0.9500000000000001,0.6511627906976744
2024,3,ocon,15,16,Lapped,0.0,57,ocon_2024_3,0,lapped,classificado,False,0,0,0,0,UNKNOWN,0,0,0,1,0,0,0,0,0,0,0,0,0,0,0,0,0,0,0,0,0,0,0,0,0,0,0,0,0,0,0,0,0,0,0,0,0,0,0,1,0,0,0,0,0,0,0,0,0,0,0,0,0,-0.23942485446852518,0.75,0.6511627906976744
2024,4,max_verstappen,1,1,Finished,26.0,53,max_verstappen_2024_4,0,finished,classificado,False,0,0,0,0,UNKNOWN,0,0,0,0,0,0,0,0,0,0,0,0,0,0,0,0,0,0,0,1,0,0,0,0,0,0,0,0,0,0,0,0,0,0,0,0,0,0,0,0,0,0,0,0,0,0,0,0,1,0,0,0,0,-0.6199117631280925,0.05,0.6046511627906976
2024,4,perez,2,2,Finished,18.0,53,perez_2024_4,0,finished,classificado,False,0,0,0,0,UNKNOWN,0,0,0,0,0,0,0,0,0,0,0,0,0,0,0,0,0,0,0,1,0,0,0,0,0,0,0,0,0,0,0,0,0,0,0,0,0,0,0,0,0,0,0,0,0,0,0,0,1,0,0,0,0,-0.6199117631280925,0.1,0.6046511627906976
2024,4,sainz,4,3,Finished,15.0,53,sainz_2024_4,0,finished,classificado,False,0,0,0,0,UNKNOWN,0,0,0,0,0,0,0,0,0,0,0,0,0,0,0,0,0,0,0,1,0,0,0,0,0,0,0,0,0,0,0,0,0,0,0,0,0,0,0,0,0,1,0,0,0,0,0,0,0,0,0,0,0,-0.6199117631280925,0.2,0.6046511627906976
2024,4,leclerc,8,4,Finished,12.0,53,leclerc_2024_4,0,finished,classificado,False,0,0,0,0,UNKNOWN,0,0,0,0,0,0,0,0,0,0,0,0,0,0,0,0,0,0,0,1,0,0,0,0,0,0,0,0,0,0,0,0,0,0,0,0,0,0,0,0,0,1,0,0,0,0,0,0,0,0,0,0,0,-0.6199117631280925,0.4,0.6046511627906976
2024,4,norris,3,5,Finished,10.0,53,norris_2024_4,0,finished,classificado,False,0,0,0,0,UNKNOWN,0,0,0,0,0,0,0,0,0,0,0,0,0,0,0,0,0,0,0,1,0,0,0,0,0,0,0,0,0,0,0,0,0,0,0,0,0,0,0,0,0,0,0,0,1,0,0,0,0,0,0,0,0,-0.6199117631280925,0.15000000000000002,0.6046511627906976
2024,4,alonso,5,6,Finished,8.0,53,alonso_2024_4,0,finished,classificado,False,0,0,0,0,UNKNOWN,0,0,0,0,0,0,0,0,0,0,0,0,0,0,0,0,0,0,0,1,0,0,0,0,0,0,0,0,0,0,0,0,0,0,0,0,0,0,0,0,1,0,0,0,0,0,0,0,0,0,0,0,0,-0.6199117631280925,0.25,0.6046511627906976
2024,4,russell,9,7,Finished,6.0,53,russell_2024_4,0,finished,classificado,False,0,0,0,0,UNKNOWN,0,0,0,0,0,0,0,0,0,0,0,0,0,0,0,0,0,0,0,1,0,0,0,0,0,0,0,0,0,0,0,0,0,0,0,0,0,0,0,0,0,0,0,0,0,1,0,0,0,0,0,0,0,-0.6199117631280925,0.45,0.6046511627906976
2024,4,piastri,6,8,Finished,4.0,53,piastri_2024_4,0,finished,classificado,False,0,0,0,0,UNKNOWN,0,0,0,0,0,0,0,0,0,0,0,0,0,0,0,0,0,0,0,1,0,0,0,0,0,0,0,0,0,0,0,0,0,0,0,0,0,0,0,0,0,0,0,0,1,0,0,0,0,0,0,0,0,-0.6199117631280925,0.30000000000000004,0.6046511627906976
2024,4,hamilton,7,9,Finished,2.0,53,hamilton_2024_4,0,finished,classificado,False,0,0,0,0,UNKNOWN,0,0,0,0,0,0,0,0,0,0,0,0,0,0,0,0,0,0,0,1,0,0,0,0,0,0,0,0,0,0,0,0,0,0,0,0,0,0,0,0,0,0,0,0,0,1,0,0,0,0,0,0,0,-0.6199117631280925,0.35000000000000003,0.6046511627906976
2024,4,tsunoda,10,10,Lapped,1.0,52,tsunoda_2024_4,0,lapped,classificado,False,0,0,0,0,UNKNOWN,0,0,0,0,0,0,0,0,0,0,0,0,0,0,0,0,0,0,0,1,0,0,0,0,0,0,0,0,0,0,0,0,0,0,0,0,0,0,0,0,0,0,0,0,0,0,0,1,0,0,0,0,0,-0.7150334902929842,0.5,0.5930232558139534
2024,4,hulkenberg,12,11,Lapped,0.0,52,hulkenberg_2024_4,0,lapped,classificado,False,0,0,0,0,UNKNOWN,0,0,0,0,0,0,0,0,0,0,0,0,0,0,0,0,0,0,0,1,0,0,0,0,0,0,0,0,0,0,0,0,0,0,0,0,0,0,0,0,0,0,0,1,0,0,0,0,0,0,0,0,0,-0.7150334902929842,0.6000000000000001,0.5930232558139534
2024,4,stroll,16,12,Lapped,0.0,52,stroll_2024_4,0,lapped,classificado,False,0,0,0,0,UNKNOWN,0,0,0,0,0,0,0,0,0,0,0,0,0,0,0,0,0,0,0,1,0,0,0,0,0,0,0,0,0,0,0,0,0,0,0,0,0,0,0,0,1,0,0,0,0,0,0,0,0,0,0,0,0,-0.7150334902929842,0.8,0.5930232558139534
2024,4,kevin_magnussen,18,13,Lapped,0.0,52,kevin_magnussen_2024_4,0,lapped,classificado,False,0,0,0,0,UNKNOWN,0,0,0,0,0,0,0,0,0,0,0,0,0,0,0,0,0,0,0,1,0,0,0,0,0,0,0,0,0,0,0,0,0,0,0,0,0,0,0,0,0,0,0,1,0,0,0,0,0,0,0,0,0,-0.7150334902929842,0.9,0.5930232558139534
2024,4,bottas,13,14,Lapped,0.0,52,bottas_2024_4,0,lapped,classificado,False,0,0,0,0,UNKNOWN,0,0,0,0,0,0,0,0,0,0,0,0,0,0,0,0,0,0,0,1,0,0,0,0,0,0,0,0,0,0,0,0,0,0,0,0,0,0,0,0,0,0,0,0,0,0,0,0,0,0,1,0,0,-0.7150334902929842,0.65,0.5930232558139534
2024,4,ocon,15,15,Lapped,0.0,52,ocon_2024_4,0,lapped,classificado,False,0,0,0,0,UNKNOWN,0,0,0,0,0,0,0,0,0,0,0,0,0,0,0,0,0,0,0,1,0,0,0,0,0,0,0,0,0,0,0,0,0,0,0,0,0,0,0,1,0,0,0,0,0,0,0,0,0,0,0,0,0,-0.7150334902929842,0.75,0.5930232558139534
2024,4,gasly,17,16,Lapped,0.0,52,gasly_2024_4,0,lapped,classificado,False,0,0,0,0,UNKNOWN,0,0,0,0,0,0,0,0,0,0,0,0,0,0,0,0,0,0,0,1,0,0,0,0,0,0,0,0,0,0,0,0,0,0,0,0,0,0,0,1,0,0,0,0,0,0,0,0,0,0,0,0,0,-0.7150334902929842,0.8500000000000001,0.5930232558139534
2024,4,sargeant,19,17,Lapped,0.0,52,sargeant_2024_4,0,lapped,classificado,False,0,0,0,0,UNKNOWN,0,0,0,0,0,0,0,0,0,0,0,0,0,0,0,0,0,0,0,1,0,0,0,0,0,0,0,0,0,0,0,0,0,0,0,0,0,0,0,0,0,0,0,0,0,0,0,0,0,0,0,0,1,-0.7150334902929842,0.9500000000000001,0.5930232558139534
2024,5,max_verstappen,1,1,Finished,25.0,56,max_verstappen_2024_5,0,finished,classificado,False,0,0,0,0,UNKNOWN,0,0,0,0,0,0,0,0,0,0,0,1,0,0,0,0,0,0,0,0,0,0,0,0,0,0,0,0,0,0,0,0,0,0,0,0,0,0,0,0,0,0,0,0,0,0,0,0,1,0,0,0,0,-0.334546581633417,0.05,0.6395348837209303
2024,5,norris,4,2,Finished,18.0,56,norris_2024_5,0,finished,classificado,False,0,0,0,0,UNKNOWN,0,0,0,0,0,0,0,0,0,0,0,1,0,0,0,0,0,0,0,0,0,0,0,0,0,0,0,0,0,0,0,0,0,0,0,0,0,0,0,0,0,0,0,0,1,0,0,0,0,0,0,0,0,-0.334546581633417,0.2,0.6395348837209303
2024,5,perez,2,3,Finished,15.0,56,perez_2024_5,0,finished,classificado,False,0,0,0,0,UNKNOWN,0,0,0,0,0,0,0,0,0,0,0,1,0,0,0,0,0,0,0,0,0,0,0,0,0,0,0,0,0,0,0,0,0,0,0,0,0,0,0,0,0,0,0,0,0,0,0,0,1,0,0,0,0,-0.334546581633417,0.1,0.6395348837209303
2024,5,leclerc,6,4,Finished,12.0,56,leclerc_2024_5,0,finished,classificado,False,0,0,0,0,UNKNOWN,0,0,0,0,0,0,0,0,0,0,0,1,0,0,0,0,0,0,0,0,0,0,0,0,0,0,0,0,0,0,0,0,0,0,0,0,0,0,0,0,0,1,0,0,0,0,0,0,0,0,0,0,0,-0.334546581633417,0.30000000000000004,0.6395348837209303
2024,5,sainz,7,5,Finished,10.0,56,sainz_2024_5,0,finished,classificado,False,0,0,0,0,UNKNOWN,0,0,0,0,0,0,0,0,0,0,0,1,0,0,0,0,0,0,0,0,0,0,0,0,0,0,0,0,0,0,0,0,0,0,0,0,0,0,0,0,0,1,0,0,0,0,0,0,0,0,0,0,0,-0.334546581633417,0.35000000000000003,0.6395348837209303
2024,5,russell,8,6,Finished,8.0,56,russell_2024_5,0,finished,classificado,False,0,0,0,0,UNKNOWN,0,0,0,0,0,0,0,0,0,0,0,1,0,0,0,0,0,0,0,0,0,0,0,0,0,0,0,0,0,0,0,0,0,0,0,0,0,0,0,0,0,0,0,0,0,1,0,0,0,0,0,0,0,-0.334546581633417,0.4,0.6395348837209303
2024,5,alonso,3,7,Finished,7.0,56,alonso_2024_5,0,finished,classificado,False,0,0,0,0,UNKNOWN,0,0,0,0,0,0,0,0,0,0,0,1,0,0,0,0,0,0,0,0,0,0,0,0,0,0,0,0,0,0,0,0,0,0,0,0,0,0,0,0,1,0,0,0,0,0,0,0,0,0,0,0,0,-0.334546581633417,0.15000000000000002,0.6395348837209303
2024,5,piastri,5,8,Finished,4.0,56,piastri_2024_5,0,finished,classificado,False,0,0,0,0,UNKNOWN,0,0,0,0,0,0,0,0,0,0,0,1,0,0,0,0,0,0,0,0,0,0,0,0,0,0,0,0,0,0,0,0,0,0,0,0,0,0,0,0,0,0,0,0,1,0,0,0,0,0,0,0,0,-0.334546581633417,0.25,0.6395348837209303
2024,5,hamilton,18,9,Finished,2.0,56,hamilton_2024_5,0,finished,classificado,False,0,0,0,0,UNKNOWN,0,0,0,0,0,0,0,0,0,0,0,1,0,0,0,0,0,0,0,0,0,0,0,0,0,0,0,0,0,0,0,0,0,0,0,0,0,0,0,0,0,0,0,0,0,1,0,0,0,0,0,0,0,-0.334546581633417,0.9,0.6395348837209303
2024,5,hulkenberg,9,10,Finished,1.0,56,hulkenberg_2024_5,0,finished,classificado,False,0,0,0,0,UNKNOWN,0,0,0,0,0,0,0,0,0,0,0,1,0,0,0,0,0,0,0,0,0,0,0,0,0,0,0,0,0,0,0,0,0,0,0,0,0,0,0,0,0,0,0,1,0,0,0,0,0,0,0,0,0,-0.334546581633417,0.45,0.6395348837209303
2024,5,ocon,13,11,Finished,0.0,56,ocon_2024_5,0,finished,classificado,False,0,0,0,0,UNKNOWN,0,0,0,0,0,0,0,0,0,0,0,1,0,0,0,0,0,0,0,0,0,0,0,0,0,0,0,0,0,0,0,0,0,0,0,0,0,0,0,1,0,0,0,0,0,0,0,0,0,0,0,0,0,-0.334546581633417,0.65,0.6395348837209303
2024,5,albon,14,12,Finished,0.0,56,albon_2024_5,0,finished,classificado,False,0,0,0,0,UNKNOWN,0,0,0,0,0,0,0,0,0,0,0,1,0,0,0,0,0,0,0,0,0,0,0,0,0,0,0,0,0,0,0,0,0,0,0,0,0,0,0,0,0,0,0,0,0,0,0,0,0,0,0,0,1,-0.334546581633417,0.7000000000000001,0.6395348837209303
2024,5,gasly,15,13,Finished,0.0,56,gasly_2024_5,0,finished,classificado,False,0,0,0,0,UNKNOWN,0,0,0,0,0,0,0,0,0,0,0,1,0,0,0,0,0,0,0,0,0,0,0,0,0,0,0,0,0,0,0,0,0,0,0,0,0,0,0,1,0,0,0,0,0,0,0,0,0,0,0,0,0,-0.334546581633417,0.75,0.6395348837209303
2024,5,zhou,16,14,Finished,0.0,56,zhou_2024_5,0,finished,classificado,False,0,0,0,0,UNKNOWN,0,0,0,0,0,0,0,0,0,0,0,1,0,0,0,0,0,0,0,0,0,0,0,0,0,0,0,0,0,0,0,0,0,0,0,0,0,0,0,0,0,0,0,0,0,0,0,0,0,0,1,0,0,-0.334546581633417,0.8,0.6395348837209303
2024,5,stroll,11,15,Finished,0.0,56,stroll_2024_5,0,finished,classificado,False,0,0,0,0,UNKNOWN,0,0,0,0,0,0,0,0,0,0,0,1,0,0,0,0,0,0,0,0,0,0,0,0,0,0,0,0,0,0,0,0,0,0,0,0,0,0,0,0,1,0,0,0,0,0,0,0,0,0,0,0,0,-0.334546581633417,0.55,0.6395348837209303
2024,5,kevin_magnussen,17,16,Finished,0.0,56,kevin_magnussen_2024_5,0,finished,classificado,False,0,0,0,0,UNKNOWN,0,0,0,0,0,0,0,0,0,0,0,1,0,0,0,0,0,0,0,0,0,0,0,0,0,0,0,0,0,0,0,0,0,0,0,0,0,0,0,0,0,0,0,1,0,0,0,0,0,0,0,0,0,-0.334546581633417,0.8500000000000001,0.6395348837209303
2024,5,sargeant,20,17,Finished,0.0,56,sargeant_2024_5,0,finished,classificado,False,0,0,0,0,UNKNOWN,0,0,0,0,0,0,0,0,0,0,0,1,0,0,0,0,0,0,0,0,0,0,0,0,0,0,0,0,0,0,0,0,0,0,0,0,0,0,0,0,0,0,0,0,0,0,0,0,0,0,0,0,1,-0.334546581633417,1.0,0.6395348837209303
2024,6,norris,5,1,Finished,25.0,57,norris_2024_6,0,finished,classificado,False,0,0,0,0,UNKNOWN,0,0,0,0,0,0,0,0,0,0,0,0,0,0,0,0,0,0,0,0,0,0,0,1,0,0,0,0,0,0,0,0,0,0,0,0,0,0,0,0,0,0,0,0,1,0,0,0,0,0,0,0,0,-0.23942485446852518,0.25,0.6511627906976744
2024,6,max_verstappen,1,2,Finished,18.0,57,max_verstappen_2024_6,0,finished,classificado,False,0,0,0,0,UNKNOWN,0,0,0,0,0,0,0,0,0,0,0,0,0,0,0,0,0,0,0,0,0,0,0,1,0,0,0,0,0,0,0,0,0,0,0,0,0,0,0,0,0,0,0,0,0,0,0,0,1,0,0,0,0,-0.23942485446852518,0.05,0.6511627906976744
2024,6,leclerc,2,3,Finished,15.0,57,leclerc_2024_6,0,finished,classificado,False,0,0,0,0,UNKNOWN,0,0,0,0,0,0,0,0,0,0,0,0,0,0,0,0,0,0,0,0,0,0,0,1,0,0,0,0,0,0,0,0,0,0,0,0,0,0,0,0,0,1,0,0,0,0,0,0,0,0,0,0,0,-0.23942485446852518,0.1,0.6511627906976744
2024,6,perez,4,4,Finished,12.0,57,perez_2024_6,0,finished,classificado,False,0,0,0,0,UNKNOWN,0,0,0,0,0,0,0,0,0,0,0,0,0,0,0,0,0,0,0,0,0,0,0,1,0,0,0,0,0,0,0,0,0,0,0,0,0,0,0,0,0,0,0,0,0,0,0,0,1,0,0,0,0,-0.23942485446852518,0.2,0.6511627906976744
2024,6,sainz,3,5,Finished,10.0,57,sainz_2024_6,0,finished,classificado,False,0,0,0,0,UNKNOWN,0,0,0,0,0,0,0,0,0,0,0,0,0,0,0,0,0,0,0,0,0,0,0,1,0,0,0,0,0,0,0,0,0,0,0,0,0,0,0,0,0,1,0,0,0,0,0,0,0,0,0,0,0,-0.23942485446852518,0.15000000000000002,0.6511627906976744
2024,6,hamilton,8,6,Finished,8.0,57,hamilton_2024_6,0,finished,classificado,False,0,0,0,0,UNKNOWN,0,0,0,0,0,0,0,0,0,0,0,0,0,0,0,0,0,0,0,0,0,0,0,1,0,0,0,0,0,0,0,0,0,0,0,0,0,0,0,0,0,0,0,0,0,1,0,0,0,0,0,0,0,-0.23942485446852518,0.4,0.6511627906976744
2024,6,tsunoda,10,7,Finished,6.0,57,tsunoda_2024_6,0,finished,classificado,False,0,0,0,0,UNKNOWN,0,0,0,0,0,0,0,0,0,0,0,0,0,0,0,0,0,0,0,0,0,0,0,1,0,0,0,0,0,0,0,0,0,0,0,0,0,0,0,0,0,0,0,0,0,0,0,1,0,0,0,0,0,-0.23942485446852518,0.5,0.6511627906976744
2024,6,russell,7,8,Finished,4.0,57,russell_2024_6,0,finished,classificado,False,0,0,0,0,UNKNOWN,0,0,0,0,0,0,0,0,0,0,0,0,0,0,0,0,0,0,0,0,0,0,0,1,0,0,0,0,0,0,0,0,0,0,0,0,0,0,0,0,0,0,0,0,0,1,0,0,0,0,0,0,0,-0.23942485446852518,0.35000000000000003,0.6511627906976744
2024,6,alonso,15,9,Finished,2.0,57,alonso_2024_6,0,finished,classificado,False,0,0,0,0,UNKNOWN,0,0,0,0,0,0,0,0,0,0,0,0,0,0,0,0,0,0,0,0,0,0,0,1,0,0,0,0,0,0,0,0,0,0,0,0,0,0,0,0,1,0,0,0,0,0,0,0,0,0,0,0,0,-0.23942485446852518,0.75,0.6511627906976744
2024,6,ocon,13,10,Finished,1.0,57,ocon_2024_6,0,finished,classificado,False,0,0,0,0,UNKNOWN,0,0,0,0,0,0,0,0,0,0,0,0,0,0,0,0,0,0,0,0,0,0,0,1,0,0,0,0,0,0,0,0,0,0,0,0,0,0,0,1,0,0,0,0,0,0,0,0,0,0,0,0,0,-0.23942485446852518,0.65,0.6511627906976744
2024,6,hulkenberg,9,11,Finished,0.0,57,hulkenberg_2024_6,0,finished,classificado,False,0,0,0,0,UNKNOWN,0,0,0,0,0,0,0,0,0,0,0,0,0,0,0,0,0,0,0,0,0,0,0,1,0,0,0,0,0,0,0,0,0,0,0,0,0,0,0,0,0,0,0,1,0,0,0,0,0,0,0,0,0,-0.23942485446852518,0.45,0.6511627906976744
2024,6,gasly,12,12,Finished,0.0,57,gasly_2024_6,0,finished,classificado,False,0,0,0,0,UNKNOWN,0,0,0,0,0,0,0,0,0,0,0,0,0,0,0,0,0,0,0,0,0,0,0,1,0,0,0,0,0,0,0,0,0,0,0,0,0,0,0,1,0,0,0,0,0,0,0,0,0,0,0,0,0,-0.23942485446852518,0.6000000000000001,0.6511627906976744
2024,6,piastri,6,13,Finished,0.0,57,piastri_2024_6,0,finished,classificado,False,0,0,0,0,UNKNOWN,0,0,0,0,0,0,0,0,0,0,0,0,0,0,0,0,0,0,0,0,0,0,0,1,0,0,0,0,0,0,0,0,0,0,0,0,0,0,0,0,0,0,0,0,1,0,0,0,0,0,0,0,0,-0.23942485446852518,0.30000000000000004,0.6511627906976744
2024,6,zhou,19,14,Finished,0.0,57,zhou_2024_6,0,finished,classificado,False,0,0,0,0,UNKNOWN,0,0,0,0,0,0,0,0,0,0,0,0,0,0,0,0,0,0,0,0,0,0,0,1,0,0,0,0,0,0,0,0,0,0,0,0,0,0,0,0,0,0,0,0,0,0,0,0,0,0,1,0,0,-0.23942485446852518,0.9500000000000001,0.6511627906976744
2024,6,ricciardo,20,15,Finished,0.0,57,ricciardo_2024_6,0,finished,classificado,False,0,0,0,0,UNKNOWN,0,0,0,0,0,0,0,0,0,0,0,0,0,0,0,0,0,0,0,0,0,0,0,1,0,0,0,0,0,0,0,0,0,0,0,0,0,0,0,0,0,0,0,0,0,0,0,1,0,0,0,0,0,-0.23942485446852518,1.0,0.6511627906976744
2024,6,bottas,16,16,Finished,0.0,57,bottas_2024_6,0,finished,classificado,False,0,0,0,0,UNKNOWN,0,0,0,0,0,0,0,0,0,0,0,0,0,0,0,0,0,0,0,0,0,0,0,1,0,0,0,0,0,0,0,0,0,0,0,0,0,0,0,0,0,0,0,0,0,0,0,0,0,0,1,0,0,-0.23942485446852518,0.8,0.6511627906976744
2024,6,stroll,11,17,Finished,0.0,57,stroll_2024_6,0,finished,classificado,False,0,0,0,0,UNKNOWN,0,0,0,0,0,0,0,0,0,0,0,0,0,0,0,0,0,0,0,0,0,0,0,1,0,0,0,0,0,0,0,0,0,0,0,0,0,0,0,0,1,0,0,0,0,0,0,0,0,0,0,0,0,-0.23942485446852518,0.55,0.6511627906976744
2024,6,albon,14,18,Finished,0.0,57,albon_2024_6,0,finished,classificado,False,0,0,0,0,UNKNOWN,0,0,0,0,0,0,0,0,0,0,0,0,0,0,0,0,0,0,0,0,0,0,0,1,0,0,0,0,0,0,0,0,0,0,0,0,0,0,0,0,0,0,0,0,0,0,0,0,0,0,0,0,1,-0.23942485446852518,0.7000000000000001,0.6511627906976744
2024,6,kevin_magnussen,18,19,Finished,0.0,57,kevin_magnussen_2024_6,0,finished,classificado,False,0,0,0,0,UNKNOWN,0,0,0,0,0,0,0,0,0,0,0,0,0,0,0,0,0,0,0,0,0,0,0,1,0,0,0,0,0,0,0,0,0,0,0,0,0,0,0,0,0,0,0,1,0,0,0,0,0,0,0,0,0,-0.23942485446852518,0.9,0.6511627906976744
2024,7,max_verstappen,1,1,Finished,25.0,63,max_verstappen_2024_7,0,finished,classificado,False,0,0,0,0,UNKNOWN,0,0,0,0,0,0,0,0,0,0,0,0,0,0,1,0,0,0,0,0,0,0,0,0,0,0,0,0,0,0,0,0,0,0,0,0,0,0,0,0,0,0,0,0,0,0,0,0,1,0,0,0,0,0.3313055085208257,0.05,0.7209302325581395
2024,7,norris,2,2,Finished,18.0,63,norris_2024_7,0,finished,classificado,False,0,0,0,0,UNKNOWN,0,0,0,0,0,0,0,0,0,0,0,0,0,0,1,0,0,0,0,0,0,0,0,0,0,0,0,0,0,0,0,0,0,0,0,0,0,0,0,0,0,0,0,0,1,0,0,0,0,0,0,0,0,0.3313055085208257,0.1,0.7209302325581395
2024,7,leclerc,3,3,Finished,15.0,63,leclerc_2024_7,0,finished,classificado,False,0,0,0,0,UNKNOWN,0,0,0,0,0,0,0,0,0,0,0,0,0,0,1,0,0,0,0,0,0,0,0,0,0,0,0,0,0,0,0,0,0,0,0,0,0,0,0,0,0,1,0,0,0,0,0,0,0,0,0,0,0,0.3313055085208257,0.15000000000000002,0.7209302325581395
2024,7,piastri,5,4,Finished,12.0,63,piastri_2024_7,0,finished,classificado,False,0,0,0,0,UNKNOWN,0,0,0,0,0,0,0,0,0,0,0,0,0,0,1,0,0,0,0,0,0,0,0,0,0,0,0,0,0,0,0,0,0,0,0,0,0,0,0,0,0,0,0,0,1,0,0,0,0,0,0,0,0,0.3313055085208257,0.25,0.7209302325581395
2024,7,sainz,4,5,Finished,10.0,63,sainz_2024_7,0,finished,classificado,False,0,0,0,0,UNKNOWN,0,0,0,0,0,0,0,0,0,0,0,0,0,0,1,0,0,0,0,0,0,0,0,0,0,0,0,0,0,0,0,0,0,0,0,0,0,0,0,0,0,1,0,0,0,0,0,0,0,0,0,0,0,0.3313055085208257,0.2,0.7209302325581395
2024,7,hamilton,8,6,Finished,8.0,63,hamilton_2024_7,0,finished,classificado,False,0,0,0,0,UNKNOWN,0,0,0,0,0,0,0,0,0,0,0,0,0,0,1,0,0,0,0,0,0,0,0,0,0,0,0,0,0,0,0,0,0,0,0,0,0,0,0,0,0,0,0,0,0,1,0,0,0,0,0,0,0,0.3313055085208257,0.4,0.7209302325581395
2024,7,russell,6,7,Finished,7.0,63,russell_2024_7,0,finished,classificado,False,0,0,0,0,UNKNOWN,0,0,0,0,0,0,0,0,0,0,0,0,0,0,1,0,0,0,0,0,0,0,0,0,0,0,0,0,0,0,0,0,0,0,0,0,0,0,0,0,0,0,0,0,0,1,0,0,0,0,0,0,0,0.3313055085208257,0.30000000000000004,0.7209302325581395
2024,7,perez,11,8,Finished,4.0,63,perez_2024_7,0,finished,classificado,False,0,0,0,0,UNKNOWN,0,0,0,0,0,0,0,0,0,0,0,0,0,0,1,0,0,0,0,0,0,0,0,0,0,0,0,0,0,0,0,0,0,0,0,0,0,0,0,0,0,0,0,0,0,0,0,0,1,0,0,0,0,0.3313055085208257,0.55,0.7209302325581395
2024,7,stroll,13,9,Finished,2.0,63,stroll_2024_7,0,finished,classificado,False,0,0,0,0,UNKNOWN,0,0,0,0,0,0,0,0,0,0,0,0,0,0,1,0,0,0,0,0,0,0,0,0,0,0,0,0,0,0,0,0,0,0,0,0,0,0,0,0,1,0,0,0,0,0,0,0,0,0,0,0,0,0.3313055085208257,0.65,0.7209302325581395
2024,7,tsunoda,7,10,Lapped,1.0,62,tsunoda_2024_7,0,lapped,classificado,False,0,0,0,0,UNKNOWN,0,0,0,0,0,0,0,0,0,0,0,0,0,0,1,0,0,0,0,0,0,0,0,0,0,0,0,0,0,0,0,0,0,0,0,0,0,0,0,0,0,0,0,0,0,0,0,1,0,0,0,0,0,0.23618378135593388,0.35000000000000003,0.7093023255813953
2024,7,hulkenberg,10,11,Lapped,0.0,62,hulkenberg_2024_7,0,lapped,classificado,False,0,0,0,0,UNKNOWN,0,0,0,0,0,0,0,0,0,0,0,0,0,0,1,0,0,0,0,0,0,0,0,0,0,0,0,0,0,0,0,0,0,0,0,0,0,0,0,0,0,0,0,1,0,0,0,0,0,0,0,0,0,0.23618378135593388,0.5,0.7093023255813953
2024,7,kevin_magnussen,18,12,Lapped,0.0,62,kevin_magnussen_2024_7,0,lapped,classificado,False,0,0,0,0,UNKNOWN,0,0,0,0,0,0,0,0,0,0,0,0,0,0,1,0,0,0,0,0,0,0,0,0,0,0,0,0,0,0,0,0,0,0,0,0,0,0,0,0,0,0,0,1,0,0,0,0,0,0,0,0,0,0.23618378135593388,0.9,0.7093023255813953
2024,7,ricciardo,9,13,Lapped,0.0,62,ricciardo_2024_7,0,lapped,classificado,False,0,0,0,0,UNKNOWN,0,0,0,0,0,0,0,0,0,0,0,0,0,0,1,0,0,0,0,0,0,0,0,0,0,0,0,0,0,0,0,0,0,0,0,0,0,0,0,0,0,0,0,0,0,0,0,1,0,0,0,0,0,0.23618378135593388,0.45,0.7093023255813953
2024,7,ocon,12,14,Lapped,0.0,62,ocon_2024_7,0,lapped,classificado,False,0,0,0,0,UNKNOWN,0,0,0,0,0,0,0,0,0,0,0,0,0,0,1,0,0,0,0,0,0,0,0,0,0,0,0,0,0,0,0,0,0,0,0,0,0,0,0,1,0,0,0,0,0,0,0,0,0,0,0,0,0,0.23618378135593388,0.6000000000000001,0.7093023255813953
2024,7,zhou,17,15,Lapped,0.0,62,zhou_2024_7,0,lapped,classificado,False,0,0,0,0,UNKNOWN,0,0,0,0,0,0,0,0,0,0,0,0,0,0,1,0,0,0,0,0,0,0,0,0,0,0,0,0,0,0,0,0,0,0,0,0,0,0,0,0,0,0,0,0,0,0,0,0,0,0,1,0,0,0.23618378135593388,0.8500000000000001,0.7093023255813953
2024,7,gasly,15,16,Lapped,0.0,62,gasly_2024_7,0,lapped,classificado,False,0,0,0,0,UNKNOWN,0,0,0,0,0,0,0,0,0,0,0,0,0,0,1,0,0,0,0,0,0,0,0,0,0,0,0,0,0,0,0,0,0,0,0,0,0,0,0,1,0,0,0,0,0,0,0,0,0,0,0,0,0,0.23618378135593388,0.75,0.7093023255813953
2024,7,sargeant,19,17,Lapped,0.0,62,sargeant_2024_7,0,lapped,classificado,False,0,0,0,0,UNKNOWN,0,0,0,0,0,0,0,0,0,0,0,0,0,0,1,0,0,0,0,0,0,0,0,0,0,0,0,0,0,0,0,0,0,0,0,0,0,0,0,0,0,0,0,0,0,0,0,0,0,0,0,0,1,0.23618378135593388,0.9500000000000001,0.7093023255813953
2024,7,bottas,16,18,Lapped,0.0,62,bottas_2024_7,0,lapped,classificado,False,0,0,0,0,UNKNOWN,0,0,0,0,0,0,0,0,0,0,0,0,0,0,1,0,0,0,0,0,0,0,0,0,0,0,0,0,0,0,0,0,0,0,0,0,0,0,0,0,0,0,0,0,0,0,0,0,0,0,1,0,0,0.23618378135593388,0.8,0.7093023255813953
2024,7,alonso,20,19,Lapped,0.0,62,alonso_2024_7,0,lapped,classificado,False,0,0,0,0,UNKNOWN,0,0,0,0,0,0,0,0,0,0,0,0,0,0,1,0,0,0,0,0,0,0,0,0,0,0,0,0,0,0,0,0,0,0,0,0,0,0,0,0,1,0,0,0,0,0,0,0,0,0,0,0,0,0.23618378135593388,1.0,0.7093023255813953
2024,8,leclerc,1,1,Finished,25.0,78,leclerc_2024_8,0,finished,classificado,False,0,0,0,0,UNKNOWN,0,0,0,0,0,0,0,0,0,0,0,0,0,0,0,0,0,0,0,0,0,0,0,0,1,0,0,0,0,0,0,0,0,0,0,0,0,0,0,0,0,1,0,0,0,0,0,0,0,0,0,0,0,1.758131415994203,0.05,0.8953488372093023
2024,8,piastri,2,2,Finished,18.0,78,piastri_2024_8,0,finished,classificado,False,0,0,0,0,UNKNOWN,0,0,0,0,0,0,0,0,0,0,0,0,0,0,0,0,0,0,0,0,0,0,0,0,1,0,0,0,0,0,0,0,0,0,0,0,0,0,0,0,0,0,0,0,1,0,0,0,0,0,0,0,0,1.758131415994203,0.1,0.8953488372093023
2024,8,sainz,3,3,Finished,15.0,78,sainz_2024_8,0,finished,classificado,False,0,0,0,0,UNKNOWN,0,0,0,0,0,0,0,0,0,0,0,0,0,0,0,0,0,0,0,0,0,0,0,0,1,0,0,0,0,0,0,0,0,0,0,0,0,0,0,0,0,1,0,0,0,0,0,0,0,0,0,0,0,1.758131415994203,0.15000000000000002,0.8953488372093023
2024,8,norris,4,4,Finished,12.0,78,norris_2024_8,0,finished,classificado,False,0,0,0,0,UNKNOWN,0,0,0,0,0,0,0,0,0,0,0,0,0,0,0,0,0,0,0,0,0,0,0,0,1,0,0,0,0,0,0,0,0,0,0,0,0,0,0,0,0,0,0,0,1,0,0,0,0,0,0,0,0,1.758131415994203,0.2,0.8953488372093023
2024,8,russell,5,5,Finished,10.0,78,russell_2024_8,0,finished,classificado,False,0,0,0,0,UNKNOWN,0,0,0,0,0,0,0,0,0,0,0,0,0,0,0,0,0,0,0,0,0,0,0,0,1,0,0,0,0,0,0,0,0,0,0,0,0,0,0,0,0,0,0,0,0,1,0,0,0,0,0,0,0,1.758131415994203,0.25,0.8953488372093023
2024,8,max_verstappen,6,6,Finished,8.0,78,max_verstappen_2024_8,0,finished,classificado,False,0,0,0,0,UNKNOWN,0,0,0,0,0,0,0,0,0,0,0,0,0,0,0,0,0,0,0,0,0,0,0,0,1,0,0,0,0,0,0,0,0,0,0,0,0,0,0,0,0,0,0,0,0,0,0,0,1,0,0,0,0,1.758131415994203,0.30000000000000004,0.8953488372093023
2024,8,hamilton,7,7,Finished,7.0,78,hamilton_2024_8,0,finished,classificado,False,0,0,0,0,UNKNOWN,0,0,0,0,0,0,0,0,0,0,0,0,0,0,0,0,0,0,0,0,0,0,0,0,1,0,0,0,0,0,0,0,0,0,0,0,0,0,0,0,0,0,0,0,0,1,0,0,0,0,0,0,0,1.758131415994203,0.35000000000000003,0.8953488372093023
2024,8,tsunoda,8,8,Lapped,4.0,77,tsunoda_2024_8,0,lapped,classificado,False,0,0,0,0,UNKNOWN,0,0,0,0,0,0,0,0,0,0,0,0,0,0,0,0,0,0,0,0,0,0,0,0,1,0,0,0,0,0,0,0,0,0,0,0,0,0,0,0,0,0,0,0,0,0,0,1,0,0,0,0,0,1.663009688829311,0.4,0.8837209302325582
2024,8,albon,9,9,Lapped,2.0,77,albon_2024_8,0,lapped,classificado,False,0,0,0,0,UNKNOWN,0,0,0,0,0,0,0,0,0,0,0,0,0,0,0,0,0,0,0,0,0,0,0,0,1,0,0,0,0,0,0,0,0,0,0,0,0,0,0,0,0,0,0,0,0,0,0,0,0,0,0,0,1,1.663009688829311,0.45,0.8837209302325582
2024,8,gasly,10,10,Lapped,1.0,77,gasly_2024_8,0,lapped,classificado,False,0,0,0,0,UNKNOWN,0,0,0,0,0,0,0,0,0,0,0,0,0,0,0,0,0,0,0,0,0,0,0,0,1,0,0,0,0,0,0,0,0,0,0,0,0,0,0,1,0,0,0,0,0,0,0,0,0,0,0,0,0,1.663009688829311,0.5,0.8837209302325582
2024,8,alonso,14,11,Lapped,0.0,76,alonso_2024_8,0,lapped,classificado,False,0,0,0,0,UNKNOWN,0,0,0,0,0,0,0,0,0,0,0,0,0,0,0,0,0,0,0,0,0,0,0,0,1,0,0,0,0,0,0,0,0,0,0,0,0,0,0,0,1,0,0,0,0,0,0,0,0,0,0,0,0,1.5678879616644192,0.7000000000000001,0.872093023255814
2024,8,ricciardo,12,12,Lapped,0.0,76,ricciardo_2024_8,0,lapped,classificado,False,0,0,0,0,UNKNOWN,0,0,0,0,0,0,0,0,0,0,0,0,0,0,0,0,0,0,0,0,0,0,0,0,1,0,0,0,0,0,0,0,0,0,0,0,0,0,0,0,0,0,0,0,0,0,0,1,0,0,0,0,0,1.5678879616644192,0.6000000000000001,0.872093023255814
2024,8,bottas,17,13,Lapped,0.0,76,bottas_2024_8,0,lapped,classificado,False,0,0,0,0,UNKNOWN,0,0,0,0,0,0,0,0,0,0,0,0,0,0,0,0,0,0,0,0,0,0,0,0,1,0,0,0,0,0,0,0,0,0,0,0,0,0,0,0,0,0,0,0,0,0,0,0,0,0,1,0,0,1.5678879616644192,0.8500000000000001,0.872093023255814
2024,8,stroll,13,14,Lapped,0.0,76,stroll_2024_8,0,lapped,classificado,False,0,0,0,0,UNKNOWN,0,0,0,0,0,0,0,0,0,0,0,0,0,0,0,0,0,0,0,0,0,0,0,0,1,0,0,0,0,0,0,0,0,0,0,0,0,0,0,0,1,0,0,0,0,0,0,0,0,0,0,0,0,1.5678879616644192,0.65,0.872093023255814
2024,8,sargeant,15,15,Lapped,0.0,76,sargeant_2024_8,0,lapped,classificado,False,0,0,0,0,UNKNOWN,0,0,0,0,0,0,0,0,0,0,0,0,0,0,0,0,0,0,0,0,0,0,0,0,1,0,0,0,0,0,0,0,0,0,0,0,0,0,0,0,0,0,0,0,0,0,0,0,0,0,0,0,1,1.5678879616644192,0.75,0.872093023255814
2024,8,zhou,18,16,Lapped,0.0,76,zhou_2024_8,0,lapped,classificado,False,0,0,0,0,UNKNOWN,0,0,0,0,0,0,0,0,0,0,0,0,0,0,0,0,0,0,0,0,0,0,0,0,1,0,0,0,0,0,0,0,0,0,0,0,0,0,0,0,0,0,0,0,0,0,0,0,0,0,1,0,0,1.5678879616644192,0.9,0.872093023255814
2024,9,max_verstappen,2,1,Finished,25.0,70,max_verstappen_2024_9,0,finished,classificado,False,0,0,0,0,UNKNOWN,0,0,0,0,0,0,0,0,0,0,1,0,0,0,0,0,0,0,0,0,0,0,0,0,0,0,0,0,0,0,0,0,0,0,0,0,0,0,0,0,0,0,0,0,0,0,0,0,1,0,0,0,0,0.9971575986750684,0.1,0.8023255813953488
2024,9,norris,3,2,Finished,18.0,70,norris_2024_9,0,finished,classificado,False,0,0,0,0,UNKNOWN,0,0,0,0,0,0,0,0,0,0,1,0,0,0,0,0,0,0,0,0,0,0,0,0,0,0,0,0,0,0,0,0,0,0,0,0,0,0,0,0,0,0,0,0,1,0,0,0,0,0,0,0,0,0.9971575986750684,0.15000000000000002,0.8023255813953488
2024,9,russell,1,3,Finished,15.0,70,russell_2024_9,0,finished,classificado,False,0,0,0,0,UNKNOWN,0,0,0,0,0,0,0,0,0,0,1,0,0,0,0,0,0,0,0,0,0,0,0,0,0,0,0,0,0,0,0,0,0,0,0,0,0,0,0,0,0,0,0,0,0,1,0,0,0,0,0,0,0,0.9971575986750684,0.05,0.8023255813953488
2024,9,hamilton,7,4,Finished,13.0,70,hamilton_2024_9,0,finished,classificado,False,0,0,0,0,UNKNOWN,0,0,0,0,0,0,0,0,0,0,1,0,0,0,0,0,0,0,0,0,0,0,0,0,0,0,0,0,0,0,0,0,0,0,0,0,0,0,0,0,0,0,0,0,0,1,0,0,0,0,0,0,0,0.9971575986750684,0.35000000000000003,0.8023255813953488
2024,9,piastri,4,5,Finished,10.0,70,piastri_2024_9,0,finished,classificado,False,0,0,0,0,UNKNOWN,0,0,0,0,0,0,0,0,0,0,1,0,0,0,0,0,0,0,0,0,0,0,0,0,0,0,0,0,0,0,0,0,0,0,0,0,0,0,0,0,0,0,0,0,1,0,0,0,0,0,0,0,0,0.9971575986750684,0.2,0.8023255813953488
2024,9,alonso,6,6,Finished,8.0,70,alonso_2024_9,0,finished,classificado,False,0,0,0,0,UNKNOWN,0,0,0,0,0,0,0,0,0,0,1,0,0,0,0,0,0,0,0,0,0,0,0,0,0,0,0,0,0,0,0,0,0,0,0,0,0,0,0,0,1,0,0,0,0,0,0,0,0,0,0,0,0,0.9971575986750684,0.30000000000000004,0.8023255813953488
2024,9,stroll,9,7,Finished,6.0,70,stroll_2024_9,0,finished,classificado,False,0,0,0,0,UNKNOWN,0,0,0,0,0,0,0,0,0,0,1,0,0,0,0,0,0,0,0,0,0,0,0,0,0,0,0,0,0,0,0,0,0,0,0,0,0,0,0,0,1,0,0,0,0,0,0,0,0,0,0,0,0,0.9971575986750684,0.45,0.8023255813953488
2024,9,ricciardo,5,8,Finished,4.0,70,ricciardo_2024_9,0,finished,classificado,False,0,0,0,0,UNKNOWN,0,0,0,0,0,0,0,0,0,0,1,0,0,0,0,0,0,0,0,0,0,0,0,0,0,0,0,0,0,0,0,0,0,0,0,0,0,0,0,0,0,0,0,0,0,0,0,1,0,0,0,0,0,0.9971575986750684,0.25,0.8023255813953488
2024,9,gasly,15,9,Finished,2.0,70,gasly_2024_9,0,finished,classificado,False,0,0,0,0,UNKNOWN,0,0,0,0,0,0,0,0,0,0,1,0,0,0,0,0,0,0,0,0,0,0,0,0,0,0,0,0,0,0,0,0,0,0,0,0,0,0,0,1,0,0,0,0,0,0,0,0,0,0,0,0,0,0.9971575986750684,0.75,0.8023255813953488
2024,9,ocon,18,10,Finished,1.0,70,ocon_2024_9,0,finished,classificado,False,0,0,0,0,UNKNOWN,0,0,0,0,0,0,0,0,0,0,1,0,0,0,0,0,0,0,0,0,0,0,0,0,0,0,0,0,0,0,0,0,0,0,0,0,0,0,0,1,0,0,0,0,0,0,0,0,0,0,0,0,0,0.9971575986750684,0.9,0.8023255813953488
2024,9,hulkenberg,17,11,Finished,0.0,70,hulkenberg_2024_9,0,finished,classificado,False,0,0,0,0,UNKNOWN,0,0,0,0,0,0,0,0,0,0,1,0,0,0,0,0,0,0,0,0,0,0,0,0,0,0,0,0,0,0,0,0,0,0,0,0,0,0,0,0,0,0,0,1,0,0,0,0,0,0,0,0,0,0.9971575986750684,0.8500000000000001,0.8023255813953488
2024,9,kevin_magnussen,14,12,Finished,0.0,70,kevin_magnussen_2024_9,0,finished,classificado,False,0,0,0,0,UNKNOWN,0,0,0,0,0,0,0,0,0,0,1,0,0,0,0,0,0,0,0,0,0,0,0,0,0,0,0,0,0,0,0,0,0,0,0,0,0,0,0,0,0,0,0,1,0,0,0,0,0,0,0,0,0,0.9971575986750684,0.7000000000000001,0.8023255813953488
2024,9,bottas,19,13,Finished,0.0,70,bottas_2024_9,0,finished,classificado,False,0,0,0,0,UNKNOWN,0,0,0,0,0,0,0,0,0,0,1,0,0,0,0,0,0,0,0,0,0,0,0,0,0,0,0,0,0,0,0,0,0,0,0,0,0,0,0,0,0,0,0,0,0,0,0,0,0,0,1,0,0,0.9971575986750684,0.9500000000000001,0.8023255813953488
2024,9,tsunoda,8,14,Finished,0.0,70,tsunoda_2024_9,0,finished,classificado,False,0,0,0,0,UNKNOWN,0,0,0,0,0,0,0,0,0,0,1,0,0,0,0,0,0,0,0,0,0,0,0,0,0,0,0,0,0,0,0,0,0,0,0,0,0,0,0,0,0,0,0,0,0,0,0,1,0,0,0,0,0,0.9971575986750684,0.4,0.8023255813953488
2024,9,zhou,20,15,Lapped,0.0,69,zhou_2024_9,0,lapped,classificado,False,0,0,0,0,UNKNOWN,0,0,0,0,0,0,0,0,0,0,1,0,0,0,0,0,0,0,0,0,0,0,0,0,0,0,0,0,0,0,0,0,0,0,0,0,0,0,0,0,0,0,0,0,0,0,0,0,0,0,1,0,0,0.9020358715101766,1.0,0.7906976744186046
2024,10,max_verstappen,2,1,Finished,25.0,66,max_verstappen_2024_10,0,finished,classificado,False,0,0,0,0,UNKNOWN,0,0,0,0,0,0,0,0,0,0,0,0,0,0,0,0,0,0,0,0,0,0,0,0,0,0,0,0,0,0,0,1,0,0,0,0,0,0,0,0,0,0,0,0,0,0,0,0,1,0,0,0,0,0.6166706900155011,0.1,0.7558139534883721
2024,10,norris,1,2,Finished,19.0,66,norris_2024_10,0,finished,classificado,False,0,0,0,0,UNKNOWN,0,0,0,0,0,0,0,0,0,0,0,0,0,0,0,0,0,0,0,0,0,0,0,0,0,0,0,0,0,0,0,1,0,0,0,0,0,0,0,0,0,0,0,0,1,0,0,0,0,0,0,0,0,0.6166706900155011,0.05,0.7558139534883721
2024,10,hamilton,3,3,Finished,15.0,66,hamilton_2024_10,0,finished,classificado,False,0,0,0,0,UNKNOWN,0,0,0,0,0,0,0,0,0,0,0,0,0,0,0,0,0,0,0,0,0,0,0,0,0,0,0,0,0,0,0,1,0,0,0,0,0,0,0,0,0,0,0,0,0,1,0,0,0,0,0,0,0,0.6166706900155011,0.15000000000000002,0.7558139534883721
2024,10,russell,4,4,Finished,12.0,66,russell_2024_10,0,finished,classificado,False,0,0,0,0,UNKNOWN,0,0,0,0,0,0,0,0,0,0,0,0,0,0,0,0,0,0,0,0,0,0,0,0,0,0,0,0,0,0,0,1,0,0,0,0,0,0,0,0,0,0,0,0,0,1,0,0,0,0,0,0,0,0.6166706900155011,0.2,0.7558139534883721
2024,10,leclerc,5,5,Finished,10.0,66,leclerc_2024_10,0,finished,classificado,False,0,0,0,0,UNKNOWN,0,0,0,0,0,0,0,0,0,0,0,0,0,0,0,0,0,0,0,0,0,0,0,0,0,0,0,0,0,0,0,1,0,0,0,0,0,0,0,0,0,1,0,0,0,0,0,0,0,0,0,0,0,0.6166706900155011,0.25,0.7558139534883721
2024,10,sainz,6,6,Finished,8.0,66,sainz_2024_10,0,finished,classificado,False,0,0,0,0,UNKNOWN,0,0,0,0,0,0,0,0,0,0,0,0,0,0,0,0,0,0,0,0,0,0,0,0,0,0,0,0,0,0,0,1,0,0,0,0,0,0,0,0,0,1,0,0,0,0,0,0,0,0,0,0,0,0.6166706900155011,0.30000000000000004,0.7558139534883721
2024,10,piastri,9,7,Finished,6.0,66,piastri_2024_10,0,finished,classificado,False,0,0,0,0,UNKNOWN,0,0,0,0,0,0,0,0,0,0,0,0,0,0,0,0,0,0,0,0,0,0,0,0,0,0,0,0,0,0,0,1,0,0,0,0,0,0,0,0,0,0,0,0,1,0,0,0,0,0,0,0,0,0.6166706900155011,0.45,0.7558139534883721
2024,10,perez,11,8,Finished,4.0,66,perez_2024_10,0,finished,classificado,False,0,0,0,0,UNKNOWN,0,0,0,0,0,0,0,0,0,0,0,0,0,0,0,0,0,0,0,0,0,0,0,0,0,0,0,0,0,0,0,1,0,0,0,0,0,0,0,0,0,0,0,0,0,0,0,0,1,0,0,0,0,0.6166706900155011,0.55,0.7558139534883721
2024,10,gasly,7,9,Finished,2.0,66,gasly_2024_10,0,finished,classificado,False,0,0,0,0,UNKNOWN,0,0,0,0,0,0,0,0,0,0,0,0,0,0,0,0,0,0,0,0,0,0,0,0,0,0,0,0,0,0,0,1,0,0,0,0,0,0,0,1,0,0,0,0,0,0,0,0,0,0,0,0,0,0.6166706900155011,0.35000000000000003,0.7558139534883721
2024,10,ocon,8,10,Finished,1.0,66,ocon_2024_10,0,finished,classificado,False,0,0,0,0,UNKNOWN,0,0,0,0,0,0,0,0,0,0,0,0,0,0,0,0,0,0,0,0,0,0,0,0,0,0,0,0,0,0,0,1,0,0,0,0,0,0,0,1,0,0,0,0,0,0,0,0,0,0,0,0,0,0.6166706900155011,0.4,0.7558139534883721
2024,10,hulkenberg,13,11,Finished,0.0,66,hulkenberg_2024_10,0,finished,classificado,False,0,0,0,0,UNKNOWN,0,0,0,0,0,0,0,0,0,0,0,0,0,0,0,0,0,0,0,0,0,0,0,0,0,0,0,0,0,0,0,1,0,0,0,0,0,0,0,0,0,0,0,1,0,0,0,0,0,0,0,0,0,0.6166706900155011,0.65,0.7558139534883721
2024,10,alonso,10,12,Lapped,0.0,65,alonso_2024_10,0,lapped,classificado,False,0,0,0,0,UNKNOWN,0,0,0,0,0,0,0,0,0,0,0,0,0,0,0,0,0,0,0,0,0,0,0,0,0,0,0,0,0,0,0,1,0,0,0,0,0,0,0,0,1,0,0,0,0,0,0,0,0,0,0,0,0,0.5215489628506094,0.5,0.7441860465116279
2024,10,zhou,15,13,Lapped,0.0,65,zhou_2024_10,0,lapped,classificado,False,0,0,0,0,UNKNOWN,0,0,0,0,0,0,0,0,0,0,0,0,0,0,0,0,0,0,0,0,0,0,0,0,0,0,0,0,0,0,0,1,0,0,0,0,0,0,0,0,0,0,0,0,0,0,0,0,0,0,1,0,0,0.5215489628506094,0.75,0.7441860465116279
2024,10,stroll,14,14,Lapped,0.0,65,stroll_2024_10,0,lapped,classificado,False,0,0,0,0,UNKNOWN,0,0,0,0,0,0,0,0,0,0,0,0,0,0,0,0,0,0,0,0,0,0,0,0,0,0,0,0,0,0,0,1,0,0,0,0,0,0,0,0,1,0,0,0,0,0,0,0,0,0,0,0,0,0.5215489628506094,0.7000000000000001,0.7441860465116279
2024,10,ricciardo,18,15,Lapped,0.0,65,ricciardo_2024_10,0,lapped,classificado,False,0,0,0,0,UNKNOWN,0,0,0,0,0,0,0,0,0,0,0,0,0,0,0,0,0,0,0,0,0,0,0,0,0,0,0,0,0,0,0,1,0,0,0,0,0,0,0,0,0,0,0,0,0,0,0,1,0,0,0,0,0,0.5215489628506094,0.9,0.7441860465116279
2024,10,bottas,12,16,Lapped,0.0,65,bottas_2024_10,0,lapped,classificado,False,0,0,0,0,UNKNOWN,0,0,0,0,0,0,0,0,0,0,0,0,0,0,0,0,0,0,0,0,0,0,0,0,0,0,0,0,0,0,0,1,0,0,0,0,0,0,0,0,0,0,0,0,0,0,0,0,0,0,1,0,0,0.5215489628506094,0.6000000000000001,0.7441860465116279
2024,10,kevin_magnussen,16,17,Lapped,0.0,65,kevin_magnussen_2024_10,0,lapped,classificado,False,0,0,0,0,UNKNOWN,0,0,0,0,0,0,0,0,0,0,0,0,0,0,0,0,0,0,0,0,0,0,0,0,0,0,0,0,0,0,0,1,0,0,0,0,0,0,0,0,0,0,0,1,0,0,0,0,0,0,0,0,0,0.5215489628506094,0.8,0.7441860465116279
2024,10,albon,20,18,Lapped,0.0,65,albon_2024_10,0,lapped,classificado,False,0,0,0,0,UNKNOWN,0,0,0,0,0,0,0,0,0,0,0,0,0,0,0,0,0,0,0,0,0,0,0,0,0,0,0,0,0,0,0,1,0,0,0,0,0,0,0,0,0,0,0,0,0,0,0,0,0,0,0,0,1,0.5215489628506094,1.0,0.7441860465116279
2024,10,tsunoda,17,19,Lapped,0.0,65,tsunoda_2024_10,0,lapped,classificado,False,0,0,0,0,UNKNOWN,0,0,0,0,0,0,0,0,0,0,0,0,0,0,0,0,0,0,0,0,0,0,0,0,0,0,0,0,0,0,0,1,0,0,0,0,0,0,0,0,0,0,0,0,0,0,0,1,0,0,0,0,0,0.5215489628506094,0.8500000000000001,0.7441860465116279
2024,10,sargeant,19,20,Lapped,0.0,64,sargeant_2024_10,0,lapped,classificado,False,0,0,0,0,UNKNOWN,0,0,0,0,0,0,0,0,0,0,0,0,0,0,0,0,0,0,0,0,0,0,0,0,0,0,0,0,0,0,0,1,0,0,0,0,0,0,0,0,0,0,0,0,0,0,0,0,0,0,0,0,1,0.4264272356857175,0.9500000000000001,0.7325581395348837
2024,11,russell,3,1,Finished,25.0,71,russell_2024_11,0,finished,classificado,False,0,0,0,0,UNKNOWN,0,0,0,0,1,0,0,0,0,0,0,0,0,0,0,0,0,0,0,0,0,0,0,0,0,0,0,0,0,0,0,0,0,0,0,0,0,0,0,0,0,0,0,0,0,1,0,0,0,0,0,0,0,1.0922793258399601,0.15000000000000002,0.813953488372093
2024,11,piastri,7,2,Finished,18.0,71,piastri_2024_11,0,finished,classificado,False,0,0,0,0,UNKNOWN,0,0,0,0,1,0,0,0,0,0,0,0,0,0,0,0,0,0,0,0,0,0,0,0,0,0,0,0,0,0,0,0,0,0,0,0,0,0,0,0,0,0,0,0,1,0,0,0,0,0,0,0,0,1.0922793258399601,0.35000000000000003,0.813953488372093
2024,11,sainz,4,3,Finished,15.0,71,sainz_2024_11,0,finished,classificado,False,0,0,0,0,UNKNOWN,0,0,0,0,1,0,0,0,0,0,0,0,0,0,0,0,0,0,0,0,0,0,0,0,0,0,0,0,0,0,0,0,0,0,0,0,0,0,0,0,0,1,0,0,0,0,0,0,0,0,0,0,0,1.0922793258399601,0.2,0.813953488372093
2024,11,hamilton,5,4,Finished,12.0,71,hamilton_2024_11,0,finished,classificado,False,0,0,0,0,UNKNOWN,0,0,0,0,1,0,0,0,0,0,0,0,0,0,0,0,0,0,0,0,0,0,0,0,0,0,0,0,0,0,0,0,0,0,0,0,0,0,0,0,0,0,0,0,0,1,0,0,0,0,0,0,0,1.0922793258399601,0.25,0.813953488372093
2024,11,max_verstappen,1,5,Finished,10.0,71,max_verstappen_2024_11,0,finished,classificado,False,0,0,0,0,UNKNOWN,0,0,0,0,1,0,0,0,0,0,0,0,0,0,0,0,0,0,0,0,0,0,0,0,0,0,0,0,0,0,0,0,0,0,0,0,0,0,0,0,0,0,0,0,0,0,0,0,1,0,0,0,0,1.0922793258399601,0.05,0.813953488372093
2024,11,hulkenberg,9,6,Finished,8.0,71,hulkenberg_2024_11,0,finished,classificado,False,0,0,0,0,UNKNOWN,0,0,0,0,1,0,0,0,0,0,0,0,0,0,0,0,0,0,0,0,0,0,0,0,0,0,0,0,0,0,0,0,0,0,0,0,0,0,0,0,0,0,0,1,0,0,0,0,0,0,0,0,0,1.0922793258399601,0.45,0.813953488372093
2024,11,perez,8,7,Finished,6.0,71,perez_2024_11,0,finished,classificado,False,0,0,0,0,UNKNOWN,0,0,0,0,1,0,0,0,0,0,0,0,0,0,0,0,0,0,0,0,0,0,0,0,0,0,0,0,0,0,0,0,0,0,0,0,0,0,0,0,0,0,0,0,0,0,0,0,1,0,0,0,0,1.0922793258399601,0.4,0.813953488372093
2024,11,kevin_magnussen,12,8,Finished,4.0,71,kevin_magnussen_2024_11,0,finished,classificado,False,0,0,0,0,UNKNOWN,0,0,0,0,1,0,0,0,0,0,0,0,0,0,0,0,0,0,0,0,0,0,0,0,0,0,0,0,0,0,0,0,0,0,0,0,0,0,0,0,0,0,0,1,0,0,0,0,0,0,0,0,0,1.0922793258399601,0.6000000000000001,0.813953488372093
2024,11,ricciardo,11,9,Finished,2.0,71,ricciardo_2024_11,0,finished,classificado,False,0,0,0,0,UNKNOWN,0,0,0,0,1,0,0,0,0,0,0,0,0,0,0,0,0,0,0,0,0,0,0,0,0,0,0,0,0,0,0,0,0,0,0,0,0,0,0,0,0,0,0,0,0,0,0,1,0,0,0,0,0,1.0922793258399601,0.55,0.813953488372093
2024,11,gasly,13,10,Finished,1.0,71,gasly_2024_11,0,finished,classificado,False,0,0,0,0,UNKNOWN,0,0,0,0,1,0,0,0,0,0,0,0,0,0,0,0,0,0,0,0,0,0,0,0,0,0,0,0,0,0,0,0,0,0,0,0,0,0,0,1,0,0,0,0,0,0,0,0,0,0,0,0,0,1.0922793258399601,0.65,0.813953488372093
2024,11,leclerc,6,11,Finished,0.0,71,leclerc_2024_11,0,finished,classificado,False,0,0,0,0,UNKNOWN,0,0,0,0,1,0,0,0,0,0,0,0,0,0,0,0,0,0,0,0,0,0,0,0,0,0,0,0,0,0,0,0,0,0,0,0,0,0,0,0,0,1,0,0,0,0,0,0,0,0,0,0,0,1.0922793258399601,0.30000000000000004,0.813953488372093
2024,11,ocon,10,12,Finished,0.0,71,ocon_2024_11,0,finished,classificado,False,0,0,0,0,UNKNOWN,0,0,0,0,1,0,0,0,0,0,0,0,0,0,0,0,0,0,0,0,0,0,0,0,0,0,0,0,0,0,0,0,0,0,0,0,0,0,0,1,0,0,0,0,0,0,0,0,0,0,0,0,0,1.0922793258399601,0.5,0.813953488372093
2024,11,stroll,17,13,Lapped,0.0,70,stroll_2024_11,0,lapped,classificado,False,0,0,0,0,UNKNOWN,0,0,0,0,1,0,0,0,0,0,0,0,0,0,0,0,0,0,0,0,0,0,0,0,0,0,0,0,0,0,0,0,0,0,0,0,0,0,0,0,1,0,0,0,0,0,0,0,0,0,0,0,0,0.9971575986750684,0.8500000000000001,0.8023255813953488
2024,11,tsunoda,14,14,Lapped,0.0,70,tsunoda_2024_11,0,lapped,classificado,False,0,0,0,0,UNKNOWN,0,0,0,0,1,0,0,0,0,0,0,0,0,0,0,0,0,0,0,0,0,0,0,0,0,0,0,0,0,0,0,0,0,0,0,0,0,0,0,0,0,0,0,0,0,0,0,1,0,0,0,0,0,0.9971575986750684,0.7000000000000001,0.8023255813953488
2024,11,albon,16,15,Lapped,0.0,70,albon_2024_11,0,lapped,classificado,False,0,0,0,0,UNKNOWN,0,0,0,0,1,0,0,0,0,0,0,0,0,0,0,0,0,0,0,0,0,0,0,0,0,0,0,0,0,0,0,0,0,0,0,0,0,0,0,0,0,0,0,0,0,0,0,0,0,0,0,0,1,0.9971575986750684,0.8,0.8023255813953488
2024,11,bottas,18,16,Lapped,0.0,70,bottas_2024_11,0,lapped,classificado,False,0,0,0,0,UNKNOWN,0,0,0,0,1,0,0,0,0,0,0,0,0,0,0,0,0,0,0,0,0,0,0,0,0,0,0,0,0,0,0,0,0,0,0,0,0,0,0,0,0,0,0,0,0,0,0,0,0,0,1,0,0,0.9971575986750684,0.9,0.8023255813953488
2024,11,zhou,20,17,Lapped,0.0,70,zhou_2024_11,0,lapped,classificado,False,0,0,0,0,UNKNOWN,0,0,0,0,1,0,0,0,0,0,0,0,0,0,0,0,0,0,0,0,0,0,0,0,0,0,0,0,0,0,0,0,0,0,0,0,0,0,0,0,0,0,0,0,0,0,0,0,0,0,1,0,0,0.9971575986750684,1.0,0.8023255813953488
2024,11,alonso,15,18,Lapped,0.0,70,alonso_2024_11,0,lapped,classificado,False,0,0,0,0,UNKNOWN,0,0,0,0,1,0,0,0,0,0,0,0,0,0,0,0,0,0,0,0,0,0,0,0,0,0,0,0,0,0,0,0,0,0,0,0,0,0,0,0,1,0,0,0,0,0,0,0,0,0,0,0,0,0.9971575986750684,0.75,0.8023255813953488
2024,11,sargeant,19,19,Lapped,0.0,69,sargeant_2024_11,0,lapped,classificado,False,0,0,0,0,UNKNOWN,0,0,0,0,1,0,0,0,0,0,0,0,0,0,0,0,0,0,0,0,0,0,0,0,0,0,0,0,0,0,0,0,0,0,0,0,0,0,0,0,0,0,0,0,0,0,0,0,0,0,0,0,1,0.9020358715101766,0.9500000000000001,0.7906976744186046
2024,11,norris,2,20,Lapped,0.0,64,norris_2024_11,0,lapped,classificado,False,0,0,0,0,UNKNOWN,0,0,0,0,1,0,0,0,0,0,0,0,0,0,0,0,0,0,0,0,0,0,0,0,0,0,0,0,0,0,0,0,0,0,0,0,0,0,0,0,0,0,0,0,1,0,0,0,0,0,0,0,0,0.4264272356857175,0.1,0.7325581395348837
2024,12,hamilton,2,1,Finished,25.0,52,hamilton_2024_12,0,finished,classificado,False,0,0,0,0,UNKNOWN,0,0,0,0,0,0,0,0,0,1,0,0,0,0,0,0,0,0,0,0,0,0,0,0,0,0,0,0,0,0,0,0,0,0,0,0,0,0,0,0,0,0,0,0,0,1,0,0,0,0,0,0,0,-0.7150334902929842,0.1,0.5930232558139534
2024,12,max_verstappen,4,2,Finished,18.0,52,max_verstappen_2024_12,0,finished,classificado,False,0,0,0,0,UNKNOWN,0,0,0,0,0,0,0,0,0,1,0,0,0,0,0,0,0,0,0,0,0,0,0,0,0,0,0,0,0,0,0,0,0,0,0,0,0,0,0,0,0,0,0,0,0,0,0,0,1,0,0,0,0,-0.7150334902929842,0.2,0.5930232558139534
2024,12,norris,3,3,Finished,15.0,52,norris_2024_12,0,finished,classificado,False,0,0,0,0,UNKNOWN,0,0,0,0,0,0,0,0,0,1,0,0,0,0,0,0,0,0,0,0,0,0,0,0,0,0,0,0,0,0,0,0,0,0,0,0,0,0,0,0,0,0,0,0,1,0,0,0,0,0,0,0,0,-0.7150334902929842,0.15000000000000002,0.5930232558139534
2024,12,piastri,5,4,Finished,12.0,52,piastri_2024_12,0,finished,classificado,False,0,0,0,0,UNKNOWN,0,0,0,0,0,0,0,0,0,1,0,0,0,0,0,0,0,0,0,0,0,0,0,0,0,0,0,0,0,0,0,0,0,0,0,0,0,0,0,0,0,0,0,0,1,0,0,0,0,0,0,0,0,-0.7150334902929842,0.25,0.5930232558139534
2024,12,sainz,7,5,Finished,11.0,52,sainz_2024_12,0,finished,classificado,False,0,0,0,0,UNKNOWN,0,0,0,0,0,0,0,0,0,1,0,0,0,0,0,0,0,0,0,0,0,0,0,0,0,0,0,0,0,0,0,0,0,0,0,0,0,0,0,0,0,1,0,0,0,0,0,0,0,0,0,0,0,-0.7150334902929842,0.35000000000000003,0.5930232558139534
2024,12,hulkenberg,6,6,Finished,8.0,52,hulkenberg_2024_12,0,finished,classificado,False,0,0,0,0,UNKNOWN,0,0,0,0,0,0,0,0,0,1,0,0,0,0,0,0,0,0,0,0,0,0,0,0,0,0,0,0,0,0,0,0,0,0,0,0,0,0,0,0,0,0,0,1,0,0,0,0,0,0,0,0,0,-0.7150334902929842,0.30000000000000004,0.5930232558139534
2024,12,stroll,8,7,Finished,6.0,52,stroll_2024_12,0,finished,classificado,False,0,0,0,0,UNKNOWN,0,0,0,0,0,0,0,0,0,1,0,0,0,0,0,0,0,0,0,0,0,0,0,0,0,0,0,0,0,0,0,0,0,0,0,0,0,0,0,0,1,0,0,0,0,0,0,0,0,0,0,0,0,-0.7150334902929842,0.4,0.5930232558139534
2024,12,alonso,10,8,Finished,4.0,52,alonso_2024_12,0,finished,classificado,False,0,0,0,0,UNKNOWN,0,0,0,0,0,0,0,0,0,1,0,0,0,0,0,0,0,0,0,0,0,0,0,0,0,0,0,0,0,0,0,0,0,0,0,0,0,0,0,0,1,0,0,0,0,0,0,0,0,0,0,0,0,-0.7150334902929842,0.5,0.5930232558139534
2024,12,albon,9,9,Finished,2.0,52,albon_2024_12,0,finished,classificado,False,0,0,0,0,UNKNOWN,0,0,0,0,0,0,0,0,0,1,0,0,0,0,0,0,0,0,0,0,0,0,0,0,0,0,0,0,0,0,0,0,0,0,0,0,0,0,0,0,0,0,0,0,0,0,0,0,0,0,0,0,1,-0.7150334902929842,0.45,0.5930232558139534
2024,12,tsunoda,13,10,Finished,1.0,52,tsunoda_2024_12,0,finished,classificado,False,0,0,0,0,UNKNOWN,0,0,0,0,0,0,0,0,0,1,0,0,0,0,0,0,0,0,0,0,0,0,0,0,0,0,0,0,0,0,0,0,0,0,0,0,0,0,0,0,0,0,0,0,0,0,0,1,0,0,0,0,0,-0.7150334902929842,0.65,0.5930232558139534
2024,12,sargeant,12,11,Finished,0.0,52,sargeant_2024_12,0,finished,classificado,False,0,0,0,0,UNKNOWN,0,0,0,0,0,0,0,0,0,1,0,0,0,0,0,0,0,0,0,0,0,0,0,0,0,0,0,0,0,0,0,0,0,0,0,0,0,0,0,0,0,0,0,0,0,0,0,0,0,0,0,0,1,-0.7150334902929842,0.6000000000000001,0.5930232558139534
2024,12,kevin_magnussen,17,12,Finished,0.0,52,kevin_magnussen_2024_12,0,finished,classificado,False,0,0,0,0,UNKNOWN,0,0,0,0,0,0,0,0,0,1,0,0,0,0,0,0,0,0,0,0,0,0,0,0,0,0,0,0,0,0,0,0,0,0,0,0,0,0,0,0,0,0,0,1,0,0,0,0,0,0,0,0,0,-0.7150334902929842,0.8500000000000001,0.5930232558139534
2024,12,ricciardo,15,13,Lapped,0.0,51,ricciardo_2024_12,0,lapped,classificado,False,0,0,0,0,UNKNOWN,0,0,0,0,0,0,0,0,0,1,0,0,0,0,0,0,0,0,0,0,0,0,0,0,0,0,0,0,0,0,0,0,0,0,0,0,0,0,0,0,0,0,0,0,0,0,0,1,0,0,0,0,0,-0.8101552174578761,0.75,0.5813953488372092
2024,12,leclerc,11,14,Lapped,0.0,51,leclerc_2024_12,0,lapped,classificado,False,0,0,0,0,UNKNOWN,0,0,0,0,0,0,0,0,0,1,0,0,0,0,0,0,0,0,0,0,0,0,0,0,0,0,0,0,0,0,0,0,0,0,0,0,0,0,0,0,0,1,0,0,0,0,0,0,0,0,0,0,0,-0.8101552174578761,0.55,0.5813953488372092
2024,12,bottas,16,15,Lapped,0.0,51,bottas_2024_12,0,lapped,classificado,False,0,0,0,0,UNKNOWN,0,0,0,0,0,0,0,0,0,1,0,0,0,0,0,0,0,0,0,0,0,0,0,0,0,0,0,0,0,0,0,0,0,0,0,0,0,0,0,0,0,0,0,0,0,0,0,0,0,0,1,0,0,-0.8101552174578761,0.8,0.5813953488372092
2024,12,ocon,18,16,Lapped,0.0,50,ocon_2024_12,0,lapped,classificado,False,0,0,0,0,UNKNOWN,0,0,0,0,0,0,0,0,0,1,0,0,0,0,0,0,0,0,0,0,0,0,0,0,0,0,0,0,0,0,0,0,0,0,0,0,0,0,0,1,0,0,0,0,0,0,0,0,0,0,0,0,0,-0.9052769446227679,0.9,0.5697674418604651
2024,12,perez,20,17,Lapped,0.0,50,perez_2024_12,0,lapped,classificado,False,0,0,0,0,UNKNOWN,0,0,0,0,0,0,0,0,0,1,0,0,0,0,0,0,0,0,0,0,0,0,0,0,0,0,0,0,0,0,0,0,0,0,0,0,0,0,0,0,0,0,0,0,0,0,0,0,1,0,0,0,0,-0.9052769446227679,1.0,0.5697674418604651
2024,12,zhou,14,18,Lapped,0.0,50,zhou_2024_12,0,lapped,classificado,False,0,0,0,0,UNKNOWN,0,0,0,0,0,0,0,0,0,1,0,0,0,0,0,0,0,0,0,0,0,0,0,0,0,0,0,0,0,0,0,0,0,0,0,0,0,0,0,0,0,0,0,0,0,0,0,0,0,0,1,0,0,-0.9052769446227679,0.7000000000000001,0.5697674418604651
2024,13,piastri,2,1,Finished,25.0,70,piastri_2024_13,0,finished,classificado,False,0,0,0,0,UNKNOWN,0,0,0,0,0,0,0,0,0,0,0,0,0,0,0,0,0,1,0,0,0,0,0,0,0,0,0,0,0,0,0,0,0,0,0,0,0,0,0,0,0,0,0,0,1,0,0,0,0,0,0,0,0,0.9971575986750684,0.1,0.8023255813953488
2024,13,norris,1,2,Finished,18.0,70,norris_2024_13,0,finished,classificado,False,0,0,0,0,UNKNOWN,0,0,0,0,0,0,0,0,0,0,0,0,0,0,0,0,0,1,0,0,0,0,0,0,0,0,0,0,0,0,0,0,0,0,0,0,0,0,0,0,0,0,0,0,1,0,0,0,0,0,0,0,0,0.9971575986750684,0.05,0.8023255813953488
2024,13,hamilton,5,3,Finished,15.0,70,hamilton_2024_13,0,finished,classificado,False,0,0,0,0,UNKNOWN,0,0,0,0,0,0,0,0,0,0,0,0,0,0,0,0,0,1,0,0,0,0,0,0,0,0,0,0,0,0,0,0,0,0,0,0,0,0,0,0,0,0,0,0,0,1,0,0,0,0,0,0,0,0.9971575986750684,0.25,0.8023255813953488
2024,13,leclerc,6,4,Finished,12.0,70,leclerc_2024_13,0,finished,classificado,False,0,0,0,0,UNKNOWN,0,0,0,0,0,0,0,0,0,0,0,0,0,0,0,0,0,1,0,0,0,0,0,0,0,0,0,0,0,0,0,0,0,0,0,0,0,0,0,0,0,1,0,0,0,0,0,0,0,0,0,0,0,0.9971575986750684,0.30000000000000004,0.8023255813953488
2024,13,max_verstappen,3,5,Finished,10.0,70,max_verstappen_2024_13,0,finished,classificado,False,0,0,0,0,UNKNOWN,0,0,0,0,0,0,0,0,0,0,0,0,0,0,0,0,0,1,0,0,0,0,0,0,0,0,0,0,0,0,0,0,0,0,0,0,0,0,0,0,0,0,0,0,0,0,0,0,1,0,0,0,0,0.9971575986750684,0.15000000000000002,0.8023255813953488
2024,13,sainz,4,6,Finished,8.0,70,sainz_2024_13,0,finished,classificado,False,0,0,0,0,UNKNOWN,0,0,0,0,0,0,0,0,0,0,0,0,0,0,0,0,0,1,0,0,0,0,0,0,0,0,0,0,0,0,0,0,0,0,0,0,0,0,0,0,0,1,0,0,0,0,0,0,0,0,0,0,0,0.9971575986750684,0.2,0.8023255813953488
2024,13,perez,16,7,Finished,6.0,70,perez_2024_13,0,finished,classificado,False,0,0,0,0,UNKNOWN,0,0,0,0,0,0,0,0,0,0,0,0,0,0,0,0,0,1,0,0,0,0,0,0,0,0,0,0,0,0,0,0,0,0,0,0,0,0,0,0,0,0,0,0,0,0,0,0,1,0,0,0,0,0.9971575986750684,0.8,0.8023255813953488
2024,13,russell,17,8,Finished,5.0,70,russell_2024_13,0,finished,classificado,False,0,0,0,0,UNKNOWN,0,0,0,0,0,0,0,0,0,0,0,0,0,0,0,0,0,1,0,0,0,0,0,0,0,0,0,0,0,0,0,0,0,0,0,0,0,0,0,0,0,0,0,0,0,1,0,0,0,0,0,0,0,0.9971575986750684,0.8500000000000001,0.8023255813953488
2024,13,tsunoda,10,9,Finished,2.0,70,tsunoda_2024_13,0,finished,classificado,False,0,0,0,0,UNKNOWN,0,0,0,0,0,0,0,0,0,0,0,0,0,0,0,0,0,1,0,0,0,0,0,0,0,0,0,0,0,0,0,0,0,0,0,0,0,0,0,0,0,0,0,0,0,0,0,1,0,0,0,0,0,0.9971575986750684,0.5,0.8023255813953488
2024,13,stroll,8,10,Finished,1.0,70,stroll_2024_13,0,finished,classificado,False,0,0,0,0,UNKNOWN,0,0,0,0,0,0,0,0,0,0,0,0,0,0,0,0,0,1,0,0,0,0,0,0,0,0,0,0,0,0,0,0,0,0,0,0,0,0,0,0,1,0,0,0,0,0,0,0,0,0,0,0,0,0.9971575986750684,0.4,0.8023255813953488
2024,13,alonso,7,11,Finished,0.0,70,alonso_2024_13,0,finished,classificado,False,0,0,0,0,UNKNOWN,0,0,0,0,0,0,0,0,0,0,0,0,0,0,0,0,0,1,0,0,0,0,0,0,0,0,0,0,0,0,0,0,0,0,0,0,0,0,0,0,1,0,0,0,0,0,0,0,0,0,0,0,0,0.9971575986750684,0.35000000000000003,0.8023255813953488
2024,13,ricciardo,9,12,Lapped,0.0,69,ricciardo_2024_13,0,lapped,classificado,False,0,0,0,0,UNKNOWN,0,0,0,0,0,0,0,0,0,0,0,0,0,0,0,0,0,1,0,0,0,0,0,0,0,0,0,0,0,0,0,0,0,0,0,0,0,0,0,0,0,0,0,0,0,0,0,1,0,0,0,0,0,0.9020358715101766,0.45,0.7906976744186046
2024,13,hulkenberg,11,13,Lapped,0.0,69,hulkenberg_2024_13,0,lapped,classificado,False,0,0,0,0,UNKNOWN,0,0,0,0,0,0,0,0,0,0,0,0,0,0,0,0,0,1,0,0,0,0,0,0,0,0,0,0,0,0,0,0,0,0,0,0,0,0,0,0,0,0,0,1,0,0,0,0,0,0,0,0,0,0.9020358715101766,0.55,0.7906976744186046
2024,13,albon,13,14,Lapped,0.0,69,albon_2024_13,0,lapped,classificado,False,0,0,0,0,UNKNOWN,0,0,0,0,0,0,0,0,0,0,0,0,0,0,0,0,0,1,0,0,0,0,0,0,0,0,0,0,0,0,0,0,0,0,0,0,0,0,0,0,0,0,0,0,0,0,0,0,0,0,0,0,1,0.9020358715101766,0.65,0.7906976744186046
2024,13,kevin_magnussen,15,15,Lapped,0.0,69,kevin_magnussen_2024_13,0,lapped,classificado,False,0,0,0,0,UNKNOWN,0,0,0,0,0,0,0,0,0,0,0,0,0,0,0,0,0,1,0,0,0,0,0,0,0,0,0,0,0,0,0,0,0,0,0,0,0,0,0,0,0,0,0,1,0,0,0,0,0,0,0,0,0,0.9020358715101766,0.75,0.7906976744186046
2024,13,bottas,12,16,Lapped,0.0,69,bottas_2024_13,0,lapped,classificado,False,0,0,0,0,UNKNOWN,0,0,0,0,0,0,0,0,0,0,0,0,0,0,0,0,0,1,0,0,0,0,0,0,0,0,0,0,0,0,0,0,0,0,0,0,0,0,0,0,0,0,0,0,0,0,0,0,0,0,1,0,0,0.9020358715101766,0.6000000000000001,0.7906976744186046
2024,13,sargeant,14,17,Lapped,0.0,69,sargeant_2024_13,0,lapped,classificado,False,0,0,0,0,UNKNOWN,0,0,0,0,0,0,0,0,0,0,0,0,0,0,0,0,0,1,0,0,0,0,0,0,0,0,0,0,0,0,0,0,0,0,0,0,0,0,0,0,0,0,0,0,0,0,0,0,0,0,0,0,1,0.9020358715101766,0.7000000000000001,0.7906976744186046
2024,13,ocon,19,18,Lapped,0.0,69,ocon_2024_13,0,lapped,classificado,False,0,0,0,0,UNKNOWN,0,0,0,0,0,0,0,0,0,0,0,0,0,0,0,0,0,1,0,0,0,0,0,0,0,0,0,0,0,0,0,0,0,0,0,0,0,0,0,1,0,0,0,0,0,0,0,0,0,0,0,0,0,0.9020358715101766,0.9500000000000001,0.7906976744186046
2024,13,zhou,18,19,Lapped,0.0,69,zhou_2024_13,0,lapped,classificado,False,0,0,0,0,UNKNOWN,0,0,0,0,0,0,0,0,0,0,0,0,0,0,0,0,0,1,0,0,0,0,0,0,0,0,0,0,0,0,0,0,0,0,0,0,0,0,0,0,0,0,0,0,0,0,0,0,0,0,1,0,0,0.9020358715101766,0.9,0.7906976744186046
2024,14,hamilton,3,1,Finished,25.0,44,hamilton_2024_14,0,finished,classificado,False,0,0,0,0,UNKNOWN,0,0,0,0,0,0,0,1,0,0,0,0,0,0,0,0,0,0,0,0,0,0,0,0,0,0,0,0,0,0,0,0,0,0,0,0,0,0,0,0,0,0,0,0,0,1,0,0,0,0,0,0,0,-1.4760073076121187,0.15000000000000002,0.5
2024,14,piastri,5,2,Finished,18.0,44,piastri_2024_14,0,finished,classificado,False,0,0,0,0,UNKNOWN,0,0,0,0,0,0,0,1,0,0,0,0,0,0,0,0,0,0,0,0,0,0,0,0,0,0,0,0,0,0,0,0,0,0,0,0,0,0,0,0,0,0,0,0,1,0,0,0,0,0,0,0,0,-1.4760073076121187,0.25,0.5
2024,14,leclerc,1,3,Finished,15.0,44,leclerc_2024_14,0,finished,classificado,False,0,0,0,0,UNKNOWN,0,0,0,0,0,0,0,1,0,0,0,0,0,0,0,0,0,0,0,0,0,0,0,0,0,0,0,0,0,0,0,0,0,0,0,0,0,0,0,0,0,1,0,0,0,0,0,0,0,0,0,0,0,-1.4760073076121187,0.05,0.5
2024,14,max_verstappen,11,4,Finished,12.0,44,max_verstappen_2024_14,0,finished,classificado,False,0,0,0,0,UNKNOWN,0,0,0,0,0,0,0,1,0,0,0,0,0,0,0,0,0,0,0,0,0,0,0,0,0,0,0,0,0,0,0,0,0,0,0,0,0,0,0,0,0,0,0,0,0,0,0,0,1,0,0,0,0,-1.4760073076121187,0.55,0.5
2024,14,norris,4,5,Finished,10.0,44,norris_2024_14,0,finished,classificado,False,0,0,0,0,UNKNOWN,0,0,0,0,0,0,0,1,0,0,0,0,0,0,0,0,0,0,0,0,0,0,0,0,0,0,0,0,0,0,0,0,0,0,0,0,0,0,0,0,0,0,0,0,1,0,0,0,0,0,0,0,0,-1.4760073076121187,0.2,0.5
2024,14,sainz,7,6,Finished,8.0,44,sainz_2024_14,0,finished,classificado,False,0,0,0,0,UNKNOWN,0,0,0,0,0,0,0,1,0,0,0,0,0,0,0,0,0,0,0,0,0,0,0,0,0,0,0,0,0,0,0,0,0,0,0,0,0,0,0,0,0,1,0,0,0,0,0,0,0,0,0,0,0,-1.4760073076121187,0.35000000000000003,0.5
2024,14,perez,2,7,Finished,7.0,44,perez_2024_14,0,finished,classificado,False,0,0,0,0,UNKNOWN,0,0,0,0,0,0,0,1,0,0,0,0,0,0,0,0,0,0,0,0,0,0,0,0,0,0,0,0,0,0,0,0,0,0,0,0,0,0,0,0,0,0,0,0,0,0,0,0,1,0,0,0,0,-1.4760073076121187,0.1,0.5
2024,14,alonso,8,8,Finished,4.0,44,alonso_2024_14,0,finished,classificado,False,0,0,0,0,UNKNOWN,0,0,0,0,0,0,0,1,0,0,0,0,0,0,0,0,0,0,0,0,0,0,0,0,0,0,0,0,0,0,0,0,0,0,0,0,0,0,0,0,1,0,0,0,0,0,0,0,0,0,0,0,0,-1.4760073076121187,0.4,0.5
2024,14,ocon,9,9,Finished,2.0,44,ocon_2024_14,0,finished,classificado,False,0,0,0,0,UNKNOWN,0,0,0,0,0,0,0,1,0,0,0,0,0,0,0,0,0,0,0,0,0,0,0,0,0,0,0,0,0,0,0,0,0,0,0,0,0,0,0,1,0,0,0,0,0,0,0,0,0,0,0,0,0,-1.4760073076121187,0.45,0.5
2024,14,ricciardo,13,10,Finished,1.0,44,ricciardo_2024_14,0,finished,classificado,False,0,0,0,0,UNKNOWN,0,0,0,0,0,0,0,1,0,0,0,0,0,0,0,0,0,0,0,0,0,0,0,0,0,0,0,0,0,0,0,0,0,0,0,0,0,0,0,0,0,0,0,0,0,0,0,1,0,0,0,0,0,-1.4760073076121187,0.65,0.5
2024,14,stroll,15,11,Finished,0.0,44,stroll_2024_14,0,finished,classificado,False,0,0,0,0,UNKNOWN,0,0,0,0,0,0,0,1,0,0,0,0,0,0,0,0,0,0,0,0,0,0,0,0,0,0,0,0,0,0,0,0,0,0,0,0,0,0,0,0,1,0,0,0,0,0,0,0,0,0,0,0,0,-1.4760073076121187,0.75,0.5
2024,14,albon,10,12,Finished,0.0,44,albon_2024_14,0,finished,classificado,False,0,0,0,0,UNKNOWN,0,0,0,0,0,0,0,1,0,0,0,0,0,0,0,0,0,0,0,0,0,0,0,0,0,0,0,0,0,0,0,0,0,0,0,0,0,0,0,0,0,0,0,0,0,0,0,0,0,0,0,0,1,-1.4760073076121187,0.5,0.5
2024,14,gasly,12,13,Finished,0.0,44,gasly_2024_14,0,finished,classificado,False,0,0,0,0,UNKNOWN,0,0,0,0,0,0,0,1,0,0,0,0,0,0,0,0,0,0,0,0,0,0,0,0,0,0,0,0,0,0,0,0,0,0,0,0,0,0,0,1,0,0,0,0,0,0,0,0,0,0,0,0,0,-1.4760073076121187,0.6000000000000001,0.5
2024,14,kevin_magnussen,17,14,Finished,0.0,44,kevin_magnussen_2024_14,0,finished,classificado,False,0,0,0,0,UNKNOWN,0,0,0,0,0,0,0,1,0,0,0,0,0,0,0,0,0,0,0,0,0,0,0,0,0,0,0,0,0,0,0,0,0,0,0,0,0,0,0,0,0,0,0,1,0,0,0,0,0,0,0,0,0,-1.4760073076121187,0.8500000000000001,0.5
2024,14,bottas,14,15,Finished,0.0,44,bottas_2024_14,0,finished,classificado,False,0,0,0,0,UNKNOWN,0,0,0,0,0,0,0,1,0,0,0,0,0,0,0,0,0,0,0,0,0,0,0,0,0,0,0,0,0,0,0,0,0,0,0,0,0,0,0,0,0,0,0,0,0,0,0,0,0,0,1,0,0,-1.4760073076121187,0.7000000000000001,0.5
2024,14,tsunoda,20,16,Finished,0.0,44,tsunoda_2024_14,0,finished,classificado,False,0,0,0,0,UNKNOWN,0,0,0,0,0,0,0,1,0,0,0,0,0,0,0,0,0,0,0,0,0,0,0,0,0,0,0,0,0,0,0,0,0,0,0,0,0,0,0,0,0,0,0,0,0,0,0,1,0,0,0,0,0,-1.4760073076121187,1.0,0.5
2024,14,sargeant,18,17,Finished,0.0,44,sargeant_2024_14,0,finished,classificado,False,0,0,0,0,UNKNOWN,0,0,0,0,0,0,0,1,0,0,0,0,0,0,0,0,0,0,0,0,0,0,0,0,0,0,0,0,0,0,0,0,0,0,0,0,0,0,0,0,0,0,0,0,0,0,0,0,0,0,0,0,1,-1.4760073076121187,0.9,0.5
2024,14,hulkenberg,16,18,Finished,0.0,44,hulkenberg_2024_14,0,finished,classificado,False,0,0,0,0,UNKNOWN,0,0,0,0,0,0,0,1,0,0,0,0,0,0,0,0,0,0,0,0,0,0,0,0,0,0,0,0,0,0,0,0,0,0,0,0,0,0,0,0,0,0,0,1,0,0,0,0,0,0,0,0,0,-1.4760073076121187,0.8,0.5
2024,15,norris,1,1,Finished,26.0,72,norris_2024_15,0,finished,classificado,False,0,0,0,0,UNKNOWN,0,0,0,0,0,0,0,0,0,0,0,0,1,0,0,0,0,0,0,0,0,0,0,0,0,0,0,0,0,0,0,0,0,0,0,0,0,0,0,0,0,0,0,0,1,0,0,0,0,0,0,0,0,1.187401053004852,0.05,0.8255813953488371
2024,15,max_verstappen,2,2,Finished,18.0,72,max_verstappen_2024_15,0,finished,classificado,False,0,0,0,0,UNKNOWN,0,0,0,0,0,0,0,0,0,0,0,0,1,0,0,0,0,0,0,0,0,0,0,0,0,0,0,0,0,0,0,0,0,0,0,0,0,0,0,0,0,0,0,0,0,0,0,0,1,0,0,0,0,1.187401053004852,0.1,0.8255813953488371
2024,15,leclerc,6,3,Finished,15.0,72,leclerc_2024_15,0,finished,classificado,False,0,0,0,0,UNKNOWN,0,0,0,0,0,0,0,0,0,0,0,0,1,0,0,0,0,0,0,0,0,0,0,0,0,0,0,0,0,0,0,0,0,0,0,0,0,0,0,0,0,1,0,0,0,0,0,0,0,0,0,0,0,1.187401053004852,0.30000000000000004,0.8255813953488371
2024,15,piastri,3,4,Finished,12.0,72,piastri_2024_15,0,finished,classificado,False,0,0,0,0,UNKNOWN,0,0,0,0,0,0,0,0,0,0,0,0,1,0,0,0,0,0,0,0,0,0,0,0,0,0,0,0,0,0,0,0,0,0,0,0,0,0,0,0,0,0,0,0,1,0,0,0,0,0,0,0,0,1.187401053004852,0.15000000000000002,0.8255813953488371
2024,15,sainz,10,5,Finished,10.0,72,sainz_2024_15,0,finished,classificado,False,0,0,0,0,UNKNOWN,0,0,0,0,0,0,0,0,0,0,0,0,1,0,0,0,0,0,0,0,0,0,0,0,0,0,0,0,0,0,0,0,0,0,0,0,0,0,0,0,0,1,0,0,0,0,0,0,0,0,0,0,0,1.187401053004852,0.5,0.8255813953488371
2024,15,perez,5,6,Finished,8.0,72,perez_2024_15,0,finished,classificado,False,0,0,0,0,UNKNOWN,0,0,0,0,0,0,0,0,0,0,0,0,1,0,0,0,0,0,0,0,0,0,0,0,0,0,0,0,0,0,0,0,0,0,0,0,0,0,0,0,0,0,0,0,0,0,0,0,1,0,0,0,0,1.187401053004852,0.25,0.8255813953488371
2024,15,russell,4,7,Finished,6.0,72,russell_2024_15,0,finished,classificado,False,0,0,0,0,UNKNOWN,0,0,0,0,0,0,0,0,0,0,0,0,1,0,0,0,0,0,0,0,0,0,0,0,0,0,0,0,0,0,0,0,0,0,0,0,0,0,0,0,0,0,0,0,0,1,0,0,0,0,0,0,0,1.187401053004852,0.2,0.8255813953488371
2024,15,hamilton,14,8,Finished,4.0,72,hamilton_2024_15,0,finished,classificado,False,0,0,0,0,UNKNOWN,0,0,0,0,0,0,0,0,0,0,0,0,1,0,0,0,0,0,0,0,0,0,0,0,0,0,0,0,0,0,0,0,0,0,0,0,0,0,0,0,0,0,0,0,0,1,0,0,0,0,0,0,0,1.187401053004852,0.7000000000000001,0.8255813953488371
2024,15,gasly,9,9,Lapped,2.0,71,gasly_2024_15,0,lapped,classificado,False,0,0,0,0,UNKNOWN,0,0,0,0,0,0,0,0,0,0,0,0,1,0,0,0,0,0,0,0,0,0,0,0,0,0,0,0,0,0,0,0,0,0,0,0,0,0,0,1,0,0,0,0,0,0,0,0,0,0,0,0,0,1.0922793258399601,0.45,0.813953488372093
2024,15,alonso,7,10,Lapped,1.0,71,alonso_2024_15,0,lapped,classificado,False,0,0,0,0,UNKNOWN,0,0,0,0,0,0,0,0,0,0,0,0,1,0,0,0,0,0,0,0,0,0,0,0,0,0,0,0,0,0,0,0,0,0,0,0,0,0,0,0,1,0,0,0,0,0,0,0,0,0,0,0,0,1.0922793258399601,0.35000000000000003,0.813953488372093
2024,15,hulkenberg,12,11,Lapped,0.0,71,hulkenberg_2024_15,0,lapped,classificado,False,0,0,0,0,UNKNOWN,0,0,0,0,0,0,0,0,0,0,0,0,1,0,0,0,0,0,0,0,0,0,0,0,0,0,0,0,0,0,0,0,0,0,0,0,0,0,0,0,0,0,0,1,0,0,0,0,0,0,0,0,0,1.0922793258399601,0.6000000000000001,0.813953488372093
2024,15,ricciardo,13,12,Lapped,0.0,71,ricciardo_2024_15,0,lapped,classificado,False,0,0,0,0,UNKNOWN,0,0,0,0,0,0,0,0,0,0,0,0,1,0,0,0,0,0,0,0,0,0,0,0,0,0,0,0,0,0,0,0,0,0,0,0,0,0,0,0,0,0,0,0,0,0,0,1,0,0,0,0,0,1.0922793258399601,0.65,0.813953488372093
2024,15,stroll,8,13,Lapped,0.0,71,stroll_2024_15,0,lapped,classificado,False,0,0,0,0,UNKNOWN,0,0,0,0,0,0,0,0,0,0,0,0,1,0,0,0,0,0,0,0,0,0,0,0,0,0,0,0,0,0,0,0,0,0,0,0,0,0,0,0,1,0,0,0,0,0,0,0,0,0,0,0,0,1.0922793258399601,0.4,0.813953488372093
2024,15,albon,19,14,Lapped,0.0,71,albon_2024_15,0,lapped,classificado,False,0,0,0,0,UNKNOWN,0,0,0,0,0,0,0,0,0,0,0,0,1,0,0,0,0,0,0,0,0,0,0,0,0,0,0,0,0,0,0,0,0,0,0,0,0,0,0,0,0,0,0,0,0,0,0,0,0,0,0,0,1,1.0922793258399601,0.9500000000000001,0.813953488372093
2024,15,ocon,15,15,Lapped,0.0,71,ocon_2024_15,0,lapped,classificado,False,0,0,0,0,UNKNOWN,0,0,0,0,0,0,0,0,0,0,0,0,1,0,0,0,0,0,0,0,0,0,0,0,0,0,0,0,0,0,0,0,0,0,0,0,0,0,0,1,0,0,0,0,0,0,0,0,0,0,0,0,0,1.0922793258399601,0.75,0.813953488372093
2024,15,sargeant,18,16,Lapped,0.0,71,sargeant_2024_15,0,lapped,classificado,False,0,0,0,0,UNKNOWN,0,0,0,0,0,0,0,0,0,0,0,0,1,0,0,0,0,0,0,0,0,0,0,0,0,0,0,0,0,0,0,0,0,0,0,0,0,0,0,0,0,0,0,0,0,0,0,0,0,0,0,0,1,1.0922793258399601,0.9,0.813953488372093
2024,15,tsunoda,11,17,Lapped,0.0,71,tsunoda_2024_15,0,lapped,classificado,False,0,0,0,0,UNKNOWN,0,0,0,0,0,0,0,0,0,0,0,0,1,0,0,0,0,0,0,0,0,0,0,0,0,0,0,0,0,0,0,0,0,0,0,0,0,0,0,0,0,0,0,0,0,0,0,1,0,0,0,0,0,1.0922793258399601,0.55,0.813953488372093
2024,15,kevin_magnussen,20,18,Lapped,0.0,71,kevin_magnussen_2024_15,0,lapped,classificado,False,0,0,0,0,UNKNOWN,0,0,0,0,0,0,0,0,0,0,0,0,1,0,0,0,0,0,0,0,0,0,0,0,0,0,0,0,0,0,0,0,0,0,0,0,0,0,0,0,0,0,0,1,0,0,0,0,0,0,0,0,0,1.0922793258399601,1.0,0.813953488372093
2024,15,bottas,16,19,Lapped,0.0,70,bottas_2024_15,0,lapped,classificado,False,0,0,0,0,UNKNOWN,0,0,0,0,0,0,0,0,0,0,0,0,1,0,0,0,0,0,0,0,0,0,0,0,0,0,0,0,0,0,0,0,0,0,0,0,0,0,0,0,0,0,0,0,0,0,0,0,0,0,1,0,0,0.9971575986750684,0.8,0.8023255813953488
2024,15,zhou,17,20,Lapped,0.0,70,zhou_2024_15,0,lapped,classificado,False,0,0,0,0,UNKNOWN,0,0,0,0,0,0,0,0,0,0,0,0,1,0,0,0,0,0,0,0,0,0,0,0,0,0,0,0,0,0,0,0,0,0,0,0,0,0,0,0,0,0,0,0,0,0,0,0,0,0,1,0,0,0.9971575986750684,0.8500000000000001,0.8023255813953488
2024,16,leclerc,4,1,Finished,25.0,53,leclerc_2024_16,0,finished,classificado,False,0,0,0,0,UNKNOWN,0,0,0,0,0,0,0,0,0,0,0,0,0,0,0,0,0,0,1,0,0,0,0,0,0,0,0,0,0,0,0,0,0,0,0,0,0,0,0,0,0,1,0,0,0,0,0,0,0,0,0,0,0,-0.6199117631280925,0.2,0.6046511627906976
2024,16,piastri,2,2,Finished,18.0,53,piastri_2024_16,0,finished,classificado,False,0,0,0,0,UNKNOWN,0,0,0,0,0,0,0,0,0,0,0,0,0,0,0,0,0,0,1,0,0,0,0,0,0,0,0,0,0,0,0,0,0,0,0,0,0,0,0,0,0,0,0,0,1,0,0,0,0,0,0,0,0,-0.6199117631280925,0.1,0.6046511627906976
2024,16,norris,1,3,Finished,16.0,53,norris_2024_16,0,finished,classificado,False,0,0,0,0,UNKNOWN,0,0,0,0,0,0,0,0,0,0,0,0,0,0,0,0,0,0,1,0,0,0,0,0,0,0,0,0,0,0,0,0,0,0,0,0,0,0,0,0,0,0,0,0,1,0,0,0,0,0,0,0,0,-0.6199117631280925,0.05,0.6046511627906976
2024,16,sainz,5,4,Finished,12.0,53,sainz_2024_16,0,finished,classificado,False,0,0,0,0,UNKNOWN,0,0,0,0,0,0,0,0,0,0,0,0,0,0,0,0,0,0,1,0,0,0,0,0,0,0,0,0,0,0,0,0,0,0,0,0,0,0,0,0,0,1,0,0,0,0,0,0,0,0,0,0,0,-0.6199117631280925,0.25,0.6046511627906976
2024,16,hamilton,6,5,Finished,10.0,53,hamilton_2024_16,0,finished,classificado,False,0,0,0,0,UNKNOWN,0,0,0,0,0,0,0,0,0,0,0,0,0,0,0,0,0,0,1,0,0,0,0,0,0,0,0,0,0,0,0,0,0,0,0,0,0,0,0,0,0,0,0,0,0,1,0,0,0,0,0,0,0,-0.6199117631280925,0.30000000000000004,0.6046511627906976
2024,16,max_verstappen,7,6,Finished,8.0,53,max_verstappen_2024_16,0,finished,classificado,False,0,0,0,0,UNKNOWN,0,0,0,0,0,0,0,0,0,0,0,0,0,0,0,0,0,0,1,0,0,0,0,0,0,0,0,0,0,0,0,0,0,0,0,0,0,0,0,0,0,0,0,0,0,0,0,0,1,0,0,0,0,-0.6199117631280925,0.35000000000000003,0.6046511627906976
2024,16,russell,3,7,Finished,6.0,53,russell_2024_16,0,finished,classificado,False,0,0,0,0,UNKNOWN,0,0,0,0,0,0,0,0,0,0,0,0,0,0,0,0,0,0,1,0,0,0,0,0,0,0,0,0,0,0,0,0,0,0,0,0,0,0,0,0,0,0,0,0,0,1,0,0,0,0,0,0,0,-0.6199117631280925,0.15000000000000002,0.6046511627906976
2024,16,perez,8,8,Finished,4.0,53,perez_2024_16,0,finished,classificado,False,0,0,0,0,UNKNOWN,0,0,0,0,0,0,0,0,0,0,0,0,0,0,0,0,0,0,1,0,0,0,0,0,0,0,0,0,0,0,0,0,0,0,0,0,0,0,0,0,0,0,0,0,0,0,0,0,1,0,0,0,0,-0.6199117631280925,0.4,0.6046511627906976
2024,16,albon,9,9,Finished,2.0,53,albon_2024_16,0,finished,classificado,False,0,0,0,0,UNKNOWN,0,0,0,0,0,0,0,0,0,0,0,0,0,0,0,0,0,0,1,0,0,0,0,0,0,0,0,0,0,0,0,0,0,0,0,0,0,0,0,0,0,0,0,0,0,0,0,0,0,0,0,0,1,-0.6199117631280925,0.45,0.6046511627906976
2024,16,kevin_magnussen,13,10,Finished,1.0,53,kevin_magnussen_2024_16,0,finished,classificado,False,0,0,0,0,UNKNOWN,0,0,0,0,0,0,0,0,0,0,0,0,0,0,0,0,0,0,1,0,0,0,0,0,0,0,0,0,0,0,0,0,0,0,0,0,0,0,0,0,0,0,0,1,0,0,0,0,0,0,0,0,0,-0.6199117631280925,0.65,0.6046511627906976
2024,16,alonso,11,11,Finished,0.0,53,alonso_2024_16,0,finished,classificado,False,0,0,0,0,UNKNOWN,0,0,0,0,0,0,0,0,0,0,0,0,0,0,0,0,0,0,1,0,0,0,0,0,0,0,0,0,0,0,0,0,0,0,0,0,0,0,0,0,1,0,0,0,0,0,0,0,0,0,0,0,0,-0.6199117631280925,0.55,0.6046511627906976
2024,16,colapinto,18,12,Finished,0.0,53,colapinto_2024_16,0,finished,classificado,False,0,0,0,0,UNKNOWN,0,0,0,0,0,0,0,0,0,0,0,0,0,0,0,0,0,0,1,0,0,0,0,0,0,0,0,0,0,0,0,0,0,0,0,0,0,0,0,0,0,0,0,0,0,0,0,0,0,0,0,0,1,-0.6199117631280925,0.9,0.6046511627906976
2024,16,ricciardo,12,13,Finished,0.0,53,ricciardo_2024_16,0,finished,classificado,False,0,0,0,0,UNKNOWN,0,0,0,0,0,0,0,0,0,0,0,0,0,0,0,0,0,0,1,0,0,0,0,0,0,0,0,0,0,0,0,0,0,0,0,0,0,0,0,0,0,0,0,0,0,0,0,1,0,0,0,0,0,-0.6199117631280925,0.6000000000000001,0.6046511627906976
2024,16,ocon,15,14,Lapped,0.0,52,ocon_2024_16,0,lapped,classificado,False,0,0,0,0,UNKNOWN,0,0,0,0,0,0,0,0,0,0,0,0,0,0,0,0,0,0,1,0,0,0,0,0,0,0,0,0,0,0,0,0,0,0,0,0,0,0,0,1,0,0,0,0,0,0,0,0,0,0,0,0,0,-0.7150334902929842,0.75,0.5930232558139534
2024,16,gasly,14,15,Lapped,0.0,52,gasly_2024_16,0,lapped,classificado,False,0,0,0,0,UNKNOWN,0,0,0,0,0,0,0,0,0,0,0,0,0,0,0,0,0,0,1,0,0,0,0,0,0,0,0,0,0,0,0,0,0,0,0,0,0,0,0,1,0,0,0,0,0,0,0,0,0,0,0,0,0,-0.7150334902929842,0.7000000000000001,0.5930232558139534
2024,16,bottas,19,16,Lapped,0.0,52,bottas_2024_16,0,lapped,classificado,False,0,0,0,0,UNKNOWN,0,0,0,0,0,0,0,0,0,0,0,0,0,0,0,0,0,0,1,0,0,0,0,0,0,0,0,0,0,0,0,0,0,0,0,0,0,0,0,0,0,0,0,0,0,0,0,0,0,0,1,0,0,-0.7150334902929842,0.9500000000000001,0.5930232558139534
2024,16,hulkenberg,10,17,Lapped,0.0,52,hulkenberg_2024_16,0,lapped,classificado,False,0,0,0,0,UNKNOWN,0,0,0,0,0,0,0,0,0,0,0,0,0,0,0,0,0,0,1,0,0,0,0,0,0,0,0,0,0,0,0,0,0,0,0,0,0,0,0,0,0,0,0,1,0,0,0,0,0,0,0,0,0,-0.7150334902929842,0.5,0.5930232558139534
2024,16,zhou,20,18,Lapped,0.0,52,zhou_2024_16,0,lapped,classificado,False,0,0,0,0,UNKNOWN,0,0,0,0,0,0,0,0,0,0,0,0,0,0,0,0,0,0,1,0,0,0,0,0,0,0,0,0,0,0,0,0,0,0,0,0,0,0,0,0,0,0,0,0,0,0,0,0,0,0,1,0,0,-0.7150334902929842,1.0,0.5930232558139534
2024,16,stroll,17,19,Lapped,0.0,52,stroll_2024_16,0,lapped,classificado,False,0,0,0,0,UNKNOWN,0,0,0,0,0,0,0,0,0,0,0,0,0,0,0,0,0,0,1,0,0,0,0,0,0,0,0,0,0,0,0,0,0,0,0,0,0,0,0,0,1,0,0,0,0,0,0,0,0,0,0,0,0,-0.7150334902929842,0.8500000000000001,0.5930232558139534
2024,17,piastri,2,1,Finished,25.0,51,piastri_2024_17,0,finished,classificado,False,0,0,0,0,UNKNOWN,0,0,0,0,0,1,0,0,0,0,0,0,0,0,0,0,0,0,0,0,0,0,0,0,0,0,0,0,0,0,0,0,0,0,0,0,0,0,0,0,0,0,0,0,1,0,0,0,0,0,0,0,0,-0.8101552174578761,0.1,0.5813953488372092
2024,17,leclerc,1,2,Finished,18.0,51,leclerc_2024_17,0,finished,classificado,False,0,0,0,0,UNKNOWN,0,0,0,0,0,1,0,0,0,0,0,0,0,0,0,0,0,0,0,0,0,0,0,0,0,0,0,0,0,0,0,0,0,0,0,0,0,0,0,0,0,1,0,0,0,0,0,0,0,0,0,0,0,-0.8101552174578761,0.05,0.5813953488372092
2024,17,russell,5,3,Finished,15.0,51,russell_2024_17,0,finished,classificado,False,0,0,0,0,UNKNOWN,0,0,0,0,0,1,0,0,0,0,0,0,0,0,0,0,0,0,0,0,0,0,0,0,0,0,0,0,0,0,0,0,0,0,0,0,0,0,0,0,0,0,0,0,0,1,0,0,0,0,0,0,0,-0.8101552174578761,0.25,0.5813953488372092
2024,17,norris,15,4,Finished,13.0,51,norris_2024_17,0,finished,classificado,False,0,0,0,0,UNKNOWN,0,0,0,0,0,1,0,0,0,0,0,0,0,0,0,0,0,0,0,0,0,0,0,0,0,0,0,0,0,0,0,0,0,0,0,0,0,0,0,0,0,0,0,0,1,0,0,0,0,0,0,0,0,-0.8101552174578761,0.75,0.5813953488372092
2024,17,max_verstappen,6,5,Finished,10.0,51,max_verstappen_2024_17,0,finished,classificado,False,0,0,0,0,UNKNOWN,0,0,0,0,0,1,0,0,0,0,0,0,0,0,0,0,0,0,0,0,0,0,0,0,0,0,0,0,0,0,0,0,0,0,0,0,0,0,0,0,0,0,0,0,0,0,0,0,1,0,0,0,0,-0.8101552174578761,0.30000000000000004,0.5813953488372092
2024,17,alonso,7,6,Finished,8.0,51,alonso_2024_17,0,finished,classificado,False,0,0,0,0,UNKNOWN,0,0,0,0,0,1,0,0,0,0,0,0,0,0,0,0,0,0,0,0,0,0,0,0,0,0,0,0,0,0,0,0,0,0,0,0,0,0,0,0,1,0,0,0,0,0,0,0,0,0,0,0,0,-0.8101552174578761,0.35000000000000003,0.5813953488372092
2024,17,albon,9,7,Finished,6.0,51,albon_2024_17,0,finished,classificado,False,0,0,0,0,UNKNOWN,0,0,0,0,0,1,0,0,0,0,0,0,0,0,0,0,0,0,0,0,0,0,0,0,0,0,0,0,0,0,0,0,0,0,0,0,0,0,0,0,0,0,0,0,0,0,0,0,0,0,0,0,1,-0.8101552174578761,0.45,0.5813953488372092
2024,17,colapinto,8,8,Finished,4.0,51,colapinto_2024_17,0,finished,classificado,False,0,0,0,0,UNKNOWN,0,0,0,0,0,1,0,0,0,0,0,0,0,0,0,0,0,0,0,0,0,0,0,0,0,0,0,0,0,0,0,0,0,0,0,0,0,0,0,0,0,0,0,0,0,0,0,0,0,0,0,0,1,-0.8101552174578761,0.4,0.5813953488372092
2024,17,hamilton,19,9,Finished,2.0,51,hamilton_2024_17,0,finished,classificado,False,0,0,0,0,UNKNOWN,0,0,0,0,0,1,0,0,0,0,0,0,0,0,0,0,0,0,0,0,0,0,0,0,0,0,0,0,0,0,0,0,0,0,0,0,0,0,0,0,0,0,0,0,0,1,0,0,0,0,0,0,0,-0.8101552174578761,0.9500000000000001,0.5813953488372092
2024,17,bearman,10,10,Finished,1.0,51,bearman_2024_17,0,finished,classificado,False,0,0,0,0,UNKNOWN,0,0,0,0,0,1,0,0,0,0,0,0,0,0,0,0,0,0,0,0,0,0,0,0,0,0,0,0,0,0,0,0,0,0,0,0,0,0,0,0,0,0,0,1,0,0,0,0,0,0,0,0,0,-0.8101552174578761,0.5,0.5813953488372092
2024,17,hulkenberg,12,11,Finished,0.0,51,hulkenberg_2024_17,0,finished,classificado,False,0,0,0,0,UNKNOWN,0,0,0,0,0,1,0,0,0,0,0,0,0,0,0,0,0,0,0,0,0,0,0,0,0,0,0,0,0,0,0,0,0,0,0,0,0,0,0,0,0,0,0,1,0,0,0,0,0,0,0,0,0,-0.8101552174578761,0.6000000000000001,0.5813953488372092
2024,17,gasly,18,12,Finished,0.0,51,gasly_2024_17,0,finished,classificado,False,0,0,0,0,UNKNOWN,0,0,0,0,0,1,0,0,0,0,0,0,0,0,0,0,0,0,0,0,0,0,0,0,0,0,0,0,0,0,0,0,0,0,0,0,0,0,0,1,0,0,0,0,0,0,0,0,0,0,0,0,0,-0.8101552174578761,0.9,0.5813953488372092
2024,17,ricciardo,14,13,Finished,0.0,51,ricciardo_2024_17,0,finished,classificado,False,0,0,0,0,UNKNOWN,0,0,0,0,0,1,0,0,0,0,0,0,0,0,0,0,0,0,0,0,0,0,0,0,0,0,0,0,0,0,0,0,0,0,0,0,0,0,0,0,0,0,0,0,0,0,0,1,0,0,0,0,0,-0.8101552174578761,0.7000000000000001,0.5813953488372092
2024,17,zhou,17,14,Finished,0.0,51,zhou_2024_17,0,finished,classificado,False,0,0,0,0,UNKNOWN,0,0,0,0,0,1,0,0,0,0,0,0,0,0,0,0,0,0,0,0,0,0,0,0,0,0,0,0,0,0,0,0,0,0,0,0,0,0,0,0,0,0,0,0,0,0,0,0,0,0,1,0,0,-0.8101552174578761,0.8500000000000001,0.5813953488372092
2024,17,ocon,20,15,Lapped,0.0,50,ocon_2024_17,0,lapped,classificado,False,0,0,0,0,UNKNOWN,0,0,0,0,0,1,0,0,0,0,0,0,0,0,0,0,0,0,0,0,0,0,0,0,0,0,0,0,0,0,0,0,0,0,0,0,0,0,0,1,0,0,0,0,0,0,0,0,0,0,0,0,0,-0.9052769446227679,1.0,0.5697674418604651
2024,17,bottas,16,16,Lapped,0.0,50,bottas_2024_17,0,lapped,classificado,False,0,0,0,0,UNKNOWN,0,0,0,0,0,1,0,0,0,0,0,0,0,0,0,0,0,0,0,0,0,0,0,0,0,0,0,0,0,0,0,0,0,0,0,0,0,0,0,0,0,0,0,0,0,0,0,0,0,0,1,0,0,-0.9052769446227679,0.8,0.5697674418604651
2024,18,norris,1,1,Finished,25.0,62,norris_2024_18,0,finished,classificado,False,0,0,0,0,UNKNOWN,0,0,0,0,0,0,0,0,0,0,0,0,0,0,0,0,0,0,0,0,0,0,0,0,0,0,0,0,0,0,1,0,0,0,0,0,0,0,0,0,0,0,0,0,1,0,0,0,0,0,0,0,0,0.23618378135593388,0.05,0.7093023255813953
2024,18,max_verstappen,2,2,Finished,18.0,62,max_verstappen_2024_18,0,finished,classificado,False,0,0,0,0,UNKNOWN,0,0,0,0,0,0,0,0,0,0,0,0,0,0,0,0,0,0,0,0,0,0,0,0,0,0,0,0,0,0,1,0,0,0,0,0,0,0,0,0,0,0,0,0,0,0,0,0,1,0,0,0,0,0.23618378135593388,0.1,0.7093023255813953
2024,18,piastri,5,3,Finished,15.0,62,piastri_2024_18,0,finished,classificado,False,0,0,0,0,UNKNOWN,0,0,0,0,0,0,0,0,0,0,0,0,0,0,0,0,0,0,0,0,0,0,0,0,0,0,0,0,0,0,1,0,0,0,0,0,0,0,0,0,0,0,0,0,1,0,0,0,0,0,0,0,0,0.23618378135593388,0.25,0.7093023255813953
2024,18,russell,4,4,Finished,12.0,62,russell_2024_18,0,finished,classificado,False,0,0,0,0,UNKNOWN,0,0,0,0,0,0,0,0,0,0,0,0,0,0,0,0,0,0,0,0,0,0,0,0,0,0,0,0,0,0,1,0,0,0,0,0,0,0,0,0,0,0,0,0,0,1,0,0,0,0,0,0,0,0.23618378135593388,0.2,0.7093023255813953
2024,18,leclerc,9,5,Finished,10.0,62,leclerc_2024_18,0,finished,classificado,False,0,0,0,0,UNKNOWN,0,0,0,0,0,0,0,0,0,0,0,0,0,0,0,0,0,0,0,0,0,0,0,0,0,0,0,0,0,0,1,0,0,0,0,0,0,0,0,0,0,1,0,0,0,0,0,0,0,0,0,0,0,0.23618378135593388,0.45,0.7093023255813953
2024,18,hamilton,3,6,Finished,8.0,62,hamilton_2024_18,0,finished,classificado,False,0,0,0,0,UNKNOWN,0,0,0,0,0,0,0,0,0,0,0,0,0,0,0,0,0,0,0,0,0,0,0,0,0,0,0,0,0,0,1,0,0,0,0,0,0,0,0,0,0,0,0,0,0,1,0,0,0,0,0,0,0,0.23618378135593388,0.15000000000000002,0.7093023255813953
2024,18,sainz,10,7,Finished,6.0,62,sainz_2024_18,0,finished,classificado,False,0,0,0,0,UNKNOWN,0,0,0,0,0,0,0,0,0,0,0,0,0,0,0,0,0,0,0,0,0,0,0,0,0,0,0,0,0,0,1,0,0,0,0,0,0,0,0,0,0,1,0,0,0,0,0,0,0,0,0,0,0,0.23618378135593388,0.5,0.7093023255813953
2024,18,alonso,7,8,Lapped,4.0,61,alonso_2024_18,0,lapped,classificado,False,0,0,0,0,UNKNOWN,0,0,0,0,0,0,0,0,0,0,0,0,0,0,0,0,0,0,0,0,0,0,0,0,0,0,0,0,0,0,1,0,0,0,0,0,0,0,0,0,1,0,0,0,0,0,0,0,0,0,0,0,0,0.14106205419104206,0.35000000000000003,0.6976744186046512
2024,18,hulkenberg,6,9,Lapped,2.0,61,hulkenberg_2024_18,0,lapped,classificado,False,0,0,0,0,UNKNOWN,0,0,0,0,0,0,0,0,0,0,0,0,0,0,0,0,0,0,0,0,0,0,0,0,0,0,0,0,0,0,1,0,0,0,0,0,0,0,0,0,0,0,0,1,0,0,0,0,0,0,0,0,0,0.14106205419104206,0.30000000000000004,0.6976744186046512
2024,18,perez,13,10,Lapped,1.0,61,perez_2024_18,0,lapped,classificado,False,0,0,0,0,UNKNOWN,0,0,0,0,0,0,0,0,0,0,0,0,0,0,0,0,0,0,0,0,0,0,0,0,0,0,0,0,0,0,1,0,0,0,0,0,0,0,0,0,0,0,0,0,0,0,0,0,1,0,0,0,0,0.14106205419104206,0.65,0.6976744186046512
2024,18,colapinto,12,11,Lapped,0.0,61,colapinto_2024_18,0,lapped,classificado,False,0,0,0,0,UNKNOWN,0,0,0,0,0,0,0,0,0,0,0,0,0,0,0,0,0,0,0,0,0,0,0,0,0,0,0,0,0,0,1,0,0,0,0,0,0,0,0,0,0,0,0,0,0,0,0,0,0,0,0,0,1,0.14106205419104206,0.6000000000000001,0.6976744186046512
2024,18,tsunoda,8,12,Lapped,0.0,61,tsunoda_2024_18,0,lapped,classificado,False,0,0,0,0,UNKNOWN,0,0,0,0,0,0,0,0,0,0,0,0,0,0,0,0,0,0,0,0,0,0,0,0,0,0,0,0,0,0,1,0,0,0,0,0,0,0,0,0,0,0,0,0,0,0,0,1,0,0,0,0,0,0.14106205419104206,0.4,0.6976744186046512
2024,18,ocon,15,13,Lapped,0.0,61,ocon_2024_18,0,lapped,classificado,False,0,0,0,0,UNKNOWN,0,0,0,0,0,0,0,0,0,0,0,0,0,0,0,0,0,0,0,0,0,0,0,0,0,0,0,0,0,0,1,0,0,0,0,0,0,0,0,1,0,0,0,0,0,0,0,0,0,0,0,0,0,0.14106205419104206,0.75,0.6976744186046512
2024,18,stroll,17,14,Lapped,0.0,61,stroll_2024_18,0,lapped,classificado,False,0,0,0,0,UNKNOWN,0,0,0,0,0,0,0,0,0,0,0,0,0,0,0,0,0,0,0,0,0,0,0,0,0,0,0,0,0,0,1,0,0,0,0,0,0,0,0,0,1,0,0,0,0,0,0,0,0,0,0,0,0,0.14106205419104206,0.8500000000000001,0.6976744186046512
2024,18,zhou,20,15,Lapped,0.0,61,zhou_2024_18,0,lapped,classificado,False,0,0,0,0,UNKNOWN,0,0,0,0,0,0,0,0,0,0,0,0,0,0,0,0,0,0,0,0,0,0,0,0,0,0,0,0,0,0,1,0,0,0,0,0,0,0,0,0,0,0,0,0,0,0,0,0,0,0,1,0,0,0.14106205419104206,1.0,0.6976744186046512
2024,18,bottas,19,16,Lapped,0.0,61,bottas_2024_18,0,lapped,classificado,False,0,0,0,0,UNKNOWN,0,0,0,0,0,0,0,0,0,0,0,0,0,0,0,0,0,0,0,0,0,0,0,0,0,0,0,0,0,0,1,0,0,0,0,0,0,0,0,0,0,0,0,0,0,0,0,0,0,0,1,0,0,0.14106205419104206,0.9500000000000001,0.6976744186046512
2024,18,gasly,18,17,Lapped,0.0,61,gasly_2024_18,0,lapped,classificado,False,0,0,0,0,UNKNOWN,0,0,0,0,0,0,0,0,0,0,0,0,0,0,0,0,0,0,0,0,0,0,0,0,0,0,0,0,0,0,1,0,0,0,0,0,0,0,0,1,0,0,0,0,0,0,0,0,0,0,0,0,0,0.14106205419104206,0.9,0.6976744186046512
2024,18,ricciardo,16,18,Lapped,0.0,61,ricciardo_2024_18,0,lapped,classificado,False,0,0,0,0,UNKNOWN,0,0,0,0,0,0,0,0,0,0,0,0,0,0,0,0,0,0,0,0,0,0,0,0,0,0,0,0,0,0,1,0,0,0,0,0,0,0,0,0,0,0,0,0,0,0,0,1,0,0,0,0,0,0.14106205419104206,0.8,0.6976744186046512
2024,19,leclerc,4,1,Finished,25.0,56,leclerc_2024_19,0,finished,classificado,False,0,0,0,0,UNKNOWN,0,0,0,0,0,0,0,0,0,0,0,0,0,0,0,0,0,0,0,0,0,0,0,0,0,0,0,0,0,0,0,0,0,0,0,0,1,0,0,0,0,1,0,0,0,0,0,0,0,0,0,0,0,-0.334546581633417,0.2,0.6395348837209303
2024,19,sainz,3,2,Finished,18.0,56,sainz_2024_19,0,finished,classificado,False,0,0,0,0,UNKNOWN,0,0,0,0,0,0,0,0,0,0,0,0,0,0,0,0,0,0,0,0,0,0,0,0,0,0,0,0,0,0,0,0,0,0,0,0,1,0,0,0,0,1,0,0,0,0,0,0,0,0,0,0,0,-0.334546581633417,0.15000000000000002,0.6395348837209303
2024,19,max_verstappen,2,3,Finished,15.0,56,max_verstappen_2024_19,0,finished,classificado,False,0,0,0,0,UNKNOWN,0,0,0,0,0,0,0,0,0,0,0,0,0,0,0,0,0,0,0,0,0,0,0,0,0,0,0,0,0,0,0,0,0,0,0,0,1,0,0,0,0,0,0,0,0,0,0,0,1,0,0,0,0,-0.334546581633417,0.1,0.6395348837209303
2024,19,norris,1,4,Finished,12.0,56,norris_2024_19,0,finished,classificado,False,0,0,0,0,UNKNOWN,0,0,0,0,0,0,0,0,0,0,0,0,0,0,0,0,0,0,0,0,0,0,0,0,0,0,0,0,0,0,0,0,0,0,0,0,1,0,0,0,0,0,0,0,1,0,0,0,0,0,0,0,0,-0.334546581633417,0.05,0.6395348837209303
2024,19,piastri,5,5,Finished,10.0,56,piastri_2024_19,0,finished,classificado,False,0,0,0,0,UNKNOWN,0,0,0,0,0,0,0,0,0,0,0,0,0,0,0,0,0,0,0,0,0,0,0,0,0,0,0,0,0,0,0,0,0,0,0,0,1,0,0,0,0,0,0,0,1,0,0,0,0,0,0,0,0,-0.334546581633417,0.25,0.6395348837209303
2024,19,russell,20,6,Finished,8.0,56,russell_2024_19,0,finished,classificado,False,0,0,0,0,UNKNOWN,0,0,0,0,0,0,0,0,0,0,0,0,0,0,0,0,0,0,0,0,0,0,0,0,0,0,0,0,0,0,0,0,0,0,0,0,1,0,0,0,0,0,0,0,0,1,0,0,0,0,0,0,0,-0.334546581633417,1.0,0.6395348837209303
2024,19,perez,9,7,Finished,6.0,56,perez_2024_19,0,finished,classificado,False,0,0,0,0,UNKNOWN,0,0,0,0,0,0,0,0,0,0,0,0,0,0,0,0,0,0,0,0,0,0,0,0,0,0,0,0,0,0,0,0,0,0,0,0,1,0,0,0,0,0,0,0,0,0,0,0,1,0,0,0,0,-0.334546581633417,0.45,0.6395348837209303
2024,19,hulkenberg,11,8,Finished,4.0,56,hulkenberg_2024_19,0,finished,classificado,False,0,0,0,0,UNKNOWN,0,0,0,0,0,0,0,0,0,0,0,0,0,0,0,0,0,0,0,0,0,0,0,0,0,0,0,0,0,0,0,0,0,0,0,0,1,0,0,0,0,0,0,1,0,0,0,0,0,0,0,0,0,-0.334546581633417,0.55,0.6395348837209303
2024,19,lawson,19,9,Finished,2.0,56,lawson_2024_19,0,finished,classificado,False,0,0,0,0,UNKNOWN,0,0,0,0,0,0,0,0,0,0,0,0,0,0,0,0,0,0,0,0,0,0,0,0,0,0,0,0,0,0,0,0,0,0,0,0,1,0,0,0,0,0,0,0,0,0,0,1,0,0,0,0,0,-0.334546581633417,0.9500000000000001,0.6395348837209303
2024,19,colapinto,15,10,Finished,1.0,56,colapinto_2024_19,0,finished,classificado,False,0,0,0,0,UNKNOWN,0,0,0,0,0,0,0,0,0,0,0,0,0,0,0,0,0,0,0,0,0,0,0,0,0,0,0,0,0,0,0,0,0,0,0,0,1,0,0,0,0,0,0,0,0,0,0,0,0,0,0,0,1,-0.334546581633417,0.75,0.6395348837209303
2024,19,kevin_magnussen,8,11,Finished,0.0,56,kevin_magnussen_2024_19,0,finished,classificado,False,0,0,0,0,UNKNOWN,0,0,0,0,0,0,0,0,0,0,0,0,0,0,0,0,0,0,0,0,0,0,0,0,0,0,0,0,0,0,0,0,0,0,0,0,1,0,0,0,0,0,0,1,0,0,0,0,0,0,0,0,0,-0.334546581633417,0.4,0.6395348837209303
2024,19,gasly,6,12,Finished,0.0,56,gasly_2024_19,0,finished,classificado,False,0,0,0,0,UNKNOWN,0,0,0,0,0,0,0,0,0,0,0,0,0,0,0,0,0,0,0,0,0,0,0,0,0,0,0,0,0,0,0,0,0,0,0,0,1,0,0,1,0,0,0,0,0,0,0,0,0,0,0,0,0,-0.334546581633417,0.30000000000000004,0.6395348837209303
2024,19,alonso,7,13,Lapped,0.0,55,alonso_2024_19,0,lapped,classificado,False,0,0,0,0,UNKNOWN,0,0,0,0,0,0,0,0,0,0,0,0,0,0,0,0,0,0,0,0,0,0,0,0,0,0,0,0,0,0,0,0,0,0,0,0,1,0,0,0,1,0,0,0,0,0,0,0,0,0,0,0,0,-0.4296683087983088,0.35000000000000003,0.627906976744186
2024,19,tsunoda,10,14,Lapped,0.0,55,tsunoda_2024_19,0,lapped,classificado,False,0,0,0,0,UNKNOWN,0,0,0,0,0,0,0,0,0,0,0,0,0,0,0,0,0,0,0,0,0,0,0,0,0,0,0,0,0,0,0,0,0,0,0,0,1,0,0,0,0,0,0,0,0,0,0,1,0,0,0,0,0,-0.4296683087983088,0.5,0.627906976744186
2024,19,stroll,13,15,Lapped,0.0,55,stroll_2024_19,0,lapped,classificado,False,0,0,0,0,UNKNOWN,0,0,0,0,0,0,0,0,0,0,0,0,0,0,0,0,0,0,0,0,0,0,0,0,0,0,0,0,0,0,0,0,0,0,0,0,1,0,0,0,1,0,0,0,0,0,0,0,0,0,0,0,0,-0.4296683087983088,0.65,0.627906976744186
2024,19,albon,14,16,Lapped,0.0,55,albon_2024_19,0,lapped,classificado,False,0,0,0,0,UNKNOWN,0,0,0,0,0,0,0,0,0,0,0,0,0,0,0,0,0,0,0,0,0,0,0,0,0,0,0,0,0,0,0,0,0,0,0,0,1,0,0,0,0,0,0,0,0,0,0,0,0,0,0,0,1,-0.4296683087983088,0.7000000000000001,0.627906976744186
2024,19,bottas,16,17,Lapped,0.0,55,bottas_2024_19,0,lapped,classificado,False,0,0,0,0,UNKNOWN,0,0,0,0,0,0,0,0,0,0,0,0,0,0,0,0,0,0,0,0,0,0,0,0,0,0,0,0,0,0,0,0,0,0,0,0,1,0,0,0,0,0,0,0,0,0,0,0,0,0,1,0,0,-0.4296683087983088,0.8,0.627906976744186
2024,19,ocon,12,18,Lapped,0.0,55,ocon_2024_19,0,lapped,classificado,False,0,0,0,0,UNKNOWN,0,0,0,0,0,0,0,0,0,0,0,0,0,0,0,0,0,0,0,0,0,0,0,0,0,0,0,0,0,0,0,0,0,0,0,0,1,0,0,1,0,0,0,0,0,0,0,0,0,0,0,0,0,-0.4296683087983088,0.6000000000000001,0.627906976744186
2024,19,zhou,18,19,Lapped,0.0,55,zhou_2024_19,0,lapped,classificado,False,0,0,0,0,UNKNOWN,0,0,0,0,0,0,0,0,0,0,0,0,0,0,0,0,0,0,0,0,0,0,0,0,0,0,0,0,0,0,0,0,0,0,0,0,1,0,0,0,0,0,0,0,0,0,0,0,0,0,1,0,0,-0.4296683087983088,0.9,0.627906976744186
2024,20,sainz,1,1,Finished,25.0,71,sainz_2024_20,0,finished,classificado,False,0,0,0,0,UNKNOWN,0,0,0,0,0,0,0,0,0,0,0,0,0,0,0,0,0,0,0,0,0,0,1,0,0,0,0,0,0,0,0,0,0,0,0,0,0,0,0,0,0,1,0,0,0,0,0,0,0,0,0,0,0,1.0922793258399601,0.05,0.813953488372093
2024,20,norris,3,2,Finished,18.0,71,norris_2024_20,0,finished,classificado,False,0,0,0,0,UNKNOWN,0,0,0,0,0,0,0,0,0,0,0,0,0,0,0,0,0,0,0,0,0,0,1,0,0,0,0,0,0,0,0,0,0,0,0,0,0,0,0,0,0,0,0,0,1,0,0,0,0,0,0,0,0,1.0922793258399601,0.15000000000000002,0.813953488372093
2024,20,leclerc,4,3,Finished,16.0,71,leclerc_2024_20,0,finished,classificado,False,0,0,0,0,UNKNOWN,0,0,0,0,0,0,0,0,0,0,0,0,0,0,0,0,0,0,0,0,0,0,1,0,0,0,0,0,0,0,0,0,0,0,0,0,0,0,0,0,0,1,0,0,0,0,0,0,0,0,0,0,0,1.0922793258399601,0.2,0.813953488372093
2024,20,hamilton,6,4,Finished,12.0,71,hamilton_2024_20,0,finished,classificado,False,0,0,0,0,UNKNOWN,0,0,0,0,0,0,0,0,0,0,0,0,0,0,0,0,0,0,0,0,0,0,1,0,0,0,0,0,0,0,0,0,0,0,0,0,0,0,0,0,0,0,0,0,0,1,0,0,0,0,0,0,0,1.0922793258399601,0.30000000000000004,0.813953488372093
2024,20,russell,5,5,Finished,10.0,71,russell_2024_20,0,finished,classificado,False,0,0,0,0,UNKNOWN,0,0,0,0,0,0,0,0,0,0,0,0,0,0,0,0,0,0,0,0,0,0,1,0,0,0,0,0,0,0,0,0,0,0,0,0,0,0,0,0,0,0,0,0,0,1,0,0,0,0,0,0,0,1.0922793258399601,0.25,0.813953488372093
2024,20,max_verstappen,2,6,Finished,8.0,71,max_verstappen_2024_20,0,finished,classificado,False,0,0,0,0,UNKNOWN,0,0,0,0,0,0,0,0,0,0,0,0,0,0,0,0,0,0,0,0,0,0,1,0,0,0,0,0,0,0,0,0,0,0,0,0,0,0,0,0,0,0,0,0,0,0,0,0,1,0,0,0,0,1.0922793258399601,0.1,0.813953488372093
2024,20,kevin_magnussen,7,7,Finished,6.0,71,kevin_magnussen_2024_20,0,finished,classificado,False,0,0,0,0,UNKNOWN,0,0,0,0,0,0,0,0,0,0,0,0,0,0,0,0,0,0,0,0,0,0,1,0,0,0,0,0,0,0,0,0,0,0,0,0,0,0,0,0,0,0,0,1,0,0,0,0,0,0,0,0,0,1.0922793258399601,0.35000000000000003,0.813953488372093
2024,20,piastri,17,8,Finished,4.0,71,piastri_2024_20,0,finished,classificado,False,0,0,0,0,UNKNOWN,0,0,0,0,0,0,0,0,0,0,0,0,0,0,0,0,0,0,0,0,0,0,1,0,0,0,0,0,0,0,0,0,0,0,0,0,0,0,0,0,0,0,0,0,1,0,0,0,0,0,0,0,0,1.0922793258399601,0.8500000000000001,0.813953488372093
2024,20,hulkenberg,10,9,Lapped,2.0,70,hulkenberg_2024_20,0,lapped,classificado,False,0,0,0,0,UNKNOWN,0,0,0,0,0,0,0,0,0,0,0,0,0,0,0,0,0,0,0,0,0,0,1,0,0,0,0,0,0,0,0,0,0,0,0,0,0,0,0,0,0,0,0,1,0,0,0,0,0,0,0,0,0,0.9971575986750684,0.5,0.8023255813953488
2024,20,gasly,8,10,Lapped,1.0,70,gasly_2024_20,0,lapped,classificado,False,0,0,0,0,UNKNOWN,0,0,0,0,0,0,0,0,0,0,0,0,0,0,0,0,0,0,0,0,0,0,1,0,0,0,0,0,0,0,0,0,0,0,0,0,0,0,0,1,0,0,0,0,0,0,0,0,0,0,0,0,0,0.9971575986750684,0.4,0.8023255813953488
2024,20,stroll,14,11,Lapped,0.0,70,stroll_2024_20,0,lapped,classificado,False,0,0,0,0,UNKNOWN,0,0,0,0,0,0,0,0,0,0,0,0,0,0,0,0,0,0,0,0,0,0,1,0,0,0,0,0,0,0,0,0,0,0,0,0,0,0,0,0,1,0,0,0,0,0,0,0,0,0,0,0,0,0.9971575986750684,0.7000000000000001,0.8023255813953488
2024,20,colapinto,16,12,Lapped,0.0,70,colapinto_2024_20,0,lapped,classificado,False,0,0,0,0,UNKNOWN,0,0,0,0,0,0,0,0,0,0,0,0,0,0,0,0,0,0,0,0,0,0,1,0,0,0,0,0,0,0,0,0,0,0,0,0,0,0,0,0,0,0,0,0,0,0,0,0,0,0,0,0,1,0.9971575986750684,0.8,0.8023255813953488
2024,20,ocon,0,13,Lapped,0.0,70,ocon_2024_20,1,lapped,classificado,False,0,0,0,0,UNKNOWN,0,0,0,0,0,0,0,0,0,0,0,0,0,0,0,0,0,0,0,0,0,0,1,0,0,0,0,0,0,0,0,0,0,0,0,0,0,0,0,1,0,0,0,0,0,0,0,0,0,0,0,0,0,0.9971575986750684,0.0,0.8023255813953488
2024,20,bottas,15,14,Lapped,0.0,70,bottas_2024_20,0,lapped,classificado,False,0,0,0,0,UNKNOWN,0,0,0,0,0,0,0,0,0,0,0,0,0,0,0,0,0,0,0,0,0,0,1,0,0,0,0,0,0,0,0,0,0,0,0,0,0,0,0,0,0,0,0,0,0,0,0,0,0,0,1,0,0,0.9971575986750684,0.75,0.8023255813953488
2024,20,zhou,19,15,Lapped,0.0,70,zhou_2024_20,0,lapped,classificado,False,0,0,0,0,UNKNOWN,0,0,0,0,0,0,0,0,0,0,0,0,0,0,0,0,0,0,0,0,0,0,1,0,0,0,0,0,0,0,0,0,0,0,0,0,0,0,0,0,0,0,0,0,0,0,0,0,0,0,1,0,0,0.9971575986750684,0.9500000000000001,0.8023255813953488
2024,20,lawson,12,16,Lapped,0.0,70,lawson_2024_20,0,lapped,classificado,False,0,0,0,0,UNKNOWN,0,0,0,0,0,0,0,0,0,0,0,0,0,0,0,0,0,0,0,0,0,0,1,0,0,0,0,0,0,0,0,0,0,0,0,0,0,0,0,0,0,0,0,0,0,0,0,1,0,0,0,0,0,0.9971575986750684,0.6000000000000001,0.8023255813953488
2024,20,perez,18,17,Lapped,0.0,70,perez_2024_20,0,lapped,classificado,False,0,0,0,0,UNKNOWN,0,0,0,0,0,0,0,0,0,0,0,0,0,0,0,0,0,0,0,0,0,0,1,0,0,0,0,0,0,0,0,0,0,0,0,0,0,0,0,0,0,0,0,0,0,0,0,0,1,0,0,0,0,0.9971575986750684,0.9,0.8023255813953488
2024,21,max_verstappen,17,1,Finished,26.0,69,max_verstappen_2024_21,0,finished,classificado,False,0,0,0,0,UNKNOWN,0,0,0,0,0,0,0,0,0,0,0,0,0,0,0,0,0,0,0,0,0,0,0,0,0,0,0,0,0,0,0,0,0,1,0,0,0,0,0,0,0,0,0,0,0,0,0,0,1,0,0,0,0,0.9020358715101766,0.8500000000000001,0.7906976744186046
2024,21,ocon,4,2,Finished,18.0,69,ocon_2024_21,0,finished,classificado,False,0,0,0,0,UNKNOWN,0,0,0,0,0,0,0,0,0,0,0,0,0,0,0,0,0,0,0,0,0,0,0,0,0,0,0,0,0,0,0,0,0,1,0,0,0,0,0,1,0,0,0,0,0,0,0,0,0,0,0,0,0,0.9020358715101766,0.2,0.7906976744186046
2024,21,gasly,13,3,Finished,15.0,69,gasly_2024_21,0,finished,classificado,False,0,0,0,0,UNKNOWN,0,0,0,0,0,0,0,0,0,0,0,0,0,0,0,0,0,0,0,0,0,0,0,0,0,0,0,0,0,0,0,0,0,1,0,0,0,0,0,1,0,0,0,0,0,0,0,0,0,0,0,0,0,0.9020358715101766,0.65,0.7906976744186046
2024,21,russell,2,4,Finished,12.0,69,russell_2024_21,0,finished,classificado,False,0,0,0,0,UNKNOWN,0,0,0,0,0,0,0,0,0,0,0,0,0,0,0,0,0,0,0,0,0,0,0,0,0,0,0,0,0,0,0,0,0,1,0,0,0,0,0,0,0,0,0,0,0,1,0,0,0,0,0,0,0,0.9020358715101766,0.1,0.7906976744186046
2024,21,leclerc,6,5,Finished,10.0,69,leclerc_2024_21,0,finished,classificado,False,0,0,0,0,UNKNOWN,0,0,0,0,0,0,0,0,0,0,0,0,0,0,0,0,0,0,0,0,0,0,0,0,0,0,0,0,0,0,0,0,0,1,0,0,0,0,0,0,0,1,0,0,0,0,0,0,0,0,0,0,0,0.9020358715101766,0.30000000000000004,0.7906976744186046
2024,21,norris,1,6,Finished,8.0,69,norris_2024_21,0,finished,classificado,False,0,0,0,0,UNKNOWN,0,0,0,0,0,0,0,0,0,0,0,0,0,0,0,0,0,0,0,0,0,0,0,0,0,0,0,0,0,0,0,0,0,1,0,0,0,0,0,0,0,0,0,0,1,0,0,0,0,0,0,0,0,0.9020358715101766,0.05,0.7906976744186046
2024,21,tsunoda,3,7,Finished,6.0,69,tsunoda_2024_21,0,finished,classificado,False,0,0,0,0,UNKNOWN,0,0,0,0,0,0,0,0,0,0,0,0,0,0,0,0,0,0,0,0,0,0,0,0,0,0,0,0,0,0,0,0,0,1,0,0,0,0,0,0,0,0,0,0,0,0,0,1,0,0,0,0,0,0.9020358715101766,0.15000000000000002,0.7906976744186046
2024,21,piastri,8,8,Finished,4.0,69,piastri_2024_21,0,finished,classificado,False,0,0,0,0,UNKNOWN,0,0,0,0,0,0,0,0,0,0,0,0,0,0,0,0,0,0,0,0,0,0,0,0,0,0,0,0,0,0,0,0,0,1,0,0,0,0,0,0,0,0,0,0,1,0,0,0,0,0,0,0,0,0.9020358715101766,0.4,0.7906976744186046
2024,21,lawson,5,9,Finished,2.0,69,lawson_2024_21,0,finished,classificado,False,0,0,0,0,UNKNOWN,0,0,0,0,0,0,0,0,0,0,0,0,0,0,0,0,0,0,0,0,0,0,0,0,0,0,0,0,0,0,0,0,0,1,0,0,0,0,0,0,0,0,0,0,0,0,0,1,0,0,0,0,0,0.9020358715101766,0.25,0.7906976744186046
2024,21,hamilton,14,10,Finished,1.0,69,hamilton_2024_21,0,finished,classificado,False,0,0,0,0,UNKNOWN,0,0,0,0,0,0,0,0,0,0,0,0,0,0,0,0,0,0,0,0,0,0,0,0,0,0,0,0,0,0,0,0,0,1,0,0,0,0,0,0,0,0,0,0,0,1,0,0,0,0,0,0,0,0.9020358715101766,0.7000000000000001,0.7906976744186046
2024,21,perez,12,11,Finished,0.0,69,perez_2024_21,0,finished,classificado,False,0,0,0,0,UNKNOWN,0,0,0,0,0,0,0,0,0,0,0,0,0,0,0,0,0,0,0,0,0,0,0,0,0,0,0,0,0,0,0,0,0,1,0,0,0,0,0,0,0,0,0,0,0,0,0,0,1,0,0,0,0,0.9020358715101766,0.6000000000000001,0.7906976744186046
2024,21,bearman,15,12,Finished,0.0,69,bearman_2024_21,0,finished,classificado,False,0,0,0,0,UNKNOWN,0,0,0,0,0,0,0,0,0,0,0,0,0,0,0,0,0,0,0,0,0,0,0,0,0,0,0,0,0,0,0,0,0,1,0,0,0,0,0,0,0,0,0,1,0,0,0,0,0,0,0,0,0,0.9020358715101766,0.75,0.7906976744186046
2024,21,bottas,11,13,Finished,0.0,69,bottas_2024_21,0,finished,classificado,False,0,0,0,0,UNKNOWN,0,0,0,0,0,0,0,0,0,0,0,0,0,0,0,0,0,0,0,0,0,0,0,0,0,0,0,0,0,0,0,0,0,1,0,0,0,0,0,0,0,0,0,0,0,0,0,0,0,0,1,0,0,0.9020358715101766,0.55,0.7906976744186046
2024,21,alonso,9,14,Finished,0.0,69,alonso_2024_21,0,finished,classificado,False,0,0,0,0,UNKNOWN,0,0,0,0,0,0,0,0,0,0,0,0,0,0,0,0,0,0,0,0,0,0,0,0,0,0,0,0,0,0,0,0,0,1,0,0,0,0,0,0,1,0,0,0,0,0,0,0,0,0,0,0,0,0.9020358715101766,0.45,0.7906976744186046
2024,21,zhou,19,15,Finished,0.0,69,zhou_2024_21,0,finished,classificado,False,0,0,0,0,UNKNOWN,0,0,0,0,0,0,0,0,0,0,0,0,0,0,0,0,0,0,0,0,0,0,0,0,0,0,0,0,0,0,0,0,0,1,0,0,0,0,0,0,0,0,0,0,0,0,0,0,0,0,1,0,0,0.9020358715101766,0.9500000000000001,0.7906976744186046
2024,22,russell,1,1,Finished,25.0,50,russell_2024_22,0,finished,classificado,False,0,0,0,0,UNKNOWN,0,0,0,0,0,0,0,0,0,0,0,0,0,0,0,0,0,0,0,0,1,0,0,0,0,0,0,0,0,0,0,0,0,0,0,0,0,0,0,0,0,0,0,0,0,1,0,0,0,0,0,0,0,-0.9052769446227679,0.05,0.5697674418604651
2024,22,hamilton,10,2,Finished,18.0,50,hamilton_2024_22,0,finished,classificado,False,0,0,0,0,UNKNOWN,0,0,0,0,0,0,0,0,0,0,0,0,0,0,0,0,0,0,0,0,1,0,0,0,0,0,0,0,0,0,0,0,0,0,0,0,0,0,0,0,0,0,0,0,0,1,0,0,0,0,0,0,0,-0.9052769446227679,0.5,0.5697674418604651
2024,22,sainz,2,3,Finished,15.0,50,sainz_2024_22,0,finished,classificado,False,0,0,0,0,UNKNOWN,0,0,0,0,0,0,0,0,0,0,0,0,0,0,0,0,0,0,0,0,1,0,0,0,0,0,0,0,0,0,0,0,0,0,0,0,0,0,0,0,0,1,0,0,0,0,0,0,0,0,0,0,0,-0.9052769446227679,0.1,0.5697674418604651
2024,22,leclerc,4,4,Finished,12.0,50,leclerc_2024_22,0,finished,classificado,False,0,0,0,0,UNKNOWN,0,0,0,0,0,0,0,0,0,0,0,0,0,0,0,0,0,0,0,0,1,0,0,0,0,0,0,0,0,0,0,0,0,0,0,0,0,0,0,0,0,1,0,0,0,0,0,0,0,0,0,0,0,-0.9052769446227679,0.2,0.5697674418604651
2024,22,max_verstappen,5,5,Finished,10.0,50,max_verstappen_2024_22,0,finished,classificado,False,0,0,0,0,UNKNOWN,0,0,0,0,0,0,0,0,0,0,0,0,0,0,0,0,0,0,0,0,1,0,0,0,0,0,0,0,0,0,0,0,0,0,0,0,0,0,0,0,0,0,0,0,0,0,0,0,1,0,0,0,0,-0.9052769446227679,0.25,0.5697674418604651
2024,22,norris,6,6,Finished,9.0,50,norris_2024_22,0,finished,classificado,False,0,0,0,0,UNKNOWN,0,0,0,0,0,0,0,0,0,0,0,0,0,0,0,0,0,0,0,0,1,0,0,0,0,0,0,0,0,0,0,0,0,0,0,0,0,0,0,0,0,0,0,0,1,0,0,0,0,0,0,0,0,-0.9052769446227679,0.30000000000000004,0.5697674418604651
2024,22,piastri,8,7,Finished,6.0,50,piastri_2024_22,0,finished,classificado,False,0,0,0,0,UNKNOWN,0,0,0,0,0,0,0,0,0,0,0,0,0,0,0,0,0,0,0,0,1,0,0,0,0,0,0,0,0,0,0,0,0,0,0,0,0,0,0,0,0,0,0,0,1,0,0,0,0,0,0,0,0,-0.9052769446227679,0.4,0.5697674418604651
2024,22,hulkenberg,9,8,Finished,4.0,50,hulkenberg_2024_22,0,finished,classificado,False,0,0,0,0,UNKNOWN,0,0,0,0,0,0,0,0,0,0,0,0,0,0,0,0,0,0,0,0,1,0,0,0,0,0,0,0,0,0,0,0,0,0,0,0,0,0,0,0,0,0,0,1,0,0,0,0,0,0,0,0,0,-0.9052769446227679,0.45,0.5697674418604651
2024,22,tsunoda,7,9,Finished,2.0,50,tsunoda_2024_22,0,finished,classificado,False,0,0,0,0,UNKNOWN,0,0,0,0,0,0,0,0,0,0,0,0,0,0,0,0,0,0,0,0,1,0,0,0,0,0,0,0,0,0,0,0,0,0,0,0,0,0,0,0,0,0,0,0,0,0,0,1,0,0,0,0,0,-0.9052769446227679,0.35000000000000003,0.5697674418604651
2024,22,perez,15,10,Finished,1.0,50,perez_2024_22,0,finished,classificado,False,0,0,0,0,UNKNOWN,0,0,0,0,0,0,0,0,0,0,0,0,0,0,0,0,0,0,0,0,1,0,0,0,0,0,0,0,0,0,0,0,0,0,0,0,0,0,0,0,0,0,0,0,0,0,0,0,1,0,0,0,0,-0.9052769446227679,0.75,0.5697674418604651
2024,22,alonso,16,11,Finished,0.0,50,alonso_2024_22,0,finished,classificado,False,0,0,0,0,UNKNOWN,0,0,0,0,0,0,0,0,0,0,0,0,0,0,0,0,0,0,0,0,1,0,0,0,0,0,0,0,0,0,0,0,0,0,0,0,0,0,0,0,1,0,0,0,0,0,0,0,0,0,0,0,0,-0.9052769446227679,0.8,0.5697674418604651
2024,22,kevin_magnussen,12,12,Finished,0.0,50,kevin_magnussen_2024_22,0,finished,classificado,False,0,0,0,0,UNKNOWN,0,0,0,0,0,0,0,0,0,0,0,0,0,0,0,0,0,0,0,0,1,0,0,0,0,0,0,0,0,0,0,0,0,0,0,0,0,0,0,0,0,0,0,1,0,0,0,0,0,0,0,0,0,-0.9052769446227679,0.6000000000000001,0.5697674418604651
2024,22,zhou,13,13,Finished,0.0,50,zhou_2024_22,0,finished,classificado,False,0,0,0,0,UNKNOWN,0,0,0,0,0,0,0,0,0,0,0,0,0,0,0,0,0,0,0,0,1,0,0,0,0,0,0,0,0,0,0,0,0,0,0,0,0,0,0,0,0,0,0,0,0,0,0,0,0,0,1,0,0,-0.9052769446227679,0.65,0.5697674418604651
2024,22,colapinto,20,14,Finished,0.0,50,colapinto_2024_22,0,finished,classificado,False,0,0,0,0,UNKNOWN,0,0,0,0,0,0,0,0,0,0,0,0,0,0,0,0,0,0,0,0,1,0,0,0,0,0,0,0,0,0,0,0,0,0,0,0,0,0,0,0,0,0,0,0,0,0,0,0,0,0,0,0,1,-0.9052769446227679,1.0,0.5697674418604651
2024,22,stroll,18,15,Finished,0.0,50,stroll_2024_22,0,finished,classificado,False,0,0,0,0,UNKNOWN,0,0,0,0,0,0,0,0,0,0,0,0,0,0,0,0,0,0,0,0,1,0,0,0,0,0,0,0,0,0,0,0,0,0,0,0,0,0,0,0,1,0,0,0,0,0,0,0,0,0,0,0,0,-0.9052769446227679,0.9,0.5697674418604651
2024,22,lawson,14,16,Finished,0.0,50,lawson_2024_22,0,finished,classificado,False,0,0,0,0,UNKNOWN,0,0,0,0,0,0,0,0,0,0,0,0,0,0,0,0,0,0,0,0,1,0,0,0,0,0,0,0,0,0,0,0,0,0,0,0,0,0,0,0,0,0,0,0,0,0,0,1,0,0,0,0,0,-0.9052769446227679,0.7000000000000001,0.5697674418604651
2024,22,ocon,11,17,Lapped,0.0,49,ocon_2024_22,0,lapped,classificado,False,0,0,0,0,UNKNOWN,0,0,0,0,0,0,0,0,0,0,0,0,0,0,0,0,0,0,0,0,1,0,0,0,0,0,0,0,0,0,0,0,0,0,0,0,0,0,0,1,0,0,0,0,0,0,0,0,0,0,0,0,0,-1.0003986717876596,0.55,0.5581395348837209
2024,22,bottas,19,18,Lapped,0.0,49,bottas_2024_22,0,lapped,classificado,False,0,0,0,0,UNKNOWN,0,0,0,0,0,0,0,0,0,0,0,0,0,0,0,0,0,0,0,0,1,0,0,0,0,0,0,0,0,0,0,0,0,0,0,0,0,0,0,0,0,0,0,0,0,0,0,0,0,0,1,0,0,-1.0003986717876596,0.9500000000000001,0.5581395348837209
2024,23,max_verstappen,2,1,Finished,25.0,57,max_verstappen_2024_23,0,finished,classificado,False,0,0,0,0,UNKNOWN,0,0,0,0,0,0,0,0,0,0,0,0,0,0,0,0,0,0,0,0,0,0,0,0,0,0,1,0,0,0,0,0,0,0,0,0,0,0,0,0,0,0,0,0,0,0,0,0,1,0,0,0,0,-0.23942485446852518,0.1,0.6511627906976744
2024,23,leclerc,5,2,Finished,18.0,57,leclerc_2024_23,0,finished,classificado,False,0,0,0,0,UNKNOWN,0,0,0,0,0,0,0,0,0,0,0,0,0,0,0,0,0,0,0,0,0,0,0,0,0,0,1,0,0,0,0,0,0,0,0,0,0,0,0,0,0,1,0,0,0,0,0,0,0,0,0,0,0,-0.23942485446852518,0.25,0.6511627906976744
2024,23,piastri,4,3,Finished,15.0,57,piastri_2024_23,0,finished,classificado,False,0,0,0,0,UNKNOWN,0,0,0,0,0,0,0,0,0,0,0,0,0,0,0,0,0,0,0,0,0,0,0,0,0,0,1,0,0,0,0,0,0,0,0,0,0,0,0,0,0,0,0,0,1,0,0,0,0,0,0,0,0,-0.23942485446852518,0.2,0.6511627906976744
2024,23,russell,1,4,Finished,12.0,57,russell_2024_23,0,finished,classificado,False,0,0,0,0,UNKNOWN,0,0,0,0,0,0,0,0,0,0,0,0,0,0,0,0,0,0,0,0,0,0,0,0,0,0,1,0,0,0,0,0,0,0,0,0,0,0,0,0,0,0,0,0,0,1,0,0,0,0,0,0,0,-0.23942485446852518,0.05,0.6511627906976744
2024,23,gasly,11,5,Finished,10.0,57,gasly_2024_23,0,finished,classificado,False,0,0,0,0,UNKNOWN,0,0,0,0,0,0,0,0,0,0,0,0,0,0,0,0,0,0,0,0,0,0,0,0,0,0,1,0,0,0,0,0,0,0,0,0,0,0,0,1,0,0,0,0,0,0,0,0,0,0,0,0,0,-0.23942485446852518,0.55,0.6511627906976744
2024,23,sainz,7,6,Finished,8.0,57,sainz_2024_23,0,finished,classificado,False,0,0,0,0,UNKNOWN,0,0,0,0,0,0,0,0,0,0,0,0,0,0,0,0,0,0,0,0,0,0,0,0,0,0,1,0,0,0,0,0,0,0,0,0,0,0,0,0,0,1,0,0,0,0,0,0,0,0,0,0,0,-0.23942485446852518,0.35000000000000003,0.6511627906976744
2024,23,alonso,8,7,Finished,6.0,57,alonso_2024_23,0,finished,classificado,False,0,0,0,0,UNKNOWN,0,0,0,0,0,0,0,0,0,0,0,0,0,0,0,0,0,0,0,0,0,0,0,0,0,0,1,0,0,0,0,0,0,0,0,0,0,0,0,0,1,0,0,0,0,0,0,0,0,0,0,0,0,-0.23942485446852518,0.4,0.6511627906976744
2024,23,zhou,12,8,Finished,4.0,57,zhou_2024_23,0,finished,classificado,False,0,0,0,0,UNKNOWN,0,0,0,0,0,0,0,0,0,0,0,0,0,0,0,0,0,0,0,0,0,0,0,0,0,0,1,0,0,0,0,0,0,0,0,0,0,0,0,0,0,0,0,0,0,0,0,0,0,0,1,0,0,-0.23942485446852518,0.6000000000000001,0.6511627906976744
2024,23,kevin_magnussen,10,9,Finished,2.0,57,kevin_magnussen_2024_23,0,finished,classificado,False,0,0,0,0,UNKNOWN,0,0,0,0,0,0,0,0,0,0,0,0,0,0,0,0,0,0,0,0,0,0,0,0,0,0,1,0,0,0,0,0,0,0,0,0,0,0,0,0,0,0,0,1,0,0,0,0,0,0,0,0,0,-0.23942485446852518,0.5,0.6511627906976744
2024,23,norris,3,10,Finished,2.0,57,norris_2024_23,0,finished,classificado,False,0,0,0,0,UNKNOWN,0,0,0,0,0,0,0,0,0,0,0,0,0,0,0,0,0,0,0,0,0,0,0,0,0,0,1,0,0,0,0,0,0,0,0,0,0,0,0,0,0,0,0,0,1,0,0,0,0,0,0,0,0,-0.23942485446852518,0.15000000000000002,0.6511627906976744
2024,23,bottas,13,11,Finished,0.0,57,bottas_2024_23,0,finished,classificado,False,0,0,0,0,UNKNOWN,0,0,0,0,0,0,0,0,0,0,0,0,0,0,0,0,0,0,0,0,0,0,0,0,0,0,1,0,0,0,0,0,0,0,0,0,0,0,0,0,0,0,0,0,0,0,0,0,0,0,1,0,0,-0.23942485446852518,0.65,0.6511627906976744
2024,23,hamilton,6,12,Finished,0.0,57,hamilton_2024_23,0,finished,classificado,False,0,0,0,0,UNKNOWN,0,0,0,0,0,0,0,0,0,0,0,0,0,0,0,0,0,0,0,0,0,0,0,0,0,0,1,0,0,0,0,0,0,0,0,0,0,0,0,0,0,0,0,0,0,1,0,0,0,0,0,0,0,-0.23942485446852518,0.30000000000000004,0.6511627906976744
2024,23,tsunoda,14,13,Finished,0.0,57,tsunoda_2024_23,0,finished,classificado,False,0,0,0,0,UNKNOWN,0,0,0,0,0,0,0,0,0,0,0,0,0,0,0,0,0,0,0,0,0,0,0,0,0,0,1,0,0,0,0,0,0,0,0,0,0,0,0,0,0,0,0,0,0,0,0,1,0,0,0,0,0,-0.23942485446852518,0.7000000000000001,0.6511627906976744
2024,23,lawson,17,14,Finished,0.0,57,lawson_2024_23,0,finished,classificado,False,0,0,0,0,UNKNOWN,0,0,0,0,0,0,0,0,0,0,0,0,0,0,0,0,0,0,0,0,0,0,0,0,0,0,1,0,0,0,0,0,0,0,0,0,0,0,0,0,0,0,0,0,0,0,0,1,0,0,0,0,0,-0.23942485446852518,0.8500000000000001,0.6511627906976744
2024,23,albon,16,15,Lapped,0.0,56,albon_2024_23,0,lapped,classificado,False,0,0,0,0,UNKNOWN,0,0,0,0,0,0,0,0,0,0,0,0,0,0,0,0,0,0,0,0,0,0,0,0,0,0,1,0,0,0,0,0,0,0,0,0,0,0,0,0,0,0,0,0,0,0,0,0,0,0,0,0,1,-0.334546581633417,0.8,0.6395348837209303
2024,24,norris,1,1,Finished,25.0,58,norris_2024_24,0,finished,classificado,False,0,0,0,0,UNKNOWN,0,0,1,0,0,0,0,0,0,0,0,0,0,0,0,0,0,0,0,0,0,0,0,0,0,0,0,0,0,0,0,0,0,0,0,0,0,0,0,0,0,0,0,0,1,0,0,0,0,0,0,0,0,-0.14430312730363337,0.05,0.6627906976744186
2024,24,sainz,3,2,Finished,18.0,58,sainz_2024_24,0,finished,classificado,False,0,0,0,0,UNKNOWN,0,0,1,0,0,0,0,0,0,0,0,0,0,0,0,0,0,0,0,0,0,0,0,0,0,0,0,0,0,0,0,0,0,0,0,0,0,0,0,0,0,1,0,0,0,0,0,0,0,0,0,0,0,-0.14430312730363337,0.15000000000000002,0.6627906976744186
2024,24,leclerc,19,3,Finished,15.0,58,leclerc_2024_24,0,finished,classificado,False,0,0,0,0,UNKNOWN,0,0,1,0,0,0,0,0,0,0,0,0,0,0,0,0,0,0,0,0,0,0,0,0,0,0,0,0,0,0,0,0,0,0,0,0,0,0,0,0,0,1,0,0,0,0,0,0,0,0,0,0,0,-0.14430312730363337,0.9500000000000001,0.6627906976744186
2024,24,hamilton,16,4,Finished,12.0,58,hamilton_2024_24,0,finished,classificado,False,0,0,0,0,UNKNOWN,0,0,1,0,0,0,0,0,0,0,0,0,0,0,0,0,0,0,0,0,0,0,0,0,0,0,0,0,0,0,0,0,0,0,0,0,0,0,0,0,0,0,0,0,0,1,0,0,0,0,0,0,0,-0.14430312730363337,0.8,0.6627906976744186
2024,24,russell,6,5,Finished,10.0,58,russell_2024_24,0,finished,classificado,False,0,0,0,0,UNKNOWN,0,0,1,0,0,0,0,0,0,0,0,0,0,0,0,0,0,0,0,0,0,0,0,0,0,0,0,0,0,0,0,0,0,0,0,0,0,0,0,0,0,0,0,0,0,1,0,0,0,0,0,0,0,-0.14430312730363337,0.30000000000000004,0.6627906976744186
2024,24,max_verstappen,4,6,Finished,8.0,58,max_verstappen_2024_24,0,finished,classificado,False,0,0,0,0,UNKNOWN,0,0,1,0,0,0,0,0,0,0,0,0,0,0,0,0,0,0,0,0,0,0,0,0,0,0,0,0,0,0,0,0,0,0,0,0,0,0,0,0,0,0,0,0,0,0,0,0,1,0,0,0,0,-0.14430312730363337,0.2,0.6627906976744186
2024,24,gasly,5,7,Finished,6.0,58,gasly_2024_24,0,finished,classificado,False,0,0,0,0,UNKNOWN,0,0,1,0,0,0,0,0,0,0,0,0,0,0,0,0,0,0,0,0,0,0,0,0,0,0,0,0,0,0,0,0,0,0,0,0,0,0,0,1,0,0,0,0,0,0,0,0,0,0,0,0,0,-0.14430312730363337,0.25,0.6627906976744186
2024,24,hulkenberg,7,8,Finished,4.0,58,hulkenberg_2024_24,0,finished,classificado,False,0,0,0,0,UNKNOWN,0,0,1,0,0,0,0,0,0,0,0,0,0,0,0,0,0,0,0,0,0,0,0,0,0,0,0,0,0,0,0,0,0,0,0,0,0,0,0,0,0,0,0,1,0,0,0,0,0,0,0,0,0,-0.14430312730363337,0.35000000000000003,0.6627906976744186
2024,24,alonso,8,9,Finished,2.0,58,alonso_2024_24,0,finished,classificado,False,0,0,0,0,UNKNOWN,0,0,1,0,0,0,0,0,0,0,0,0,0,0,0,0,0,0,0,0,0,0,0,0,0,0,0,0,0,0,0,0,0,0,0,0,0,0,0,0,1,0,0,0,0,0,0,0,0,0,0,0,0,-0.14430312730363337,0.4,0.6627906976744186
2024,24,piastri,2,10,Finished,1.0,58,piastri_2024_24,0,finished,classificado,False,0,0,0,0,UNKNOWN,0,0,1,0,0,0,0,0,0,0,0,0,0,0,0,0,0,0,0,0,0,0,0,0,0,0,0,0,0,0,0,0,0,0,0,0,0,0,0,0,0,0,0,0,1,0,0,0,0,0,0,0,0,-0.14430312730363337,0.1,0.6627906976744186
2024,24,albon,18,11,Lapped,0.0,57,albon_2024_24,0,lapped,classificado,False,0,0,0,0,UNKNOWN,0,0,1,0,0,0,0,0,0,0,0,0,0,0,0,0,0,0,0,0,0,0,0,0,0,0,0,0,0,0,0,0,0,0,0,0,0,0,0,0,0,0,0,0,0,0,0,0,0,0,0,0,1,-0.23942485446852518,0.9,0.6511627906976744
2024,24,tsunoda,11,12,Lapped,0.0,57,tsunoda_2024_24,0,lapped,classificado,False,0,0,0,0,UNKNOWN,0,0,1,0,0,0,0,0,0,0,0,0,0,0,0,0,0,0,0,0,0,0,0,0,0,0,0,0,0,0,0,0,0,0,0,0,0,0,0,0,0,0,0,0,0,0,0,1,0,0,0,0,0,-0.23942485446852518,0.55,0.6511627906976744
2024,24,zhou,15,13,Lapped,0.0,57,zhou_2024_24,0,lapped,classificado,False,0,0,0,0,UNKNOWN,0,0,1,0,0,0,0,0,0,0,0,0,0,0,0,0,0,0,0,0,0,0,0,0,0,0,0,0,0,0,0,0,0,0,0,0,0,0,0,0,0,0,0,0,0,0,0,0,0,0,1,0,0,-0.23942485446852518,0.75,0.6511627906976744
2024,24,stroll,13,14,Lapped,0.0,57,stroll_2024_24,0,lapped,classificado,False,0,0,0,0,UNKNOWN,0,0,1,0,0,0,0,0,0,0,0,0,0,0,0,0,0,0,0,0,0,0,0,0,0,0,0,0,0,0,0,0,0,0,0,0,0,0,0,0,1,0,0,0,0,0,0,0,0,0,0,0,0,-0.23942485446852518,0.65,0.6511627906976744
2024,24,doohan,17,15,Lapped,0.0,57,doohan_2024_24,0,lapped,classificado,False,0,0,0,0,UNKNOWN,0,0,1,0,0,0,0,0,0,0,0,0,0,0,0,0,0,0,0,0,0,0,0,0,0,0,0,0,0,0,0,0,0,0,0,0,0,0,0,1,0,0,0,0,0,0,0,0,0,0,0,0,0,-0.23942485446852518,0.8500000000000001,0.6511627906976744
2024,24,kevin_magnussen,14,16,Lapped,0.0,57,kevin_magnussen_2024_24,0,lapped,classificado,False,0,0,0,0,UNKNOWN,0,0,1,0,0,0,0,0,0,0,0,0,0,0,0,0,0,0,0,0,0,0,0,0,0,0,0,0,0,0,0,0,0,0,0,0,0,0,0,0,0,0,0,1,0,0,0,0,0,0,0,0,0,-0.23942485446852518,0.7000000000000001,0.6511627906976744
