season,round,RaceID,race_name,driver_id,constructor_id,race_order,driver_coef_rapm,rapm_cold_start_flag,target_definition,alpha,decay,decay_unit,coefficient_status,n_train_rows,n_train_races
2018,1,alonso_2018_1,Australian Grand Prix,alonso,mclaren,1,0.0,1,-finish_position,10.0,0.75,season,cold_start_sem_historico_suficiente,0,0
2018,1,bottas_2018_1,Australian Grand Prix,bottas,mercedes,1,0.0,1,-finish_position,10.0,0.75,season,cold_start_sem_historico_suficiente,0,0
2018,1,brendon_hartley_2018_1,Australian Grand Prix,brendon_hartley,toro_rosso,1,0.0,1,-finish_position,10.0,0.75,season,cold_start_sem_historico_suficiente,0,0
2018,1,hamilton_2018_1,Australian Grand Prix,hamilton,mercedes,1,0.0,1,-finish_position,10.0,0.75,season,cold_start_sem_historico_suficiente,0,0
2018,1,hulkenberg_2018_1,Australian Grand Prix,hulkenberg,renault,1,0.0,1,-finish_position,10.0,0.75,season,cold_start_sem_historico_suficiente,0,0
2018,1,leclerc_2018_1,Australian Grand Prix,leclerc,sauber,1,0.0,1,-finish_position,10.0,0.75,season,cold_start_sem_historico_suficiente,0,0
2018,1,max_verstappen_2018_1,Australian Grand Prix,max_verstappen,red_bull,1,0.0,1,-finish_position,10.0,0.75,season,cold_start_sem_historico_suficiente,0,0
2018,1,ocon_2018_1,Australian Grand Prix,ocon,force_india,1,0.0,1,-finish_position,10.0,0.75,season,cold_start_sem_historico_suficiente,0,0
2018,1,perez_2018_1,Australian Grand Prix,perez,force_india,1,0.0,1,-finish_position,10.0,0.75,season,cold_start_sem_historico_suficiente,0,0
2018,1,raikkonen_2018_1,Australian Grand Prix,raikkonen,ferrari,1,0.0,1,-finish_position,10.0,0.75,season,cold_start_sem_historico_suficiente,0,0
2018,1,ricciardo_2018_1,Australian Grand Prix,ricciardo,red_bull,1,0.0,1,-finish_position,10.0,0.75,season,cold_start_sem_historico_suficiente,0,0
2018,1,sainz_2018_1,Australian Grand Prix,sainz,renault,1,0.0,1,-finish_position,10.0,0.75,season,cold_start_sem_historico_suficiente,0,0
2018,1,stroll_2018_1,Australian Grand Prix,stroll,williams,1,0.0,1,-finish_position,10.0,0.75,season,cold_start_sem_historico_suficiente,0,0
2018,1,vandoorne_2018_1,Australian Grand Prix,vandoorne,mclaren,1,0.0,1,-finish_position,10.0,0.75,season,cold_start_sem_historico_suficiente,0,0
2018,1,vettel_2018_1,Australian Grand Prix,vettel,ferrari,1,0.0,1,-finish_position,10.0,0.75,season,cold_start_sem_historico_suficiente,0,0
2018,2,alonso_2018_2,Bahrain Grand Prix,alonso,mclaren,2,0.2663071413628663,0,-finish_position,10.0,0.75,season,estimado_historico_anterior,15,1
2018,2,bottas_2018_2,Bahrain Grand Prix,bottas,mercedes,2,-0.03439187506679764,0,-finish_position,10.0,0.75,season,estimado_historico_anterior,15,1
2018,2,brendon_hartley_2018_2,Bahrain Grand Prix,brendon_hartley,toro_rosso,2,-0.5751451542025942,0,-finish_position,10.0,0.75,season,estimado_historico_anterior,15,1
2018,2,ericsson_2018_2,Bahrain Grand Prix,ericsson,sauber,2,0.0,1,-finish_position,10.0,0.75,season,estimado_historico_anterior,15,1
2018,2,gasly_2018_2,Bahrain Grand Prix,gasly,toro_rosso,2,0.0,1,-finish_position,10.0,0.75,season,estimado_historico_anterior,15,1
2018,2,grosjean_2018_2,Bahrain Grand Prix,grosjean,haas,2,0.0,1,-finish_position,10.0,0.75,season,estimado_historico_anterior,15,1
2018,2,hamilton_2018_2,Bahrain Grand Prix,hamilton,mercedes,2,0.5110623774596231,0,-finish_position,10.0,0.75,season,estimado_historico_anterior,15,1
2018,2,hulkenberg_2018_2,Bahrain Grand Prix,hulkenberg,renault,2,0.10546797481223294,0,-finish_position,10.0,0.75,season,estimado_historico_anterior,15,1
2018,2,kevin_magnussen_2018_2,Bahrain Grand Prix,kevin_magnussen,haas,2,0.0,1,-finish_position,10.0,0.75,season,estimado_historico_anterior,15,1
2018,2,leclerc_2018_2,Bahrain Grand Prix,leclerc,sauber,2,-0.4084596913145881,0,-finish_position,10.0,0.75,season,estimado_historico_anterior,15,1
2018,2,ocon_2018_2,Bahrain Grand Prix,ocon,force_india,2,-0.3071194003767705,0,-finish_position,10.0,0.75,season,estimado_historico_anterior,15,1
2018,2,perez_2018_2,Bahrain Grand Prix,perez,force_india,2,-0.21621035828903373,0,-finish_position,10.0,0.75,season,estimado_historico_anterior,15,1
2018,2,sainz_2018_2,Bahrain Grand Prix,sainz,renault,2,-0.1672591514509774,0,-finish_position,10.0,0.75,season,estimado_historico_anterior,15,1
2018,2,sirotkin_2018_2,Bahrain Grand Prix,sirotkin,williams,2,0.0,1,-finish_position,10.0,0.75,season,estimado_historico_anterior,15,1
2018,2,stroll_2018_2,Bahrain Grand Prix,stroll,williams,2,-0.49180242275859115,0,-finish_position,10.0,0.75,season,estimado_historico_anterior,15,1
2018,2,vandoorne_2018_2,Bahrain Grand Prix,vandoorne,mclaren,2,-0.09732902698808081,0,-finish_position,10.0,0.75,season,estimado_historico_anterior,15,1
2018,2,vettel_2018_2,Bahrain Grand Prix,vettel,ferrari,2,0.5600135842976796,0,-finish_position,10.0,0.75,season,estimado_historico_anterior,15,1
2018,3,alonso_2018_3,Chinese Grand Prix,alonso,mclaren,3,0.3657013218351927,0,-finish_position,10.0,0.75,season,estimado_historico_anterior,32,2
2018,3,bottas_2018_3,Chinese Grand Prix,bottas,mercedes,3,0.38645985459588134,0,-finish_position,10.0,0.75,season,estimado_historico_anterior,32,2
2018,3,ericsson_2018_3,Chinese Grand Prix,ericsson,sauber,3,0.0066441406762568385,0,-finish_position,10.0,0.75,season,estimado_historico_anterior,32,2
2018,3,gasly_2018_3,Chinese Grand Prix,gasly,toro_rosso,3,0.4705163142142033,0,-finish_position,10.0,0.75,season,estimado_historico_anterior,32,2
2018,3,grosjean_2018_3,Chinese Grand Prix,grosjean,haas,3,-0.40137700144256816,0,-finish_position,10.0,0.75,season,estimado_historico_anterior,32,2
2018,3,hamilton_2018_3,Chinese Grand Prix,hamilton,mercedes,3,0.8031978047853644,0,-finish_position,10.0,0.75,season,estimado_historico_anterior,32,2
2018,3,hulkenberg_2018_3,Chinese Grand Prix,hulkenberg,renault,3,0.3344739629812621,0,-finish_position,10.0,0.75,season,estimado_historico_anterior,32,2
2018,3,kevin_magnussen_2018_3,Chinese Grand Prix,kevin_magnussen,haas,3,0.32574477351413095,0,-finish_position,10.0,0.75,season,estimado_historico_anterior,32,2
2018,3,leclerc_2018_3,Chinese Grand Prix,leclerc,sauber,3,-0.5711732803046956,0,-finish_position,10.0,0.75,season,estimado_historico_anterior,32,2
2018,3,max_verstappen_2018_3,Chinese Grand Prix,max_verstappen,red_bull,3,0.1789582846711212,0,-finish_position,10.0,0.75,season,estimado_historico_anterior,32,2
2018,3,ocon_2018_3,Chinese Grand Prix,ocon,force_india,3,-0.2592936538079097,0,-finish_position,10.0,0.75,season,estimado_historico_anterior,32,2
2018,3,perez_2018_3,Chinese Grand Prix,perez,force_india,3,-0.6760316039973927,0,-finish_position,10.0,0.75,season,estimado_historico_anterior,32,2
2018,3,raikkonen_2018_3,Chinese Grand Prix,raikkonen,ferrari,3,0.3741068694650581,0,-finish_position,10.0,0.75,season,estimado_historico_anterior,32,2
2018,3,ricciardo_2018_3,Chinese Grand Prix,ricciardo,red_bull,3,0.36073872841029603,0,-finish_position,10.0,0.75,season,estimado_historico_anterior,32,2
2018,3,sainz_2018_3,Chinese Grand Prix,sainz,renault,3,-0.33230675732191084,0,-finish_position,10.0,0.75,season,estimado_historico_anterior,32,2
2018,3,sirotkin_2018_3,Chinese Grand Prix,sirotkin,williams,3,-0.4813178743907192,0,-finish_position,10.0,0.75,season,estimado_historico_anterior,32,2
2018,3,stroll_2018_3,Chinese Grand Prix,stroll,williams,3,-0.7157423766586896,0,-finish_position,10.0,0.75,season,estimado_historico_anterior,32,2
2018,3,vandoorne_2018_3,Chinese Grand Prix,vandoorne,mclaren,3,-0.05103662835429032,0,-finish_position,10.0,0.75,season,estimado_historico_anterior,32,2
2018,3,vettel_2018_3,Chinese Grand Prix,vettel,ferrari,3,1.0191869368552895,0,-finish_position,10.0,0.75,season,estimado_historico_anterior,32,2
2018,4,alonso_2018_4,Azerbaijan Grand Prix,alonso,mclaren,4,0.5747492627006187,0,-finish_position,10.0,0.75,season,estimado_historico_anterior,51,3
2018,4,brendon_hartley_2018_4,Azerbaijan Grand Prix,brendon_hartley,toro_rosso,4,-0.9632520089369055,0,-finish_position,10.0,0.75,season,estimado_historico_anterior,51,3
2018,4,ericsson_2018_4,Azerbaijan Grand Prix,ericsson,sauber,4,-0.3426103462620281,0,-finish_position,10.0,0.75,season,estimado_historico_anterior,51,3
2018,4,gasly_2018_4,Azerbaijan Grand Prix,gasly,toro_rosso,4,-0.12992304790756906,0,-finish_position,10.0,0.75,season,estimado_historico_anterior,51,3
2018,4,hamilton_2018_4,Azerbaijan Grand Prix,hamilton,mercedes,4,1.0038988874734647,0,-finish_position,10.0,0.75,season,estimado_historico_anterior,51,3
2018,4,kevin_magnussen_2018_4,Azerbaijan Grand Prix,kevin_magnussen,haas,4,0.35965825928929157,0,-finish_position,10.0,0.75,season,estimado_historico_anterior,51,3
2018,4,leclerc_2018_4,Azerbaijan Grand Prix,leclerc,sauber,4,-0.9743930515639138,0,-finish_position,10.0,0.75,season,estimado_historico_anterior,51,3
2018,4,perez_2018_4,Azerbaijan Grand Prix,perez,force_india,4,-0.6843648702729915,0,-finish_position,10.0,0.75,season,estimado_historico_anterior,51,3
2018,4,raikkonen_2018_4,Azerbaijan Grand Prix,raikkonen,ferrari,4,0.7399646128086844,0,-finish_position,10.0,0.75,season,estimado_historico_anterior,51,3
2018,4,sainz_2018_4,Azerbaijan Grand Prix,sainz,renault,4,-0.2714092157489019,0,-finish_position,10.0,0.75,season,estimado_historico_anterior,51,3
2018,4,stroll_2018_4,Azerbaijan Grand Prix,stroll,williams,4,-0.7771357807525922,0,-finish_position,10.0,0.75,season,estimado_historico_anterior,51,3
2018,4,vandoorne_2018_4,Azerbaijan Grand Prix,vandoorne,mclaren,4,-0.2714092157489019,0,-finish_position,10.0,0.75,season,estimado_historico_anterior,51,3
2018,4,vettel_2018_4,Azerbaijan Grand Prix,vettel,ferrari,4,0.9476346771288723,0,-finish_position,10.0,0.75,season,estimado_historico_anterior,51,3
2018,5,alonso_2018_5,Spanish Grand Prix,alonso,mclaren,5,0.5671633570014023,0,-finish_position,10.0,0.75,season,estimado_historico_anterior,64,4
2018,5,bottas_2018_5,Spanish Grand Prix,bottas,mercedes,5,0.6485993002947888,0,-finish_position,10.0,0.75,season,estimado_historico_anterior,64,4
2018,5,brendon_hartley_2018_5,Spanish Grand Prix,brendon_hartley,toro_rosso,5,-0.9354909478649551,0,-finish_position,10.0,0.75,season,estimado_historico_anterior,64,4
2018,5,ericsson_2018_5,Spanish Grand Prix,ericsson,sauber,5,-0.48183226803305307,0,-finish_position,10.0,0.75,season,estimado_historico_anterior,64,4
2018,5,hamilton_2018_5,Spanish Grand Prix,hamilton,mercedes,5,1.2316105617129092,0,-finish_position,10.0,0.75,season,estimado_historico_anterior,64,4
2018,5,kevin_magnussen_2018_5,Spanish Grand Prix,kevin_magnussen,haas,5,0.04983098865541635,0,-finish_position,10.0,0.75,season,estimado_historico_anterior,64,4
2018,5,leclerc_2018_5,Spanish Grand Prix,leclerc,sauber,5,-0.7394099304300725,0,-finish_position,10.0,0.75,season,estimado_historico_anterior,64,4
2018,5,max_verstappen_2018_5,Spanish Grand Prix,max_verstappen,red_bull,5,0.33638417716195607,0,-finish_position,10.0,0.75,season,estimado_historico_anterior,64,4
2018,5,perez_2018_5,Spanish Grand Prix,perez,force_india,5,-0.3191154685225024,0,-finish_position,10.0,0.75,season,estimado_historico_anterior,64,4
2018,5,ricciardo_2018_5,Spanish Grand Prix,ricciardo,red_bull,5,0.8363008755074278,0,-finish_position,10.0,0.75,season,estimado_historico_anterior,64,4
2018,5,sainz_2018_5,Spanish Grand Prix,sainz,renault,5,-0.11623441689411469,0,-finish_position,10.0,0.75,season,estimado_historico_anterior,64,4
2018,5,sirotkin_2018_5,Spanish Grand Prix,sirotkin,williams,5,-0.805980113060328,0,-finish_position,10.0,0.75,season,estimado_historico_anterior,64,4
2018,5,stroll_2018_5,Spanish Grand Prix,stroll,williams,5,-0.6673332849778807,0,-finish_position,10.0,0.75,season,estimado_historico_anterior,64,4
2018,5,vettel_2018_5,Spanish Grand Prix,vettel,ferrari,5,0.9417427756844828,0,-finish_position,10.0,0.75,season,estimado_historico_anterior,64,4
2018,6,bottas_2018_6,Monaco Grand Prix,bottas,mercedes,6,0.8036745347154115,0,-finish_position,10.0,0.75,season,estimado_historico_anterior,78,5
2018,6,ericsson_2018_6,Monaco Grand Prix,ericsson,sauber,6,-0.6786932526366442,0,-finish_position,10.0,0.75,season,estimado_historico_anterior,78,5
2018,6,gasly_2018_6,Monaco Grand Prix,gasly,toro_rosso,6,-0.33890480854378824,0,-finish_position,10.0,0.75,season,estimado_historico_anterior,78,5
2018,6,grosjean_2018_6,Monaco Grand Prix,grosjean,haas,6,-0.9603863897462881,0,-finish_position,10.0,0.75,season,estimado_historico_anterior,78,5
2018,6,hamilton_2018_6,Monaco Grand Prix,hamilton,mercedes,6,1.370939676404367,0,-finish_position,10.0,0.75,season,estimado_historico_anterior,78,5
2018,6,hulkenberg_2018_6,Monaco Grand Prix,hulkenberg,renault,6,0.419513673836327,0,-finish_position,10.0,0.75,season,estimado_historico_anterior,78,5
2018,6,kevin_magnussen_2018_6,Monaco Grand Prix,kevin_magnussen,haas,6,0.2106108596424177,0,-finish_position,10.0,0.75,season,estimado_historico_anterior,78,5
2018,6,max_verstappen_2018_6,Monaco Grand Prix,max_verstappen,red_bull,6,0.5546234785849521,0,-finish_position,10.0,0.75,season,estimado_historico_anterior,78,5
2018,6,ocon_2018_6,Monaco Grand Prix,ocon,force_india,6,-0.410064494750638,0,-finish_position,10.0,0.75,season,estimado_historico_anterior,78,5
2018,6,perez_2018_6,Monaco Grand Prix,perez,force_india,6,-0.325567623319734,0,-finish_position,10.0,0.75,season,estimado_historico_anterior,78,5
2018,6,raikkonen_2018_6,Monaco Grand Prix,raikkonen,ferrari,6,0.9047445557436952,0,-finish_position,10.0,0.75,season,estimado_historico_anterior,78,5
2018,6,ricciardo_2018_6,Monaco Grand Prix,ricciardo,red_bull,6,0.862357378717106,0,-finish_position,10.0,0.75,season,estimado_historico_anterior,78,5
2018,6,sainz_2018_6,Monaco Grand Prix,sainz,renault,6,-0.08302186647163877,0,-finish_position,10.0,0.75,season,estimado_historico_anterior,78,5
2018,6,sirotkin_2018_6,Monaco Grand Prix,sirotkin,williams,6,-1.0330581830231889,0,-finish_position,10.0,0.75,season,estimado_historico_anterior,78,5
2018,6,stroll_2018_6,Monaco Grand Prix,stroll,williams,6,-0.669775541788153,0,-finish_position,10.0,0.75,season,estimado_historico_anterior,78,5
2018,6,vandoorne_2018_6,Monaco Grand Prix,vandoorne,mclaren,6,-0.3963092923356432,0,-finish_position,10.0,0.75,season,estimado_historico_anterior,78,5
2018,6,vettel_2018_6,Monaco Grand Prix,vettel,ferrari,6,0.9956422828554046,0,-finish_position,10.0,0.75,season,estimado_historico_anterior,78,5
2018,7,bottas_2018_7,Canadian Grand Prix,bottas,mercedes,7,0.8331826095894247,0,-finish_position,10.0,0.75,season,estimado_historico_anterior,95,6
2018,7,ericsson_2018_7,Canadian Grand Prix,ericsson,sauber,7,-0.6760436299672155,0,-finish_position,10.0,0.75,season,estimado_historico_anterior,95,6
2018,7,gasly_2018_7,Canadian Grand Prix,gasly,toro_rosso,7,-0.12751886772217777,0,-finish_position,10.0,0.75,season,estimado_historico_anterior,95,6
2018,7,grosjean_2018_7,Canadian Grand Prix,grosjean,haas,7,-1.2167251311142844,0,-finish_position,10.0,0.75,season,estimado_historico_anterior,95,6
2018,7,hamilton_2018_7,Canadian Grand Prix,hamilton,mercedes,7,1.4872536945897796,0,-finish_position,10.0,0.75,season,estimado_historico_anterior,95,6
2018,7,hulkenberg_2018_7,Canadian Grand Prix,hulkenberg,renault,7,0.4453706954685476,0,-finish_position,10.0,0.75,season,estimado_historico_anterior,95,6
2018,7,kevin_magnussen_2018_7,Canadian Grand Prix,kevin_magnussen,haas,7,0.10906454719693254,0,-finish_position,10.0,0.75,season,estimado_historico_anterior,95,6
2018,7,leclerc_2018_7,Canadian Grand Prix,leclerc,sauber,7,-0.6760436299672155,0,-finish_position,10.0,0.75,season,estimado_historico_anterior,95,6
2018,7,max_verstappen_2018_7,Canadian Grand Prix,max_verstappen,red_bull,7,0.3658927541349947,0,-finish_position,10.0,0.75,season,estimado_historico_anterior,95,6
2018,7,ocon_2018_7,Canadian Grand Prix,ocon,force_india,7,-0.14603972072376847,0,-finish_position,10.0,0.75,season,estimado_historico_anterior,95,6
2018,7,perez_2018_7,Canadian Grand Prix,perez,force_india,7,-0.4729302441470504,0,-finish_position,10.0,0.75,season,estimado_historico_anterior,95,6
2018,7,raikkonen_2018_7,Canadian Grand Prix,raikkonen,ferrari,7,0.9883702424104599,0,-finish_position,10.0,0.75,season,estimado_historico_anterior,95,6
2018,7,ricciardo_2018_7,Canadian Grand Prix,ricciardo,red_bull,7,1.2231089416399814,0,-finish_position,10.0,0.75,season,estimado_historico_anterior,95,6
2018,7,sainz_2018_7,Canadian Grand Prix,sainz,renault,7,-0.13423694454955296,0,-finish_position,10.0,0.75,season,estimado_historico_anterior,95,6
2018,7,sirotkin_2018_7,Canadian Grand Prix,sirotkin,williams,7,-1.2267131414722967,0,-finish_position,10.0,0.75,season,estimado_historico_anterior,95,6
2018,7,vandoorne_2018_7,Canadian Grand Prix,vandoorne,mclaren,7,-0.6493293319855808,0,-finish_position,10.0,0.75,season,estimado_historico_anterior,95,6
2018,7,vettel_2018_7,Canadian Grand Prix,vettel,ferrari,7,1.1722110651315925,0,-finish_position,10.0,0.75,season,estimado_historico_anterior,95,6
2018,8,bottas_2018_8,French Grand Prix,bottas,mercedes,8,1.0276307732118515,0,-finish_position,10.0,0.75,season,estimado_historico_anterior,112,7
2018,8,brendon_hartley_2018_8,French Grand Prix,brendon_hartley,toro_rosso,8,-1.0256294715965968,0,-finish_position,10.0,0.75,season,estimado_historico_anterior,112,7
2018,8,ericsson_2018_8,French Grand Prix,ericsson,sauber,8,-0.8769915987741937,0,-finish_position,10.0,0.75,season,estimado_historico_anterior,112,7
2018,8,grosjean_2018_8,French Grand Prix,grosjean,haas,8,-1.2256183141096282,0,-finish_position,10.0,0.75,season,estimado_historico_anterior,112,7
2018,8,hamilton_2018_8,French Grand Prix,hamilton,mercedes,8,1.4519013656606554,0,-finish_position,10.0,0.75,season,estimado_historico_anterior,112,7
2018,8,hulkenberg_2018_8,French Grand Prix,hulkenberg,renault,8,0.506043358311471,0,-finish_position,10.0,0.75,season,estimado_historico_anterior,112,7
2018,8,kevin_magnussen_2018_8,French Grand Prix,kevin_magnussen,haas,8,-0.015033734872685105,0,-finish_position,10.0,0.75,season,estimado_historico_anterior,112,7
2018,8,leclerc_2018_8,French Grand Prix,leclerc,sauber,8,-0.5644709980481688,0,-finish_position,10.0,0.75,season,estimado_historico_anterior,112,7
2018,8,max_verstappen_2018_8,French Grand Prix,max_verstappen,red_bull,8,0.5572774699937014,0,-finish_position,10.0,0.75,season,estimado_historico_anterior,112,7
2018,8,raikkonen_2018_8,French Grand Prix,raikkonen,ferrari,8,0.9306683260428804,0,-finish_position,10.0,0.75,season,estimado_historico_anterior,112,7
2018,8,ricciardo_2018_8,French Grand Prix,ricciardo,red_bull,8,1.2906583414903194,0,-finish_position,10.0,0.75,season,estimado_historico_anterior,112,7
2018,8,sainz_2018_8,French Grand Prix,sainz,renault,8,-0.10439545231896429,0,-finish_position,10.0,0.75,season,estimado_historico_anterior,112,7
2018,8,sirotkin_2018_8,French Grand Prix,sirotkin,williams,8,-1.4792583900443341,0,-finish_position,10.0,0.75,season,estimado_historico_anterior,112,7
2018,8,vandoorne_2018_8,French Grand Prix,vandoorne,mclaren,8,-0.954322036719317,0,-finish_position,10.0,0.75,season,estimado_historico_anterior,112,7
2018,8,vettel_2018_8,French Grand Prix,vettel,ferrari,8,1.3966701979695528,0,-finish_position,10.0,0.75,season,estimado_historico_anterior,112,7
2018,9,alonso_2018_9,Austrian Grand Prix,alonso,mclaren,9,0.7358309909551466,0,-finish_position,10.0,0.75,season,estimado_historico_anterior,127,8
2018,9,ericsson_2018_9,Austrian Grand Prix,ericsson,sauber,9,-0.9832848057583136,0,-finish_position,10.0,0.75,season,estimado_historico_anterior,127,8
2018,9,gasly_2018_9,Austrian Grand Prix,gasly,toro_rosso,9,-0.129243004570999,0,-finish_position,10.0,0.75,season,estimado_historico_anterior,127,8
2018,9,grosjean_2018_9,Austrian Grand Prix,grosjean,haas,9,-1.2664751341139278,0,-finish_position,10.0,0.75,season,estimado_historico_anterior,127,8
2018,9,kevin_magnussen_2018_9,Austrian Grand Prix,kevin_magnussen,haas,9,0.15324118206039308,0,-finish_position,10.0,0.75,season,estimado_historico_anterior,127,8
2018,9,leclerc_2018_9,Austrian Grand Prix,leclerc,sauber,9,-0.512751777197729,0,-finish_position,10.0,0.75,season,estimado_historico_anterior,127,8
2018,9,max_verstappen_2018_9,Austrian Grand Prix,max_verstappen,red_bull,9,0.7410513572289956,0,-finish_position,10.0,0.75,season,estimado_historico_anterior,127,8
2018,9,ocon_2018_9,Austrian Grand Prix,ocon,force_india,9,-0.06419133839286102,0,-finish_position,10.0,0.75,season,estimado_historico_anterior,127,8
2018,9,perez_2018_9,Austrian Grand Prix,perez,force_india,9,-0.6557794214473074,0,-finish_position,10.0,0.75,season,estimado_historico_anterior,127,8
2018,9,raikkonen_2018_9,Austrian Grand Prix,raikkonen,ferrari,9,1.0462519707755735,0,-finish_position,10.0,0.75,season,estimado_historico_anterior,127,8
2018,9,sainz_2018_9,Austrian Grand Prix,sainz,renault,9,-0.07634662793529473,0,-finish_position,10.0,0.75,season,estimado_historico_anterior,127,8
2018,9,sirotkin_2018_9,Austrian Grand Prix,sirotkin,williams,9,-1.611637989561838,0,-finish_position,10.0,0.75,season,estimado_historico_anterior,127,8
2018,9,stroll_2018_9,Austrian Grand Prix,stroll,williams,9,-0.7366119520960531,0,-finish_position,10.0,0.75,season,estimado_historico_anterior,127,8
2018,9,vettel_2018_9,Austrian Grand Prix,vettel,ferrari,9,1.3511322844062457,0,-finish_position,10.0,0.75,season,estimado_historico_anterior,127,8
2018,10,alonso_2018_10,British Grand Prix,alonso,mclaren,10,0.7124407182845276,0,-finish_position,10.0,0.75,season,estimado_historico_anterior,141,9
2018,10,bottas_2018_10,British Grand Prix,bottas,mercedes,10,0.8530481016458576,0,-finish_position,10.0,0.75,season,estimado_historico_anterior,141,9
2018,10,gasly_2018_10,British Grand Prix,gasly,toro_rosso,10,-0.20960822898344839,0,-finish_position,10.0,0.75,season,estimado_historico_anterior,141,9
2018,10,hamilton_2018_10,British Grand Prix,hamilton,mercedes,10,1.5873577332635072,0,-finish_position,10.0,0.75,season,estimado_historico_anterior,141,9
2018,10,hulkenberg_2018_10,British Grand Prix,hulkenberg,renault,10,0.43835466705759024,0,-finish_position,10.0,0.75,season,estimado_historico_anterior,141,9
2018,10,kevin_magnussen_2018_10,British Grand Prix,kevin_magnussen,haas,10,0.19759359288699074,0,-finish_position,10.0,0.75,season,estimado_historico_anterior,141,9
2018,10,ocon_2018_10,British Grand Prix,ocon,force_india,10,0.03682330708143707,0,-finish_position,10.0,0.75,season,estimado_historico_anterior,141,9
2018,10,perez_2018_10,British Grand Prix,perez,force_india,10,-0.6230337163015656,0,-finish_position,10.0,0.75,season,estimado_historico_anterior,141,9
2018,10,raikkonen_2018_10,British Grand Prix,raikkonen,ferrari,10,1.1347675021746286,0,-finish_position,10.0,0.75,season,estimado_historico_anterior,141,9
2018,10,ricciardo_2018_10,British Grand Prix,ricciardo,red_bull,10,1.2062376543276556,0,-finish_position,10.0,0.75,season,estimado_historico_anterior,141,9
2018,10,sirotkin_2018_10,British Grand Prix,sirotkin,williams,10,-1.6376928228695584,0,-finish_position,10.0,0.75,season,estimado_historico_anterior,141,9
2018,10,stroll_2018_10,British Grand Prix,stroll,williams,10,-0.8730018136350672,0,-finish_position,10.0,0.75,season,estimado_historico_anterior,141,9
2018,10,vandoorne_2018_10,British Grand Prix,vandoorne,mclaren,10,-1.1001739249339868,0,-finish_position,10.0,0.75,season,estimado_historico_anterior,141,9
2018,10,vettel_2018_10,British Grand Prix,vettel,ferrari,10,1.3355460452716779,0,-finish_position,10.0,0.75,season,estimado_historico_anterior,141,9
2018,11,bottas_2018_11,German Grand Prix,bottas,mercedes,11,0.864058536167962,0,-finish_position,10.0,0.75,season,estimado_historico_anterior,155,10
2018,11,brendon_hartley_2018_11,German Grand Prix,brendon_hartley,toro_rosso,11,-1.1964069715608945,0,-finish_position,10.0,0.75,season,estimado_historico_anterior,155,10
2018,11,ericsson_2018_11,German Grand Prix,ericsson,sauber,11,-1.0080757230001933,0,-finish_position,10.0,0.75,season,estimado_historico_anterior,155,10
2018,11,gasly_2018_11,German Grand Prix,gasly,toro_rosso,11,-0.34862297447840335,0,-finish_position,10.0,0.75,season,estimado_historico_anterior,155,10
2018,11,grosjean_2018_11,German Grand Prix,grosjean,haas,11,-1.0159773561541041,0,-finish_position,10.0,0.75,season,estimado_historico_anterior,155,10
2018,11,hamilton_2018_11,German Grand Prix,hamilton,mercedes,11,1.6575971325680197,0,-finish_position,10.0,0.75,season,estimado_historico_anterior,155,10
2018,11,hulkenberg_2018_11,German Grand Prix,hulkenberg,renault,11,0.5154223315721088,0,-finish_position,10.0,0.75,season,estimado_historico_anterior,155,10
2018,11,kevin_magnussen_2018_11,German Grand Prix,kevin_magnussen,haas,11,0.190528285540798,0,-finish_position,10.0,0.75,season,estimado_historico_anterior,155,10
2018,11,leclerc_2018_11,German Grand Prix,leclerc,sauber,11,-0.508129969536908,0,-finish_position,10.0,0.75,season,estimado_historico_anterior,155,10
2018,11,max_verstappen_2018_11,German Grand Prix,max_verstappen,red_bull,11,0.9096701064269771,0,-finish_position,10.0,0.75,season,estimado_historico_anterior,155,10
2018,11,ocon_2018_11,German Grand Prix,ocon,force_india,11,0.1246303155105648,0,-finish_position,10.0,0.75,season,estimado_historico_anterior,155,10
2018,11,perez_2018_11,German Grand Prix,perez,force_india,11,-0.676139338002101,0,-finish_position,10.0,0.75,season,estimado_historico_anterior,155,10
2018,11,raikkonen_2018_11,German Grand Prix,raikkonen,ferrari,11,1.1635174136446482,0,-finish_position,10.0,0.75,season,estimado_historico_anterior,155,10
2018,11,sainz_2018_11,German Grand Prix,sainz,renault,11,-0.30176320050489375,0,-finish_position,10.0,0.75,season,estimado_historico_anterior,155,10
2018,11,vandoorne_2018_11,German Grand Prix,vandoorne,mclaren,11,-1.1561829387678202,0,-finish_position,10.0,0.75,season,estimado_historico_anterior,155,10
2018,12,alonso_2018_12,Hungarian Grand Prix,alonso,mclaren,12,0.7477037568298269,0,-finish_position,10.0,0.75,season,estimado_historico_anterior,170,11
2018,12,bottas_2018_12,Hungarian Grand Prix,bottas,mercedes,12,0.9376808932286759,0,-finish_position,10.0,0.75,season,estimado_historico_anterior,170,11
2018,12,brendon_hartley_2018_12,Hungarian Grand Prix,brendon_hartley,toro_rosso,12,-1.103481580220351,0,-finish_position,10.0,0.75,season,estimado_historico_anterior,170,11
2018,12,ericsson_2018_12,Hungarian Grand Prix,ericsson,sauber,12,-0.881364269431503,0,-finish_position,10.0,0.75,season,estimado_historico_anterior,170,11
2018,12,gasly_2018_12,Hungarian Grand Prix,gasly,toro_rosso,12,-0.5302378318248052,0,-finish_position,10.0,0.75,season,estimado_historico_anterior,170,11
2018,12,grosjean_2018_12,Hungarian Grand Prix,grosjean,haas,12,-0.8057624161404802,0,-finish_position,10.0,0.75,season,estimado_historico_anterior,170,11
2018,12,hamilton_2018_12,Hungarian Grand Prix,hamilton,mercedes,12,1.7285326655297637,0,-finish_position,10.0,0.75,season,estimado_historico_anterior,170,11
2018,12,hulkenberg_2018_12,Hungarian Grand Prix,hulkenberg,renault,12,0.662461243474383,0,-finish_position,10.0,0.75,season,estimado_historico_anterior,170,11
2018,12,kevin_magnussen_2018_12,Hungarian Grand Prix,kevin_magnussen,haas,12,0.043064384384564405,0,-finish_position,10.0,0.75,season,estimado_historico_anterior,170,11
2018,12,ocon_2018_12,Hungarian Grand Prix,ocon,force_india,12,0.12247308137368002,0,-finish_position,10.0,0.75,season,estimado_historico_anterior,170,11
2018,12,perez_2018_12,Hungarian Grand Prix,perez,force_india,12,-0.5996735450748286,0,-finish_position,10.0,0.75,season,estimado_historico_anterior,170,11
2018,12,raikkonen_2018_12,Hungarian Grand Prix,raikkonen,ferrari,12,1.2216131077723373,0,-finish_position,10.0,0.75,season,estimado_historico_anterior,170,11
2018,12,ricciardo_2018_12,Hungarian Grand Prix,ricciardo,red_bull,12,1.176684120934593,0,-finish_position,10.0,0.75,season,estimado_historico_anterior,170,11
2018,12,sainz_2018_12,Hungarian Grand Prix,sainz,renault,12,-0.47965159593146006,0,-finish_position,10.0,0.75,season,estimado_historico_anterior,170,11
2018,12,sirotkin_2018_12,Hungarian Grand Prix,sirotkin,williams,12,-1.7141156838784883,0,-finish_position,10.0,0.75,season,estimado_historico_anterior,170,11
2018,12,stroll_2018_12,Hungarian Grand Prix,stroll,williams,12,-0.8807322222257887,0,-finish_position,10.0,0.75,season,estimado_historico_anterior,170,11
2018,12,vettel_2018_12,Hungarian Grand Prix,vettel,ferrari,12,1.400599650998674,0,-finish_position,10.0,0.75,season,estimado_historico_anterior,170,11
2018,13,bottas_2018_13,Belgian Grand Prix,bottas,mercedes,13,0.909672499750125,0,-finish_position,10.0,0.75,season,estimado_historico_anterior,187,12
2018,13,brendon_hartley_2018_13,Belgian Grand Prix,brendon_hartley,toro_rosso,13,-1.1360822464746692,0,-finish_position,10.0,0.75,season,estimado_historico_anterior,187,12
2018,13,ericsson_2018_13,Belgian Grand Prix,ericsson,sauber,13,-1.0193098864944066,0,-finish_position,10.0,0.75,season,estimado_historico_anterior,187,12
2018,13,gasly_2018_13,Belgian Grand Prix,gasly,toro_rosso,13,-0.33718490033716714,0,-finish_position,10.0,0.75,season,estimado_historico_anterior,187,12
2018,13,grosjean_2018_13,Belgian Grand Prix,grosjean,haas,13,-0.8160099819179549,0,-finish_position,10.0,0.75,season,estimado_historico_anterior,187,12
2018,13,hamilton_2018_13,Belgian Grand Prix,hamilton,mercedes,13,1.8528431736993072,0,-finish_position,10.0,0.75,season,estimado_historico_anterior,187,12
2018,13,kevin_magnussen_2018_13,Belgian Grand Prix,kevin_magnussen,haas,13,0.13360341888771737,0,-finish_position,10.0,0.75,season,estimado_historico_anterior,187,12
2018,13,max_verstappen_2018_13,Belgian Grand Prix,max_verstappen,red_bull,13,0.9597654384273367,0,-finish_position,10.0,0.75,season,estimado_historico_anterior,187,12
2018,13,ocon_2018_13,Belgian Grand Prix,ocon,force_india,13,0.017610699519320677,0,-finish_position,10.0,0.75,season,estimado_historico_anterior,187,12
2018,13,perez_2018_13,Belgian Grand Prix,perez,force_india,13,-0.6842090427767753,0,-finish_position,10.0,0.75,season,estimado_historico_anterior,187,12
2018,13,sainz_2018_13,Belgian Grand Prix,sainz,renault,13,-0.41318120879379755,0,-finish_position,10.0,0.75,season,estimado_historico_anterior,187,12
2018,13,sirotkin_2018_13,Belgian Grand Prix,sirotkin,williams,13,-1.7647867563503192,0,-finish_position,10.0,0.75,season,estimado_historico_anterior,187,12
2018,13,stroll_2018_13,Belgian Grand Prix,stroll,williams,13,-1.0278816333442886,0,-finish_position,10.0,0.75,season,estimado_historico_anterior,187,12
2018,13,vandoorne_2018_13,Belgian Grand Prix,vandoorne,mclaren,13,-1.2713293649673485,0,-finish_position,10.0,0.75,season,estimado_historico_anterior,187,12
2018,13,vettel_2018_13,Belgian Grand Prix,vettel,ferrari,13,1.4799714627626583,0,-finish_position,10.0,0.75,season,estimado_historico_anterior,187,12
2018,14,bottas_2018_14,Italian Grand Prix,bottas,mercedes,14,0.9020245517487588,0,-finish_position,10.0,0.75,season,estimado_historico_anterior,202,13
2018,14,ericsson_2018_14,Italian Grand Prix,ericsson,sauber,14,-0.993342565547848,0,-finish_position,10.0,0.75,season,estimado_historico_anterior,202,13
2018,14,gasly_2018_14,Italian Grand Prix,gasly,toro_rosso,14,-0.2628008223602485,0,-finish_position,10.0,0.75,season,estimado_historico_anterior,202,13
2018,14,hamilton_2018_14,Italian Grand Prix,hamilton,mercedes,14,1.889518975092642,0,-finish_position,10.0,0.75,season,estimado_historico_anterior,202,13
2018,14,hulkenberg_2018_14,Italian Grand Prix,hulkenberg,renault,14,0.5115005165716103,0,-finish_position,10.0,0.75,season,estimado_historico_anterior,202,13
2018,14,kevin_magnussen_2018_14,Italian Grand Prix,kevin_magnussen,haas,14,0.10944533867778554,0,-finish_position,10.0,0.75,season,estimado_historico_anterior,202,13
2018,14,leclerc_2018_14,Italian Grand Prix,leclerc,sauber,14,-0.6877517272159741,0,-finish_position,10.0,0.75,season,estimado_historico_anterior,202,13
2018,14,max_verstappen_2018_14,Italian Grand Prix,max_verstappen,red_bull,14,1.0373023207401868,0,-finish_position,10.0,0.75,season,estimado_historico_anterior,202,13
2018,14,ocon_2018_14,Italian Grand Prix,ocon,force_india,14,0.06770829721841652,0,-finish_position,10.0,0.75,season,estimado_historico_anterior,202,13
2018,14,perez_2018_14,Italian Grand Prix,perez,force_india,14,-0.5806594956057267,0,-finish_position,10.0,0.75,season,estimado_historico_anterior,202,13
2018,14,raikkonen_2018_14,Italian Grand Prix,raikkonen,ferrari,14,1.216617690956682,0,-finish_position,10.0,0.75,season,estimado_historico_anterior,202,13
2018,14,sainz_2018_14,Italian Grand Prix,sainz,renault,14,-0.5020333458114111,0,-finish_position,10.0,0.75,season,estimado_historico_anterior,202,13
2018,14,sirotkin_2018_14,Italian Grand Prix,sirotkin,williams,14,-1.7319158134375965,0,-finish_position,10.0,0.75,season,estimado_historico_anterior,202,13
2018,14,stroll_2018_14,Italian Grand Prix,stroll,williams,14,-1.0818278409259945,0,-finish_position,10.0,0.75,season,estimado_historico_anterior,202,13
2018,14,vandoorne_2018_14,Italian Grand Prix,vandoorne,mclaren,14,-1.4627584330124392,0,-finish_position,10.0,0.75,season,estimado_historico_anterior,202,13
2018,14,vettel_2018_14,Italian Grand Prix,vettel,ferrari,14,1.572676266867655,0,-finish_position,10.0,0.75,season,estimado_historico_anterior,202,13
2018,15,alonso_2018_15,Singapore Grand Prix,alonso,mclaren,15,0.8290413217689954,0,-finish_position,10.0,0.75,season,estimado_historico_anterior,218,14
2018,15,bottas_2018_15,Singapore Grand Prix,bottas,mercedes,15,0.9323413892420019,0,-finish_position,10.0,0.75,season,estimado_historico_anterior,218,14
2018,15,brendon_hartley_2018_15,Singapore Grand Prix,brendon_hartley,toro_rosso,15,-1.2462171645968372,0,-finish_position,10.0,0.75,season,estimado_historico_anterior,218,14
2018,15,ericsson_2018_15,Singapore Grand Prix,ericsson,sauber,15,-1.1177789626046821,0,-finish_position,10.0,0.75,season,estimado_historico_anterior,218,14
2018,15,gasly_2018_15,Singapore Grand Prix,gasly,toro_rosso,15,-0.39140928178026424,0,-finish_position,10.0,0.75,season,estimado_historico_anterior,218,14
2018,15,grosjean_2018_15,Singapore Grand Prix,grosjean,haas,15,-0.6468965626497438,0,-finish_position,10.0,0.75,season,estimado_historico_anterior,218,14
2018,15,hamilton_2018_15,Singapore Grand Prix,hamilton,mercedes,15,1.9586379077662048,0,-finish_position,10.0,0.75,season,estimado_historico_anterior,218,14
2018,15,hulkenberg_2018_15,Singapore Grand Prix,hulkenberg,renault,15,0.31130474310057665,0,-finish_position,10.0,0.75,season,estimado_historico_anterior,218,14
2018,15,kevin_magnussen_2018_15,Singapore Grand Prix,kevin_magnussen,haas,15,-0.10983121268192755,0,-finish_position,10.0,0.75,season,estimado_historico_anterior,218,14
2018,15,leclerc_2018_15,Singapore Grand Prix,leclerc,sauber,15,-0.6495752797896353,0,-finish_position,10.0,0.75,season,estimado_historico_anterior,218,14
2018,15,max_verstappen_2018_15,Singapore Grand Prix,max_verstappen,red_bull,15,1.0457860569008877,0,-finish_position,10.0,0.75,season,estimado_historico_anterior,218,14
2018,15,perez_2018_15,Singapore Grand Prix,perez,force_india,15,-0.5348624305989899,0,-finish_position,10.0,0.75,season,estimado_historico_anterior,218,14
2018,15,raikkonen_2018_15,Singapore Grand Prix,raikkonen,ferrari,15,1.304915217987967,0,-finish_position,10.0,0.75,season,estimado_historico_anterior,218,14
2018,15,ricciardo_2018_15,Singapore Grand Prix,ricciardo,red_bull,15,1.196144520274104,0,-finish_position,10.0,0.75,season,estimado_historico_anterior,218,14
2018,15,sainz_2018_15,Singapore Grand Prix,sainz,renault,15,-0.4003977340910247,0,-finish_position,10.0,0.75,season,estimado_historico_anterior,218,14
2018,15,sirotkin_2018_15,Singapore Grand Prix,sirotkin,williams,15,-1.6643920884656476,0,-finish_position,10.0,0.75,season,estimado_historico_anterior,218,14
2018,15,stroll_2018_15,Singapore Grand Prix,stroll,williams,15,-0.9975742408030578,0,-finish_position,10.0,0.75,season,estimado_historico_anterior,218,14
2018,15,vandoorne_2018_15,Singapore Grand Prix,vandoorne,mclaren,15,-1.510979772428968,0,-finish_position,10.0,0.75,season,estimado_historico_anterior,218,14
2018,15,vettel_2018_15,Singapore Grand Prix,vettel,ferrari,15,1.546417568366316,0,-finish_position,10.0,0.75,season,estimado_historico_anterior,218,14
2018,16,alonso_2018_16,Russian Grand Prix,alonso,mclaren,16,0.9256417669208951,0,-finish_position,10.0,0.75,season,estimado_historico_anterior,237,15
2018,16,bottas_2018_16,Russian Grand Prix,bottas,mercedes,16,0.9574021175326948,0,-finish_position,10.0,0.75,season,estimado_historico_anterior,237,15
2018,16,ericsson_2018_16,Russian Grand Prix,ericsson,sauber,16,-1.0967602493901436,0,-finish_position,10.0,0.75,season,estimado_historico_anterior,237,15
2018,16,grosjean_2018_16,Russian Grand Prix,grosjean,haas,16,-0.725238359462556,0,-finish_position,10.0,0.75,season,estimado_historico_anterior,237,15
2018,16,hamilton_2018_16,Russian Grand Prix,hamilton,mercedes,16,2.0647202911599294,0,-finish_position,10.0,0.75,season,estimado_historico_anterior,237,15
2018,16,hulkenberg_2018_16,Russian Grand Prix,hulkenberg,renault,16,0.2696599565282407,0,-finish_position,10.0,0.75,season,estimado_historico_anterior,237,15
2018,16,kevin_magnussen_2018_16,Russian Grand Prix,kevin_magnussen,haas,16,-0.26258525614838035,0,-finish_position,10.0,0.75,season,estimado_historico_anterior,237,15
2018,16,leclerc_2018_16,Russian Grand Prix,leclerc,sauber,16,-0.5548031556566766,0,-finish_position,10.0,0.75,season,estimado_historico_anterior,237,15
2018,16,max_verstappen_2018_16,Russian Grand Prix,max_verstappen,red_bull,16,1.2038400252744472,0,-finish_position,10.0,0.75,season,estimado_historico_anterior,237,15
2018,16,ocon_2018_16,Russian Grand Prix,ocon,force_india,16,0.24614155994452877,0,-finish_position,10.0,0.75,season,estimado_historico_anterior,237,15
2018,16,perez_2018_16,Russian Grand Prix,perez,force_india,16,-0.6995016355337669,0,-finish_position,10.0,0.75,season,estimado_historico_anterior,237,15
2018,16,raikkonen_2018_16,Russian Grand Prix,raikkonen,ferrari,16,1.3023454719762404,0,-finish_position,10.0,0.75,season,estimado_historico_anterior,237,15
2018,16,ricciardo_2018_16,Russian Grand Prix,ricciardo,red_bull,16,1.1507786812937477,0,-finish_position,10.0,0.75,season,estimado_historico_anterior,237,15
2018,16,sainz_2018_16,Russian Grand Prix,sainz,renault,16,-0.3134199366371894,0,-finish_position,10.0,0.75,season,estimado_historico_anterior,237,15
2018,16,sirotkin_2018_16,Russian Grand Prix,sirotkin,williams,16,-1.8179207590021398,0,-finish_position,10.0,0.75,season,estimado_historico_anterior,237,15
2018,16,stroll_2018_16,Russian Grand Prix,stroll,williams,16,-0.954117138395794,0,-finish_position,10.0,0.75,season,estimado_historico_anterior,237,15
2018,16,vandoorne_2018_16,Russian Grand Prix,vandoorne,mclaren,16,-1.5401164548533874,0,-finish_position,10.0,0.75,season,estimado_historico_anterior,237,15
2018,16,vettel_2018_16,Russian Grand Prix,vettel,ferrari,16,1.6219571687486858,0,-finish_position,10.0,0.75,season,estimado_historico_anterior,237,15
2018,17,alonso_2018_17,Japanese Grand Prix,alonso,mclaren,17,0.7857035041657723,0,-finish_position,10.0,0.75,season,estimado_historico_anterior,255,16
2018,17,bottas_2018_17,Japanese Grand Prix,bottas,mercedes,17,1.0342601637122006,0,-finish_position,10.0,0.75,season,estimado_historico_anterior,255,16
2018,17,brendon_hartley_2018_17,Japanese Grand Prix,brendon_hartley,toro_rosso,17,-1.3962347768804295,0,-finish_position,10.0,0.75,season,estimado_historico_anterior,255,16
2018,17,ericsson_2018_17,Japanese Grand Prix,ericsson,sauber,17,-1.1698163748298231,0,-finish_position,10.0,0.75,season,estimado_historico_anterior,255,16
2018,17,gasly_2018_17,Japanese Grand Prix,gasly,toro_rosso,17,-0.3356358465595178,0,-finish_position,10.0,0.75,season,estimado_historico_anterior,255,16
2018,17,grosjean_2018_17,Japanese Grand Prix,grosjean,haas,17,-0.7466382989393565,0,-finish_position,10.0,0.75,season,estimado_historico_anterior,255,16
2018,17,hamilton_2018_17,Japanese Grand Prix,hamilton,mercedes,17,2.1319009896066725,0,-finish_position,10.0,0.75,season,estimado_historico_anterior,255,16
2018,17,max_verstappen_2018_17,Japanese Grand Prix,max_verstappen,red_bull,17,1.240851662676021,0,-finish_position,10.0,0.75,season,estimado_historico_anterior,255,16
2018,17,ocon_2018_17,Japanese Grand Prix,ocon,force_india,17,0.26433284282467573,0,-finish_position,10.0,0.75,season,estimado_historico_anterior,255,16
2018,17,perez_2018_17,Japanese Grand Prix,perez,force_india,17,-0.6792413228763955,0,-finish_position,10.0,0.75,season,estimado_historico_anterior,255,16
2018,17,raikkonen_2018_17,Japanese Grand Prix,raikkonen,ferrari,17,1.3263516783822802,0,-finish_position,10.0,0.75,season,estimado_historico_anterior,255,16
2018,17,ricciardo_2018_17,Japanese Grand Prix,ricciardo,red_bull,17,1.137456224411283,0,-finish_position,10.0,0.75,season,estimado_historico_anterior,255,16
2018,17,sainz_2018_17,Japanese Grand Prix,sainz,renault,17,-0.47415617086600614,0,-finish_position,10.0,0.75,season,estimado_historico_anterior,255,16
2018,17,sirotkin_2018_17,Japanese Grand Prix,sirotkin,williams,17,-1.9172380480945082,0,-finish_position,10.0,0.75,season,estimado_historico_anterior,255,16
2018,17,stroll_2018_17,Japanese Grand Prix,stroll,williams,17,-0.9606307177696847,0,-finish_position,10.0,0.75,season,estimado_historico_anterior,255,16
2018,17,vandoorne_2018_17,Japanese Grand Prix,vandoorne,mclaren,17,-1.6035665814796471,0,-finish_position,10.0,0.75,season,estimado_historico_anterior,255,16
2018,17,vettel_2018_17,Japanese Grand Prix,vettel,ferrari,17,1.672592524690672,0,-finish_position,10.0,0.75,season,estimado_historico_anterior,255,16
2018,18,bottas_2018_18,United States Grand Prix,bottas,mercedes,18,1.0910541172467134,0,-finish_position,10.0,0.75,season,estimado_historico_anterior,272,17
2018,18,brendon_hartley_2018_18,United States Grand Prix,brendon_hartley,toro_rosso,18,-1.430744673923059,0,-finish_position,10.0,0.75,season,estimado_historico_anterior,272,17
2018,18,ericsson_2018_18,United States Grand Prix,ericsson,sauber,18,-1.1776371704070296,0,-finish_position,10.0,0.75,season,estimado_historico_anterior,272,17
2018,18,gasly_2018_18,United States Grand Prix,gasly,toro_rosso,18,-0.3178948172238858,0,-finish_position,10.0,0.75,season,estimado_historico_anterior,272,17
2018,18,hamilton_2018_18,United States Grand Prix,hamilton,mercedes,18,2.1800985501134376,0,-finish_position,10.0,0.75,season,estimado_historico_anterior,272,17
2018,18,hulkenberg_2018_18,United States Grand Prix,hulkenberg,renault,18,0.26626341272220855,0,-finish_position,10.0,0.75,season,estimado_historico_anterior,272,17
2018,18,max_verstappen_2018_18,United States Grand Prix,max_verstappen,red_bull,18,1.3004736231337009,0,-finish_position,10.0,0.75,season,estimado_historico_anterior,272,17
2018,18,perez_2018_18,United States Grand Prix,perez,force_india,18,-0.590795364897469,0,-finish_position,10.0,0.75,season,estimado_historico_anterior,272,17
2018,18,raikkonen_2018_18,United States Grand Prix,raikkonen,ferrari,18,1.3359489944229044,0,-finish_position,10.0,0.75,season,estimado_historico_anterior,272,17
2018,18,sainz_2018_18,United States Grand Prix,sainz,renault,18,-0.4818000922139626,0,-finish_position,10.0,0.75,season,estimado_historico_anterior,272,17
2018,18,sirotkin_2018_18,United States Grand Prix,sirotkin,williams,18,-1.9346424771191972,0,-finish_position,10.0,0.75,season,estimado_historico_anterior,272,17
2018,18,stroll_2018_18,United States Grand Prix,stroll,williams,18,-1.0595639141846962,0,-finish_position,10.0,0.75,season,estimado_historico_anterior,272,17
2018,18,vandoorne_2018_18,United States Grand Prix,vandoorne,mclaren,18,-1.6417770560609768,0,-finish_position,10.0,0.75,season,estimado_historico_anterior,272,17
2018,18,vettel_2018_18,United States Grand Prix,vettel,ferrari,18,1.6346369529865374,0,-finish_position,10.0,0.75,season,estimado_historico_anterior,272,17
2018,19,bottas_2018_19,Mexican Grand Prix,bottas,mercedes,19,1.0549623232129086,0,-finish_position,10.0,0.75,season,estimado_historico_anterior,286,18
2018,19,brendon_hartley_2018_19,Mexican Grand Prix,brendon_hartley,toro_rosso,19,-1.3288011520232648,0,-finish_position,10.0,0.75,season,estimado_historico_anterior,286,18
2018,19,ericsson_2018_19,Mexican Grand Prix,ericsson,sauber,19,-1.154180340443072,0,-finish_position,10.0,0.75,season,estimado_historico_anterior,286,18
2018,19,gasly_2018_19,Mexican Grand Prix,gasly,toro_rosso,19,-0.4081097027759233,0,-finish_position,10.0,0.75,season,estimado_historico_anterior,286,18
2018,19,grosjean_2018_19,Mexican Grand Prix,grosjean,haas,19,-0.6725439151149019,0,-finish_position,10.0,0.75,season,estimado_historico_anterior,286,18
2018,19,hamilton_2018_19,Mexican Grand Prix,hamilton,mercedes,19,2.1785390674616303,0,-finish_position,10.0,0.75,season,estimado_historico_anterior,286,18
2018,19,hulkenberg_2018_19,Mexican Grand Prix,hulkenberg,renault,19,0.3147813559092768,0,-finish_position,10.0,0.75,season,estimado_historico_anterior,286,18
2018,19,kevin_magnussen_2018_19,Mexican Grand Prix,kevin_magnussen,haas,19,-0.20961437172668373,0,-finish_position,10.0,0.75,season,estimado_historico_anterior,286,18
2018,19,leclerc_2018_19,Mexican Grand Prix,leclerc,sauber,19,-0.3978709004211547,0,-finish_position,10.0,0.75,season,estimado_historico_anterior,286,18
2018,19,max_verstappen_2018_19,Mexican Grand Prix,max_verstappen,red_bull,19,1.3735641205650444,0,-finish_position,10.0,0.75,season,estimado_historico_anterior,286,18
2018,19,ocon_2018_19,Mexican Grand Prix,ocon,force_india,19,0.21059293637998103,0,-finish_position,10.0,0.75,season,estimado_historico_anterior,286,18
2018,19,raikkonen_2018_19,Mexican Grand Prix,raikkonen,ferrari,19,1.4193982269954186,0,-finish_position,10.0,0.75,season,estimado_historico_anterior,286,18
2018,19,sirotkin_2018_19,Mexican Grand Prix,sirotkin,williams,19,-1.9177916679147577,0,-finish_position,10.0,0.75,season,estimado_historico_anterior,286,18
2018,19,stroll_2018_19,Mexican Grand Prix,stroll,williams,19,-1.1176214082624725,0,-finish_position,10.0,0.75,season,estimado_historico_anterior,286,18
2018,19,vandoorne_2018_19,Mexican Grand Prix,vandoorne,mclaren,19,-1.6475261809487791,0,-finish_position,10.0,0.75,season,estimado_historico_anterior,286,18
2018,19,vettel_2018_19,Mexican Grand Prix,vettel,ferrari,19,1.5833396903832018,0,-finish_position,10.0,0.75,season,estimado_historico_anterior,286,18
2018,20,alonso_2018_20,Brazilian Grand Prix,alonso,mclaren,20,0.5945735941697727,0,-finish_position,10.0,0.75,season,estimado_historico_anterior,302,19
2018,20,bottas_2018_20,Brazilian Grand Prix,bottas,mercedes,20,1.0423616151428188,0,-finish_position,10.0,0.75,season,estimado_historico_anterior,302,19
2018,20,brendon_hartley_2018_20,Brazilian Grand Prix,brendon_hartley,toro_rosso,20,-1.4175338676302203,0,-finish_position,10.0,0.75,season,estimado_historico_anterior,302,19
2018,20,gasly_2018_20,Brazilian Grand Prix,gasly,toro_rosso,20,-0.3591460750267793,0,-finish_position,10.0,0.75,season,estimado_historico_anterior,302,19
2018,20,grosjean_2018_20,Brazilian Grand Prix,grosjean,haas,20,-0.8098615786540113,0,-finish_position,10.0,0.75,season,estimado_historico_anterior,302,19
2018,20,hamilton_2018_20,Brazilian Grand Prix,hamilton,mercedes,20,2.162488461560937,0,-finish_position,10.0,0.75,season,estimado_historico_anterior,302,19
2018,20,kevin_magnussen_2018_20,Brazilian Grand Prix,kevin_magnussen,haas,20,-0.2867641477010509,0,-finish_position,10.0,0.75,season,estimado_historico_anterior,302,19
2018,20,leclerc_2018_20,Brazilian Grand Prix,leclerc,sauber,20,-0.3070784999116196,0,-finish_position,10.0,0.75,season,estimado_historico_anterior,302,19
2018,20,max_verstappen_2018_20,Brazilian Grand Prix,max_verstappen,red_bull,20,1.4787471081087171,0,-finish_position,10.0,0.75,season,estimado_historico_anterior,302,19
2018,20,ocon_2018_20,Brazilian Grand Prix,ocon,force_india,20,0.13967284078132905,0,-finish_position,10.0,0.75,season,estimado_historico_anterior,302,19
2018,20,perez_2018_20,Brazilian Grand Prix,perez,force_india,20,-0.5399650261843932,0,-finish_position,10.0,0.75,season,estimado_historico_anterior,302,19
2018,20,raikkonen_2018_20,Brazilian Grand Prix,raikkonen,ferrari,20,1.430574700480184,0,-finish_position,10.0,0.75,season,estimado_historico_anterior,302,19
2018,20,ricciardo_2018_20,Brazilian Grand Prix,ricciardo,red_bull,20,1.0813946122801692,0,-finish_position,10.0,0.75,season,estimado_historico_anterior,302,19
2018,20,sainz_2018_20,Brazilian Grand Prix,sainz,renault,20,-0.49956772056888754,0,-finish_position,10.0,0.75,season,estimado_historico_anterior,302,19
2018,20,sirotkin_2018_20,Brazilian Grand Prix,sirotkin,williams,20,-1.9126051184810486,0,-finish_position,10.0,0.75,season,estimado_historico_anterior,302,19
2018,20,stroll_2018_20,Brazilian Grand Prix,stroll,williams,20,-1.104779207880432,0,-finish_position,10.0,0.75,season,estimado_historico_anterior,302,19
2018,20,vandoorne_2018_20,Brazilian Grand Prix,vandoorne,mclaren,20,-1.5598872714503067,0,-finish_position,10.0,0.75,season,estimado_historico_anterior,302,19
2018,20,vettel_2018_20,Brazilian Grand Prix,vettel,ferrari,20,1.6194630969212398,0,-finish_position,10.0,0.75,season,estimado_historico_anterior,302,19
2018,21,alonso_2018_21,Abu Dhabi Grand Prix,alonso,mclaren,21,0.3629301570267642,0,-finish_position,10.0,0.75,season,estimado_historico_anterior,320,20
2018,21,bottas_2018_21,Abu Dhabi Grand Prix,bottas,mercedes,21,1.0207284134376795,0,-finish_position,10.0,0.75,season,estimado_historico_anterior,320,20
2018,21,brendon_hartley_2018_21,Abu Dhabi Grand Prix,brendon_hartley,toro_rosso,21,-1.353764764871563,0,-finish_position,10.0,0.75,season,estimado_historico_anterior,320,20
2018,21,grosjean_2018_21,Abu Dhabi Grand Prix,grosjean,haas,21,-0.7267432337058058,0,-finish_position,10.0,0.75,season,estimado_historico_anterior,320,20
2018,21,hamilton_2018_21,Abu Dhabi Grand Prix,hamilton,mercedes,21,2.241028085966865,0,-finish_position,10.0,0.75,season,estimado_historico_anterior,320,20
2018,21,kevin_magnussen_2018_21,Abu Dhabi Grand Prix,kevin_magnussen,haas,21,-0.27360281630421773,0,-finish_position,10.0,0.75,season,estimado_historico_anterior,320,20
2018,21,leclerc_2018_21,Abu Dhabi Grand Prix,leclerc,sauber,21,-0.18810443945936384,0,-finish_position,10.0,0.75,season,estimado_historico_anterior,320,20
2018,21,max_verstappen_2018_21,Abu Dhabi Grand Prix,max_verstappen,red_bull,21,1.5536358940522697,0,-finish_position,10.0,0.75,season,estimado_historico_anterior,320,20
2018,21,perez_2018_21,Abu Dhabi Grand Prix,perez,force_india,21,-0.4643200517363635,0,-finish_position,10.0,0.75,season,estimado_historico_anterior,320,20
2018,21,ricciardo_2018_21,Abu Dhabi Grand Prix,ricciardo,red_bull,21,1.1043251398614533,0,-finish_position,10.0,0.75,season,estimado_historico_anterior,320,20
2018,21,sainz_2018_21,Abu Dhabi Grand Prix,sainz,renault,21,-0.5531000772407904,0,-finish_position,10.0,0.75,season,estimado_historico_anterior,320,20
2018,21,sirotkin_2018_21,Abu Dhabi Grand Prix,sirotkin,williams,21,-1.9075874107845614,0,-finish_position,10.0,0.75,season,estimado_historico_anterior,320,20
2018,21,stroll_2018_21,Abu Dhabi Grand Prix,stroll,williams,21,-1.2037211977759088,0,-finish_position,10.0,0.75,season,estimado_historico_anterior,320,20
2018,21,vandoorne_2018_21,Abu Dhabi Grand Prix,vandoorne,mclaren,21,-1.512775407713335,0,-finish_position,10.0,0.75,season,estimado_historico_anterior,320,20
2018,21,vettel_2018_21,Abu Dhabi Grand Prix,vettel,ferrari,21,1.573626405738072,0,-finish_position,10.0,0.75,season,estimado_historico_anterior,320,20
2019,1,albon_2019_1,Australian Grand Prix,albon,toro_rosso,22,0.0,1,-finish_position,10.0,0.75,season,estimado_historico_anterior,335,21
2019,1,bottas_2019_1,Australian Grand Prix,bottas,mercedes,22,0.9643820198379415,0,-finish_position,10.0,0.75,season,estimado_historico_anterior,335,21
2019,1,gasly_2019_1,Australian Grand Prix,gasly,red_bull,22,-0.4302639310164462,0,-finish_position,10.0,0.75,season,estimado_historico_anterior,335,21
2019,1,giovinazzi_2019_1,Australian Grand Prix,giovinazzi,alfa,22,0.0,1,-finish_position,10.0,0.75,season,estimado_historico_anterior,335,21
2019,1,hamilton_2019_1,Australian Grand Prix,hamilton,mercedes,22,2.1513585689450205,0,-finish_position,10.0,0.75,season,estimado_historico_anterior,335,21
2019,1,hulkenberg_2019_1,Australian Grand Prix,hulkenberg,renault,22,0.3425638589423337,0,-finish_position,10.0,0.75,season,estimado_historico_anterior,335,21
2019,1,kevin_magnussen_2019_1,Australian Grand Prix,kevin_magnussen,haas,22,-0.29890992617901585,0,-finish_position,10.0,0.75,season,estimado_historico_anterior,335,21
2019,1,kubica_2019_1,Australian Grand Prix,kubica,williams,22,0.0,1,-finish_position,10.0,0.75,season,estimado_historico_anterior,335,21
2019,1,kvyat_2019_1,Australian Grand Prix,kvyat,toro_rosso,22,0.0,1,-finish_position,10.0,0.75,season,estimado_historico_anterior,335,21
2019,1,leclerc_2019_1,Australian Grand Prix,leclerc,ferrari,22,-0.12697443666598926,0,-finish_position,10.0,0.75,season,estimado_historico_anterior,335,21
2019,1,max_verstappen_2019_1,Australian Grand Prix,max_verstappen,red_bull,22,1.4848583807020364,0,-finish_position,10.0,0.75,season,estimado_historico_anterior,335,21
2019,1,norris_2019_1,Australian Grand Prix,norris,mclaren,22,0.0,1,-finish_position,10.0,0.75,season,estimado_historico_anterior,335,21
2019,1,perez_2019_1,Australian Grand Prix,perez,racing_point,22,-0.40255014215794555,0,-finish_position,10.0,0.75,season,estimado_historico_anterior,335,21
2019,1,raikkonen_2019_1,Australian Grand Prix,raikkonen,alfa,22,1.3917534605726856,0,-finish_position,10.0,0.75,season,estimado_historico_anterior,335,21
2019,1,russell_2019_1,Australian Grand Prix,russell,williams,22,0.0,1,-finish_position,10.0,0.75,season,estimado_historico_anterior,335,21
2019,1,stroll_2019_1,Australian Grand Prix,stroll,racing_point,22,-1.1614640396629787,0,-finish_position,10.0,0.75,season,estimado_historico_anterior,335,21
2019,1,vettel_2019_1,Australian Grand Prix,vettel,ferrari,22,1.5411443516494818,0,-finish_position,10.0,0.75,season,estimado_historico_anterior,335,21
2019,2,albon_2019_2,Bahrain Grand Prix,albon,toro_rosso,23,-0.32091751091919324,0,-finish_position,10.0,0.75,season,estimado_historico_anterior,352,22
2019,2,bottas_2019_2,Bahrain Grand Prix,bottas,mercedes,23,1.110649923680595,0,-finish_position,10.0,0.75,season,estimado_historico_anterior,352,22
2019,2,gasly_2019_2,Bahrain Grand Prix,gasly,red_bull,23,-0.543735479346042,0,-finish_position,10.0,0.75,season,estimado_historico_anterior,352,22
2019,2,giovinazzi_2019_2,Bahrain Grand Prix,giovinazzi,alfa,23,-0.5108829698193182,0,-finish_position,10.0,0.75,season,estimado_historico_anterior,352,22
2019,2,hamilton_2019_2,Bahrain Grand Prix,hamilton,mercedes,23,2.2095916381921312,0,-finish_position,10.0,0.75,season,estimado_historico_anterior,352,22
2019,2,kevin_magnussen_2019_2,Bahrain Grand Prix,kevin_magnussen,haas,23,-0.12519765618216805,0,-finish_position,10.0,0.75,season,estimado_historico_anterior,352,22
2019,2,kubica_2019_2,Bahrain Grand Prix,kubica,williams,23,-0.44221736203879847,0,-finish_position,10.0,0.75,season,estimado_historico_anterior,352,22
2019,2,kvyat_2019_2,Bahrain Grand Prix,kvyat,toro_rosso,23,0.04264623025650112,0,-finish_position,10.0,0.75,season,estimado_historico_anterior,352,22
2019,2,leclerc_2019_2,Bahrain Grand Prix,leclerc,ferrari,23,-0.024902041182500723,0,-finish_position,10.0,0.75,season,estimado_historico_anterior,352,22
2019,2,max_verstappen_2019_2,Bahrain Grand Prix,max_verstappen,red_bull,23,1.7073092314154388,0,-finish_position,10.0,0.75,season,estimado_historico_anterior,352,22
2019,2,norris_2019_2,Bahrain Grand Prix,norris,mclaren,23,-0.18000098193686676,0,-finish_position,10.0,0.75,season,estimado_historico_anterior,352,22
2019,2,perez_2019_2,Bahrain Grand Prix,perez,racing_point,23,-0.5368143313175426,0,-finish_position,10.0,0.75,season,estimado_historico_anterior,352,22
2019,2,raikkonen_2019_2,Bahrain Grand Prix,raikkonen,alfa,23,1.4216701639632494,0,-finish_position,10.0,0.75,season,estimado_historico_anterior,352,22
2019,2,russell_2019_2,Bahrain Grand Prix,russell,williams,23,-0.35132642674487485,0,-finish_position,10.0,0.75,season,estimado_historico_anterior,352,22
2019,2,stroll_2019_2,Bahrain Grand Prix,stroll,racing_point,23,-0.8377422504806207,0,-finish_position,10.0,0.75,season,estimado_historico_anterior,352,22
2019,2,vettel_2019_2,Bahrain Grand Prix,vettel,ferrari,23,1.5828282671366023,0,-finish_position,10.0,0.75,season,estimado_historico_anterior,352,22
2019,3,albon_2019_3,Chinese Grand Prix,albon,toro_rosso,24,-0.1732762763252816,0,-finish_position,10.0,0.75,season,estimado_historico_anterior,368,23
2019,3,bottas_2019_3,Chinese Grand Prix,bottas,mercedes,24,1.1658023136449496,0,-finish_position,10.0,0.75,season,estimado_historico_anterior,368,23
2019,3,gasly_2019_3,Chinese Grand Prix,gasly,red_bull,24,-0.5890450827451468,0,-finish_position,10.0,0.75,season,estimado_historico_anterior,368,23
2019,3,giovinazzi_2019_3,Chinese Grand Prix,giovinazzi,alfa,24,-0.5977113801156115,0,-finish_position,10.0,0.75,season,estimado_historico_anterior,368,23
2019,3,grosjean_2019_3,Chinese Grand Prix,grosjean,haas,24,-0.5847291646119966,0,-finish_position,10.0,0.75,season,estimado_historico_anterior,368,23
2019,3,hamilton_2019_3,Chinese Grand Prix,hamilton,mercedes,24,2.257844132460147,0,-finish_position,10.0,0.75,season,estimado_historico_anterior,368,23
2019,3,kevin_magnussen_2019_3,Chinese Grand Prix,kevin_magnussen,haas,24,-0.204562811585584,0,-finish_position,10.0,0.75,season,estimado_historico_anterior,368,23
2019,3,kubica_2019_3,Chinese Grand Prix,kubica,williams,24,-0.7039138495306407,0,-finish_position,10.0,0.75,season,estimado_historico_anterior,368,23
2019,3,leclerc_2019_3,Chinese Grand Prix,leclerc,ferrari,24,0.13037049084365918,0,-finish_position,10.0,0.75,season,estimado_historico_anterior,368,23
2019,3,max_verstappen_2019_3,Chinese Grand Prix,max_verstappen,red_bull,24,1.764078235539119,0,-finish_position,10.0,0.75,season,estimado_historico_anterior,368,23
2019,3,perez_2019_3,Chinese Grand Prix,perez,racing_point,24,-0.5097315484356392,0,-finish_position,10.0,0.75,season,estimado_historico_anterior,368,23
2019,3,raikkonen_2019_3,Chinese Grand Prix,raikkonen,alfa,24,1.4369048027883102,0,-finish_position,10.0,0.75,season,estimado_historico_anterior,368,23
2019,3,ricciardo_2019_3,Chinese Grand Prix,ricciardo,renault,24,1.2018330243115398,0,-finish_position,10.0,0.75,season,estimado_historico_anterior,368,23
2019,3,russell_2019_3,Chinese Grand Prix,russell,williams,24,-0.5371569076067255,0,-finish_position,10.0,0.75,season,estimado_historico_anterior,368,23
2019,3,sainz_2019_3,Chinese Grand Prix,sainz,mclaren,24,-0.3785996984717733,0,-finish_position,10.0,0.75,season,estimado_historico_anterior,368,23
2019,3,stroll_2019_3,Chinese Grand Prix,stroll,racing_point,24,-0.8951126628696868,0,-finish_position,10.0,0.75,season,estimado_historico_anterior,368,23
2019,3,vettel_2019_3,Chinese Grand Prix,vettel,ferrari,24,1.5212477759557637,0,-finish_position,10.0,0.75,season,estimado_historico_anterior,368,23
2019,4,albon_2019_4,Azerbaijan Grand Prix,albon,toro_rosso,25,-0.11735805241633998,0,-finish_position,10.0,0.75,season,estimado_historico_anterior,385,24
2019,4,bottas_2019_4,Azerbaijan Grand Prix,bottas,mercedes,25,1.228485121268006,0,-finish_position,10.0,0.75,season,estimado_historico_anterior,385,24
2019,4,giovinazzi_2019_4,Azerbaijan Grand Prix,giovinazzi,alfa,25,-0.8957507988104243,0,-finish_position,10.0,0.75,season,estimado_historico_anterior,385,24
2019,4,hamilton_2019_4,Azerbaijan Grand Prix,hamilton,mercedes,25,2.314209952612892,0,-finish_position,10.0,0.75,season,estimado_historico_anterior,385,24
2019,4,hulkenberg_2019_4,Azerbaijan Grand Prix,hulkenberg,renault,25,0.41367363821915376,0,-finish_position,10.0,0.75,season,estimado_historico_anterior,385,24
2019,4,kevin_magnussen_2019_4,Azerbaijan Grand Prix,kevin_magnussen,haas,25,-0.254654490556626,0,-finish_position,10.0,0.75,season,estimado_historico_anterior,385,24
2019,4,kubica_2019_4,Azerbaijan Grand Prix,kubica,williams,25,-0.9645649086706793,0,-finish_position,10.0,0.75,season,estimado_historico_anterior,385,24
2019,4,leclerc_2019_4,Azerbaijan Grand Prix,leclerc,ferrari,25,0.17880556220340155,0,-finish_position,10.0,0.75,season,estimado_historico_anterior,385,24
2019,4,max_verstappen_2019_4,Azerbaijan Grand Prix,max_verstappen,red_bull,25,1.7899569500324266,0,-finish_position,10.0,0.75,season,estimado_historico_anterior,385,24
2019,4,norris_2019_4,Azerbaijan Grand Prix,norris,mclaren,25,0.17836789183520435,0,-finish_position,10.0,0.75,season,estimado_historico_anterior,385,24
2019,4,perez_2019_4,Azerbaijan Grand Prix,perez,racing_point,25,-0.38400514442435985,0,-finish_position,10.0,0.75,season,estimado_historico_anterior,385,24
2019,4,raikkonen_2019_4,Azerbaijan Grand Prix,raikkonen,alfa,25,1.440429840733401,0,-finish_position,10.0,0.75,season,estimado_historico_anterior,385,24
2019,4,russell_2019_4,Azerbaijan Grand Prix,russell,williams,25,-0.733590862693881,0,-finish_position,10.0,0.75,season,estimado_historico_anterior,385,24
2019,4,sainz_2019_4,Azerbaijan Grand Prix,sainz,mclaren,25,-0.5634317732704364,0,-finish_position,10.0,0.75,season,estimado_historico_anterior,385,24
2019,4,stroll_2019_4,Azerbaijan Grand Prix,stroll,racing_point,25,-0.8441420636186902,0,-finish_position,10.0,0.75,season,estimado_historico_anterior,385,24
2019,4,vettel_2019_4,Azerbaijan Grand Prix,vettel,ferrari,25,1.5643833854985214,0,-finish_position,10.0,0.75,season,estimado_historico_anterior,385,24
2019,5,albon_2019_5,Spanish Grand Prix,albon,toro_rosso,26,-0.1421768926598592,0,-finish_position,10.0,0.75,season,estimado_historico_anterior,401,25
2019,5,bottas_2019_5,Spanish Grand Prix,bottas,mercedes,26,1.3002278496329314,0,-finish_position,10.0,0.75,season,estimado_historico_anterior,401,25
2019,5,gasly_2019_5,Spanish Grand Prix,gasly,red_bull,26,-0.5272543800524395,0,-finish_position,10.0,0.75,season,estimado_historico_anterior,401,25
2019,5,giovinazzi_2019_5,Spanish Grand Prix,giovinazzi,alfa,26,-0.9502297526666018,0,-finish_position,10.0,0.75,season,estimado_historico_anterior,401,25
2019,5,grosjean_2019_5,Spanish Grand Prix,grosjean,haas,26,-0.5304225351750703,0,-finish_position,10.0,0.75,season,estimado_historico_anterior,401,25
2019,5,hamilton_2019_5,Spanish Grand Prix,hamilton,mercedes,26,2.310519671742666,0,-finish_position,10.0,0.75,season,estimado_historico_anterior,401,25
2019,5,hulkenberg_2019_5,Spanish Grand Prix,hulkenberg,renault,26,0.2659261043223488,0,-finish_position,10.0,0.75,season,estimado_historico_anterior,401,25
2019,5,kevin_magnussen_2019_5,Spanish Grand Prix,kevin_magnussen,haas,26,-0.32967708601835116,0,-finish_position,10.0,0.75,season,estimado_historico_anterior,401,25
2019,5,kubica_2019_5,Spanish Grand Prix,kubica,williams,26,-1.1130282559113607,0,-finish_position,10.0,0.75,season,estimado_historico_anterior,401,25
2019,5,kvyat_2019_5,Spanish Grand Prix,kvyat,toro_rosso,26,-0.08265202859474027,0,-finish_position,10.0,0.75,season,estimado_historico_anterior,401,25
2019,5,leclerc_2019_5,Spanish Grand Prix,leclerc,ferrari,26,0.1963462426149582,0,-finish_position,10.0,0.75,season,estimado_historico_anterior,401,25
2019,5,max_verstappen_2019_5,Spanish Grand Prix,max_verstappen,red_bull,26,1.811138569196745,0,-finish_position,10.0,0.75,season,estimado_historico_anterior,401,25
2019,5,perez_2019_5,Spanish Grand Prix,perez,racing_point,26,-0.24677039784170032,0,-finish_position,10.0,0.75,season,estimado_historico_anterior,401,25
2019,5,raikkonen_2019_5,Spanish Grand Prix,raikkonen,alfa,26,1.3755491705412466,0,-finish_position,10.0,0.75,season,estimado_historico_anterior,401,25
2019,5,ricciardo_2019_5,Spanish Grand Prix,ricciardo,renault,26,1.2352123381924818,0,-finish_position,10.0,0.75,season,estimado_historico_anterior,401,25
2019,5,russell_2019_5,Spanish Grand Prix,russell,williams,26,-0.8270515395940908,0,-finish_position,10.0,0.75,season,estimado_historico_anterior,401,25
2019,5,sainz_2019_5,Spanish Grand Prix,sainz,mclaren,26,-0.3373784100520303,0,-finish_position,10.0,0.75,season,estimado_historico_anterior,401,25
2019,5,vettel_2019_5,Spanish Grand Prix,vettel,ferrari,26,1.571290236780648,0,-finish_position,10.0,0.75,season,estimado_historico_anterior,401,25
2019,6,albon_2019_6,Monaco Grand Prix,albon,toro_rosso,27,-0.16046969825233562,0,-finish_position,10.0,0.75,season,estimado_historico_anterior,419,26
2019,6,bottas_2019_6,Monaco Grand Prix,bottas,mercedes,27,1.363210273499976,0,-finish_position,10.0,0.75,season,estimado_historico_anterior,419,26
2019,6,gasly_2019_6,Monaco Grand Prix,gasly,red_bull,27,-0.4943640232188904,0,-finish_position,10.0,0.75,season,estimado_historico_anterior,419,26
2019,6,giovinazzi_2019_6,Monaco Grand Prix,giovinazzi,alfa,27,-1.1206896775804978,0,-finish_position,10.0,0.75,season,estimado_historico_anterior,419,26
2019,6,grosjean_2019_6,Monaco Grand Prix,grosjean,haas,27,-0.5181407264546941,0,-finish_position,10.0,0.75,season,estimado_historico_anterior,419,26
2019,6,hamilton_2019_6,Monaco Grand Prix,hamilton,mercedes,27,2.3715678874467963,0,-finish_position,10.0,0.75,season,estimado_historico_anterior,419,26
2019,6,hulkenberg_2019_6,Monaco Grand Prix,hulkenberg,renault,27,0.2688334881004133,0,-finish_position,10.0,0.75,season,estimado_historico_anterior,419,26
2019,6,kevin_magnussen_2019_6,Monaco Grand Prix,kevin_magnussen,haas,27,-0.22275768867539011,0,-finish_position,10.0,0.75,season,estimado_historico_anterior,419,26
2019,6,kubica_2019_6,Monaco Grand Prix,kubica,williams,27,-1.3184839241870965,0,-finish_position,10.0,0.75,season,estimado_historico_anterior,419,26
2019,6,kvyat_2019_6,Monaco Grand Prix,kvyat,toro_rosso,27,0.04337910079947526,0,-finish_position,10.0,0.75,season,estimado_historico_anterior,419,26
2019,6,max_verstappen_2019_6,Monaco Grand Prix,max_verstappen,red_bull,27,1.8217737314749978,0,-finish_position,10.0,0.75,season,estimado_historico_anterior,419,26
2019,6,norris_2019_6,Monaco Grand Prix,norris,mclaren,27,0.2786157643440824,0,-finish_position,10.0,0.75,season,estimado_historico_anterior,419,26
2019,6,perez_2019_6,Monaco Grand Prix,perez,racing_point,27,-0.3906222612150736,0,-finish_position,10.0,0.75,season,estimado_historico_anterior,419,26
2019,6,raikkonen_2019_6,Monaco Grand Prix,raikkonen,alfa,27,1.2635886419399172,0,-finish_position,10.0,0.75,season,estimado_historico_anterior,419,26
2019,6,ricciardo_2019_6,Monaco Grand Prix,ricciardo,renault,27,1.034136266114778,0,-finish_position,10.0,0.75,season,estimado_historico_anterior,419,26
2019,6,russell_2019_6,Monaco Grand Prix,russell,williams,27,-0.9848550658252775,0,-finish_position,10.0,0.75,season,estimado_historico_anterior,419,26
2019,6,sainz_2019_6,Monaco Grand Prix,sainz,mclaren,27,-0.0868550068217662,0,-finish_position,10.0,0.75,season,estimado_historico_anterior,419,26
2019,6,stroll_2019_6,Monaco Grand Prix,stroll,racing_point,27,-0.6049716190129173,0,-finish_position,10.0,0.75,season,estimado_historico_anterior,419,26
2019,6,vettel_2019_6,Monaco Grand Prix,vettel,ferrari,27,1.5623644743193226,0,-finish_position,10.0,0.75,season,estimado_historico_anterior,419,26
2019,7,bottas_2019_7,Canadian Grand Prix,bottas,mercedes,28,1.401580881982988,0,-finish_position,10.0,0.75,season,estimado_historico_anterior,438,27
2019,7,gasly_2019_7,Canadian Grand Prix,gasly,red_bull,28,-0.4663539719977814,0,-finish_position,10.0,0.75,season,estimado_historico_anterior,438,27
2019,7,giovinazzi_2019_7,Canadian Grand Prix,giovinazzi,alfa,28,-1.3446532796322794,0,-finish_position,10.0,0.75,season,estimado_historico_anterior,438,27
2019,7,grosjean_2019_7,Canadian Grand Prix,grosjean,haas,28,-0.44178296965795083,0,-finish_position,10.0,0.75,season,estimado_historico_anterior,438,27
2019,7,hamilton_2019_7,Canadian Grand Prix,hamilton,mercedes,28,2.4416565386504705,0,-finish_position,10.0,0.75,season,estimado_historico_anterior,438,27
2019,7,hulkenberg_2019_7,Canadian Grand Prix,hulkenberg,renault,28,0.2297072275117759,0,-finish_position,10.0,0.75,season,estimado_historico_anterior,438,27
2019,7,kevin_magnussen_2019_7,Canadian Grand Prix,kevin_magnussen,haas,28,-0.287073044403359,0,-finish_position,10.0,0.75,season,estimado_historico_anterior,438,27
2019,7,kubica_2019_7,Canadian Grand Prix,kubica,williams,28,-1.526759271569217,0,-finish_position,10.0,0.75,season,estimado_historico_anterior,438,27
2019,7,kvyat_2019_7,Canadian Grand Prix,kvyat,toro_rosso,28,0.26941941556253496,0,-finish_position,10.0,0.75,season,estimado_historico_anterior,438,27
2019,7,leclerc_2019_7,Canadian Grand Prix,leclerc,ferrari,28,0.24913755941602894,0,-finish_position,10.0,0.75,season,estimado_historico_anterior,438,27
2019,7,max_verstappen_2019_7,Canadian Grand Prix,max_verstappen,red_bull,28,1.821062550598917,0,-finish_position,10.0,0.75,season,estimado_historico_anterior,438,27
2019,7,perez_2019_7,Canadian Grand Prix,perez,racing_point,28,-0.3449672601534503,0,-finish_position,10.0,0.75,season,estimado_historico_anterior,438,27
2019,7,raikkonen_2019_7,Canadian Grand Prix,raikkonen,alfa,28,1.1070536400447175,0,-finish_position,10.0,0.75,season,estimado_historico_anterior,438,27
2019,7,ricciardo_2019_7,Canadian Grand Prix,ricciardo,renault,28,1.0152704976040254,0,-finish_position,10.0,0.75,season,estimado_historico_anterior,438,27
2019,7,russell_2019_7,Canadian Grand Prix,russell,williams,28,-1.026335955564426,0,-finish_position,10.0,0.75,season,estimado_historico_anterior,438,27
2019,7,sainz_2019_7,Canadian Grand Prix,sainz,mclaren,28,0.15523769307029936,0,-finish_position,10.0,0.75,season,estimado_historico_anterior,438,27
2019,7,stroll_2019_7,Canadian Grand Prix,stroll,racing_point,28,-0.6947713037948818,0,-finish_position,10.0,0.75,season,estimado_historico_anterior,438,27
2019,7,vettel_2019_7,Canadian Grand Prix,vettel,ferrari,28,1.6015194216347948,0,-finish_position,10.0,0.75,season,estimado_historico_anterior,438,27
2019,8,albon_2019_8,French Grand Prix,albon,toro_rosso,29,-0.02218412038356149,0,-finish_position,10.0,0.75,season,estimado_historico_anterior,456,28
2019,8,bottas_2019_8,French Grand Prix,bottas,mercedes,29,1.3961091977523505,0,-finish_position,10.0,0.75,season,estimado_historico_anterior,456,28
2019,8,gasly_2019_8,French Grand Prix,gasly,red_bull,29,-0.4901173213019088,0,-finish_position,10.0,0.75,season,estimado_historico_anterior,456,28
2019,8,giovinazzi_2019_8,French Grand Prix,giovinazzi,alfa,29,-1.288113449843724,0,-finish_position,10.0,0.75,season,estimado_historico_anterior,456,28
2019,8,hamilton_2019_8,French Grand Prix,hamilton,mercedes,29,2.4976304796657147,0,-finish_position,10.0,0.75,season,estimado_historico_anterior,456,28
2019,8,hulkenberg_2019_8,French Grand Prix,hulkenberg,renault,29,0.252417704242462,0,-finish_position,10.0,0.75,season,estimado_historico_anterior,456,28
2019,8,kevin_magnussen_2019_8,French Grand Prix,kevin_magnussen,haas,29,-0.38824404699113313,0,-finish_position,10.0,0.75,season,estimado_historico_anterior,456,28
2019,8,kubica_2019_8,French Grand Prix,kubica,williams,29,-1.6745967596115334,0,-finish_position,10.0,0.75,season,estimado_historico_anterior,456,28
2019,8,kvyat_2019_8,French Grand Prix,kvyat,toro_rosso,29,0.2812163565313213,0,-finish_position,10.0,0.75,season,estimado_historico_anterior,456,28
2019,8,leclerc_2019_8,French Grand Prix,leclerc,ferrari,29,0.3307701926362975,0,-finish_position,10.0,0.75,season,estimado_historico_anterior,456,28
2019,8,max_verstappen_2019_8,French Grand Prix,max_verstappen,red_bull,29,1.8629661017614936,0,-finish_position,10.0,0.75,season,estimado_historico_anterior,456,28
2019,8,norris_2019_8,French Grand Prix,norris,mclaren,29,0.18275924397600538,0,-finish_position,10.0,0.75,season,estimado_historico_anterior,456,28
2019,8,perez_2019_8,French Grand Prix,perez,racing_point,29,-0.39289006684200123,0,-finish_position,10.0,0.75,season,estimado_historico_anterior,456,28
2019,8,raikkonen_2019_8,French Grand Prix,raikkonen,alfa,29,0.9388472045222528,0,-finish_position,10.0,0.75,season,estimado_historico_anterior,456,28
2019,8,ricciardo_2019_8,French Grand Prix,ricciardo,renault,29,1.1369013068117342,0,-finish_position,10.0,0.75,season,estimado_historico_anterior,456,28
2019,8,russell_2019_8,French Grand Prix,russell,williams,29,-1.0859252816152116,0,-finish_position,10.0,0.75,season,estimado_historico_anterior,456,28
2019,8,sainz_2019_8,French Grand Prix,sainz,mclaren,29,0.06574752284986204,0,-finish_position,10.0,0.75,season,estimado_historico_anterior,456,28
2019,8,stroll_2019_8,French Grand Prix,stroll,racing_point,29,-0.5617260890627269,0,-finish_position,10.0,0.75,season,estimado_historico_anterior,456,28
2019,8,vettel_2019_8,French Grand Prix,vettel,ferrari,29,1.582937747603824,0,-finish_position,10.0,0.75,season,estimado_historico_anterior,456,28
2019,9,albon_2019_9,Austrian Grand Prix,albon,toro_rosso,30,-0.22191142921063328,0,-finish_position,10.0,0.75,season,estimado_historico_anterior,475,29
2019,9,bottas_2019_9,Austrian Grand Prix,bottas,mercedes,30,1.44681698664967,0,-finish_position,10.0,0.75,season,estimado_historico_anterior,475,29
2019,9,gasly_2019_9,Austrian Grand Prix,gasly,red_bull,30,-0.5063271761607012,0,-finish_position,10.0,0.75,season,estimado_historico_anterior,475,29
2019,9,giovinazzi_2019_9,Austrian Grand Prix,giovinazzi,alfa,30,-1.4697817829345212,0,-finish_position,10.0,0.75,season,estimado_historico_anterior,475,29
2019,9,grosjean_2019_9,Austrian Grand Prix,grosjean,haas,30,-0.4003235309683376,0,-finish_position,10.0,0.75,season,estimado_historico_anterior,475,29
2019,9,hamilton_2019_9,Austrian Grand Prix,hamilton,mercedes,30,2.5438717075912063,0,-finish_position,10.0,0.75,season,estimado_historico_anterior,475,29
2019,9,hulkenberg_2019_9,Austrian Grand Prix,hulkenberg,renault,30,0.3928526316378318,0,-finish_position,10.0,0.75,season,estimado_historico_anterior,475,29
2019,9,kevin_magnussen_2019_9,Austrian Grand Prix,kevin_magnussen,haas,30,-0.5082718542038439,0,-finish_position,10.0,0.75,season,estimado_historico_anterior,475,29
2019,9,kubica_2019_9,Austrian Grand Prix,kubica,williams,30,-1.7872878078181564,0,-finish_position,10.0,0.75,season,estimado_historico_anterior,475,29
2019,9,kvyat_2019_9,Austrian Grand Prix,kvyat,toro_rosso,30,0.10241306093443223,0,-finish_position,10.0,0.75,season,estimado_historico_anterior,475,29
2019,9,leclerc_2019_9,Austrian Grand Prix,leclerc,ferrari,30,0.4491576039747133,0,-finish_position,10.0,0.75,season,estimado_historico_anterior,475,29
2019,9,max_verstappen_2019_9,Austrian Grand Prix,max_verstappen,red_bull,30,1.945512703133184,0,-finish_position,10.0,0.75,season,estimado_historico_anterior,475,29
2019,9,norris_2019_9,Austrian Grand Prix,norris,mclaren,30,0.20316450358397037,0,-finish_position,10.0,0.75,season,estimado_historico_anterior,475,29
2019,9,perez_2019_9,Austrian Grand Prix,perez,racing_point,30,-0.3730994165975098,0,-finish_position,10.0,0.75,season,estimado_historico_anterior,475,29
2019,9,raikkonen_2019_9,Austrian Grand Prix,raikkonen,alfa,30,1.0696004719852468,0,-finish_position,10.0,0.75,season,estimado_historico_anterior,475,29
2019,9,ricciardo_2019_9,Austrian Grand Prix,ricciardo,renault,30,1.0945904088121234,0,-finish_position,10.0,0.75,season,estimado_historico_anterior,475,29
2019,9,russell_2019_9,Austrian Grand Prix,russell,williams,30,-1.2870125783012494,0,-finish_position,10.0,0.75,season,estimado_historico_anterior,475,29
2019,9,sainz_2019_9,Austrian Grand Prix,sainz,mclaren,30,0.25085772620268826,0,-finish_position,10.0,0.75,season,estimado_historico_anterior,475,29
2019,9,stroll_2019_9,Austrian Grand Prix,stroll,racing_point,30,-0.5247861027434015,0,-finish_position,10.0,0.75,season,estimado_historico_anterior,475,29
2019,9,vettel_2019_9,Austrian Grand Prix,vettel,ferrari,30,1.578076203545215,0,-finish_position,10.0,0.75,season,estimado_historico_anterior,475,29
2019,10,albon_2019_10,British Grand Prix,albon,toro_rosso,31,-0.3548220098539371,0,-finish_position,10.0,0.75,season,estimado_historico_anterior,495,30
2019,10,bottas_2019_10,British Grand Prix,bottas,mercedes,31,1.5085634541318802,0,-finish_position,10.0,0.75,season,estimado_historico_anterior,495,30
2019,10,gasly_2019_10,British Grand Prix,gasly,red_bull,31,-0.42176287159578363,0,-finish_position,10.0,0.75,season,estimado_historico_anterior,495,30
2019,10,hamilton_2019_10,British Grand Prix,hamilton,mercedes,31,2.5131770946826792,0,-finish_position,10.0,0.75,season,estimado_historico_anterior,495,30
2019,10,hulkenberg_2019_10,British Grand Prix,hulkenberg,renault,31,0.3713190938269312,0,-finish_position,10.0,0.75,season,estimado_historico_anterior,495,30
2019,10,kubica_2019_10,British Grand Prix,kubica,williams,31,-1.9848830956022179,0,-finish_position,10.0,0.75,season,estimado_historico_anterior,495,30
2019,10,kvyat_2019_10,British Grand Prix,kvyat,toro_rosso,31,-0.18892983735865057,0,-finish_position,10.0,0.75,season,estimado_historico_anterior,495,30
2019,10,leclerc_2019_10,British Grand Prix,leclerc,ferrari,31,0.5778902273806729,0,-finish_position,10.0,0.75,season,estimado_historico_anterior,495,30
2019,10,max_verstappen_2019_10,British Grand Prix,max_verstappen,red_bull,31,2.044993025758253,0,-finish_position,10.0,0.75,season,estimado_historico_anterior,495,30
2019,10,norris_2019_10,British Grand Prix,norris,mclaren,31,0.4020747093744048,0,-finish_position,10.0,0.75,season,estimado_historico_anterior,495,30
2019,10,perez_2019_10,British Grand Prix,perez,racing_point,31,-0.30941333675391847,0,-finish_position,10.0,0.75,season,estimado_historico_anterior,495,30
2019,10,raikkonen_2019_10,British Grand Prix,raikkonen,alfa,31,1.0735994841624261,0,-finish_position,10.0,0.75,season,estimado_historico_anterior,495,30
2019,10,ricciardo_2019_10,British Grand Prix,ricciardo,renault,31,0.9926254228353552,0,-finish_position,10.0,0.75,season,estimado_historico_anterior,495,30
2019,10,russell_2019_10,British Grand Prix,russell,williams,31,-1.4060335285597547,0,-finish_position,10.0,0.75,season,estimado_historico_anterior,495,30
2019,10,sainz_2019_10,British Grand Prix,sainz,mclaren,31,0.37024734091684086,0,-finish_position,10.0,0.75,season,estimado_historico_anterior,495,30
2019,10,stroll_2019_10,British Grand Prix,stroll,racing_point,31,-0.52156682840715,0,-finish_position,10.0,0.75,season,estimado_historico_anterior,495,30
2019,10,vettel_2019_10,British Grand Prix,vettel,ferrari,31,1.5547199122009883,0,-finish_position,10.0,0.75,season,estimado_historico_anterior,495,30
2019,11,albon_2019_11,German Grand Prix,albon,toro_rosso,32,-0.3905416062552381,0,-finish_position,10.0,0.75,season,estimado_historico_anterior,512,31
2019,11,giovinazzi_2019_11,German Grand Prix,giovinazzi,alfa,32,-1.381405990686491,0,-finish_position,10.0,0.75,season,estimado_historico_anterior,512,31
2019,11,grosjean_2019_11,German Grand Prix,grosjean,haas,32,-0.4556353196932825,0,-finish_position,10.0,0.75,season,estimado_historico_anterior,512,31
2019,11,hamilton_2019_11,German Grand Prix,hamilton,mercedes,32,2.5399613702573047,0,-finish_position,10.0,0.75,season,estimado_historico_anterior,512,31
2019,11,kevin_magnussen_2019_11,German Grand Prix,kevin_magnussen,haas,32,-0.5959659052097063,0,-finish_position,10.0,0.75,season,estimado_historico_anterior,512,31
2019,11,kubica_2019_11,German Grand Prix,kubica,williams,32,-1.9720132211980814,0,-finish_position,10.0,0.75,season,estimado_historico_anterior,512,31
2019,11,kvyat_2019_11,German Grand Prix,kvyat,toro_rosso,32,-0.07005854908188254,0,-finish_position,10.0,0.75,season,estimado_historico_anterior,512,31
2019,11,max_verstappen_2019_11,German Grand Prix,max_verstappen,red_bull,32,2.0040928441935972,0,-finish_position,10.0,0.75,season,estimado_historico_anterior,512,31
2019,11,raikkonen_2019_11,German Grand Prix,raikkonen,alfa,32,1.1651619439415124,0,-finish_position,10.0,0.75,season,estimado_historico_anterior,512,31
2019,11,russell_2019_11,German Grand Prix,russell,williams,32,-1.3721297560031185,0,-finish_position,10.0,0.75,season,estimado_historico_anterior,512,31
2019,11,sainz_2019_11,German Grand Prix,sainz,mclaren,32,0.4696448091414548,0,-finish_position,10.0,0.75,season,estimado_historico_anterior,512,31
2019,11,stroll_2019_11,German Grand Prix,stroll,racing_point,32,-0.5199100198248914,0,-finish_position,10.0,0.75,season,estimado_historico_anterior,512,31
2019,11,vettel_2019_11,German Grand Prix,vettel,ferrari,32,1.2815872864848388,0,-finish_position,10.0,0.75,season,estimado_historico_anterior,512,31
2019,12,albon_2019_12,Hungarian Grand Prix,albon,toro_rosso,33,-0.25486945089974433,0,-finish_position,10.0,0.75,season,estimado_historico_anterior,525,32
2019,12,bottas_2019_12,Hungarian Grand Prix,bottas,mercedes,33,1.5577202936015278,0,-finish_position,10.0,0.75,season,estimado_historico_anterior,525,32
2019,12,gasly_2019_12,Hungarian Grand Prix,gasly,red_bull,33,-0.45794697091177766,0,-finish_position,10.0,0.75,season,estimado_historico_anterior,525,32
2019,12,giovinazzi_2019_12,Hungarian Grand Prix,giovinazzi,alfa,33,-1.3979794748328864,0,-finish_position,10.0,0.75,season,estimado_historico_anterior,525,32
2019,12,hamilton_2019_12,Hungarian Grand Prix,hamilton,mercedes,33,2.389654549014273,0,-finish_position,10.0,0.75,season,estimado_historico_anterior,525,32
2019,12,hulkenberg_2019_12,Hungarian Grand Prix,hulkenberg,renault,33,0.3577312381500747,0,-finish_position,10.0,0.75,season,estimado_historico_anterior,525,32
2019,12,kevin_magnussen_2019_12,Hungarian Grand Prix,kevin_magnussen,haas,33,-0.6050942281197823,0,-finish_position,10.0,0.75,season,estimado_historico_anterior,525,32
2019,12,kubica_2019_12,Hungarian Grand Prix,kubica,williams,33,-1.7726783869350884,0,-finish_position,10.0,0.75,season,estimado_historico_anterior,525,32
2019,12,kvyat_2019_12,Hungarian Grand Prix,kvyat,toro_rosso,33,0.22700285455303312,0,-finish_position,10.0,0.75,season,estimado_historico_anterior,525,32
2019,12,leclerc_2019_12,Hungarian Grand Prix,leclerc,ferrari,33,0.6462776059499105,0,-finish_position,10.0,0.75,season,estimado_historico_anterior,525,32
2019,12,max_verstappen_2019_12,Hungarian Grand Prix,max_verstappen,red_bull,33,2.0372545868648393,0,-finish_position,10.0,0.75,season,estimado_historico_anterior,525,32
2019,12,norris_2019_12,Hungarian Grand Prix,norris,mclaren,33,0.23299047764309075,0,-finish_position,10.0,0.75,season,estimado_historico_anterior,525,32
2019,12,perez_2019_12,Hungarian Grand Prix,perez,racing_point,33,-0.5666798816506297,0,-finish_position,10.0,0.75,season,estimado_historico_anterior,525,32
2019,12,raikkonen_2019_12,Hungarian Grand Prix,raikkonen,alfa,33,1.0792512026763839,0,-finish_position,10.0,0.75,season,estimado_historico_anterior,525,32
2019,12,ricciardo_2019_12,Hungarian Grand Prix,ricciardo,renault,33,1.0123509712805303,0,-finish_position,10.0,0.75,season,estimado_historico_anterior,525,32
2019,12,russell_2019_12,Hungarian Grand Prix,russell,williams,33,-1.24898410939123,0,-finish_position,10.0,0.75,season,estimado_historico_anterior,525,32
2019,12,sainz_2019_12,Hungarian Grand Prix,sainz,mclaren,33,0.5623448869505456,0,-finish_position,10.0,0.75,season,estimado_historico_anterior,525,32
2019,12,stroll_2019_12,Hungarian Grand Prix,stroll,racing_point,33,-0.4313511703036973,0,-finish_position,10.0,0.75,season,estimado_historico_anterior,525,32
2019,12,vettel_2019_12,Hungarian Grand Prix,vettel,ferrari,33,1.287749721219527,0,-finish_position,10.0,0.75,season,estimado_historico_anterior,525,32
2019,13,albon_2019_13,Belgian Grand Prix,albon,red_bull,34,-0.17170322275137184,0,-finish_position,10.0,0.75,season,estimado_historico_anterior,544,33
2019,13,bottas_2019_13,Belgian Grand Prix,bottas,mercedes,34,1.4778030041147316,0,-finish_position,10.0,0.75,season,estimado_historico_anterior,544,33
2019,13,gasly_2019_13,Belgian Grand Prix,gasly,toro_rosso,34,-0.41724905594330625,0,-finish_position,10.0,0.75,season,estimado_historico_anterior,544,33
2019,13,grosjean_2019_13,Belgian Grand Prix,grosjean,haas,34,-0.3684170490156618,0,-finish_position,10.0,0.75,season,estimado_historico_anterior,544,33
2019,13,hamilton_2019_13,Belgian Grand Prix,hamilton,mercedes,34,2.48226542965342,0,-finish_position,10.0,0.75,season,estimado_historico_anterior,544,33
2019,13,hulkenberg_2019_13,Belgian Grand Prix,hulkenberg,renault,34,0.4122005038633979,0,-finish_position,10.0,0.75,season,estimado_historico_anterior,544,33
2019,13,kevin_magnussen_2019_13,Belgian Grand Prix,kevin_magnussen,haas,34,-0.626541397669878,0,-finish_position,10.0,0.75,season,estimado_historico_anterior,544,33
2019,13,kubica_2019_13,Belgian Grand Prix,kubica,williams,34,-1.9273694558781518,0,-finish_position,10.0,0.75,season,estimado_historico_anterior,544,33
2019,13,kvyat_2019_13,Belgian Grand Prix,kvyat,toro_rosso,34,0.036088969485059554,0,-finish_position,10.0,0.75,season,estimado_historico_anterior,544,33
2019,13,leclerc_2019_13,Belgian Grand Prix,leclerc,ferrari,34,0.7050492392904154,0,-finish_position,10.0,0.75,season,estimado_historico_anterior,544,33
2019,13,perez_2019_13,Belgian Grand Prix,perez,racing_point,34,-0.4733943910332694,0,-finish_position,10.0,0.75,season,estimado_historico_anterior,544,33
2019,13,raikkonen_2019_13,Belgian Grand Prix,raikkonen,alfa,34,1.2044541697538014,0,-finish_position,10.0,0.75,season,estimado_historico_anterior,544,33
2019,13,ricciardo_2019_13,Belgian Grand Prix,ricciardo,renault,34,0.8670821425149271,0,-finish_position,10.0,0.75,season,estimado_historico_anterior,544,33
2019,13,russell_2019_13,Belgian Grand Prix,russell,williams,34,-1.2911286432890505,0,-finish_position,10.0,0.75,season,estimado_historico_anterior,544,33
2019,13,stroll_2019_13,Belgian Grand Prix,stroll,racing_point,34,-0.5227590713602775,0,-finish_position,10.0,0.75,season,estimado_historico_anterior,544,33
2019,13,vettel_2019_13,Belgian Grand Prix,vettel,ferrari,34,1.350897520154467,0,-finish_position,10.0,0.75,season,estimado_historico_anterior,544,33
2019,14,albon_2019_14,Italian Grand Prix,albon,red_bull,35,-0.148292965279078,0,-finish_position,10.0,0.75,season,estimado_historico_anterior,560,34
2019,14,bottas_2019_14,Italian Grand Prix,bottas,mercedes,35,1.487006667649142,0,-finish_position,10.0,0.75,season,estimado_historico_anterior,560,34
2019,14,gasly_2019_14,Italian Grand Prix,gasly,toro_rosso,35,-0.4107411758659827,0,-finish_position,10.0,0.75,season,estimado_historico_anterior,560,34
2019,14,giovinazzi_2019_14,Italian Grand Prix,giovinazzi,alfa,35,-1.5546400501366435,0,-finish_position,10.0,0.75,season,estimado_historico_anterior,560,34
2019,14,grosjean_2019_14,Italian Grand Prix,grosjean,haas,35,-0.4204593649007575,0,-finish_position,10.0,0.75,season,estimado_historico_anterior,560,34
2019,14,hamilton_2019_14,Italian Grand Prix,hamilton,mercedes,35,2.4895766207997276,0,-finish_position,10.0,0.75,season,estimado_historico_anterior,560,34
2019,14,hulkenberg_2019_14,Italian Grand Prix,hulkenberg,renault,35,0.5179894151583785,0,-finish_position,10.0,0.75,season,estimado_historico_anterior,560,34
2019,14,kubica_2019_14,Italian Grand Prix,kubica,williams,35,-1.994541862535969,0,-finish_position,10.0,0.75,season,estimado_historico_anterior,560,34
2019,14,leclerc_2019_14,Italian Grand Prix,leclerc,ferrari,35,0.7947963600082355,0,-finish_position,10.0,0.75,season,estimado_historico_anterior,560,34
2019,14,max_verstappen_2019_14,Italian Grand Prix,max_verstappen,red_bull,35,2.0092440510539387,0,-finish_position,10.0,0.75,season,estimado_historico_anterior,560,34
2019,14,norris_2019_14,Italian Grand Prix,norris,mclaren,35,0.23435379584988408,0,-finish_position,10.0,0.75,season,estimado_historico_anterior,560,34
2019,14,perez_2019_14,Italian Grand Prix,perez,racing_point,35,-0.3630021001220236,0,-finish_position,10.0,0.75,season,estimado_historico_anterior,560,34
2019,14,raikkonen_2019_14,Italian Grand Prix,raikkonen,alfa,35,1.0426312042267754,0,-finish_position,10.0,0.75,season,estimado_historico_anterior,560,34
2019,14,ricciardo_2019_14,Italian Grand Prix,ricciardo,renault,35,0.6934119836160365,0,-finish_position,10.0,0.75,season,estimado_historico_anterior,560,34
2019,14,russell_2019_14,Italian Grand Prix,russell,williams,35,-1.299008470404928,0,-finish_position,10.0,0.75,season,estimado_historico_anterior,560,34
2019,14,stroll_2019_14,Italian Grand Prix,stroll,racing_point,35,-0.5349892410832934,0,-finish_position,10.0,0.75,season,estimado_historico_anterior,560,34
2019,14,vettel_2019_14,Italian Grand Prix,vettel,ferrari,35,1.2655364571216148,0,-finish_position,10.0,0.75,season,estimado_historico_anterior,560,34
2019,15,albon_2019_15,Singapore Grand Prix,albon,red_bull,36,-0.11997628149353695,0,-finish_position,10.0,0.75,season,estimado_historico_anterior,577,35
2019,15,bottas_2019_15,Singapore Grand Prix,bottas,mercedes,36,1.523912423441549,0,-finish_position,10.0,0.75,season,estimado_historico_anterior,577,35
2019,15,gasly_2019_15,Singapore Grand Prix,gasly,toro_rosso,36,-0.3865801916767577,0,-finish_position,10.0,0.75,season,estimado_historico_anterior,577,35
2019,15,giovinazzi_2019_15,Singapore Grand Prix,giovinazzi,alfa,36,-1.3548995280960543,0,-finish_position,10.0,0.75,season,estimado_historico_anterior,577,35
2019,15,grosjean_2019_15,Singapore Grand Prix,grosjean,haas,36,-0.5475996370496756,0,-finish_position,10.0,0.75,season,estimado_historico_anterior,577,35
2019,15,hamilton_2019_15,Singapore Grand Prix,hamilton,mercedes,36,2.4726910020380513,0,-finish_position,10.0,0.75,season,estimado_historico_anterior,577,35
2019,15,hulkenberg_2019_15,Singapore Grand Prix,hulkenberg,renault,36,0.5578760337022275,0,-finish_position,10.0,0.75,season,estimado_historico_anterior,577,35
2019,15,kevin_magnussen_2019_15,Singapore Grand Prix,kevin_magnussen,haas,36,-0.5712261831960915,0,-finish_position,10.0,0.75,season,estimado_historico_anterior,577,35
2019,15,kubica_2019_15,Singapore Grand Prix,kubica,williams,36,-2.0682393632939005,0,-finish_position,10.0,0.75,season,estimado_historico_anterior,577,35
2019,15,kvyat_2019_15,Singapore Grand Prix,kvyat,toro_rosso,36,0.17454451623175377,0,-finish_position,10.0,0.75,season,estimado_historico_anterior,577,35
2019,15,leclerc_2019_15,Singapore Grand Prix,leclerc,ferrari,36,0.906070439833,0,-finish_position,10.0,0.75,season,estimado_historico_anterior,577,35
2019,15,max_verstappen_2019_15,Singapore Grand Prix,max_verstappen,red_bull,36,1.9483176493011094,0,-finish_position,10.0,0.75,season,estimado_historico_anterior,577,35
2019,15,norris_2019_15,Singapore Grand Prix,norris,mclaren,36,0.19350474634999795,0,-finish_position,10.0,0.75,season,estimado_historico_anterior,577,35
2019,15,ricciardo_2019_15,Singapore Grand Prix,ricciardo,renault,36,0.8422944608365839,0,-finish_position,10.0,0.75,season,estimado_historico_anterior,577,35
2019,15,sainz_2019_15,Singapore Grand Prix,sainz,mclaren,36,0.7279223997170874,0,-finish_position,10.0,0.75,season,estimado_historico_anterior,577,35
2019,15,stroll_2019_15,Singapore Grand Prix,stroll,racing_point,36,-0.5862174550128303,0,-finish_position,10.0,0.75,season,estimado_historico_anterior,577,35
2019,15,vettel_2019_15,Singapore Grand Prix,vettel,ferrari,36,1.0097071222161693,0,-finish_position,10.0,0.75,season,estimado_historico_anterior,577,35
2019,16,albon_2019_16,Russian Grand Prix,albon,red_bull,37,-0.10014681437439682,0,-finish_position,10.0,0.75,season,estimado_historico_anterior,594,36
2019,16,bottas_2019_16,Russian Grand Prix,bottas,mercedes,37,1.5147902132088653,0,-finish_position,10.0,0.75,season,estimado_historico_anterior,594,36
2019,16,gasly_2019_16,Russian Grand Prix,gasly,toro_rosso,37,-0.3034744909692995,0,-finish_position,10.0,0.75,season,estimado_historico_anterior,594,36
2019,16,giovinazzi_2019_16,Russian Grand Prix,giovinazzi,alfa,37,-1.2671546550783652,0,-finish_position,10.0,0.75,season,estimado_historico_anterior,594,36
2019,16,hamilton_2019_16,Russian Grand Prix,hamilton,mercedes,37,2.4669848479854646,0,-finish_position,10.0,0.75,season,estimado_historico_anterior,594,36
2019,16,hulkenberg_2019_16,Russian Grand Prix,hulkenberg,renault,37,0.6105313903061386,0,-finish_position,10.0,0.75,season,estimado_historico_anterior,594,36
2019,16,kevin_magnussen_2019_16,Russian Grand Prix,kevin_magnussen,haas,37,-0.680688659298008,0,-finish_position,10.0,0.75,season,estimado_historico_anterior,594,36
2019,16,kvyat_2019_16,Russian Grand Prix,kvyat,toro_rosso,37,-0.02552581034481488,0,-finish_position,10.0,0.75,season,estimado_historico_anterior,594,36
2019,16,leclerc_2019_16,Russian Grand Prix,leclerc,ferrari,37,0.9605097330208555,0,-finish_position,10.0,0.75,season,estimado_historico_anterior,594,36
2019,16,max_verstappen_2019_16,Russian Grand Prix,max_verstappen,red_bull,37,1.9631191440498745,0,-finish_position,10.0,0.75,season,estimado_historico_anterior,594,36
2019,16,norris_2019_16,Russian Grand Prix,norris,mclaren,37,0.33203873574560244,0,-finish_position,10.0,0.75,season,estimado_historico_anterior,594,36
2019,16,perez_2019_16,Russian Grand Prix,perez,racing_point,37,-0.23806036528477306,0,-finish_position,10.0,0.75,season,estimado_historico_anterior,594,36
2019,16,raikkonen_2019_16,Russian Grand Prix,raikkonen,alfa,37,0.8690820091185546,0,-finish_position,10.0,0.75,season,estimado_historico_anterior,594,36
2019,16,sainz_2019_16,Russian Grand Prix,sainz,mclaren,37,0.6755868842386024,0,-finish_position,10.0,0.75,season,estimado_historico_anterior,594,36
2019,16,stroll_2019_16,Russian Grand Prix,stroll,racing_point,37,-0.6205385602331428,0,-finish_position,10.0,0.75,season,estimado_historico_anterior,594,36
2019,17,albon_2019_17,Japanese Grand Prix,albon,red_bull,38,-0.022484794722266326,0,-finish_position,10.0,0.75,season,estimado_historico_anterior,609,37
2019,17,bottas_2019_17,Japanese Grand Prix,bottas,mercedes,38,1.5323706225677687,0,-finish_position,10.0,0.75,season,estimado_historico_anterior,609,37
2019,17,gasly_2019_17,Japanese Grand Prix,gasly,toro_rosso,38,-0.3708902891539917,0,-finish_position,10.0,0.75,season,estimado_historico_anterior,609,37
2019,17,giovinazzi_2019_17,Japanese Grand Prix,giovinazzi,alfa,38,-1.3135091086934256,0,-finish_position,10.0,0.75,season,estimado_historico_anterior,609,37
2019,17,grosjean_2019_17,Japanese Grand Prix,grosjean,haas,38,-0.5163632476761778,0,-finish_position,10.0,0.75,season,estimado_historico_anterior,609,37
2019,17,hamilton_2019_17,Japanese Grand Prix,hamilton,mercedes,38,2.4829694937294344,0,-finish_position,10.0,0.75,season,estimado_historico_anterior,609,37
2019,17,kevin_magnussen_2019_17,Japanese Grand Prix,kevin_magnussen,haas,38,-0.6412910936734315,0,-finish_position,10.0,0.75,season,estimado_historico_anterior,609,37
2019,17,kubica_2019_17,Japanese Grand Prix,kubica,williams,38,-2.103366237014971,0,-finish_position,10.0,0.75,season,estimado_historico_anterior,609,37
2019,17,kvyat_2019_17,Japanese Grand Prix,kvyat,toro_rosso,38,-0.04475491414272213,0,-finish_position,10.0,0.75,season,estimado_historico_anterior,609,37
2019,17,leclerc_2019_17,Japanese Grand Prix,leclerc,ferrari,38,0.9873332273908513,0,-finish_position,10.0,0.75,season,estimado_historico_anterior,609,37
2019,17,norris_2019_17,Japanese Grand Prix,norris,mclaren,38,0.35218530792932123,0,-finish_position,10.0,0.75,season,estimado_historico_anterior,609,37
2019,17,perez_2019_17,Japanese Grand Prix,perez,racing_point,38,-0.15921688437873238,0,-finish_position,10.0,0.75,season,estimado_historico_anterior,609,37
2019,17,raikkonen_2019_17,Japanese Grand Prix,raikkonen,alfa,38,0.8259037653173443,0,-finish_position,10.0,0.75,season,estimado_historico_anterior,609,37
2019,17,russell_2019_17,Japanese Grand Prix,russell,williams,38,-1.2861806509846705,0,-finish_position,10.0,0.75,season,estimado_historico_anterior,609,37
2019,17,sainz_2019_17,Japanese Grand Prix,sainz,mclaren,38,0.7397119843417586,0,-finish_position,10.0,0.75,season,estimado_historico_anterior,609,37
2019,17,stroll_2019_17,Japanese Grand Prix,stroll,racing_point,38,-0.656016092720793,0,-finish_position,10.0,0.75,season,estimado_historico_anterior,609,37
2019,17,vettel_2019_17,Japanese Grand Prix,vettel,ferrari,38,1.0135541688934762,0,-finish_position,10.0,0.75,season,estimado_historico_anterior,609,37
2019,18,albon_2019_18,Mexican Grand Prix,albon,red_bull,39,0.03735222946347317,0,-finish_position,10.0,0.75,season,estimado_historico_anterior,626,38
2019,18,bottas_2019_18,Mexican Grand Prix,bottas,mercedes,39,1.5812779268280133,0,-finish_position,10.0,0.75,season,estimado_historico_anterior,626,38
2019,18,gasly_2019_18,Mexican Grand Prix,gasly,toro_rosso,39,-0.2911210070509783,0,-finish_position,10.0,0.75,season,estimado_historico_anterior,626,38
2019,18,giovinazzi_2019_18,Mexican Grand Prix,giovinazzi,alfa,39,-1.3328592160003545,0,-finish_position,10.0,0.75,season,estimado_historico_anterior,626,38
2019,18,grosjean_2019_18,Mexican Grand Prix,grosjean,haas,39,-0.5343005230919057,0,-finish_position,10.0,0.75,season,estimado_historico_anterior,626,38
2019,18,hamilton_2019_18,Mexican Grand Prix,hamilton,mercedes,39,2.4583845548461807,0,-finish_position,10.0,0.75,season,estimado_historico_anterior,626,38
2019,18,hulkenberg_2019_18,Mexican Grand Prix,hulkenberg,renault,39,0.6292085818978206,0,-finish_position,10.0,0.75,season,estimado_historico_anterior,626,38
2019,18,kevin_magnussen_2019_18,Mexican Grand Prix,kevin_magnussen,haas,39,-0.6925081482347448,0,-finish_position,10.0,0.75,season,estimado_historico_anterior,626,38
2019,18,kubica_2019_18,Mexican Grand Prix,kubica,williams,39,-2.1424579197004636,0,-finish_position,10.0,0.75,season,estimado_historico_anterior,626,38
2019,18,kvyat_2019_18,Mexican Grand Prix,kvyat,toro_rosso,39,-0.04278684959884045,0,-finish_position,10.0,0.75,season,estimado_historico_anterior,626,38
2019,18,leclerc_2019_18,Mexican Grand Prix,leclerc,ferrari,39,0.9341533857117469,0,-finish_position,10.0,0.75,season,estimado_historico_anterior,626,38
2019,18,max_verstappen_2019_18,Mexican Grand Prix,max_verstappen,red_bull,39,1.9159536778484616,0,-finish_position,10.0,0.75,season,estimado_historico_anterior,626,38
2019,18,perez_2019_18,Mexican Grand Prix,perez,racing_point,39,-0.12252445545806112,0,-finish_position,10.0,0.75,season,estimado_historico_anterior,626,38
2019,18,ricciardo_2019_18,Mexican Grand Prix,ricciardo,renault,39,0.6895002987877538,0,-finish_position,10.0,0.75,season,estimado_historico_anterior,626,38
2019,18,russell_2019_18,Mexican Grand Prix,russell,williams,39,-1.320855403584247,0,-finish_position,10.0,0.75,season,estimado_historico_anterior,626,38
2019,18,sainz_2019_18,Mexican Grand Prix,sainz,mclaren,39,0.8380181423107688,0,-finish_position,10.0,0.75,season,estimado_historico_anterior,626,38
2019,18,stroll_2019_18,Mexican Grand Prix,stroll,racing_point,39,-0.6276823572393537,0,-finish_position,10.0,0.75,season,estimado_historico_anterior,626,38
2019,18,vettel_2019_18,Mexican Grand Prix,vettel,ferrari,39,1.0710336123130635,0,-finish_position,10.0,0.75,season,estimado_historico_anterior,626,38
2019,19,albon_2019_19,United States Grand Prix,albon,red_bull,40,0.08068391028250672,0,-finish_position,10.0,0.75,season,estimado_historico_anterior,644,39
2019,19,bottas_2019_19,United States Grand Prix,bottas,mercedes,40,1.5865778670341186,0,-finish_position,10.0,0.75,season,estimado_historico_anterior,644,39
2019,19,giovinazzi_2019_19,United States Grand Prix,giovinazzi,alfa,40,-1.36374164000685,0,-finish_position,10.0,0.75,season,estimado_historico_anterior,644,39
2019,19,grosjean_2019_19,United States Grand Prix,grosjean,haas,40,-0.6327147560091543,0,-finish_position,10.0,0.75,season,estimado_historico_anterior,644,39
2019,19,hamilton_2019_19,United States Grand Prix,hamilton,mercedes,40,2.48871034407926,0,-finish_position,10.0,0.75,season,estimado_historico_anterior,644,39
2019,19,hulkenberg_2019_19,United States Grand Prix,hulkenberg,renault,40,0.5760764159820678,0,-finish_position,10.0,0.75,season,estimado_historico_anterior,644,39
2019,19,kvyat_2019_19,United States Grand Prix,kvyat,toro_rosso,40,-0.05804636116190304,0,-finish_position,10.0,0.75,season,estimado_historico_anterior,644,39
2019,19,leclerc_2019_19,United States Grand Prix,leclerc,ferrari,40,0.9419929783700337,0,-finish_position,10.0,0.75,season,estimado_historico_anterior,644,39
2019,19,max_verstappen_2019_19,United States Grand Prix,max_verstappen,red_bull,40,1.880061151287274,0,-finish_position,10.0,0.75,season,estimado_historico_anterior,644,39
2019,19,norris_2019_19,United States Grand Prix,norris,mclaren,40,0.2862751732457121,0,-finish_position,10.0,0.75,season,estimado_historico_anterior,644,39
2019,19,perez_2019_19,United States Grand Prix,perez,racing_point,40,-0.03066003769401495,0,-finish_position,10.0,0.75,season,estimado_historico_anterior,644,39
2019,19,raikkonen_2019_19,United States Grand Prix,raikkonen,alfa,40,0.8172051391216331,0,-finish_position,10.0,0.75,season,estimado_historico_anterior,644,39
2019,19,ricciardo_2019_19,United States Grand Prix,ricciardo,renault,40,0.7157600892899418,0,-finish_position,10.0,0.75,season,estimado_historico_anterior,644,39
2019,19,russell_2019_19,United States Grand Prix,russell,williams,40,-1.3541323063093214,0,-finish_position,10.0,0.75,season,estimado_historico_anterior,644,39
2019,19,sainz_2019_19,United States Grand Prix,sainz,mclaren,40,0.7332969086651646,0,-finish_position,10.0,0.75,season,estimado_historico_anterior,644,39
2019,19,stroll_2019_19,United States Grand Prix,stroll,racing_point,40,-0.6556570993918154,0,-finish_position,10.0,0.75,season,estimado_historico_anterior,644,39
2019,20,albon_2019_20,Brazilian Grand Prix,albon,red_bull,41,0.12793215333820301,0,-finish_position,10.0,0.75,season,estimado_historico_anterior,660,40
2019,20,gasly_2019_20,Brazilian Grand Prix,gasly,toro_rosso,41,-0.22997976958941638,0,-finish_position,10.0,0.75,season,estimado_historico_anterior,660,40
2019,20,giovinazzi_2019_20,Brazilian Grand Prix,giovinazzi,alfa,41,-1.3913469124333262,0,-finish_position,10.0,0.75,season,estimado_historico_anterior,660,40
2019,20,grosjean_2019_20,Brazilian Grand Prix,grosjean,haas,41,-0.7105451739944506,0,-finish_position,10.0,0.75,season,estimado_historico_anterior,660,40
2019,20,hamilton_2019_20,Brazilian Grand Prix,hamilton,mercedes,41,2.482234246247775,0,-finish_position,10.0,0.75,season,estimado_historico_anterior,660,40
2019,20,hulkenberg_2019_20,Brazilian Grand Prix,hulkenberg,renault,41,0.5429378123789869,0,-finish_position,10.0,0.75,season,estimado_historico_anterior,660,40
2019,20,kevin_magnussen_2019_20,Brazilian Grand Prix,kevin_magnussen,haas,41,-0.6630483972545225,0,-finish_position,10.0,0.75,season,estimado_historico_anterior,660,40
2019,20,kubica_2019_20,Brazilian Grand Prix,kubica,williams,41,-2.2106626761152395,0,-finish_position,10.0,0.75,season,estimado_historico_anterior,660,40
2019,20,kvyat_2019_20,Brazilian Grand Prix,kvyat,toro_rosso,41,-0.09375251641657618,0,-finish_position,10.0,0.75,season,estimado_historico_anterior,660,40
2019,20,max_verstappen_2019_20,Brazilian Grand Prix,max_verstappen,red_bull,41,1.9077435982876203,0,-finish_position,10.0,0.75,season,estimado_historico_anterior,660,40
2019,20,norris_2019_20,Brazilian Grand Prix,norris,mclaren,41,0.35518251321592414,0,-finish_position,10.0,0.75,season,estimado_historico_anterior,660,40
2019,20,perez_2019_20,Brazilian Grand Prix,perez,racing_point,41,-0.0035297860629089893,0,-finish_position,10.0,0.75,season,estimado_historico_anterior,660,40
2019,20,raikkonen_2019_20,Brazilian Grand Prix,raikkonen,alfa,41,0.8175998893071438,0,-finish_position,10.0,0.75,season,estimado_historico_anterior,660,40
2019,20,ricciardo_2019_20,Brazilian Grand Prix,ricciardo,renault,41,0.7881792419272552,0,-finish_position,10.0,0.75,season,estimado_historico_anterior,660,40
2019,20,russell_2019_20,Brazilian Grand Prix,russell,williams,41,-1.4321050231879149,0,-finish_position,10.0,0.75,season,estimado_historico_anterior,660,40
2019,20,sainz_2019_20,Brazilian Grand Prix,sainz,mclaren,41,0.712207512717937,0,-finish_position,10.0,0.75,season,estimado_historico_anterior,660,40
2019,21,albon_2019_21,Abu Dhabi Grand Prix,albon,red_bull,42,-0.16656276682028145,0,-finish_position,10.0,0.75,season,estimado_historico_anterior,676,41
2019,21,bottas_2019_21,Abu Dhabi Grand Prix,bottas,mercedes,42,1.6438133760958935,0,-finish_position,10.0,0.75,season,estimado_historico_anterior,676,41
2019,21,gasly_2019_21,Abu Dhabi Grand Prix,gasly,toro_rosso,42,-0.04502331159106085,0,-finish_position,10.0,0.75,season,estimado_historico_anterior,676,41
2019,21,giovinazzi_2019_21,Abu Dhabi Grand Prix,giovinazzi,alfa,42,-1.2750784346213029,0,-finish_position,10.0,0.75,season,estimado_historico_anterior,676,41
2019,21,grosjean_2019_21,Abu Dhabi Grand Prix,grosjean,haas,42,-0.7547450177537287,0,-finish_position,10.0,0.75,season,estimado_historico_anterior,676,41
2019,21,hamilton_2019_21,Abu Dhabi Grand Prix,hamilton,mercedes,42,2.4075156267937525,0,-finish_position,10.0,0.75,season,estimado_historico_anterior,676,41
2019,21,hulkenberg_2019_21,Abu Dhabi Grand Prix,hulkenberg,renault,42,0.4194767797525997,0,-finish_position,10.0,0.75,season,estimado_historico_anterior,676,41
2019,21,kevin_magnussen_2019_21,Abu Dhabi Grand Prix,kevin_magnussen,haas,42,-0.6523799219556204,0,-finish_position,10.0,0.75,season,estimado_historico_anterior,676,41
2019,21,kubica_2019_21,Abu Dhabi Grand Prix,kubica,williams,42,-2.2503533781115954,0,-finish_position,10.0,0.75,season,estimado_historico_anterior,676,41
2019,21,kvyat_2019_21,Abu Dhabi Grand Prix,kvyat,toro_rosso,42,-0.17869723167661455,0,-finish_position,10.0,0.75,season,estimado_historico_anterior,676,41
2019,21,leclerc_2019_21,Abu Dhabi Grand Prix,leclerc,ferrari,42,0.9493006718720163,0,-finish_position,10.0,0.75,season,estimado_historico_anterior,676,41
2019,21,max_verstappen_2019_21,Abu Dhabi Grand Prix,max_verstappen,red_bull,42,2.11912132262119,0,-finish_position,10.0,0.75,season,estimado_historico_anterior,676,41
2019,21,norris_2019_21,Abu Dhabi Grand Prix,norris,mclaren,42,0.3367461295126809,0,-finish_position,10.0,0.75,season,estimado_historico_anterior,676,41
2019,21,perez_2019_21,Abu Dhabi Grand Prix,perez,racing_point,42,0.00610079071565189,0,-finish_position,10.0,0.75,season,estimado_historico_anterior,676,41
2019,21,raikkonen_2019_21,Abu Dhabi Grand Prix,raikkonen,alfa,42,0.8696317374074733,0,-finish_position,10.0,0.75,season,estimado_historico_anterior,676,41
2019,21,ricciardo_2019_21,Abu Dhabi Grand Prix,ricciardo,renault,42,0.9480775816469978,0,-finish_position,10.0,0.75,season,estimado_historico_anterior,676,41
2019,21,russell_2019_21,Abu Dhabi Grand Prix,russell,williams,42,-1.356526989090986,0,-finish_position,10.0,0.75,season,estimado_historico_anterior,676,41
2019,21,sainz_2019_21,Abu Dhabi Grand Prix,sainz,mclaren,42,0.8263589519339141,0,-finish_position,10.0,0.75,season,estimado_historico_anterior,676,41
2019,21,vettel_2019_21,Abu Dhabi Grand Prix,vettel,ferrari,42,1.1171081413144255,0,-finish_position,10.0,0.75,season,estimado_historico_anterior,676,41
2020,1,bottas_2020_1,Austrian Grand Prix,bottas,mercedes,43,1.591507927224006,0,-finish_position,10.0,0.75,season,estimado_historico_anterior,695,42
2020,1,gasly_2020_1,Austrian Grand Prix,gasly,alphatauri,43,-0.18319891988229633,0,-finish_position,10.0,0.75,season,estimado_historico_anterior,695,42
2020,1,giovinazzi_2020_1,Austrian Grand Prix,giovinazzi,alfa,43,-1.2740696721847287,0,-finish_position,10.0,0.75,season,estimado_historico_anterior,695,42
2020,1,hamilton_2020_1,Austrian Grand Prix,hamilton,mercedes,43,2.3575969166620587,0,-finish_position,10.0,0.75,season,estimado_historico_anterior,695,42
2020,1,latifi_2020_1,Austrian Grand Prix,latifi,williams,43,0.0,1,-finish_position,10.0,0.75,season,estimado_historico_anterior,695,42
2020,1,leclerc_2020_1,Austrian Grand Prix,leclerc,ferrari,43,0.9499537083564045,0,-finish_position,10.0,0.75,season,estimado_historico_anterior,695,42
2020,1,norris_2020_1,Austrian Grand Prix,norris,mclaren,43,0.34825912158059846,0,-finish_position,10.0,0.75,season,estimado_historico_anterior,695,42
2020,1,ocon_2020_1,Austrian Grand Prix,ocon,renault,43,0.1505711919568205,0,-finish_position,10.0,0.75,season,estimado_historico_anterior,695,42
2020,1,perez_2020_1,Austrian Grand Prix,perez,racing_point,43,0.020225847094256462,0,-finish_position,10.0,0.75,season,estimado_historico_anterior,695,42
2020,1,sainz_2020_1,Austrian Grand Prix,sainz,mclaren,43,0.7190131220297812,0,-finish_position,10.0,0.75,season,estimado_historico_anterior,695,42
2020,1,vettel_2020_1,Austrian Grand Prix,vettel,ferrari,43,1.1343399119229698,0,-finish_position,10.0,0.75,season,estimado_historico_anterior,695,42
2020,2,albon_2020_2,Styrian Grand Prix,albon,red_bull,44,-0.1095315441475496,0,-finish_position,10.0,0.75,season,estimado_historico_anterior,706,43
2020,2,bottas_2020_2,Styrian Grand Prix,bottas,mercedes,44,1.63327306429362,0,-finish_position,10.0,0.75,season,estimado_historico_anterior,706,43
2020,2,gasly_2020_2,Styrian Grand Prix,gasly,alphatauri,44,-0.11465587104743115,0,-finish_position,10.0,0.75,season,estimado_historico_anterior,706,43
2020,2,giovinazzi_2020_2,Styrian Grand Prix,giovinazzi,alfa,44,-1.1899456333106295,0,-finish_position,10.0,0.75,season,estimado_historico_anterior,706,43
2020,2,grosjean_2020_2,Styrian Grand Prix,grosjean,haas,44,-0.7901803248663839,0,-finish_position,10.0,0.75,season,estimado_historico_anterior,706,43
2020,2,hamilton_2020_2,Styrian Grand Prix,hamilton,mercedes,44,2.2952035562169653,0,-finish_position,10.0,0.75,season,estimado_historico_anterior,706,43
2020,2,kevin_magnussen_2020_2,Styrian Grand Prix,kevin_magnussen,haas,44,-0.6726483918258025,0,-finish_position,10.0,0.75,season,estimado_historico_anterior,706,43
2020,2,kvyat_2020_2,Styrian Grand Prix,kvyat,alphatauri,44,-0.07277527338813378,0,-finish_position,10.0,0.75,season,estimado_historico_anterior,706,43
2020,2,latifi_2020_2,Styrian Grand Prix,latifi,williams,44,0.19857793276540672,0,-finish_position,10.0,0.75,season,estimado_historico_anterior,706,43
2020,2,max_verstappen_2020_2,Styrian Grand Prix,max_verstappen,red_bull,44,2.0248536681820464,0,-finish_position,10.0,0.75,season,estimado_historico_anterior,706,43
2020,2,norris_2020_2,Styrian Grand Prix,norris,mclaren,44,0.5213991764390994,0,-finish_position,10.0,0.75,season,estimado_historico_anterior,706,43
2020,2,perez_2020_2,Styrian Grand Prix,perez,racing_point,44,0.0905697313057701,0,-finish_position,10.0,0.75,season,estimado_historico_anterior,706,43
2020,2,raikkonen_2020_2,Styrian Grand Prix,raikkonen,alfa,44,0.7297068916928816,0,-finish_position,10.0,0.75,season,estimado_historico_anterior,706,43
2020,2,ricciardo_2020_2,Styrian Grand Prix,ricciardo,renault,44,0.7629857602444672,0,-finish_position,10.0,0.75,season,estimado_historico_anterior,706,43
2020,2,russell_2020_2,Styrian Grand Prix,russell,williams,44,-1.3738307763264535,0,-finish_position,10.0,0.75,season,estimado_historico_anterior,706,43
2020,2,sainz_2020_2,Styrian Grand Prix,sainz,mclaren,44,0.7349307368162933,0,-finish_position,10.0,0.75,season,estimado_historico_anterior,706,43
2020,2,stroll_2020_2,Styrian Grand Prix,stroll,racing_point,44,-0.8072306247930735,0,-finish_position,10.0,0.75,season,estimado_historico_anterior,706,43
2020,3,albon_2020_3,Hungarian Grand Prix,albon,red_bull,45,-0.053354371085826614,0,-finish_position,10.0,0.75,season,estimado_historico_anterior,723,44
2020,3,bottas_2020_3,Hungarian Grand Prix,bottas,mercedes,45,1.662240319698153,0,-finish_position,10.0,0.75,season,estimado_historico_anterior,723,44
2020,3,giovinazzi_2020_3,Hungarian Grand Prix,giovinazzi,alfa,45,-1.2176069638178828,0,-finish_position,10.0,0.75,season,estimado_historico_anterior,723,44
2020,3,grosjean_2020_3,Hungarian Grand Prix,grosjean,haas,45,-0.809396115555887,0,-finish_position,10.0,0.75,season,estimado_historico_anterior,723,44
2020,3,hamilton_2020_3,Hungarian Grand Prix,hamilton,mercedes,45,2.329999119503459,0,-finish_position,10.0,0.75,season,estimado_historico_anterior,723,44
2020,3,kevin_magnussen_2020_3,Hungarian Grand Prix,kevin_magnussen,haas,45,-0.6579562171507696,0,-finish_position,10.0,0.75,season,estimado_historico_anterior,723,44
2020,3,kvyat_2020_3,Hungarian Grand Prix,kvyat,alphatauri,45,-0.11104090168818218,0,-finish_position,10.0,0.75,season,estimado_historico_anterior,723,44
2020,3,latifi_2020_3,Hungarian Grand Prix,latifi,williams,45,-0.111678210460507,0,-finish_position,10.0,0.75,season,estimado_historico_anterior,723,44
2020,3,leclerc_2020_3,Hungarian Grand Prix,leclerc,ferrari,45,1.0237299595288223,0,-finish_position,10.0,0.75,season,estimado_historico_anterior,723,44
2020,3,max_verstappen_2020_3,Hungarian Grand Prix,max_verstappen,red_bull,45,2.003559252926415,0,-finish_position,10.0,0.75,season,estimado_historico_anterior,723,44
2020,3,norris_2020_3,Hungarian Grand Prix,norris,mclaren,45,0.6633203003476673,0,-finish_position,10.0,0.75,season,estimado_historico_anterior,723,44
2020,3,ocon_2020_3,Hungarian Grand Prix,ocon,renault,45,0.2649082836240322,0,-finish_position,10.0,0.75,season,estimado_historico_anterior,723,44
2020,3,perez_2020_3,Hungarian Grand Prix,perez,racing_point,45,0.15690851697813657,0,-finish_position,10.0,0.75,season,estimado_historico_anterior,723,44
2020,3,raikkonen_2020_3,Hungarian Grand Prix,raikkonen,alfa,45,0.7428137147942737,0,-finish_position,10.0,0.75,season,estimado_historico_anterior,723,44
2020,3,ricciardo_2020_3,Hungarian Grand Prix,ricciardo,renault,45,0.7673543456204849,0,-finish_position,10.0,0.75,season,estimado_historico_anterior,723,44
2020,3,russell_2020_3,Hungarian Grand Prix,russell,williams,45,-1.3477489815790413,0,-finish_position,10.0,0.75,season,estimado_historico_anterior,723,44
2020,3,sainz_2020_3,Hungarian Grand Prix,sainz,mclaren,45,0.7009500611013583,0,-finish_position,10.0,0.75,season,estimado_historico_anterior,723,44
2020,3,stroll_2020_3,Hungarian Grand Prix,stroll,racing_point,45,-0.7062313928888511,0,-finish_position,10.0,0.75,season,estimado_historico_anterior,723,44
2020,3,vettel_2020_3,Hungarian Grand Prix,vettel,ferrari,45,0.9665038295850836,0,-finish_position,10.0,0.75,season,estimado_historico_anterior,723,44
2020,4,albon_2020_4,British Grand Prix,albon,red_bull,46,-0.002801061158634428,0,-finish_position,10.0,0.75,season,estimado_historico_anterior,742,45
2020,4,bottas_2020_4,British Grand Prix,bottas,mercedes,46,1.6792602656565927,0,-finish_position,10.0,0.75,season,estimado_historico_anterior,742,45
2020,4,gasly_2020_4,British Grand Prix,gasly,alphatauri,46,-0.2776134629052651,0,-finish_position,10.0,0.75,season,estimado_historico_anterior,742,45
2020,4,giovinazzi_2020_4,British Grand Prix,giovinazzi,alfa,46,-1.2504585083566402,0,-finish_position,10.0,0.75,season,estimado_historico_anterior,742,45
2020,4,grosjean_2020_4,British Grand Prix,grosjean,haas,46,-0.9043964243255771,0,-finish_position,10.0,0.75,season,estimado_historico_anterior,742,45
2020,4,hamilton_2020_4,British Grand Prix,hamilton,mercedes,46,2.379505065397484,0,-finish_position,10.0,0.75,season,estimado_historico_anterior,742,45
2020,4,latifi_2020_4,British Grand Prix,latifi,williams,46,-0.4929289817707263,0,-finish_position,10.0,0.75,season,estimado_historico_anterior,742,45
2020,4,leclerc_2020_4,British Grand Prix,leclerc,ferrari,46,0.8834833130656209,0,-finish_position,10.0,0.75,season,estimado_historico_anterior,742,45
2020,4,max_verstappen_2020_4,British Grand Prix,max_verstappen,red_bull,46,2.0648645939418726,0,-finish_position,10.0,0.75,season,estimado_historico_anterior,742,45
2020,4,norris_2020_4,British Grand Prix,norris,mclaren,46,0.5374314144932023,0,-finish_position,10.0,0.75,season,estimado_historico_anterior,742,45
2020,4,ocon_2020_4,British Grand Prix,ocon,renault,46,0.040025408366178225,0,-finish_position,10.0,0.75,season,estimado_historico_anterior,742,45
2020,4,raikkonen_2020_4,British Grand Prix,raikkonen,alfa,46,0.7478498889535017,0,-finish_position,10.0,0.75,season,estimado_historico_anterior,742,45
2020,4,ricciardo_2020_4,British Grand Prix,ricciardo,renault,46,0.855721662521893,0,-finish_position,10.0,0.75,season,estimado_historico_anterior,742,45
2020,4,russell_2020_4,British Grand Prix,russell,williams,46,-1.3480889089694807,0,-finish_position,10.0,0.75,season,estimado_historico_anterior,742,45
2020,4,sainz_2020_4,British Grand Prix,sainz,mclaren,46,0.7681889980771505,0,-finish_position,10.0,0.75,season,estimado_historico_anterior,742,45
2020,4,stroll_2020_4,British Grand Prix,stroll,racing_point,46,-0.5228115596705567,0,-finish_position,10.0,0.75,season,estimado_historico_anterior,742,45
2020,4,vettel_2020_4,British Grand Prix,vettel,ferrari,46,1.0201547494974175,0,-finish_position,10.0,0.75,season,estimado_historico_anterior,742,45
2020,5,albon_2020_5,70th Anniversary Grand Prix,albon,red_bull,47,-0.043171533820348294,0,-finish_position,10.0,0.75,season,estimado_historico_anterior,759,46
2020,5,bottas_2020_5,70th Anniversary Grand Prix,bottas,mercedes,47,1.53150164498294,0,-finish_position,10.0,0.75,season,estimado_historico_anterior,759,46
2020,5,gasly_2020_5,70th Anniversary Grand Prix,gasly,alphatauri,47,-0.19051349099666698,0,-finish_position,10.0,0.75,season,estimado_historico_anterior,759,46
2020,5,giovinazzi_2020_5,70th Anniversary Grand Prix,giovinazzi,alfa,47,-1.2031589396607767,0,-finish_position,10.0,0.75,season,estimado_historico_anterior,759,46
2020,5,grosjean_2020_5,70th Anniversary Grand Prix,grosjean,haas,47,-0.9998114078977752,0,-finish_position,10.0,0.75,season,estimado_historico_anterior,759,46
2020,5,hamilton_2020_5,70th Anniversary Grand Prix,hamilton,mercedes,47,2.468723829897376,0,-finish_position,10.0,0.75,season,estimado_historico_anterior,759,46
2020,5,hulkenberg_2020_5,70th Anniversary Grand Prix,hulkenberg,racing_point,47,0.16521671184010836,0,-finish_position,10.0,0.75,season,estimado_historico_anterior,759,46
2020,5,kvyat_2020_5,70th Anniversary Grand Prix,kvyat,alphatauri,47,-0.18792690950905194,0,-finish_position,10.0,0.75,season,estimado_historico_anterior,759,46
2020,5,latifi_2020_5,70th Anniversary Grand Prix,latifi,williams,47,-0.5638739675819915,0,-finish_position,10.0,0.75,season,estimado_historico_anterior,759,46
2020,5,leclerc_2020_5,70th Anniversary Grand Prix,leclerc,ferrari,47,0.9292096435026077,0,-finish_position,10.0,0.75,season,estimado_historico_anterior,759,46
2020,5,max_verstappen_2020_5,70th Anniversary Grand Prix,max_verstappen,red_bull,47,2.158163998443783,0,-finish_position,10.0,0.75,season,estimado_historico_anterior,759,46
2020,5,norris_2020_5,70th Anniversary Grand Prix,norris,mclaren,47,0.6849721937382293,0,-finish_position,10.0,0.75,season,estimado_historico_anterior,759,46
2020,5,ocon_2020_5,70th Anniversary Grand Prix,ocon,renault,47,0.2105808921515552,0,-finish_position,10.0,0.75,season,estimado_historico_anterior,759,46
2020,5,raikkonen_2020_5,70th Anniversary Grand Prix,raikkonen,alfa,47,0.6410334667891028,0,-finish_position,10.0,0.75,season,estimado_historico_anterior,759,46
2020,5,ricciardo_2020_5,70th Anniversary Grand Prix,ricciardo,renault,47,0.9323940726571344,0,-finish_position,10.0,0.75,season,estimado_historico_anterior,759,46
2020,5,russell_2020_5,70th Anniversary Grand Prix,russell,williams,47,-1.2447484841577094,0,-finish_position,10.0,0.75,season,estimado_historico_anterior,759,46
2020,5,sainz_2020_5,70th Anniversary Grand Prix,sainz,mclaren,47,0.588725921084398,0,-finish_position,10.0,0.75,season,estimado_historico_anterior,759,46
2020,5,stroll_2020_5,70th Anniversary Grand Prix,stroll,racing_point,47,-0.4970527290149514,0,-finish_position,10.0,0.75,season,estimado_historico_anterior,759,46
2020,5,vettel_2020_5,70th Anniversary Grand Prix,vettel,ferrari,47,0.8663678880351162,0,-finish_position,10.0,0.75,season,estimado_historico_anterior,759,46
2020,6,albon_2020_6,Spanish Grand Prix,albon,red_bull,48,-0.01787438815976538,0,-finish_position,10.0,0.75,season,estimado_historico_anterior,778,47
2020,6,bottas_2020_6,Spanish Grand Prix,bottas,mercedes,48,1.5538807677391402,0,-finish_position,10.0,0.75,season,estimado_historico_anterior,778,47
2020,6,gasly_2020_6,Spanish Grand Prix,gasly,alphatauri,48,-0.2231263215207992,0,-finish_position,10.0,0.75,season,estimado_historico_anterior,778,47
2020,6,giovinazzi_2020_6,Spanish Grand Prix,giovinazzi,alfa,48,-1.2394322683433407,0,-finish_position,10.0,0.75,season,estimado_historico_anterior,778,47
2020,6,grosjean_2020_6,Spanish Grand Prix,grosjean,haas,48,-1.07437729626231,0,-finish_position,10.0,0.75,season,estimado_historico_anterior,778,47
2020,6,hamilton_2020_6,Spanish Grand Prix,hamilton,mercedes,48,2.491583512367485,0,-finish_position,10.0,0.75,season,estimado_historico_anterior,778,47
2020,6,kevin_magnussen_2020_6,Spanish Grand Prix,kevin_magnussen,haas,48,-0.47885309578721735,0,-finish_position,10.0,0.75,season,estimado_historico_anterior,778,47
2020,6,kvyat_2020_6,Spanish Grand Prix,kvyat,alphatauri,48,-0.18118710009782835,0,-finish_position,10.0,0.75,season,estimado_historico_anterior,778,47
2020,6,latifi_2020_6,Spanish Grand Prix,latifi,williams,48,-0.843500390132826,0,-finish_position,10.0,0.75,season,estimado_historico_anterior,778,47
2020,6,max_verstappen_2020_6,Spanish Grand Prix,max_verstappen,red_bull,48,2.194970588329346,0,-finish_position,10.0,0.75,season,estimado_historico_anterior,778,47
2020,6,norris_2020_6,Spanish Grand Prix,norris,mclaren,48,0.7277474707081449,0,-finish_position,10.0,0.75,season,estimado_historico_anterior,778,47
2020,6,ocon_2020_6,Spanish Grand Prix,ocon,renault,48,0.2991995341893911,0,-finish_position,10.0,0.75,season,estimado_historico_anterior,778,47
2020,6,perez_2020_6,Spanish Grand Prix,perez,racing_point,48,0.11412448413838276,0,-finish_position,10.0,0.75,season,estimado_historico_anterior,778,47
2020,6,raikkonen_2020_6,Spanish Grand Prix,raikkonen,alfa,48,0.6270590855118097,0,-finish_position,10.0,0.75,season,estimado_historico_anterior,778,47
2020,6,ricciardo_2020_6,Spanish Grand Prix,ricciardo,renault,48,0.7919674630684889,0,-finish_position,10.0,0.75,season,estimado_historico_anterior,778,47
2020,6,russell_2020_6,Spanish Grand Prix,russell,williams,48,-1.2662791341467659,0,-finish_position,10.0,0.75,season,estimado_historico_anterior,778,47
2020,6,sainz_2020_6,Spanish Grand Prix,sainz,mclaren,48,0.5408490686473204,0,-finish_position,10.0,0.75,season,estimado_historico_anterior,778,47
2020,6,stroll_2020_6,Spanish Grand Prix,stroll,racing_point,48,-0.39976641335479035,0,-finish_position,10.0,0.75,season,estimado_historico_anterior,778,47
2020,6,vettel_2020_6,Spanish Grand Prix,vettel,ferrari,48,0.7199982154723381,0,-finish_position,10.0,0.75,season,estimado_historico_anterior,778,47
2020,7,albon_2020_7,Belgian Grand Prix,albon,red_bull,49,-0.06526003690998616,0,-finish_position,10.0,0.75,season,estimado_historico_anterior,797,48
2020,7,bottas_2020_7,Belgian Grand Prix,bottas,mercedes,49,1.565551705471162,0,-finish_position,10.0,0.75,season,estimado_historico_anterior,797,48
2020,7,gasly_2020_7,Belgian Grand Prix,gasly,alphatauri,49,-0.18540060215401166,0,-finish_position,10.0,0.75,season,estimado_historico_anterior,797,48
2020,7,grosjean_2020_7,Belgian Grand Prix,grosjean,haas,49,-1.1811627684411197,0,-finish_position,10.0,0.75,season,estimado_historico_anterior,797,48
2020,7,hamilton_2020_7,Belgian Grand Prix,hamilton,mercedes,49,2.526890683952329,0,-finish_position,10.0,0.75,season,estimado_historico_anterior,797,48
2020,7,kevin_magnussen_2020_7,Belgian Grand Prix,kevin_magnussen,haas,49,-0.47481879551547324,0,-finish_position,10.0,0.75,season,estimado_historico_anterior,797,48
2020,7,kvyat_2020_7,Belgian Grand Prix,kvyat,alphatauri,49,-0.25086995949790264,0,-finish_position,10.0,0.75,season,estimado_historico_anterior,797,48
2020,7,latifi_2020_7,Belgian Grand Prix,latifi,williams,49,-1.0218665041582402,0,-finish_position,10.0,0.75,season,estimado_historico_anterior,797,48
2020,7,leclerc_2020_7,Belgian Grand Prix,leclerc,ferrari,49,0.9997393629311058,0,-finish_position,10.0,0.75,season,estimado_historico_anterior,797,48
2020,7,max_verstappen_2020_7,Belgian Grand Prix,max_verstappen,red_bull,49,2.2709194379144493,0,-finish_position,10.0,0.75,season,estimado_historico_anterior,797,48
2020,7,norris_2020_7,Belgian Grand Prix,norris,mclaren,49,0.6784916951269799,0,-finish_position,10.0,0.75,season,estimado_historico_anterior,797,48
2020,7,ocon_2020_7,Belgian Grand Prix,ocon,renault,49,0.1734196279994152,0,-finish_position,10.0,0.75,season,estimado_historico_anterior,797,48
2020,7,perez_2020_7,Belgian Grand Prix,perez,racing_point,49,0.1556885353110448,0,-finish_position,10.0,0.75,season,estimado_historico_anterior,797,48
2020,7,raikkonen_2020_7,Belgian Grand Prix,raikkonen,alfa,49,0.6129563608276598,0,-finish_position,10.0,0.75,season,estimado_historico_anterior,797,48
2020,7,ricciardo_2020_7,Belgian Grand Prix,ricciardo,renault,49,0.8022766798229305,0,-finish_position,10.0,0.75,season,estimado_historico_anterior,797,48
2020,7,stroll_2020_7,Belgian Grand Prix,stroll,racing_point,49,-0.2894759244888514,0,-finish_position,10.0,0.75,season,estimado_historico_anterior,797,48
2020,7,vettel_2020_7,Belgian Grand Prix,vettel,ferrari,49,0.6841158767903587,0,-finish_position,10.0,0.75,season,estimado_historico_anterior,797,48
2020,8,albon_2020_8,Italian Grand Prix,albon,red_bull,50,-0.04367794042096705,0,-finish_position,10.0,0.75,season,estimado_historico_anterior,814,49
2020,8,bottas_2020_8,Italian Grand Prix,bottas,mercedes,50,1.586861111459162,0,-finish_position,10.0,0.75,season,estimado_historico_anterior,814,49
2020,8,gasly_2020_8,Italian Grand Prix,gasly,alphatauri,50,-0.13174521640160333,0,-finish_position,10.0,0.75,season,estimado_historico_anterior,814,49
2020,8,giovinazzi_2020_8,Italian Grand Prix,giovinazzi,alfa,50,-1.2293276642288098,0,-finish_position,10.0,0.75,season,estimado_historico_anterior,814,49
2020,8,grosjean_2020_8,Italian Grand Prix,grosjean,haas,50,-1.190228742772591,0,-finish_position,10.0,0.75,season,estimado_historico_anterior,814,49
2020,8,hamilton_2020_8,Italian Grand Prix,hamilton,mercedes,50,2.5467202461273435,0,-finish_position,10.0,0.75,season,estimado_historico_anterior,814,49
2020,8,kvyat_2020_8,Italian Grand Prix,kvyat,alphatauri,50,-0.28479036763037396,0,-finish_position,10.0,0.75,season,estimado_historico_anterior,814,49
2020,8,latifi_2020_8,Italian Grand Prix,latifi,williams,50,-1.0811961837905588,0,-finish_position,10.0,0.75,season,estimado_historico_anterior,814,49
2020,8,norris_2020_8,Italian Grand Prix,norris,mclaren,50,0.7153198333075853,0,-finish_position,10.0,0.75,season,estimado_historico_anterior,814,49
2020,8,ocon_2020_8,Italian Grand Prix,ocon,renault,50,0.3473964926974491,0,-finish_position,10.0,0.75,season,estimado_historico_anterior,814,49
2020,8,perez_2020_8,Italian Grand Prix,perez,racing_point,50,0.15986469620278243,0,-finish_position,10.0,0.75,season,estimado_historico_anterior,814,49
2020,8,raikkonen_2020_8,Italian Grand Prix,raikkonen,alfa,50,0.6678102827781169,0,-finish_position,10.0,0.75,season,estimado_historico_anterior,814,49
2020,8,ricciardo_2020_8,Italian Grand Prix,ricciardo,renault,50,0.8744642275215353,0,-finish_position,10.0,0.75,season,estimado_historico_anterior,814,49
2020,8,russell_2020_8,Italian Grand Prix,russell,williams,50,-1.2493653726124248,0,-finish_position,10.0,0.75,season,estimado_historico_anterior,814,49
2020,8,sainz_2020_8,Italian Grand Prix,sainz,mclaren,50,0.5891690101309106,0,-finish_position,10.0,0.75,season,estimado_historico_anterior,814,49
2020,8,stroll_2020_8,Italian Grand Prix,stroll,racing_point,50,-0.2566936546534686,0,-finish_position,10.0,0.75,season,estimado_historico_anterior,814,49
2020,9,albon_2020_9,Tuscan Grand Prix,albon,red_bull,51,-0.24563330775670247,0,-finish_position,10.0,0.75,season,estimado_historico_anterior,830,50
2020,9,bottas_2020_9,Tuscan Grand Prix,bottas,mercedes,51,1.5788136404933002,0,-finish_position,10.0,0.75,season,estimado_historico_anterior,830,50
2020,9,grosjean_2020_9,Tuscan Grand Prix,grosjean,haas,51,-1.1975524483437234,0,-finish_position,10.0,0.75,season,estimado_historico_anterior,830,50
2020,9,hamilton_2020_9,Tuscan Grand Prix,hamilton,mercedes,51,2.474575086045473,0,-finish_position,10.0,0.75,season,estimado_historico_anterior,830,50
2020,9,kvyat_2020_9,Tuscan Grand Prix,kvyat,alphatauri,51,-0.33491577924630617,0,-finish_position,10.0,0.75,season,estimado_historico_anterior,830,50
2020,9,leclerc_2020_9,Tuscan Grand Prix,leclerc,ferrari,51,0.8109952809949685,0,-finish_position,10.0,0.75,season,estimado_historico_anterior,830,50
2020,9,norris_2020_9,Tuscan Grand Prix,norris,mclaren,51,0.7675132035424804,0,-finish_position,10.0,0.75,season,estimado_historico_anterior,830,50
2020,9,perez_2020_9,Tuscan Grand Prix,perez,racing_point,51,0.06777722356020849,0,-finish_position,10.0,0.75,season,estimado_historico_anterior,830,50
2020,9,raikkonen_2020_9,Tuscan Grand Prix,raikkonen,alfa,51,0.6396958457301245,0,-finish_position,10.0,0.75,season,estimado_historico_anterior,830,50
2020,9,ricciardo_2020_9,Tuscan Grand Prix,ricciardo,renault,51,0.967190669855654,0,-finish_position,10.0,0.75,season,estimado_historico_anterior,830,50
2020,9,russell_2020_9,Tuscan Grand Prix,russell,williams,51,-1.248841509527146,0,-finish_position,10.0,0.75,season,estimado_historico_anterior,830,50
2020,9,vettel_2020_9,Tuscan Grand Prix,vettel,ferrari,51,0.6136063633012809,0,-finish_position,10.0,0.75,season,estimado_historico_anterior,830,50
2020,10,albon_2020_10,Russian Grand Prix,albon,red_bull,52,-0.14855175196434628,0,-finish_position,10.0,0.75,season,estimado_historico_anterior,842,51
2020,10,bottas_2020_10,Russian Grand Prix,bottas,mercedes,52,1.584222600222497,0,-finish_position,10.0,0.75,season,estimado_historico_anterior,842,51
2020,10,gasly_2020_10,Russian Grand Prix,gasly,alphatauri,52,0.028544356678169607,0,-finish_position,10.0,0.75,season,estimado_historico_anterior,842,51
2020,10,giovinazzi_2020_10,Russian Grand Prix,giovinazzi,alfa,52,-1.3202317993406396,0,-finish_position,10.0,0.75,season,estimado_historico_anterior,842,51
2020,10,grosjean_2020_10,Russian Grand Prix,grosjean,haas,52,-1.200263184424392,0,-finish_position,10.0,0.75,season,estimado_historico_anterior,842,51
2020,10,hamilton_2020_10,Russian Grand Prix,hamilton,mercedes,52,2.4800306408241126,0,-finish_position,10.0,0.75,season,estimado_historico_anterior,842,51
2020,10,kevin_magnussen_2020_10,Russian Grand Prix,kevin_magnussen,haas,52,-0.5819351458927083,0,-finish_position,10.0,0.75,season,estimado_historico_anterior,842,51
2020,10,kvyat_2020_10,Russian Grand Prix,kvyat,alphatauri,52,-0.26330219739993027,0,-finish_position,10.0,0.75,season,estimado_historico_anterior,842,51
2020,10,latifi_2020_10,Russian Grand Prix,latifi,williams,52,-0.9114113558320974,0,-finish_position,10.0,0.75,season,estimado_historico_anterior,842,51
2020,10,leclerc_2020_10,Russian Grand Prix,leclerc,ferrari,52,0.7606394829239901,0,-finish_position,10.0,0.75,season,estimado_historico_anterior,842,51
2020,10,max_verstappen_2020_10,Russian Grand Prix,max_verstappen,red_bull,52,2.392751857264766,0,-finish_position,10.0,0.75,season,estimado_historico_anterior,842,51
2020,10,norris_2020_10,Russian Grand Prix,norris,mclaren,52,0.8182802755227838,0,-finish_position,10.0,0.75,season,estimado_historico_anterior,842,51
2020,10,ocon_2020_10,Russian Grand Prix,ocon,renault,52,0.3561538358278761,0,-finish_position,10.0,0.75,season,estimado_historico_anterior,842,51
2020,10,perez_2020_10,Russian Grand Prix,perez,racing_point,52,0.12648806141622554,0,-finish_position,10.0,0.75,season,estimado_historico_anterior,842,51
2020,10,raikkonen_2020_10,Russian Grand Prix,raikkonen,alfa,52,0.6899979873160759,0,-finish_position,10.0,0.75,season,estimado_historico_anterior,842,51
2020,10,ricciardo_2020_10,Russian Grand Prix,ricciardo,renault,52,1.0461816788584135,0,-finish_position,10.0,0.75,season,estimado_historico_anterior,842,51
2020,10,russell_2020_10,Russian Grand Prix,russell,williams,52,-1.1562885801328968,0,-finish_position,10.0,0.75,season,estimado_historico_anterior,842,51
2020,10,vettel_2020_10,Russian Grand Prix,vettel,ferrari,52,0.5521926668334325,0,-finish_position,10.0,0.75,season,estimado_historico_anterior,842,51
2020,11,gasly_2020_11,Eifel Grand Prix,gasly,alphatauri,53,0.03448740338295934,0,-finish_position,10.0,0.75,season,estimado_historico_anterior,860,52
2020,11,giovinazzi_2020_11,Eifel Grand Prix,giovinazzi,alfa,53,-1.22532999254891,0,-finish_position,10.0,0.75,season,estimado_historico_anterior,860,52
2020,11,grosjean_2020_11,Eifel Grand Prix,grosjean,haas,53,-1.2792462065530508,0,-finish_position,10.0,0.75,season,estimado_historico_anterior,860,52
2020,11,hamilton_2020_11,Eifel Grand Prix,hamilton,mercedes,53,2.4640401234907308,0,-finish_position,10.0,0.75,season,estimado_historico_anterior,860,52
2020,11,hulkenberg_2020_11,Eifel Grand Prix,hulkenberg,racing_point,53,0.14530534097590236,0,-finish_position,10.0,0.75,season,estimado_historico_anterior,860,52
2020,11,kevin_magnussen_2020_11,Eifel Grand Prix,kevin_magnussen,haas,53,-0.5450862651068231,0,-finish_position,10.0,0.75,season,estimado_historico_anterior,860,52
2020,11,kvyat_2020_11,Eifel Grand Prix,kvyat,alphatauri,53,-0.22683856470644942,0,-finish_position,10.0,0.75,season,estimado_historico_anterior,860,52
2020,11,latifi_2020_11,Eifel Grand Prix,latifi,williams,53,-0.9659170114305308,0,-finish_position,10.0,0.75,season,estimado_historico_anterior,860,52
2020,11,leclerc_2020_11,Eifel Grand Prix,leclerc,ferrari,53,0.7700659030802988,0,-finish_position,10.0,0.75,season,estimado_historico_anterior,860,52
2020,11,max_verstappen_2020_11,Eifel Grand Prix,max_verstappen,red_bull,53,2.480989237332508,0,-finish_position,10.0,0.75,season,estimado_historico_anterior,860,52
2020,11,perez_2020_11,Eifel Grand Prix,perez,racing_point,53,0.23513976444301468,0,-finish_position,10.0,0.75,season,estimado_historico_anterior,860,52
2020,11,raikkonen_2020_11,Eifel Grand Prix,raikkonen,alfa,53,0.6580612765172517,0,-finish_position,10.0,0.75,season,estimado_historico_anterior,860,52
2020,11,ricciardo_2020_11,Eifel Grand Prix,ricciardo,renault,53,1.1183459092209957,0,-finish_position,10.0,0.75,season,estimado_historico_anterior,860,52
2020,11,sainz_2020_11,Eifel Grand Prix,sainz,mclaren,53,0.6356457326838549,0,-finish_position,10.0,0.75,season,estimado_historico_anterior,860,52
2020,11,vettel_2020_11,Eifel Grand Prix,vettel,ferrari,53,0.4162966401898299,0,-finish_position,10.0,0.75,season,estimado_historico_anterior,860,52
2020,12,albon_2020_12,Portuguese Grand Prix,albon,red_bull,54,-0.22070806711100505,0,-finish_position,10.0,0.75,season,estimado_historico_anterior,875,53
2020,12,bottas_2020_12,Portuguese Grand Prix,bottas,mercedes,54,1.6161861117443346,0,-finish_position,10.0,0.75,season,estimado_historico_anterior,875,53
2020,12,gasly_2020_12,Portuguese Grand Prix,gasly,alphatauri,54,0.11843666565564523,0,-finish_position,10.0,0.75,season,estimado_historico_anterior,875,53
2020,12,giovinazzi_2020_12,Portuguese Grand Prix,giovinazzi,alfa,54,-1.1435680248983184,0,-finish_position,10.0,0.75,season,estimado_historico_anterior,875,53
2020,12,grosjean_2020_12,Portuguese Grand Prix,grosjean,haas,54,-1.2110134255977572,0,-finish_position,10.0,0.75,season,estimado_historico_anterior,875,53
2020,12,hamilton_2020_12,Portuguese Grand Prix,hamilton,mercedes,54,2.4864236482787763,0,-finish_position,10.0,0.75,season,estimado_historico_anterior,875,53
2020,12,kevin_magnussen_2020_12,Portuguese Grand Prix,kevin_magnussen,haas,54,-0.5980254289400534,0,-finish_position,10.0,0.75,season,estimado_historico_anterior,875,53
2020,12,kvyat_2020_12,Portuguese Grand Prix,kvyat,alphatauri,54,-0.39245038800705795,0,-finish_position,10.0,0.75,season,estimado_historico_anterior,875,53
2020,12,latifi_2020_12,Portuguese Grand Prix,latifi,williams,54,-0.9437398430433248,0,-finish_position,10.0,0.75,season,estimado_historico_anterior,875,53
2020,12,leclerc_2020_12,Portuguese Grand Prix,leclerc,ferrari,54,0.7456877179052914,0,-finish_position,10.0,0.75,season,estimado_historico_anterior,875,53
2020,12,max_verstappen_2020_12,Portuguese Grand Prix,max_verstappen,red_bull,54,2.544704807177741,0,-finish_position,10.0,0.75,season,estimado_historico_anterior,875,53
2020,12,norris_2020_12,Portuguese Grand Prix,norris,mclaren,54,0.6023590303791507,0,-finish_position,10.0,0.75,season,estimado_historico_anterior,875,53
2020,12,ocon_2020_12,Portuguese Grand Prix,ocon,renault,54,0.4410528080897423,0,-finish_position,10.0,0.75,season,estimado_historico_anterior,875,53
2020,12,perez_2020_12,Portuguese Grand Prix,perez,racing_point,54,0.2946333441106763,0,-finish_position,10.0,0.75,season,estimado_historico_anterior,875,53
2020,12,raikkonen_2020_12,Portuguese Grand Prix,raikkonen,alfa,54,0.6410691453171194,0,-finish_position,10.0,0.75,season,estimado_historico_anterior,875,53
2020,12,ricciardo_2020_12,Portuguese Grand Prix,ricciardo,renault,54,1.2455054729940684,0,-finish_position,10.0,0.75,season,estimado_historico_anterior,875,53
2020,12,russell_2020_12,Portuguese Grand Prix,russell,williams,54,-1.2445869399495775,0,-finish_position,10.0,0.75,season,estimado_historico_anterior,875,53
2020,12,sainz_2020_12,Portuguese Grand Prix,sainz,mclaren,54,0.684248780306265,0,-finish_position,10.0,0.75,season,estimado_historico_anterior,875,53
2020,12,vettel_2020_12,Portuguese Grand Prix,vettel,ferrari,54,0.32665486370022756,0,-finish_position,10.0,0.75,season,estimado_historico_anterior,875,53
2020,13,albon_2020_13,Emilia Romagna Grand Prix,albon,red_bull,55,-0.332791247792422,0,-finish_position,10.0,0.75,season,estimado_historico_anterior,894,54
2020,13,bottas_2020_13,Emilia Romagna Grand Prix,bottas,mercedes,55,1.6442167322371242,0,-finish_position,10.0,0.75,season,estimado_historico_anterior,894,54
2020,13,giovinazzi_2020_13,Emilia Romagna Grand Prix,giovinazzi,alfa,55,-1.1723932170248115,0,-finish_position,10.0,0.75,season,estimado_historico_anterior,894,54
2020,13,grosjean_2020_13,Emilia Romagna Grand Prix,grosjean,haas,55,-1.24676264798476,0,-finish_position,10.0,0.75,season,estimado_historico_anterior,894,54
2020,13,hamilton_2020_13,Emilia Romagna Grand Prix,hamilton,mercedes,55,2.514885140292165,0,-finish_position,10.0,0.75,season,estimado_historico_anterior,894,54
2020,13,kvyat_2020_13,Emilia Romagna Grand Prix,kvyat,alphatauri,55,-0.6398926003740383,0,-finish_position,10.0,0.75,season,estimado_historico_anterior,894,54
2020,13,latifi_2020_13,Emilia Romagna Grand Prix,latifi,williams,55,-1.0799486518798027,0,-finish_position,10.0,0.75,season,estimado_historico_anterior,894,54
2020,13,leclerc_2020_13,Emilia Romagna Grand Prix,leclerc,ferrari,55,0.8047824669938789,0,-finish_position,10.0,0.75,season,estimado_historico_anterior,894,54
2020,13,norris_2020_13,Emilia Romagna Grand Prix,norris,mclaren,55,0.47909657017436025,0,-finish_position,10.0,0.75,season,estimado_historico_anterior,894,54
2020,13,perez_2020_13,Emilia Romagna Grand Prix,perez,racing_point,55,0.3514445427761059,0,-finish_position,10.0,0.75,season,estimado_historico_anterior,894,54
2020,13,raikkonen_2020_13,Emilia Romagna Grand Prix,raikkonen,alfa,55,0.6773250854068181,0,-finish_position,10.0,0.75,season,estimado_historico_anterior,894,54
2020,13,ricciardo_2020_13,Emilia Romagna Grand Prix,ricciardo,renault,55,1.2636741924790025,0,-finish_position,10.0,0.75,season,estimado_historico_anterior,894,54
2020,13,sainz_2020_13,Emilia Romagna Grand Prix,sainz,mclaren,55,0.7614915882144634,0,-finish_position,10.0,0.75,season,estimado_historico_anterior,894,54
2020,13,stroll_2020_13,Emilia Romagna Grand Prix,stroll,racing_point,55,-0.29153746171868933,0,-finish_position,10.0,0.75,season,estimado_historico_anterior,894,54
2020,13,vettel_2020_13,Emilia Romagna Grand Prix,vettel,ferrari,55,0.2586191054821001,0,-finish_position,10.0,0.75,season,estimado_historico_anterior,894,54
2020,14,albon_2020_14,Turkish Grand Prix,albon,red_bull,56,-0.5032852096775495,0,-finish_position,10.0,0.75,season,estimado_historico_anterior,909,55
2020,14,bottas_2020_14,Turkish Grand Prix,bottas,mercedes,56,1.6516931457783905,0,-finish_position,10.0,0.75,season,estimado_historico_anterior,909,55
2020,14,gasly_2020_14,Turkish Grand Prix,gasly,alphatauri,56,0.23553892536610552,0,-finish_position,10.0,0.75,season,estimado_historico_anterior,909,55
2020,14,hamilton_2020_14,Turkish Grand Prix,hamilton,mercedes,56,2.5226673679886713,0,-finish_position,10.0,0.75,season,estimado_historico_anterior,909,55
2020,14,kvyat_2020_14,Turkish Grand Prix,kvyat,alphatauri,56,-0.5201727171722108,0,-finish_position,10.0,0.75,season,estimado_historico_anterior,909,55
2020,14,leclerc_2020_14,Turkish Grand Prix,leclerc,ferrari,56,0.8285022422520468,0,-finish_position,10.0,0.75,season,estimado_historico_anterior,909,55
2020,14,max_verstappen_2020_14,Turkish Grand Prix,max_verstappen,red_bull,56,2.7273898826453458,0,-finish_position,10.0,0.75,season,estimado_historico_anterior,909,55
2020,14,norris_2020_14,Turkish Grand Prix,norris,mclaren,56,0.47473484753868117,0,-finish_position,10.0,0.75,season,estimado_historico_anterior,909,55
2020,14,ocon_2020_14,Turkish Grand Prix,ocon,renault,56,0.49828005696065997,0,-finish_position,10.0,0.75,season,estimado_historico_anterior,909,55
2020,14,perez_2020_14,Turkish Grand Prix,perez,racing_point,56,0.41393810780722706,0,-finish_position,10.0,0.75,season,estimado_historico_anterior,909,55
2020,14,raikkonen_2020_14,Turkish Grand Prix,raikkonen,alfa,56,0.696092094391597,0,-finish_position,10.0,0.75,season,estimado_historico_anterior,909,55
2020,14,ricciardo_2020_14,Turkish Grand Prix,ricciardo,renault,56,1.3894088081823621,0,-finish_position,10.0,0.75,season,estimado_historico_anterior,909,55
2020,14,russell_2020_14,Turkish Grand Prix,russell,williams,56,-1.2330996207276907,0,-finish_position,10.0,0.75,season,estimado_historico_anterior,909,55
2020,14,sainz_2020_14,Turkish Grand Prix,sainz,mclaren,56,0.7643585295003327,0,-finish_position,10.0,0.75,season,estimado_historico_anterior,909,55
2020,14,stroll_2020_14,Turkish Grand Prix,stroll,racing_point,56,-0.3952383899841655,0,-finish_position,10.0,0.75,season,estimado_historico_anterior,909,55
2020,14,vettel_2020_14,Turkish Grand Prix,vettel,ferrari,56,0.14812181897959065,0,-finish_position,10.0,0.75,season,estimado_historico_anterior,909,55
2020,15,albon_2020_15,Bahrain Grand Prix,albon,red_bull,57,-0.4987357823820208,0,-finish_position,10.0,0.75,season,estimado_historico_anterior,925,56
2020,15,bottas_2020_15,Bahrain Grand Prix,bottas,mercedes,57,1.4975079501690836,0,-finish_position,10.0,0.75,season,estimado_historico_anterior,925,56
2020,15,gasly_2020_15,Bahrain Grand Prix,gasly,alphatauri,57,0.18432559880291852,0,-finish_position,10.0,0.75,season,estimado_historico_anterior,925,56
2020,15,giovinazzi_2020_15,Bahrain Grand Prix,giovinazzi,alfa,57,-1.0903665849997624,0,-finish_position,10.0,0.75,season,estimado_historico_anterior,925,56
2020,15,hamilton_2020_15,Bahrain Grand Prix,hamilton,mercedes,57,2.6204932100291147,0,-finish_position,10.0,0.75,season,estimado_historico_anterior,925,56
2020,15,kevin_magnussen_2020_15,Bahrain Grand Prix,kevin_magnussen,haas,57,-0.6105116279758431,0,-finish_position,10.0,0.75,season,estimado_historico_anterior,925,56
2020,15,kvyat_2020_15,Bahrain Grand Prix,kvyat,alphatauri,57,-0.5285499260787979,0,-finish_position,10.0,0.75,season,estimado_historico_anterior,925,56
2020,15,latifi_2020_15,Bahrain Grand Prix,latifi,williams,57,-0.9398238550650561,0,-finish_position,10.0,0.75,season,estimado_historico_anterior,925,56
2020,15,leclerc_2020_15,Bahrain Grand Prix,leclerc,ferrari,57,0.8387933602069457,0,-finish_position,10.0,0.75,season,estimado_historico_anterior,925,56
2020,15,max_verstappen_2020_15,Bahrain Grand Prix,max_verstappen,red_bull,57,2.683626012218983,0,-finish_position,10.0,0.75,season,estimado_historico_anterior,925,56
2020,15,norris_2020_15,Bahrain Grand Prix,norris,mclaren,57,0.4720747801949195,0,-finish_position,10.0,0.75,season,estimado_historico_anterior,925,56
2020,15,ocon_2020_15,Bahrain Grand Prix,ocon,renault,57,0.4644726876740192,0,-finish_position,10.0,0.75,season,estimado_historico_anterior,925,56
2020,15,raikkonen_2020_15,Bahrain Grand Prix,raikkonen,alfa,57,0.6401786118917401,0,-finish_position,10.0,0.75,season,estimado_historico_anterior,925,56
2020,15,ricciardo_2020_15,Bahrain Grand Prix,ricciardo,renault,57,1.3856079731979614,0,-finish_position,10.0,0.75,season,estimado_historico_anterior,925,56
2020,15,russell_2020_15,Bahrain Grand Prix,russell,williams,57,-1.2601040907910803,0,-finish_position,10.0,0.75,season,estimado_historico_anterior,925,56
2020,15,sainz_2020_15,Bahrain Grand Prix,sainz,mclaren,57,0.8403820524101601,0,-finish_position,10.0,0.75,season,estimado_historico_anterior,925,56
2020,15,vettel_2020_15,Bahrain Grand Prix,vettel,ferrari,57,0.18130929223692582,0,-finish_position,10.0,0.75,season,estimado_historico_anterior,925,56
2020,16,aitken_2020_16,Sakhir Grand Prix,aitken,williams,58,0.0,1,-finish_position,10.0,0.75,season,estimado_historico_anterior,942,57
2020,16,albon_2020_16,Sakhir Grand Prix,albon,red_bull,58,-0.4054308084701678,0,-finish_position,10.0,0.75,season,estimado_historico_anterior,942,57
2020,16,bottas_2020_16,Sakhir Grand Prix,bottas,mercedes,58,1.4300465732868286,0,-finish_position,10.0,0.75,season,estimado_historico_anterior,942,57
2020,16,gasly_2020_16,Sakhir Grand Prix,gasly,alphatauri,58,0.2418801432514674,0,-finish_position,10.0,0.75,season,estimado_historico_anterior,942,57
2020,16,giovinazzi_2020_16,Sakhir Grand Prix,giovinazzi,alfa,58,-1.0995996664017722,0,-finish_position,10.0,0.75,season,estimado_historico_anterior,942,57
2020,16,kevin_magnussen_2020_16,Sakhir Grand Prix,kevin_magnussen,haas,58,-0.6938032367791477,0,-finish_position,10.0,0.75,season,estimado_historico_anterior,942,57
2020,16,kvyat_2020_16,Sakhir Grand Prix,kvyat,alphatauri,58,-0.5695071407460872,0,-finish_position,10.0,0.75,season,estimado_historico_anterior,942,57
2020,16,norris_2020_16,Sakhir Grand Prix,norris,mclaren,58,0.5505310240715132,0,-finish_position,10.0,0.75,season,estimado_historico_anterior,942,57
2020,16,ocon_2020_16,Sakhir Grand Prix,ocon,renault,58,0.4658808433914702,0,-finish_position,10.0,0.75,season,estimado_historico_anterior,942,57
2020,16,perez_2020_16,Sakhir Grand Prix,perez,racing_point,58,0.521608798528827,0,-finish_position,10.0,0.75,season,estimado_historico_anterior,942,57
2020,16,pietro_fittipaldi_2020_16,Sakhir Grand Prix,pietro_fittipaldi,haas,58,0.0,1,-finish_position,10.0,0.75,season,estimado_historico_anterior,942,57
2020,16,raikkonen_2020_16,Sakhir Grand Prix,raikkonen,alfa,58,0.6409008958013053,0,-finish_position,10.0,0.75,season,estimado_historico_anterior,942,57
2020,16,ricciardo_2020_16,Sakhir Grand Prix,ricciardo,renault,58,1.4010591650381896,0,-finish_position,10.0,0.75,season,estimado_historico_anterior,942,57
2020,16,russell_2020_16,Sakhir Grand Prix,russell,mercedes,58,-1.1955318911561579,0,-finish_position,10.0,0.75,season,estimado_historico_anterior,942,57
2020,16,sainz_2020_16,Sakhir Grand Prix,sainz,mclaren,58,0.8697146837565588,0,-finish_position,10.0,0.75,season,estimado_historico_anterior,942,57
2020,16,stroll_2020_16,Sakhir Grand Prix,stroll,racing_point,58,-0.43015564996413963,0,-finish_position,10.0,0.75,season,estimado_historico_anterior,942,57
2020,16,vettel_2020_16,Sakhir Grand Prix,vettel,ferrari,58,0.10337556060346854,0,-finish_position,10.0,0.75,season,estimado_historico_anterior,942,57
2020,17,albon_2020_17,Abu Dhabi Grand Prix,albon,red_bull,59,-0.3785263311179415,0,-finish_position,10.0,0.75,season,estimado_historico_anterior,959,58
2020,17,bottas_2020_17,Abu Dhabi Grand Prix,bottas,mercedes,59,1.4499719199955512,0,-finish_position,10.0,0.75,season,estimado_historico_anterior,959,58
2020,17,gasly_2020_17,Abu Dhabi Grand Prix,gasly,alphatauri,59,0.20452057759177936,0,-finish_position,10.0,0.75,season,estimado_historico_anterior,959,58
2020,17,giovinazzi_2020_17,Abu Dhabi Grand Prix,giovinazzi,alfa,59,-1.0589517238608428,0,-finish_position,10.0,0.75,season,estimado_historico_anterior,959,58
2020,17,hamilton_2020_17,Abu Dhabi Grand Prix,hamilton,mercedes,59,2.772814540028916,0,-finish_position,10.0,0.75,season,estimado_historico_anterior,959,58
2020,17,kevin_magnussen_2020_17,Abu Dhabi Grand Prix,kevin_magnussen,haas,59,-0.5864059726564317,0,-finish_position,10.0,0.75,season,estimado_historico_anterior,959,58
2020,17,kvyat_2020_17,Abu Dhabi Grand Prix,kvyat,alphatauri,59,-0.4855583637971055,0,-finish_position,10.0,0.75,season,estimado_historico_anterior,959,58
2020,17,latifi_2020_17,Abu Dhabi Grand Prix,latifi,williams,59,-0.9092868710474629,0,-finish_position,10.0,0.75,season,estimado_historico_anterior,959,58
2020,17,leclerc_2020_17,Abu Dhabi Grand Prix,leclerc,ferrari,59,0.8029093072773508,0,-finish_position,10.0,0.75,season,estimado_historico_anterior,959,58
2020,17,max_verstappen_2020_17,Abu Dhabi Grand Prix,max_verstappen,red_bull,59,2.6879620220322837,0,-finish_position,10.0,0.75,season,estimado_historico_anterior,959,58
2020,17,norris_2020_17,Abu Dhabi Grand Prix,norris,mclaren,59,0.4739775053100062,0,-finish_position,10.0,0.75,season,estimado_historico_anterior,959,58
2020,17,ocon_2020_17,Abu Dhabi Grand Prix,ocon,renault,59,0.6883381142621201,0,-finish_position,10.0,0.75,season,estimado_historico_anterior,959,58
2020,17,pietro_fittipaldi_2020_17,Abu Dhabi Grand Prix,pietro_fittipaldi,haas,59,-0.48733952920019064,0,-finish_position,10.0,0.75,season,estimado_historico_anterior,959,58
2020,17,raikkonen_2020_17,Abu Dhabi Grand Prix,raikkonen,alfa,59,0.6251299049048697,0,-finish_position,10.0,0.75,season,estimado_historico_anterior,959,58
2020,17,ricciardo_2020_17,Abu Dhabi Grand Prix,ricciardo,renault,59,1.4096120276039075,0,-finish_position,10.0,0.75,season,estimado_historico_anterior,959,58
2020,17,russell_2020_17,Abu Dhabi Grand Prix,russell,williams,59,-1.2369506018955396,0,-finish_position,10.0,0.75,season,estimado_historico_anterior,959,58
2020,17,sainz_2020_17,Abu Dhabi Grand Prix,sainz,mclaren,59,0.9087445498332121,0,-finish_position,10.0,0.75,season,estimado_historico_anterior,959,58
2020,17,stroll_2020_17,Abu Dhabi Grand Prix,stroll,racing_point,59,-0.3569918751632914,0,-finish_position,10.0,0.75,season,estimado_historico_anterior,959,58
2020,17,vettel_2020_17,Abu Dhabi Grand Prix,vettel,ferrari,59,0.009683999479511098,0,-finish_position,10.0,0.75,season,estimado_historico_anterior,959,58
2021,1,bottas_2021_1,Bahrain Grand Prix,bottas,mercedes,60,1.4474730771431463,0,-finish_position,10.0,0.75,season,estimado_historico_anterior,978,59
2021,1,giovinazzi_2021_1,Bahrain Grand Prix,giovinazzi,alfa,60,-1.1318672281304394,0,-finish_position,10.0,0.75,season,estimado_historico_anterior,978,59
2021,1,hamilton_2021_1,Bahrain Grand Prix,hamilton,mercedes,60,2.6534437969306617,0,-finish_position,10.0,0.75,season,estimado_historico_anterior,978,59
2021,1,leclerc_2021_1,Bahrain Grand Prix,leclerc,ferrari,60,0.7402275648817322,0,-finish_position,10.0,0.75,season,estimado_historico_anterior,978,59
2021,1,max_verstappen_2021_1,Bahrain Grand Prix,max_verstappen,red_bull,60,2.5705478019756796,0,-finish_position,10.0,0.75,season,estimado_historico_anterior,978,59
2021,1,mick_schumacher_2021_1,Bahrain Grand Prix,mick_schumacher,haas,60,0.0,1,-finish_position,10.0,0.75,season,estimado_historico_anterior,978,59
2021,1,norris_2021_1,Bahrain Grand Prix,norris,mclaren,60,0.5068272888301261,0,-finish_position,10.0,0.75,season,estimado_historico_anterior,978,59
2021,1,ocon_2021_1,Bahrain Grand Prix,ocon,alpine,60,0.5588100203723568,0,-finish_position,10.0,0.75,season,estimado_historico_anterior,978,59
2021,1,perez_2021_1,Bahrain Grand Prix,perez,red_bull,60,0.5660474389009641,0,-finish_position,10.0,0.75,season,estimado_historico_anterior,978,59
2021,1,raikkonen_2021_1,Bahrain Grand Prix,raikkonen,alfa,60,0.5566251752789546,0,-finish_position,10.0,0.75,season,estimado_historico_anterior,978,59
2021,1,ricciardo_2021_1,Bahrain Grand Prix,ricciardo,mclaren,60,1.283232508221645,0,-finish_position,10.0,0.75,season,estimado_historico_anterior,978,59
2021,1,russell_2021_1,Bahrain Grand Prix,russell,williams,60,-1.188628676632769,0,-finish_position,10.0,0.75,season,estimado_historico_anterior,978,59
2021,1,sainz_2021_1,Bahrain Grand Prix,sainz,ferrari,60,0.8594688873695561,0,-finish_position,10.0,0.75,season,estimado_historico_anterior,978,59
2021,1,stroll_2021_1,Bahrain Grand Prix,stroll,aston_martin,60,-0.3550828109648178,0,-finish_position,10.0,0.75,season,estimado_historico_anterior,978,59
2021,1,tsunoda_2021_1,Bahrain Grand Prix,tsunoda,alphatauri,60,0.0,1,-finish_position,10.0,0.75,season,estimado_historico_anterior,978,59
2021,1,vettel_2021_1,Bahrain Grand Prix,vettel,aston_martin,60,0.09355166853144825,0,-finish_position,10.0,0.75,season,estimado_historico_anterior,978,59
2021,2,alonso_2021_2,Emilia Romagna Grand Prix,alonso,alpine,61,-0.15307144753450486,0,-finish_position,10.0,0.75,season,estimado_historico_anterior,994,60
2021,2,gasly_2021_2,Emilia Romagna Grand Prix,gasly,alphatauri,61,0.22729684423254845,0,-finish_position,10.0,0.75,season,estimado_historico_anterior,994,60
2021,2,giovinazzi_2021_2,Emilia Romagna Grand Prix,giovinazzi,alfa,61,-1.090411722021124,0,-finish_position,10.0,0.75,season,estimado_historico_anterior,994,60
2021,2,hamilton_2021_2,Emilia Romagna Grand Prix,hamilton,mercedes,61,2.7019469769943663,0,-finish_position,10.0,0.75,season,estimado_historico_anterior,994,60
2021,2,leclerc_2021_2,Emilia Romagna Grand Prix,leclerc,ferrari,61,0.735932863691395,0,-finish_position,10.0,0.75,season,estimado_historico_anterior,994,60
2021,2,max_verstappen_2021_2,Emilia Romagna Grand Prix,max_verstappen,red_bull,61,2.6142142712196335,0,-finish_position,10.0,0.75,season,estimado_historico_anterior,994,60
2021,2,mazepin_2021_2,Emilia Romagna Grand Prix,mazepin,haas,61,0.0,1,-finish_position,10.0,0.75,season,estimado_historico_anterior,994,60
2021,2,mick_schumacher_2021_2,Emilia Romagna Grand Prix,mick_schumacher,haas,61,-0.36954847543027425,0,-finish_position,10.0,0.75,season,estimado_historico_anterior,994,60
2021,2,norris_2021_2,Emilia Romagna Grand Prix,norris,mclaren,61,0.5982705747443776,0,-finish_position,10.0,0.75,season,estimado_historico_anterior,994,60
2021,2,ocon_2021_2,Emilia Romagna Grand Prix,ocon,alpine,61,0.42014571063639455,0,-finish_position,10.0,0.75,season,estimado_historico_anterior,994,60
2021,2,perez_2021_2,Emilia Romagna Grand Prix,perez,red_bull,61,0.6264489725059292,0,-finish_position,10.0,0.75,season,estimado_historico_anterior,994,60
2021,2,raikkonen_2021_2,Emilia Romagna Grand Prix,raikkonen,alfa,61,0.571716940247401,0,-finish_position,10.0,0.75,season,estimado_historico_anterior,994,60
2021,2,ricciardo_2021_2,Emilia Romagna Grand Prix,ricciardo,mclaren,61,1.283720529723574,0,-finish_position,10.0,0.75,season,estimado_historico_anterior,994,60
2021,2,sainz_2021_2,Emilia Romagna Grand Prix,sainz,ferrari,61,0.7553088559861711,0,-finish_position,10.0,0.75,season,estimado_historico_anterior,994,60
2021,2,stroll_2021_2,Emilia Romagna Grand Prix,stroll,aston_martin,61,-0.31207832539069347,0,-finish_position,10.0,0.75,season,estimado_historico_anterior,994,60
2021,2,tsunoda_2021_2,Emilia Romagna Grand Prix,tsunoda,alphatauri,61,0.035485726686906714,0,-finish_position,10.0,0.75,season,estimado_historico_anterior,994,60
2021,3,alonso_2021_3,Portuguese Grand Prix,alonso,alpine,62,-0.17311395967567123,0,-finish_position,10.0,0.75,season,estimado_historico_anterior,1010,61
2021,3,bottas_2021_3,Portuguese Grand Prix,bottas,mercedes,62,1.477047755494735,0,-finish_position,10.0,0.75,season,estimado_historico_anterior,1010,61
2021,3,gasly_2021_3,Portuguese Grand Prix,gasly,alphatauri,62,0.33520867596519827,0,-finish_position,10.0,0.75,season,estimado_historico_anterior,1010,61
2021,3,giovinazzi_2021_3,Portuguese Grand Prix,giovinazzi,alfa,62,-1.0953057996651339,0,-finish_position,10.0,0.75,season,estimado_historico_anterior,1010,61
2021,3,hamilton_2021_3,Portuguese Grand Prix,hamilton,mercedes,62,2.7199303832812354,0,-finish_position,10.0,0.75,season,estimado_historico_anterior,1010,61
2021,3,latifi_2021_3,Portuguese Grand Prix,latifi,williams,62,-0.9116179354017319,0,-finish_position,10.0,0.75,season,estimado_historico_anterior,1010,61
2021,3,leclerc_2021_3,Portuguese Grand Prix,leclerc,ferrari,62,0.7588578528266476,0,-finish_position,10.0,0.75,season,estimado_historico_anterior,1010,61
2021,3,max_verstappen_2021_3,Portuguese Grand Prix,max_verstappen,red_bull,62,2.792747930295615,0,-finish_position,10.0,0.75,season,estimado_historico_anterior,1010,61
2021,3,mazepin_2021_3,Portuguese Grand Prix,mazepin,haas,62,-0.4345075022441358,0,-finish_position,10.0,0.75,season,estimado_historico_anterior,1010,61
2021,3,mick_schumacher_2021_3,Portuguese Grand Prix,mick_schumacher,haas,62,-0.6320584987907648,0,-finish_position,10.0,0.75,season,estimado_historico_anterior,1010,61
2021,3,norris_2021_3,Portuguese Grand Prix,norris,mclaren,62,0.7142211170118146,0,-finish_position,10.0,0.75,season,estimado_historico_anterior,1010,61
2021,3,ocon_2021_3,Portuguese Grand Prix,ocon,alpine,62,0.4381909697434699,0,-finish_position,10.0,0.75,season,estimado_historico_anterior,1010,61
2021,3,perez_2021_3,Portuguese Grand Prix,perez,red_bull,62,0.4808785787166564,0,-finish_position,10.0,0.75,season,estimado_historico_anterior,1010,61
2021,3,ricciardo_2021_3,Portuguese Grand Prix,ricciardo,mclaren,62,1.358424124935625,0,-finish_position,10.0,0.75,season,estimado_historico_anterior,1010,61
2021,3,russell_2021_3,Portuguese Grand Prix,russell,williams,62,-1.1416794435358648,0,-finish_position,10.0,0.75,season,estimado_historico_anterior,1010,61
2021,3,sainz_2021_3,Portuguese Grand Prix,sainz,ferrari,62,0.7428627228741761,0,-finish_position,10.0,0.75,season,estimado_historico_anterior,1010,61
2021,3,stroll_2021_3,Portuguese Grand Prix,stroll,aston_martin,62,-0.27796805503152244,0,-finish_position,10.0,0.75,season,estimado_historico_anterior,1010,61
2021,3,tsunoda_2021_3,Portuguese Grand Prix,tsunoda,alphatauri,62,-0.17585037402754455,0,-finish_position,10.0,0.75,season,estimado_historico_anterior,1010,61
2021,3,vettel_2021_3,Portuguese Grand Prix,vettel,aston_martin,62,-0.06946234406663017,0,-finish_position,10.0,0.75,season,estimado_historico_anterior,1010,61
2021,4,alonso_2021_4,Spanish Grand Prix,alonso,alpine,63,-0.0850618697436883,0,-finish_position,10.0,0.75,season,estimado_historico_anterior,1029,62
2021,4,bottas_2021_4,Spanish Grand Prix,bottas,mercedes,63,1.5079541580869211,0,-finish_position,10.0,0.75,season,estimado_historico_anterior,1029,62
2021,4,gasly_2021_4,Spanish Grand Prix,gasly,alphatauri,63,0.391332345051313,0,-finish_position,10.0,0.75,season,estimado_historico_anterior,1029,62
2021,4,giovinazzi_2021_4,Spanish Grand Prix,giovinazzi,alfa,63,-1.0353955354486817,0,-finish_position,10.0,0.75,season,estimado_historico_anterior,1029,62
2021,4,hamilton_2021_4,Spanish Grand Prix,hamilton,mercedes,63,2.7663090858348744,0,-finish_position,10.0,0.75,season,estimado_historico_anterior,1029,62
2021,4,latifi_2021_4,Spanish Grand Prix,latifi,williams,63,-1.0363844305279808,0,-finish_position,10.0,0.75,season,estimado_historico_anterior,1029,62
2021,4,leclerc_2021_4,Spanish Grand Prix,leclerc,ferrari,63,0.8375635500078789,0,-finish_position,10.0,0.75,season,estimado_historico_anterior,1029,62
2021,4,max_verstappen_2021_4,Spanish Grand Prix,max_verstappen,red_bull,63,2.8154781024658515,0,-finish_position,10.0,0.75,season,estimado_historico_anterior,1029,62
2021,4,mazepin_2021_4,Spanish Grand Prix,mazepin,haas,63,-0.9117352614073156,0,-finish_position,10.0,0.75,season,estimado_historico_anterior,1029,62
2021,4,mick_schumacher_2021_4,Spanish Grand Prix,mick_schumacher,haas,63,-0.8785343847454217,0,-finish_position,10.0,0.75,season,estimado_historico_anterior,1029,62
2021,4,norris_2021_4,Spanish Grand Prix,norris,mclaren,63,0.7954926331722934,0,-finish_position,10.0,0.75,season,estimado_historico_anterior,1029,62
2021,4,ocon_2021_4,Spanish Grand Prix,ocon,alpine,63,0.516277696618304,0,-finish_position,10.0,0.75,season,estimado_historico_anterior,1029,62
2021,4,perez_2021_4,Spanish Grand Prix,perez,red_bull,63,0.5726805310593891,0,-finish_position,10.0,0.75,season,estimado_historico_anterior,1029,62
2021,4,raikkonen_2021_4,Spanish Grand Prix,raikkonen,alfa,63,0.5913892650556404,0,-finish_position,10.0,0.75,season,estimado_historico_anterior,1029,62
2021,4,ricciardo_2021_4,Spanish Grand Prix,ricciardo,mclaren,63,1.3081583043096872,0,-finish_position,10.0,0.75,season,estimado_historico_anterior,1029,62
2021,4,russell_2021_4,Spanish Grand Prix,russell,williams,63,-1.1345719616154113,0,-finish_position,10.0,0.75,season,estimado_historico_anterior,1029,62
2021,4,sainz_2021_4,Spanish Grand Prix,sainz,ferrari,63,0.6132661839877944,0,-finish_position,10.0,0.75,season,estimado_historico_anterior,1029,62
2021,4,stroll_2021_4,Spanish Grand Prix,stroll,aston_martin,63,-0.3028400410091822,0,-finish_position,10.0,0.75,season,estimado_historico_anterior,1029,62
2021,4,vettel_2021_4,Spanish Grand Prix,vettel,aston_martin,63,-0.02355214573175879,0,-finish_position,10.0,0.75,season,estimado_historico_anterior,1029,62
2021,5,alonso_2021_5,Monaco Grand Prix,alonso,alpine,64,-0.42462119102214535,0,-finish_position,10.0,0.75,season,estimado_historico_anterior,1048,63
2021,5,gasly_2021_5,Monaco Grand Prix,gasly,alphatauri,64,0.4019273776964426,0,-finish_position,10.0,0.75,season,estimado_historico_anterior,1048,63
2021,5,giovinazzi_2021_5,Monaco Grand Prix,giovinazzi,alfa,64,-1.045390893026336,0,-finish_position,10.0,0.75,season,estimado_historico_anterior,1048,63
2021,5,hamilton_2021_5,Monaco Grand Prix,hamilton,mercedes,64,2.8146538323985384,0,-finish_position,10.0,0.75,season,estimado_historico_anterior,1048,63
2021,5,latifi_2021_5,Monaco Grand Prix,latifi,williams,64,-1.069640592365874,0,-finish_position,10.0,0.75,season,estimado_historico_anterior,1048,63
2021,5,max_verstappen_2021_5,Monaco Grand Prix,max_verstappen,red_bull,64,2.8632008765522774,0,-finish_position,10.0,0.75,season,estimado_historico_anterior,1048,63
2021,5,mazepin_2021_5,Monaco Grand Prix,mazepin,haas,64,-1.2755077525727416,0,-finish_position,10.0,0.75,season,estimado_historico_anterior,1048,63
2021,5,mick_schumacher_2021_5,Monaco Grand Prix,mick_schumacher,haas,64,-1.126166729800564,0,-finish_position,10.0,0.75,season,estimado_historico_anterior,1048,63
2021,5,norris_2021_5,Monaco Grand Prix,norris,mclaren,64,0.7528037814445063,0,-finish_position,10.0,0.75,season,estimado_historico_anterior,1048,63
2021,5,ocon_2021_5,Monaco Grand Prix,ocon,alpine,64,0.6137337390746579,0,-finish_position,10.0,0.75,season,estimado_historico_anterior,1048,63
2021,5,perez_2021_5,Monaco Grand Prix,perez,red_bull,64,0.6515997664610675,0,-finish_position,10.0,0.75,season,estimado_historico_anterior,1048,63
2021,5,raikkonen_2021_5,Monaco Grand Prix,raikkonen,alfa,64,0.6174099160192424,0,-finish_position,10.0,0.75,season,estimado_historico_anterior,1048,63
2021,5,ricciardo_2021_5,Monaco Grand Prix,ricciardo,mclaren,64,1.3644496930223373,0,-finish_position,10.0,0.75,season,estimado_historico_anterior,1048,63
2021,5,russell_2021_5,Monaco Grand Prix,russell,williams,64,-1.082133365235416,0,-finish_position,10.0,0.75,season,estimado_historico_anterior,1048,63
2021,5,sainz_2021_5,Monaco Grand Prix,sainz,ferrari,64,0.5688326318956635,0,-finish_position,10.0,0.75,season,estimado_historico_anterior,1048,63
2021,5,stroll_2021_5,Monaco Grand Prix,stroll,aston_martin,64,-0.24739614953656566,0,-finish_position,10.0,0.75,season,estimado_historico_anterior,1048,63
2021,5,tsunoda_2021_5,Monaco Grand Prix,tsunoda,alphatauri,64,-0.5275974328017992,0,-finish_position,10.0,0.75,season,estimado_historico_anterior,1048,63
2021,5,vettel_2021_5,Monaco Grand Prix,vettel,aston_martin,64,-0.06438526137787473,0,-finish_position,10.0,0.75,season,estimado_historico_anterior,1048,63
2021,6,alonso_2021_6,Azerbaijan Grand Prix,alonso,alpine,65,-0.5065619236028829,0,-finish_position,10.0,0.75,season,estimado_historico_anterior,1066,64
2021,6,bottas_2021_6,Azerbaijan Grand Prix,bottas,mercedes,65,1.5682369413280148,0,-finish_position,10.0,0.75,season,estimado_historico_anterior,1066,64
2021,6,gasly_2021_6,Azerbaijan Grand Prix,gasly,alphatauri,65,0.5082843754226619,0,-finish_position,10.0,0.75,season,estimado_historico_anterior,1066,64
2021,6,giovinazzi_2021_6,Azerbaijan Grand Prix,giovinazzi,alfa,65,-0.9883990567152501,0,-finish_position,10.0,0.75,season,estimado_historico_anterior,1066,64
2021,6,hamilton_2021_6,Azerbaijan Grand Prix,hamilton,mercedes,65,2.7519871132246934,0,-finish_position,10.0,0.75,season,estimado_historico_anterior,1066,64
2021,6,latifi_2021_6,Azerbaijan Grand Prix,latifi,williams,65,-1.0757219696963618,0,-finish_position,10.0,0.75,season,estimado_historico_anterior,1066,64
2021,6,leclerc_2021_6,Azerbaijan Grand Prix,leclerc,ferrari,65,0.8804623352673229,0,-finish_position,10.0,0.75,season,estimado_historico_anterior,1066,64
2021,6,mazepin_2021_6,Azerbaijan Grand Prix,mazepin,haas,65,-1.4404908467625375,0,-finish_position,10.0,0.75,season,estimado_historico_anterior,1066,64
2021,6,mick_schumacher_2021_6,Azerbaijan Grand Prix,mick_schumacher,haas,65,-1.3464626990420139,0,-finish_position,10.0,0.75,season,estimado_historico_anterior,1066,64
2021,6,norris_2021_6,Azerbaijan Grand Prix,norris,mclaren,65,0.9587704686697517,0,-finish_position,10.0,0.75,season,estimado_historico_anterior,1066,64
2021,6,perez_2021_6,Azerbaijan Grand Prix,perez,red_bull,65,0.7169363989053794,0,-finish_position,10.0,0.75,season,estimado_historico_anterior,1066,64
2021,6,raikkonen_2021_6,Azerbaijan Grand Prix,raikkonen,alfa,65,0.6003270466391964,0,-finish_position,10.0,0.75,season,estimado_historico_anterior,1066,64
2021,6,ricciardo_2021_6,Azerbaijan Grand Prix,ricciardo,mclaren,65,1.2445645333729443,0,-finish_position,10.0,0.75,season,estimado_historico_anterior,1066,64
2021,6,sainz_2021_6,Azerbaijan Grand Prix,sainz,ferrari,65,0.6975540217989473,0,-finish_position,10.0,0.75,season,estimado_historico_anterior,1066,64
2021,6,tsunoda_2021_6,Azerbaijan Grand Prix,tsunoda,alphatauri,65,-0.9188802625148824,0,-finish_position,10.0,0.75,season,estimado_historico_anterior,1066,64
2021,6,vettel_2021_6,Azerbaijan Grand Prix,vettel,aston_martin,65,0.013603749032977135,0,-finish_position,10.0,0.75,season,estimado_historico_anterior,1066,64
2021,7,alonso_2021_7,French Grand Prix,alonso,alpine,66,-0.3392919400025228,0,-finish_position,10.0,0.75,season,estimado_historico_anterior,1082,65
2021,7,bottas_2021_7,French Grand Prix,bottas,mercedes,66,1.4963974700705178,0,-finish_position,10.0,0.75,season,estimado_historico_anterior,1082,65
2021,7,gasly_2021_7,French Grand Prix,gasly,alphatauri,66,0.5333462589859828,0,-finish_position,10.0,0.75,season,estimado_historico_anterior,1082,65
2021,7,giovinazzi_2021_7,French Grand Prix,giovinazzi,alfa,66,-0.9670743529363957,0,-finish_position,10.0,0.75,season,estimado_historico_anterior,1082,65
2021,7,hamilton_2021_7,French Grand Prix,hamilton,mercedes,66,2.60877569710463,0,-finish_position,10.0,0.75,season,estimado_historico_anterior,1082,65
2021,7,latifi_2021_7,French Grand Prix,latifi,williams,66,-1.1305594348240813,0,-finish_position,10.0,0.75,season,estimado_historico_anterior,1082,65
2021,7,leclerc_2021_7,French Grand Prix,leclerc,ferrari,66,0.987437005459117,0,-finish_position,10.0,0.75,season,estimado_historico_anterior,1082,65
2021,7,max_verstappen_2021_7,French Grand Prix,max_verstappen,red_bull,66,2.7895289123095326,0,-finish_position,10.0,0.75,season,estimado_historico_anterior,1082,65
2021,7,mazepin_2021_7,French Grand Prix,mazepin,haas,66,-1.4316214539150742,0,-finish_position,10.0,0.75,season,estimado_historico_anterior,1082,65
2021,7,mick_schumacher_2021_7,French Grand Prix,mick_schumacher,haas,66,-1.2850124375552285,0,-finish_position,10.0,0.75,season,estimado_historico_anterior,1082,65
2021,7,norris_2021_7,French Grand Prix,norris,mclaren,66,1.0286662843475198,0,-finish_position,10.0,0.75,season,estimado_historico_anterior,1082,65
2021,7,ocon_2021_7,French Grand Prix,ocon,alpine,66,0.5836020285116007,0,-finish_position,10.0,0.75,season,estimado_historico_anterior,1082,65
2021,7,perez_2021_7,French Grand Prix,perez,red_bull,66,0.8121763389572214,0,-finish_position,10.0,0.75,season,estimado_historico_anterior,1082,65
2021,7,raikkonen_2021_7,French Grand Prix,raikkonen,alfa,66,0.6219921488696838,0,-finish_position,10.0,0.75,season,estimado_historico_anterior,1082,65
2021,7,ricciardo_2021_7,French Grand Prix,ricciardo,mclaren,66,1.1621617541348503,0,-finish_position,10.0,0.75,season,estimado_historico_anterior,1082,65
2021,7,russell_2021_7,French Grand Prix,russell,williams,66,-1.060965174274845,0,-finish_position,10.0,0.75,season,estimado_historico_anterior,1082,65
2021,7,sainz_2021_7,French Grand Prix,sainz,ferrari,66,0.6467827578253403,0,-finish_position,10.0,0.75,season,estimado_historico_anterior,1082,65
2021,7,stroll_2021_7,French Grand Prix,stroll,aston_martin,66,-0.259711183691185,0,-finish_position,10.0,0.75,season,estimado_historico_anterior,1082,65
2021,7,tsunoda_2021_7,French Grand Prix,tsunoda,alphatauri,66,-0.7571004584189137,0,-finish_position,10.0,0.75,season,estimado_historico_anterior,1082,65
2021,7,vettel_2021_7,French Grand Prix,vettel,aston_martin,66,0.22528747170485122,0,-finish_position,10.0,0.75,season,estimado_historico_anterior,1082,65
2021,8,alonso_2021_8,Styrian Grand Prix,alonso,alpine,67,-0.2109640005265537,0,-finish_position,10.0,0.75,season,estimado_historico_anterior,1102,66
2021,8,bottas_2021_8,Styrian Grand Prix,bottas,mercedes,67,1.511442738046702,0,-finish_position,10.0,0.75,season,estimado_historico_anterior,1102,66
2021,8,giovinazzi_2021_8,Styrian Grand Prix,giovinazzi,alfa,67,-0.9122867468728426,0,-finish_position,10.0,0.75,season,estimado_historico_anterior,1102,66
2021,8,hamilton_2021_8,Styrian Grand Prix,hamilton,mercedes,67,2.6415666638997,0,-finish_position,10.0,0.75,season,estimado_historico_anterior,1102,66
2021,8,latifi_2021_8,Styrian Grand Prix,latifi,williams,67,-1.2352427393340564,0,-finish_position,10.0,0.75,season,estimado_historico_anterior,1102,66
2021,8,leclerc_2021_8,Styrian Grand Prix,leclerc,ferrari,67,0.8685774489463902,0,-finish_position,10.0,0.75,season,estimado_historico_anterior,1102,66
2021,8,max_verstappen_2021_8,Styrian Grand Prix,max_verstappen,red_bull,67,2.823636924742783,0,-finish_position,10.0,0.75,season,estimado_historico_anterior,1102,66
2021,8,mazepin_2021_8,Styrian Grand Prix,mazepin,haas,67,-1.7076814482407572,0,-finish_position,10.0,0.75,season,estimado_historico_anterior,1102,66
2021,8,mick_schumacher_2021_8,Styrian Grand Prix,mick_schumacher,haas,67,-1.482892582309328,0,-finish_position,10.0,0.75,season,estimado_historico_anterior,1102,66
2021,8,norris_2021_8,Styrian Grand Prix,norris,mclaren,67,1.058992616047438,0,-finish_position,10.0,0.75,season,estimado_historico_anterior,1102,66
2021,8,ocon_2021_8,Styrian Grand Prix,ocon,alpine,67,0.4605666738909278,0,-finish_position,10.0,0.75,season,estimado_historico_anterior,1102,66
2021,8,perez_2021_8,Styrian Grand Prix,perez,red_bull,67,0.8961041844076166,0,-finish_position,10.0,0.75,season,estimado_historico_anterior,1102,66
2021,8,raikkonen_2021_8,Styrian Grand Prix,raikkonen,alfa,67,0.6237606420186698,0,-finish_position,10.0,0.75,season,estimado_historico_anterior,1102,66
2021,8,ricciardo_2021_8,Styrian Grand Prix,ricciardo,mclaren,67,1.17497051559236,0,-finish_position,10.0,0.75,season,estimado_historico_anterior,1102,66
2021,8,sainz_2021_8,Styrian Grand Prix,sainz,ferrari,67,0.5372662642465382,0,-finish_position,10.0,0.75,season,estimado_historico_anterior,1102,66
2021,8,stroll_2021_8,Styrian Grand Prix,stroll,aston_martin,67,-0.22044012699389054,0,-finish_position,10.0,0.75,season,estimado_historico_anterior,1102,66
2021,8,tsunoda_2021_8,Styrian Grand Prix,tsunoda,alphatauri,67,-0.9124765424538928,0,-finish_position,10.0,0.75,season,estimado_historico_anterior,1102,66
2021,8,vettel_2021_8,Styrian Grand Prix,vettel,aston_martin,67,0.380013342490659,0,-finish_position,10.0,0.75,season,estimado_historico_anterior,1102,66
2021,9,alonso_2021_9,Austrian Grand Prix,alonso,alpine,68,-0.0892138098150658,0,-finish_position,10.0,0.75,season,estimado_historico_anterior,1120,67
2021,9,bottas_2021_9,Austrian Grand Prix,bottas,mercedes,68,1.5293440627161157,0,-finish_position,10.0,0.75,season,estimado_historico_anterior,1120,67
2021,9,gasly_2021_9,Austrian Grand Prix,gasly,alphatauri,68,0.5856432065187211,0,-finish_position,10.0,0.75,season,estimado_historico_anterior,1120,67
2021,9,giovinazzi_2021_9,Austrian Grand Prix,giovinazzi,alfa,68,-0.9510249231778509,0,-finish_position,10.0,0.75,season,estimado_historico_anterior,1120,67
2021,9,hamilton_2021_9,Austrian Grand Prix,hamilton,mercedes,68,2.654937907650747,0,-finish_position,10.0,0.75,season,estimado_historico_anterior,1120,67
2021,9,latifi_2021_9,Austrian Grand Prix,latifi,williams,68,-1.2873718733443869,0,-finish_position,10.0,0.75,season,estimado_historico_anterior,1120,67
2021,9,leclerc_2021_9,Austrian Grand Prix,leclerc,ferrari,68,0.8329881007862813,0,-finish_position,10.0,0.75,season,estimado_historico_anterior,1120,67
2021,9,max_verstappen_2021_9,Austrian Grand Prix,max_verstappen,red_bull,68,2.8407424986223546,0,-finish_position,10.0,0.75,season,estimado_historico_anterior,1120,67
2021,9,mazepin_2021_9,Austrian Grand Prix,mazepin,haas,68,-1.8604036499030223,0,-finish_position,10.0,0.75,season,estimado_historico_anterior,1120,67
2021,9,mick_schumacher_2021_9,Austrian Grand Prix,mick_schumacher,haas,68,-1.5242249459130568,0,-finish_position,10.0,0.75,season,estimado_historico_anterior,1120,67
2021,9,norris_2021_9,Austrian Grand Prix,norris,mclaren,68,1.196128938300092,0,-finish_position,10.0,0.75,season,estimado_historico_anterior,1120,67
2021,9,perez_2021_9,Austrian Grand Prix,perez,red_bull,68,0.9417512264912485,0,-finish_position,10.0,0.75,season,estimado_historico_anterior,1120,67
2021,9,raikkonen_2021_9,Austrian Grand Prix,raikkonen,alfa,68,0.6410266386510719,0,-finish_position,10.0,0.75,season,estimado_historico_anterior,1120,67
2021,9,ricciardo_2021_9,Austrian Grand Prix,ricciardo,mclaren,68,1.0291630907985254,0,-finish_position,10.0,0.75,season,estimado_historico_anterior,1120,67
2021,9,russell_2021_9,Austrian Grand Prix,russell,williams,68,-0.9354934693474019,0,-finish_position,10.0,0.75,season,estimado_historico_anterior,1120,67
2021,9,sainz_2021_9,Austrian Grand Prix,sainz,ferrari,68,0.5684034937096739,0,-finish_position,10.0,0.75,season,estimado_historico_anterior,1120,67
2021,9,stroll_2021_9,Austrian Grand Prix,stroll,aston_martin,68,-0.13882132341171355,0,-finish_position,10.0,0.75,season,estimado_historico_anterior,1120,67
2021,9,tsunoda_2021_9,Austrian Grand Prix,tsunoda,alphatauri,68,-0.8876026008780707,0,-finish_position,10.0,0.75,season,estimado_historico_anterior,1120,67
2021,10,alonso_2021_10,British Grand Prix,alonso,alpine,69,-0.08106187531482568,0,-finish_position,10.0,0.75,season,estimado_historico_anterior,1138,68
2021,10,bottas_2021_10,British Grand Prix,bottas,mercedes,69,1.5748765308925632,0,-finish_position,10.0,0.75,season,estimado_historico_anterior,1138,68
2021,10,gasly_2021_10,British Grand Prix,gasly,alphatauri,69,0.6035360688510808,0,-finish_position,10.0,0.75,season,estimado_historico_anterior,1138,68
2021,10,giovinazzi_2021_10,British Grand Prix,giovinazzi,alfa,69,-0.9291951508217945,0,-finish_position,10.0,0.75,season,estimado_historico_anterior,1138,68
2021,10,hamilton_2021_10,British Grand Prix,hamilton,mercedes,69,2.6360081811305145,0,-finish_position,10.0,0.75,season,estimado_historico_anterior,1138,68
2021,10,latifi_2021_10,British Grand Prix,latifi,williams,69,-1.3365704939152707,0,-finish_position,10.0,0.75,season,estimado_historico_anterior,1138,68
2021,10,leclerc_2021_10,British Grand Prix,leclerc,ferrari,69,0.7880394831893349,0,-finish_position,10.0,0.75,season,estimado_historico_anterior,1138,68
2021,10,mazepin_2021_10,British Grand Prix,mazepin,haas,69,-2.0267556089256615,0,-finish_position,10.0,0.75,season,estimado_historico_anterior,1138,68
2021,10,mick_schumacher_2021_10,British Grand Prix,mick_schumacher,haas,69,-1.6411006236346242,0,-finish_position,10.0,0.75,season,estimado_historico_anterior,1138,68
2021,10,norris_2021_10,British Grand Prix,norris,mclaren,69,1.2986203402184981,0,-finish_position,10.0,0.75,season,estimado_historico_anterior,1138,68
2021,10,ocon_2021_10,British Grand Prix,ocon,alpine,69,0.3389592040923433,0,-finish_position,10.0,0.75,season,estimado_historico_anterior,1138,68
2021,10,perez_2021_10,British Grand Prix,perez,red_bull,69,0.9205250973751229,0,-finish_position,10.0,0.75,season,estimado_historico_anterior,1138,68
2021,10,raikkonen_2021_10,British Grand Prix,raikkonen,alfa,69,0.6064692095974797,0,-finish_position,10.0,0.75,season,estimado_historico_anterior,1138,68
2021,10,ricciardo_2021_10,British Grand Prix,ricciardo,mclaren,69,1.0501856367357254,0,-finish_position,10.0,0.75,season,estimado_historico_anterior,1138,68
2021,10,russell_2021_10,British Grand Prix,russell,williams,69,-0.8510802926282461,0,-finish_position,10.0,0.75,season,estimado_historico_anterior,1138,68
2021,10,sainz_2021_10,British Grand Prix,sainz,ferrari,69,0.5891347616931022,0,-finish_position,10.0,0.75,season,estimado_historico_anterior,1138,68
2021,10,stroll_2021_10,British Grand Prix,stroll,aston_martin,69,-0.2027295575394424,0,-finish_position,10.0,0.75,season,estimado_historico_anterior,1138,68
2021,10,tsunoda_2021_10,British Grand Prix,tsunoda,alphatauri,69,-0.9575073019931756,0,-finish_position,10.0,0.75,season,estimado_historico_anterior,1138,68
2021,11,alonso_2021_11,Hungarian Grand Prix,alonso,alpine,70,-0.014107570337324982,0,-finish_position,10.0,0.75,season,estimado_historico_anterior,1156,69
2021,11,gasly_2021_11,Hungarian Grand Prix,gasly,alphatauri,70,0.5972445818854012,0,-finish_position,10.0,0.75,season,estimado_historico_anterior,1156,69
2021,11,giovinazzi_2021_11,Hungarian Grand Prix,giovinazzi,alfa,70,-0.9093486347999755,0,-finish_position,10.0,0.75,season,estimado_historico_anterior,1156,69
2021,11,hamilton_2021_11,Hungarian Grand Prix,hamilton,mercedes,70,2.6505975260812664,0,-finish_position,10.0,0.75,season,estimado_historico_anterior,1156,69
2021,11,latifi_2021_11,Hungarian Grand Prix,latifi,williams,70,-1.3223977453018836,0,-finish_position,10.0,0.75,season,estimado_historico_anterior,1156,69
2021,11,max_verstappen_2021_11,Hungarian Grand Prix,max_verstappen,red_bull,70,3.0367368925279004,0,-finish_position,10.0,0.75,season,estimado_historico_anterior,1156,69
2021,11,mick_schumacher_2021_11,Hungarian Grand Prix,mick_schumacher,haas,70,-1.7628855317845205,0,-finish_position,10.0,0.75,season,estimado_historico_anterior,1156,69
2021,11,ocon_2021_11,Hungarian Grand Prix,ocon,alpine,70,0.31572751904253804,0,-finish_position,10.0,0.75,season,estimado_historico_anterior,1156,69
2021,11,raikkonen_2021_11,Hungarian Grand Prix,raikkonen,alfa,70,0.541312583351036,0,-finish_position,10.0,0.75,season,estimado_historico_anterior,1156,69
2021,11,ricciardo_2021_11,Hungarian Grand Prix,ricciardo,mclaren,70,1.1238779171630726,0,-finish_position,10.0,0.75,season,estimado_historico_anterior,1156,69
2021,11,russell_2021_11,Hungarian Grand Prix,russell,williams,70,-0.8091263577455219,0,-finish_position,10.0,0.75,season,estimado_historico_anterior,1156,69
2021,11,sainz_2021_11,Hungarian Grand Prix,sainz,ferrari,70,0.5570879845382884,0,-finish_position,10.0,0.75,season,estimado_historico_anterior,1156,69
2021,11,tsunoda_2021_11,Hungarian Grand Prix,tsunoda,alphatauri,70,-0.9119889269471194,0,-finish_position,10.0,0.75,season,estimado_historico_anterior,1156,69
2021,12,alonso_2021_12,Belgian Grand Prix,alonso,alpine,71,0.05132306644959388,0,-finish_position,10.0,0.75,season,estimado_historico_anterior,1169,70
2021,12,bottas_2021_12,Belgian Grand Prix,bottas,mercedes,71,1.5460207161521933,0,-finish_position,10.0,0.75,season,estimado_historico_anterior,1169,70
2021,12,gasly_2021_12,Belgian Grand Prix,gasly,alphatauri,71,0.6032292015598956,0,-finish_position,10.0,0.75,season,estimado_historico_anterior,1169,70
2021,12,giovinazzi_2021_12,Belgian Grand Prix,giovinazzi,alfa,71,-0.9522002868817206,0,-finish_position,10.0,0.75,season,estimado_historico_anterior,1169,70
2021,12,hamilton_2021_12,Belgian Grand Prix,hamilton,mercedes,71,2.6424533181241703,0,-finish_position,10.0,0.75,season,estimado_historico_anterior,1169,70
2021,12,latifi_2021_12,Belgian Grand Prix,latifi,williams,71,-1.13948473948022,0,-finish_position,10.0,0.75,season,estimado_historico_anterior,1169,70
2021,12,leclerc_2021_12,Belgian Grand Prix,leclerc,ferrari,71,0.7778607195907555,0,-finish_position,10.0,0.75,season,estimado_historico_anterior,1169,70
2021,12,max_verstappen_2021_12,Belgian Grand Prix,max_verstappen,red_bull,71,2.9157547332047202,0,-finish_position,10.0,0.75,season,estimado_historico_anterior,1169,70
2021,12,mazepin_2021_12,Belgian Grand Prix,mazepin,haas,71,-2.1153032206445426,0,-finish_position,10.0,0.75,season,estimado_historico_anterior,1169,70
2021,12,mick_schumacher_2021_12,Belgian Grand Prix,mick_schumacher,haas,71,-1.6474179678827197,0,-finish_position,10.0,0.75,season,estimado_historico_anterior,1169,70
2021,12,norris_2021_12,Belgian Grand Prix,norris,mclaren,71,1.3889206398554712,0,-finish_position,10.0,0.75,season,estimado_historico_anterior,1169,70
2021,12,ocon_2021_12,Belgian Grand Prix,ocon,alpine,71,0.44075330070680324,0,-finish_position,10.0,0.75,season,estimado_historico_anterior,1169,70
2021,12,perez_2021_12,Belgian Grand Prix,perez,red_bull,71,0.6562267434363707,0,-finish_position,10.0,0.75,season,estimado_historico_anterior,1169,70
2021,12,raikkonen_2021_12,Belgian Grand Prix,raikkonen,alfa,71,0.5243613521302674,0,-finish_position,10.0,0.75,season,estimado_historico_anterior,1169,70
2021,12,ricciardo_2021_12,Belgian Grand Prix,ricciardo,mclaren,71,1.0652662156575554,0,-finish_position,10.0,0.75,season,estimado_historico_anterior,1169,70
2021,12,russell_2021_12,Belgian Grand Prix,russell,williams,71,-0.7381087989624165,0,-finish_position,10.0,0.75,season,estimado_historico_anterior,1169,70
2021,12,sainz_2021_12,Belgian Grand Prix,sainz,ferrari,71,0.6307571974351261,0,-finish_position,10.0,0.75,season,estimado_historico_anterior,1169,70
2021,12,stroll_2021_12,Belgian Grand Prix,stroll,aston_martin,71,-0.28530714532906815,0,-finish_position,10.0,0.75,season,estimado_historico_anterior,1169,70
2021,12,tsunoda_2021_12,Belgian Grand Prix,tsunoda,alphatauri,71,-0.7699862519849976,0,-finish_position,10.0,0.75,season,estimado_historico_anterior,1169,70
2021,12,vettel_2021_12,Belgian Grand Prix,vettel,aston_martin,71,0.2175712849691307,0,-finish_position,10.0,0.75,season,estimado_historico_anterior,1169,70
2021,13,alonso_2021_13,Dutch Grand Prix,alonso,alpine,72,-0.018702093299668397,0,-finish_position,10.0,0.75,season,estimado_historico_anterior,1189,71
2021,13,bottas_2021_13,Dutch Grand Prix,bottas,mercedes,72,1.4475158442556877,0,-finish_position,10.0,0.75,season,estimado_historico_anterior,1189,71
2021,13,gasly_2021_13,Dutch Grand Prix,gasly,alphatauri,72,0.7339584781645367,0,-finish_position,10.0,0.75,season,estimado_historico_anterior,1189,71
2021,13,giovinazzi_2021_13,Dutch Grand Prix,giovinazzi,alfa,72,-0.8657853514697085,0,-finish_position,10.0,0.75,season,estimado_historico_anterior,1189,71
2021,13,hamilton_2021_13,Dutch Grand Prix,hamilton,mercedes,72,2.704053324606978,0,-finish_position,10.0,0.75,season,estimado_historico_anterior,1189,71
2021,13,kubica_2021_13,Dutch Grand Prix,kubica,alfa,72,-1.8124073539684982,0,-finish_position,10.0,0.75,season,estimado_historico_anterior,1189,71
2021,13,latifi_2021_13,Dutch Grand Prix,latifi,williams,72,-1.0658663931185983,0,-finish_position,10.0,0.75,season,estimado_historico_anterior,1189,71
2021,13,leclerc_2021_13,Dutch Grand Prix,leclerc,ferrari,72,0.8379555219167844,0,-finish_position,10.0,0.75,season,estimado_historico_anterior,1189,71
2021,13,max_verstappen_2021_13,Dutch Grand Prix,max_verstappen,red_bull,72,3.149862740635497,0,-finish_position,10.0,0.75,season,estimado_historico_anterior,1189,71
2021,13,mick_schumacher_2021_13,Dutch Grand Prix,mick_schumacher,haas,72,-1.6714559156337998,0,-finish_position,10.0,0.75,season,estimado_historico_anterior,1189,71
2021,13,norris_2021_13,Dutch Grand Prix,norris,mclaren,72,1.2076023972718368,0,-finish_position,10.0,0.75,season,estimado_historico_anterior,1189,71
2021,13,ocon_2021_13,Dutch Grand Prix,ocon,alpine,72,0.4934389544715918,0,-finish_position,10.0,0.75,season,estimado_historico_anterior,1189,71
2021,13,perez_2021_13,Dutch Grand Prix,perez,red_bull,72,0.3314782482035908,0,-finish_position,10.0,0.75,season,estimado_historico_anterior,1189,71
2021,13,ricciardo_2021_13,Dutch Grand Prix,ricciardo,mclaren,72,1.1821116770991353,0,-finish_position,10.0,0.75,season,estimado_historico_anterior,1189,71
2021,13,sainz_2021_13,Dutch Grand Prix,sainz,ferrari,72,0.584836936669412,0,-finish_position,10.0,0.75,season,estimado_historico_anterior,1189,71
2021,13,stroll_2021_13,Dutch Grand Prix,stroll,aston_martin,72,-0.5904261158884129,0,-finish_position,10.0,0.75,season,estimado_historico_anterior,1189,71
2021,13,vettel_2021_13,Dutch Grand Prix,vettel,aston_martin,72,0.43674147620026804,0,-finish_position,10.0,0.75,season,estimado_historico_anterior,1189,71
2021,14,alonso_2021_14,Italian Grand Prix,alonso,alpine,73,0.08970834090658733,0,-finish_position,10.0,0.75,season,estimado_historico_anterior,1206,72
2021,14,bottas_2021_14,Italian Grand Prix,bottas,mercedes,73,1.4617281672611255,0,-finish_position,10.0,0.75,season,estimado_historico_anterior,1206,72
2021,14,giovinazzi_2021_14,Italian Grand Prix,giovinazzi,alfa,73,-0.8576360883341967,0,-finish_position,10.0,0.75,season,estimado_historico_anterior,1206,72
2021,14,kubica_2021_14,Italian Grand Prix,kubica,alfa,73,-1.8502010135436353,0,-finish_position,10.0,0.75,season,estimado_historico_anterior,1206,72
2021,14,latifi_2021_14,Italian Grand Prix,latifi,williams,73,-1.1117275603083034,0,-finish_position,10.0,0.75,season,estimado_historico_anterior,1206,72
2021,14,leclerc_2021_14,Italian Grand Prix,leclerc,ferrari,73,0.8527379890848811,0,-finish_position,10.0,0.75,season,estimado_historico_anterior,1206,72
2021,14,mick_schumacher_2021_14,Italian Grand Prix,mick_schumacher,haas,73,-1.7797488866313194,0,-finish_position,10.0,0.75,season,estimado_historico_anterior,1206,72
2021,14,norris_2021_14,Italian Grand Prix,norris,mclaren,73,1.1996868118526782,0,-finish_position,10.0,0.75,season,estimado_historico_anterior,1206,72
2021,14,ocon_2021_14,Italian Grand Prix,ocon,alpine,73,0.4617907459237196,0,-finish_position,10.0,0.75,season,estimado_historico_anterior,1206,72
2021,14,perez_2021_14,Italian Grand Prix,perez,red_bull,73,0.2980202113760345,0,-finish_position,10.0,0.75,season,estimado_historico_anterior,1206,72
2021,14,ricciardo_2021_14,Italian Grand Prix,ricciardo,mclaren,73,1.1200912586019423,0,-finish_position,10.0,0.75,season,estimado_historico_anterior,1206,72
2021,14,russell_2021_14,Italian Grand Prix,russell,williams,73,-0.5464777590891268,0,-finish_position,10.0,0.75,season,estimado_historico_anterior,1206,72
2021,14,sainz_2021_14,Italian Grand Prix,sainz,ferrari,73,0.5882028020330653,0,-finish_position,10.0,0.75,season,estimado_historico_anterior,1206,72
2021,14,stroll_2021_14,Italian Grand Prix,stroll,aston_martin,73,-0.5904818239823382,0,-finish_position,10.0,0.75,season,estimado_historico_anterior,1206,72
2021,14,vettel_2021_14,Italian Grand Prix,vettel,aston_martin,73,0.3864112782593532,0,-finish_position,10.0,0.75,season,estimado_historico_anterior,1206,72
2021,15,alonso_2021_15,Russian Grand Prix,alonso,alpine,74,0.1024923594456939,0,-finish_position,10.0,0.75,season,estimado_historico_anterior,1221,73
2021,15,bottas_2021_15,Russian Grand Prix,bottas,mercedes,74,1.4728647159354944,0,-finish_position,10.0,0.75,season,estimado_historico_anterior,1221,73
2021,15,gasly_2021_15,Russian Grand Prix,gasly,alphatauri,74,0.7977200284398221,0,-finish_position,10.0,0.75,season,estimado_historico_anterior,1221,73
2021,15,giovinazzi_2021_15,Russian Grand Prix,giovinazzi,alfa,74,-0.8756001174517861,0,-finish_position,10.0,0.75,season,estimado_historico_anterior,1221,73
2021,15,hamilton_2021_15,Russian Grand Prix,hamilton,mercedes,74,2.6974278794276305,0,-finish_position,10.0,0.75,season,estimado_historico_anterior,1221,73
2021,15,leclerc_2021_15,Russian Grand Prix,leclerc,ferrari,74,0.8419976106833188,0,-finish_position,10.0,0.75,season,estimado_historico_anterior,1221,73
2021,15,max_verstappen_2021_15,Russian Grand Prix,max_verstappen,red_bull,74,3.204716592312974,0,-finish_position,10.0,0.75,season,estimado_historico_anterior,1221,73
2021,15,mazepin_2021_15,Russian Grand Prix,mazepin,haas,74,-2.158252665170238,0,-finish_position,10.0,0.75,season,estimado_historico_anterior,1221,73
2021,15,norris_2021_15,Russian Grand Prix,norris,mclaren,74,1.2296622551674476,0,-finish_position,10.0,0.75,season,estimado_historico_anterior,1221,73
2021,15,ocon_2021_15,Russian Grand Prix,ocon,alpine,74,0.4328103478213611,0,-finish_position,10.0,0.75,season,estimado_historico_anterior,1221,73
2021,15,perez_2021_15,Russian Grand Prix,perez,red_bull,74,0.33803995048964763,0,-finish_position,10.0,0.75,season,estimado_historico_anterior,1221,73
2021,15,raikkonen_2021_15,Russian Grand Prix,raikkonen,alfa,74,0.4852236977189509,0,-finish_position,10.0,0.75,season,estimado_historico_anterior,1221,73
2021,15,ricciardo_2021_15,Russian Grand Prix,ricciardo,mclaren,74,1.2249947372609702,0,-finish_position,10.0,0.75,season,estimado_historico_anterior,1221,73
2021,15,russell_2021_15,Russian Grand Prix,russell,williams,74,-0.4596761771901168,0,-finish_position,10.0,0.75,season,estimado_historico_anterior,1221,73
2021,15,sainz_2021_15,Russian Grand Prix,sainz,ferrari,74,0.5255147809212409,0,-finish_position,10.0,0.75,season,estimado_historico_anterior,1221,73
2021,15,stroll_2021_15,Russian Grand Prix,stroll,aston_martin,74,-0.5219833139944563,0,-finish_position,10.0,0.75,season,estimado_historico_anterior,1221,73
2021,15,tsunoda_2021_15,Russian Grand Prix,tsunoda,alphatauri,74,-1.0074119963478163,0,-finish_position,10.0,0.75,season,estimado_historico_anterior,1221,73
2021,15,vettel_2021_15,Russian Grand Prix,vettel,aston_martin,74,0.2839519123487232,0,-finish_position,10.0,0.75,season,estimado_historico_anterior,1221,73
2021,16,alonso_2021_16,Turkish Grand Prix,alonso,alpine,75,0.24994208387774924,0,-finish_position,10.0,0.75,season,estimado_historico_anterior,1239,74
2021,16,bottas_2021_16,Turkish Grand Prix,bottas,mercedes,75,1.460998572957899,0,-finish_position,10.0,0.75,season,estimado_historico_anterior,1239,74
2021,16,gasly_2021_16,Turkish Grand Prix,gasly,alphatauri,75,0.7982224223463927,0,-finish_position,10.0,0.75,season,estimado_historico_anterior,1239,74
2021,16,giovinazzi_2021_16,Turkish Grand Prix,giovinazzi,alfa,75,-0.946182940238225,0,-finish_position,10.0,0.75,season,estimado_historico_anterior,1239,74
2021,16,hamilton_2021_16,Turkish Grand Prix,hamilton,mercedes,75,2.73588890597481,0,-finish_position,10.0,0.75,season,estimado_historico_anterior,1239,74
2021,16,latifi_2021_16,Turkish Grand Prix,latifi,williams,75,-1.048054063116462,0,-finish_position,10.0,0.75,season,estimado_historico_anterior,1239,74
2021,16,leclerc_2021_16,Turkish Grand Prix,leclerc,ferrari,75,0.6581894318941462,0,-finish_position,10.0,0.75,season,estimado_historico_anterior,1239,74
2021,16,max_verstappen_2021_16,Turkish Grand Prix,max_verstappen,red_bull,75,3.2746505914998054,0,-finish_position,10.0,0.75,season,estimado_historico_anterior,1239,74
2021,16,mazepin_2021_16,Turkish Grand Prix,mazepin,haas,75,-2.255303309848497,0,-finish_position,10.0,0.75,season,estimado_historico_anterior,1239,74
2021,16,mick_schumacher_2021_16,Turkish Grand Prix,mick_schumacher,haas,75,-1.7558760408055747,0,-finish_position,10.0,0.75,season,estimado_historico_anterior,1239,74
2021,16,norris_2021_16,Turkish Grand Prix,norris,mclaren,75,1.2418965656766827,0,-finish_position,10.0,0.75,season,estimado_historico_anterior,1239,74
2021,16,ocon_2021_16,Turkish Grand Prix,ocon,alpine,75,0.33089550927563016,0,-finish_position,10.0,0.75,season,estimado_historico_anterior,1239,74
2021,16,perez_2021_16,Turkish Grand Prix,perez,red_bull,75,0.2941934456650982,0,-finish_position,10.0,0.75,season,estimado_historico_anterior,1239,74
2021,16,raikkonen_2021_16,Turkish Grand Prix,raikkonen,alfa,75,0.5521734785480267,0,-finish_position,10.0,0.75,season,estimado_historico_anterior,1239,74
2021,16,ricciardo_2021_16,Turkish Grand Prix,ricciardo,mclaren,75,1.3100454332111744,0,-finish_position,10.0,0.75,season,estimado_historico_anterior,1239,74
2021,16,russell_2021_16,Turkish Grand Prix,russell,williams,75,-0.37903530516252304,0,-finish_position,10.0,0.75,season,estimado_historico_anterior,1239,74
2021,16,sainz_2021_16,Turkish Grand Prix,sainz,ferrari,75,0.5937582848508035,0,-finish_position,10.0,0.75,season,estimado_historico_anterior,1239,74
2021,16,stroll_2021_16,Turkish Grand Prix,stroll,aston_martin,75,-0.5155780713689592,0,-finish_position,10.0,0.75,season,estimado_historico_anterior,1239,74
2021,16,tsunoda_2021_16,Turkish Grand Prix,tsunoda,alphatauri,75,-1.2123819399048417,0,-finish_position,10.0,0.75,season,estimado_historico_anterior,1239,74
2021,16,vettel_2021_16,Turkish Grand Prix,vettel,aston_martin,75,0.26345189813990194,0,-finish_position,10.0,0.75,season,estimado_historico_anterior,1239,74
2021,17,bottas_2021_17,United States Grand Prix,bottas,mercedes,76,1.5292170103467486,0,-finish_position,10.0,0.75,season,estimado_historico_anterior,1259,75
2021,17,giovinazzi_2021_17,United States Grand Prix,giovinazzi,alfa,76,-0.8989604681147417,0,-finish_position,10.0,0.75,season,estimado_historico_anterior,1259,75
2021,17,hamilton_2021_17,United States Grand Prix,hamilton,mercedes,76,2.708606343022298,0,-finish_position,10.0,0.75,season,estimado_historico_anterior,1259,75
2021,17,latifi_2021_17,United States Grand Prix,latifi,williams,76,-1.0825169913019297,0,-finish_position,10.0,0.75,season,estimado_historico_anterior,1259,75
2021,17,leclerc_2021_17,United States Grand Prix,leclerc,ferrari,76,0.6794754236863161,0,-finish_position,10.0,0.75,season,estimado_historico_anterior,1259,75
2021,17,max_verstappen_2021_17,United States Grand Prix,max_verstappen,red_bull,76,3.277560829901454,0,-finish_position,10.0,0.75,season,estimado_historico_anterior,1259,75
2021,17,mazepin_2021_17,United States Grand Prix,mazepin,haas,76,-2.3927404259530967,0,-finish_position,10.0,0.75,season,estimado_historico_anterior,1259,75
2021,17,mick_schumacher_2021_17,United States Grand Prix,mick_schumacher,haas,76,-1.844189221643236,0,-finish_position,10.0,0.75,season,estimado_historico_anterior,1259,75
2021,17,norris_2021_17,United States Grand Prix,norris,mclaren,76,1.2883298603685733,0,-finish_position,10.0,0.75,season,estimado_historico_anterior,1259,75
2021,17,perez_2021_17,United States Grand Prix,perez,red_bull,76,0.40095660273102907,0,-finish_position,10.0,0.75,season,estimado_historico_anterior,1259,75
2021,17,raikkonen_2021_17,United States Grand Prix,raikkonen,alfa,76,0.5421262916971107,0,-finish_position,10.0,0.75,season,estimado_historico_anterior,1259,75
2021,17,ricciardo_2021_17,United States Grand Prix,ricciardo,mclaren,76,1.2025702718788063,0,-finish_position,10.0,0.75,season,estimado_historico_anterior,1259,75
2021,17,russell_2021_17,United States Grand Prix,russell,williams,76,-0.3631178125369916,0,-finish_position,10.0,0.75,season,estimado_historico_anterior,1259,75
2021,17,sainz_2021_17,United States Grand Prix,sainz,ferrari,76,0.5622599627612322,0,-finish_position,10.0,0.75,season,estimado_historico_anterior,1259,75
2021,17,stroll_2021_17,United States Grand Prix,stroll,aston_martin,76,-0.37824590707218353,0,-finish_position,10.0,0.75,season,estimado_historico_anterior,1259,75
2021,17,tsunoda_2021_17,United States Grand Prix,tsunoda,alphatauri,76,-1.341244859870943,0,-finish_position,10.0,0.75,season,estimado_historico_anterior,1259,75
2021,17,vettel_2021_17,United States Grand Prix,vettel,aston_martin,76,0.132753498990755,0,-finish_position,10.0,0.75,season,estimado_historico_anterior,1259,75
2021,18,alonso_2021_18,Mexico City Grand Prix,alonso,alpine,77,0.11437185804127341,0,-finish_position,10.0,0.75,season,estimado_historico_anterior,1276,76
2021,18,bottas_2021_18,Mexico City Grand Prix,bottas,mercedes,77,1.4997687418999954,0,-finish_position,10.0,0.75,season,estimado_historico_anterior,1276,76
2021,18,gasly_2021_18,Mexico City Grand Prix,gasly,alphatauri,77,0.8389251360965408,0,-finish_position,10.0,0.75,season,estimado_historico_anterior,1276,76
2021,18,giovinazzi_2021_18,Mexico City Grand Prix,giovinazzi,alfa,77,-0.8561127558768211,0,-finish_position,10.0,0.75,season,estimado_historico_anterior,1276,76
2021,18,hamilton_2021_18,Mexico City Grand Prix,hamilton,mercedes,77,2.7297824824190564,0,-finish_position,10.0,0.75,season,estimado_historico_anterior,1276,76
2021,18,latifi_2021_18,Mexico City Grand Prix,latifi,williams,77,-1.0953810915936784,0,-finish_position,10.0,0.75,season,estimado_historico_anterior,1276,76
2021,18,leclerc_2021_18,Mexico City Grand Prix,leclerc,ferrari,77,0.7185418660139825,0,-finish_position,10.0,0.75,season,estimado_historico_anterior,1276,76
2021,18,max_verstappen_2021_18,Mexico City Grand Prix,max_verstappen,red_bull,77,3.2813486031501498,0,-finish_position,10.0,0.75,season,estimado_historico_anterior,1276,76
2021,18,mazepin_2021_18,Mexico City Grand Prix,mazepin,haas,77,-2.4294254568320794,0,-finish_position,10.0,0.75,season,estimado_historico_anterior,1276,76
2021,18,norris_2021_18,Mexico City Grand Prix,norris,mclaren,77,1.2459673909101612,0,-finish_position,10.0,0.75,season,estimado_historico_anterior,1276,76
2021,18,ocon_2021_18,Mexico City Grand Prix,ocon,alpine,77,0.3795765364266258,0,-finish_position,10.0,0.75,season,estimado_historico_anterior,1276,76
2021,18,perez_2021_18,Mexico City Grand Prix,perez,red_bull,77,0.4569860575388611,0,-finish_position,10.0,0.75,season,estimado_historico_anterior,1276,76
2021,18,raikkonen_2021_18,Mexico City Grand Prix,raikkonen,alfa,77,0.5162796116338007,0,-finish_position,10.0,0.75,season,estimado_historico_anterior,1276,76
2021,18,ricciardo_2021_18,Mexico City Grand Prix,ricciardo,mclaren,77,1.2354813207730322,0,-finish_position,10.0,0.75,season,estimado_historico_anterior,1276,76
2021,18,russell_2021_18,Mexico City Grand Prix,russell,williams,77,-0.36660663750100786,0,-finish_position,10.0,0.75,season,estimado_historico_anterior,1276,76
2021,18,sainz_2021_18,Mexico City Grand Prix,sainz,ferrari,77,0.5327209410370657,0,-finish_position,10.0,0.75,season,estimado_historico_anterior,1276,76
2021,18,stroll_2021_18,Mexico City Grand Prix,stroll,aston_martin,77,-0.38879434460803586,0,-finish_position,10.0,0.75,season,estimado_historico_anterior,1276,76
2021,18,vettel_2021_18,Mexico City Grand Prix,vettel,aston_martin,77,0.14128250405447257,0,-finish_position,10.0,0.75,season,estimado_historico_anterior,1276,76
2021,19,alonso_2021_19,São Paulo Grand Prix,alonso,alpine,78,0.1877750290008283,0,-finish_position,10.0,0.75,season,estimado_historico_anterior,1294,77
2021,19,bottas_2021_19,São Paulo Grand Prix,bottas,mercedes,78,1.3618957505928042,0,-finish_position,10.0,0.75,season,estimado_historico_anterior,1294,77
2021,19,gasly_2021_19,São Paulo Grand Prix,gasly,alphatauri,78,0.8943396868190076,0,-finish_position,10.0,0.75,season,estimado_historico_anterior,1294,77
2021,19,giovinazzi_2021_19,São Paulo Grand Prix,giovinazzi,alfa,78,-0.8447134823238364,0,-finish_position,10.0,0.75,season,estimado_historico_anterior,1294,77
2021,19,hamilton_2021_19,São Paulo Grand Prix,hamilton,mercedes,78,2.803033996458477,0,-finish_position,10.0,0.75,season,estimado_historico_anterior,1294,77
2021,19,latifi_2021_19,São Paulo Grand Prix,latifi,williams,78,-1.1502117296543888,0,-finish_position,10.0,0.75,season,estimado_historico_anterior,1294,77
2021,19,leclerc_2021_19,São Paulo Grand Prix,leclerc,ferrari,78,0.770142240416454,0,-finish_position,10.0,0.75,season,estimado_historico_anterior,1294,77
2021,19,max_verstappen_2021_19,São Paulo Grand Prix,max_verstappen,red_bull,78,3.2839079049914988,0,-finish_position,10.0,0.75,season,estimado_historico_anterior,1294,77
2021,19,mazepin_2021_19,São Paulo Grand Prix,mazepin,haas,78,-2.4992900832342495,0,-finish_position,10.0,0.75,season,estimado_historico_anterior,1294,77
2021,19,mick_schumacher_2021_19,São Paulo Grand Prix,mick_schumacher,haas,78,-1.841733184686314,0,-finish_position,10.0,0.75,season,estimado_historico_anterior,1294,77
2021,19,norris_2021_19,São Paulo Grand Prix,norris,mclaren,78,1.2521275649624086,0,-finish_position,10.0,0.75,season,estimado_historico_anterior,1294,77
2021,19,ocon_2021_19,São Paulo Grand Prix,ocon,alpine,78,0.31233361820884087,0,-finish_position,10.0,0.75,season,estimado_historico_anterior,1294,77
2021,19,perez_2021_19,São Paulo Grand Prix,perez,red_bull,78,0.4992230307451027,0,-finish_position,10.0,0.75,season,estimado_historico_anterior,1294,77
2021,19,raikkonen_2021_19,São Paulo Grand Prix,raikkonen,alfa,78,0.5630160625749051,0,-finish_position,10.0,0.75,season,estimado_historico_anterior,1294,77
2021,19,russell_2021_19,São Paulo Grand Prix,russell,williams,78,-0.39951737478445687,0,-finish_position,10.0,0.75,season,estimado_historico_anterior,1294,77
2021,19,sainz_2021_19,São Paulo Grand Prix,sainz,ferrari,78,0.5721655970005688,0,-finish_position,10.0,0.75,season,estimado_historico_anterior,1294,77
2021,19,tsunoda_2021_19,São Paulo Grand Prix,tsunoda,alphatauri,78,-1.318006659268877,0,-finish_position,10.0,0.75,season,estimado_historico_anterior,1294,77
2021,19,vettel_2021_19,São Paulo Grand Prix,vettel,aston_martin,78,0.22807782649841615,0,-finish_position,10.0,0.75,season,estimado_historico_anterior,1294,77
2021,20,alonso_2021_20,Qatar Grand Prix,alonso,alpine,79,0.1901694377533636,0,-finish_position,10.0,0.75,season,estimado_historico_anterior,1312,78
2021,20,gasly_2021_20,Qatar Grand Prix,gasly,alphatauri,79,0.9405043148297677,0,-finish_position,10.0,0.75,season,estimado_historico_anterior,1312,78
2021,20,giovinazzi_2021_20,Qatar Grand Prix,giovinazzi,alfa,79,-0.8543362936303842,0,-finish_position,10.0,0.75,season,estimado_historico_anterior,1312,78
2021,20,hamilton_2021_20,Qatar Grand Prix,hamilton,mercedes,79,2.8214293739633174,0,-finish_position,10.0,0.75,season,estimado_historico_anterior,1312,78
2021,20,leclerc_2021_20,Qatar Grand Prix,leclerc,ferrari,79,0.784309139998569,0,-finish_position,10.0,0.75,season,estimado_historico_anterior,1312,78
2021,20,max_verstappen_2021_20,Qatar Grand Prix,max_verstappen,red_bull,79,3.292566223875539,0,-finish_position,10.0,0.75,season,estimado_historico_anterior,1312,78
2021,20,mazepin_2021_20,Qatar Grand Prix,mazepin,haas,79,-2.5142635985622395,0,-finish_position,10.0,0.75,season,estimado_historico_anterior,1312,78
2021,20,mick_schumacher_2021_20,Qatar Grand Prix,mick_schumacher,haas,79,-1.9130404901380964,0,-finish_position,10.0,0.75,season,estimado_historico_anterior,1312,78
2021,20,norris_2021_20,Qatar Grand Prix,norris,mclaren,79,1.2126630545020016,0,-finish_position,10.0,0.75,season,estimado_historico_anterior,1312,78
2021,20,ocon_2021_20,Qatar Grand Prix,ocon,alpine,79,0.33992246694849254,0,-finish_position,10.0,0.75,season,estimado_historico_anterior,1312,78
2021,20,perez_2021_20,Qatar Grand Prix,perez,red_bull,79,0.5450458412365902,0,-finish_position,10.0,0.75,season,estimado_historico_anterior,1312,78
2021,20,raikkonen_2021_20,Qatar Grand Prix,raikkonen,alfa,79,0.5637448196539699,0,-finish_position,10.0,0.75,season,estimado_historico_anterior,1312,78
2021,20,ricciardo_2021_20,Qatar Grand Prix,ricciardo,mclaren,79,1.1647339935630927,0,-finish_position,10.0,0.75,season,estimado_historico_anterior,1312,78
2021,20,russell_2021_20,Qatar Grand Prix,russell,williams,79,-0.37322234932895204,0,-finish_position,10.0,0.75,season,estimado_historico_anterior,1312,78
2021,20,sainz_2021_20,Qatar Grand Prix,sainz,ferrari,79,0.5792639558293411,0,-finish_position,10.0,0.75,season,estimado_historico_anterior,1312,78
2021,20,stroll_2021_20,Qatar Grand Prix,stroll,aston_martin,79,-0.427128500760017,0,-finish_position,10.0,0.75,season,estimado_historico_anterior,1312,78
2021,20,tsunoda_2021_20,Qatar Grand Prix,tsunoda,alphatauri,79,-1.468022833254324,0,-finish_position,10.0,0.75,season,estimado_historico_anterior,1312,78
2021,20,vettel_2021_20,Qatar Grand Prix,vettel,aston_martin,79,0.21493008050719412,0,-finish_position,10.0,0.75,season,estimado_historico_anterior,1312,78
2021,21,alonso_2021_21,Saudi Arabian Grand Prix,alonso,alpine,80,0.2885394665582484,0,-finish_position,10.0,0.75,season,estimado_historico_anterior,1330,79
2021,21,bottas_2021_21,Saudi Arabian Grand Prix,bottas,mercedes,80,1.3598982859863995,0,-finish_position,10.0,0.75,season,estimado_historico_anterior,1330,79
2021,21,gasly_2021_21,Saudi Arabian Grand Prix,gasly,alphatauri,80,0.9113399759444094,0,-finish_position,10.0,0.75,season,estimado_historico_anterior,1330,79
2021,21,giovinazzi_2021_21,Saudi Arabian Grand Prix,giovinazzi,alfa,80,-0.8649751619601402,0,-finish_position,10.0,0.75,season,estimado_historico_anterior,1330,79
2021,21,hamilton_2021_21,Saudi Arabian Grand Prix,hamilton,mercedes,80,2.8396299164191388,0,-finish_position,10.0,0.75,season,estimado_historico_anterior,1330,79
2021,21,latifi_2021_21,Saudi Arabian Grand Prix,latifi,williams,80,-1.1605223952483181,0,-finish_position,10.0,0.75,season,estimado_historico_anterior,1330,79
2021,21,leclerc_2021_21,Saudi Arabian Grand Prix,leclerc,ferrari,80,0.7511703645123228,0,-finish_position,10.0,0.75,season,estimado_historico_anterior,1330,79
2021,21,max_verstappen_2021_21,Saudi Arabian Grand Prix,max_verstappen,red_bull,80,3.285563870365678,0,-finish_position,10.0,0.75,season,estimado_historico_anterior,1330,79
2021,21,norris_2021_21,Saudi Arabian Grand Prix,norris,mclaren,80,1.2297661166511076,0,-finish_position,10.0,0.75,season,estimado_historico_anterior,1330,79
2021,21,ocon_2021_21,Saudi Arabian Grand Prix,ocon,alpine,80,0.3607524781587639,0,-finish_position,10.0,0.75,season,estimado_historico_anterior,1330,79
2021,21,raikkonen_2021_21,Saudi Arabian Grand Prix,raikkonen,alfa,80,0.5470752557826954,0,-finish_position,10.0,0.75,season,estimado_historico_anterior,1330,79
2021,21,ricciardo_2021_21,Saudi Arabian Grand Prix,ricciardo,mclaren,80,1.092404631586373,0,-finish_position,10.0,0.75,season,estimado_historico_anterior,1330,79
2021,21,sainz_2021_21,Saudi Arabian Grand Prix,sainz,ferrari,80,0.5843935465097514,0,-finish_position,10.0,0.75,season,estimado_historico_anterior,1330,79
2021,21,stroll_2021_21,Saudi Arabian Grand Prix,stroll,aston_martin,80,-0.34674934481465947,0,-finish_position,10.0,0.75,season,estimado_historico_anterior,1330,79
2021,21,tsunoda_2021_21,Saudi Arabian Grand Prix,tsunoda,alphatauri,80,-1.516417784852588,0,-finish_position,10.0,0.75,season,estimado_historico_anterior,1330,79
2021,22,alonso_2021_22,Abu Dhabi Grand Prix,alonso,alpine,81,0.14898873478481364,0,-finish_position,10.0,0.75,season,estimado_historico_anterior,1345,80
2021,22,bottas_2021_22,Abu Dhabi Grand Prix,bottas,mercedes,81,1.3672239159360084,0,-finish_position,10.0,0.75,season,estimado_historico_anterior,1345,80
2021,22,gasly_2021_22,Abu Dhabi Grand Prix,gasly,alphatauri,81,0.9638674308666315,0,-finish_position,10.0,0.75,season,estimado_historico_anterior,1345,80
2021,22,hamilton_2021_22,Abu Dhabi Grand Prix,hamilton,mercedes,81,2.8533287607947004,0,-finish_position,10.0,0.75,season,estimado_historico_anterior,1345,80
2021,22,leclerc_2021_22,Abu Dhabi Grand Prix,leclerc,ferrari,81,0.7455550486200447,0,-finish_position,10.0,0.75,season,estimado_historico_anterior,1345,80
2021,22,max_verstappen_2021_22,Abu Dhabi Grand Prix,max_verstappen,red_bull,81,3.3187325423773233,0,-finish_position,10.0,0.75,season,estimado_historico_anterior,1345,80
2021,22,mick_schumacher_2021_22,Abu Dhabi Grand Prix,mick_schumacher,haas,81,-1.9169687839530125,0,-finish_position,10.0,0.75,season,estimado_historico_anterior,1345,80
2021,22,norris_2021_22,Abu Dhabi Grand Prix,norris,mclaren,81,1.1497063906736926,0,-finish_position,10.0,0.75,season,estimado_historico_anterior,1345,80
2021,22,ocon_2021_22,Abu Dhabi Grand Prix,ocon,alpine,81,0.4721299904516321,0,-finish_position,10.0,0.75,season,estimado_historico_anterior,1345,80
2021,22,ricciardo_2021_22,Abu Dhabi Grand Prix,ricciardo,mclaren,81,1.1403124680119592,0,-finish_position,10.0,0.75,season,estimado_historico_anterior,1345,80
2021,22,sainz_2021_22,Abu Dhabi Grand Prix,sainz,ferrari,81,0.550133038022368,0,-finish_position,10.0,0.75,season,estimado_historico_anterior,1345,80
2021,22,stroll_2021_22,Abu Dhabi Grand Prix,stroll,aston_martin,81,-0.35107021148454143,0,-finish_position,10.0,0.75,season,estimado_historico_anterior,1345,80
2021,22,tsunoda_2021_22,Abu Dhabi Grand Prix,tsunoda,alphatauri,81,-1.6244487623589776,0,-finish_position,10.0,0.75,season,estimado_historico_anterior,1345,80
2021,22,vettel_2021_22,Abu Dhabi Grand Prix,vettel,aston_martin,81,0.20854313729339688,0,-finish_position,10.0,0.75,season,estimado_historico_anterior,1345,80
2022,1,albon_2022_1,Bahrain Grand Prix,albon,williams,82,-0.21402608769156828,0,-finish_position,10.0,0.75,season,estimado_historico_anterior,1359,81
2022,1,alonso_2022_1,Bahrain Grand Prix,alonso,alpine,82,0.15304921675540709,0,-finish_position,10.0,0.75,season,estimado_historico_anterior,1359,81
2022,1,bottas_2022_1,Bahrain Grand Prix,bottas,alfa,82,1.3014317797981112,0,-finish_position,10.0,0.75,season,estimado_historico_anterior,1359,81
2022,1,hamilton_2022_1,Bahrain Grand Prix,hamilton,mercedes,82,2.7592686578696455,0,-finish_position,10.0,0.75,season,estimado_historico_anterior,1359,81
2022,1,hulkenberg_2022_1,Bahrain Grand Prix,hulkenberg,aston_martin,82,-0.010074120542580446,0,-finish_position,10.0,0.75,season,estimado_historico_anterior,1359,81
2022,1,kevin_magnussen_2022_1,Bahrain Grand Prix,kevin_magnussen,haas,82,0.589631072571039,0,-finish_position,10.0,0.75,season,estimado_historico_anterior,1359,81
2022,1,latifi_2022_1,Bahrain Grand Prix,latifi,williams,82,-1.1009174559015817,0,-finish_position,10.0,0.75,season,estimado_historico_anterior,1359,81
2022,1,leclerc_2022_1,Bahrain Grand Prix,leclerc,ferrari,82,0.6643824199032781,0,-finish_position,10.0,0.75,season,estimado_historico_anterior,1359,81
2022,1,mick_schumacher_2022_1,Bahrain Grand Prix,mick_schumacher,haas,82,-1.7747458626524284,0,-finish_position,10.0,0.75,season,estimado_historico_anterior,1359,81
2022,1,norris_2022_1,Bahrain Grand Prix,norris,mclaren,82,1.1296500824197293,0,-finish_position,10.0,0.75,season,estimado_historico_anterior,1359,81
2022,1,ocon_2022_1,Bahrain Grand Prix,ocon,alpine,82,0.40296853981460207,0,-finish_position,10.0,0.75,season,estimado_historico_anterior,1359,81
2022,1,ricciardo_2022_1,Bahrain Grand Prix,ricciardo,mclaren,82,1.007446896594241,0,-finish_position,10.0,0.75,season,estimado_historico_anterior,1359,81
2022,1,russell_2022_1,Bahrain Grand Prix,russell,mercedes,82,-0.4976598210383941,0,-finish_position,10.0,0.75,season,estimado_historico_anterior,1359,81
2022,1,sainz_2022_1,Bahrain Grand Prix,sainz,ferrari,82,0.6042217524392869,0,-finish_position,10.0,0.75,season,estimado_historico_anterior,1359,81
2022,1,stroll_2022_1,Bahrain Grand Prix,stroll,aston_martin,82,-0.3872881807306372,0,-finish_position,10.0,0.75,season,estimado_historico_anterior,1359,81
2022,1,tsunoda_2022_1,Bahrain Grand Prix,tsunoda,alphatauri,82,-1.2784161098450102,0,-finish_position,10.0,0.75,season,estimado_historico_anterior,1359,81
2022,1,zhou_2022_1,Bahrain Grand Prix,zhou,alfa,82,0.0,1,-finish_position,10.0,0.75,season,estimado_historico_anterior,1359,81
2022,2,gasly_2022_2,Saudi Arabian Grand Prix,gasly,alphatauri,83,0.8766044057341923,0,-finish_position,10.0,0.75,season,estimado_historico_anterior,1376,82
2022,2,hamilton_2022_2,Saudi Arabian Grand Prix,hamilton,mercedes,83,2.794554890446691,0,-finish_position,10.0,0.75,season,estimado_historico_anterior,1376,82
2022,2,hulkenberg_2022_2,Saudi Arabian Grand Prix,hulkenberg,aston_martin,83,-0.33244905600328106,0,-finish_position,10.0,0.75,season,estimado_historico_anterior,1376,82
2022,2,kevin_magnussen_2022_2,Saudi Arabian Grand Prix,kevin_magnussen,haas,83,0.769353208230585,0,-finish_position,10.0,0.75,season,estimado_historico_anterior,1376,82
2022,2,leclerc_2022_2,Saudi Arabian Grand Prix,leclerc,ferrari,83,0.7290804928290342,0,-finish_position,10.0,0.75,season,estimado_historico_anterior,1376,82
2022,2,max_verstappen_2022_2,Saudi Arabian Grand Prix,max_verstappen,red_bull,83,3.1419743698136084,0,-finish_position,10.0,0.75,season,estimado_historico_anterior,1376,82
2022,2,norris_2022_2,Saudi Arabian Grand Prix,norris,mclaren,83,1.0492578654347977,0,-finish_position,10.0,0.75,season,estimado_historico_anterior,1376,82
2022,2,ocon_2022_2,Saudi Arabian Grand Prix,ocon,alpine,83,0.41305844531673747,0,-finish_position,10.0,0.75,season,estimado_historico_anterior,1376,82
2022,2,perez_2022_2,Saudi Arabian Grand Prix,perez,red_bull,83,0.542182525280767,0,-finish_position,10.0,0.75,season,estimado_historico_anterior,1376,82
2022,2,russell_2022_2,Saudi Arabian Grand Prix,russell,mercedes,83,-0.4083803457672508,0,-finish_position,10.0,0.75,season,estimado_historico_anterior,1376,82
2022,2,sainz_2022_2,Saudi Arabian Grand Prix,sainz,ferrari,83,0.6895815934202568,0,-finish_position,10.0,0.75,season,estimado_historico_anterior,1376,82
2022,2,stroll_2022_2,Saudi Arabian Grand Prix,stroll,aston_martin,83,-0.33407212111245677,0,-finish_position,10.0,0.75,season,estimado_historico_anterior,1376,82
2022,2,zhou_2022_2,Saudi Arabian Grand Prix,zhou,alfa,83,0.17033400266756415,0,-finish_position,10.0,0.75,season,estimado_historico_anterior,1376,82
2022,3,albon_2022_3,Australian Grand Prix,albon,williams,84,-0.22188454472977429,0,-finish_position,10.0,0.75,season,estimado_historico_anterior,1389,83
2022,3,alonso_2022_3,Australian Grand Prix,alonso,alpine,84,0.1127063110150228,0,-finish_position,10.0,0.75,season,estimado_historico_anterior,1389,83
2022,3,bottas_2022_3,Australian Grand Prix,bottas,alfa,84,1.4317968500620983,0,-finish_position,10.0,0.75,season,estimado_historico_anterior,1389,83
2022,3,gasly_2022_3,Australian Grand Prix,gasly,alphatauri,84,0.8747555619290837,0,-finish_position,10.0,0.75,season,estimado_historico_anterior,1389,83
2022,3,hamilton_2022_3,Australian Grand Prix,hamilton,mercedes,84,2.662444571706734,0,-finish_position,10.0,0.75,season,estimado_historico_anterior,1389,83
2022,3,kevin_magnussen_2022_3,Australian Grand Prix,kevin_magnussen,haas,84,0.8604760600095583,0,-finish_position,10.0,0.75,season,estimado_historico_anterior,1389,83
2022,3,latifi_2022_3,Australian Grand Prix,latifi,williams,84,-1.1134379057585266,0,-finish_position,10.0,0.75,season,estimado_historico_anterior,1389,83
2022,3,leclerc_2022_3,Australian Grand Prix,leclerc,ferrari,84,0.7728537521374306,0,-finish_position,10.0,0.75,season,estimado_historico_anterior,1389,83
2022,3,mick_schumacher_2022_3,Australian Grand Prix,mick_schumacher,haas,84,-1.704638960678973,0,-finish_position,10.0,0.75,season,estimado_historico_anterior,1389,83
2022,3,norris_2022_3,Australian Grand Prix,norris,mclaren,84,1.0717123601217626,0,-finish_position,10.0,0.75,season,estimado_historico_anterior,1389,83
2022,3,ocon_2022_3,Australian Grand Prix,ocon,alpine,84,0.4641205261946425,0,-finish_position,10.0,0.75,season,estimado_historico_anterior,1389,83
2022,3,perez_2022_3,Australian Grand Prix,perez,red_bull,84,0.5738563070649022,0,-finish_position,10.0,0.75,season,estimado_historico_anterior,1389,83
2022,3,ricciardo_2022_3,Australian Grand Prix,ricciardo,mclaren,84,0.8784792108869534,0,-finish_position,10.0,0.75,season,estimado_historico_anterior,1389,83
2022,3,russell_2022_3,Australian Grand Prix,russell,mercedes,84,-0.36721779587204073,0,-finish_position,10.0,0.75,season,estimado_historico_anterior,1389,83
2022,3,stroll_2022_3,Australian Grand Prix,stroll,aston_martin,84,-0.3572106388086471,0,-finish_position,10.0,0.75,season,estimado_historico_anterior,1389,83
2022,3,tsunoda_2022_3,Australian Grand Prix,tsunoda,alphatauri,84,-1.2004894345486645,0,-finish_position,10.0,0.75,season,estimado_historico_anterior,1389,83
2022,3,zhou_2022_3,Australian Grand Prix,zhou,alfa,84,0.22523224919646084,0,-finish_position,10.0,0.75,season,estimado_historico_anterior,1389,83
2022,4,albon_2022_4,Emilia Romagna Grand Prix,albon,williams,85,-0.09682049052547087,0,-finish_position,10.0,0.75,season,estimado_historico_anterior,1406,84
2022,4,bottas_2022_4,Emilia Romagna Grand Prix,bottas,alfa,85,1.4519154127578908,0,-finish_position,10.0,0.75,season,estimado_historico_anterior,1406,84
2022,4,gasly_2022_4,Emilia Romagna Grand Prix,gasly,alphatauri,85,0.9039398926429086,0,-finish_position,10.0,0.75,season,estimado_historico_anterior,1406,84
2022,4,hamilton_2022_4,Emilia Romagna Grand Prix,hamilton,mercedes,85,2.6186491448786073,0,-finish_position,10.0,0.75,season,estimado_historico_anterior,1406,84
2022,4,kevin_magnussen_2022_4,Emilia Romagna Grand Prix,kevin_magnussen,haas,85,0.8074040392801994,0,-finish_position,10.0,0.75,season,estimado_historico_anterior,1406,84
2022,4,latifi_2022_4,Emilia Romagna Grand Prix,latifi,williams,85,-1.173402971489986,0,-finish_position,10.0,0.75,season,estimado_historico_anterior,1406,84
2022,4,leclerc_2022_4,Emilia Romagna Grand Prix,leclerc,ferrari,85,0.8521437537423328,0,-finish_position,10.0,0.75,season,estimado_historico_anterior,1406,84
2022,4,max_verstappen_2022_4,Emilia Romagna Grand Prix,max_verstappen,red_bull,85,3.151637326696545,0,-finish_position,10.0,0.75,season,estimado_historico_anterior,1406,84
2022,4,mick_schumacher_2022_4,Emilia Romagna Grand Prix,mick_schumacher,haas,85,-1.6321764778601735,0,-finish_position,10.0,0.75,season,estimado_historico_anterior,1406,84
2022,4,norris_2022_4,Emilia Romagna Grand Prix,norris,mclaren,85,1.09204401678946,0,-finish_position,10.0,0.75,season,estimado_historico_anterior,1406,84
2022,4,ocon_2022_4,Emilia Romagna Grand Prix,ocon,alpine,85,0.5647245104692966,0,-finish_position,10.0,0.75,season,estimado_historico_anterior,1406,84
2022,4,perez_2022_4,Emilia Romagna Grand Prix,perez,red_bull,85,0.6743677275523762,0,-finish_position,10.0,0.75,season,estimado_historico_anterior,1406,84
2022,4,ricciardo_2022_4,Emilia Romagna Grand Prix,ricciardo,mclaren,85,0.9084313663804112,0,-finish_position,10.0,0.75,season,estimado_historico_anterior,1406,84
2022,4,russell_2022_4,Emilia Romagna Grand Prix,russell,mercedes,85,-0.3045841705443929,0,-finish_position,10.0,0.75,season,estimado_historico_anterior,1406,84
2022,4,stroll_2022_4,Emilia Romagna Grand Prix,stroll,aston_martin,85,-0.3632001175947024,0,-finish_position,10.0,0.75,season,estimado_historico_anterior,1406,84
2022,4,tsunoda_2022_4,Emilia Romagna Grand Prix,tsunoda,alphatauri,85,-1.3313532789699465,0,-finish_position,10.0,0.75,season,estimado_historico_anterior,1406,84
2022,4,vettel_2022_4,Emilia Romagna Grand Prix,vettel,aston_martin,85,0.21128643553448329,0,-finish_position,10.0,0.75,season,estimado_historico_anterior,1406,84
2022,4,zhou_2022_4,Emilia Romagna Grand Prix,zhou,alfa,85,0.25372258942895953,0,-finish_position,10.0,0.75,season,estimado_historico_anterior,1406,84
2022,5,albon_2022_5,Miami Grand Prix,albon,williams,86,-0.04389123328389147,0,-finish_position,10.0,0.75,season,estimado_historico_anterior,1424,85
2022,5,alonso_2022_5,Miami Grand Prix,alonso,alpine,86,-0.024249022403166995,0,-finish_position,10.0,0.75,season,estimado_historico_anterior,1424,85
2022,5,bottas_2022_5,Miami Grand Prix,bottas,alfa,86,1.6433429253423222,0,-finish_position,10.0,0.75,season,estimado_historico_anterior,1424,85
2022,5,hamilton_2022_5,Miami Grand Prix,hamilton,mercedes,86,2.533542886080123,0,-finish_position,10.0,0.75,season,estimado_historico_anterior,1424,85
2022,5,latifi_2022_5,Miami Grand Prix,latifi,williams,86,-1.21851344034023,0,-finish_position,10.0,0.75,season,estimado_historico_anterior,1424,85
2022,5,leclerc_2022_5,Miami Grand Prix,leclerc,ferrari,86,0.8642370877562613,0,-finish_position,10.0,0.75,season,estimado_historico_anterior,1424,85
2022,5,max_verstappen_2022_5,Miami Grand Prix,max_verstappen,red_bull,86,3.1509127903139884,0,-finish_position,10.0,0.75,season,estimado_historico_anterior,1424,85
2022,5,mick_schumacher_2022_5,Miami Grand Prix,mick_schumacher,haas,86,-1.7127468849562264,0,-finish_position,10.0,0.75,season,estimado_historico_anterior,1424,85
2022,5,ocon_2022_5,Miami Grand Prix,ocon,alpine,86,0.46901005837295456,0,-finish_position,10.0,0.75,season,estimado_historico_anterior,1424,85
2022,5,perez_2022_5,Miami Grand Prix,perez,red_bull,86,0.7391425285911977,0,-finish_position,10.0,0.75,season,estimado_historico_anterior,1424,85
2022,5,ricciardo_2022_5,Miami Grand Prix,ricciardo,mclaren,86,0.7095941535185426,0,-finish_position,10.0,0.75,season,estimado_historico_anterior,1424,85
2022,5,russell_2022_5,Miami Grand Prix,russell,mercedes,86,-0.24233661871463297,0,-finish_position,10.0,0.75,season,estimado_historico_anterior,1424,85
2022,5,sainz_2022_5,Miami Grand Prix,sainz,ferrari,86,0.7273336520485368,0,-finish_position,10.0,0.75,season,estimado_historico_anterior,1424,85
2022,5,stroll_2022_5,Miami Grand Prix,stroll,aston_martin,86,-0.35911478950684306,0,-finish_position,10.0,0.75,season,estimado_historico_anterior,1424,85
2022,5,tsunoda_2022_5,Miami Grand Prix,tsunoda,alphatauri,86,-1.1862163619788222,0,-finish_position,10.0,0.75,season,estimado_historico_anterior,1424,85
2022,6,albon_2022_6,Spanish Grand Prix,albon,williams,87,0.09125142819151826,0,-finish_position,10.0,0.75,season,estimado_historico_anterior,1439,86
2022,6,alonso_2022_6,Spanish Grand Prix,alonso,alpine,87,-0.0596363693876792,0,-finish_position,10.0,0.75,season,estimado_historico_anterior,1439,86
2022,6,bottas_2022_6,Spanish Grand Prix,bottas,alfa,87,1.7210145108842871,0,-finish_position,10.0,0.75,season,estimado_historico_anterior,1439,86
2022,6,gasly_2022_6,Spanish Grand Prix,gasly,alphatauri,87,0.8350563263089995,0,-finish_position,10.0,0.75,season,estimado_historico_anterior,1439,86
2022,6,hamilton_2022_6,Spanish Grand Prix,hamilton,mercedes,87,2.5129269935382825,0,-finish_position,10.0,0.75,season,estimado_historico_anterior,1439,86
2022,6,kevin_magnussen_2022_6,Spanish Grand Prix,kevin_magnussen,haas,87,0.9068477483344114,0,-finish_position,10.0,0.75,season,estimado_historico_anterior,1439,86
2022,6,latifi_2022_6,Spanish Grand Prix,latifi,williams,87,-1.253460126573565,0,-finish_position,10.0,0.75,season,estimado_historico_anterior,1439,86
2022,6,max_verstappen_2022_6,Spanish Grand Prix,max_verstappen,red_bull,87,3.19739077114647,0,-finish_position,10.0,0.75,season,estimado_historico_anterior,1439,86
2022,6,mick_schumacher_2022_6,Spanish Grand Prix,mick_schumacher,haas,87,-1.7145110127768215,0,-finish_position,10.0,0.75,season,estimado_historico_anterior,1439,86
2022,6,norris_2022_6,Spanish Grand Prix,norris,mclaren,87,1.324761248824677,0,-finish_position,10.0,0.75,season,estimado_historico_anterior,1439,86
2022,6,ocon_2022_6,Spanish Grand Prix,ocon,alpine,87,0.4945751340808556,0,-finish_position,10.0,0.75,season,estimado_historico_anterior,1439,86
2022,6,perez_2022_6,Spanish Grand Prix,perez,red_bull,87,0.7790441065782324,0,-finish_position,10.0,0.75,season,estimado_historico_anterior,1439,86
2022,6,ricciardo_2022_6,Spanish Grand Prix,ricciardo,mclaren,87,0.6332486121204802,0,-finish_position,10.0,0.75,season,estimado_historico_anterior,1439,86
2022,6,russell_2022_6,Spanish Grand Prix,russell,mercedes,87,-0.25674912566144303,0,-finish_position,10.0,0.75,season,estimado_historico_anterior,1439,86
2022,6,sainz_2022_6,Spanish Grand Prix,sainz,ferrari,87,0.7759983075866902,0,-finish_position,10.0,0.75,season,estimado_historico_anterior,1439,86
2022,6,stroll_2022_6,Spanish Grand Prix,stroll,aston_martin,87,-0.35953264381327005,0,-finish_position,10.0,0.75,season,estimado_historico_anterior,1439,86
2022,6,tsunoda_2022_6,Spanish Grand Prix,tsunoda,alphatauri,87,-1.2238641905448095,0,-finish_position,10.0,0.75,season,estimado_historico_anterior,1439,86
2022,6,vettel_2022_6,Spanish Grand Prix,vettel,aston_martin,87,0.21182386870934927,0,-finish_position,10.0,0.75,season,estimado_historico_anterior,1439,86
2022,7,alonso_2022_7,Monaco Grand Prix,alonso,alpine,88,-0.058149865338770104,0,-finish_position,10.0,0.75,season,estimado_historico_anterior,1457,87
2022,7,bottas_2022_7,Monaco Grand Prix,bottas,alfa,88,1.799729095782267,0,-finish_position,10.0,0.75,season,estimado_historico_anterior,1457,87
2022,7,gasly_2022_7,Monaco Grand Prix,gasly,alphatauri,88,0.7475141918447978,0,-finish_position,10.0,0.75,season,estimado_historico_anterior,1457,87
2022,7,hamilton_2022_7,Monaco Grand Prix,hamilton,mercedes,88,2.4987004551623935,0,-finish_position,10.0,0.75,season,estimado_historico_anterior,1457,87
2022,7,latifi_2022_7,Monaco Grand Prix,latifi,williams,88,-1.199263591187933,0,-finish_position,10.0,0.75,season,estimado_historico_anterior,1457,87
2022,7,leclerc_2022_7,Monaco Grand Prix,leclerc,ferrari,88,0.8828773805023167,0,-finish_position,10.0,0.75,season,estimado_historico_anterior,1457,87
2022,7,max_verstappen_2022_7,Monaco Grand Prix,max_verstappen,red_bull,88,3.159457817735636,0,-finish_position,10.0,0.75,season,estimado_historico_anterior,1457,87
2022,7,norris_2022_7,Monaco Grand Prix,norris,mclaren,88,1.35851116206617,0,-finish_position,10.0,0.75,season,estimado_historico_anterior,1457,87
2022,7,ocon_2022_7,Monaco Grand Prix,ocon,alpine,88,0.5249951067087865,0,-finish_position,10.0,0.75,season,estimado_historico_anterior,1457,87
2022,7,perez_2022_7,Monaco Grand Prix,perez,red_bull,88,0.8159044400939703,0,-finish_position,10.0,0.75,season,estimado_historico_anterior,1457,87
2022,7,ricciardo_2022_7,Monaco Grand Prix,ricciardo,mclaren,88,0.572294310909725,0,-finish_position,10.0,0.75,season,estimado_historico_anterior,1457,87
2022,7,russell_2022_7,Monaco Grand Prix,russell,mercedes,88,-0.09863301587881652,0,-finish_position,10.0,0.75,season,estimado_historico_anterior,1457,87
2022,7,sainz_2022_7,Monaco Grand Prix,sainz,ferrari,88,0.8189688683845463,0,-finish_position,10.0,0.75,season,estimado_historico_anterior,1457,87
2022,7,stroll_2022_7,Monaco Grand Prix,stroll,aston_martin,88,-0.3874300297431796,0,-finish_position,10.0,0.75,season,estimado_historico_anterior,1457,87
2022,7,tsunoda_2022_7,Monaco Grand Prix,tsunoda,alphatauri,88,-1.173436749636625,0,-finish_position,10.0,0.75,season,estimado_historico_anterior,1457,87
2022,7,vettel_2022_7,Monaco Grand Prix,vettel,aston_martin,88,0.21875054774143363,0,-finish_position,10.0,0.75,season,estimado_historico_anterior,1457,87
2022,7,zhou_2022_7,Monaco Grand Prix,zhou,alfa,88,-0.06384244666041528,0,-finish_position,10.0,0.75,season,estimado_historico_anterior,1457,87
2022,8,albon_2022_8,Azerbaijan Grand Prix,albon,williams,89,-0.10330759282376202,0,-finish_position,10.0,0.75,season,estimado_historico_anterior,1474,88
2022,8,alonso_2022_8,Azerbaijan Grand Prix,alonso,alpine,89,0.043320997874514065,0,-finish_position,10.0,0.75,season,estimado_historico_anterior,1474,88
2022,8,bottas_2022_8,Azerbaijan Grand Prix,bottas,alfa,89,1.841143028425566,0,-finish_position,10.0,0.75,season,estimado_historico_anterior,1474,88
2022,8,gasly_2022_8,Azerbaijan Grand Prix,gasly,alphatauri,89,0.7520504234095556,0,-finish_position,10.0,0.75,season,estimado_historico_anterior,1474,88
2022,8,hamilton_2022_8,Azerbaijan Grand Prix,hamilton,mercedes,89,2.442910234130412,0,-finish_position,10.0,0.75,season,estimado_historico_anterior,1474,88
2022,8,latifi_2022_8,Azerbaijan Grand Prix,latifi,williams,89,-1.1948569714426145,0,-finish_position,10.0,0.75,season,estimado_historico_anterior,1474,88
2022,8,max_verstappen_2022_8,Azerbaijan Grand Prix,max_verstappen,red_bull,89,3.1196712085616554,0,-finish_position,10.0,0.75,season,estimado_historico_anterior,1474,88
2022,8,mick_schumacher_2022_8,Azerbaijan Grand Prix,mick_schumacher,haas,89,-1.656074795759558,0,-finish_position,10.0,0.75,season,estimado_historico_anterior,1474,88
2022,8,norris_2022_8,Azerbaijan Grand Prix,norris,mclaren,89,1.4538740216125277,0,-finish_position,10.0,0.75,season,estimado_historico_anterior,1474,88
2022,8,ocon_2022_8,Azerbaijan Grand Prix,ocon,alpine,89,0.4703470594261656,0,-finish_position,10.0,0.75,season,estimado_historico_anterior,1474,88
2022,8,perez_2022_8,Azerbaijan Grand Prix,perez,red_bull,89,0.8924701726981218,0,-finish_position,10.0,0.75,season,estimado_historico_anterior,1474,88
2022,8,ricciardo_2022_8,Azerbaijan Grand Prix,ricciardo,mclaren,89,0.5083118563997789,0,-finish_position,10.0,0.75,season,estimado_historico_anterior,1474,88
2022,8,russell_2022_8,Azerbaijan Grand Prix,russell,mercedes,89,-0.056952719462154015,0,-finish_position,10.0,0.75,season,estimado_historico_anterior,1474,88
2022,8,tsunoda_2022_8,Azerbaijan Grand Prix,tsunoda,alphatauri,89,-1.3224298141197344,0,-finish_position,10.0,0.75,season,estimado_historico_anterior,1474,88
2022,8,vettel_2022_8,Azerbaijan Grand Prix,vettel,aston_martin,89,0.23189266088766383,0,-finish_position,10.0,0.75,season,estimado_historico_anterior,1474,88
2022,9,albon_2022_9,Canadian Grand Prix,albon,williams,90,-0.06963499769417585,0,-finish_position,10.0,0.75,season,estimado_historico_anterior,1489,89
2022,9,alonso_2022_9,Canadian Grand Prix,alonso,alpine,90,0.0990060988623496,0,-finish_position,10.0,0.75,season,estimado_historico_anterior,1489,89
2022,9,bottas_2022_9,Canadian Grand Prix,bottas,alfa,90,1.756849058740031,0,-finish_position,10.0,0.75,season,estimado_historico_anterior,1489,89
2022,9,gasly_2022_9,Canadian Grand Prix,gasly,alphatauri,90,0.8086630102367023,0,-finish_position,10.0,0.75,season,estimado_historico_anterior,1489,89
2022,9,hamilton_2022_9,Canadian Grand Prix,hamilton,mercedes,90,2.359254874680043,0,-finish_position,10.0,0.75,season,estimado_historico_anterior,1489,89
2022,9,kevin_magnussen_2022_9,Canadian Grand Prix,kevin_magnussen,haas,90,0.7860962420603866,0,-finish_position,10.0,0.75,season,estimado_historico_anterior,1489,89
2022,9,latifi_2022_9,Canadian Grand Prix,latifi,williams,90,-1.2082771742150717,0,-finish_position,10.0,0.75,season,estimado_historico_anterior,1489,89
2022,9,leclerc_2022_9,Canadian Grand Prix,leclerc,ferrari,90,0.9176670136182244,0,-finish_position,10.0,0.75,season,estimado_historico_anterior,1489,89
2022,9,max_verstappen_2022_9,Canadian Grand Prix,max_verstappen,red_bull,90,3.1330758761288,0,-finish_position,10.0,0.75,season,estimado_historico_anterior,1489,89
2022,9,norris_2022_9,Canadian Grand Prix,norris,mclaren,90,1.4272480539094776,0,-finish_position,10.0,0.75,season,estimado_historico_anterior,1489,89
2022,9,ocon_2022_9,Canadian Grand Prix,ocon,alpine,90,0.43529218692763433,0,-finish_position,10.0,0.75,season,estimado_historico_anterior,1489,89
2022,9,ricciardo_2022_9,Canadian Grand Prix,ricciardo,mclaren,90,0.5163114910505752,0,-finish_position,10.0,0.75,season,estimado_historico_anterior,1489,89
2022,9,russell_2022_9,Canadian Grand Prix,russell,mercedes,90,-0.0099633300136378,0,-finish_position,10.0,0.75,season,estimado_historico_anterior,1489,89
2022,9,sainz_2022_9,Canadian Grand Prix,sainz,ferrari,90,0.9085203599232957,0,-finish_position,10.0,0.75,season,estimado_historico_anterior,1489,89
2022,9,stroll_2022_9,Canadian Grand Prix,stroll,aston_martin,90,-0.4516978583110609,0,-finish_position,10.0,0.75,season,estimado_historico_anterior,1489,89
2022,9,vettel_2022_9,Canadian Grand Prix,vettel,aston_martin,90,0.30512773638071033,0,-finish_position,10.0,0.75,season,estimado_historico_anterior,1489,89
2022,9,zhou_2022_9,Canadian Grand Prix,zhou,alfa,90,-0.33002860244511334,0,-finish_position,10.0,0.75,season,estimado_historico_anterior,1489,89
2022,10,alonso_2022_10,British Grand Prix,alonso,alpine,91,0.08771474020220137,0,-finish_position,10.0,0.75,season,estimado_historico_anterior,1506,90
2022,10,hamilton_2022_10,British Grand Prix,hamilton,mercedes,91,2.3606990144832634,0,-finish_position,10.0,0.75,season,estimado_historico_anterior,1506,90
2022,10,kevin_magnussen_2022_10,British Grand Prix,kevin_magnussen,haas,91,0.6815335343193997,0,-finish_position,10.0,0.75,season,estimado_historico_anterior,1506,90
2022,10,latifi_2022_10,British Grand Prix,latifi,williams,91,-1.2286046911073758,0,-finish_position,10.0,0.75,season,estimado_historico_anterior,1506,90
2022,10,leclerc_2022_10,British Grand Prix,leclerc,ferrari,91,0.8847237511106611,0,-finish_position,10.0,0.75,season,estimado_historico_anterior,1506,90
2022,10,max_verstappen_2022_10,British Grand Prix,max_verstappen,red_bull,91,3.1660933783572154,0,-finish_position,10.0,0.75,season,estimado_historico_anterior,1506,90
2022,10,mick_schumacher_2022_10,British Grand Prix,mick_schumacher,haas,91,-1.6105330560097997,0,-finish_position,10.0,0.75,season,estimado_historico_anterior,1506,90
2022,10,norris_2022_10,British Grand Prix,norris,mclaren,91,1.334083463082838,0,-finish_position,10.0,0.75,season,estimado_historico_anterior,1506,90
2022,10,perez_2022_10,British Grand Prix,perez,red_bull,91,0.941454612521068,0,-finish_position,10.0,0.75,season,estimado_historico_anterior,1506,90
2022,10,ricciardo_2022_10,British Grand Prix,ricciardo,mclaren,91,0.5054627210661462,0,-finish_position,10.0,0.75,season,estimado_historico_anterior,1506,90
2022,10,sainz_2022_10,British Grand Prix,sainz,ferrari,91,0.9710852370710596,0,-finish_position,10.0,0.75,season,estimado_historico_anterior,1506,90
2022,10,stroll_2022_10,British Grand Prix,stroll,aston_martin,91,-0.4270838186423032,0,-finish_position,10.0,0.75,season,estimado_historico_anterior,1506,90
2022,10,tsunoda_2022_10,British Grand Prix,tsunoda,alphatauri,91,-1.3728072139941017,0,-finish_position,10.0,0.75,season,estimado_historico_anterior,1506,90
2022,10,vettel_2022_10,British Grand Prix,vettel,aston_martin,91,0.24302434312126595,0,-finish_position,10.0,0.75,season,estimado_historico_anterior,1506,90
2022,11,albon_2022_11,Austrian Grand Prix,albon,williams,92,-0.07505298991017095,0,-finish_position,10.0,0.75,season,estimado_historico_anterior,1520,91
2022,11,alonso_2022_11,Austrian Grand Prix,alonso,alpine,92,0.17395682131178627,0,-finish_position,10.0,0.75,season,estimado_historico_anterior,1520,91
2022,11,bottas_2022_11,Austrian Grand Prix,bottas,alfa,92,1.7733740216709666,0,-finish_position,10.0,0.75,season,estimado_historico_anterior,1520,91
2022,11,gasly_2022_11,Austrian Grand Prix,gasly,alphatauri,92,0.7429782385140089,0,-finish_position,10.0,0.75,season,estimado_historico_anterior,1520,91
2022,11,hamilton_2022_11,Austrian Grand Prix,hamilton,mercedes,92,2.359253644840569,0,-finish_position,10.0,0.75,season,estimado_historico_anterior,1520,91
2022,11,kevin_magnussen_2022_11,Austrian Grand Prix,kevin_magnussen,haas,92,0.693596964043875,0,-finish_position,10.0,0.75,season,estimado_historico_anterior,1520,91
2022,11,leclerc_2022_11,Austrian Grand Prix,leclerc,ferrari,92,0.8754579768811059,0,-finish_position,10.0,0.75,season,estimado_historico_anterior,1520,91
2022,11,max_verstappen_2022_11,Austrian Grand Prix,max_verstappen,red_bull,92,3.0635599993211824,0,-finish_position,10.0,0.75,season,estimado_historico_anterior,1520,91
2022,11,mick_schumacher_2022_11,Austrian Grand Prix,mick_schumacher,haas,92,-1.4464584688497935,0,-finish_position,10.0,0.75,season,estimado_historico_anterior,1520,91
2022,11,norris_2022_11,Austrian Grand Prix,norris,mclaren,92,1.4163591383979863,0,-finish_position,10.0,0.75,season,estimado_historico_anterior,1520,91
2022,11,ocon_2022_11,Austrian Grand Prix,ocon,alpine,92,0.44536947698168744,0,-finish_position,10.0,0.75,season,estimado_historico_anterior,1520,91
2022,11,ricciardo_2022_11,Austrian Grand Prix,ricciardo,mclaren,92,0.44349075147305556,0,-finish_position,10.0,0.75,season,estimado_historico_anterior,1520,91
2022,11,russell_2022_11,Austrian Grand Prix,russell,mercedes,92,0.02462470451510725,0,-finish_position,10.0,0.75,season,estimado_historico_anterior,1520,91
2022,11,stroll_2022_11,Austrian Grand Prix,stroll,aston_martin,92,-0.44593063858937176,0,-finish_position,10.0,0.75,season,estimado_historico_anterior,1520,91
2022,11,tsunoda_2022_11,Austrian Grand Prix,tsunoda,alphatauri,92,-1.4544898436889764,0,-finish_position,10.0,0.75,season,estimado_historico_anterior,1520,91
2022,11,vettel_2022_11,Austrian Grand Prix,vettel,aston_martin,92,0.22980274296895303,0,-finish_position,10.0,0.75,season,estimado_historico_anterior,1520,91
2022,11,zhou_2022_11,Austrian Grand Prix,zhou,alfa,92,-0.13746893825702328,0,-finish_position,10.0,0.75,season,estimado_historico_anterior,1520,91
2022,12,albon_2022_12,French Grand Prix,albon,williams,93,-0.028936552800281207,0,-finish_position,10.0,0.75,season,estimado_historico_anterior,1537,92
2022,12,alonso_2022_12,French Grand Prix,alonso,alpine,93,0.12231917876995868,0,-finish_position,10.0,0.75,season,estimado_historico_anterior,1537,92
2022,12,bottas_2022_12,French Grand Prix,bottas,alfa,93,1.7237539703726572,0,-finish_position,10.0,0.75,season,estimado_historico_anterior,1537,92
2022,12,gasly_2022_12,French Grand Prix,gasly,alphatauri,93,0.6961245525154702,0,-finish_position,10.0,0.75,season,estimado_historico_anterior,1537,92
2022,12,hamilton_2022_12,French Grand Prix,hamilton,mercedes,93,2.3242554439080614,0,-finish_position,10.0,0.75,season,estimado_historico_anterior,1537,92
2022,12,max_verstappen_2022_12,French Grand Prix,max_verstappen,red_bull,93,3.0917373057727664,0,-finish_position,10.0,0.75,season,estimado_historico_anterior,1537,92
2022,12,mick_schumacher_2022_12,French Grand Prix,mick_schumacher,haas,93,-1.2486139319976353,0,-finish_position,10.0,0.75,season,estimado_historico_anterior,1537,92
2022,12,norris_2022_12,French Grand Prix,norris,mclaren,93,1.4265217045592842,0,-finish_position,10.0,0.75,season,estimado_historico_anterior,1537,92
2022,12,ocon_2022_12,French Grand Prix,ocon,alpine,93,0.5094525588823227,0,-finish_position,10.0,0.75,season,estimado_historico_anterior,1537,92
2022,12,perez_2022_12,French Grand Prix,perez,red_bull,93,1.0005108573287036,0,-finish_position,10.0,0.75,season,estimado_historico_anterior,1537,92
2022,12,ricciardo_2022_12,French Grand Prix,ricciardo,mclaren,93,0.440506530706651,0,-finish_position,10.0,0.75,season,estimado_historico_anterior,1537,92
2022,12,russell_2022_12,French Grand Prix,russell,mercedes,93,0.05076997099935658,0,-finish_position,10.0,0.75,season,estimado_historico_anterior,1537,92
2022,12,sainz_2022_12,French Grand Prix,sainz,ferrari,93,1.019277745558627,0,-finish_position,10.0,0.75,season,estimado_historico_anterior,1537,92
2022,12,stroll_2022_12,French Grand Prix,stroll,aston_martin,93,-0.4198229542828748,0,-finish_position,10.0,0.75,season,estimado_historico_anterior,1537,92
2022,12,vettel_2022_12,French Grand Prix,vettel,aston_martin,93,0.12914005161347059,0,-finish_position,10.0,0.75,season,estimado_historico_anterior,1537,92
2022,12,zhou_2022_12,French Grand Prix,zhou,alfa,93,-0.2573685992981074,0,-finish_position,10.0,0.75,season,estimado_historico_anterior,1537,92
2022,13,albon_2022_13,Hungarian Grand Prix,albon,williams,94,-0.020475940580922967,0,-finish_position,10.0,0.75,season,estimado_historico_anterior,1553,93
2022,13,alonso_2022_13,Hungarian Grand Prix,alonso,alpine,94,0.17316651486684603,0,-finish_position,10.0,0.75,season,estimado_historico_anterior,1553,93
2022,13,gasly_2022_13,Hungarian Grand Prix,gasly,alphatauri,94,0.6573908442851015,0,-finish_position,10.0,0.75,season,estimado_historico_anterior,1553,93
2022,13,hamilton_2022_13,Hungarian Grand Prix,hamilton,mercedes,94,2.2609057850443057,0,-finish_position,10.0,0.75,season,estimado_historico_anterior,1553,93
2022,13,kevin_magnussen_2022_13,Hungarian Grand Prix,kevin_magnussen,haas,94,0.7446015258349592,0,-finish_position,10.0,0.75,season,estimado_historico_anterior,1553,93
2022,13,latifi_2022_13,Hungarian Grand Prix,latifi,williams,94,-1.1706319418664812,0,-finish_position,10.0,0.75,season,estimado_historico_anterior,1553,93
2022,13,leclerc_2022_13,Hungarian Grand Prix,leclerc,ferrari,94,0.924442179446514,0,-finish_position,10.0,0.75,season,estimado_historico_anterior,1553,93
2022,13,max_verstappen_2022_13,Hungarian Grand Prix,max_verstappen,red_bull,94,3.1148353307219514,0,-finish_position,10.0,0.75,season,estimado_historico_anterior,1553,93
2022,13,mick_schumacher_2022_13,Hungarian Grand Prix,mick_schumacher,haas,94,-1.2632779854767935,0,-finish_position,10.0,0.75,season,estimado_historico_anterior,1553,93
2022,13,norris_2022_13,Hungarian Grand Prix,norris,mclaren,94,1.4466721948697239,0,-finish_position,10.0,0.75,season,estimado_historico_anterior,1553,93
2022,13,ocon_2022_13,Hungarian Grand Prix,ocon,alpine,94,0.5008181234511835,0,-finish_position,10.0,0.75,season,estimado_historico_anterior,1553,93
2022,13,perez_2022_13,Hungarian Grand Prix,perez,red_bull,94,1.0198350974875472,0,-finish_position,10.0,0.75,season,estimado_historico_anterior,1553,93
2022,13,ricciardo_2022_13,Hungarian Grand Prix,ricciardo,mclaren,94,0.43859872791674265,0,-finish_position,10.0,0.75,season,estimado_historico_anterior,1553,93
2022,13,russell_2022_13,Hungarian Grand Prix,russell,mercedes,94,0.0907211181605652,0,-finish_position,10.0,0.75,season,estimado_historico_anterior,1553,93
2022,13,sainz_2022_13,Hungarian Grand Prix,sainz,ferrari,94,1.0275272308746148,0,-finish_position,10.0,0.75,season,estimado_historico_anterior,1553,93
2022,13,stroll_2022_13,Hungarian Grand Prix,stroll,aston_martin,94,-0.3966725075455985,0,-finish_position,10.0,0.75,season,estimado_historico_anterior,1553,93
2022,13,tsunoda_2022_13,Hungarian Grand Prix,tsunoda,alphatauri,94,-1.4984409438319388,0,-finish_position,10.0,0.75,season,estimado_historico_anterior,1553,93
2022,13,vettel_2022_13,Hungarian Grand Prix,vettel,aston_martin,94,0.11872859201077782,0,-finish_position,10.0,0.75,season,estimado_historico_anterior,1553,93
2022,13,zhou_2022_13,Hungarian Grand Prix,zhou,alfa,94,-0.4373282853828115,0,-finish_position,10.0,0.75,season,estimado_historico_anterior,1553,93
2022,14,albon_2022_14,Belgian Grand Prix,albon,williams,95,-0.10070883698518096,0,-finish_position,10.0,0.75,season,estimado_historico_anterior,1572,94
2022,14,alonso_2022_14,Belgian Grand Prix,alonso,alpine,95,0.20729583442879362,0,-finish_position,10.0,0.75,season,estimado_historico_anterior,1572,94
2022,14,gasly_2022_14,Belgian Grand Prix,gasly,alphatauri,95,0.661006705553091,0,-finish_position,10.0,0.75,season,estimado_historico_anterior,1572,94
2022,14,kevin_magnussen_2022_14,Belgian Grand Prix,kevin_magnussen,haas,95,0.6693081426206521,0,-finish_position,10.0,0.75,season,estimado_historico_anterior,1572,94
2022,14,latifi_2022_14,Belgian Grand Prix,latifi,williams,95,-1.1848757338410387,0,-finish_position,10.0,0.75,season,estimado_historico_anterior,1572,94
2022,14,leclerc_2022_14,Belgian Grand Prix,leclerc,ferrari,95,0.9190933207122131,0,-finish_position,10.0,0.75,season,estimado_historico_anterior,1572,94
2022,14,max_verstappen_2022_14,Belgian Grand Prix,max_verstappen,red_bull,95,3.1284907712786585,0,-finish_position,10.0,0.75,season,estimado_historico_anterior,1572,94
2022,14,mick_schumacher_2022_14,Belgian Grand Prix,mick_schumacher,haas,95,-1.232940056028972,0,-finish_position,10.0,0.75,season,estimado_historico_anterior,1572,94
2022,14,norris_2022_14,Belgian Grand Prix,norris,mclaren,95,1.5175223454644484,0,-finish_position,10.0,0.75,season,estimado_historico_anterior,1572,94
2022,14,ocon_2022_14,Belgian Grand Prix,ocon,alpine,95,0.49347173331397254,0,-finish_position,10.0,0.75,season,estimado_historico_anterior,1572,94
2022,14,perez_2022_14,Belgian Grand Prix,perez,red_bull,95,1.0126595002846956,0,-finish_position,10.0,0.75,season,estimado_historico_anterior,1572,94
2022,14,ricciardo_2022_14,Belgian Grand Prix,ricciardo,mclaren,95,0.3571884135670662,0,-finish_position,10.0,0.75,season,estimado_historico_anterior,1572,94
2022,14,russell_2022_14,Belgian Grand Prix,russell,mercedes,95,0.18538289315853965,0,-finish_position,10.0,0.75,season,estimado_historico_anterior,1572,94
2022,14,sainz_2022_14,Belgian Grand Prix,sainz,ferrari,95,1.0702446549756939,0,-finish_position,10.0,0.75,season,estimado_historico_anterior,1572,94
2022,14,stroll_2022_14,Belgian Grand Prix,stroll,aston_martin,95,-0.38312841700519085,0,-finish_position,10.0,0.75,season,estimado_historico_anterior,1572,94
2022,14,tsunoda_2022_14,Belgian Grand Prix,tsunoda,alphatauri,95,-1.657012273990272,0,-finish_position,10.0,0.75,season,estimado_historico_anterior,1572,94
2022,14,vettel_2022_14,Belgian Grand Prix,vettel,aston_martin,95,0.13164545087277024,0,-finish_position,10.0,0.75,season,estimado_historico_anterior,1572,94
2022,14,zhou_2022_14,Belgian Grand Prix,zhou,alfa,95,-0.48049003933931533,0,-finish_position,10.0,0.75,season,estimado_historico_anterior,1572,94
2022,15,albon_2022_15,Dutch Grand Prix,albon,williams,96,-0.017229567410824802,0,-finish_position,10.0,0.75,season,estimado_historico_anterior,1590,95
2022,15,alonso_2022_15,Dutch Grand Prix,alonso,alpine,96,0.27438033176806687,0,-finish_position,10.0,0.75,season,estimado_historico_anterior,1590,95
2022,15,gasly_2022_15,Dutch Grand Prix,gasly,alphatauri,96,0.6732512228732297,0,-finish_position,10.0,0.75,season,estimado_historico_anterior,1590,95
2022,15,hamilton_2022_15,Dutch Grand Prix,hamilton,mercedes,96,2.232934099470656,0,-finish_position,10.0,0.75,season,estimado_historico_anterior,1590,95
2022,15,kevin_magnussen_2022_15,Dutch Grand Prix,kevin_magnussen,haas,96,0.6121559065438332,0,-finish_position,10.0,0.75,season,estimado_historico_anterior,1590,95
2022,15,latifi_2022_15,Dutch Grand Prix,latifi,williams,96,-1.2820603983937167,0,-finish_position,10.0,0.75,season,estimado_historico_anterior,1590,95
2022,15,leclerc_2022_15,Dutch Grand Prix,leclerc,ferrari,96,0.9134333693309233,0,-finish_position,10.0,0.75,season,estimado_historico_anterior,1590,95
2022,15,max_verstappen_2022_15,Dutch Grand Prix,max_verstappen,red_bull,96,3.1469552837205663,0,-finish_position,10.0,0.75,season,estimado_historico_anterior,1590,95
2022,15,mick_schumacher_2022_15,Dutch Grand Prix,mick_schumacher,haas,96,-1.2742800165443158,0,-finish_position,10.0,0.75,season,estimado_historico_anterior,1590,95
2022,15,norris_2022_15,Dutch Grand Prix,norris,mclaren,96,1.5136061177743225,0,-finish_position,10.0,0.75,season,estimado_historico_anterior,1590,95
2022,15,ocon_2022_15,Dutch Grand Prix,ocon,alpine,96,0.49494725486127206,0,-finish_position,10.0,0.75,season,estimado_historico_anterior,1590,95
2022,15,perez_2022_15,Dutch Grand Prix,perez,red_bull,96,1.0653330697828842,0,-finish_position,10.0,0.75,season,estimado_historico_anterior,1590,95
2022,15,ricciardo_2022_15,Dutch Grand Prix,ricciardo,mclaren,96,0.2931780827863259,0,-finish_position,10.0,0.75,season,estimado_historico_anterior,1590,95
2022,15,russell_2022_15,Dutch Grand Prix,russell,mercedes,96,0.1950249342799113,0,-finish_position,10.0,0.75,season,estimado_historico_anterior,1590,95
2022,15,sainz_2022_15,Dutch Grand Prix,sainz,ferrari,96,1.1345811584027057,0,-finish_position,10.0,0.75,season,estimado_historico_anterior,1590,95
2022,15,stroll_2022_15,Dutch Grand Prix,stroll,aston_martin,96,-0.3993406350861559,0,-finish_position,10.0,0.75,season,estimado_historico_anterior,1590,95
2022,15,vettel_2022_15,Dutch Grand Prix,vettel,aston_martin,96,0.16405569057651728,0,-finish_position,10.0,0.75,season,estimado_historico_anterior,1590,95
2022,15,zhou_2022_15,Dutch Grand Prix,zhou,alfa,96,-0.5644798142386692,0,-finish_position,10.0,0.75,season,estimado_historico_anterior,1590,95
2022,16,bottas_2022_16,Italian Grand Prix,bottas,alfa,97,1.5478646292345422,0,-finish_position,10.0,0.75,season,estimado_historico_anterior,1608,96
2022,16,de_vries_2022_16,Italian Grand Prix,de_vries,williams,97,0.0,1,-finish_position,10.0,0.75,season,estimado_historico_anterior,1608,96
2022,16,gasly_2022_16,Italian Grand Prix,gasly,alphatauri,97,0.6573558116137346,0,-finish_position,10.0,0.75,season,estimado_historico_anterior,1608,96
2022,16,hamilton_2022_16,Italian Grand Prix,hamilton,mercedes,97,2.187113780587318,0,-finish_position,10.0,0.75,season,estimado_historico_anterior,1608,96
2022,16,kevin_magnussen_2022_16,Italian Grand Prix,kevin_magnussen,haas,97,0.5577333947306943,0,-finish_position,10.0,0.75,season,estimado_historico_anterior,1608,96
2022,16,latifi_2022_16,Italian Grand Prix,latifi,williams,97,-1.3346204336583969,0,-finish_position,10.0,0.75,season,estimado_historico_anterior,1608,96
2022,16,leclerc_2022_16,Italian Grand Prix,leclerc,ferrari,97,0.9648379269573462,0,-finish_position,10.0,0.75,season,estimado_historico_anterior,1608,96
2022,16,max_verstappen_2022_16,Italian Grand Prix,max_verstappen,red_bull,97,3.1808331550986986,0,-finish_position,10.0,0.75,season,estimado_historico_anterior,1608,96
2022,16,mick_schumacher_2022_16,Italian Grand Prix,mick_schumacher,haas,97,-1.2276976522098264,0,-finish_position,10.0,0.75,season,estimado_historico_anterior,1608,96
2022,16,norris_2022_16,Italian Grand Prix,norris,mclaren,97,1.5783258766971437,0,-finish_position,10.0,0.75,season,estimado_historico_anterior,1608,96
2022,16,ocon_2022_16,Italian Grand Prix,ocon,alpine,97,0.46902522129835494,0,-finish_position,10.0,0.75,season,estimado_historico_anterior,1608,96
2022,16,perez_2022_16,Italian Grand Prix,perez,red_bull,97,1.0723786196491663,0,-finish_position,10.0,0.75,season,estimado_historico_anterior,1608,96
2022,16,russell_2022_16,Italian Grand Prix,russell,mercedes,97,0.2656165901081968,0,-finish_position,10.0,0.75,season,estimado_historico_anterior,1608,96
2022,16,sainz_2022_16,Italian Grand Prix,sainz,ferrari,97,1.1021444285836899,0,-finish_position,10.0,0.75,season,estimado_historico_anterior,1608,96
2022,16,tsunoda_2022_16,Italian Grand Prix,tsunoda,alphatauri,97,-1.6740430698405506,0,-finish_position,10.0,0.75,season,estimado_historico_anterior,1608,96
2022,16,zhou_2022_16,Italian Grand Prix,zhou,alfa,97,-0.7236023962799694,0,-finish_position,10.0,0.75,season,estimado_historico_anterior,1608,96
2022,17,bottas_2022_17,Singapore Grand Prix,bottas,alfa,98,1.4398562099800047,0,-finish_position,10.0,0.75,season,estimado_historico_anterior,1624,97
2022,17,gasly_2022_17,Singapore Grand Prix,gasly,alphatauri,98,0.6763092494555222,0,-finish_position,10.0,0.75,season,estimado_historico_anterior,1624,97
2022,17,hamilton_2022_17,Singapore Grand Prix,hamilton,mercedes,98,2.0838332718318147,0,-finish_position,10.0,0.75,season,estimado_historico_anterior,1624,97
2022,17,kevin_magnussen_2022_17,Singapore Grand Prix,kevin_magnussen,haas,98,0.47541161641190177,0,-finish_position,10.0,0.75,season,estimado_historico_anterior,1624,97
2022,17,leclerc_2022_17,Singapore Grand Prix,leclerc,ferrari,98,0.9955291563875734,0,-finish_position,10.0,0.75,season,estimado_historico_anterior,1624,97
2022,17,max_verstappen_2022_17,Singapore Grand Prix,max_verstappen,red_bull,98,3.205776546826638,0,-finish_position,10.0,0.75,season,estimado_historico_anterior,1624,97
2022,17,mick_schumacher_2022_17,Singapore Grand Prix,mick_schumacher,haas,98,-1.1626601352168184,0,-finish_position,10.0,0.75,season,estimado_historico_anterior,1624,97
2022,17,norris_2022_17,Singapore Grand Prix,norris,mclaren,98,1.5887611133247586,0,-finish_position,10.0,0.75,season,estimado_historico_anterior,1624,97
2022,17,perez_2022_17,Singapore Grand Prix,perez,red_bull,98,1.0428126405339107,0,-finish_position,10.0,0.75,season,estimado_historico_anterior,1624,97
2022,17,ricciardo_2022_17,Singapore Grand Prix,ricciardo,mclaren,98,0.17006940626684774,0,-finish_position,10.0,0.75,season,estimado_historico_anterior,1624,97
2022,17,russell_2022_17,Singapore Grand Prix,russell,mercedes,98,0.2449072165974553,0,-finish_position,10.0,0.75,season,estimado_historico_anterior,1624,97
2022,17,sainz_2022_17,Singapore Grand Prix,sainz,ferrari,98,1.1024588684728258,0,-finish_position,10.0,0.75,season,estimado_historico_anterior,1624,97
2022,17,stroll_2022_17,Singapore Grand Prix,stroll,aston_martin,98,-0.37556755283017756,0,-finish_position,10.0,0.75,season,estimado_historico_anterior,1624,97
2022,17,vettel_2022_17,Singapore Grand Prix,vettel,aston_martin,98,0.09746801862812622,0,-finish_position,10.0,0.75,season,estimado_historico_anterior,1624,97
2022,18,alonso_2022_18,Japanese Grand Prix,alonso,alpine,99,0.3397526329263866,0,-finish_position,10.0,0.75,season,estimado_historico_anterior,1638,98
2022,18,bottas_2022_18,Japanese Grand Prix,bottas,alfa,99,1.5209702949709534,0,-finish_position,10.0,0.75,season,estimado_historico_anterior,1638,98
2022,18,gasly_2022_18,Japanese Grand Prix,gasly,alphatauri,99,0.6631695000005752,0,-finish_position,10.0,0.75,season,estimado_historico_anterior,1638,98
2022,18,hamilton_2022_18,Japanese Grand Prix,hamilton,mercedes,99,2.11870138002902,0,-finish_position,10.0,0.75,season,estimado_historico_anterior,1638,98
2022,18,kevin_magnussen_2022_18,Japanese Grand Prix,kevin_magnussen,haas,99,0.48181685485412756,0,-finish_position,10.0,0.75,season,estimado_historico_anterior,1638,98
2022,18,latifi_2022_18,Japanese Grand Prix,latifi,williams,99,-1.43816782321586,0,-finish_position,10.0,0.75,season,estimado_historico_anterior,1638,98
2022,18,leclerc_2022_18,Japanese Grand Prix,leclerc,ferrari,99,1.0231676132004088,0,-finish_position,10.0,0.75,season,estimado_historico_anterior,1638,98
2022,18,max_verstappen_2022_18,Japanese Grand Prix,max_verstappen,red_bull,99,3.1165596549793566,0,-finish_position,10.0,0.75,season,estimado_historico_anterior,1638,98
2022,18,mick_schumacher_2022_18,Japanese Grand Prix,mick_schumacher,haas,99,-1.137286657097394,0,-finish_position,10.0,0.75,season,estimado_historico_anterior,1638,98
2022,18,norris_2022_18,Japanese Grand Prix,norris,mclaren,99,1.6188859185176394,0,-finish_position,10.0,0.75,season,estimado_historico_anterior,1638,98
2022,18,ocon_2022_18,Japanese Grand Prix,ocon,alpine,99,0.43466544534959994,0,-finish_position,10.0,0.75,season,estimado_historico_anterior,1638,98
2022,18,perez_2022_18,Japanese Grand Prix,perez,red_bull,99,1.111742699692279,0,-finish_position,10.0,0.75,season,estimado_historico_anterior,1638,98
2022,18,ricciardo_2022_18,Japanese Grand Prix,ricciardo,mclaren,99,0.2201808416822018,0,-finish_position,10.0,0.75,season,estimado_historico_anterior,1638,98
2022,18,russell_2022_18,Japanese Grand Prix,russell,mercedes,99,0.09668327879987224,0,-finish_position,10.0,0.75,season,estimado_historico_anterior,1638,98
2022,18,stroll_2022_18,Japanese Grand Prix,stroll,aston_martin,99,-0.34001480656526595,0,-finish_position,10.0,0.75,season,estimado_historico_anterior,1638,98
2022,18,tsunoda_2022_18,Japanese Grand Prix,tsunoda,alphatauri,99,-1.741154710598428,0,-finish_position,10.0,0.75,season,estimado_historico_anterior,1638,98
2022,18,vettel_2022_18,Japanese Grand Prix,vettel,aston_martin,99,0.08017545647103808,0,-finish_position,10.0,0.75,season,estimado_historico_anterior,1638,98
2022,18,zhou_2022_18,Japanese Grand Prix,zhou,alfa,99,-0.5934613868271056,0,-finish_position,10.0,0.75,season,estimado_historico_anterior,1638,98
2022,19,albon_2022_19,United States Grand Prix,albon,williams,100,-0.05825370221219694,0,-finish_position,10.0,0.75,season,estimado_historico_anterior,1656,99
2022,19,alonso_2022_19,United States Grand Prix,alonso,alpine,100,0.33501521277855967,0,-finish_position,10.0,0.75,season,estimado_historico_anterior,1656,99
2022,19,gasly_2022_19,United States Grand Prix,gasly,alphatauri,100,0.5665131204393429,0,-finish_position,10.0,0.75,season,estimado_historico_anterior,1656,99
2022,19,hamilton_2022_19,United States Grand Prix,hamilton,mercedes,100,2.0865142249836977,0,-finish_position,10.0,0.75,season,estimado_historico_anterior,1656,99
2022,19,kevin_magnussen_2022_19,United States Grand Prix,kevin_magnussen,haas,100,0.47279551719131513,0,-finish_position,10.0,0.75,season,estimado_historico_anterior,1656,99
2022,19,latifi_2022_19,United States Grand Prix,latifi,williams,100,-1.348950977025943,0,-finish_position,10.0,0.75,season,estimado_historico_anterior,1656,99
2022,19,leclerc_2022_19,United States Grand Prix,leclerc,ferrari,100,1.0837753703965838,0,-finish_position,10.0,0.75,season,estimado_historico_anterior,1656,99
2022,19,max_verstappen_2022_19,United States Grand Prix,max_verstappen,red_bull,100,3.10791985807487,0,-finish_position,10.0,0.75,season,estimado_historico_anterior,1656,99
2022,19,mick_schumacher_2022_19,United States Grand Prix,mick_schumacher,haas,100,-1.1848298912114297,0,-finish_position,10.0,0.75,season,estimado_historico_anterior,1656,99
2022,19,norris_2022_19,United States Grand Prix,norris,mclaren,100,1.6037031880116883,0,-finish_position,10.0,0.75,season,estimado_historico_anterior,1656,99
2022,19,ocon_2022_19,United States Grand Prix,ocon,alpine,100,0.4852261827440294,0,-finish_position,10.0,0.75,season,estimado_historico_anterior,1656,99
2022,19,perez_2022_19,United States Grand Prix,perez,red_bull,100,1.1384215696536502,0,-finish_position,10.0,0.75,season,estimado_historico_anterior,1656,99
2022,19,ricciardo_2022_19,United States Grand Prix,ricciardo,mclaren,100,0.20327442343655613,0,-finish_position,10.0,0.75,season,estimado_historico_anterior,1656,99
2022,19,russell_2022_19,United States Grand Prix,russell,mercedes,100,0.02135358300140483,0,-finish_position,10.0,0.75,season,estimado_historico_anterior,1656,99
2022,19,tsunoda_2022_19,United States Grand Prix,tsunoda,alphatauri,100,-1.7088307239189566,0,-finish_position,10.0,0.75,season,estimado_historico_anterior,1656,99
2022,19,vettel_2022_19,United States Grand Prix,vettel,aston_martin,100,0.14756909804886534,0,-finish_position,10.0,0.75,season,estimado_historico_anterior,1656,99
2022,19,zhou_2022_19,United States Grand Prix,zhou,alfa,100,-0.6856652127161377,0,-finish_position,10.0,0.75,season,estimado_historico_anterior,1656,99
2022,20,albon_2022_20,Mexico City Grand Prix,albon,williams,101,-0.05916951268120422,0,-finish_position,10.0,0.75,season,estimado_historico_anterior,1673,100
2022,20,bottas_2022_20,Mexico City Grand Prix,bottas,alfa,101,1.445799995163407,0,-finish_position,10.0,0.75,season,estimado_historico_anterior,1673,100
2022,20,gasly_2022_20,Mexico City Grand Prix,gasly,alphatauri,101,0.5026135820750284,0,-finish_position,10.0,0.75,season,estimado_historico_anterior,1673,100
2022,20,hamilton_2022_20,Mexico City Grand Prix,hamilton,mercedes,101,2.0943995581174835,0,-finish_position,10.0,0.75,season,estimado_historico_anterior,1673,100
2022,20,kevin_magnussen_2022_20,Mexico City Grand Prix,kevin_magnussen,haas,101,0.5425717193118818,0,-finish_position,10.0,0.75,season,estimado_historico_anterior,1673,100
2022,20,latifi_2022_20,Mexico City Grand Prix,latifi,williams,101,-1.3987847098256259,0,-finish_position,10.0,0.75,season,estimado_historico_anterior,1673,100
2022,20,leclerc_2022_20,Mexico City Grand Prix,leclerc,ferrari,101,1.1241117629358026,0,-finish_position,10.0,0.75,season,estimado_historico_anterior,1673,100
2022,20,max_verstappen_2022_20,Mexico City Grand Prix,max_verstappen,red_bull,101,3.1144708859731938,0,-finish_position,10.0,0.75,season,estimado_historico_anterior,1673,100
2022,20,mick_schumacher_2022_20,Mexico City Grand Prix,mick_schumacher,haas,101,-1.2147171208065741,0,-finish_position,10.0,0.75,season,estimado_historico_anterior,1673,100
2022,20,norris_2022_20,Mexico City Grand Prix,norris,mclaren,101,1.6757152713882077,0,-finish_position,10.0,0.75,season,estimado_historico_anterior,1673,100
2022,20,ocon_2022_20,Mexico City Grand Prix,ocon,alpine,101,0.4384644428374927,0,-finish_position,10.0,0.75,season,estimado_historico_anterior,1673,100
2022,20,perez_2022_20,Mexico City Grand Prix,perez,red_bull,101,1.134761204422362,0,-finish_position,10.0,0.75,season,estimado_historico_anterior,1673,100
2022,20,ricciardo_2022_20,Mexico City Grand Prix,ricciardo,mclaren,101,0.10870788389875864,0,-finish_position,10.0,0.75,season,estimado_historico_anterior,1673,100
2022,20,russell_2022_20,Mexico City Grand Prix,russell,mercedes,101,0.027047509874684187,0,-finish_position,10.0,0.75,season,estimado_historico_anterior,1673,100
2022,20,sainz_2022_20,Mexico City Grand Prix,sainz,ferrari,101,1.1381224739452693,0,-finish_position,10.0,0.75,season,estimado_historico_anterior,1673,100
2022,20,stroll_2022_20,Mexico City Grand Prix,stroll,aston_martin,101,-0.4076231177990213,0,-finish_position,10.0,0.75,season,estimado_historico_anterior,1673,100
2022,20,vettel_2022_20,Mexico City Grand Prix,vettel,aston_martin,101,0.17237563660935573,0,-finish_position,10.0,0.75,season,estimado_historico_anterior,1673,100
2022,20,zhou_2022_20,Mexico City Grand Prix,zhou,alfa,101,-0.6683916160399577,0,-finish_position,10.0,0.75,season,estimado_historico_anterior,1673,100
2022,21,albon_2022_21,São Paulo Grand Prix,albon,williams,102,-0.024296083900300105,0,-finish_position,10.0,0.75,season,estimado_historico_anterior,1691,101
2022,21,alonso_2022_21,São Paulo Grand Prix,alonso,alpine,102,0.3824377763223082,0,-finish_position,10.0,0.75,season,estimado_historico_anterior,1691,101
2022,21,bottas_2022_21,São Paulo Grand Prix,bottas,alfa,102,1.439623933678016,0,-finish_position,10.0,0.75,season,estimado_historico_anterior,1691,101
2022,21,gasly_2022_21,São Paulo Grand Prix,gasly,alphatauri,102,0.49100878612930243,0,-finish_position,10.0,0.75,season,estimado_historico_anterior,1691,101
2022,21,hamilton_2022_21,São Paulo Grand Prix,hamilton,mercedes,102,2.099996720528304,0,-finish_position,10.0,0.75,season,estimado_historico_anterior,1691,101
2022,21,latifi_2022_21,São Paulo Grand Prix,latifi,williams,102,-1.4633771816013659,0,-finish_position,10.0,0.75,season,estimado_historico_anterior,1691,101
2022,21,leclerc_2022_21,São Paulo Grand Prix,leclerc,ferrari,102,1.1092234782192352,0,-finish_position,10.0,0.75,season,estimado_historico_anterior,1691,101
2022,21,max_verstappen_2022_21,São Paulo Grand Prix,max_verstappen,red_bull,102,3.1380095996507786,0,-finish_position,10.0,0.75,season,estimado_historico_anterior,1691,101
2022,21,mick_schumacher_2022_21,São Paulo Grand Prix,mick_schumacher,haas,102,-1.223868951437491,0,-finish_position,10.0,0.75,season,estimado_historico_anterior,1691,101
2022,21,ocon_2022_21,São Paulo Grand Prix,ocon,alpine,102,0.4544839003760227,0,-finish_position,10.0,0.75,season,estimado_historico_anterior,1691,101
2022,21,perez_2022_21,São Paulo Grand Prix,perez,red_bull,102,1.1653366580523596,0,-finish_position,10.0,0.75,season,estimado_historico_anterior,1691,101
2022,21,russell_2022_21,São Paulo Grand Prix,russell,mercedes,102,0.05181751038706714,0,-finish_position,10.0,0.75,season,estimado_historico_anterior,1691,101
2022,21,sainz_2022_21,São Paulo Grand Prix,sainz,ferrari,102,1.1390865363243,0,-finish_position,10.0,0.75,season,estimado_historico_anterior,1691,101
2022,21,stroll_2022_21,São Paulo Grand Prix,stroll,aston_martin,102,-0.4214690709020621,0,-finish_position,10.0,0.75,season,estimado_historico_anterior,1691,101
2022,21,tsunoda_2022_21,São Paulo Grand Prix,tsunoda,alphatauri,102,-1.6300320051578367,0,-finish_position,10.0,0.75,season,estimado_historico_anterior,1691,101
2022,21,vettel_2022_21,São Paulo Grand Prix,vettel,aston_martin,102,0.15507748854434086,0,-finish_position,10.0,0.75,season,estimado_historico_anterior,1691,101
2022,21,zhou_2022_21,São Paulo Grand Prix,zhou,alfa,102,-0.6899633583147736,0,-finish_position,10.0,0.75,season,estimado_historico_anterior,1691,101
2022,22,albon_2022_22,Abu Dhabi Grand Prix,albon,williams,103,-0.03665840320210102,0,-finish_position,10.0,0.75,season,estimado_historico_anterior,1708,102
2022,22,bottas_2022_22,Abu Dhabi Grand Prix,bottas,alfa,103,1.4257575859339136,0,-finish_position,10.0,0.75,season,estimado_historico_anterior,1708,102
2022,22,gasly_2022_22,Abu Dhabi Grand Prix,gasly,alphatauri,103,0.4726771098359432,0,-finish_position,10.0,0.75,season,estimado_historico_anterior,1708,102
2022,22,kevin_magnussen_2022_22,Abu Dhabi Grand Prix,kevin_magnussen,haas,103,0.46835957154227803,0,-finish_position,10.0,0.75,season,estimado_historico_anterior,1708,102
2022,22,leclerc_2022_22,Abu Dhabi Grand Prix,leclerc,ferrari,103,1.1046992029537217,0,-finish_position,10.0,0.75,season,estimado_historico_anterior,1708,102
2022,22,max_verstappen_2022_22,Abu Dhabi Grand Prix,max_verstappen,red_bull,103,3.1086394042738386,0,-finish_position,10.0,0.75,season,estimado_historico_anterior,1708,102
2022,22,mick_schumacher_2022_22,Abu Dhabi Grand Prix,mick_schumacher,haas,103,-1.1962075724375767,0,-finish_position,10.0,0.75,season,estimado_historico_anterior,1708,102
2022,22,norris_2022_22,Abu Dhabi Grand Prix,norris,mclaren,103,1.6560438518095384,0,-finish_position,10.0,0.75,season,estimado_historico_anterior,1708,102
2022,22,ocon_2022_22,Abu Dhabi Grand Prix,ocon,alpine,103,0.4397746316694223,0,-finish_position,10.0,0.75,season,estimado_historico_anterior,1708,102
2022,22,perez_2022_22,Abu Dhabi Grand Prix,perez,red_bull,103,1.1418122463471698,0,-finish_position,10.0,0.75,season,estimado_historico_anterior,1708,102
2022,22,ricciardo_2022_22,Abu Dhabi Grand Prix,ricciardo,mclaren,103,0.1531756552928066,0,-finish_position,10.0,0.75,season,estimado_historico_anterior,1708,102
2022,22,russell_2022_22,Abu Dhabi Grand Prix,russell,mercedes,103,0.14037766911689784,0,-finish_position,10.0,0.75,season,estimado_historico_anterior,1708,102
2022,22,sainz_2022_22,Abu Dhabi Grand Prix,sainz,ferrari,103,1.1616420227433228,0,-finish_position,10.0,0.75,season,estimado_historico_anterior,1708,102
2022,22,stroll_2022_22,Abu Dhabi Grand Prix,stroll,aston_martin,103,-0.40612341844668515,0,-finish_position,10.0,0.75,season,estimado_historico_anterior,1708,102
2022,22,tsunoda_2022_22,Abu Dhabi Grand Prix,tsunoda,alphatauri,103,-1.707411669626535,0,-finish_position,10.0,0.75,season,estimado_historico_anterior,1708,102
2022,22,vettel_2022_22,Abu Dhabi Grand Prix,vettel,aston_martin,103,0.12931024282537815,0,-finish_position,10.0,0.75,season,estimado_historico_anterior,1708,102
2022,22,zhou_2022_22,Abu Dhabi Grand Prix,zhou,alfa,103,-0.6927279247393743,0,-finish_position,10.0,0.75,season,estimado_historico_anterior,1708,102
2023,1,albon_2023_1,Bahrain Grand Prix,albon,williams,104,-0.08249321604261062,0,-finish_position,10.0,0.75,season,estimado_historico_anterior,1725,103
2023,1,alonso_2023_1,Bahrain Grand Prix,alonso,aston_martin,104,0.37470983933700147,0,-finish_position,10.0,0.75,season,estimado_historico_anterior,1725,103
2023,1,bottas_2023_1,Bahrain Grand Prix,bottas,alfa,104,1.2826898018281898,0,-finish_position,10.0,0.75,season,estimado_historico_anterior,1725,103
2023,1,de_vries_2023_1,Bahrain Grand Prix,de_vries,alphatauri,104,0.29881190358678494,0,-finish_position,10.0,0.75,season,estimado_historico_anterior,1725,103
2023,1,gasly_2023_1,Bahrain Grand Prix,gasly,alpine,104,0.3841766842763607,0,-finish_position,10.0,0.75,season,estimado_historico_anterior,1725,103
2023,1,hamilton_2023_1,Bahrain Grand Prix,hamilton,mercedes,104,1.9941609492925203,0,-finish_position,10.0,0.75,season,estimado_historico_anterior,1725,103
2023,1,hulkenberg_2023_1,Bahrain Grand Prix,hulkenberg,haas,104,-0.3984008628482858,0,-finish_position,10.0,0.75,season,estimado_historico_anterior,1725,103
2023,1,kevin_magnussen_2023_1,Bahrain Grand Prix,kevin_magnussen,haas,104,0.2674640735151719,0,-finish_position,10.0,0.75,season,estimado_historico_anterior,1725,103
2023,1,max_verstappen_2023_1,Bahrain Grand Prix,max_verstappen,red_bull,104,2.966365089228983,0,-finish_position,10.0,0.75,season,estimado_historico_anterior,1725,103
2023,1,norris_2023_1,Bahrain Grand Prix,norris,mclaren,104,1.536019548895864,0,-finish_position,10.0,0.75,season,estimado_historico_anterior,1725,103
2023,1,perez_2023_1,Bahrain Grand Prix,perez,red_bull,104,1.098323271362583,0,-finish_position,10.0,0.75,season,estimado_historico_anterior,1725,103
2023,1,russell_2023_1,Bahrain Grand Prix,russell,mercedes,104,0.09131560653641393,0,-finish_position,10.0,0.75,season,estimado_historico_anterior,1725,103
2023,1,sainz_2023_1,Bahrain Grand Prix,sainz,ferrari,104,1.1244313085967264,0,-finish_position,10.0,0.75,season,estimado_historico_anterior,1725,103
2023,1,sargeant_2023_1,Bahrain Grand Prix,sargeant,williams,104,0.0,1,-finish_position,10.0,0.75,season,estimado_historico_anterior,1725,103
2023,1,stroll_2023_1,Bahrain Grand Prix,stroll,aston_martin,104,-0.39443669696398614,0,-finish_position,10.0,0.75,season,estimado_historico_anterior,1725,103
2023,1,tsunoda_2023_1,Bahrain Grand Prix,tsunoda,alphatauri,104,-1.5340360404209374,0,-finish_position,10.0,0.75,season,estimado_historico_anterior,1725,103
2023,1,zhou_2023_1,Bahrain Grand Prix,zhou,alfa,104,-0.6141247767616846,0,-finish_position,10.0,0.75,season,estimado_historico_anterior,1725,103
2023,2,alonso_2023_2,Saudi Arabian Grand Prix,alonso,aston_martin,105,0.662008929762416,0,-finish_position,10.0,0.75,season,estimado_historico_anterior,1742,104
2023,2,bottas_2023_2,Saudi Arabian Grand Prix,bottas,alfa,105,1.3584403802054907,0,-finish_position,10.0,0.75,season,estimado_historico_anterior,1742,104
2023,2,de_vries_2023_2,Saudi Arabian Grand Prix,de_vries,alphatauri,105,-0.04280492301641736,0,-finish_position,10.0,0.75,season,estimado_historico_anterior,1742,104
2023,2,gasly_2023_2,Saudi Arabian Grand Prix,gasly,alpine,105,0.44537039564174913,0,-finish_position,10.0,0.75,season,estimado_historico_anterior,1742,104
2023,2,hamilton_2023_2,Saudi Arabian Grand Prix,hamilton,mercedes,105,2.0092165025364968,0,-finish_position,10.0,0.75,season,estimado_historico_anterior,1742,104
2023,2,hulkenberg_2023_2,Saudi Arabian Grand Prix,hulkenberg,haas,105,-0.47767450822225926,0,-finish_position,10.0,0.75,season,estimado_historico_anterior,1742,104
2023,2,kevin_magnussen_2023_2,Saudi Arabian Grand Prix,kevin_magnussen,haas,105,0.2933303204981232,0,-finish_position,10.0,0.75,season,estimado_historico_anterior,1742,104
2023,2,leclerc_2023_2,Saudi Arabian Grand Prix,leclerc,ferrari,105,1.0811757880532207,0,-finish_position,10.0,0.75,season,estimado_historico_anterior,1742,104
2023,2,max_verstappen_2023_2,Saudi Arabian Grand Prix,max_verstappen,red_bull,105,2.9917086977172502,0,-finish_position,10.0,0.75,season,estimado_historico_anterior,1742,104
2023,2,norris_2023_2,Saudi Arabian Grand Prix,norris,mclaren,105,1.40182740729548,0,-finish_position,10.0,0.75,season,estimado_historico_anterior,1742,104
2023,2,ocon_2023_2,Saudi Arabian Grand Prix,ocon,alpine,105,0.5115735553635472,0,-finish_position,10.0,0.75,season,estimado_historico_anterior,1742,104
2023,2,perez_2023_2,Saudi Arabian Grand Prix,perez,red_bull,105,1.149889911484694,0,-finish_position,10.0,0.75,season,estimado_historico_anterior,1742,104
2023,2,piastri_2023_2,Saudi Arabian Grand Prix,piastri,mclaren,105,0.0,1,-finish_position,10.0,0.75,season,estimado_historico_anterior,1742,104
2023,2,russell_2023_2,Saudi Arabian Grand Prix,russell,mercedes,105,0.04330097205108075,0,-finish_position,10.0,0.75,season,estimado_historico_anterior,1742,104
2023,2,sainz_2023_2,Saudi Arabian Grand Prix,sainz,ferrari,105,1.140042402808492,0,-finish_position,10.0,0.75,season,estimado_historico_anterior,1742,104
2023,2,sargeant_2023_2,Saudi Arabian Grand Prix,sargeant,williams,105,0.11099307687106268,0,-finish_position,10.0,0.75,season,estimado_historico_anterior,1742,104
2023,2,tsunoda_2023_2,Saudi Arabian Grand Prix,tsunoda,alphatauri,105,-1.4391290965660917,0,-finish_position,10.0,0.75,season,estimado_historico_anterior,1742,104
2023,2,zhou_2023_2,Saudi Arabian Grand Prix,zhou,alfa,105,-0.766764895761779,0,-finish_position,10.0,0.75,season,estimado_historico_anterior,1742,104
2023,3,alonso_2023_3,Australian Grand Prix,alonso,aston_martin,106,0.936163398556909,0,-finish_position,10.0,0.75,season,estimado_historico_anterior,1760,105
2023,3,bottas_2023_3,Australian Grand Prix,bottas,alfa,106,1.209482534742786,0,-finish_position,10.0,0.75,season,estimado_historico_anterior,1760,105
2023,3,hamilton_2023_3,Australian Grand Prix,hamilton,mercedes,106,1.9265287879122315,0,-finish_position,10.0,0.75,season,estimado_historico_anterior,1760,105
2023,3,hulkenberg_2023_3,Australian Grand Prix,hulkenberg,haas,106,-0.3846064146685102,0,-finish_position,10.0,0.75,season,estimado_historico_anterior,1760,105
2023,3,max_verstappen_2023_3,Australian Grand Prix,max_verstappen,red_bull,106,2.9998486698792433,0,-finish_position,10.0,0.75,season,estimado_historico_anterior,1760,105
2023,3,norris_2023_3,Australian Grand Prix,norris,mclaren,106,1.3746443614119235,0,-finish_position,10.0,0.75,season,estimado_historico_anterior,1760,105
2023,3,perez_2023_3,Australian Grand Prix,perez,red_bull,106,1.2277585367382555,0,-finish_position,10.0,0.75,season,estimado_historico_anterior,1760,105
2023,3,piastri_2023_3,Australian Grand Prix,piastri,mclaren,106,-0.477062769783415,0,-finish_position,10.0,0.75,season,estimado_historico_anterior,1760,105
2023,3,sainz_2023_3,Australian Grand Prix,sainz,ferrari,106,1.1937085540220789,0,-finish_position,10.0,0.75,season,estimado_historico_anterior,1760,105
2023,3,stroll_2023_3,Australian Grand Prix,stroll,aston_martin,106,-0.4943821325709151,0,-finish_position,10.0,0.75,season,estimado_historico_anterior,1760,105
2023,3,tsunoda_2023_3,Australian Grand Prix,tsunoda,alphatauri,106,-1.347626858668251,0,-finish_position,10.0,0.75,season,estimado_historico_anterior,1760,105
2023,3,zhou_2023_3,Australian Grand Prix,zhou,alfa,106,-0.7056257454463876,0,-finish_position,10.0,0.75,season,estimado_historico_anterior,1760,105
2023,4,albon_2023_4,Azerbaijan Grand Prix,albon,williams,107,-0.010637788206811584,0,-finish_position,10.0,0.75,season,estimado_historico_anterior,1772,106
2023,4,alonso_2023_4,Azerbaijan Grand Prix,alonso,aston_martin,107,1.1219982678309397,0,-finish_position,10.0,0.75,season,estimado_historico_anterior,1772,106
2023,4,bottas_2023_4,Azerbaijan Grand Prix,bottas,alfa,107,1.1788860180602903,0,-finish_position,10.0,0.75,season,estimado_historico_anterior,1772,106
2023,4,gasly_2023_4,Azerbaijan Grand Prix,gasly,alpine,107,0.49483368157963964,0,-finish_position,10.0,0.75,season,estimado_historico_anterior,1772,106
2023,4,hamilton_2023_4,Azerbaijan Grand Prix,hamilton,mercedes,107,1.9326295799085882,0,-finish_position,10.0,0.75,season,estimado_historico_anterior,1772,106
2023,4,hulkenberg_2023_4,Azerbaijan Grand Prix,hulkenberg,haas,107,-0.13623934105766536,0,-finish_position,10.0,0.75,season,estimado_historico_anterior,1772,106
2023,4,kevin_magnussen_2023_4,Azerbaijan Grand Prix,kevin_magnussen,haas,107,0.21690998677872578,0,-finish_position,10.0,0.75,season,estimado_historico_anterior,1772,106
2023,4,leclerc_2023_4,Azerbaijan Grand Prix,leclerc,ferrari,107,1.0919089852720136,0,-finish_position,10.0,0.75,season,estimado_historico_anterior,1772,106
2023,4,max_verstappen_2023_4,Azerbaijan Grand Prix,max_verstappen,red_bull,107,3.02213032974117,0,-finish_position,10.0,0.75,season,estimado_historico_anterior,1772,106
2023,4,norris_2023_4,Azerbaijan Grand Prix,norris,mclaren,107,1.3659894865127167,0,-finish_position,10.0,0.75,season,estimado_historico_anterior,1772,106
2023,4,ocon_2023_4,Azerbaijan Grand Prix,ocon,alpine,107,0.6885197063945895,0,-finish_position,10.0,0.75,season,estimado_historico_anterior,1772,106
2023,4,perez_2023_4,Azerbaijan Grand Prix,perez,red_bull,107,1.212421314198449,0,-finish_position,10.0,0.75,season,estimado_historico_anterior,1772,106
2023,4,piastri_2023_4,Azerbaijan Grand Prix,piastri,mclaren,107,-0.3052750872995432,0,-finish_position,10.0,0.75,season,estimado_historico_anterior,1772,106
2023,4,russell_2023_4,Azerbaijan Grand Prix,russell,mercedes,107,0.05604735698400652,0,-finish_position,10.0,0.75,season,estimado_historico_anterior,1772,106
2023,4,sainz_2023_4,Azerbaijan Grand Prix,sainz,ferrari,107,1.0631767088965554,0,-finish_position,10.0,0.75,season,estimado_historico_anterior,1772,106
2023,4,sargeant_2023_4,Azerbaijan Grand Prix,sargeant,williams,107,-0.12161930631071667,0,-finish_position,10.0,0.75,season,estimado_historico_anterior,1772,106
2023,4,stroll_2023_4,Azerbaijan Grand Prix,stroll,aston_martin,107,-0.48210682575903796,0,-finish_position,10.0,0.75,season,estimado_historico_anterior,1772,106
2023,4,tsunoda_2023_4,Azerbaijan Grand Prix,tsunoda,alphatauri,107,-1.314289030449617,0,-finish_position,10.0,0.75,season,estimado_historico_anterior,1772,106
2023,5,albon_2023_5,Miami Grand Prix,albon,williams,108,0.013271161984711276,0,-finish_position,10.0,0.75,season,estimado_historico_anterior,1790,107
2023,5,alonso_2023_5,Miami Grand Prix,alonso,aston_martin,108,1.395181440409155,0,-finish_position,10.0,0.75,season,estimado_historico_anterior,1790,107
2023,5,bottas_2023_5,Miami Grand Prix,bottas,alfa,108,1.0692294967878222,0,-finish_position,10.0,0.75,season,estimado_historico_anterior,1790,107
2023,5,de_vries_2023_5,Miami Grand Prix,de_vries,alphatauri,108,-0.3264214571963894,0,-finish_position,10.0,0.75,season,estimado_historico_anterior,1790,107
2023,5,gasly_2023_5,Miami Grand Prix,gasly,alpine,108,0.36516307507725937,0,-finish_position,10.0,0.75,season,estimado_historico_anterior,1790,107
2023,5,hamilton_2023_5,Miami Grand Prix,hamilton,mercedes,108,1.8795658402535478,0,-finish_position,10.0,0.75,season,estimado_historico_anterior,1790,107
2023,5,hulkenberg_2023_5,Miami Grand Prix,hulkenberg,haas,108,-0.2922619312179589,0,-finish_position,10.0,0.75,season,estimado_historico_anterior,1790,107
2023,5,kevin_magnussen_2023_5,Miami Grand Prix,kevin_magnussen,haas,108,0.27650403391689016,0,-finish_position,10.0,0.75,season,estimado_historico_anterior,1790,107
2023,5,leclerc_2023_5,Miami Grand Prix,leclerc,ferrari,108,1.1205616757472565,0,-finish_position,10.0,0.75,season,estimado_historico_anterior,1790,107
2023,5,max_verstappen_2023_5,Miami Grand Prix,max_verstappen,red_bull,108,3.009834075615122,0,-finish_position,10.0,0.75,season,estimado_historico_anterior,1790,107
2023,5,norris_2023_5,Miami Grand Prix,norris,mclaren,108,1.3808626386477763,0,-finish_position,10.0,0.75,season,estimado_historico_anterior,1790,107
2023,5,ocon_2023_5,Miami Grand Prix,ocon,alpine,108,0.726096889527341,0,-finish_position,10.0,0.75,season,estimado_historico_anterior,1790,107
2023,5,perez_2023_5,Miami Grand Prix,perez,red_bull,108,1.2690572279839785,0,-finish_position,10.0,0.75,season,estimado_historico_anterior,1790,107
2023,5,piastri_2023_5,Miami Grand Prix,piastri,mclaren,108,-0.37641622743992026,0,-finish_position,10.0,0.75,season,estimado_historico_anterior,1790,107
2023,5,russell_2023_5,Miami Grand Prix,russell,mercedes,108,3.2134329243043705e-05,0,-finish_position,10.0,0.75,season,estimado_historico_anterior,1790,107
2023,5,sainz_2023_5,Miami Grand Prix,sainz,ferrari,108,1.0631416733060133,0,-finish_position,10.0,0.75,season,estimado_historico_anterior,1790,107
2023,5,sargeant_2023_5,Miami Grand Prix,sargeant,williams,108,-0.3217558857388561,0,-finish_position,10.0,0.75,season,estimado_historico_anterior,1790,107
2023,5,stroll_2023_5,Miami Grand Prix,stroll,aston_martin,108,-0.48360172184178823,0,-finish_position,10.0,0.75,season,estimado_historico_anterior,1790,107
2023,5,tsunoda_2023_5,Miami Grand Prix,tsunoda,alphatauri,108,-1.3243020828801877,0,-finish_position,10.0,0.75,season,estimado_historico_anterior,1790,107
2023,5,zhou_2023_5,Miami Grand Prix,zhou,alfa,108,-0.5176637396116716,0,-finish_position,10.0,0.75,season,estimado_historico_anterior,1790,107
2023,6,albon_2023_6,Monaco Grand Prix,albon,williams,109,0.05045565375545293,0,-finish_position,10.0,0.75,season,estimado_historico_anterior,1810,108
2023,6,alonso_2023_6,Monaco Grand Prix,alonso,aston_martin,109,1.5896071279207562,0,-finish_position,10.0,0.75,season,estimado_historico_anterior,1810,108
2023,6,bottas_2023_6,Monaco Grand Prix,bottas,alfa,109,1.0667321134442815,0,-finish_position,10.0,0.75,season,estimado_historico_anterior,1810,108
2023,6,de_vries_2023_6,Monaco Grand Prix,de_vries,alphatauri,109,-0.8103375873373964,0,-finish_position,10.0,0.75,season,estimado_historico_anterior,1810,108
2023,6,gasly_2023_6,Monaco Grand Prix,gasly,alpine,109,0.5263794386099678,0,-finish_position,10.0,0.75,season,estimado_historico_anterior,1810,108
2023,6,hamilton_2023_6,Monaco Grand Prix,hamilton,mercedes,109,1.855552371572203,0,-finish_position,10.0,0.75,season,estimado_historico_anterior,1810,108
2023,6,hulkenberg_2023_6,Monaco Grand Prix,hulkenberg,haas,109,-0.32919760117542446,0,-finish_position,10.0,0.75,season,estimado_historico_anterior,1810,108
2023,6,leclerc_2023_6,Monaco Grand Prix,leclerc,ferrari,109,1.1274833795538564,0,-finish_position,10.0,0.75,season,estimado_historico_anterior,1810,108
2023,6,max_verstappen_2023_6,Monaco Grand Prix,max_verstappen,red_bull,109,3.057128532414195,0,-finish_position,10.0,0.75,season,estimado_historico_anterior,1810,108
2023,6,norris_2023_6,Monaco Grand Prix,norris,mclaren,109,1.3873198199668502,0,-finish_position,10.0,0.75,season,estimado_historico_anterior,1810,108
2023,6,ocon_2023_6,Monaco Grand Prix,ocon,alpine,109,0.799082035953344,0,-finish_position,10.0,0.75,season,estimado_historico_anterior,1810,108
2023,6,perez_2023_6,Monaco Grand Prix,perez,red_bull,109,1.3375363838783927,0,-finish_position,10.0,0.75,season,estimado_historico_anterior,1810,108
2023,6,piastri_2023_6,Monaco Grand Prix,piastri,mclaren,109,-0.9542782197473846,0,-finish_position,10.0,0.75,season,estimado_historico_anterior,1810,108
2023,6,russell_2023_6,Monaco Grand Prix,russell,mercedes,109,0.08359192465895637,0,-finish_position,10.0,0.75,season,estimado_historico_anterior,1810,108
2023,6,sainz_2023_6,Monaco Grand Prix,sainz,ferrari,109,1.1428773310835239,0,-finish_position,10.0,0.75,season,estimado_historico_anterior,1810,108
2023,6,sargeant_2023_6,Monaco Grand Prix,sargeant,williams,109,-0.7468553690070399,0,-finish_position,10.0,0.75,season,estimado_historico_anterior,1810,108
2023,6,tsunoda_2023_6,Monaco Grand Prix,tsunoda,alphatauri,109,-1.1549433219838632,0,-finish_position,10.0,0.75,season,estimado_historico_anterior,1810,108
2023,6,zhou_2023_6,Monaco Grand Prix,zhou,alfa,109,-0.5952242485248443,0,-finish_position,10.0,0.75,season,estimado_historico_anterior,1810,108
2023,7,albon_2023_7,Spanish Grand Prix,albon,williams,110,0.08485615639492461,0,-finish_position,10.0,0.75,season,estimado_historico_anterior,1828,109
2023,7,alonso_2023_7,Spanish Grand Prix,alonso,aston_martin,110,1.6905314847353254,0,-finish_position,10.0,0.75,season,estimado_historico_anterior,1828,109
2023,7,bottas_2023_7,Spanish Grand Prix,bottas,alfa,110,1.0726569896238356,0,-finish_position,10.0,0.75,season,estimado_historico_anterior,1828,109
2023,7,de_vries_2023_7,Spanish Grand Prix,de_vries,alphatauri,110,-0.832101826071994,0,-finish_position,10.0,0.75,season,estimado_historico_anterior,1828,109
2023,7,gasly_2023_7,Spanish Grand Prix,gasly,alpine,110,0.6164302766544424,0,-finish_position,10.0,0.75,season,estimado_historico_anterior,1828,109
2023,7,hamilton_2023_7,Spanish Grand Prix,hamilton,mercedes,110,1.8569605527934303,0,-finish_position,10.0,0.75,season,estimado_historico_anterior,1828,109
2023,7,hulkenberg_2023_7,Spanish Grand Prix,hulkenberg,haas,110,-0.4649225740689272,0,-finish_position,10.0,0.75,season,estimado_historico_anterior,1828,109
2023,7,kevin_magnussen_2023_7,Spanish Grand Prix,kevin_magnussen,haas,110,0.4221643079487566,0,-finish_position,10.0,0.75,season,estimado_historico_anterior,1828,109
2023,7,leclerc_2023_7,Spanish Grand Prix,leclerc,ferrari,110,1.118433641856573,0,-finish_position,10.0,0.75,season,estimado_historico_anterior,1828,109
2023,7,max_verstappen_2023_7,Spanish Grand Prix,max_verstappen,red_bull,110,3.1747094186528164,0,-finish_position,10.0,0.75,season,estimado_historico_anterior,1828,109
2023,7,norris_2023_7,Spanish Grand Prix,norris,mclaren,110,1.3675027152142125,0,-finish_position,10.0,0.75,season,estimado_historico_anterior,1828,109
2023,7,ocon_2023_7,Spanish Grand Prix,ocon,alpine,110,0.8947186397800023,0,-finish_position,10.0,0.75,season,estimado_historico_anterior,1828,109
2023,7,perez_2023_7,Spanish Grand Prix,perez,red_bull,110,1.1739109520373494,0,-finish_position,10.0,0.75,season,estimado_historico_anterior,1828,109
2023,7,piastri_2023_7,Spanish Grand Prix,piastri,mclaren,110,-0.9008884861110946,0,-finish_position,10.0,0.75,season,estimado_historico_anterior,1828,109
2023,7,russell_2023_7,Spanish Grand Prix,russell,mercedes,110,0.11924471591630681,0,-finish_position,10.0,0.75,season,estimado_historico_anterior,1828,109
2023,7,sainz_2023_7,Spanish Grand Prix,sainz,ferrari,110,1.0927759960449506,0,-finish_position,10.0,0.75,season,estimado_historico_anterior,1828,109
2023,7,sargeant_2023_7,Spanish Grand Prix,sargeant,williams,110,-0.9850370553677456,0,-finish_position,10.0,0.75,season,estimado_historico_anterior,1828,109
2023,7,stroll_2023_7,Spanish Grand Prix,stroll,aston_martin,110,-0.6159494004101993,0,-finish_position,10.0,0.75,season,estimado_historico_anterior,1828,109
2023,7,tsunoda_2023_7,Spanish Grand Prix,tsunoda,alphatauri,110,-1.1863480287453394,0,-finish_position,10.0,0.75,season,estimado_historico_anterior,1828,109
2023,7,zhou_2023_7,Spanish Grand Prix,zhou,alfa,110,-0.6035614546026425,0,-finish_position,10.0,0.75,season,estimado_historico_anterior,1828,109
2023,8,albon_2023_8,Canadian Grand Prix,albon,williams,111,0.06431595732831036,0,-finish_position,10.0,0.75,season,estimado_historico_anterior,1848,110
2023,8,alonso_2023_8,Canadian Grand Prix,alonso,aston_martin,111,1.731574039041305,0,-finish_position,10.0,0.75,season,estimado_historico_anterior,1848,110
2023,8,bottas_2023_8,Canadian Grand Prix,bottas,alfa,111,0.9198542091997964,0,-finish_position,10.0,0.75,season,estimado_historico_anterior,1848,110
2023,8,de_vries_2023_8,Canadian Grand Prix,de_vries,alphatauri,111,-0.9744251473229673,0,-finish_position,10.0,0.75,season,estimado_historico_anterior,1848,110
2023,8,gasly_2023_8,Canadian Grand Prix,gasly,alpine,111,0.6346798154586354,0,-finish_position,10.0,0.75,season,estimado_historico_anterior,1848,110
2023,8,hamilton_2023_8,Canadian Grand Prix,hamilton,mercedes,111,1.8176500814931598,0,-finish_position,10.0,0.75,season,estimado_historico_anterior,1848,110
2023,8,hulkenberg_2023_8,Canadian Grand Prix,hulkenberg,haas,111,-0.4899050692601961,0,-finish_position,10.0,0.75,season,estimado_historico_anterior,1848,110
2023,8,kevin_magnussen_2023_8,Canadian Grand Prix,kevin_magnussen,haas,111,0.3457381036108062,0,-finish_position,10.0,0.75,season,estimado_historico_anterior,1848,110
2023,8,leclerc_2023_8,Canadian Grand Prix,leclerc,ferrari,111,1.0479236464296233,0,-finish_position,10.0,0.75,season,estimado_historico_anterior,1848,110
2023,8,max_verstappen_2023_8,Canadian Grand Prix,max_verstappen,red_bull,111,3.206789153914594,0,-finish_position,10.0,0.75,season,estimado_historico_anterior,1848,110
2023,8,norris_2023_8,Canadian Grand Prix,norris,mclaren,111,1.2780638010198868,0,-finish_position,10.0,0.75,season,estimado_historico_anterior,1848,110
2023,8,ocon_2023_8,Canadian Grand Prix,ocon,alpine,111,0.9426981872391854,0,-finish_position,10.0,0.75,season,estimado_historico_anterior,1848,110
2023,8,perez_2023_8,Canadian Grand Prix,perez,red_bull,111,1.2000544531866575,0,-finish_position,10.0,0.75,season,estimado_historico_anterior,1848,110
2023,8,piastri_2023_8,Canadian Grand Prix,piastri,mclaren,111,-1.0092087870829562,0,-finish_position,10.0,0.75,season,estimado_historico_anterior,1848,110
2023,8,sainz_2023_8,Canadian Grand Prix,sainz,ferrari,111,1.1396899550512782,0,-finish_position,10.0,0.75,season,estimado_historico_anterior,1848,110
2023,8,stroll_2023_8,Canadian Grand Prix,stroll,aston_martin,111,-0.5403068403311113,0,-finish_position,10.0,0.75,season,estimado_historico_anterior,1848,110
2023,8,tsunoda_2023_8,Canadian Grand Prix,tsunoda,alphatauri,111,-1.155408781839062,0,-finish_position,10.0,0.75,season,estimado_historico_anterior,1848,110
2023,8,zhou_2023_8,Canadian Grand Prix,zhou,alfa,111,-0.422020334208461,0,-finish_position,10.0,0.75,season,estimado_historico_anterior,1848,110
2023,9,albon_2023_9,Austrian Grand Prix,albon,williams,112,0.20722641921238918,0,-finish_position,10.0,0.75,season,estimado_historico_anterior,1866,111
2023,9,alonso_2023_9,Austrian Grand Prix,alonso,aston_martin,112,1.9183365854705052,0,-finish_position,10.0,0.75,season,estimado_historico_anterior,1866,111
2023,9,bottas_2023_9,Austrian Grand Prix,bottas,alfa,112,0.9482223143612285,0,-finish_position,10.0,0.75,season,estimado_historico_anterior,1866,111
2023,9,de_vries_2023_9,Austrian Grand Prix,de_vries,alphatauri,112,-1.320872441305234,0,-finish_position,10.0,0.75,season,estimado_historico_anterior,1866,111
2023,9,gasly_2023_9,Austrian Grand Prix,gasly,alpine,112,0.6646899201068996,0,-finish_position,10.0,0.75,season,estimado_historico_anterior,1866,111
2023,9,hamilton_2023_9,Austrian Grand Prix,hamilton,mercedes,112,1.8326396277356058,0,-finish_position,10.0,0.75,season,estimado_historico_anterior,1866,111
2023,9,kevin_magnussen_2023_9,Austrian Grand Prix,kevin_magnussen,haas,112,0.2880570200313172,0,-finish_position,10.0,0.75,season,estimado_historico_anterior,1866,111
2023,9,leclerc_2023_9,Austrian Grand Prix,leclerc,ferrari,112,1.0621678285063336,0,-finish_position,10.0,0.75,season,estimado_historico_anterior,1866,111
2023,9,max_verstappen_2023_9,Austrian Grand Prix,max_verstappen,red_bull,112,3.271276854791059,0,-finish_position,10.0,0.75,season,estimado_historico_anterior,1866,111
2023,9,norris_2023_9,Austrian Grand Prix,norris,mclaren,112,1.2297768990421567,0,-finish_position,10.0,0.75,season,estimado_historico_anterior,1866,111
2023,9,ocon_2023_9,Austrian Grand Prix,ocon,alpine,112,1.0531636009699485,0,-finish_position,10.0,0.75,season,estimado_historico_anterior,1866,111
2023,9,perez_2023_9,Austrian Grand Prix,perez,red_bull,112,1.2041152131998132,0,-finish_position,10.0,0.75,season,estimado_historico_anterior,1866,111
2023,9,piastri_2023_9,Austrian Grand Prix,piastri,mclaren,112,-0.9959240895499782,0,-finish_position,10.0,0.75,season,estimado_historico_anterior,1866,111
2023,9,russell_2023_9,Austrian Grand Prix,russell,mercedes,112,0.14982561795090163,0,-finish_position,10.0,0.75,season,estimado_historico_anterior,1866,111
2023,9,sainz_2023_9,Austrian Grand Prix,sainz,ferrari,112,1.1449035787258754,0,-finish_position,10.0,0.75,season,estimado_historico_anterior,1866,111
2023,9,sargeant_2023_9,Austrian Grand Prix,sargeant,williams,112,-1.318331683090081,0,-finish_position,10.0,0.75,season,estimado_historico_anterior,1866,111
2023,9,stroll_2023_9,Austrian Grand Prix,stroll,aston_martin,112,-0.5883665767049101,0,-finish_position,10.0,0.75,season,estimado_historico_anterior,1866,111
2023,9,tsunoda_2023_9,Austrian Grand Prix,tsunoda,alphatauri,112,-1.1328819790422062,0,-finish_position,10.0,0.75,season,estimado_historico_anterior,1866,111
2023,9,zhou_2023_9,Austrian Grand Prix,zhou,alfa,112,-0.5291971481981836,0,-finish_position,10.0,0.75,season,estimado_historico_anterior,1866,111
2023,10,albon_2023_10,British Grand Prix,albon,williams,113,0.24409965245484597,0,-finish_position,10.0,0.75,season,estimado_historico_anterior,1885,112
2023,10,alonso_2023_10,British Grand Prix,alonso,aston_martin,113,2.028813333720685,0,-finish_position,10.0,0.75,season,estimado_historico_anterior,1885,112
2023,10,bottas_2023_10,British Grand Prix,bottas,alfa,113,0.9059267993716796,0,-finish_position,10.0,0.75,season,estimado_historico_anterior,1885,112
2023,10,de_vries_2023_10,British Grand Prix,de_vries,alphatauri,113,-1.548407364634561,0,-finish_position,10.0,0.75,season,estimado_historico_anterior,1885,112
2023,10,hamilton_2023_10,British Grand Prix,hamilton,mercedes,113,1.7696401066019298,0,-finish_position,10.0,0.75,season,estimado_historico_anterior,1885,112
2023,10,hulkenberg_2023_10,British Grand Prix,hulkenberg,haas,113,-0.5067014723796996,0,-finish_position,10.0,0.75,season,estimado_historico_anterior,1885,112
2023,10,leclerc_2023_10,British Grand Prix,leclerc,ferrari,113,1.1254897486707924,0,-finish_position,10.0,0.75,season,estimado_historico_anterior,1885,112
2023,10,max_verstappen_2023_10,British Grand Prix,max_verstappen,red_bull,113,3.303047518982042,0,-finish_position,10.0,0.75,season,estimado_historico_anterior,1885,112
2023,10,norris_2023_10,British Grand Prix,norris,mclaren,113,1.3552812404276837,0,-finish_position,10.0,0.75,season,estimado_historico_anterior,1885,112
2023,10,perez_2023_10,British Grand Prix,perez,red_bull,113,1.2428949371851752,0,-finish_position,10.0,0.75,season,estimado_historico_anterior,1885,112
2023,10,piastri_2023_10,British Grand Prix,piastri,mclaren,113,-1.2506772884209945,0,-finish_position,10.0,0.75,season,estimado_historico_anterior,1885,112
2023,10,russell_2023_10,British Grand Prix,russell,mercedes,113,0.1033327130258738,0,-finish_position,10.0,0.75,season,estimado_historico_anterior,1885,112
2023,10,sainz_2023_10,British Grand Prix,sainz,ferrari,113,1.145751897139069,0,-finish_position,10.0,0.75,season,estimado_historico_anterior,1885,112
2023,10,sargeant_2023_10,British Grand Prix,sargeant,williams,113,-1.2315372806998215,0,-finish_position,10.0,0.75,season,estimado_historico_anterior,1885,112
2023,10,stroll_2023_10,British Grand Prix,stroll,aston_martin,113,-0.5891076366104945,0,-finish_position,10.0,0.75,season,estimado_historico_anterior,1885,112
2023,10,tsunoda_2023_10,British Grand Prix,tsunoda,alphatauri,113,-1.2066986090388216,0,-finish_position,10.0,0.75,season,estimado_historico_anterior,1885,112
2023,10,zhou_2023_10,British Grand Prix,zhou,alfa,113,-0.4697322743327867,0,-finish_position,10.0,0.75,season,estimado_historico_anterior,1885,112
2023,11,albon_2023_11,Hungarian Grand Prix,albon,williams,114,0.32752664511659985,0,-finish_position,10.0,0.75,season,estimado_historico_anterior,1902,113
2023,11,alonso_2023_11,Hungarian Grand Prix,alonso,aston_martin,114,2.0398611147880032,0,-finish_position,10.0,0.75,season,estimado_historico_anterior,1902,113
2023,11,bottas_2023_11,Hungarian Grand Prix,bottas,alfa,114,0.8884873545897464,0,-finish_position,10.0,0.75,season,estimado_historico_anterior,1902,113
2023,11,hamilton_2023_11,Hungarian Grand Prix,hamilton,mercedes,114,1.7566268191431507,0,-finish_position,10.0,0.75,season,estimado_historico_anterior,1902,113
2023,11,hulkenberg_2023_11,Hungarian Grand Prix,hulkenberg,haas,114,-0.490567405079436,0,-finish_position,10.0,0.75,season,estimado_historico_anterior,1902,113
2023,11,kevin_magnussen_2023_11,Hungarian Grand Prix,kevin_magnussen,haas,114,0.1888235598321706,0,-finish_position,10.0,0.75,season,estimado_historico_anterior,1902,113
2023,11,leclerc_2023_11,Hungarian Grand Prix,leclerc,ferrari,114,1.0968771908914636,0,-finish_position,10.0,0.75,season,estimado_historico_anterior,1902,113
2023,11,max_verstappen_2023_11,Hungarian Grand Prix,max_verstappen,red_bull,114,3.3444692963743923,0,-finish_position,10.0,0.75,season,estimado_historico_anterior,1902,113
2023,11,norris_2023_11,Hungarian Grand Prix,norris,mclaren,114,1.376847822723364,0,-finish_position,10.0,0.75,season,estimado_historico_anterior,1902,113
2023,11,perez_2023_11,Hungarian Grand Prix,perez,red_bull,114,1.2268533495173084,0,-finish_position,10.0,0.75,season,estimado_historico_anterior,1902,113
2023,11,piastri_2023_11,Hungarian Grand Prix,piastri,mclaren,114,-0.9191802125138261,0,-finish_position,10.0,0.75,season,estimado_historico_anterior,1902,113
2023,11,ricciardo_2023_11,Hungarian Grand Prix,ricciardo,alphatauri,114,0.3978600023765519,0,-finish_position,10.0,0.75,season,estimado_historico_anterior,1902,113
2023,11,russell_2023_11,Hungarian Grand Prix,russell,mercedes,114,0.0635695234343073,0,-finish_position,10.0,0.75,season,estimado_historico_anterior,1902,113
2023,11,sainz_2023_11,Hungarian Grand Prix,sainz,ferrari,114,1.0709816804364969,0,-finish_position,10.0,0.75,season,estimado_historico_anterior,1902,113
2023,11,stroll_2023_11,Hungarian Grand Prix,stroll,aston_martin,114,-0.654143619203015,0,-finish_position,10.0,0.75,season,estimado_historico_anterior,1902,113
2023,11,tsunoda_2023_11,Hungarian Grand Prix,tsunoda,alphatauri,114,-1.2318582282895039,0,-finish_position,10.0,0.75,season,estimado_historico_anterior,1902,113
2023,11,zhou_2023_11,Hungarian Grand Prix,zhou,alfa,114,-0.5293305009826661,0,-finish_position,10.0,0.75,season,estimado_historico_anterior,1902,113
2023,12,albon_2023_12,Belgian Grand Prix,albon,williams,115,0.36040212560219215,0,-finish_position,10.0,0.75,season,estimado_historico_anterior,1919,114
2023,12,alonso_2023_12,Belgian Grand Prix,alonso,aston_martin,115,1.9941954883209003,0,-finish_position,10.0,0.75,season,estimado_historico_anterior,1919,114
2023,12,bottas_2023_12,Belgian Grand Prix,bottas,alfa,115,0.8910565192461107,0,-finish_position,10.0,0.75,season,estimado_historico_anterior,1919,114
2023,12,gasly_2023_12,Belgian Grand Prix,gasly,alpine,115,0.8280359561214219,0,-finish_position,10.0,0.75,season,estimado_historico_anterior,1919,114
2023,12,hamilton_2023_12,Belgian Grand Prix,hamilton,mercedes,115,1.7553063328552085,0,-finish_position,10.0,0.75,season,estimado_historico_anterior,1919,114
2023,12,hulkenberg_2023_12,Belgian Grand Prix,hulkenberg,haas,115,-0.5020927104762402,0,-finish_position,10.0,0.75,season,estimado_historico_anterior,1919,114
2023,12,kevin_magnussen_2023_12,Belgian Grand Prix,kevin_magnussen,haas,115,0.11813818472789077,0,-finish_position,10.0,0.75,season,estimado_historico_anterior,1919,114
2023,12,leclerc_2023_12,Belgian Grand Prix,leclerc,ferrari,115,1.0818319700148509,0,-finish_position,10.0,0.75,season,estimado_historico_anterior,1919,114
2023,12,max_verstappen_2023_12,Belgian Grand Prix,max_verstappen,red_bull,115,3.3566392693532032,0,-finish_position,10.0,0.75,season,estimado_historico_anterior,1919,114
2023,12,norris_2023_12,Belgian Grand Prix,norris,mclaren,115,1.389374675890065,0,-finish_position,10.0,0.75,season,estimado_historico_anterior,1919,114
2023,12,ocon_2023_12,Belgian Grand Prix,ocon,alpine,115,1.0180390199457277,0,-finish_position,10.0,0.75,season,estimado_historico_anterior,1919,114
2023,12,perez_2023_12,Belgian Grand Prix,perez,red_bull,115,1.248352581313339,0,-finish_position,10.0,0.75,season,estimado_historico_anterior,1919,114
2023,12,ricciardo_2023_12,Belgian Grand Prix,ricciardo,alphatauri,115,0.2812918720569606,0,-finish_position,10.0,0.75,season,estimado_historico_anterior,1919,114
2023,12,russell_2023_12,Belgian Grand Prix,russell,mercedes,115,0.046592816708065296,0,-finish_position,10.0,0.75,season,estimado_historico_anterior,1919,114
2023,12,sargeant_2023_12,Belgian Grand Prix,sargeant,williams,115,-1.0780172948675657,0,-finish_position,10.0,0.75,season,estimado_historico_anterior,1919,114
2023,12,stroll_2023_12,Belgian Grand Prix,stroll,aston_martin,115,-0.6384788860808671,0,-finish_position,10.0,0.75,season,estimado_historico_anterior,1919,114
2023,12,tsunoda_2023_12,Belgian Grand Prix,tsunoda,alphatauri,115,-1.2441897827591875,0,-finish_position,10.0,0.75,season,estimado_historico_anterior,1919,114
2023,12,zhou_2023_12,Belgian Grand Prix,zhou,alfa,115,-0.6070448224803591,0,-finish_position,10.0,0.75,season,estimado_historico_anterior,1919,114
2023,13,albon_2023_13,Dutch Grand Prix,albon,williams,116,0.34385351705352674,0,-finish_position,10.0,0.75,season,estimado_historico_anterior,1937,115
2023,13,alonso_2023_13,Dutch Grand Prix,alonso,aston_martin,116,2.0525076983418606,0,-finish_position,10.0,0.75,season,estimado_historico_anterior,1937,115
2023,13,bottas_2023_13,Dutch Grand Prix,bottas,alfa,116,0.8897728562838484,0,-finish_position,10.0,0.75,season,estimado_historico_anterior,1937,115
2023,13,gasly_2023_13,Dutch Grand Prix,gasly,alpine,116,0.8504096441384944,0,-finish_position,10.0,0.75,season,estimado_historico_anterior,1937,115
2023,13,hamilton_2023_13,Dutch Grand Prix,hamilton,mercedes,116,1.7596807242962795,0,-finish_position,10.0,0.75,season,estimado_historico_anterior,1937,115
2023,13,hulkenberg_2023_13,Dutch Grand Prix,hulkenberg,haas,116,-0.6291292998379497,0,-finish_position,10.0,0.75,season,estimado_historico_anterior,1937,115
2023,13,kevin_magnussen_2023_13,Dutch Grand Prix,kevin_magnussen,haas,116,0.1321523935789884,0,-finish_position,10.0,0.75,season,estimado_historico_anterior,1937,115
2023,13,lawson_2023_13,Dutch Grand Prix,lawson,alphatauri,116,0.0,1,-finish_position,10.0,0.75,season,estimado_historico_anterior,1937,115
2023,13,max_verstappen_2023_13,Dutch Grand Prix,max_verstappen,red_bull,116,3.3525132579299615,0,-finish_position,10.0,0.75,season,estimado_historico_anterior,1937,115
2023,13,norris_2023_13,Dutch Grand Prix,norris,mclaren,116,1.3618802576688174,0,-finish_position,10.0,0.75,season,estimado_historico_anterior,1937,115
2023,13,ocon_2023_13,Dutch Grand Prix,ocon,alpine,116,1.065088669261437,0,-finish_position,10.0,0.75,season,estimado_historico_anterior,1937,115
2023,13,perez_2023_13,Dutch Grand Prix,perez,red_bull,116,1.2736439339136592,0,-finish_position,10.0,0.75,season,estimado_historico_anterior,1937,115
2023,13,piastri_2023_13,Dutch Grand Prix,piastri,mclaren,116,-0.7157760132751971,0,-finish_position,10.0,0.75,season,estimado_historico_anterior,1937,115
2023,13,russell_2023_13,Dutch Grand Prix,russell,mercedes,116,0.05101968724148656,0,-finish_position,10.0,0.75,season,estimado_historico_anterior,1937,115
2023,13,sainz_2023_13,Dutch Grand Prix,sainz,ferrari,116,0.9805392265164942,0,-finish_position,10.0,0.75,season,estimado_historico_anterior,1937,115
2023,13,stroll_2023_13,Dutch Grand Prix,stroll,aston_martin,116,-0.6465686404580778,0,-finish_position,10.0,0.75,season,estimado_historico_anterior,1937,115
2023,13,tsunoda_2023_13,Dutch Grand Prix,tsunoda,alphatauri,116,-1.1248886925755754,0,-finish_position,10.0,0.75,season,estimado_historico_anterior,1937,115
2023,14,albon_2023_14,Italian Grand Prix,albon,williams,117,0.41126013366164643,0,-finish_position,10.0,0.75,season,estimado_historico_anterior,1954,116
2023,14,alonso_2023_14,Italian Grand Prix,alonso,aston_martin,117,2.1119399441624855,0,-finish_position,10.0,0.75,season,estimado_historico_anterior,1954,116
2023,14,bottas_2023_14,Italian Grand Prix,bottas,alfa,117,0.9155435376158828,0,-finish_position,10.0,0.75,season,estimado_historico_anterior,1954,116
2023,14,gasly_2023_14,Italian Grand Prix,gasly,alpine,117,1.0166131604729327,0,-finish_position,10.0,0.75,season,estimado_historico_anterior,1954,116
2023,14,hamilton_2023_14,Italian Grand Prix,hamilton,mercedes,117,1.8145279668382333,0,-finish_position,10.0,0.75,season,estimado_historico_anterior,1954,116
2023,14,hulkenberg_2023_14,Italian Grand Prix,hulkenberg,haas,117,-0.5769986822648557,0,-finish_position,10.0,0.75,season,estimado_historico_anterior,1954,116
2023,14,kevin_magnussen_2023_14,Italian Grand Prix,kevin_magnussen,haas,117,0.0613654935035315,0,-finish_position,10.0,0.75,season,estimado_historico_anterior,1954,116
2023,14,lawson_2023_14,Italian Grand Prix,lawson,alphatauri,117,-0.15821274652131914,0,-finish_position,10.0,0.75,season,estimado_historico_anterior,1954,116
2023,14,leclerc_2023_14,Italian Grand Prix,leclerc,ferrari,117,1.0890430330232506,0,-finish_position,10.0,0.75,season,estimado_historico_anterior,1954,116
2023,14,max_verstappen_2023_14,Italian Grand Prix,max_verstappen,red_bull,117,3.3875313875037207,0,-finish_position,10.0,0.75,season,estimado_historico_anterior,1954,116
2023,14,norris_2023_14,Italian Grand Prix,norris,mclaren,117,1.376075571161169,0,-finish_position,10.0,0.75,season,estimado_historico_anterior,1954,116
2023,14,perez_2023_14,Italian Grand Prix,perez,red_bull,117,1.2886561348599566,0,-finish_position,10.0,0.75,season,estimado_historico_anterior,1954,116
2023,14,piastri_2023_14,Italian Grand Prix,piastri,mclaren,117,-0.6506162524173579,0,-finish_position,10.0,0.75,season,estimado_historico_anterior,1954,116
2023,14,russell_2023_14,Italian Grand Prix,russell,mercedes,117,-0.135854508015929,0,-finish_position,10.0,0.75,season,estimado_historico_anterior,1954,116
2023,14,sainz_2023_14,Italian Grand Prix,sainz,ferrari,117,0.9784427235452561,0,-finish_position,10.0,0.75,season,estimado_historico_anterior,1954,116
2023,14,sargeant_2023_14,Italian Grand Prix,sargeant,williams,117,-1.2469842158479167,0,-finish_position,10.0,0.75,season,estimado_historico_anterior,1954,116
2023,14,stroll_2023_14,Italian Grand Prix,stroll,aston_martin,117,-0.7245706802504549,0,-finish_position,10.0,0.75,season,estimado_historico_anterior,1954,116
2023,14,zhou_2023_14,Italian Grand Prix,zhou,alfa,117,-0.5648624406580158,0,-finish_position,10.0,0.75,season,estimado_historico_anterior,1954,116
2023,15,albon_2023_15,Singapore Grand Prix,albon,williams,118,0.5028424331838057,0,-finish_position,10.0,0.75,season,estimado_historico_anterior,1972,117
2023,15,alonso_2023_15,Singapore Grand Prix,alonso,aston_martin,118,2.148848382358445,0,-finish_position,10.0,0.75,season,estimado_historico_anterior,1972,117
2023,15,gasly_2023_15,Singapore Grand Prix,gasly,alpine,118,0.9060779532280525,0,-finish_position,10.0,0.75,season,estimado_historico_anterior,1972,117
2023,15,hamilton_2023_15,Singapore Grand Prix,hamilton,mercedes,118,1.7819114475217055,0,-finish_position,10.0,0.75,season,estimado_historico_anterior,1972,117
2023,15,hulkenberg_2023_15,Singapore Grand Prix,hulkenberg,haas,118,-0.6347894532965156,0,-finish_position,10.0,0.75,season,estimado_historico_anterior,1972,117
2023,15,kevin_magnussen_2023_15,Singapore Grand Prix,kevin_magnussen,haas,118,0.01727150916161173,0,-finish_position,10.0,0.75,season,estimado_historico_anterior,1972,117
2023,15,lawson_2023_15,Singapore Grand Prix,lawson,alphatauri,118,-0.13467052415573483,0,-finish_position,10.0,0.75,season,estimado_historico_anterior,1972,117
2023,15,leclerc_2023_15,Singapore Grand Prix,leclerc,ferrari,118,1.1071013959087215,0,-finish_position,10.0,0.75,season,estimado_historico_anterior,1972,117
2023,15,max_verstappen_2023_15,Singapore Grand Prix,max_verstappen,red_bull,118,3.4024436225914276,0,-finish_position,10.0,0.75,season,estimado_historico_anterior,1972,117
2023,15,norris_2023_15,Singapore Grand Prix,norris,mclaren,118,1.4017615321695291,0,-finish_position,10.0,0.75,season,estimado_historico_anterior,1972,117
2023,15,perez_2023_15,Singapore Grand Prix,perez,red_bull,118,1.3246452800440494,0,-finish_position,10.0,0.75,season,estimado_historico_anterior,1972,117
2023,15,piastri_2023_15,Singapore Grand Prix,piastri,mclaren,118,-0.7097413129773604,0,-finish_position,10.0,0.75,season,estimado_historico_anterior,1972,117
2023,15,sainz_2023_15,Singapore Grand Prix,sainz,ferrari,118,1.018502760977263,0,-finish_position,10.0,0.75,season,estimado_historico_anterior,1972,117
2023,15,sargeant_2023_15,Singapore Grand Prix,sargeant,williams,118,-1.2016838392637625,0,-finish_position,10.0,0.75,season,estimado_historico_anterior,1972,117
2023,15,zhou_2023_15,Singapore Grand Prix,zhou,alfa,118,-0.6030914931493713,0,-finish_position,10.0,0.75,season,estimado_historico_anterior,1972,117
2023,16,alonso_2023_16,Japanese Grand Prix,alonso,aston_martin,119,1.9541915959517255,0,-finish_position,10.0,0.75,season,estimado_historico_anterior,1987,118
2023,16,gasly_2023_16,Japanese Grand Prix,gasly,alpine,119,0.920925901307918,0,-finish_position,10.0,0.75,season,estimado_historico_anterior,1987,118
2023,16,hamilton_2023_16,Japanese Grand Prix,hamilton,mercedes,119,1.7816976230967054,0,-finish_position,10.0,0.75,season,estimado_historico_anterior,1987,118
2023,16,hulkenberg_2023_16,Japanese Grand Prix,hulkenberg,haas,119,-0.620024264704948,0,-finish_position,10.0,0.75,season,estimado_historico_anterior,1987,118
2023,16,kevin_magnussen_2023_16,Japanese Grand Prix,kevin_magnussen,haas,119,0.05911394160307091,0,-finish_position,10.0,0.75,season,estimado_historico_anterior,1987,118
2023,16,lawson_2023_16,Japanese Grand Prix,lawson,alphatauri,119,0.03808322081822391,0,-finish_position,10.0,0.75,season,estimado_historico_anterior,1987,118
2023,16,leclerc_2023_16,Japanese Grand Prix,leclerc,ferrari,119,1.0941927341951247,0,-finish_position,10.0,0.75,season,estimado_historico_anterior,1987,118
2023,16,max_verstappen_2023_16,Japanese Grand Prix,max_verstappen,red_bull,119,3.3935543722824684,0,-finish_position,10.0,0.75,season,estimado_historico_anterior,1987,118
2023,16,norris_2023_16,Japanese Grand Prix,norris,mclaren,119,1.4553282973622248,0,-finish_position,10.0,0.75,season,estimado_historico_anterior,1987,118
2023,16,ocon_2023_16,Japanese Grand Prix,ocon,alpine,119,0.9883406778086156,0,-finish_position,10.0,0.75,season,estimado_historico_anterior,1987,118
2023,16,piastri_2023_16,Japanese Grand Prix,piastri,mclaren,119,-0.5896423224694055,0,-finish_position,10.0,0.75,season,estimado_historico_anterior,1987,118
2023,16,russell_2023_16,Japanese Grand Prix,russell,mercedes,119,-0.15687305492783826,0,-finish_position,10.0,0.75,season,estimado_historico_anterior,1987,118
2023,16,sainz_2023_16,Japanese Grand Prix,sainz,ferrari,119,1.050734461748677,0,-finish_position,10.0,0.75,season,estimado_historico_anterior,1987,118
2023,16,tsunoda_2023_16,Japanese Grand Prix,tsunoda,alphatauri,119,-1.1555885488291853,0,-finish_position,10.0,0.75,season,estimado_historico_anterior,1987,118
2023,16,zhou_2023_16,Japanese Grand Prix,zhou,alfa,119,-0.5875927119311543,0,-finish_position,10.0,0.75,season,estimado_historico_anterior,1987,118
2023,17,albon_2023_17,Qatar Grand Prix,albon,williams,120,0.5259916996747009,0,-finish_position,10.0,0.75,season,estimado_historico_anterior,2002,119
2023,17,alonso_2023_17,Qatar Grand Prix,alonso,aston_martin,120,1.9376301393763045,0,-finish_position,10.0,0.75,season,estimado_historico_anterior,2002,119
2023,17,bottas_2023_17,Qatar Grand Prix,bottas,alfa,120,0.9264542920027536,0,-finish_position,10.0,0.75,season,estimado_historico_anterior,2002,119
2023,17,gasly_2023_17,Qatar Grand Prix,gasly,alpine,120,0.8951769253159015,0,-finish_position,10.0,0.75,season,estimado_historico_anterior,2002,119
2023,17,hulkenberg_2023_17,Qatar Grand Prix,hulkenberg,haas,120,-0.6245847303502919,0,-finish_position,10.0,0.75,season,estimado_historico_anterior,2002,119
2023,17,kevin_magnussen_2023_17,Qatar Grand Prix,kevin_magnussen,haas,120,0.02755987357004956,0,-finish_position,10.0,0.75,season,estimado_historico_anterior,2002,119
2023,17,lawson_2023_17,Qatar Grand Prix,lawson,alphatauri,120,0.04193512270389543,0,-finish_position,10.0,0.75,season,estimado_historico_anterior,2002,119
2023,17,leclerc_2023_17,Qatar Grand Prix,leclerc,ferrari,120,1.1014030124478298,0,-finish_position,10.0,0.75,season,estimado_historico_anterior,2002,119
2023,17,max_verstappen_2023_17,Qatar Grand Prix,max_verstappen,red_bull,120,3.4053935926022842,0,-finish_position,10.0,0.75,season,estimado_historico_anterior,2002,119
2023,17,norris_2023_17,Qatar Grand Prix,norris,mclaren,120,1.4788151170807762,0,-finish_position,10.0,0.75,season,estimado_historico_anterior,2002,119
2023,17,ocon_2023_17,Qatar Grand Prix,ocon,alpine,120,0.9850947608206139,0,-finish_position,10.0,0.75,season,estimado_historico_anterior,2002,119
2023,17,perez_2023_17,Qatar Grand Prix,perez,red_bull,120,1.278966537757067,0,-finish_position,10.0,0.75,season,estimado_historico_anterior,2002,119
2023,17,piastri_2023_17,Qatar Grand Prix,piastri,mclaren,120,-0.33592663645904736,0,-finish_position,10.0,0.75,season,estimado_historico_anterior,2002,119
2023,17,russell_2023_17,Qatar Grand Prix,russell,mercedes,120,-0.1759852438991173,0,-finish_position,10.0,0.75,season,estimado_historico_anterior,2002,119
2023,17,stroll_2023_17,Qatar Grand Prix,stroll,aston_martin,120,-0.7322459184455804,0,-finish_position,10.0,0.75,season,estimado_historico_anterior,2002,119
2023,17,tsunoda_2023_17,Qatar Grand Prix,tsunoda,alphatauri,120,-1.16387865029472,0,-finish_position,10.0,0.75,season,estimado_historico_anterior,2002,119
2023,17,zhou_2023_17,Qatar Grand Prix,zhou,alfa,120,-0.5904348991714491,0,-finish_position,10.0,0.75,season,estimado_historico_anterior,2002,119
2023,18,albon_2023_18,United States Grand Prix,albon,williams,121,0.531579315692004,0,-finish_position,10.0,0.75,season,estimado_historico_anterior,2019,120
2023,18,bottas_2023_18,United States Grand Prix,bottas,alfa,121,0.9522498865672635,0,-finish_position,10.0,0.75,season,estimado_historico_anterior,2019,120
2023,18,gasly_2023_18,United States Grand Prix,gasly,alpine,121,0.897629134096307,0,-finish_position,10.0,0.75,season,estimado_historico_anterior,2019,120
2023,18,hulkenberg_2023_18,United States Grand Prix,hulkenberg,haas,121,-0.671341961539378,0,-finish_position,10.0,0.75,season,estimado_historico_anterior,2019,120
2023,18,kevin_magnussen_2023_18,United States Grand Prix,kevin_magnussen,haas,121,0.03573723510440795,0,-finish_position,10.0,0.75,season,estimado_historico_anterior,2019,120
2023,18,max_verstappen_2023_18,United States Grand Prix,max_verstappen,red_bull,121,3.455131756207054,0,-finish_position,10.0,0.75,season,estimado_historico_anterior,2019,120
2023,18,norris_2023_18,United States Grand Prix,norris,mclaren,121,1.4940158486244812,0,-finish_position,10.0,0.75,season,estimado_historico_anterior,2019,120
2023,18,perez_2023_18,United States Grand Prix,perez,red_bull,121,1.2127334533174465,0,-finish_position,10.0,0.75,season,estimado_historico_anterior,2019,120
2023,18,ricciardo_2023_18,United States Grand Prix,ricciardo,alphatauri,121,0.032099954484080026,0,-finish_position,10.0,0.75,season,estimado_historico_anterior,2019,120
2023,18,russell_2023_18,United States Grand Prix,russell,mercedes,121,-0.14327062764114712,0,-finish_position,10.0,0.75,season,estimado_historico_anterior,2019,120
2023,18,sainz_2023_18,United States Grand Prix,sainz,ferrari,121,0.9890724778415395,0,-finish_position,10.0,0.75,season,estimado_historico_anterior,2019,120
2023,18,sargeant_2023_18,United States Grand Prix,sargeant,williams,121,-1.1901032280759472,0,-finish_position,10.0,0.75,season,estimado_historico_anterior,2019,120
2023,18,stroll_2023_18,United States Grand Prix,stroll,aston_martin,121,-0.7599033054808995,0,-finish_position,10.0,0.75,season,estimado_historico_anterior,2019,120
2023,18,tsunoda_2023_18,United States Grand Prix,tsunoda,alphatauri,121,-1.1639027020849892,0,-finish_position,10.0,0.75,season,estimado_historico_anterior,2019,120
2023,18,zhou_2023_18,United States Grand Prix,zhou,alfa,121,-0.5326139801393607,0,-finish_position,10.0,0.75,season,estimado_historico_anterior,2019,120
2023,19,albon_2023_19,Mexico City Grand Prix,albon,williams,122,0.569276581380459,0,-finish_position,10.0,0.75,season,estimado_historico_anterior,2034,121
2023,19,bottas_2023_19,Mexico City Grand Prix,bottas,alfa,122,0.9259698894240366,0,-finish_position,10.0,0.75,season,estimado_historico_anterior,2034,121
2023,19,gasly_2023_19,Mexico City Grand Prix,gasly,alpine,122,0.9679210027155433,0,-finish_position,10.0,0.75,season,estimado_historico_anterior,2034,121
2023,19,hamilton_2023_19,Mexico City Grand Prix,hamilton,mercedes,122,1.7465828927665923,0,-finish_position,10.0,0.75,season,estimado_historico_anterior,2034,121
2023,19,hulkenberg_2023_19,Mexico City Grand Prix,hulkenberg,haas,122,-0.6174824369010957,0,-finish_position,10.0,0.75,season,estimado_historico_anterior,2034,121
2023,19,leclerc_2023_19,Mexico City Grand Prix,leclerc,ferrari,122,1.0588643549821701,0,-finish_position,10.0,0.75,season,estimado_historico_anterior,2034,121
2023,19,max_verstappen_2023_19,Mexico City Grand Prix,max_verstappen,red_bull,122,3.4691035917570807,0,-finish_position,10.0,0.75,season,estimado_historico_anterior,2034,121
2023,19,norris_2023_19,Mexico City Grand Prix,norris,mclaren,122,1.5362161212853715,0,-finish_position,10.0,0.75,season,estimado_historico_anterior,2034,121
2023,19,ocon_2023_19,Mexico City Grand Prix,ocon,alpine,122,1.0117175848186784,0,-finish_position,10.0,0.75,season,estimado_historico_anterior,2034,121
2023,19,piastri_2023_19,Mexico City Grand Prix,piastri,mclaren,122,-0.09636896596256729,0,-finish_position,10.0,0.75,season,estimado_historico_anterior,2034,121
2023,19,ricciardo_2023_19,Mexico City Grand Prix,ricciardo,alphatauri,122,-0.07005602436474076,0,-finish_position,10.0,0.75,season,estimado_historico_anterior,2034,121
2023,19,russell_2023_19,Mexico City Grand Prix,russell,mercedes,122,-0.16883062422856693,0,-finish_position,10.0,0.75,season,estimado_historico_anterior,2034,121
2023,19,sainz_2023_19,Mexico City Grand Prix,sainz,ferrari,122,0.9889159385118726,0,-finish_position,10.0,0.75,season,estimado_historico_anterior,2034,121
2023,19,tsunoda_2023_19,Mexico City Grand Prix,tsunoda,alphatauri,122,-1.016717899893504,0,-finish_position,10.0,0.75,season,estimado_historico_anterior,2034,121
2023,19,zhou_2023_19,Mexico City Grand Prix,zhou,alfa,122,-0.5420858193495102,0,-finish_position,10.0,0.75,season,estimado_historico_anterior,2034,121
2023,20,alonso_2023_20,São Paulo Grand Prix,alonso,aston_martin,123,1.9462689533337927,0,-finish_position,10.0,0.75,season,estimado_historico_anterior,2049,122
2023,20,gasly_2023_20,São Paulo Grand Prix,gasly,alpine,123,0.8981274890672372,0,-finish_position,10.0,0.75,season,estimado_historico_anterior,2049,122
2023,20,hamilton_2023_20,São Paulo Grand Prix,hamilton,mercedes,123,1.7441123530553801,0,-finish_position,10.0,0.75,season,estimado_historico_anterior,2049,122
2023,20,hulkenberg_2023_20,São Paulo Grand Prix,hulkenberg,haas,123,-0.5893574709918327,0,-finish_position,10.0,0.75,season,estimado_historico_anterior,2049,122
2023,20,max_verstappen_2023_20,São Paulo Grand Prix,max_verstappen,red_bull,123,3.496298277412063,0,-finish_position,10.0,0.75,season,estimado_historico_anterior,2049,122
2023,20,norris_2023_20,São Paulo Grand Prix,norris,mclaren,123,1.5985155876558543,0,-finish_position,10.0,0.75,season,estimado_historico_anterior,2049,122
2023,20,ocon_2023_20,São Paulo Grand Prix,ocon,alpine,123,1.0131568072167627,0,-finish_position,10.0,0.75,season,estimado_historico_anterior,2049,122
2023,20,perez_2023_20,São Paulo Grand Prix,perez,red_bull,123,1.2199118587831241,0,-finish_position,10.0,0.75,season,estimado_historico_anterior,2049,122
2023,20,piastri_2023_20,São Paulo Grand Prix,piastri,mclaren,123,-0.0215432830586085,0,-finish_position,10.0,0.75,season,estimado_historico_anterior,2049,122
2023,20,ricciardo_2023_20,São Paulo Grand Prix,ricciardo,alphatauri,123,0.01987325449989769,0,-finish_position,10.0,0.75,season,estimado_historico_anterior,2049,122
2023,20,sainz_2023_20,São Paulo Grand Prix,sainz,ferrari,123,1.0062536266222,0,-finish_position,10.0,0.75,season,estimado_historico_anterior,2049,122
2023,20,sargeant_2023_20,São Paulo Grand Prix,sargeant,williams,123,-1.0452145673334565,0,-finish_position,10.0,0.75,season,estimado_historico_anterior,2049,122
2023,20,stroll_2023_20,São Paulo Grand Prix,stroll,aston_martin,123,-0.7450615419738791,0,-finish_position,10.0,0.75,season,estimado_historico_anterior,2049,122
2023,20,tsunoda_2023_20,São Paulo Grand Prix,tsunoda,alphatauri,123,-1.0877853129350727,0,-finish_position,10.0,0.75,season,estimado_historico_anterior,2049,122
2023,21,albon_2023_21,Las Vegas Grand Prix,albon,williams,124,0.6043786595116853,0,-finish_position,10.0,0.75,season,estimado_historico_anterior,2063,123
2023,21,alonso_2023_21,Las Vegas Grand Prix,alonso,aston_martin,124,1.9930948267479551,0,-finish_position,10.0,0.75,season,estimado_historico_anterior,2063,123
2023,21,bottas_2023_21,Las Vegas Grand Prix,bottas,alfa,124,0.8751393055522593,0,-finish_position,10.0,0.75,season,estimado_historico_anterior,2063,123
2023,21,gasly_2023_21,Las Vegas Grand Prix,gasly,alpine,124,0.9464429004234512,0,-finish_position,10.0,0.75,season,estimado_historico_anterior,2063,123
2023,21,hamilton_2023_21,Las Vegas Grand Prix,hamilton,mercedes,124,1.6896862295182913,0,-finish_position,10.0,0.75,season,estimado_historico_anterior,2063,123
2023,21,kevin_magnussen_2023_21,Las Vegas Grand Prix,kevin_magnussen,haas,124,-0.041091498507043786,0,-finish_position,10.0,0.75,season,estimado_historico_anterior,2063,123
2023,21,leclerc_2023_21,Las Vegas Grand Prix,leclerc,ferrari,124,1.0708893350102175,0,-finish_position,10.0,0.75,season,estimado_historico_anterior,2063,123
2023,21,max_verstappen_2023_21,Las Vegas Grand Prix,max_verstappen,red_bull,124,3.505963532133017,0,-finish_position,10.0,0.75,season,estimado_historico_anterior,2063,123
2023,21,ocon_2023_21,Las Vegas Grand Prix,ocon,alpine,124,0.9936147508074314,0,-finish_position,10.0,0.75,season,estimado_historico_anterior,2063,123
2023,21,perez_2023_21,Las Vegas Grand Prix,perez,red_bull,124,1.223568736268517,0,-finish_position,10.0,0.75,season,estimado_historico_anterior,2063,123
2023,21,piastri_2023_21,Las Vegas Grand Prix,piastri,mclaren,124,-0.18961680081519264,0,-finish_position,10.0,0.75,season,estimado_historico_anterior,2063,123
2023,21,ricciardo_2023_21,Las Vegas Grand Prix,ricciardo,alphatauri,124,-0.015124877931527392,0,-finish_position,10.0,0.75,season,estimado_historico_anterior,2063,123
2023,21,russell_2023_21,Las Vegas Grand Prix,russell,mercedes,124,-0.20656597918127675,0,-finish_position,10.0,0.75,season,estimado_historico_anterior,2063,123
2023,21,sainz_2023_21,Las Vegas Grand Prix,sainz,ferrari,124,0.9861743999315742,0,-finish_position,10.0,0.75,season,estimado_historico_anterior,2063,123
2023,21,sargeant_2023_21,Las Vegas Grand Prix,sargeant,williams,124,-0.9223210320977473,0,-finish_position,10.0,0.75,season,estimado_historico_anterior,2063,123
2023,21,stroll_2023_21,Las Vegas Grand Prix,stroll,aston_martin,124,-0.7293833301976099,0,-finish_position,10.0,0.75,season,estimado_historico_anterior,2063,123
2023,21,zhou_2023_21,Las Vegas Grand Prix,zhou,alfa,124,-0.5458323795299611,0,-finish_position,10.0,0.75,season,estimado_historico_anterior,2063,123
2023,22,albon_2023_22,Abu Dhabi Grand Prix,albon,williams,125,0.6137777716272926,0,-finish_position,10.0,0.75,season,estimado_historico_anterior,2080,124
2023,22,alonso_2023_22,Abu Dhabi Grand Prix,alonso,aston_martin,125,1.9493042196888972,0,-finish_position,10.0,0.75,season,estimado_historico_anterior,2080,124
2023,22,bottas_2023_22,Abu Dhabi Grand Prix,bottas,alfa,125,0.8268524383658755,0,-finish_position,10.0,0.75,season,estimado_historico_anterior,2080,124
2023,22,gasly_2023_22,Abu Dhabi Grand Prix,gasly,alpine,125,0.9261440433628897,0,-finish_position,10.0,0.75,season,estimado_historico_anterior,2080,124
2023,22,hamilton_2023_22,Abu Dhabi Grand Prix,hamilton,mercedes,125,1.6510405438812155,0,-finish_position,10.0,0.75,season,estimado_historico_anterior,2080,124
2023,22,hulkenberg_2023_22,Abu Dhabi Grand Prix,hulkenberg,haas,125,-0.5613735369532441,0,-finish_position,10.0,0.75,season,estimado_historico_anterior,2080,124
2023,22,kevin_magnussen_2023_22,Abu Dhabi Grand Prix,kevin_magnussen,haas,125,-0.034340544301934374,0,-finish_position,10.0,0.75,season,estimado_historico_anterior,2080,124
2023,22,leclerc_2023_22,Abu Dhabi Grand Prix,leclerc,ferrari,125,1.1140874557833258,0,-finish_position,10.0,0.75,season,estimado_historico_anterior,2080,124
2023,22,max_verstappen_2023_22,Abu Dhabi Grand Prix,max_verstappen,red_bull,125,3.5163443976675133,0,-finish_position,10.0,0.75,season,estimado_historico_anterior,2080,124
2023,22,norris_2023_22,Abu Dhabi Grand Prix,norris,mclaren,125,1.6593168925088484,0,-finish_position,10.0,0.75,season,estimado_historico_anterior,2080,124
2023,22,ocon_2023_22,Abu Dhabi Grand Prix,ocon,alpine,125,1.0697898036728462,0,-finish_position,10.0,0.75,season,estimado_historico_anterior,2080,124
2023,22,perez_2023_22,Abu Dhabi Grand Prix,perez,red_bull,125,1.2489302692269113,0,-finish_position,10.0,0.75,season,estimado_historico_anterior,2080,124
2023,22,piastri_2023_22,Abu Dhabi Grand Prix,piastri,mclaren,125,-0.2162154689372046,0,-finish_position,10.0,0.75,season,estimado_historico_anterior,2080,124
2023,22,ricciardo_2023_22,Abu Dhabi Grand Prix,ricciardo,alphatauri,125,-0.07485969590046426,0,-finish_position,10.0,0.75,season,estimado_historico_anterior,2080,124
2023,22,russell_2023_22,Abu Dhabi Grand Prix,russell,mercedes,125,-0.23839187494392705,0,-finish_position,10.0,0.75,season,estimado_historico_anterior,2080,124
2023,22,sargeant_2023_22,Abu Dhabi Grand Prix,sargeant,williams,125,-1.0034344293274178,0,-finish_position,10.0,0.75,season,estimado_historico_anterior,2080,124
2023,22,stroll_2023_22,Abu Dhabi Grand Prix,stroll,aston_martin,125,-0.6554295679845146,0,-finish_position,10.0,0.75,season,estimado_historico_anterior,2080,124
2023,22,tsunoda_2023_22,Abu Dhabi Grand Prix,tsunoda,alphatauri,125,-0.9717577407420664,0,-finish_position,10.0,0.75,season,estimado_historico_anterior,2080,124
2023,22,zhou_2023_22,Abu Dhabi Grand Prix,zhou,alfa,125,-0.5436699071916794,0,-finish_position,10.0,0.75,season,estimado_historico_anterior,2080,124
2024,1,albon_2024_1,Bahrain Grand Prix,albon,williams,126,0.5084186620360619,0,-finish_position,10.0,0.75,season,estimado_historico_anterior,2099,125
2024,1,alonso_2024_1,Bahrain Grand Prix,alonso,aston_martin,126,1.8068336004235621,0,-finish_position,10.0,0.75,season,estimado_historico_anterior,2099,125
2024,1,bottas_2024_1,Bahrain Grand Prix,bottas,sauber,126,0.6977995289813953,0,-finish_position,10.0,0.75,season,estimado_historico_anterior,2099,125
2024,1,gasly_2024_1,Bahrain Grand Prix,gasly,alpine,126,0.735264949875534,0,-finish_position,10.0,0.75,season,estimado_historico_anterior,2099,125
2024,1,hamilton_2024_1,Bahrain Grand Prix,hamilton,mercedes,126,1.5746382927123488,0,-finish_position,10.0,0.75,season,estimado_historico_anterior,2099,125
2024,1,hulkenberg_2024_1,Bahrain Grand Prix,hulkenberg,haas,126,-0.5801203275325689,0,-finish_position,10.0,0.75,season,estimado_historico_anterior,2099,125
2024,1,kevin_magnussen_2024_1,Bahrain Grand Prix,kevin_magnussen,haas,126,-0.2103933490631763,0,-finish_position,10.0,0.75,season,estimado_historico_anterior,2099,125
2024,1,leclerc_2024_1,Bahrain Grand Prix,leclerc,ferrari,126,1.1598385124494197,0,-finish_position,10.0,0.75,season,estimado_historico_anterior,2099,125
2024,1,max_verstappen_2024_1,Bahrain Grand Prix,max_verstappen,red_bull,126,3.3358690161054474,0,-finish_position,10.0,0.75,season,estimado_historico_anterior,2099,125
2024,1,norris_2024_1,Bahrain Grand Prix,norris,mclaren,126,1.5469686007872252,0,-finish_position,10.0,0.75,season,estimado_historico_anterior,2099,125
2024,1,ocon_2024_1,Bahrain Grand Prix,ocon,alpine,126,0.8990068234004528,0,-finish_position,10.0,0.75,season,estimado_historico_anterior,2099,125
2024,1,perez_2024_1,Bahrain Grand Prix,perez,red_bull,126,1.1638532465930398,0,-finish_position,10.0,0.75,season,estimado_historico_anterior,2099,125
2024,1,piastri_2024_1,Bahrain Grand Prix,piastri,mclaren,126,-0.13420572170205156,0,-finish_position,10.0,0.75,season,estimado_historico_anterior,2099,125
2024,1,ricciardo_2024_1,Bahrain Grand Prix,ricciardo,rb,126,-0.12190293251117597,0,-finish_position,10.0,0.75,season,estimado_historico_anterior,2099,125
2024,1,russell_2024_1,Bahrain Grand Prix,russell,mercedes,126,-0.15965869470710412,0,-finish_position,10.0,0.75,season,estimado_historico_anterior,2099,125
2024,1,sainz_2024_1,Bahrain Grand Prix,sainz,ferrari,126,0.9545801044310359,0,-finish_position,10.0,0.75,season,estimado_historico_anterior,2099,125
2024,1,sargeant_2024_1,Bahrain Grand Prix,sargeant,williams,126,-0.9713442316214762,0,-finish_position,10.0,0.75,season,estimado_historico_anterior,2099,125
2024,1,stroll_2024_1,Bahrain Grand Prix,stroll,aston_martin,126,-0.6221686502933592,0,-finish_position,10.0,0.75,season,estimado_historico_anterior,2099,125
2024,1,tsunoda_2024_1,Bahrain Grand Prix,tsunoda,rb,126,-0.9260036578679165,0,-finish_position,10.0,0.75,season,estimado_historico_anterior,2099,125
2024,1,zhou_2024_1,Bahrain Grand Prix,zhou,sauber,126,-0.6178056895728078,0,-finish_position,10.0,0.75,season,estimado_historico_anterior,2099,125
2024,2,albon_2024_2,Saudi Arabian Grand Prix,albon,williams,127,0.5034845725683056,0,-finish_position,10.0,0.75,season,estimado_historico_anterior,2119,126
2024,2,alonso_2024_2,Saudi Arabian Grand Prix,alonso,aston_martin,127,1.8966457396095882,0,-finish_position,10.0,0.75,season,estimado_historico_anterior,2119,126
2024,2,bearman_2024_2,Saudi Arabian Grand Prix,bearman,ferrari,127,0.0,1,-finish_position,10.0,0.75,season,estimado_historico_anterior,2119,126
2024,2,bottas_2024_2,Saudi Arabian Grand Prix,bottas,sauber,127,0.5003121405988281,0,-finish_position,10.0,0.75,season,estimado_historico_anterior,2119,126
2024,2,hamilton_2024_2,Saudi Arabian Grand Prix,hamilton,mercedes,127,1.4914428232031245,0,-finish_position,10.0,0.75,season,estimado_historico_anterior,2119,126
2024,2,hulkenberg_2024_2,Saudi Arabian Grand Prix,hulkenberg,haas,127,-0.6122262101562305,0,-finish_position,10.0,0.75,season,estimado_historico_anterior,2119,126
2024,2,kevin_magnussen_2024_2,Saudi Arabian Grand Prix,kevin_magnussen,haas,127,-0.13930437939266627,0,-finish_position,10.0,0.75,season,estimado_historico_anterior,2119,126
2024,2,leclerc_2024_2,Saudi Arabian Grand Prix,leclerc,ferrari,127,1.2406416662301187,0,-finish_position,10.0,0.75,season,estimado_historico_anterior,2119,126
2024,2,max_verstappen_2024_2,Saudi Arabian Grand Prix,max_verstappen,red_bull,127,3.3625193388074823,0,-finish_position,10.0,0.75,season,estimado_historico_anterior,2119,126
2024,2,norris_2024_2,Saudi Arabian Grand Prix,norris,mclaren,127,1.5766704313914044,0,-finish_position,10.0,0.75,season,estimado_historico_anterior,2119,126
2024,2,ocon_2024_2,Saudi Arabian Grand Prix,ocon,alpine,127,0.8933816007437824,0,-finish_position,10.0,0.75,season,estimado_historico_anterior,2119,126
2024,2,perez_2024_2,Saudi Arabian Grand Prix,perez,red_bull,127,1.2303015794681986,0,-finish_position,10.0,0.75,season,estimado_historico_anterior,2119,126
2024,2,piastri_2024_2,Saudi Arabian Grand Prix,piastri,mclaren,127,-0.07608708219112846,0,-finish_position,10.0,0.75,season,estimado_historico_anterior,2119,126
2024,2,ricciardo_2024_2,Saudi Arabian Grand Prix,ricciardo,rb,127,-0.18318314323660406,0,-finish_position,10.0,0.75,season,estimado_historico_anterior,2119,126
2024,2,russell_2024_2,Saudi Arabian Grand Prix,russell,mercedes,127,-0.1380325272321652,0,-finish_position,10.0,0.75,season,estimado_historico_anterior,2119,126
2024,2,sargeant_2024_2,Saudi Arabian Grand Prix,sargeant,williams,127,-1.1885443337695047,0,-finish_position,10.0,0.75,season,estimado_historico_anterior,2119,126
2024,2,tsunoda_2024_2,Saudi Arabian Grand Prix,tsunoda,rb,127,-1.0434858230396014,0,-finish_position,10.0,0.75,season,estimado_historico_anterior,2119,126
2024,2,zhou_2024_2,Saudi Arabian Grand Prix,zhou,sauber,127,-0.6385552247274886,0,-finish_position,10.0,0.75,season,estimado_historico_anterior,2119,126
2024,3,albon_2024_3,Australian Grand Prix,albon,williams,128,0.5443297110950547,0,-finish_position,10.0,0.75,season,estimado_historico_anterior,2137,127
2024,3,alonso_2024_3,Australian Grand Prix,alonso,aston_martin,128,1.9810980080293705,0,-finish_position,10.0,0.75,season,estimado_historico_anterior,2137,127
2024,3,bottas_2024_3,Australian Grand Prix,bottas,sauber,128,0.3610159929354899,0,-finish_position,10.0,0.75,season,estimado_historico_anterior,2137,127
2024,3,gasly_2024_3,Australian Grand Prix,gasly,alpine,128,0.6353928769934979,0,-finish_position,10.0,0.75,season,estimado_historico_anterior,2137,127
2024,3,hulkenberg_2024_3,Australian Grand Prix,hulkenberg,haas,128,-0.5092987038500026,0,-finish_position,10.0,0.75,season,estimado_historico_anterior,2137,127
2024,3,kevin_magnussen_2024_3,Australian Grand Prix,kevin_magnussen,haas,128,-0.13006822867697604,0,-finish_position,10.0,0.75,season,estimado_historico_anterior,2137,127
2024,3,leclerc_2024_3,Australian Grand Prix,leclerc,ferrari,128,1.3519108713264454,0,-finish_position,10.0,0.75,season,estimado_historico_anterior,2137,127
2024,3,norris_2024_3,Australian Grand Prix,norris,mclaren,128,1.535077373191125,0,-finish_position,10.0,0.75,season,estimado_historico_anterior,2137,127
2024,3,ocon_2024_3,Australian Grand Prix,ocon,alpine,128,0.8763101129124872,0,-finish_position,10.0,0.75,season,estimado_historico_anterior,2137,127
2024,3,perez_2024_3,Australian Grand Prix,perez,red_bull,128,1.2958778635195474,0,-finish_position,10.0,0.75,season,estimado_historico_anterior,2137,127
2024,3,piastri_2024_3,Australian Grand Prix,piastri,mclaren,128,0.10380012266171515,0,-finish_position,10.0,0.75,season,estimado_historico_anterior,2137,127
2024,3,ricciardo_2024_3,Australian Grand Prix,ricciardo,rb,128,-0.284636483854102,0,-finish_position,10.0,0.75,season,estimado_historico_anterior,2137,127
2024,3,sainz_2024_3,Australian Grand Prix,sainz,ferrari,128,1.0437939207598028,0,-finish_position,10.0,0.75,season,estimado_historico_anterior,2137,127
2024,3,stroll_2024_3,Australian Grand Prix,stroll,aston_martin,128,-0.5300224065899349,0,-finish_position,10.0,0.75,season,estimado_historico_anterior,2137,127
2024,3,tsunoda_2024_3,Australian Grand Prix,tsunoda,rb,128,-1.1033152167958293,0,-finish_position,10.0,0.75,season,estimado_historico_anterior,2137,127
2024,3,zhou_2024_3,Australian Grand Prix,zhou,sauber,128,-0.8433840322066306,0,-finish_position,10.0,0.75,season,estimado_historico_anterior,2137,127
2024,4,alonso_2024_4,Japanese Grand Prix,alonso,aston_martin,129,1.9923889552695502,0,-finish_position,10.0,0.75,season,estimado_historico_anterior,2153,128
2024,4,bottas_2024_4,Japanese Grand Prix,bottas,sauber,129,0.2899397963457701,0,-finish_position,10.0,0.75,season,estimado_historico_anterior,2153,128
2024,4,gasly_2024_4,Japanese Grand Prix,gasly,alpine,129,0.6177631587067391,0,-finish_position,10.0,0.75,season,estimado_historico_anterior,2153,128
2024,4,hamilton_2024_4,Japanese Grand Prix,hamilton,mercedes,129,1.3668821747318862,0,-finish_position,10.0,0.75,season,estimado_historico_anterior,2153,128
2024,4,hulkenberg_2024_4,Japanese Grand Prix,hulkenberg,haas,129,-0.417499057649216,0,-finish_position,10.0,0.75,season,estimado_historico_anterior,2153,128
2024,4,kevin_magnussen_2024_4,Japanese Grand Prix,kevin_magnussen,haas,129,-0.11684167999378196,0,-finish_position,10.0,0.75,season,estimado_historico_anterior,2153,128
2024,4,leclerc_2024_4,Japanese Grand Prix,leclerc,ferrari,129,1.3721310488204002,0,-finish_position,10.0,0.75,season,estimado_historico_anterior,2153,128
2024,4,max_verstappen_2024_4,Japanese Grand Prix,max_verstappen,red_bull,129,3.3934842188066714,0,-finish_position,10.0,0.75,season,estimado_historico_anterior,2153,128
2024,4,norris_2024_4,Japanese Grand Prix,norris,mclaren,129,1.5655453658245209,0,-finish_position,10.0,0.75,season,estimado_historico_anterior,2153,128
2024,4,ocon_2024_4,Japanese Grand Prix,ocon,alpine,129,0.806805656186891,0,-finish_position,10.0,0.75,season,estimado_historico_anterior,2153,128
2024,4,perez_2024_4,Japanese Grand Prix,perez,red_bull,129,1.2907233252476047,0,-finish_position,10.0,0.75,season,estimado_historico_anterior,2153,128
2024,4,piastri_2024_4,Japanese Grand Prix,piastri,mclaren,129,0.25578967310670636,0,-finish_position,10.0,0.75,season,estimado_historico_anterior,2153,128
2024,4,russell_2024_4,Japanese Grand Prix,russell,mercedes,129,-0.17623040057820027,0,-finish_position,10.0,0.75,season,estimado_historico_anterior,2153,128
2024,4,sainz_2024_4,Japanese Grand Prix,sainz,ferrari,129,1.075858751196791,0,-finish_position,10.0,0.75,season,estimado_historico_anterior,2153,128
2024,4,sargeant_2024_4,Japanese Grand Prix,sargeant,williams,129,-1.1851468260612095,0,-finish_position,10.0,0.75,season,estimado_historico_anterior,2153,128
2024,4,stroll_2024_4,Japanese Grand Prix,stroll,aston_martin,129,-0.47047106153845675,0,-finish_position,10.0,0.75,season,estimado_historico_anterior,2153,128
2024,4,tsunoda_2024_4,Japanese Grand Prix,tsunoda,rb,129,-0.978531314759324,0,-finish_position,10.0,0.75,season,estimado_historico_anterior,2153,128
2024,5,albon_2024_5,Chinese Grand Prix,albon,williams,130,0.5719830918545418,0,-finish_position,10.0,0.75,season,estimado_historico_anterior,2170,129
2024,5,alonso_2024_5,Chinese Grand Prix,alonso,aston_martin,130,2.085617911050079,0,-finish_position,10.0,0.75,season,estimado_historico_anterior,2170,129
2024,5,gasly_2024_5,Chinese Grand Prix,gasly,alpine,130,0.549027415631933,0,-finish_position,10.0,0.75,season,estimado_historico_anterior,2170,129
2024,5,hamilton_2024_5,Chinese Grand Prix,hamilton,mercedes,130,1.3043339885202276,0,-finish_position,10.0,0.75,season,estimado_historico_anterior,2170,129
2024,5,hulkenberg_2024_5,Chinese Grand Prix,hulkenberg,haas,130,-0.3570555726504392,0,-finish_position,10.0,0.75,season,estimado_historico_anterior,2170,129
2024,5,kevin_magnussen_2024_5,Chinese Grand Prix,kevin_magnussen,haas,130,-0.13125097690061982,0,-finish_position,10.0,0.75,season,estimado_historico_anterior,2170,129
2024,5,leclerc_2024_5,Chinese Grand Prix,leclerc,ferrari,130,1.3844693893342888,0,-finish_position,10.0,0.75,season,estimado_historico_anterior,2170,129
2024,5,max_verstappen_2024_5,Chinese Grand Prix,max_verstappen,red_bull,130,3.396765302802081,0,-finish_position,10.0,0.75,season,estimado_historico_anterior,2170,129
2024,5,norris_2024_5,Chinese Grand Prix,norris,mclaren,130,1.6063021677054685,0,-finish_position,10.0,0.75,season,estimado_historico_anterior,2170,129
2024,5,ocon_2024_5,Chinese Grand Prix,ocon,alpine,130,0.8066540318795831,0,-finish_position,10.0,0.75,season,estimado_historico_anterior,2170,129
2024,5,perez_2024_5,Chinese Grand Prix,perez,red_bull,130,1.3205383132765043,0,-finish_position,10.0,0.75,season,estimado_historico_anterior,2170,129
2024,5,piastri_2024_5,Chinese Grand Prix,piastri,mclaren,130,0.28798877516836613,0,-finish_position,10.0,0.75,season,estimado_historico_anterior,2170,129
2024,5,russell_2024_5,Chinese Grand Prix,russell,mercedes,130,-0.18633480854363474,0,-finish_position,10.0,0.75,season,estimado_historico_anterior,2170,129
2024,5,sainz_2024_5,Chinese Grand Prix,sainz,ferrari,130,1.1076774221766672,0,-finish_position,10.0,0.75,season,estimado_historico_anterior,2170,129
2024,5,sargeant_2024_5,Chinese Grand Prix,sargeant,williams,130,-1.287998359905888,0,-finish_position,10.0,0.75,season,estimado_historico_anterior,2170,129
2024,5,stroll_2024_5,Chinese Grand Prix,stroll,aston_martin,130,-0.4910957948830343,0,-finish_position,10.0,0.75,season,estimado_historico_anterior,2170,129
2024,5,zhou_2024_5,Chinese Grand Prix,zhou,sauber,130,-0.9249515517051714,0,-finish_position,10.0,0.75,season,estimado_historico_anterior,2170,129
2024,6,albon_2024_6,Miami Grand Prix,albon,williams,131,0.589312907520624,0,-finish_position,10.0,0.75,season,estimado_historico_anterior,2187,130
2024,6,alonso_2024_6,Miami Grand Prix,alonso,aston_martin,131,2.1351825788339713,0,-finish_position,10.0,0.75,season,estimado_historico_anterior,2187,130
2024,6,bottas_2024_6,Miami Grand Prix,bottas,sauber,131,0.2716928906710697,0,-finish_position,10.0,0.75,season,estimado_historico_anterior,2187,130
2024,6,gasly_2024_6,Miami Grand Prix,gasly,alpine,131,0.5120716642333462,0,-finish_position,10.0,0.75,season,estimado_historico_anterior,2187,130
2024,6,hamilton_2024_6,Miami Grand Prix,hamilton,mercedes,131,1.249858233414169,0,-finish_position,10.0,0.75,season,estimado_historico_anterior,2187,130
2024,6,hulkenberg_2024_6,Miami Grand Prix,hulkenberg,haas,131,-0.2703067761877835,0,-finish_position,10.0,0.75,season,estimado_historico_anterior,2187,130
2024,6,kevin_magnussen_2024_6,Miami Grand Prix,kevin_magnussen,haas,131,-0.20372137557016678,0,-finish_position,10.0,0.75,season,estimado_historico_anterior,2187,130
2024,6,leclerc_2024_6,Miami Grand Prix,leclerc,ferrari,131,1.4062623897409987,0,-finish_position,10.0,0.75,season,estimado_historico_anterior,2187,130
2024,6,max_verstappen_2024_6,Miami Grand Prix,max_verstappen,red_bull,131,3.408923957535951,0,-finish_position,10.0,0.75,season,estimado_historico_anterior,2187,130
2024,6,norris_2024_6,Miami Grand Prix,norris,mclaren,131,1.685043062301382,0,-finish_position,10.0,0.75,season,estimado_historico_anterior,2187,130
2024,6,ocon_2024_6,Miami Grand Prix,ocon,alpine,131,0.8300494355292874,0,-finish_position,10.0,0.75,season,estimado_historico_anterior,2187,130
2024,6,perez_2024_6,Miami Grand Prix,perez,red_bull,131,1.337589275035797,0,-finish_position,10.0,0.75,season,estimado_historico_anterior,2187,130
2024,6,piastri_2024_6,Miami Grand Prix,piastri,mclaren,131,0.30891292910847096,0,-finish_position,10.0,0.75,season,estimado_historico_anterior,2187,130
2024,6,ricciardo_2024_6,Miami Grand Prix,ricciardo,rb,131,-0.35285706739044215,0,-finish_position,10.0,0.75,season,estimado_historico_anterior,2187,130
2024,6,russell_2024_6,Miami Grand Prix,russell,mercedes,131,-0.1738115343268477,0,-finish_position,10.0,0.75,season,estimado_historico_anterior,2187,130
2024,6,sainz_2024_6,Miami Grand Prix,sainz,ferrari,131,1.1125690239118007,0,-finish_position,10.0,0.75,season,estimado_historico_anterior,2187,130
2024,6,stroll_2024_6,Miami Grand Prix,stroll,aston_martin,131,-0.5490272161186239,0,-finish_position,10.0,0.75,season,estimado_historico_anterior,2187,130
2024,6,tsunoda_2024_6,Miami Grand Prix,tsunoda,rb,131,-0.9635593360652602,0,-finish_position,10.0,0.75,season,estimado_historico_anterior,2187,130
2024,6,zhou_2024_6,Miami Grand Prix,zhou,sauber,131,-0.9499505582542391,0,-finish_position,10.0,0.75,season,estimado_historico_anterior,2187,130
2024,7,alonso_2024_7,Emilia Romagna Grand Prix,alonso,aston_martin,132,2.1558778715984808,0,-finish_position,10.0,0.75,season,estimado_historico_anterior,2206,131
2024,7,bottas_2024_7,Emilia Romagna Grand Prix,bottas,sauber,132,0.2158450197620594,0,-finish_position,10.0,0.75,season,estimado_historico_anterior,2206,131
2024,7,gasly_2024_7,Emilia Romagna Grand Prix,gasly,alpine,132,0.5142894496659871,0,-finish_position,10.0,0.75,season,estimado_historico_anterior,2206,131
2024,7,hamilton_2024_7,Emilia Romagna Grand Prix,hamilton,mercedes,132,1.2341327721336341,0,-finish_position,10.0,0.75,season,estimado_historico_anterior,2206,131
2024,7,hulkenberg_2024_7,Emilia Romagna Grand Prix,hulkenberg,haas,132,-0.20031736343074105,0,-finish_position,10.0,0.75,season,estimado_historico_anterior,2206,131
2024,7,kevin_magnussen_2024_7,Emilia Romagna Grand Prix,kevin_magnussen,haas,132,-0.31181785161583586,0,-finish_position,10.0,0.75,season,estimado_historico_anterior,2206,131
2024,7,leclerc_2024_7,Emilia Romagna Grand Prix,leclerc,ferrari,132,1.4599479337911094,0,-finish_position,10.0,0.75,season,estimado_historico_anterior,2206,131
2024,7,max_verstappen_2024_7,Emilia Romagna Grand Prix,max_verstappen,red_bull,132,3.4009066996430772,0,-finish_position,10.0,0.75,season,estimado_historico_anterior,2206,131
2024,7,norris_2024_7,Emilia Romagna Grand Prix,norris,mclaren,132,1.7805675363656572,0,-finish_position,10.0,0.75,season,estimado_historico_anterior,2206,131
2024,7,ocon_2024_7,Emilia Romagna Grand Prix,ocon,alpine,132,0.8592577328393981,0,-finish_position,10.0,0.75,season,estimado_historico_anterior,2206,131
2024,7,perez_2024_7,Emilia Romagna Grand Prix,perez,red_bull,132,1.3351387146292042,0,-finish_position,10.0,0.75,season,estimado_historico_anterior,2206,131
2024,7,piastri_2024_7,Emilia Romagna Grand Prix,piastri,mclaren,132,0.1646767706515302,0,-finish_position,10.0,0.75,season,estimado_historico_anterior,2206,131
2024,7,ricciardo_2024_7,Emilia Romagna Grand Prix,ricciardo,rb,132,-0.4335543342065193,0,-finish_position,10.0,0.75,season,estimado_historico_anterior,2206,131
2024,7,russell_2024_7,Emilia Romagna Grand Prix,russell,mercedes,132,-0.198992565750933,0,-finish_position,10.0,0.75,season,estimado_historico_anterior,2206,131
2024,7,sainz_2024_7,Emilia Romagna Grand Prix,sainz,ferrari,132,1.1237125555344953,0,-finish_position,10.0,0.75,season,estimado_historico_anterior,2206,131
2024,7,sargeant_2024_7,Emilia Romagna Grand Prix,sargeant,williams,132,-1.3626791180582094,0,-finish_position,10.0,0.75,season,estimado_historico_anterior,2206,131
2024,7,stroll_2024_7,Emilia Romagna Grand Prix,stroll,aston_martin,132,-0.6108209994637891,0,-finish_position,10.0,0.75,season,estimado_historico_anterior,2206,131
2024,7,tsunoda_2024_7,Emilia Romagna Grand Prix,tsunoda,rb,132,-0.8276199153665965,0,-finish_position,10.0,0.75,season,estimado_historico_anterior,2206,131
2024,7,zhou_2024_7,Emilia Romagna Grand Prix,zhou,sauber,132,-0.9584994070174647,0,-finish_position,10.0,0.75,season,estimado_historico_anterior,2206,131
2024,8,albon_2024_8,Monaco Grand Prix,albon,williams,133,0.5085382082465264,0,-finish_position,10.0,0.75,season,estimado_historico_anterior,2225,132
2024,8,alonso_2024_8,Monaco Grand Prix,alonso,aston_martin,133,2.0149472448070562,0,-finish_position,10.0,0.75,season,estimado_historico_anterior,2225,132
2024,8,bottas_2024_8,Monaco Grand Prix,bottas,sauber,133,0.13009137207633498,0,-finish_position,10.0,0.75,season,estimado_historico_anterior,2225,132
2024,8,gasly_2024_8,Monaco Grand Prix,gasly,alpine,133,0.43203459692897256,0,-finish_position,10.0,0.75,season,estimado_historico_anterior,2225,132
2024,8,hamilton_2024_8,Monaco Grand Prix,hamilton,mercedes,133,1.200980493198011,0,-finish_position,10.0,0.75,season,estimado_historico_anterior,2225,132
2024,8,leclerc_2024_8,Monaco Grand Prix,leclerc,ferrari,133,1.5196803007164874,0,-finish_position,10.0,0.75,season,estimado_historico_anterior,2225,132
2024,8,max_verstappen_2024_8,Monaco Grand Prix,max_verstappen,red_bull,133,3.4503960931560034,0,-finish_position,10.0,0.75,season,estimado_historico_anterior,2225,132
2024,8,norris_2024_8,Monaco Grand Prix,norris,mclaren,133,1.8173861963246476,0,-finish_position,10.0,0.75,season,estimado_historico_anterior,2225,132
2024,8,piastri_2024_8,Monaco Grand Prix,piastri,mclaren,133,0.28482914370320145,0,-finish_position,10.0,0.75,season,estimado_historico_anterior,2225,132
2024,8,ricciardo_2024_8,Monaco Grand Prix,ricciardo,rb,133,-0.49152432059786194,0,-finish_position,10.0,0.75,season,estimado_historico_anterior,2225,132
2024,8,russell_2024_8,Monaco Grand Prix,russell,mercedes,133,-0.2191561832308488,0,-finish_position,10.0,0.75,season,estimado_historico_anterior,2225,132
2024,8,sainz_2024_8,Monaco Grand Prix,sainz,ferrari,133,1.1318071719133205,0,-finish_position,10.0,0.75,season,estimado_historico_anterior,2225,132
2024,8,sargeant_2024_8,Monaco Grand Prix,sargeant,williams,133,-1.4412989493980262,0,-finish_position,10.0,0.75,season,estimado_historico_anterior,2225,132
2024,8,stroll_2024_8,Monaco Grand Prix,stroll,aston_martin,133,-0.483674479287329,0,-finish_position,10.0,0.75,season,estimado_historico_anterior,2225,132
2024,8,tsunoda_2024_8,Monaco Grand Prix,tsunoda,rb,133,-0.7998595164347283,0,-finish_position,10.0,0.75,season,estimado_historico_anterior,2225,132
2024,8,zhou_2024_8,Monaco Grand Prix,zhou,sauber,133,-0.9779836242840773,0,-finish_position,10.0,0.75,season,estimado_historico_anterior,2225,132
2024,9,alonso_2024_9,Canadian Grand Prix,alonso,aston_martin,134,1.968002519974496,0,-finish_position,10.0,0.75,season,estimado_historico_anterior,2241,133
2024,9,bottas_2024_9,Canadian Grand Prix,bottas,sauber,134,0.11751172958724623,0,-finish_position,10.0,0.75,season,estimado_historico_anterior,2241,133
2024,9,gasly_2024_9,Canadian Grand Prix,gasly,alpine,134,0.44190176703502543,0,-finish_position,10.0,0.75,season,estimado_historico_anterior,2241,133
2024,9,hamilton_2024_9,Canadian Grand Prix,hamilton,mercedes,134,1.1530260416624047,0,-finish_position,10.0,0.75,season,estimado_historico_anterior,2241,133
2024,9,hulkenberg_2024_9,Canadian Grand Prix,hulkenberg,haas,134,-0.15145112247701856,0,-finish_position,10.0,0.75,season,estimado_historico_anterior,2241,133
2024,9,kevin_magnussen_2024_9,Canadian Grand Prix,kevin_magnussen,haas,134,-0.3026567176603971,0,-finish_position,10.0,0.75,season,estimado_historico_anterior,2241,133
2024,9,max_verstappen_2024_9,Canadian Grand Prix,max_verstappen,red_bull,134,3.4107534637530903,0,-finish_position,10.0,0.75,season,estimado_historico_anterior,2241,133
2024,9,norris_2024_9,Canadian Grand Prix,norris,mclaren,134,1.815132370124645,0,-finish_position,10.0,0.75,season,estimado_historico_anterior,2241,133
2024,9,ocon_2024_9,Canadian Grand Prix,ocon,alpine,134,0.8083801174445927,0,-finish_position,10.0,0.75,season,estimado_historico_anterior,2241,133
2024,9,piastri_2024_9,Canadian Grand Prix,piastri,mclaren,134,0.4525392090423748,0,-finish_position,10.0,0.75,season,estimado_historico_anterior,2241,133
2024,9,ricciardo_2024_9,Canadian Grand Prix,ricciardo,rb,134,-0.5448779072003553,0,-finish_position,10.0,0.75,season,estimado_historico_anterior,2241,133
2024,9,russell_2024_9,Canadian Grand Prix,russell,mercedes,134,-0.2171787319864512,0,-finish_position,10.0,0.75,season,estimado_historico_anterior,2241,133
2024,9,stroll_2024_9,Canadian Grand Prix,stroll,aston_martin,134,-0.5139845617301319,0,-finish_position,10.0,0.75,season,estimado_historico_anterior,2241,133
2024,9,tsunoda_2024_9,Canadian Grand Prix,tsunoda,rb,134,-0.7252609813837237,0,-finish_position,10.0,0.75,season,estimado_historico_anterior,2241,133
2024,9,zhou_2024_9,Canadian Grand Prix,zhou,sauber,134,-1.0388678947143886,0,-finish_position,10.0,0.75,season,estimado_historico_anterior,2241,133
2024,10,albon_2024_10,Spanish Grand Prix,albon,williams,135,0.5756208913908398,0,-finish_position,10.0,0.75,season,estimado_historico_anterior,2256,134
2024,10,alonso_2024_10,Spanish Grand Prix,alonso,aston_martin,135,1.9706470456228533,0,-finish_position,10.0,0.75,season,estimado_historico_anterior,2256,134
2024,10,bottas_2024_10,Spanish Grand Prix,bottas,sauber,135,0.09536206968398754,0,-finish_position,10.0,0.75,season,estimado_historico_anterior,2256,134
2024,10,gasly_2024_10,Spanish Grand Prix,gasly,alpine,135,0.4427024302278603,0,-finish_position,10.0,0.75,season,estimado_historico_anterior,2256,134
2024,10,hamilton_2024_10,Spanish Grand Prix,hamilton,mercedes,135,1.1304279387397413,0,-finish_position,10.0,0.75,season,estimado_historico_anterior,2256,134
2024,10,hulkenberg_2024_10,Spanish Grand Prix,hulkenberg,haas,135,-0.11329075746937939,0,-finish_position,10.0,0.75,season,estimado_historico_anterior,2256,134
2024,10,kevin_magnussen_2024_10,Spanish Grand Prix,kevin_magnussen,haas,135,-0.30011591707929147,0,-finish_position,10.0,0.75,season,estimado_historico_anterior,2256,134
2024,10,leclerc_2024_10,Spanish Grand Prix,leclerc,ferrari,135,1.5529441231253498,0,-finish_position,10.0,0.75,season,estimado_historico_anterior,2256,134
2024,10,max_verstappen_2024_10,Spanish Grand Prix,max_verstappen,red_bull,135,3.4296367142328323,0,-finish_position,10.0,0.75,season,estimado_historico_anterior,2256,134
2024,10,norris_2024_10,Spanish Grand Prix,norris,mclaren,135,1.8803280144053205,0,-finish_position,10.0,0.75,season,estimado_historico_anterior,2256,134
2024,10,ocon_2024_10,Spanish Grand Prix,ocon,alpine,135,0.7918800276286786,0,-finish_position,10.0,0.75,season,estimado_historico_anterior,2256,134
2024,10,perez_2024_10,Spanish Grand Prix,perez,red_bull,135,1.3103477299511954,0,-finish_position,10.0,0.75,season,estimado_historico_anterior,2256,134
2024,10,piastri_2024_10,Spanish Grand Prix,piastri,mclaren,135,0.5474910951761419,0,-finish_position,10.0,0.75,season,estimado_historico_anterior,2256,134
2024,10,ricciardo_2024_10,Spanish Grand Prix,ricciardo,rb,135,-0.4997035739743635,0,-finish_position,10.0,0.75,season,estimado_historico_anterior,2256,134
2024,10,russell_2024_10,Spanish Grand Prix,russell,mercedes,135,-0.18803921825557293,0,-finish_position,10.0,0.75,season,estimado_historico_anterior,2256,134
2024,10,sainz_2024_10,Spanish Grand Prix,sainz,ferrari,135,1.1270796523331321,0,-finish_position,10.0,0.75,season,estimado_historico_anterior,2256,134
2024,10,sargeant_2024_10,Spanish Grand Prix,sargeant,williams,135,-1.4665266121149372,0,-finish_position,10.0,0.75,season,estimado_historico_anterior,2256,134
2024,10,stroll_2024_10,Spanish Grand Prix,stroll,aston_martin,135,-0.4932127979484808,0,-finish_position,10.0,0.75,season,estimado_historico_anterior,2256,134
2024,10,tsunoda_2024_10,Spanish Grand Prix,tsunoda,rb,135,-0.8050579456613746,0,-finish_position,10.0,0.75,season,estimado_historico_anterior,2256,134
2024,10,zhou_2024_10,Spanish Grand Prix,zhou,sauber,135,-1.0756919821971864,0,-finish_position,10.0,0.75,season,estimado_historico_anterior,2256,134
2024,11,albon_2024_11,Austrian Grand Prix,albon,williams,136,0.5227511402129938,0,-finish_position,10.0,0.75,season,estimado_historico_anterior,2276,135
2024,11,alonso_2024_11,Austrian Grand Prix,alonso,aston_martin,136,1.9249362586399719,0,-finish_position,10.0,0.75,season,estimado_historico_anterior,2276,135
2024,11,bottas_2024_11,Austrian Grand Prix,bottas,sauber,136,0.05409755385587283,0,-finish_position,10.0,0.75,season,estimado_historico_anterior,2276,135
2024,11,gasly_2024_11,Austrian Grand Prix,gasly,alpine,136,0.4430128694889195,0,-finish_position,10.0,0.75,season,estimado_historico_anterior,2276,135
2024,11,hamilton_2024_11,Austrian Grand Prix,hamilton,mercedes,136,1.1419498500378036,0,-finish_position,10.0,0.75,season,estimado_historico_anterior,2276,135
2024,11,hulkenberg_2024_11,Austrian Grand Prix,hulkenberg,haas,136,-0.0514646823038659,0,-finish_position,10.0,0.75,season,estimado_historico_anterior,2276,135
2024,11,kevin_magnussen_2024_11,Austrian Grand Prix,kevin_magnussen,haas,136,-0.36397104284180676,0,-finish_position,10.0,0.75,season,estimado_historico_anterior,2276,135
2024,11,leclerc_2024_11,Austrian Grand Prix,leclerc,ferrari,136,1.5780203546076117,0,-finish_position,10.0,0.75,season,estimado_historico_anterior,2276,135
2024,11,max_verstappen_2024_11,Austrian Grand Prix,max_verstappen,red_bull,136,3.4733312155412297,0,-finish_position,10.0,0.75,season,estimado_historico_anterior,2276,135
2024,11,norris_2024_11,Austrian Grand Prix,norris,mclaren,136,1.9429137050893226,0,-finish_position,10.0,0.75,season,estimado_historico_anterior,2276,135
2024,11,ocon_2024_11,Austrian Grand Prix,ocon,alpine,136,0.775942265654431,0,-finish_position,10.0,0.75,season,estimado_historico_anterior,2276,135
2024,11,perez_2024_11,Austrian Grand Prix,perez,red_bull,136,1.2750960272240583,0,-finish_position,10.0,0.75,season,estimado_historico_anterior,2276,135
2024,11,piastri_2024_11,Austrian Grand Prix,piastri,mclaren,136,0.5772546981543256,0,-finish_position,10.0,0.75,season,estimado_historico_anterior,2276,135
2024,11,ricciardo_2024_11,Austrian Grand Prix,ricciardo,rb,136,-0.5196823741127361,0,-finish_position,10.0,0.75,season,estimado_historico_anterior,2276,135
2024,11,russell_2024_11,Austrian Grand Prix,russell,mercedes,136,-0.1432402649896528,0,-finish_position,10.0,0.75,season,estimado_historico_anterior,2276,135
2024,11,sainz_2024_11,Austrian Grand Prix,sainz,ferrari,136,1.1324568908156731,0,-finish_position,10.0,0.75,season,estimado_historico_anterior,2276,135
2024,11,sargeant_2024_11,Austrian Grand Prix,sargeant,williams,136,-1.5988635465455867,0,-finish_position,10.0,0.75,season,estimado_historico_anterior,2276,135
2024,11,stroll_2024_11,Austrian Grand Prix,stroll,aston_martin,136,-0.4905722177002991,0,-finish_position,10.0,0.75,season,estimado_historico_anterior,2276,135
2024,11,tsunoda_2024_11,Austrian Grand Prix,tsunoda,rb,136,-0.9065182652199392,0,-finish_position,10.0,0.75,season,estimado_historico_anterior,2276,135
2024,11,zhou_2024_11,Austrian Grand Prix,zhou,sauber,136,-1.0338694263569552,0,-finish_position,10.0,0.75,season,estimado_historico_anterior,2276,135
2024,12,albon_2024_12,British Grand Prix,albon,williams,137,0.5231435574206351,0,-finish_position,10.0,0.75,season,estimado_historico_anterior,2296,136
2024,12,alonso_2024_12,British Grand Prix,alonso,aston_martin,137,1.8054516336881408,0,-finish_position,10.0,0.75,season,estimado_historico_anterior,2296,136
2024,12,bottas_2024_12,British Grand Prix,bottas,sauber,137,0.0039625594209053245,0,-finish_position,10.0,0.75,season,estimado_historico_anterior,2296,136
2024,12,hamilton_2024_12,British Grand Prix,hamilton,mercedes,137,1.1126264397395658,0,-finish_position,10.0,0.75,season,estimado_historico_anterior,2296,136
2024,12,hulkenberg_2024_12,British Grand Prix,hulkenberg,haas,137,0.08104961242493196,0,-finish_position,10.0,0.75,season,estimado_historico_anterior,2296,136
2024,12,kevin_magnussen_2024_12,British Grand Prix,kevin_magnussen,haas,137,-0.3240021865098,0,-finish_position,10.0,0.75,season,estimado_historico_anterior,2296,136
2024,12,leclerc_2024_12,British Grand Prix,leclerc,ferrari,137,1.522617335922228,0,-finish_position,10.0,0.75,season,estimado_historico_anterior,2296,136
2024,12,max_verstappen_2024_12,British Grand Prix,max_verstappen,red_bull,137,3.4690796341603334,0,-finish_position,10.0,0.75,season,estimado_historico_anterior,2296,136
2024,12,norris_2024_12,British Grand Prix,norris,mclaren,137,1.775356843064,0,-finish_position,10.0,0.75,season,estimado_historico_anterior,2296,136
2024,12,ocon_2024_12,British Grand Prix,ocon,alpine,137,0.7265771340892911,0,-finish_position,10.0,0.75,season,estimado_historico_anterior,2296,136
2024,12,perez_2024_12,British Grand Prix,perez,red_bull,137,1.269302437234702,0,-finish_position,10.0,0.75,season,estimado_historico_anterior,2296,136
2024,12,piastri_2024_12,British Grand Prix,piastri,mclaren,137,0.786041647536765,0,-finish_position,10.0,0.75,season,estimado_historico_anterior,2296,136
2024,12,ricciardo_2024_12,British Grand Prix,ricciardo,rb,137,-0.45373659043550135,0,-finish_position,10.0,0.75,season,estimado_historico_anterior,2296,136
2024,12,sainz_2024_12,British Grand Prix,sainz,ferrari,137,1.2051773311662144,0,-finish_position,10.0,0.75,season,estimado_historico_anterior,2296,136
2024,12,sargeant_2024_12,British Grand Prix,sargeant,williams,137,-1.6970917987549943,0,-finish_position,10.0,0.75,season,estimado_historico_anterior,2296,136
2024,12,stroll_2024_12,British Grand Prix,stroll,aston_martin,137,-0.43021737656486503,0,-finish_position,10.0,0.75,season,estimado_historico_anterior,2296,136
2024,12,tsunoda_2024_12,British Grand Prix,tsunoda,rb,137,-0.9574772203649965,0,-finish_position,10.0,0.75,season,estimado_historico_anterior,2296,136
2024,12,zhou_2024_12,British Grand Prix,zhou,sauber,137,-1.0864517221899228,0,-finish_position,10.0,0.75,season,estimado_historico_anterior,2296,136
2024,13,albon_2024_13,Hungarian Grand Prix,albon,williams,138,0.5842438516283586,0,-finish_position,10.0,0.75,season,estimado_historico_anterior,2314,137
2024,13,alonso_2024_13,Hungarian Grand Prix,alonso,aston_martin,138,1.810847561087685,0,-finish_position,10.0,0.75,season,estimado_historico_anterior,2314,137
2024,13,bottas_2024_13,Hungarian Grand Prix,bottas,sauber,138,-0.028290694114737912,0,-finish_position,10.0,0.75,season,estimado_historico_anterior,2314,137
2024,13,hamilton_2024_13,Hungarian Grand Prix,hamilton,mercedes,138,1.1366797080841704,0,-finish_position,10.0,0.75,season,estimado_historico_anterior,2314,137
2024,13,hulkenberg_2024_13,Hungarian Grand Prix,hulkenberg,haas,138,0.1982898370591346,0,-finish_position,10.0,0.75,season,estimado_historico_anterior,2314,137
2024,13,kevin_magnussen_2024_13,Hungarian Grand Prix,kevin_magnussen,haas,138,-0.3545728804916752,0,-finish_position,10.0,0.75,season,estimado_historico_anterior,2314,137
2024,13,leclerc_2024_13,Hungarian Grand Prix,leclerc,ferrari,138,1.4146407534279064,0,-finish_position,10.0,0.75,season,estimado_historico_anterior,2314,137
2024,13,max_verstappen_2024_13,Hungarian Grand Prix,max_verstappen,red_bull,138,3.5580242647078966,0,-finish_position,10.0,0.75,season,estimado_historico_anterior,2314,137
2024,13,norris_2024_13,Hungarian Grand Prix,norris,mclaren,138,1.807179852177181,0,-finish_position,10.0,0.75,season,estimado_historico_anterior,2314,137
2024,13,ocon_2024_13,Hungarian Grand Prix,ocon,alpine,138,0.6490889781885845,0,-finish_position,10.0,0.75,season,estimado_historico_anterior,2314,137
2024,13,perez_2024_13,Hungarian Grand Prix,perez,red_bull,138,1.140578223854463,0,-finish_position,10.0,0.75,season,estimado_historico_anterior,2314,137
2024,13,piastri_2024_13,Hungarian Grand Prix,piastri,mclaren,138,0.8768451744729828,0,-finish_position,10.0,0.75,season,estimado_historico_anterior,2314,137
2024,13,ricciardo_2024_13,Hungarian Grand Prix,ricciardo,rb,138,-0.488745859738807,0,-finish_position,10.0,0.75,season,estimado_historico_anterior,2314,137
2024,13,russell_2024_13,Hungarian Grand Prix,russell,mercedes,138,-0.10143857256115602,0,-finish_position,10.0,0.75,season,estimado_historico_anterior,2314,137
2024,13,sainz_2024_13,Hungarian Grand Prix,sainz,ferrari,138,1.2278830212176888,0,-finish_position,10.0,0.75,season,estimado_historico_anterior,2314,137
2024,13,sargeant_2024_13,Hungarian Grand Prix,sargeant,williams,138,-1.5931175633116053,0,-finish_position,10.0,0.75,season,estimado_historico_anterior,2314,137
2024,13,stroll_2024_13,Hungarian Grand Prix,stroll,aston_martin,138,-0.3931070979478726,0,-finish_position,10.0,0.75,season,estimado_historico_anterior,2314,137
2024,13,tsunoda_2024_13,Hungarian Grand Prix,tsunoda,rb,138,-0.9048658546900447,0,-finish_position,10.0,0.75,season,estimado_historico_anterior,2314,137
2024,13,zhou_2024_13,Hungarian Grand Prix,zhou,sauber,138,-1.1635173717616536,0,-finish_position,10.0,0.75,season,estimado_historico_anterior,2314,137
2024,14,albon_2024_14,Belgian Grand Prix,albon,williams,139,0.5740197614119167,0,-finish_position,10.0,0.75,season,estimado_historico_anterior,2333,138
2024,14,alonso_2024_14,Belgian Grand Prix,alonso,aston_martin,139,1.788982790367842,0,-finish_position,10.0,0.75,season,estimado_historico_anterior,2333,138
2024,14,bottas_2024_14,Belgian Grand Prix,bottas,sauber,139,-0.046894565452929075,0,-finish_position,10.0,0.75,season,estimado_historico_anterior,2333,138
2024,14,gasly_2024_14,Belgian Grand Prix,gasly,alpine,139,0.4909268445730783,0,-finish_position,10.0,0.75,season,estimado_historico_anterior,2333,138
2024,14,hamilton_2024_14,Belgian Grand Prix,hamilton,mercedes,139,1.1662227431646346,0,-finish_position,10.0,0.75,season,estimado_historico_anterior,2333,138
2024,14,hulkenberg_2024_14,Belgian Grand Prix,hulkenberg,haas,139,0.19696785271091763,0,-finish_position,10.0,0.75,season,estimado_historico_anterior,2333,138
2024,14,kevin_magnussen_2024_14,Belgian Grand Prix,kevin_magnussen,haas,139,-0.3768303854485628,0,-finish_position,10.0,0.75,season,estimado_historico_anterior,2333,138
2024,14,leclerc_2024_14,Belgian Grand Prix,leclerc,ferrari,139,1.4433770426703842,0,-finish_position,10.0,0.75,season,estimado_historico_anterior,2333,138
2024,14,max_verstappen_2024_14,Belgian Grand Prix,max_verstappen,red_bull,139,3.5431240653998732,0,-finish_position,10.0,0.75,season,estimado_historico_anterior,2333,138
2024,14,norris_2024_14,Belgian Grand Prix,norris,mclaren,139,1.8325853678864703,0,-finish_position,10.0,0.75,season,estimado_historico_anterior,2333,138
2024,14,ocon_2024_14,Belgian Grand Prix,ocon,alpine,139,0.5409605338853083,0,-finish_position,10.0,0.75,season,estimado_historico_anterior,2333,138
2024,14,perez_2024_14,Belgian Grand Prix,perez,red_bull,139,1.126850687790124,0,-finish_position,10.0,0.75,season,estimado_historico_anterior,2333,138
2024,14,piastri_2024_14,Belgian Grand Prix,piastri,mclaren,139,1.0247464640083754,0,-finish_position,10.0,0.75,season,estimado_historico_anterior,2333,138
2024,14,ricciardo_2024_14,Belgian Grand Prix,ricciardo,rb,139,-0.5312441707418187,0,-finish_position,10.0,0.75,season,estimado_historico_anterior,2333,138
2024,14,sainz_2024_14,Belgian Grand Prix,sainz,ferrari,139,1.2115679959649028,0,-finish_position,10.0,0.75,season,estimado_historico_anterior,2333,138
2024,14,sargeant_2024_14,Belgian Grand Prix,sargeant,williams,139,-1.6487735091789593,0,-finish_position,10.0,0.75,season,estimado_historico_anterior,2333,138
2024,14,stroll_2024_14,Belgian Grand Prix,stroll,aston_martin,139,-0.3602986732303137,0,-finish_position,10.0,0.75,season,estimado_historico_anterior,2333,138
2024,14,tsunoda_2024_14,Belgian Grand Prix,tsunoda,rb,139,-0.8472347774010922,0,-finish_position,10.0,0.75,season,estimado_historico_anterior,2333,138
2024,15,albon_2024_15,Dutch Grand Prix,albon,williams,140,0.5933642951547051,0,-finish_position,10.0,0.75,season,estimado_historico_anterior,2351,139
2024,15,alonso_2024_15,Dutch Grand Prix,alonso,aston_martin,140,1.7989504548848747,0,-finish_position,10.0,0.75,season,estimado_historico_anterior,2351,139
2024,15,bottas_2024_15,Dutch Grand Prix,bottas,sauber,140,-0.07119204734956562,0,-finish_position,10.0,0.75,season,estimado_historico_anterior,2351,139
2024,15,gasly_2024_15,Dutch Grand Prix,gasly,alpine,140,0.43894860416454934,0,-finish_position,10.0,0.75,season,estimado_historico_anterior,2351,139
2024,15,hamilton_2024_15,Dutch Grand Prix,hamilton,mercedes,140,1.1981293389173446,0,-finish_position,10.0,0.75,season,estimado_historico_anterior,2351,139
2024,15,hulkenberg_2024_15,Dutch Grand Prix,hulkenberg,haas,140,0.11253166459028935,0,-finish_position,10.0,0.75,season,estimado_historico_anterior,2351,139
2024,15,kevin_magnussen_2024_15,Dutch Grand Prix,kevin_magnussen,haas,140,-0.3485700617458227,0,-finish_position,10.0,0.75,season,estimado_historico_anterior,2351,139
2024,15,leclerc_2024_15,Dutch Grand Prix,leclerc,ferrari,140,1.47334727490237,0,-finish_position,10.0,0.75,season,estimado_historico_anterior,2351,139
2024,15,max_verstappen_2024_15,Dutch Grand Prix,max_verstappen,red_bull,140,3.5409668453409506,0,-finish_position,10.0,0.75,season,estimado_historico_anterior,2351,139
2024,15,norris_2024_15,Dutch Grand Prix,norris,mclaren,140,1.8423782884509725,0,-finish_position,10.0,0.75,season,estimado_historico_anterior,2351,139
2024,15,ocon_2024_15,Dutch Grand Prix,ocon,alpine,140,0.575134765570617,0,-finish_position,10.0,0.75,season,estimado_historico_anterior,2351,139
2024,15,perez_2024_15,Dutch Grand Prix,perez,red_bull,140,1.1110501843646243,0,-finish_position,10.0,0.75,season,estimado_historico_anterior,2351,139
2024,15,piastri_2024_15,Dutch Grand Prix,piastri,mclaren,140,1.1621218156962476,0,-finish_position,10.0,0.75,season,estimado_historico_anterior,2351,139
2024,15,ricciardo_2024_15,Dutch Grand Prix,ricciardo,rb,140,-0.5086439131943187,0,-finish_position,10.0,0.75,season,estimado_historico_anterior,2351,139
2024,15,russell_2024_15,Dutch Grand Prix,russell,mercedes,140,-0.13748573006591505,0,-finish_position,10.0,0.75,season,estimado_historico_anterior,2351,139
2024,15,sainz_2024_15,Dutch Grand Prix,sainz,ferrari,140,1.1948738132358165,0,-finish_position,10.0,0.75,season,estimado_historico_anterior,2351,139
2024,15,sargeant_2024_15,Dutch Grand Prix,sargeant,williams,140,-1.708478708611097,0,-finish_position,10.0,0.75,season,estimado_historico_anterior,2351,139
2024,15,stroll_2024_15,Dutch Grand Prix,stroll,aston_martin,140,-0.36876363347340013,0,-finish_position,10.0,0.75,season,estimado_historico_anterior,2351,139
2024,15,tsunoda_2024_15,Dutch Grand Prix,tsunoda,rb,140,-0.941587509740154,0,-finish_position,10.0,0.75,season,estimado_historico_anterior,2351,139
2024,15,zhou_2024_15,Dutch Grand Prix,zhou,sauber,140,-1.2290026677881738,0,-finish_position,10.0,0.75,season,estimado_historico_anterior,2351,139
2024,16,albon_2024_16,Italian Grand Prix,albon,williams,141,0.5822499860925849,0,-finish_position,10.0,0.75,season,estimado_historico_anterior,2371,140
2024,16,alonso_2024_16,Italian Grand Prix,alonso,aston_martin,141,1.7955411757678674,0,-finish_position,10.0,0.75,season,estimado_historico_anterior,2371,140
2024,16,bottas_2024_16,Italian Grand Prix,bottas,sauber,141,-0.11040390620181977,0,-finish_position,10.0,0.75,season,estimado_historico_anterior,2371,140
2024,16,colapinto_2024_16,Italian Grand Prix,colapinto,williams,141,0.0,1,-finish_position,10.0,0.75,season,estimado_historico_anterior,2371,140
2024,16,gasly_2024_16,Italian Grand Prix,gasly,alpine,141,0.46132528830982206,0,-finish_position,10.0,0.75,season,estimado_historico_anterior,2371,140
2024,16,hamilton_2024_16,Italian Grand Prix,hamilton,mercedes,141,1.158049822781784,0,-finish_position,10.0,0.75,season,estimado_historico_anterior,2371,140
2024,16,hulkenberg_2024_16,Italian Grand Prix,hulkenberg,haas,141,0.16336967999678337,0,-finish_position,10.0,0.75,season,estimado_historico_anterior,2371,140
2024,16,kevin_magnussen_2024_16,Italian Grand Prix,kevin_magnussen,haas,141,-0.42080532202966214,0,-finish_position,10.0,0.75,season,estimado_historico_anterior,2371,140
2024,16,leclerc_2024_16,Italian Grand Prix,leclerc,ferrari,141,1.5219044134419646,0,-finish_position,10.0,0.75,season,estimado_historico_anterior,2371,140
2024,16,max_verstappen_2024_16,Italian Grand Prix,max_verstappen,red_bull,141,3.561956579289416,0,-finish_position,10.0,0.75,season,estimado_historico_anterior,2371,140
2024,16,norris_2024_16,Italian Grand Prix,norris,mclaren,141,1.9145797027716354,0,-finish_position,10.0,0.75,season,estimado_historico_anterior,2371,140
2024,16,ocon_2024_16,Italian Grand Prix,ocon,alpine,141,0.5079649573331622,0,-finish_position,10.0,0.75,season,estimado_historico_anterior,2371,140
2024,16,perez_2024_16,Italian Grand Prix,perez,red_bull,141,1.1087867860295004,0,-finish_position,10.0,0.75,season,estimado_historico_anterior,2371,140
2024,16,piastri_2024_16,Italian Grand Prix,piastri,mclaren,141,1.2453341691381483,0,-finish_position,10.0,0.75,season,estimado_historico_anterior,2371,140
2024,16,ricciardo_2024_16,Italian Grand Prix,ricciardo,rb,141,-0.4906139144395238,0,-finish_position,10.0,0.75,season,estimado_historico_anterior,2371,140
2024,16,russell_2024_16,Italian Grand Prix,russell,mercedes,141,-0.14842641491566907,0,-finish_position,10.0,0.75,season,estimado_historico_anterior,2371,140
2024,16,sainz_2024_16,Italian Grand Prix,sainz,ferrari,141,1.2050547516389059,0,-finish_position,10.0,0.75,season,estimado_historico_anterior,2371,140
2024,16,stroll_2024_16,Italian Grand Prix,stroll,aston_martin,141,-0.37431682476521777,0,-finish_position,10.0,0.75,season,estimado_historico_anterior,2371,140
2024,16,zhou_2024_16,Italian Grand Prix,zhou,sauber,141,-1.2942347682165145,0,-finish_position,10.0,0.75,season,estimado_historico_anterior,2371,140
2024,17,albon_2024_17,Azerbaijan Grand Prix,albon,williams,142,0.6223564395397851,0,-finish_position,10.0,0.75,season,estimado_historico_anterior,2390,141
2024,17,alonso_2024_17,Azerbaijan Grand Prix,alonso,aston_martin,142,1.812667113713001,0,-finish_position,10.0,0.75,season,estimado_historico_anterior,2390,141
2024,17,bearman_2024_17,Azerbaijan Grand Prix,bearman,haas,142,-0.045441122924314105,0,-finish_position,10.0,0.75,season,estimado_historico_anterior,2390,141
2024,17,bottas_2024_17,Azerbaijan Grand Prix,bottas,sauber,142,-0.12686952744425273,0,-finish_position,10.0,0.75,season,estimado_historico_anterior,2390,141
2024,17,colapinto_2024_17,Azerbaijan Grand Prix,colapinto,williams,142,0.11614533970118343,0,-finish_position,10.0,0.75,season,estimado_historico_anterior,2390,141
2024,17,gasly_2024_17,Azerbaijan Grand Prix,gasly,alpine,142,0.4164195780573122,0,-finish_position,10.0,0.75,season,estimado_historico_anterior,2390,141
2024,17,hamilton_2024_17,Azerbaijan Grand Prix,hamilton,mercedes,142,1.1477014503174123,0,-finish_position,10.0,0.75,season,estimado_historico_anterior,2390,141
2024,17,hulkenberg_2024_17,Azerbaijan Grand Prix,hulkenberg,haas,142,0.0907104692357304,0,-finish_position,10.0,0.75,season,estimado_historico_anterior,2390,141
2024,17,leclerc_2024_17,Azerbaijan Grand Prix,leclerc,ferrari,142,1.5734319620172215,0,-finish_position,10.0,0.75,season,estimado_historico_anterior,2390,141
2024,17,max_verstappen_2024_17,Azerbaijan Grand Prix,max_verstappen,red_bull,142,3.5424039081804244,0,-finish_position,10.0,0.75,season,estimado_historico_anterior,2390,141
2024,17,norris_2024_17,Azerbaijan Grand Prix,norris,mclaren,142,1.93549776414039,0,-finish_position,10.0,0.75,season,estimado_historico_anterior,2390,141
2024,17,ocon_2024_17,Azerbaijan Grand Prix,ocon,alpine,142,0.4988997760617263,0,-finish_position,10.0,0.75,season,estimado_historico_anterior,2390,141
2024,17,piastri_2024_17,Azerbaijan Grand Prix,piastri,mclaren,142,1.355374950850067,0,-finish_position,10.0,0.75,season,estimado_historico_anterior,2390,141
2024,17,ricciardo_2024_17,Azerbaijan Grand Prix,ricciardo,rb,142,-0.5252522051531024,0,-finish_position,10.0,0.75,season,estimado_historico_anterior,2390,141
2024,17,russell_2024_17,Azerbaijan Grand Prix,russell,mercedes,142,-0.1826884125261773,0,-finish_position,10.0,0.75,season,estimado_historico_anterior,2390,141
2024,17,zhou_2024_17,Azerbaijan Grand Prix,zhou,sauber,142,-1.3374815727712313,0,-finish_position,10.0,0.75,season,estimado_historico_anterior,2390,141
2024,18,alonso_2024_18,Singapore Grand Prix,alonso,aston_martin,143,1.8425194941273642,0,-finish_position,10.0,0.75,season,estimado_historico_anterior,2406,142
2024,18,bottas_2024_18,Singapore Grand Prix,bottas,sauber,143,-0.17542741836869108,0,-finish_position,10.0,0.75,season,estimado_historico_anterior,2406,142
2024,18,colapinto_2024_18,Singapore Grand Prix,colapinto,williams,143,0.5282248175345282,0,-finish_position,10.0,0.75,season,estimado_historico_anterior,2406,142
2024,18,gasly_2024_18,Singapore Grand Prix,gasly,alpine,143,0.40427147771929134,0,-finish_position,10.0,0.75,season,estimado_historico_anterior,2406,142
2024,18,hamilton_2024_18,Singapore Grand Prix,hamilton,mercedes,143,1.0426693465139398,0,-finish_position,10.0,0.75,season,estimado_historico_anterior,2406,142
2024,18,hulkenberg_2024_18,Singapore Grand Prix,hulkenberg,haas,143,0.07203613752026887,0,-finish_position,10.0,0.75,season,estimado_historico_anterior,2406,142
2024,18,leclerc_2024_18,Singapore Grand Prix,leclerc,ferrari,143,1.597727731308629,0,-finish_position,10.0,0.75,season,estimado_historico_anterior,2406,142
2024,18,max_verstappen_2024_18,Singapore Grand Prix,max_verstappen,red_bull,143,3.5102394692688925,0,-finish_position,10.0,0.75,season,estimado_historico_anterior,2406,142
2024,18,norris_2024_18,Singapore Grand Prix,norris,mclaren,143,1.930079043720487,0,-finish_position,10.0,0.75,season,estimado_historico_anterior,2406,142
2024,18,ocon_2024_18,Singapore Grand Prix,ocon,alpine,143,0.45009572242327794,0,-finish_position,10.0,0.75,season,estimado_historico_anterior,2406,142
2024,18,perez_2024_18,Singapore Grand Prix,perez,red_bull,143,1.0812219942183574,0,-finish_position,10.0,0.75,season,estimado_historico_anterior,2406,142
2024,18,piastri_2024_18,Singapore Grand Prix,piastri,mclaren,143,1.4729479161362986,0,-finish_position,10.0,0.75,season,estimado_historico_anterior,2406,142
2024,18,ricciardo_2024_18,Singapore Grand Prix,ricciardo,rb,143,-0.5682849160111152,0,-finish_position,10.0,0.75,season,estimado_historico_anterior,2406,142
2024,18,russell_2024_18,Singapore Grand Prix,russell,mercedes,143,-0.19735552371184606,0,-finish_position,10.0,0.75,season,estimado_historico_anterior,2406,142
2024,18,sainz_2024_18,Singapore Grand Prix,sainz,ferrari,143,1.1841979726936782,0,-finish_position,10.0,0.75,season,estimado_historico_anterior,2406,142
2024,18,stroll_2024_18,Singapore Grand Prix,stroll,aston_martin,143,-0.47682779491582966,0,-finish_position,10.0,0.75,season,estimado_historico_anterior,2406,142
2024,18,tsunoda_2024_18,Singapore Grand Prix,tsunoda,rb,143,-1.0107097691012596,0,-finish_position,10.0,0.75,season,estimado_historico_anterior,2406,142
2024,18,zhou_2024_18,Singapore Grand Prix,zhou,sauber,143,-1.3212551955265033,0,-finish_position,10.0,0.75,season,estimado_historico_anterior,2406,142
2024,19,albon_2024_19,United States Grand Prix,albon,williams,144,0.643108518723946,0,-finish_position,10.0,0.75,season,estimado_historico_anterior,2424,143
2024,19,alonso_2024_19,United States Grand Prix,alonso,aston_martin,144,1.888089919807848,0,-finish_position,10.0,0.75,season,estimado_historico_anterior,2424,143
2024,19,bottas_2024_19,United States Grand Prix,bottas,sauber,144,-0.2021931009829814,0,-finish_position,10.0,0.75,season,estimado_historico_anterior,2424,143
2024,19,colapinto_2024_19,United States Grand Prix,colapinto,williams,144,0.6515242840908643,0,-finish_position,10.0,0.75,season,estimado_historico_anterior,2424,143
2024,19,gasly_2024_19,United States Grand Prix,gasly,alpine,144,0.34572872594942017,0,-finish_position,10.0,0.75,season,estimado_historico_anterior,2424,143
2024,19,hulkenberg_2024_19,United States Grand Prix,hulkenberg,haas,144,0.13123692144025229,0,-finish_position,10.0,0.75,season,estimado_historico_anterior,2424,143
2024,19,kevin_magnussen_2024_19,United States Grand Prix,kevin_magnussen,haas,144,-0.43645032716219523,0,-finish_position,10.0,0.75,season,estimado_historico_anterior,2424,143
2024,19,lawson_2024_19,United States Grand Prix,lawson,rb,144,-0.32351324632406586,0,-finish_position,10.0,0.75,season,estimado_historico_anterior,2424,143
2024,19,leclerc_2024_19,United States Grand Prix,leclerc,ferrari,144,1.6074330574874973,0,-finish_position,10.0,0.75,season,estimado_historico_anterior,2424,143
2024,19,max_verstappen_2024_19,United States Grand Prix,max_verstappen,red_bull,144,3.538615880628002,0,-finish_position,10.0,0.75,season,estimado_historico_anterior,2424,143
2024,19,norris_2024_19,United States Grand Prix,norris,mclaren,144,1.959443941346841,0,-finish_position,10.0,0.75,season,estimado_historico_anterior,2424,143
2024,19,ocon_2024_19,United States Grand Prix,ocon,alpine,144,0.4773855584817085,0,-finish_position,10.0,0.75,season,estimado_historico_anterior,2424,143
2024,19,perez_2024_19,United States Grand Prix,perez,red_bull,144,1.0250309337331884,0,-finish_position,10.0,0.75,season,estimado_historico_anterior,2424,143
2024,19,piastri_2024_19,United States Grand Prix,piastri,mclaren,144,1.5304200724137889,0,-finish_position,10.0,0.75,season,estimado_historico_anterior,2424,143
2024,19,russell_2024_19,United States Grand Prix,russell,mercedes,144,-0.1882088298759106,0,-finish_position,10.0,0.75,season,estimado_historico_anterior,2424,143
2024,19,sainz_2024_19,United States Grand Prix,sainz,ferrari,144,1.1600052746574843,0,-finish_position,10.0,0.75,season,estimado_historico_anterior,2424,143
2024,19,stroll_2024_19,United States Grand Prix,stroll,aston_martin,144,-0.5059827302384468,0,-finish_position,10.0,0.75,season,estimado_historico_anterior,2424,143
2024,19,tsunoda_2024_19,United States Grand Prix,tsunoda,rb,144,-0.9783489962559992,0,-finish_position,10.0,0.75,season,estimado_historico_anterior,2424,143
2024,19,zhou_2024_19,United States Grand Prix,zhou,sauber,144,-1.309827851493018,0,-finish_position,10.0,0.75,season,estimado_historico_anterior,2424,143
2024,20,bottas_2024_20,Mexico City Grand Prix,bottas,sauber,145,-0.22735748070646078,0,-finish_position,10.0,0.75,season,estimado_historico_anterior,2443,144
2024,20,colapinto_2024_20,Mexico City Grand Prix,colapinto,williams,145,0.8263006079125843,0,-finish_position,10.0,0.75,season,estimado_historico_anterior,2443,144
2024,20,gasly_2024_20,Mexico City Grand Prix,gasly,alpine,145,0.3342014101217112,0,-finish_position,10.0,0.75,season,estimado_historico_anterior,2443,144
2024,20,hamilton_2024_20,Mexico City Grand Prix,hamilton,mercedes,145,0.9971507085675422,0,-finish_position,10.0,0.75,season,estimado_historico_anterior,2443,144
2024,20,hulkenberg_2024_20,Mexico City Grand Prix,hulkenberg,haas,145,0.1978690589704797,0,-finish_position,10.0,0.75,season,estimado_historico_anterior,2443,144
2024,20,kevin_magnussen_2024_20,Mexico City Grand Prix,kevin_magnussen,haas,145,-0.43304461545521045,0,-finish_position,10.0,0.75,season,estimado_historico_anterior,2443,144
2024,20,lawson_2024_20,Mexico City Grand Prix,lawson,rb,145,-0.15533344074015076,0,-finish_position,10.0,0.75,season,estimado_historico_anterior,2443,144
2024,20,leclerc_2024_20,Mexico City Grand Prix,leclerc,ferrari,145,1.6449209657608845,0,-finish_position,10.0,0.75,season,estimado_historico_anterior,2443,144
2024,20,max_verstappen_2024_20,Mexico City Grand Prix,max_verstappen,red_bull,145,3.5324827147832676,0,-finish_position,10.0,0.75,season,estimado_historico_anterior,2443,144
2024,20,norris_2024_20,Mexico City Grand Prix,norris,mclaren,145,1.9815543861774614,0,-finish_position,10.0,0.75,season,estimado_historico_anterior,2443,144
2024,20,ocon_2024_20,Mexico City Grand Prix,ocon,alpine,145,0.3868486807748736,0,-finish_position,10.0,0.75,season,estimado_historico_anterior,2443,144
2024,20,perez_2024_20,Mexico City Grand Prix,perez,red_bull,145,0.9958831386502148,0,-finish_position,10.0,0.75,season,estimado_historico_anterior,2443,144
2024,20,piastri_2024_20,Mexico City Grand Prix,piastri,mclaren,145,1.5682416264884302,0,-finish_position,10.0,0.75,season,estimado_historico_anterior,2443,144
2024,20,russell_2024_20,Mexico City Grand Prix,russell,mercedes,145,-0.20384835613109112,0,-finish_position,10.0,0.75,season,estimado_historico_anterior,2443,144
2024,20,sainz_2024_20,Mexico City Grand Prix,sainz,ferrari,145,1.1868510749211303,0,-finish_position,10.0,0.75,season,estimado_historico_anterior,2443,144
2024,20,stroll_2024_20,Mexico City Grand Prix,stroll,aston_martin,145,-0.5211986462377486,0,-finish_position,10.0,0.75,season,estimado_historico_anterior,2443,144
2024,20,zhou_2024_20,Mexico City Grand Prix,zhou,sauber,145,-1.3618414518151123,0,-finish_position,10.0,0.75,season,estimado_historico_anterior,2443,144
2024,21,alonso_2024_21,São Paulo Grand Prix,alonso,aston_martin,146,1.866041458566135,0,-finish_position,10.0,0.75,season,estimado_historico_anterior,2460,145
2024,21,bearman_2024_21,São Paulo Grand Prix,bearman,haas,146,0.19104871499351495,0,-finish_position,10.0,0.75,season,estimado_historico_anterior,2460,145
2024,21,bottas_2024_21,São Paulo Grand Prix,bottas,sauber,146,-0.22580815250284259,0,-finish_position,10.0,0.75,season,estimado_historico_anterior,2460,145
2024,21,gasly_2024_21,São Paulo Grand Prix,gasly,alpine,146,0.35865033496216653,0,-finish_position,10.0,0.75,season,estimado_historico_anterior,2460,145
2024,21,hamilton_2024_21,São Paulo Grand Prix,hamilton,mercedes,146,1.001590553200768,0,-finish_position,10.0,0.75,season,estimado_historico_anterior,2460,145
2024,21,lawson_2024_21,São Paulo Grand Prix,lawson,rb,146,-0.4286120279472426,0,-finish_position,10.0,0.75,season,estimado_historico_anterior,2460,145
2024,21,leclerc_2024_21,São Paulo Grand Prix,leclerc,ferrari,146,1.6475376603630316,0,-finish_position,10.0,0.75,season,estimado_historico_anterior,2460,145
2024,21,max_verstappen_2024_21,São Paulo Grand Prix,max_verstappen,red_bull,146,3.569221094235161,0,-finish_position,10.0,0.75,season,estimado_historico_anterior,2460,145
2024,21,norris_2024_21,São Paulo Grand Prix,norris,mclaren,146,2.0602505717287642,0,-finish_position,10.0,0.75,season,estimado_historico_anterior,2460,145
2024,21,ocon_2024_21,São Paulo Grand Prix,ocon,alpine,146,0.36207830471915176,0,-finish_position,10.0,0.75,season,estimado_historico_anterior,2460,145
2024,21,perez_2024_21,São Paulo Grand Prix,perez,red_bull,146,0.8943418002140437,0,-finish_position,10.0,0.75,season,estimado_historico_anterior,2460,145
2024,21,piastri_2024_21,São Paulo Grand Prix,piastri,mclaren,146,1.56331793968944,0,-finish_position,10.0,0.75,season,estimado_historico_anterior,2460,145
2024,21,russell_2024_21,São Paulo Grand Prix,russell,mercedes,146,-0.194038979003584,0,-finish_position,10.0,0.75,season,estimado_historico_anterior,2460,145
2024,21,tsunoda_2024_21,São Paulo Grand Prix,tsunoda,rb,146,-0.9852804737701997,0,-finish_position,10.0,0.75,season,estimado_historico_anterior,2460,145
2024,21,zhou_2024_21,São Paulo Grand Prix,zhou,sauber,146,-1.3567220213937599,0,-finish_position,10.0,0.75,season,estimado_historico_anterior,2460,145
2024,22,alonso_2024_22,Las Vegas Grand Prix,alonso,aston_martin,147,1.7467172242479099,0,-finish_position,10.0,0.75,season,estimado_historico_anterior,2475,146
2024,22,bottas_2024_22,Las Vegas Grand Prix,bottas,sauber,147,-0.22092627327195896,0,-finish_position,10.0,0.75,season,estimado_historico_anterior,2475,146
2024,22,colapinto_2024_22,Las Vegas Grand Prix,colapinto,williams,147,0.8507053350591163,0,-finish_position,10.0,0.75,season,estimado_historico_anterior,2475,146
2024,22,hamilton_2024_22,Las Vegas Grand Prix,hamilton,mercedes,147,0.930140296370803,0,-finish_position,10.0,0.75,season,estimado_historico_anterior,2475,146
2024,22,hulkenberg_2024_22,Las Vegas Grand Prix,hulkenberg,haas,147,0.2277520535543253,0,-finish_position,10.0,0.75,season,estimado_historico_anterior,2475,146
2024,22,kevin_magnussen_2024_22,Las Vegas Grand Prix,kevin_magnussen,haas,147,-0.38056349652946814,0,-finish_position,10.0,0.75,season,estimado_historico_anterior,2475,146
2024,22,lawson_2024_22,Las Vegas Grand Prix,lawson,rb,147,-0.28264880551637317,0,-finish_position,10.0,0.75,season,estimado_historico_anterior,2475,146
2024,22,leclerc_2024_22,Las Vegas Grand Prix,leclerc,ferrari,147,1.637773770027771,0,-finish_position,10.0,0.75,season,estimado_historico_anterior,2475,146
2024,22,max_verstappen_2024_22,Las Vegas Grand Prix,max_verstappen,red_bull,147,3.611716854740733,0,-finish_position,10.0,0.75,season,estimado_historico_anterior,2475,146
2024,22,norris_2024_22,Las Vegas Grand Prix,norris,mclaren,147,2.0483072219510747,0,-finish_position,10.0,0.75,season,estimado_historico_anterior,2475,146
2024,22,ocon_2024_22,Las Vegas Grand Prix,ocon,alpine,147,0.3796914665594339,0,-finish_position,10.0,0.75,season,estimado_historico_anterior,2475,146
2024,22,perez_2024_22,Las Vegas Grand Prix,perez,red_bull,147,0.83054299750826,0,-finish_position,10.0,0.75,season,estimado_historico_anterior,2475,146
2024,22,piastri_2024_22,Las Vegas Grand Prix,piastri,mclaren,147,1.5269290046151225,0,-finish_position,10.0,0.75,season,estimado_historico_anterior,2475,146
2024,22,russell_2024_22,Las Vegas Grand Prix,russell,mercedes,147,-0.1697691288777143,0,-finish_position,10.0,0.75,season,estimado_historico_anterior,2475,146
2024,22,sainz_2024_22,Las Vegas Grand Prix,sainz,ferrari,147,1.221999017191922,0,-finish_position,10.0,0.75,season,estimado_historico_anterior,2475,146
2024,22,stroll_2024_22,Las Vegas Grand Prix,stroll,aston_martin,147,-0.5183198688279169,0,-finish_position,10.0,0.75,season,estimado_historico_anterior,2475,146
2024,22,tsunoda_2024_22,Las Vegas Grand Prix,tsunoda,rb,147,-0.9191572147723109,0,-finish_position,10.0,0.75,season,estimado_historico_anterior,2475,146
2024,22,zhou_2024_22,Las Vegas Grand Prix,zhou,sauber,147,-1.36607869755021,0,-finish_position,10.0,0.75,season,estimado_historico_anterior,2475,146
2024,23,albon_2024_23,Qatar Grand Prix,albon,williams,148,0.6208306308005141,0,-finish_position,10.0,0.75,season,estimado_historico_anterior,2493,147
2024,23,alonso_2024_23,Qatar Grand Prix,alonso,aston_martin,148,1.751933592037764,0,-finish_position,10.0,0.75,season,estimado_historico_anterior,2493,147
2024,23,bottas_2024_23,Qatar Grand Prix,bottas,sauber,148,-0.2772753332851994,0,-finish_position,10.0,0.75,season,estimado_historico_anterior,2493,147
2024,23,gasly_2024_23,Qatar Grand Prix,gasly,alpine,148,0.4468380090086676,0,-finish_position,10.0,0.75,season,estimado_historico_anterior,2493,147
2024,23,hamilton_2024_23,Qatar Grand Prix,hamilton,mercedes,148,0.9197155522558875,0,-finish_position,10.0,0.75,season,estimado_historico_anterior,2493,147
2024,23,kevin_magnussen_2024_23,Qatar Grand Prix,kevin_magnussen,haas,148,-0.3863981386884837,0,-finish_position,10.0,0.75,season,estimado_historico_anterior,2493,147
2024,23,lawson_2024_23,Qatar Grand Prix,lawson,rb,148,-0.5175532547912215,0,-finish_position,10.0,0.75,season,estimado_historico_anterior,2493,147
2024,23,leclerc_2024_23,Qatar Grand Prix,leclerc,ferrari,148,1.64791089215163,0,-finish_position,10.0,0.75,season,estimado_historico_anterior,2493,147
2024,23,max_verstappen_2024_23,Qatar Grand Prix,max_verstappen,red_bull,148,3.6218726759425186,0,-finish_position,10.0,0.75,season,estimado_historico_anterior,2493,147
2024,23,norris_2024_23,Qatar Grand Prix,norris,mclaren,148,2.0698061629802758,0,-finish_position,10.0,0.75,season,estimado_historico_anterior,2493,147
2024,23,piastri_2024_23,Qatar Grand Prix,piastri,mclaren,148,1.5431645760696246,0,-finish_position,10.0,0.75,season,estimado_historico_anterior,2493,147
2024,23,russell_2024_23,Qatar Grand Prix,russell,mercedes,148,-0.12835027611945332,0,-finish_position,10.0,0.75,season,estimado_historico_anterior,2493,147
2024,23,sainz_2024_23,Qatar Grand Prix,sainz,ferrari,148,1.2536583691183318,0,-finish_position,10.0,0.75,season,estimado_historico_anterior,2493,147
2024,23,tsunoda_2024_23,Qatar Grand Prix,tsunoda,rb,148,-0.8300163596947548,0,-finish_position,10.0,0.75,season,estimado_historico_anterior,2493,147
2024,23,zhou_2024_23,Qatar Grand Prix,zhou,sauber,148,-1.3125518780651928,0,-finish_position,10.0,0.75,season,estimado_historico_anterior,2493,147
2024,24,albon_2024_24,Abu Dhabi Grand Prix,albon,williams,149,0.5888328276422501,0,-finish_position,10.0,0.75,season,estimado_historico_anterior,2508,148
2024,24,alonso_2024_24,Abu Dhabi Grand Prix,alonso,aston_martin,149,1.7445280634273561,0,-finish_position,10.0,0.75,season,estimado_historico_anterior,2508,148
2024,24,doohan_2024_24,Abu Dhabi Grand Prix,doohan,alpine,149,0.0,1,-finish_position,10.0,0.75,season,estimado_historico_anterior,2508,148
2024,24,gasly_2024_24,Abu Dhabi Grand Prix,gasly,alpine,149,0.5009080420520419,0,-finish_position,10.0,0.75,season,estimado_historico_anterior,2508,148
2024,24,hamilton_2024_24,Abu Dhabi Grand Prix,hamilton,mercedes,149,0.8369225094591539,0,-finish_position,10.0,0.75,season,estimado_historico_anterior,2508,148
2024,24,hulkenberg_2024_24,Abu Dhabi Grand Prix,hulkenberg,haas,149,0.28416815271839885,0,-finish_position,10.0,0.75,season,estimado_historico_anterior,2508,148
2024,24,kevin_magnussen_2024_24,Abu Dhabi Grand Prix,kevin_magnussen,haas,149,-0.33367457638310904,0,-finish_position,10.0,0.75,season,estimado_historico_anterior,2508,148
2024,24,leclerc_2024_24,Abu Dhabi Grand Prix,leclerc,ferrari,149,1.6658531116119693,0,-finish_position,10.0,0.75,season,estimado_historico_anterior,2508,148
2024,24,max_verstappen_2024_24,Abu Dhabi Grand Prix,max_verstappen,red_bull,149,3.634505491034634,0,-finish_position,10.0,0.75,season,estimado_historico_anterior,2508,148
2024,24,norris_2024_24,Abu Dhabi Grand Prix,norris,mclaren,149,2.0186437643074884,0,-finish_position,10.0,0.75,season,estimado_historico_anterior,2508,148
2024,24,piastri_2024_24,Abu Dhabi Grand Prix,piastri,mclaren,149,1.625187654412847,0,-finish_position,10.0,0.75,season,estimado_historico_anterior,2508,148
2024,24,russell_2024_24,Abu Dhabi Grand Prix,russell,mercedes,149,-0.09506863137159981,0,-finish_position,10.0,0.75,season,estimado_historico_anterior,2508,148
2024,24,sainz_2024_24,Abu Dhabi Grand Prix,sainz,ferrari,149,1.2287737771348068,0,-finish_position,10.0,0.75,season,estimado_historico_anterior,2508,148
2024,24,stroll_2024_24,Abu Dhabi Grand Prix,stroll,aston_martin,149,-0.5558689279318269,0,-finish_position,10.0,0.75,season,estimado_historico_anterior,2508,148
2024,24,tsunoda_2024_24,Abu Dhabi Grand Prix,tsunoda,rb,149,-0.8196783458243626,0,-finish_position,10.0,0.75,season,estimado_historico_anterior,2508,148
2024,24,zhou_2024_24,Abu Dhabi Grand Prix,zhou,sauber,149,-1.221357761485457,0,-finish_position,10.0,0.75,season,estimado_historico_anterior,2508,148
2025,1,albon_2025_1,Australian Grand Prix,albon,williams,150,0.5423478992149509,0,-finish_position,10.0,0.75,season,estimado_historico_anterior,2524,149
2025,1,antonelli_2025_1,Australian Grand Prix,antonelli,mercedes,150,0.0,1,-finish_position,10.0,0.75,season,estimado_historico_anterior,2524,149
2025,1,bearman_2025_1,Australian Grand Prix,bearman,haas,150,0.17445070477269312,0,-finish_position,10.0,0.75,season,estimado_historico_anterior,2524,149
2025,1,gasly_2025_1,Australian Grand Prix,gasly,alpine,150,0.4671536381746772,0,-finish_position,10.0,0.75,season,estimado_historico_anterior,2524,149
2025,1,hamilton_2025_1,Australian Grand Prix,hamilton,ferrari,150,0.9655089313278994,0,-finish_position,10.0,0.75,season,estimado_historico_anterior,2524,149
2025,1,hulkenberg_2025_1,Australian Grand Prix,hulkenberg,sauber,150,0.29770178277864,0,-finish_position,10.0,0.75,season,estimado_historico_anterior,2524,149
2025,1,leclerc_2025_1,Australian Grand Prix,leclerc,ferrari,150,1.6346110450405602,0,-finish_position,10.0,0.75,season,estimado_historico_anterior,2524,149
2025,1,max_verstappen_2025_1,Australian Grand Prix,max_verstappen,red_bull,150,3.450723299451668,0,-finish_position,10.0,0.75,season,estimado_historico_anterior,2524,149
2025,1,norris_2025_1,Australian Grand Prix,norris,mclaren,150,1.9328568125342644,0,-finish_position,10.0,0.75,season,estimado_historico_anterior,2524,149
2025,1,ocon_2025_1,Australian Grand Prix,ocon,haas,150,0.2054819467517867,0,-finish_position,10.0,0.75,season,estimado_historico_anterior,2524,149
2025,1,piastri_2025_1,Australian Grand Prix,piastri,mclaren,150,1.3991118921364702,0,-finish_position,10.0,0.75,season,estimado_historico_anterior,2524,149
2025,1,russell_2025_1,Australian Grand Prix,russell,mercedes,150,0.019203230329922556,0,-finish_position,10.0,0.75,season,estimado_historico_anterior,2524,149
2025,1,stroll_2025_1,Australian Grand Prix,stroll,aston_martin,150,-0.5959759552009337,0,-finish_position,10.0,0.75,season,estimado_historico_anterior,2524,149
2025,1,tsunoda_2025_1,Australian Grand Prix,tsunoda,rb,150,-0.8202501023195742,0,-finish_position,10.0,0.75,season,estimado_historico_anterior,2524,149
2025,2,albon_2025_2,Chinese Grand Prix,albon,williams,151,0.6595747955674832,0,-finish_position,10.0,0.75,season,estimado_historico_anterior,2538,150
2025,2,antonelli_2025_2,Chinese Grand Prix,antonelli,mercedes,151,0.12207194681589097,0,-finish_position,10.0,0.75,season,estimado_historico_anterior,2538,150
2025,2,bearman_2025_2,Chinese Grand Prix,bearman,haas,151,0.09017517234169828,0,-finish_position,10.0,0.75,season,estimado_historico_anterior,2538,150
2025,2,bortoleto_2025_2,Chinese Grand Prix,bortoleto,sauber,151,0.0,1,-finish_position,10.0,0.75,season,estimado_historico_anterior,2538,150
2025,2,doohan_2025_2,Chinese Grand Prix,doohan,alpine,151,-0.29612677362155143,0,-finish_position,10.0,0.75,season,estimado_historico_anterior,2538,150
2025,2,hadjar_2025_2,Chinese Grand Prix,hadjar,rb,151,0.0,1,-finish_position,10.0,0.75,season,estimado_historico_anterior,2538,150
2025,2,hulkenberg_2025_2,Chinese Grand Prix,hulkenberg,sauber,151,0.5038540561945737,0,-finish_position,10.0,0.75,season,estimado_historico_anterior,2538,150
2025,2,lawson_2025_2,Chinese Grand Prix,lawson,red_bull,151,-0.5556294462096381,0,-finish_position,10.0,0.75,season,estimado_historico_anterior,2538,150
2025,2,max_verstappen_2025_2,Chinese Grand Prix,max_verstappen,red_bull,151,3.4709806776268817,0,-finish_position,10.0,0.75,season,estimado_historico_anterior,2538,150
2025,2,norris_2025_2,Chinese Grand Prix,norris,mclaren,151,2.0200193532978625,0,-finish_position,10.0,0.75,season,estimado_historico_anterior,2538,150
2025,2,ocon_2025_2,Chinese Grand Prix,ocon,haas,151,0.1946492780118516,0,-finish_position,10.0,0.75,season,estimado_historico_anterior,2538,150
2025,2,piastri_2025_2,Chinese Grand Prix,piastri,mclaren,151,1.3514718987061212,0,-finish_position,10.0,0.75,season,estimado_historico_anterior,2538,150
2025,2,russell_2025_2,Chinese Grand Prix,russell,mercedes,151,-0.060424233273953,0,-finish_position,10.0,0.75,season,estimado_historico_anterior,2538,150
2025,2,sainz_2025_2,Chinese Grand Prix,sainz,williams,151,1.2983058222285448,0,-finish_position,10.0,0.75,season,estimado_historico_anterior,2538,150
2025,2,stroll_2025_2,Chinese Grand Prix,stroll,aston_martin,151,-0.53493229402387,0,-finish_position,10.0,0.75,season,estimado_historico_anterior,2538,150
2025,2,tsunoda_2025_2,Chinese Grand Prix,tsunoda,rb,151,-0.8282691900065814,0,-finish_position,10.0,0.75,season,estimado_historico_anterior,2538,150
2025,3,albon_2025_3,Japanese Grand Prix,albon,williams,152,0.7605499478582437,0,-finish_position,10.0,0.75,season,estimado_historico_anterior,2554,151
2025,3,alonso_2025_3,Japanese Grand Prix,alonso,aston_martin,152,1.6403770039296888,0,-finish_position,10.0,0.75,season,estimado_historico_anterior,2554,151
2025,3,antonelli_2025_3,Japanese Grand Prix,antonelli,mercedes,152,0.05719311513228228,0,-finish_position,10.0,0.75,season,estimado_historico_anterior,2554,151
2025,3,bearman_2025_3,Japanese Grand Prix,bearman,haas,152,0.36315005167421643,0,-finish_position,10.0,0.75,season,estimado_historico_anterior,2554,151
2025,3,bortoleto_2025_3,Japanese Grand Prix,bortoleto,sauber,152,-0.0653373020007169,0,-finish_position,10.0,0.75,season,estimado_historico_anterior,2554,151
2025,3,doohan_2025_3,Japanese Grand Prix,doohan,alpine,152,-0.44208880614731694,0,-finish_position,10.0,0.75,season,estimado_historico_anterior,2554,151
2025,3,gasly_2025_3,Japanese Grand Prix,gasly,alpine,152,0.5169996935492989,0,-finish_position,10.0,0.75,season,estimado_historico_anterior,2554,151
2025,3,hadjar_2025_3,Japanese Grand Prix,hadjar,rb,152,0.02176237470104254,0,-finish_position,10.0,0.75,season,estimado_historico_anterior,2554,151
2025,3,hamilton_2025_3,Japanese Grand Prix,hamilton,ferrari,152,0.7549870953419616,0,-finish_position,10.0,0.75,season,estimado_historico_anterior,2554,151
2025,3,hulkenberg_2025_3,Japanese Grand Prix,hulkenberg,sauber,152,0.3097308294653803,0,-finish_position,10.0,0.75,season,estimado_historico_anterior,2554,151
2025,3,lawson_2025_3,Japanese Grand Prix,lawson,rb,152,-0.8266691497367477,0,-finish_position,10.0,0.75,season,estimado_historico_anterior,2554,151
2025,3,leclerc_2025_3,Japanese Grand Prix,leclerc,ferrari,152,1.686405483966804,0,-finish_position,10.0,0.75,season,estimado_historico_anterior,2554,151
2025,3,max_verstappen_2025_3,Japanese Grand Prix,max_verstappen,red_bull,152,3.579908699968942,0,-finish_position,10.0,0.75,season,estimado_historico_anterior,2554,151
2025,3,norris_2025_3,Japanese Grand Prix,norris,mclaren,152,2.066657069173033,0,-finish_position,10.0,0.75,season,estimado_historico_anterior,2554,151
2025,3,ocon_2025_3,Japanese Grand Prix,ocon,haas,152,0.4276279628508602,0,-finish_position,10.0,0.75,season,estimado_historico_anterior,2554,151
2025,3,piastri_2025_3,Japanese Grand Prix,piastri,mclaren,152,1.4831192827990352,0,-finish_position,10.0,0.75,season,estimado_historico_anterior,2554,151
2025,3,russell_2025_3,Japanese Grand Prix,russell,mercedes,152,-0.025177147074537914,0,-finish_position,10.0,0.75,season,estimado_historico_anterior,2554,151
2025,3,sainz_2025_3,Japanese Grand Prix,sainz,williams,152,1.349816269498868,0,-finish_position,10.0,0.75,season,estimado_historico_anterior,2554,151
2025,3,stroll_2025_3,Japanese Grand Prix,stroll,aston_martin,152,-0.4911551468670587,0,-finish_position,10.0,0.75,season,estimado_historico_anterior,2554,151
2025,3,tsunoda_2025_3,Japanese Grand Prix,tsunoda,red_bull,152,-0.9014871422097229,0,-finish_position,10.0,0.75,season,estimado_historico_anterior,2554,151
2025,4,albon_2025_4,Bahrain Grand Prix,albon,williams,153,0.8618326419582817,0,-finish_position,10.0,0.75,season,estimado_historico_anterior,2574,152
2025,4,alonso_2025_4,Bahrain Grand Prix,alonso,aston_martin,153,1.651561657992095,0,-finish_position,10.0,0.75,season,estimado_historico_anterior,2574,152
2025,4,antonelli_2025_4,Bahrain Grand Prix,antonelli,mercedes,153,0.008478852983023505,0,-finish_position,10.0,0.75,season,estimado_historico_anterior,2574,152
2025,4,bearman_2025_4,Bahrain Grand Prix,bearman,haas,153,0.5265641491125385,0,-finish_position,10.0,0.75,season,estimado_historico_anterior,2574,152
2025,4,bortoleto_2025_4,Bahrain Grand Prix,bortoleto,sauber,153,-0.4993401371229608,0,-finish_position,10.0,0.75,season,estimado_historico_anterior,2574,152
2025,4,doohan_2025_4,Bahrain Grand Prix,doohan,alpine,153,-0.7276685722834803,0,-finish_position,10.0,0.75,season,estimado_historico_anterior,2574,152
2025,4,gasly_2025_4,Bahrain Grand Prix,gasly,alpine,153,0.4629453260338656,0,-finish_position,10.0,0.75,season,estimado_historico_anterior,2574,152
2025,4,hadjar_2025_4,Bahrain Grand Prix,hadjar,rb,153,0.286244006188683,0,-finish_position,10.0,0.75,season,estimado_historico_anterior,2574,152
2025,4,hamilton_2025_4,Bahrain Grand Prix,hamilton,ferrari,153,0.7608596257104298,0,-finish_position,10.0,0.75,season,estimado_historico_anterior,2574,152
2025,4,lawson_2025_4,Bahrain Grand Prix,lawson,rb,153,-1.1023728144929996,0,-finish_position,10.0,0.75,season,estimado_historico_anterior,2574,152
2025,4,leclerc_2025_4,Bahrain Grand Prix,leclerc,ferrari,153,1.7203815680880847,0,-finish_position,10.0,0.75,season,estimado_historico_anterior,2574,152
2025,4,max_verstappen_2025_4,Bahrain Grand Prix,max_verstappen,red_bull,153,3.7050539142178893,0,-finish_position,10.0,0.75,season,estimado_historico_anterior,2574,152
2025,4,norris_2025_4,Bahrain Grand Prix,norris,mclaren,153,2.107806755017797,0,-finish_position,10.0,0.75,season,estimado_historico_anterior,2574,152
2025,4,ocon_2025_4,Bahrain Grand Prix,ocon,haas,153,0.3351055937683978,0,-finish_position,10.0,0.75,season,estimado_historico_anterior,2574,152
2025,4,piastri_2025_4,Bahrain Grand Prix,piastri,mclaren,153,1.5560556972653021,0,-finish_position,10.0,0.75,season,estimado_historico_anterior,2574,152
2025,4,russell_2025_4,Bahrain Grand Prix,russell,mercedes,153,0.00620335513084259,0,-finish_position,10.0,0.75,season,estimado_historico_anterior,2574,152
2025,4,stroll_2025_4,Bahrain Grand Prix,stroll,aston_martin,153,-0.573365211928802,0,-finish_position,10.0,0.75,season,estimado_historico_anterior,2574,152
2025,4,tsunoda_2025_4,Bahrain Grand Prix,tsunoda,red_bull,153,-1.02643446898834,0,-finish_position,10.0,0.75,season,estimado_historico_anterior,2574,152
2025,5,albon_2025_5,Saudi Arabian Grand Prix,albon,williams,154,0.9007681293805176,0,-finish_position,10.0,0.75,season,estimado_historico_anterior,2592,153
2025,5,alonso_2025_5,Saudi Arabian Grand Prix,alonso,aston_martin,154,1.623275652399694,0,-finish_position,10.0,0.75,season,estimado_historico_anterior,2592,153
2025,5,antonelli_2025_5,Saudi Arabian Grand Prix,antonelli,mercedes,154,-0.3647046823168067,0,-finish_position,10.0,0.75,season,estimado_historico_anterior,2592,153
2025,5,bearman_2025_5,Saudi Arabian Grand Prix,bearman,haas,154,0.6276360373995381,0,-finish_position,10.0,0.75,season,estimado_historico_anterior,2592,153
2025,5,bortoleto_2025_5,Saudi Arabian Grand Prix,bortoleto,sauber,154,-0.7814947141582718,0,-finish_position,10.0,0.75,season,estimado_historico_anterior,2592,153
2025,5,doohan_2025_5,Saudi Arabian Grand Prix,doohan,alpine,154,-0.8830194998364933,0,-finish_position,10.0,0.75,season,estimado_historico_anterior,2592,153
2025,5,hadjar_2025_5,Saudi Arabian Grand Prix,hadjar,rb,154,0.1578256554333569,0,-finish_position,10.0,0.75,season,estimado_historico_anterior,2592,153
2025,5,hamilton_2025_5,Saudi Arabian Grand Prix,hamilton,ferrari,154,0.8579160795579063,0,-finish_position,10.0,0.75,season,estimado_historico_anterior,2592,153
2025,5,hulkenberg_2025_5,Saudi Arabian Grand Prix,hulkenberg,sauber,154,0.26011457856727577,0,-finish_position,10.0,0.75,season,estimado_historico_anterior,2592,153
2025,5,lawson_2025_5,Saudi Arabian Grand Prix,lawson,rb,154,-1.2410457567064757,0,-finish_position,10.0,0.75,season,estimado_historico_anterior,2592,153
2025,5,leclerc_2025_5,Saudi Arabian Grand Prix,leclerc,ferrari,154,1.7496462548929137,0,-finish_position,10.0,0.75,season,estimado_historico_anterior,2592,153
2025,5,max_verstappen_2025_5,Saudi Arabian Grand Prix,max_verstappen,red_bull,154,3.717731498235887,0,-finish_position,10.0,0.75,season,estimado_historico_anterior,2592,153
2025,5,norris_2025_5,Saudi Arabian Grand Prix,norris,mclaren,154,2.14737800484063,0,-finish_position,10.0,0.75,season,estimado_historico_anterior,2592,153
2025,5,ocon_2025_5,Saudi Arabian Grand Prix,ocon,haas,154,0.4499986936084488,0,-finish_position,10.0,0.75,season,estimado_historico_anterior,2592,153
2025,5,piastri_2025_5,Saudi Arabian Grand Prix,piastri,mclaren,154,1.6852998887065487,0,-finish_position,10.0,0.75,season,estimado_historico_anterior,2592,153
2025,5,russell_2025_5,Saudi Arabian Grand Prix,russell,mercedes,154,0.13678739148501748,0,-finish_position,10.0,0.75,season,estimado_historico_anterior,2592,153
2025,5,sainz_2025_5,Saudi Arabian Grand Prix,sainz,williams,154,1.328975599927919,0,-finish_position,10.0,0.75,season,estimado_historico_anterior,2592,153
2025,5,stroll_2025_5,Saudi Arabian Grand Prix,stroll,aston_martin,154,-0.57724357464555,0,-finish_position,10.0,0.75,season,estimado_historico_anterior,2592,153
2025,6,albon_2025_6,Miami Grand Prix,albon,williams,155,0.9126000199592538,0,-finish_position,10.0,0.75,season,estimado_historico_anterior,2610,154
2025,6,alonso_2025_6,Miami Grand Prix,alonso,aston_martin,155,1.6354182901762113,0,-finish_position,10.0,0.75,season,estimado_historico_anterior,2610,154
2025,6,antonelli_2025_6,Miami Grand Prix,antonelli,mercedes,155,-0.37854074301394364,0,-finish_position,10.0,0.75,season,estimado_historico_anterior,2610,154
2025,6,gasly_2025_6,Miami Grand Prix,gasly,alpine,155,0.5969141846352454,0,-finish_position,10.0,0.75,season,estimado_historico_anterior,2610,154
2025,6,hadjar_2025_6,Miami Grand Prix,hadjar,rb,155,0.23578116727945062,0,-finish_position,10.0,0.75,season,estimado_historico_anterior,2610,154
2025,6,hamilton_2025_6,Miami Grand Prix,hamilton,ferrari,155,0.8368218717485261,0,-finish_position,10.0,0.75,season,estimado_historico_anterior,2610,154
2025,6,hulkenberg_2025_6,Miami Grand Prix,hulkenberg,sauber,155,0.2627606397903481,0,-finish_position,10.0,0.75,season,estimado_historico_anterior,2610,154
2025,6,leclerc_2025_6,Miami Grand Prix,leclerc,ferrari,155,1.8463671875072745,0,-finish_position,10.0,0.75,season,estimado_historico_anterior,2610,154
2025,6,max_verstappen_2025_6,Miami Grand Prix,max_verstappen,red_bull,155,3.7370190784937383,0,-finish_position,10.0,0.75,season,estimado_historico_anterior,2610,154
2025,6,norris_2025_6,Miami Grand Prix,norris,mclaren,155,2.1686895793361085,0,-finish_position,10.0,0.75,season,estimado_historico_anterior,2610,154
2025,6,ocon_2025_6,Miami Grand Prix,ocon,haas,155,0.4579035559674663,0,-finish_position,10.0,0.75,season,estimado_historico_anterior,2610,154
2025,6,piastri_2025_6,Miami Grand Prix,piastri,mclaren,155,1.806502954056646,0,-finish_position,10.0,0.75,season,estimado_historico_anterior,2610,154
2025,6,russell_2025_6,Miami Grand Prix,russell,mercedes,155,0.12226560292055702,0,-finish_position,10.0,0.75,season,estimado_historico_anterior,2610,154
2025,6,sainz_2025_6,Miami Grand Prix,sainz,williams,155,1.4362060110327026,0,-finish_position,10.0,0.75,season,estimado_historico_anterior,2610,154
2025,6,stroll_2025_6,Miami Grand Prix,stroll,aston_martin,155,-0.611194104912781,0,-finish_position,10.0,0.75,season,estimado_historico_anterior,2610,154
2025,6,tsunoda_2025_6,Miami Grand Prix,tsunoda,red_bull,155,-0.987438149803416,0,-finish_position,10.0,0.75,season,estimado_historico_anterior,2610,154
2025,7,albon_2025_7,Emilia Romagna Grand Prix,albon,williams,156,1.0032885513580183,0,-finish_position,10.0,0.75,season,estimado_historico_anterior,2626,155
2025,7,alonso_2025_7,Emilia Romagna Grand Prix,alonso,aston_martin,156,1.5836443516208834,0,-finish_position,10.0,0.75,season,estimado_historico_anterior,2626,155
2025,7,bearman_2025_7,Emilia Romagna Grand Prix,bearman,haas,156,0.5861099481894334,0,-finish_position,10.0,0.75,season,estimado_historico_anterior,2626,155
2025,7,bortoleto_2025_7,Emilia Romagna Grand Prix,bortoleto,sauber,156,-1.0035074806872761,0,-finish_position,10.0,0.75,season,estimado_historico_anterior,2626,155
2025,7,colapinto_2025_7,Emilia Romagna Grand Prix,colapinto,alpine,156,0.5558655207784694,0,-finish_position,10.0,0.75,season,estimado_historico_anterior,2626,155
2025,7,gasly_2025_7,Emilia Romagna Grand Prix,gasly,alpine,156,0.5515738011141234,0,-finish_position,10.0,0.75,season,estimado_historico_anterior,2626,155
2025,7,hadjar_2025_7,Emilia Romagna Grand Prix,hadjar,rb,156,0.23217721825554494,0,-finish_position,10.0,0.75,season,estimado_historico_anterior,2626,155
2025,7,hamilton_2025_7,Emilia Romagna Grand Prix,hamilton,ferrari,156,0.7721308169230539,0,-finish_position,10.0,0.75,season,estimado_historico_anterior,2626,155
2025,7,hulkenberg_2025_7,Emilia Romagna Grand Prix,hulkenberg,sauber,156,0.2523158952554318,0,-finish_position,10.0,0.75,season,estimado_historico_anterior,2626,155
2025,7,lawson_2025_7,Emilia Romagna Grand Prix,lawson,rb,156,-1.2304684664702692,0,-finish_position,10.0,0.75,season,estimado_historico_anterior,2626,155
2025,7,leclerc_2025_7,Emilia Romagna Grand Prix,leclerc,ferrari,156,1.8792176386366224,0,-finish_position,10.0,0.75,season,estimado_historico_anterior,2626,155
2025,7,max_verstappen_2025_7,Emilia Romagna Grand Prix,max_verstappen,red_bull,156,3.7739786041629615,0,-finish_position,10.0,0.75,season,estimado_historico_anterior,2626,155
2025,7,norris_2025_7,Emilia Romagna Grand Prix,norris,mclaren,156,2.2054304644251626,0,-finish_position,10.0,0.75,season,estimado_historico_anterior,2626,155
2025,7,piastri_2025_7,Emilia Romagna Grand Prix,piastri,mclaren,156,1.9095259655758499,0,-finish_position,10.0,0.75,season,estimado_historico_anterior,2626,155
2025,7,russell_2025_7,Emilia Romagna Grand Prix,russell,mercedes,156,0.11342440574142301,0,-finish_position,10.0,0.75,season,estimado_historico_anterior,2626,155
2025,7,sainz_2025_7,Emilia Romagna Grand Prix,sainz,williams,156,1.521149809171493,0,-finish_position,10.0,0.75,season,estimado_historico_anterior,2626,155
2025,7,stroll_2025_7,Emilia Romagna Grand Prix,stroll,aston_martin,156,-0.623104378561215,0,-finish_position,10.0,0.75,season,estimado_historico_anterior,2626,155
2025,7,tsunoda_2025_7,Emilia Romagna Grand Prix,tsunoda,red_bull,156,-1.0520325618429502,0,-finish_position,10.0,0.75,season,estimado_historico_anterior,2626,155
2025,8,albon_2025_8,Monaco Grand Prix,albon,williams,157,1.063967509154025,0,-finish_position,10.0,0.75,season,estimado_historico_anterior,2644,156
2025,8,antonelli_2025_8,Monaco Grand Prix,antonelli,mercedes,157,-0.3931181381649773,0,-finish_position,10.0,0.75,season,estimado_historico_anterior,2644,156
2025,8,bearman_2025_8,Monaco Grand Prix,bearman,haas,157,0.34985275439476815,0,-finish_position,10.0,0.75,season,estimado_historico_anterior,2644,156
2025,8,bortoleto_2025_8,Monaco Grand Prix,bortoleto,sauber,157,-1.2067829093741345,0,-finish_position,10.0,0.75,season,estimado_historico_anterior,2644,156
2025,8,colapinto_2025_8,Monaco Grand Prix,colapinto,alpine,157,0.17589160678633203,0,-finish_position,10.0,0.75,season,estimado_historico_anterior,2644,156
2025,8,hadjar_2025_8,Monaco Grand Prix,hadjar,rb,157,0.35467870495901427,0,-finish_position,10.0,0.75,season,estimado_historico_anterior,2644,156
2025,8,hamilton_2025_8,Monaco Grand Prix,hamilton,ferrari,157,0.8310558121330537,0,-finish_position,10.0,0.75,season,estimado_historico_anterior,2644,156
2025,8,hulkenberg_2025_8,Monaco Grand Prix,hulkenberg,sauber,157,0.3432151063083977,0,-finish_position,10.0,0.75,season,estimado_historico_anterior,2644,156
2025,8,lawson_2025_8,Monaco Grand Prix,lawson,rb,157,-1.3034242583667595,0,-finish_position,10.0,0.75,season,estimado_historico_anterior,2644,156
2025,8,leclerc_2025_8,Monaco Grand Prix,leclerc,ferrari,157,1.8770829263751332,0,-finish_position,10.0,0.75,season,estimado_historico_anterior,2644,156
2025,8,max_verstappen_2025_8,Monaco Grand Prix,max_verstappen,red_bull,157,3.848858796610771,0,-finish_position,10.0,0.75,season,estimado_historico_anterior,2644,156
2025,8,norris_2025_8,Monaco Grand Prix,norris,mclaren,157,2.256341792739733,0,-finish_position,10.0,0.75,season,estimado_historico_anterior,2644,156
2025,8,ocon_2025_8,Monaco Grand Prix,ocon,haas,157,0.5674193679611083,0,-finish_position,10.0,0.75,season,estimado_historico_anterior,2644,156
2025,8,piastri_2025_8,Monaco Grand Prix,piastri,mclaren,157,1.977629873004852,0,-finish_position,10.0,0.75,season,estimado_historico_anterior,2644,156
2025,8,russell_2025_8,Monaco Grand Prix,russell,mercedes,157,0.0916932315080729,0,-finish_position,10.0,0.75,season,estimado_historico_anterior,2644,156
2025,8,sainz_2025_8,Monaco Grand Prix,sainz,williams,157,1.5773219413734114,0,-finish_position,10.0,0.75,season,estimado_historico_anterior,2644,156
2025,8,stroll_2025_8,Monaco Grand Prix,stroll,aston_martin,157,-0.6334952617175273,0,-finish_position,10.0,0.75,season,estimado_historico_anterior,2644,156
2025,8,tsunoda_2025_8,Monaco Grand Prix,tsunoda,red_bull,157,-1.096261416352897,0,-finish_position,10.0,0.75,season,estimado_historico_anterior,2644,156
2025,9,alonso_2025_9,Spanish Grand Prix,alonso,aston_martin,158,1.661412405887957,0,-finish_position,10.0,0.75,season,estimado_historico_anterior,2662,157
2025,9,bearman_2025_9,Spanish Grand Prix,bearman,haas,158,0.324537089250806,0,-finish_position,10.0,0.75,season,estimado_historico_anterior,2662,157
2025,9,bortoleto_2025_9,Spanish Grand Prix,bortoleto,sauber,158,-1.122316476855028,0,-finish_position,10.0,0.75,season,estimado_historico_anterior,2662,157
2025,9,colapinto_2025_9,Spanish Grand Prix,colapinto,alpine,158,0.05811115683389953,0,-finish_position,10.0,0.75,season,estimado_historico_anterior,2662,157
2025,9,gasly_2025_9,Spanish Grand Prix,gasly,alpine,158,0.603529379636858,0,-finish_position,10.0,0.75,season,estimado_historico_anterior,2662,157
2025,9,hadjar_2025_9,Spanish Grand Prix,hadjar,rb,158,0.5543504853370571,0,-finish_position,10.0,0.75,season,estimado_historico_anterior,2662,157
2025,9,hamilton_2025_9,Spanish Grand Prix,hamilton,ferrari,158,0.9929000133324604,0,-finish_position,10.0,0.75,season,estimado_historico_anterior,2662,157
2025,9,hulkenberg_2025_9,Spanish Grand Prix,hulkenberg,sauber,158,0.2489210904204381,0,-finish_position,10.0,0.75,season,estimado_historico_anterior,2662,157
2025,9,lawson_2025_9,Spanish Grand Prix,lawson,rb,158,-1.1867782486729357,0,-finish_position,10.0,0.75,season,estimado_historico_anterior,2662,157
2025,9,leclerc_2025_9,Spanish Grand Prix,leclerc,ferrari,158,1.932129372527853,0,-finish_position,10.0,0.75,season,estimado_historico_anterior,2662,157
2025,9,max_verstappen_2025_9,Spanish Grand Prix,max_verstappen,red_bull,158,3.996172710414883,0,-finish_position,10.0,0.75,season,estimado_historico_anterior,2662,157
2025,9,norris_2025_9,Spanish Grand Prix,norris,mclaren,158,2.296238418847681,0,-finish_position,10.0,0.75,season,estimado_historico_anterior,2662,157
2025,9,ocon_2025_9,Spanish Grand Prix,ocon,haas,158,0.6947571758052983,0,-finish_position,10.0,0.75,season,estimado_historico_anterior,2662,157
2025,9,piastri_2025_9,Spanish Grand Prix,piastri,mclaren,158,2.0205550360992284,0,-finish_position,10.0,0.75,season,estimado_historico_anterior,2662,157
2025,9,russell_2025_9,Spanish Grand Prix,russell,mercedes,158,0.1301039448035542,0,-finish_position,10.0,0.75,season,estimado_historico_anterior,2662,157
2025,9,sainz_2025_9,Spanish Grand Prix,sainz,williams,158,1.5975554574975195,0,-finish_position,10.0,0.75,season,estimado_historico_anterior,2662,157
2025,9,tsunoda_2025_9,Spanish Grand Prix,tsunoda,red_bull,158,-1.3444532649605527,0,-finish_position,10.0,0.75,season,estimado_historico_anterior,2662,157
2025,10,alonso_2025_10,Canadian Grand Prix,alonso,aston_martin,159,1.656739869342274,0,-finish_position,10.0,0.75,season,estimado_historico_anterior,2679,158
2025,10,antonelli_2025_10,Canadian Grand Prix,antonelli,mercedes,159,-1.0438875354423378,0,-finish_position,10.0,0.75,season,estimado_historico_anterior,2679,158
2025,10,bearman_2025_10,Canadian Grand Prix,bearman,haas,159,0.1677324131173536,0,-finish_position,10.0,0.75,season,estimado_historico_anterior,2679,158
2025,10,bortoleto_2025_10,Canadian Grand Prix,bortoleto,sauber,159,-1.0294837580669025,0,-finish_position,10.0,0.75,season,estimado_historico_anterior,2679,158
2025,10,colapinto_2025_10,Canadian Grand Prix,colapinto,alpine,159,-0.15490969699512822,0,-finish_position,10.0,0.75,season,estimado_historico_anterior,2679,158
2025,10,gasly_2025_10,Canadian Grand Prix,gasly,alpine,159,0.6337424715314601,0,-finish_position,10.0,0.75,season,estimado_historico_anterior,2679,158
2025,10,hadjar_2025_10,Canadian Grand Prix,hadjar,rb,159,0.7002148173325456,0,-finish_position,10.0,0.75,season,estimado_historico_anterior,2679,158
2025,10,hamilton_2025_10,Canadian Grand Prix,hamilton,ferrari,159,0.9551196540766581,0,-finish_position,10.0,0.75,season,estimado_historico_anterior,2679,158
2025,10,hulkenberg_2025_10,Canadian Grand Prix,hulkenberg,sauber,159,0.4767396796551389,0,-finish_position,10.0,0.75,season,estimado_historico_anterior,2679,158
2025,10,leclerc_2025_10,Canadian Grand Prix,leclerc,ferrari,159,1.9088454887514859,0,-finish_position,10.0,0.75,season,estimado_historico_anterior,2679,158
2025,10,max_verstappen_2025_10,Canadian Grand Prix,max_verstappen,red_bull,159,3.988203372454698,0,-finish_position,10.0,0.75,season,estimado_historico_anterior,2679,158
2025,10,ocon_2025_10,Canadian Grand Prix,ocon,haas,159,0.6469009226243794,0,-finish_position,10.0,0.75,season,estimado_historico_anterior,2679,158
2025,10,piastri_2025_10,Canadian Grand Prix,piastri,mclaren,159,2.0883895496873577,0,-finish_position,10.0,0.75,season,estimado_historico_anterior,2679,158
2025,10,russell_2025_10,Canadian Grand Prix,russell,mercedes,159,0.13122156958062264,0,-finish_position,10.0,0.75,season,estimado_historico_anterior,2679,158
2025,10,sainz_2025_10,Canadian Grand Prix,sainz,williams,159,1.5191500879272952,0,-finish_position,10.0,0.75,season,estimado_historico_anterior,2679,158
2025,10,stroll_2025_10,Canadian Grand Prix,stroll,aston_martin,159,-0.6592105892601801,0,-finish_position,10.0,0.75,season,estimado_historico_anterior,2679,158
2025,10,tsunoda_2025_10,Canadian Grand Prix,tsunoda,red_bull,159,-1.4656668836012183,0,-finish_position,10.0,0.75,season,estimado_historico_anterior,2679,158
2025,11,alonso_2025_11,Austrian Grand Prix,alonso,aston_martin,160,1.7336619462202458,0,-finish_position,10.0,0.75,season,estimado_historico_anterior,2696,159
2025,11,bearman_2025_11,Austrian Grand Prix,bearman,haas,160,0.23730042902014212,0,-finish_position,10.0,0.75,season,estimado_historico_anterior,2696,159
2025,11,bortoleto_2025_11,Austrian Grand Prix,bortoleto,sauber,160,-1.0419611909433446,0,-finish_position,10.0,0.75,season,estimado_historico_anterior,2696,159
2025,11,colapinto_2025_11,Austrian Grand Prix,colapinto,alpine,160,-0.2238644494162443,0,-finish_position,10.0,0.75,season,estimado_historico_anterior,2696,159
2025,11,gasly_2025_11,Austrian Grand Prix,gasly,alpine,160,0.6149821890285394,0,-finish_position,10.0,0.75,season,estimado_historico_anterior,2696,159
2025,11,hadjar_2025_11,Austrian Grand Prix,hadjar,rb,160,0.4219835742539582,0,-finish_position,10.0,0.75,season,estimado_historico_anterior,2696,159
2025,11,hamilton_2025_11,Austrian Grand Prix,hamilton,ferrari,160,0.8945473109596785,0,-finish_position,10.0,0.75,season,estimado_historico_anterior,2696,159
2025,11,hulkenberg_2025_11,Austrian Grand Prix,hulkenberg,sauber,160,0.5551391113617901,0,-finish_position,10.0,0.75,season,estimado_historico_anterior,2696,159
2025,11,lawson_2025_11,Austrian Grand Prix,lawson,rb,160,-1.158481424496946,0,-finish_position,10.0,0.75,season,estimado_historico_anterior,2696,159
2025,11,leclerc_2025_11,Austrian Grand Prix,leclerc,ferrari,160,1.9098308478665977,0,-finish_position,10.0,0.75,season,estimado_historico_anterior,2696,159
2025,11,norris_2025_11,Austrian Grand Prix,norris,mclaren,160,2.306688783299796,0,-finish_position,10.0,0.75,season,estimado_historico_anterior,2696,159
2025,11,ocon_2025_11,Austrian Grand Prix,ocon,haas,160,0.7615429057329619,0,-finish_position,10.0,0.75,season,estimado_historico_anterior,2696,159
2025,11,piastri_2025_11,Austrian Grand Prix,piastri,mclaren,160,2.1381358310840297,0,-finish_position,10.0,0.75,season,estimado_historico_anterior,2696,159
2025,11,russell_2025_11,Austrian Grand Prix,russell,mercedes,160,0.1414476355866232,0,-finish_position,10.0,0.75,season,estimado_historico_anterior,2696,159
2025,11,stroll_2025_11,Austrian Grand Prix,stroll,aston_martin,160,-0.7205523843592211,0,-finish_position,10.0,0.75,season,estimado_historico_anterior,2696,159
2025,11,tsunoda_2025_11,Austrian Grand Prix,tsunoda,red_bull,160,-1.509659934197642,0,-finish_position,10.0,0.75,season,estimado_historico_anterior,2696,159
2025,12,albon_2025_12,British Grand Prix,albon,williams,161,1.13677418093477,0,-finish_position,10.0,0.75,season,estimado_historico_anterior,2712,160
2025,12,alonso_2025_12,British Grand Prix,alonso,aston_martin,161,1.7813083376680474,0,-finish_position,10.0,0.75,season,estimado_historico_anterior,2712,160
2025,12,bearman_2025_12,British Grand Prix,bearman,haas,161,0.2944006120590801,0,-finish_position,10.0,0.75,season,estimado_historico_anterior,2712,160
2025,12,gasly_2025_12,British Grand Prix,gasly,alpine,161,0.6047745128569367,0,-finish_position,10.0,0.75,season,estimado_historico_anterior,2712,160
2025,12,hamilton_2025_12,British Grand Prix,hamilton,ferrari,161,0.9084866368438475,0,-finish_position,10.0,0.75,season,estimado_historico_anterior,2712,160
2025,12,hulkenberg_2025_12,British Grand Prix,hulkenberg,sauber,161,0.5917753790549156,0,-finish_position,10.0,0.75,season,estimado_historico_anterior,2712,160
2025,12,leclerc_2025_12,British Grand Prix,leclerc,ferrari,161,1.890079112863749,0,-finish_position,10.0,0.75,season,estimado_historico_anterior,2712,160
2025,12,max_verstappen_2025_12,British Grand Prix,max_verstappen,red_bull,161,4.158753413092976,0,-finish_position,10.0,0.75,season,estimado_historico_anterior,2712,160
2025,12,norris_2025_12,British Grand Prix,norris,mclaren,161,2.3334219565126153,0,-finish_position,10.0,0.75,season,estimado_historico_anterior,2712,160
2025,12,ocon_2025_12,British Grand Prix,ocon,haas,161,0.835639108162696,0,-finish_position,10.0,0.75,season,estimado_historico_anterior,2712,160
2025,12,piastri_2025_12,British Grand Prix,piastri,mclaren,161,2.182663685725954,0,-finish_position,10.0,0.75,season,estimado_historico_anterior,2712,160
2025,12,russell_2025_12,British Grand Prix,russell,mercedes,161,0.1404605527743468,0,-finish_position,10.0,0.75,season,estimado_historico_anterior,2712,160
2025,12,sainz_2025_12,British Grand Prix,sainz,williams,161,1.5060355929903195,0,-finish_position,10.0,0.75,season,estimado_historico_anterior,2712,160
2025,12,stroll_2025_12,British Grand Prix,stroll,aston_martin,161,-0.7583040872580487,0,-finish_position,10.0,0.75,season,estimado_historico_anterior,2712,160
2025,12,tsunoda_2025_12,British Grand Prix,tsunoda,red_bull,161,-1.6824639772854584,0,-finish_position,10.0,0.75,season,estimado_historico_anterior,2712,160
2025,13,albon_2025_13,Belgian Grand Prix,albon,williams,162,1.2037620047154116,0,-finish_position,10.0,0.75,season,estimado_historico_anterior,2727,161
2025,13,alonso_2025_13,Belgian Grand Prix,alonso,aston_martin,162,1.748274380142195,0,-finish_position,10.0,0.75,season,estimado_historico_anterior,2727,161
2025,13,antonelli_2025_13,Belgian Grand Prix,antonelli,mercedes,162,-0.8672622730062493,0,-finish_position,10.0,0.75,season,estimado_historico_anterior,2727,161
2025,13,bearman_2025_13,Belgian Grand Prix,bearman,haas,162,0.3890854049868589,0,-finish_position,10.0,0.75,season,estimado_historico_anterior,2727,161
2025,13,bortoleto_2025_13,Belgian Grand Prix,bortoleto,sauber,162,-0.8479435828248948,0,-finish_position,10.0,0.75,season,estimado_historico_anterior,2727,161
2025,13,colapinto_2025_13,Belgian Grand Prix,colapinto,alpine,162,-0.400561412790262,0,-finish_position,10.0,0.75,season,estimado_historico_anterior,2727,161
2025,13,gasly_2025_13,Belgian Grand Prix,gasly,alpine,162,0.6440702735605018,0,-finish_position,10.0,0.75,season,estimado_historico_anterior,2727,161
2025,13,hadjar_2025_13,Belgian Grand Prix,hadjar,rb,162,0.2637363623327763,0,-finish_position,10.0,0.75,season,estimado_historico_anterior,2727,161
2025,13,hamilton_2025_13,Belgian Grand Prix,hamilton,ferrari,162,0.9495603886252224,0,-finish_position,10.0,0.75,season,estimado_historico_anterior,2727,161
2025,13,hulkenberg_2025_13,Belgian Grand Prix,hulkenberg,sauber,162,0.7714278516324512,0,-finish_position,10.0,0.75,season,estimado_historico_anterior,2727,161
2025,13,lawson_2025_13,Belgian Grand Prix,lawson,rb,162,-0.9862437477510194,0,-finish_position,10.0,0.75,season,estimado_historico_anterior,2727,161
2025,13,leclerc_2025_13,Belgian Grand Prix,leclerc,ferrari,162,1.7422033527266616,0,-finish_position,10.0,0.75,season,estimado_historico_anterior,2727,161
2025,13,max_verstappen_2025_13,Belgian Grand Prix,max_verstappen,red_bull,162,4.231005557920183,0,-finish_position,10.0,0.75,season,estimado_historico_anterior,2727,161
2025,13,norris_2025_13,Belgian Grand Prix,norris,mclaren,162,2.367179234089261,0,-finish_position,10.0,0.75,season,estimado_historico_anterior,2727,161
2025,13,ocon_2025_13,Belgian Grand Prix,ocon,haas,162,0.7985086079193481,0,-finish_position,10.0,0.75,season,estimado_historico_anterior,2727,161
2025,13,piastri_2025_13,Belgian Grand Prix,piastri,mclaren,162,2.231960406019942,0,-finish_position,10.0,0.75,season,estimado_historico_anterior,2727,161
2025,13,russell_2025_13,Belgian Grand Prix,russell,mercedes,162,0.08894775626696055,0,-finish_position,10.0,0.75,season,estimado_historico_anterior,2727,161
2025,13,sainz_2025_13,Belgian Grand Prix,sainz,williams,162,1.4815902963965968,0,-finish_position,10.0,0.75,season,estimado_historico_anterior,2727,161
2025,13,stroll_2025_13,Belgian Grand Prix,stroll,aston_martin,162,-0.7140655006401714,0,-finish_position,10.0,0.75,season,estimado_historico_anterior,2727,161
2025,13,tsunoda_2025_13,Belgian Grand Prix,tsunoda,red_bull,162,-1.7924263975701624,0,-finish_position,10.0,0.75,season,estimado_historico_anterior,2727,161
2025,14,albon_2025_14,Hungarian Grand Prix,albon,williams,163,1.356291546975496,0,-finish_position,10.0,0.75,season,estimado_historico_anterior,2747,162
2025,14,alonso_2025_14,Hungarian Grand Prix,alonso,aston_martin,163,1.6938189678412872,0,-finish_position,10.0,0.75,season,estimado_historico_anterior,2747,162
2025,14,antonelli_2025_14,Hungarian Grand Prix,antonelli,mercedes,163,-1.333797039311086,0,-finish_position,10.0,0.75,season,estimado_historico_anterior,2747,162
2025,14,bortoleto_2025_14,Hungarian Grand Prix,bortoleto,sauber,163,-0.6132058555078842,0,-finish_position,10.0,0.75,season,estimado_historico_anterior,2747,162
2025,14,colapinto_2025_14,Hungarian Grand Prix,colapinto,alpine,163,-0.7238732157836668,0,-finish_position,10.0,0.75,season,estimado_historico_anterior,2747,162
2025,14,gasly_2025_14,Hungarian Grand Prix,gasly,alpine,163,0.692847638398998,0,-finish_position,10.0,0.75,season,estimado_historico_anterior,2747,162
2025,14,hadjar_2025_14,Hungarian Grand Prix,hadjar,rb,163,-0.15879207342821572,0,-finish_position,10.0,0.75,season,estimado_historico_anterior,2747,162
2025,14,hamilton_2025_14,Hungarian Grand Prix,hamilton,ferrari,163,0.9848466495303455,0,-finish_position,10.0,0.75,season,estimado_historico_anterior,2747,162
2025,14,hulkenberg_2025_14,Hungarian Grand Prix,hulkenberg,sauber,163,0.7955411644056521,0,-finish_position,10.0,0.75,season,estimado_historico_anterior,2747,162
2025,14,lawson_2025_14,Hungarian Grand Prix,lawson,rb,163,-0.8079405768899182,0,-finish_position,10.0,0.75,season,estimado_historico_anterior,2747,162
2025,14,leclerc_2025_14,Hungarian Grand Prix,leclerc,ferrari,163,1.7465090191600376,0,-finish_position,10.0,0.75,season,estimado_historico_anterior,2747,162
2025,14,max_verstappen_2025_14,Hungarian Grand Prix,max_verstappen,red_bull,163,4.3105156792633,0,-finish_position,10.0,0.75,season,estimado_historico_anterior,2747,162
2025,14,norris_2025_14,Hungarian Grand Prix,norris,mclaren,163,2.3905016226808975,0,-finish_position,10.0,0.75,season,estimado_historico_anterior,2747,162
2025,14,ocon_2025_14,Hungarian Grand Prix,ocon,haas,163,0.79389146980802,0,-finish_position,10.0,0.75,season,estimado_historico_anterior,2747,162
2025,14,piastri_2025_14,Hungarian Grand Prix,piastri,mclaren,163,2.3020006228797723,0,-finish_position,10.0,0.75,season,estimado_historico_anterior,2747,162
2025,14,russell_2025_14,Hungarian Grand Prix,russell,mercedes,163,0.1608293629186526,0,-finish_position,10.0,0.75,season,estimado_historico_anterior,2747,162
2025,14,sainz_2025_14,Hungarian Grand Prix,sainz,williams,163,1.3746198419942381,0,-finish_position,10.0,0.75,season,estimado_historico_anterior,2747,162
2025,14,stroll_2025_14,Hungarian Grand Prix,stroll,aston_martin,163,-0.6697093655706369,0,-finish_position,10.0,0.75,season,estimado_historico_anterior,2747,162
2025,14,tsunoda_2025_14,Hungarian Grand Prix,tsunoda,red_bull,163,-1.8159472784361614,0,-finish_position,10.0,0.75,season,estimado_historico_anterior,2747,162
2025,15,albon_2025_15,Dutch Grand Prix,albon,williams,164,1.3373631058162945,0,-finish_position,10.0,0.75,season,estimado_historico_anterior,2766,163
2025,15,alonso_2025_15,Dutch Grand Prix,alonso,aston_martin,164,1.7550846251467143,0,-finish_position,10.0,0.75,season,estimado_historico_anterior,2766,163
2025,15,antonelli_2025_15,Dutch Grand Prix,antonelli,mercedes,164,-1.5132533480464463,0,-finish_position,10.0,0.75,season,estimado_historico_anterior,2766,163
2025,15,bearman_2025_15,Dutch Grand Prix,bearman,haas,164,0.5001118741859583,0,-finish_position,10.0,0.75,season,estimado_historico_anterior,2766,163
2025,15,bortoleto_2025_15,Dutch Grand Prix,bortoleto,sauber,164,-0.2761945879259417,0,-finish_position,10.0,0.75,season,estimado_historico_anterior,2766,163
2025,15,colapinto_2025_15,Dutch Grand Prix,colapinto,alpine,164,-0.9560123482745692,0,-finish_position,10.0,0.75,season,estimado_historico_anterior,2766,163
2025,15,gasly_2025_15,Dutch Grand Prix,gasly,alpine,164,0.6055964431912122,0,-finish_position,10.0,0.75,season,estimado_historico_anterior,2766,163
2025,15,hadjar_2025_15,Dutch Grand Prix,hadjar,rb,164,-0.21253813716791606,0,-finish_position,10.0,0.75,season,estimado_historico_anterior,2766,163
2025,15,hulkenberg_2025_15,Dutch Grand Prix,hulkenberg,sauber,164,0.7933421088423869,0,-finish_position,10.0,0.75,season,estimado_historico_anterior,2766,163
2025,15,lawson_2025_15,Dutch Grand Prix,lawson,rb,164,-0.7222523808361326,0,-finish_position,10.0,0.75,season,estimado_historico_anterior,2766,163
2025,15,max_verstappen_2025_15,Dutch Grand Prix,max_verstappen,red_bull,164,4.343406128853337,0,-finish_position,10.0,0.75,season,estimado_historico_anterior,2766,163
2025,15,ocon_2025_15,Dutch Grand Prix,ocon,haas,164,0.7993820559588426,0,-finish_position,10.0,0.75,season,estimado_historico_anterior,2766,163
2025,15,piastri_2025_15,Dutch Grand Prix,piastri,mclaren,164,2.3479305495639484,0,-finish_position,10.0,0.75,season,estimado_historico_anterior,2766,163
2025,15,russell_2025_15,Dutch Grand Prix,russell,mercedes,164,0.1643428916070936,0,-finish_position,10.0,0.75,season,estimado_historico_anterior,2766,163
2025,15,sainz_2025_15,Dutch Grand Prix,sainz,williams,164,1.371910054424813,0,-finish_position,10.0,0.75,season,estimado_historico_anterior,2766,163
2025,15,stroll_2025_15,Dutch Grand Prix,stroll,aston_martin,164,-0.6261089596241449,0,-finish_position,10.0,0.75,season,estimado_historico_anterior,2766,163
2025,15,tsunoda_2025_15,Dutch Grand Prix,tsunoda,red_bull,164,-1.977300845871459,0,-finish_position,10.0,0.75,season,estimado_historico_anterior,2766,163
2025,16,albon_2025_16,Italian Grand Prix,albon,williams,165,1.4491040576204313,0,-finish_position,10.0,0.75,season,estimado_historico_anterior,2783,164
2025,16,antonelli_2025_16,Italian Grand Prix,antonelli,mercedes,165,-1.902520040961878,0,-finish_position,10.0,0.75,season,estimado_historico_anterior,2783,164
2025,16,bearman_2025_16,Italian Grand Prix,bearman,haas,165,0.7081430468972485,0,-finish_position,10.0,0.75,season,estimado_historico_anterior,2783,164
2025,16,bortoleto_2025_16,Italian Grand Prix,bortoleto,sauber,165,-0.33139958490822097,0,-finish_position,10.0,0.75,season,estimado_historico_anterior,2783,164
2025,16,colapinto_2025_16,Italian Grand Prix,colapinto,alpine,165,-0.8802158114558618,0,-finish_position,10.0,0.75,season,estimado_historico_anterior,2783,164
2025,16,gasly_2025_16,Italian Grand Prix,gasly,alpine,165,0.5225267204423949,0,-finish_position,10.0,0.75,season,estimado_historico_anterior,2783,164
2025,16,hadjar_2025_16,Italian Grand Prix,hadjar,rb,165,0.0863102386802455,0,-finish_position,10.0,0.75,season,estimado_historico_anterior,2783,164
2025,16,hamilton_2025_16,Italian Grand Prix,hamilton,ferrari,165,0.9178153676677733,0,-finish_position,10.0,0.75,season,estimado_historico_anterior,2783,164
2025,16,lawson_2025_16,Italian Grand Prix,lawson,rb,165,-0.7885074603930076,0,-finish_position,10.0,0.75,season,estimado_historico_anterior,2783,164
2025,16,leclerc_2025_16,Italian Grand Prix,leclerc,ferrari,165,1.7972186001625827,0,-finish_position,10.0,0.75,season,estimado_historico_anterior,2783,164
2025,16,max_verstappen_2025_16,Italian Grand Prix,max_verstappen,red_bull,165,4.343582152259277,0,-finish_position,10.0,0.75,season,estimado_historico_anterior,2783,164
2025,16,norris_2025_16,Italian Grand Prix,norris,mclaren,165,2.394317191866852,0,-finish_position,10.0,0.75,season,estimado_historico_anterior,2783,164
2025,16,ocon_2025_16,Italian Grand Prix,ocon,haas,165,0.8285617652990785,0,-finish_position,10.0,0.75,season,estimado_historico_anterior,2783,164
2025,16,piastri_2025_16,Italian Grand Prix,piastri,mclaren,165,2.4110203285472207,0,-finish_position,10.0,0.75,season,estimado_historico_anterior,2783,164
2025,16,russell_2025_16,Italian Grand Prix,russell,mercedes,165,0.23174963253130715,0,-finish_position,10.0,0.75,season,estimado_historico_anterior,2783,164
2025,16,sainz_2025_16,Italian Grand Prix,sainz,williams,165,1.343902519429397,0,-finish_position,10.0,0.75,season,estimado_historico_anterior,2783,164
2025,16,stroll_2025_16,Italian Grand Prix,stroll,aston_martin,165,-0.5879192189883264,0,-finish_position,10.0,0.75,season,estimado_historico_anterior,2783,164
2025,16,tsunoda_2025_16,Italian Grand Prix,tsunoda,red_bull,165,-2.0095425022611626,0,-finish_position,10.0,0.75,season,estimado_historico_anterior,2783,164
2025,17,albon_2025_17,Azerbaijan Grand Prix,albon,williams,166,1.5011333942187308,0,-finish_position,10.0,0.75,season,estimado_historico_anterior,2801,165
2025,17,alonso_2025_17,Azerbaijan Grand Prix,alonso,aston_martin,166,1.793665682555761,0,-finish_position,10.0,0.75,season,estimado_historico_anterior,2801,165
2025,17,antonelli_2025_17,Azerbaijan Grand Prix,antonelli,mercedes,166,-1.969612458673042,0,-finish_position,10.0,0.75,season,estimado_historico_anterior,2801,165
2025,17,bearman_2025_17,Azerbaijan Grand Prix,bearman,haas,166,0.7360990585517418,0,-finish_position,10.0,0.75,season,estimado_historico_anterior,2801,165
2025,17,bortoleto_2025_17,Azerbaijan Grand Prix,bortoleto,sauber,166,-0.11701541987275282,0,-finish_position,10.0,0.75,season,estimado_historico_anterior,2801,165
2025,17,colapinto_2025_17,Azerbaijan Grand Prix,colapinto,alpine,166,-1.059692790068019,0,-finish_position,10.0,0.75,season,estimado_historico_anterior,2801,165
2025,17,gasly_2025_17,Azerbaijan Grand Prix,gasly,alpine,166,0.4757663776672943,0,-finish_position,10.0,0.75,season,estimado_historico_anterior,2801,165
2025,17,hadjar_2025_17,Azerbaijan Grand Prix,hadjar,rb,166,0.10998725856454993,0,-finish_position,10.0,0.75,season,estimado_historico_anterior,2801,165
2025,17,hamilton_2025_17,Azerbaijan Grand Prix,hamilton,ferrari,166,0.9142024726844611,0,-finish_position,10.0,0.75,season,estimado_historico_anterior,2801,165
2025,17,hulkenberg_2025_17,Azerbaijan Grand Prix,hulkenberg,sauber,166,0.7417517441844128,0,-finish_position,10.0,0.75,season,estimado_historico_anterior,2801,165
2025,17,lawson_2025_17,Azerbaijan Grand Prix,lawson,rb,166,-0.8805181846265548,0,-finish_position,10.0,0.75,season,estimado_historico_anterior,2801,165
2025,17,leclerc_2025_17,Azerbaijan Grand Prix,leclerc,ferrari,166,1.8097689695351509,0,-finish_position,10.0,0.75,season,estimado_historico_anterior,2801,165
2025,17,max_verstappen_2025_17,Azerbaijan Grand Prix,max_verstappen,red_bull,166,4.4112178907844415,0,-finish_position,10.0,0.75,season,estimado_historico_anterior,2801,165
2025,17,norris_2025_17,Azerbaijan Grand Prix,norris,mclaren,166,2.4275832218546003,0,-finish_position,10.0,0.75,season,estimado_historico_anterior,2801,165
2025,17,ocon_2025_17,Azerbaijan Grand Prix,ocon,haas,166,0.8260293601645728,0,-finish_position,10.0,0.75,season,estimado_historico_anterior,2801,165
2025,17,russell_2025_17,Azerbaijan Grand Prix,russell,mercedes,166,0.23050323419861732,0,-finish_position,10.0,0.75,season,estimado_historico_anterior,2801,165
2025,17,sainz_2025_17,Azerbaijan Grand Prix,sainz,williams,166,1.344230817387927,0,-finish_position,10.0,0.75,season,estimado_historico_anterior,2801,165
2025,17,stroll_2025_17,Azerbaijan Grand Prix,stroll,aston_martin,166,-0.6504175500818715,0,-finish_position,10.0,0.75,season,estimado_historico_anterior,2801,165
2025,17,tsunoda_2025_17,Azerbaijan Grand Prix,tsunoda,red_bull,166,-2.068164944188928,0,-finish_position,10.0,0.75,season,estimado_historico_anterior,2801,165
2025,18,albon_2025_18,Singapore Grand Prix,albon,williams,167,1.3928208037454364,0,-finish_position,10.0,0.75,season,estimado_historico_anterior,2820,166
2025,18,alonso_2025_18,Singapore Grand Prix,alonso,aston_martin,167,1.7770075954433577,0,-finish_position,10.0,0.75,season,estimado_historico_anterior,2820,166
2025,18,antonelli_2025_18,Singapore Grand Prix,antonelli,mercedes,167,-1.847717782751598,0,-finish_position,10.0,0.75,season,estimado_historico_anterior,2820,166
2025,18,bearman_2025_18,Singapore Grand Prix,bearman,haas,167,0.7508363215188731,0,-finish_position,10.0,0.75,season,estimado_historico_anterior,2820,166
2025,18,bortoleto_2025_18,Singapore Grand Prix,bortoleto,sauber,167,-0.005346007363773298,0,-finish_position,10.0,0.75,season,estimado_historico_anterior,2820,166
2025,18,colapinto_2025_18,Singapore Grand Prix,colapinto,alpine,167,-1.3047608785794782,0,-finish_position,10.0,0.75,season,estimado_historico_anterior,2820,166
2025,18,gasly_2025_18,Singapore Grand Prix,gasly,alpine,167,0.422046069421666,0,-finish_position,10.0,0.75,season,estimado_historico_anterior,2820,166
2025,18,hadjar_2025_18,Singapore Grand Prix,hadjar,rb,167,0.0992728041390508,0,-finish_position,10.0,0.75,season,estimado_historico_anterior,2820,166
2025,18,hamilton_2025_18,Singapore Grand Prix,hamilton,ferrari,167,0.8636057241845705,0,-finish_position,10.0,0.75,season,estimado_historico_anterior,2820,166
2025,18,hulkenberg_2025_18,Singapore Grand Prix,hulkenberg,sauber,167,0.6953160847471496,0,-finish_position,10.0,0.75,season,estimado_historico_anterior,2820,166
2025,18,lawson_2025_18,Singapore Grand Prix,lawson,rb,167,-0.6905998510420488,0,-finish_position,10.0,0.75,season,estimado_historico_anterior,2820,166
2025,18,leclerc_2025_18,Singapore Grand Prix,leclerc,ferrari,167,1.8422601700060952,0,-finish_position,10.0,0.75,season,estimado_historico_anterior,2820,166
2025,18,max_verstappen_2025_18,Singapore Grand Prix,max_verstappen,red_bull,167,4.373432632685399,0,-finish_position,10.0,0.75,season,estimado_historico_anterior,2820,166
2025,18,norris_2025_18,Singapore Grand Prix,norris,mclaren,167,2.4283328430199376,0,-finish_position,10.0,0.75,season,estimado_historico_anterior,2820,166
2025,18,ocon_2025_18,Singapore Grand Prix,ocon,haas,167,0.8450433738646543,0,-finish_position,10.0,0.75,season,estimado_historico_anterior,2820,166
2025,18,piastri_2025_18,Singapore Grand Prix,piastri,mclaren,167,2.4612900928483303,0,-finish_position,10.0,0.75,season,estimado_historico_anterior,2820,166
2025,18,russell_2025_18,Singapore Grand Prix,russell,mercedes,167,0.21719868298897096,0,-finish_position,10.0,0.75,season,estimado_historico_anterior,2820,166
2025,18,sainz_2025_18,Singapore Grand Prix,sainz,williams,167,1.5006094293371475,0,-finish_position,10.0,0.75,season,estimado_historico_anterior,2820,166
2025,18,stroll_2025_18,Singapore Grand Prix,stroll,aston_martin,167,-0.6629869885519828,0,-finish_position,10.0,0.75,season,estimado_historico_anterior,2820,166
2025,18,tsunoda_2025_18,Singapore Grand Prix,tsunoda,red_bull,167,-2.039854562428893,0,-finish_position,10.0,0.75,season,estimado_historico_anterior,2820,166
2025,19,albon_2025_19,United States Grand Prix,albon,williams,168,1.3523283959725083,0,-finish_position,10.0,0.75,season,estimado_historico_anterior,2840,167
2025,19,alonso_2025_19,United States Grand Prix,alonso,aston_martin,168,1.815743500461121,0,-finish_position,10.0,0.75,season,estimado_historico_anterior,2840,167
2025,19,antonelli_2025_19,United States Grand Prix,antonelli,mercedes,168,-1.7687253507518477,0,-finish_position,10.0,0.75,season,estimado_historico_anterior,2840,167
2025,19,bearman_2025_19,United States Grand Prix,bearman,haas,168,0.874548119548403,0,-finish_position,10.0,0.75,season,estimado_historico_anterior,2840,167
2025,19,bortoleto_2025_19,United States Grand Prix,bortoleto,sauber,168,-0.07490791878791225,0,-finish_position,10.0,0.75,season,estimado_historico_anterior,2840,167
2025,19,colapinto_2025_19,United States Grand Prix,colapinto,alpine,168,-1.4083988800814011,0,-finish_position,10.0,0.75,season,estimado_historico_anterior,2840,167
2025,19,gasly_2025_19,United States Grand Prix,gasly,alpine,168,0.3235624347951994,0,-finish_position,10.0,0.75,season,estimado_historico_anterior,2840,167
2025,19,hadjar_2025_19,United States Grand Prix,hadjar,rb,168,0.0958531217173459,0,-finish_position,10.0,0.75,season,estimado_historico_anterior,2840,167
2025,19,hamilton_2025_19,United States Grand Prix,hamilton,ferrari,168,0.8207512803214154,0,-finish_position,10.0,0.75,season,estimado_historico_anterior,2840,167
2025,19,hulkenberg_2025_19,United States Grand Prix,hulkenberg,sauber,168,0.6147256918118736,0,-finish_position,10.0,0.75,season,estimado_historico_anterior,2840,167
2025,19,lawson_2025_19,United States Grand Prix,lawson,rb,168,-0.8017375563543789,0,-finish_position,10.0,0.75,season,estimado_historico_anterior,2840,167
2025,19,leclerc_2025_19,United States Grand Prix,leclerc,ferrari,168,1.8680995172044121,0,-finish_position,10.0,0.75,season,estimado_historico_anterior,2840,167
2025,19,max_verstappen_2025_19,United States Grand Prix,max_verstappen,red_bull,168,4.408065704423716,0,-finish_position,10.0,0.75,season,estimado_historico_anterior,2840,167
2025,19,norris_2025_19,United States Grand Prix,norris,mclaren,168,2.46078356558689,0,-finish_position,10.0,0.75,season,estimado_historico_anterior,2840,167
2025,19,ocon_2025_19,United States Grand Prix,ocon,haas,168,0.7831860016184742,0,-finish_position,10.0,0.75,season,estimado_historico_anterior,2840,167
2025,19,piastri_2025_19,United States Grand Prix,piastri,mclaren,168,2.4895512817093417,0,-finish_position,10.0,0.75,season,estimado_historico_anterior,2840,167
2025,19,russell_2025_19,United States Grand Prix,russell,mercedes,168,0.24916439839263355,0,-finish_position,10.0,0.75,season,estimado_historico_anterior,2840,167
2025,19,stroll_2025_19,United States Grand Prix,stroll,aston_martin,168,-0.6806783437562322,0,-finish_position,10.0,0.75,season,estimado_historico_anterior,2840,167
2025,19,tsunoda_2025_19,United States Grand Prix,tsunoda,red_bull,168,-2.0804988502470114,0,-finish_position,10.0,0.75,season,estimado_historico_anterior,2840,167
2025,20,albon_2025_20,Mexico City Grand Prix,albon,williams,169,1.314278007212571,0,-finish_position,10.0,0.75,season,estimado_historico_anterior,2859,168
2025,20,antonelli_2025_20,Mexico City Grand Prix,antonelli,mercedes,169,-1.957314915098131,0,-finish_position,10.0,0.75,season,estimado_historico_anterior,2859,168
2025,20,bearman_2025_20,Mexico City Grand Prix,bearman,haas,169,1.0155804949433258,0,-finish_position,10.0,0.75,season,estimado_historico_anterior,2859,168
2025,20,bortoleto_2025_20,Mexico City Grand Prix,bortoleto,sauber,169,-0.2587910448965198,0,-finish_position,10.0,0.75,season,estimado_historico_anterior,2859,168
2025,20,colapinto_2025_20,Mexico City Grand Prix,colapinto,alpine,169,-1.5204667214686103,0,-finish_position,10.0,0.75,season,estimado_historico_anterior,2859,168
2025,20,gasly_2025_20,Mexico City Grand Prix,gasly,alpine,169,0.26195064366545096,0,-finish_position,10.0,0.75,season,estimado_historico_anterior,2859,168
2025,20,hadjar_2025_20,Mexico City Grand Prix,hadjar,rb,169,-0.06997401310249203,0,-finish_position,10.0,0.75,season,estimado_historico_anterior,2859,168
2025,20,hamilton_2025_20,Mexico City Grand Prix,hamilton,ferrari,169,0.88709674695975,0,-finish_position,10.0,0.75,season,estimado_historico_anterior,2859,168
2025,20,leclerc_2025_20,Mexico City Grand Prix,leclerc,ferrari,169,1.884403419890109,0,-finish_position,10.0,0.75,season,estimado_historico_anterior,2859,168
2025,20,max_verstappen_2025_20,Mexico City Grand Prix,max_verstappen,red_bull,169,4.401942322111461,0,-finish_position,10.0,0.75,season,estimado_historico_anterior,2859,168
2025,20,norris_2025_20,Mexico City Grand Prix,norris,mclaren,169,2.505501169990347,0,-finish_position,10.0,0.75,season,estimado_historico_anterior,2859,168
2025,20,ocon_2025_20,Mexico City Grand Prix,ocon,haas,169,0.7983243765935388,0,-finish_position,10.0,0.75,season,estimado_historico_anterior,2859,168
2025,20,piastri_2025_20,Mexico City Grand Prix,piastri,mclaren,169,2.4995295597781024,0,-finish_position,10.0,0.75,season,estimado_historico_anterior,2859,168
2025,20,russell_2025_20,Mexico City Grand Prix,russell,mercedes,169,0.28772707728799596,0,-finish_position,10.0,0.75,season,estimado_historico_anterior,2859,168
2025,20,stroll_2025_20,Mexico City Grand Prix,stroll,aston_martin,169,-0.6650478631681113,0,-finish_position,10.0,0.75,season,estimado_historico_anterior,2859,168
2025,20,tsunoda_2025_20,Mexico City Grand Prix,tsunoda,red_bull,169,-2.0314918946966616,0,-finish_position,10.0,0.75,season,estimado_historico_anterior,2859,168
2025,21,albon_2025_21,São Paulo Grand Prix,albon,williams,170,1.2999295737175554,0,-finish_position,10.0,0.75,season,estimado_historico_anterior,2875,169
2025,21,alonso_2025_21,São Paulo Grand Prix,alonso,aston_martin,170,1.856038673241392,0,-finish_position,10.0,0.75,season,estimado_historico_anterior,2875,169
2025,21,antonelli_2025_21,São Paulo Grand Prix,antonelli,mercedes,170,-1.9140988642083907,0,-finish_position,10.0,0.75,season,estimado_historico_anterior,2875,169
2025,21,bearman_2025_21,São Paulo Grand Prix,bearman,haas,170,1.2311066745440842,0,-finish_position,10.0,0.75,season,estimado_historico_anterior,2875,169
2025,21,colapinto_2025_21,São Paulo Grand Prix,colapinto,alpine,170,-1.5931293131409736,0,-finish_position,10.0,0.75,season,estimado_historico_anterior,2875,169
2025,21,gasly_2025_21,São Paulo Grand Prix,gasly,alpine,170,0.24485773555794263,0,-finish_position,10.0,0.75,season,estimado_historico_anterior,2875,169
2025,21,hadjar_2025_21,São Paulo Grand Prix,hadjar,rb,170,-0.14506264342115782,0,-finish_position,10.0,0.75,season,estimado_historico_anterior,2875,169
2025,21,hulkenberg_2025_21,São Paulo Grand Prix,hulkenberg,sauber,170,0.6766723843320975,0,-finish_position,10.0,0.75,season,estimado_historico_anterior,2875,169
2025,21,lawson_2025_21,São Paulo Grand Prix,lawson,rb,170,-0.7528173233108026,0,-finish_position,10.0,0.75,season,estimado_historico_anterior,2875,169
2025,21,max_verstappen_2025_21,São Paulo Grand Prix,max_verstappen,red_bull,170,4.416823166661041,0,-finish_position,10.0,0.75,season,estimado_historico_anterior,2875,169
2025,21,norris_2025_21,São Paulo Grand Prix,norris,mclaren,170,2.551838359270146,0,-finish_position,10.0,0.75,season,estimado_historico_anterior,2875,169
2025,21,ocon_2025_21,São Paulo Grand Prix,ocon,haas,170,0.8525802561357524,0,-finish_position,10.0,0.75,season,estimado_historico_anterior,2875,169
2025,21,piastri_2025_21,São Paulo Grand Prix,piastri,mclaren,170,2.4997096913009567,0,-finish_position,10.0,0.75,season,estimado_historico_anterior,2875,169
2025,21,russell_2025_21,São Paulo Grand Prix,russell,mercedes,170,0.24448727040556248,0,-finish_position,10.0,0.75,season,estimado_historico_anterior,2875,169
2025,21,sainz_2025_21,São Paulo Grand Prix,sainz,williams,170,1.5398510785045283,0,-finish_position,10.0,0.75,season,estimado_historico_anterior,2875,169
2025,21,stroll_2025_21,São Paulo Grand Prix,stroll,aston_martin,170,-0.6828346828681552,0,-finish_position,10.0,0.75,season,estimado_historico_anterior,2875,169
2025,21,tsunoda_2025_21,São Paulo Grand Prix,tsunoda,red_bull,170,-2.0510534300241767,0,-finish_position,10.0,0.75,season,estimado_historico_anterior,2875,169
2025,22,alonso_2025_22,Las Vegas Grand Prix,alonso,aston_martin,171,1.8127251013982926,0,-finish_position,10.0,0.75,season,estimado_historico_anterior,2892,170
2025,22,antonelli_2025_22,Las Vegas Grand Prix,antonelli,mercedes,171,-1.7433913621885146,0,-finish_position,10.0,0.75,season,estimado_historico_anterior,2892,170
2025,22,bearman_2025_22,Las Vegas Grand Prix,bearman,haas,171,1.3987041763338377,0,-finish_position,10.0,0.75,season,estimado_historico_anterior,2892,170
2025,22,colapinto_2025_22,Las Vegas Grand Prix,colapinto,alpine,171,-1.6553299158158128,0,-finish_position,10.0,0.75,season,estimado_historico_anterior,2892,170
2025,22,gasly_2025_22,Las Vegas Grand Prix,gasly,alpine,171,0.24636800918518506,0,-finish_position,10.0,0.75,season,estimado_historico_anterior,2892,170
2025,22,hadjar_2025_22,Las Vegas Grand Prix,hadjar,rb,171,-0.11683782924666457,0,-finish_position,10.0,0.75,season,estimado_historico_anterior,2892,170
2025,22,hamilton_2025_22,Las Vegas Grand Prix,hamilton,ferrari,171,0.807076507409107,0,-finish_position,10.0,0.75,season,estimado_historico_anterior,2892,170
2025,22,hulkenberg_2025_22,Las Vegas Grand Prix,hulkenberg,sauber,171,0.7079442835896536,0,-finish_position,10.0,0.75,season,estimado_historico_anterior,2892,170
2025,22,lawson_2025_22,Las Vegas Grand Prix,lawson,rb,171,-0.6791683073736136,0,-finish_position,10.0,0.75,season,estimado_historico_anterior,2892,170
2025,22,leclerc_2025_22,Las Vegas Grand Prix,leclerc,ferrari,171,1.9087695807880918,0,-finish_position,10.0,0.75,season,estimado_historico_anterior,2892,170
2025,22,max_verstappen_2025_22,Las Vegas Grand Prix,max_verstappen,red_bull,171,4.492251197655382,0,-finish_position,10.0,0.75,season,estimado_historico_anterior,2892,170
2025,22,ocon_2025_22,Las Vegas Grand Prix,ocon,haas,171,0.8377375040073314,0,-finish_position,10.0,0.75,season,estimado_historico_anterior,2892,170
2025,22,russell_2025_22,Las Vegas Grand Prix,russell,mercedes,171,0.22527894954974645,0,-finish_position,10.0,0.75,season,estimado_historico_anterior,2892,170
2025,22,sainz_2025_22,Las Vegas Grand Prix,sainz,williams,171,1.5005082429482026,0,-finish_position,10.0,0.75,season,estimado_historico_anterior,2892,170
2025,22,tsunoda_2025_22,Las Vegas Grand Prix,tsunoda,red_bull,171,-2.1801075036012474,0,-finish_position,10.0,0.75,season,estimado_historico_anterior,2892,170
2025,23,albon_2025_23,Qatar Grand Prix,albon,williams,172,1.2699673551560766,0,-finish_position,10.0,0.75,season,estimado_historico_anterior,2907,171
2025,23,alonso_2025_23,Qatar Grand Prix,alonso,aston_martin,172,1.8050163460883923,0,-finish_position,10.0,0.75,season,estimado_historico_anterior,2907,171
2025,23,antonelli_2025_23,Qatar Grand Prix,antonelli,mercedes,172,-1.6347265334863041,0,-finish_position,10.0,0.75,season,estimado_historico_anterior,2907,171
2025,23,bortoleto_2025_23,Qatar Grand Prix,bortoleto,sauber,172,-0.24138207270234013,0,-finish_position,10.0,0.75,season,estimado_historico_anterior,2907,171
2025,23,colapinto_2025_23,Qatar Grand Prix,colapinto,alpine,172,-1.7011740459626394,0,-finish_position,10.0,0.75,season,estimado_historico_anterior,2907,171
2025,23,gasly_2025_23,Qatar Grand Prix,gasly,alpine,172,0.24085509854167203,0,-finish_position,10.0,0.75,season,estimado_historico_anterior,2907,171
2025,23,hamilton_2025_23,Qatar Grand Prix,hamilton,ferrari,172,0.7502840706771117,0,-finish_position,10.0,0.75,season,estimado_historico_anterior,2907,171
2025,23,lawson_2025_23,Qatar Grand Prix,lawson,rb,172,-0.7759948160881623,0,-finish_position,10.0,0.75,season,estimado_historico_anterior,2907,171
2025,23,leclerc_2025_23,Qatar Grand Prix,leclerc,ferrari,172,1.9602671675037786,0,-finish_position,10.0,0.75,season,estimado_historico_anterior,2907,171
2025,23,max_verstappen_2025_23,Qatar Grand Prix,max_verstappen,red_bull,172,4.527392407201266,0,-finish_position,10.0,0.75,season,estimado_historico_anterior,2907,171
2025,23,norris_2025_23,Qatar Grand Prix,norris,mclaren,172,2.587456317710408,0,-finish_position,10.0,0.75,season,estimado_historico_anterior,2907,171
2025,23,ocon_2025_23,Qatar Grand Prix,ocon,haas,172,0.8926669799755784,0,-finish_position,10.0,0.75,season,estimado_historico_anterior,2907,171
2025,23,piastri_2025_23,Qatar Grand Prix,piastri,mclaren,172,2.490569439039434,0,-finish_position,10.0,0.75,season,estimado_historico_anterior,2907,171
2025,23,russell_2025_23,Qatar Grand Prix,russell,mercedes,172,0.20805747012263398,0,-finish_position,10.0,0.75,season,estimado_historico_anterior,2907,171
2025,23,sainz_2025_23,Qatar Grand Prix,sainz,williams,172,1.5959796904099341,0,-finish_position,10.0,0.75,season,estimado_historico_anterior,2907,171
2025,23,tsunoda_2025_23,Qatar Grand Prix,tsunoda,red_bull,172,-2.2218081934407587,0,-finish_position,10.0,0.75,season,estimado_historico_anterior,2907,171
2025,24,albon_2025_24,Abu Dhabi Grand Prix,albon,williams,173,1.2109156298702817,0,-finish_position,10.0,0.75,season,estimado_historico_anterior,2923,172
2025,24,alonso_2025_24,Abu Dhabi Grand Prix,alonso,aston_martin,173,1.8303384543233945,0,-finish_position,10.0,0.75,season,estimado_historico_anterior,2923,172
2025,24,antonelli_2025_24,Abu Dhabi Grand Prix,antonelli,mercedes,173,-1.5999540096311957,0,-finish_position,10.0,0.75,season,estimado_historico_anterior,2923,172
2025,24,bearman_2025_24,Abu Dhabi Grand Prix,bearman,haas,173,1.463448432057158,0,-finish_position,10.0,0.75,season,estimado_historico_anterior,2923,172
2025,24,bortoleto_2025_24,Abu Dhabi Grand Prix,bortoleto,sauber,173,-0.2305153729084123,0,-finish_position,10.0,0.75,season,estimado_historico_anterior,2923,172
2025,24,colapinto_2025_24,Abu Dhabi Grand Prix,colapinto,alpine,173,-1.7238800074863967,0,-finish_position,10.0,0.75,season,estimado_historico_anterior,2923,172
2025,24,gasly_2025_24,Abu Dhabi Grand Prix,gasly,alpine,173,0.1835621517783473,0,-finish_position,10.0,0.75,season,estimado_historico_anterior,2923,172
2025,24,hadjar_2025_24,Abu Dhabi Grand Prix,hadjar,rb,173,0.00563926645740389,0,-finish_position,10.0,0.75,season,estimado_historico_anterior,2923,172
2025,24,hamilton_2025_24,Abu Dhabi Grand Prix,hamilton,ferrari,173,0.6714518084898562,0,-finish_position,10.0,0.75,season,estimado_historico_anterior,2923,172
2025,24,hulkenberg_2025_24,Abu Dhabi Grand Prix,hulkenberg,sauber,173,0.7834122337237496,0,-finish_position,10.0,0.75,season,estimado_historico_anterior,2923,172
2025,24,lawson_2025_24,Abu Dhabi Grand Prix,lawson,rb,173,-0.7265870732436397,0,-finish_position,10.0,0.75,season,estimado_historico_anterior,2923,172
2025,24,leclerc_2025_24,Abu Dhabi Grand Prix,leclerc,ferrari,173,2.0211800966873064,0,-finish_position,10.0,0.75,season,estimado_historico_anterior,2923,172
2025,24,max_verstappen_2025_24,Abu Dhabi Grand Prix,max_verstappen,red_bull,173,4.537532083607752,0,-finish_position,10.0,0.75,season,estimado_historico_anterior,2923,172
2025,24,norris_2025_24,Abu Dhabi Grand Prix,norris,mclaren,173,2.606738627707966,0,-finish_position,10.0,0.75,season,estimado_historico_anterior,2923,172
2025,24,ocon_2025_24,Abu Dhabi Grand Prix,ocon,haas,173,0.8661295886481036,0,-finish_position,10.0,0.75,season,estimado_historico_anterior,2923,172
2025,24,piastri_2025_24,Abu Dhabi Grand Prix,piastri,mclaren,173,2.552069125286265,0,-finish_position,10.0,0.75,season,estimado_historico_anterior,2923,172
2025,24,russell_2025_24,Abu Dhabi Grand Prix,russell,mercedes,173,0.1446739605129134,0,-finish_position,10.0,0.75,season,estimado_historico_anterior,2923,172
2025,24,sainz_2025_24,Abu Dhabi Grand Prix,sainz,williams,173,1.7430581562085834,0,-finish_position,10.0,0.75,season,estimado_historico_anterior,2923,172
2025,24,stroll_2025_24,Abu Dhabi Grand Prix,stroll,aston_martin,173,-0.7000409668586232,0,-finish_position,10.0,0.75,season,estimado_historico_anterior,2923,172
2025,24,tsunoda_2025_24,Abu Dhabi Grand Prix,tsunoda,red_bull,173,-2.241985872365533,0,-finish_position,10.0,0.75,season,estimado_historico_anterior,2923,172
