driver_id,coef_rapm,target_definition,alpha,decay,season,round,race_name,race_order,n_train_rows,n_train_races
alonso,0.47785229680866265,-finish_position,10.0,0.97,2018,6,Monaco Grand Prix,6,78,5
bottas,0.7841881733223537,-finish_position,10.0,0.97,2018,6,Monaco Grand Prix,6,78,5
brendon_hartley,-0.9682201286378558,-finish_position,10.0,0.97,2018,6,Monaco Grand Prix,6,78,5
ericsson,-0.6695197852964336,-finish_position,10.0,0.97,2018,6,Monaco Grand Prix,6,78,5
gasly,-0.35034309607824793,-finish_position,10.0,0.97,2018,6,Monaco Grand Prix,6,78,5
grosjean,-0.8916290876288945,-finish_position,10.0,0.97,2018,6,Monaco Grand Prix,6,78,5
hamilton,1.3143861654371674,-finish_position,10.0,0.97,2018,6,Monaco Grand Prix,6,78,5
hulkenberg,0.38180260169404817,-finish_position,10.0,0.97,2018,6,Monaco Grand Prix,6,78,5
kevin_magnussen,0.17797981347801475,-finish_position,10.0,0.97,2018,6,Monaco Grand Prix,6,78,5
leclerc,-0.6661908354527021,-finish_position,10.0,0.97,2018,6,Monaco Grand Prix,6,78,5
max_verstappen,0.5401395799379769,-finish_position,10.0,0.97,2018,6,Monaco Grand Prix,6,78,5
ocon,-0.38642865467439497,-finish_position,10.0,0.97,2018,6,Monaco Grand Prix,6,78,5
perez,-0.29692316893429527,-finish_position,10.0,0.97,2018,6,Monaco Grand Prix,6,78,5
raikkonen,0.85609823472375,-finish_position,10.0,0.97,2018,6,Monaco Grand Prix,6,78,5
ricciardo,0.8092258808184998,-finish_position,10.0,0.97,2018,6,Monaco Grand Prix,6,78,5
sainz,-0.05800602754329914,-finish_position,10.0,0.97,2018,6,Monaco Grand Prix,6,78,5
sirotkin,-0.9880978367278577,-finish_position,10.0,0.97,2018,6,Monaco Grand Prix,6,78,5
stroll,-0.6379977587133306,-finish_position,10.0,0.97,2018,6,Monaco Grand Prix,6,78,5
vandoorne,-0.37256576792412915,-finish_position,10.0,0.97,2018,6,Monaco Grand Prix,6,78,5
vettel,0.9442494013909649,-finish_position,10.0,0.97,2018,6,Monaco Grand Prix,6,78,5
alonso,0.5627931133547138,-finish_position,10.0,0.97,2018,7,Canadian Grand Prix,7,95,6
bottas,0.8102005147699384,-finish_position,10.0,0.97,2018,7,Canadian Grand Prix,7,95,6
brendon_hartley,-0.9653083401962025,-finish_position,10.0,0.97,2018,7,Canadian Grand Prix,7,95,6
ericsson,-0.6617149647874099,-finish_position,10.0,0.97,2018,7,Canadian Grand Prix,7,95,6
gasly,-0.13837491890177445,-finish_position,10.0,0.97,2018,7,Canadian Grand Prix,7,95,6
grosjean,-1.1392442480928577,-finish_position,10.0,0.97,2018,7,Canadian Grand Prix,7,95,6
hamilton,1.4216774560417746,-finish_position,10.0,0.97,2018,7,Canadian Grand Prix,7,95,6
hulkenberg,0.4018523889407066,-finish_position,10.0,0.97,2018,7,Canadian Grand Prix,7,95,6
kevin_magnussen,0.06582237156958734,-finish_position,10.0,0.97,2018,7,Canadian Grand Prix,7,95,6
leclerc,-0.6236824761567287,-finish_position,10.0,0.97,2018,7,Canadian Grand Prix,7,95,6
max_verstappen,0.35021627380884507,-finish_position,10.0,0.97,2018,7,Canadian Grand Prix,7,95,6
ocon,-0.11869966829549286,-finish_position,10.0,0.97,2018,7,Canadian Grand Prix,7,95,6
perez,-0.44400355473021724,-finish_position,10.0,0.97,2018,7,Canadian Grand Prix,7,95,6
raikkonen,0.9363072594969055,-finish_position,10.0,0.97,2018,7,Canadian Grand Prix,7,95,6
ricciardo,1.1636189770998169,-finish_position,10.0,0.97,2018,7,Canadian Grand Prix,7,95,6
sainz,-0.10904076687683985,-finish_position,10.0,0.97,2018,7,Canadian Grand Prix,7,95,6
sirotkin,-1.1746385569467424,-finish_position,10.0,0.97,2018,7,Canadian Grand Prix,7,95,6
stroll,-0.8355233866325115,-finish_position,10.0,0.97,2018,7,Canadian Grand Prix,7,95,6
vandoorne,-0.6228741113922266,-finish_position,10.0,0.97,2018,7,Canadian Grand Prix,7,95,6
vettel,1.120616637926716,-finish_position,10.0,0.97,2018,7,Canadian Grand Prix,7,95,6
alonso,0.6483539262792828,-finish_position,10.0,0.97,2018,8,French Grand Prix,8,112,7
bottas,1.0055087185951677,-finish_position,10.0,0.97,2018,8,French Grand Prix,8,112,7
brendon_hartley,-0.9172591327119205,-finish_position,10.0,0.97,2018,8,French Grand Prix,8,112,7
ericsson,-0.8604579271972096,-finish_position,10.0,0.97,2018,8,French Grand Prix,8,112,7
gasly,-0.18068282237755337,-finish_position,10.0,0.97,2018,8,French Grand Prix,8,112,7
grosjean,-1.1356249958071816,-finish_position,10.0,0.97,2018,8,French Grand Prix,8,112,7
hamilton,1.3766168541843722,-finish_position,10.0,0.97,2018,8,French Grand Prix,8,112,7
hulkenberg,0.4600233861027255,-finish_position,10.0,0.97,2018,8,French Grand Prix,8,112,7
kevin_magnussen,-0.06579601143528359,-finish_position,10.0,0.97,2018,8,French Grand Prix,8,112,7
leclerc,-0.5113276985376118,-finish_position,10.0,0.97,2018,8,French Grand Prix,8,112,7
max_verstappen,0.5476737767232411,-finish_position,10.0,0.97,2018,8,French Grand Prix,8,112,7
ocon,-0.034994454422625915,-finish_position,10.0,0.97,2018,8,French Grand Prix,8,112,7
perez,-0.621009505075692,-finish_position,10.0,0.97,2018,8,French Grand Prix,8,112,7
raikkonen,0.8744364101713655,-finish_position,10.0,0.97,2018,8,French Grand Prix,8,112,7
ricciardo,1.2228395614146494,-finish_position,10.0,0.97,2018,8,French Grand Prix,8,112,7
sainz,-0.07538907921265343,-finish_position,10.0,0.97,2018,8,French Grand Prix,8,112,7
sirotkin,-1.4203179375147321,-finish_position,10.0,0.97,2018,8,French Grand Prix,8,112,7
stroll,-0.7328760101837986,-finish_position,10.0,0.97,2018,8,French Grand Prix,8,112,7
vandoorne,-0.9240703698874788,-finish_position,10.0,0.97,2018,8,French Grand Prix,8,112,7
vettel,1.3443533108929366,-finish_position,10.0,0.97,2018,8,French Grand Prix,8,112,7
alonso,0.6493904852631803,-finish_position,10.0,0.97,2018,9,Austrian Grand Prix,9,127,8
bottas,0.8608884110453233,-finish_position,10.0,0.97,2018,9,Austrian Grand Prix,9,127,8
brendon_hartley,-1.0895698228593496,-finish_position,10.0,0.97,2018,9,Austrian Grand Prix,9,127,8
ericsson,-0.9621650256902627,-finish_position,10.0,0.97,2018,9,Austrian Grand Prix,9,127,8
gasly,-0.1465376957740281,-finish_position,10.0,0.97,2018,9,Austrian Grand Prix,9,127,8
grosjean,-1.1640047217666685,-finish_position,10.0,0.97,2018,9,Austrian Grand Prix,9,127,8
hamilton,1.5506159608855727,-finish_position,10.0,0.97,2018,9,Austrian Grand Prix,9,127,8
hulkenberg,0.38283993701660274,-finish_position,10.0,0.97,2018,9,Austrian Grand Prix,9,127,8
kevin_magnussen,0.1050218900150146,-finish_position,10.0,0.97,2018,9,Austrian Grand Prix,9,127,8
leclerc,-0.4606161914290725,-finish_position,10.0,0.97,2018,9,Austrian Grand Prix,9,127,8
max_verstappen,0.7353157440326564,-finish_position,10.0,0.97,2018,9,Austrian Grand Prix,9,127,8
ocon,-0.043230749299339254,-finish_position,10.0,0.97,2018,9,Austrian Grand Prix,9,127,8
perez,-0.620603987753095,-finish_position,10.0,0.97,2018,9,Austrian Grand Prix,9,127,8
raikkonen,0.9898210052168888,-finish_position,10.0,0.97,2018,9,Austrian Grand Prix,9,127,8
ricciardo,1.227918445743531,-finish_position,10.0,0.97,2018,9,Austrian Grand Prix,9,127,8
sainz,-0.046384702740377155,-finish_position,10.0,0.97,2018,9,Austrian Grand Prix,9,127,8
sirotkin,-1.5448017390357367,-finish_position,10.0,0.97,2018,9,Austrian Grand Prix,9,127,8
stroll,-0.700024001771479,-finish_position,10.0,0.97,2018,9,Austrian Grand Prix,9,127,8
vandoorne,-1.0131249754612692,-finish_position,10.0,0.97,2018,9,Austrian Grand Prix,9,127,8
vettel,1.2892517343619088,-finish_position,10.0,0.97,2018,9,Austrian Grand Prix,9,127,8
alonso,0.6179948049478704,-finish_position,10.0,0.97,2018,10,British Grand Prix,10,141,9
bottas,0.8134583798032761,-finish_position,10.0,0.97,2018,10,British Grand Prix,10,141,9
brendon_hartley,-1.0951010110769575,-finish_position,10.0,0.97,2018,10,British Grand Prix,10,141,9
ericsson,-0.9677529067214536,-finish_position,10.0,0.97,2018,10,British Grand Prix,10,141,9
gasly,-0.23666947202089456,-finish_position,10.0,0.97,2018,10,British Grand Prix,10,141,9
grosjean,-0.8840313761321276,-finish_position,10.0,0.97,2018,10,British Grand Prix,10,141,9
hamilton,1.489095658966754,-finish_position,10.0,0.97,2018,10,British Grand Prix,10,141,9
hulkenberg,0.37741202417857905,-finish_position,10.0,0.97,2018,10,British Grand Prix,10,141,9
kevin_magnussen,0.15328740141182504,-finish_position,10.0,0.97,2018,10,British Grand Prix,10,141,9
leclerc,-0.4450535113788153,-finish_position,10.0,0.97,2018,10,British Grand Prix,10,141,9
max_verstappen,0.920723267925891,-finish_position,10.0,0.97,2018,10,British Grand Prix,10,141,9
ocon,0.05976370510532288,-finish_position,10.0,0.97,2018,10,British Grand Prix,10,141,9
perez,-0.5762730509531147,-finish_position,10.0,0.97,2018,10,British Grand Prix,10,141,9
raikkonen,1.0779136005312564,-finish_position,10.0,0.97,2018,10,British Grand Prix,10,141,9
ricciardo,1.1137360583238949,-finish_position,10.0,0.97,2018,10,British Grand Prix,10,141,9
sainz,-0.24006845991538092,-finish_position,10.0,0.97,2018,10,British Grand Prix,10,141,9
sirotkin,-1.5605275713644777,-finish_position,10.0,0.97,2018,10,British Grand Prix,10,141,9
stroll,-0.8439825327288386,-finish_position,10.0,0.97,2018,10,British Grand Prix,10,141,9
vandoorne,-1.042973408302297,-finish_position,10.0,0.97,2018,10,British Grand Prix,10,141,9
vettel,1.269048399399686,-finish_position,10.0,0.97,2018,10,British Grand Prix,10,141,9
alonso,0.620063693618583,-finish_position,10.0,0.97,2018,11,German Grand Prix,11,155,10
bottas,0.8246810627419612,-finish_position,10.0,0.97,2018,11,German Grand Prix,11,155,10
brendon_hartley,-1.0553122965070947,-finish_position,10.0,0.97,2018,11,German Grand Prix,11,155,10
ericsson,-0.9686798069930279,-finish_position,10.0,0.97,2018,11,German Grand Prix,11,155,10
gasly,-0.38930427454279504,-finish_position,10.0,0.97,2018,11,German Grand Prix,11,155,10
grosjean,-0.8807828854474924,-finish_position,10.0,0.97,2018,11,German Grand Prix,11,155,10
hamilton,1.5552501596548673,-finish_position,10.0,0.97,2018,11,German Grand Prix,11,155,10
hulkenberg,0.4548118977078254,-finish_position,10.0,0.97,2018,11,German Grand Prix,11,155,10
kevin_magnussen,0.13596911416061874,-finish_position,10.0,0.97,2018,11,German Grand Prix,11,155,10
leclerc,-0.4550165030943582,-finish_position,10.0,0.97,2018,11,German Grand Prix,11,155,10
max_verstappen,0.8952373188748679,-finish_position,10.0,0.97,2018,11,German Grand Prix,11,155,10
ocon,0.1439245069121545,-finish_position,10.0,0.97,2018,11,German Grand Prix,11,155,10
perez,-0.6278028421328633,-finish_position,10.0,0.97,2018,11,German Grand Prix,11,155,10
raikkonen,1.103345841690381,-finish_position,10.0,0.97,2018,11,German Grand Prix,11,155,10
ricciardo,1.1051987371782042,-finish_position,10.0,0.97,2018,11,German Grand Prix,11,155,10
sainz,-0.2772442942611459,-finish_position,10.0,0.97,2018,11,German Grand Prix,11,155,10
sirotkin,-1.6202884711946213,-finish_position,10.0,0.97,2018,11,German Grand Prix,11,155,10
stroll,-0.8430499252941566,-finish_position,10.0,0.97,2018,11,German Grand Prix,11,155,10
vandoorne,-1.089505777192281,-finish_position,10.0,0.97,2018,11,German Grand Prix,11,155,10
vettel,1.3685047441203742,-finish_position,10.0,0.97,2018,11,German Grand Prix,11,155,10
alonso,0.6317709754158042,-finish_position,10.0,0.97,2018,12,Hungarian Grand Prix,12,170,11
bottas,0.905419167320955,-finish_position,10.0,0.97,2018,12,Hungarian Grand Prix,12,170,11
brendon_hartley,-0.9573597510903336,-finish_position,10.0,0.97,2018,12,Hungarian Grand Prix,12,170,11
ericsson,-0.8298833519001693,-finish_position,10.0,0.97,2018,12,Hungarian Grand Prix,12,170,11
gasly,-0.578581685956297,-finish_position,10.0,0.97,2018,12,Hungarian Grand Prix,12,170,11
grosjean,-0.6586851148284573,-finish_position,10.0,0.97,2018,12,Hungarian Grand Prix,12,170,11
hamilton,1.6264709859124737,-finish_position,10.0,0.97,2018,12,Hungarian Grand Prix,12,170,11
hulkenberg,0.6052615485285519,-finish_position,10.0,0.97,2018,12,Hungarian Grand Prix,12,170,11
kevin_magnussen,-0.019518120271941795,-finish_position,10.0,0.97,2018,12,Hungarian Grand Prix,12,170,11
leclerc,-0.6868891149836055,-finish_position,10.0,0.97,2018,12,Hungarian Grand Prix,12,170,11
max_verstappen,0.9464921341503736,-finish_position,10.0,0.97,2018,12,Hungarian Grand Prix,12,170,11
ocon,0.13610651850793012,-finish_position,10.0,0.97,2018,12,Hungarian Grand Prix,12,170,11
perez,-0.5393575111681611,-finish_position,10.0,0.97,2018,12,Hungarian Grand Prix,12,170,11
raikkonen,1.1626435104405268,-finish_position,10.0,0.97,2018,12,Hungarian Grand Prix,12,170,11
ricciardo,1.0644453244256042,-finish_position,10.0,0.97,2018,12,Hungarian Grand Prix,12,170,11
sainz,-0.46148321415534926,-finish_position,10.0,0.97,2018,12,Hungarian Grand Prix,12,170,11
sirotkin,-1.6110807464913839,-finish_position,10.0,0.97,2018,12,Hungarian Grand Prix,12,170,11
stroll,-0.8469671485847227,-finish_position,10.0,0.97,2018,12,Hungarian Grand Prix,12,170,11
vandoorne,-1.209878209079836,-finish_position,10.0,0.97,2018,12,Hungarian Grand Prix,12,170,11
vettel,1.321073803808039,-finish_position,10.0,0.97,2018,12,Hungarian Grand Prix,12,170,11
alonso,0.6492935777669371,-finish_position,10.0,0.97,2018,13,Belgian Grand Prix,13,187,12
bottas,0.8763544329288224,-finish_position,10.0,0.97,2018,13,Belgian Grand Prix,13,187,12
brendon_hartley,-0.986503501050229,-finish_position,10.0,0.97,2018,13,Belgian Grand Prix,13,187,12
ericsson,-0.9763433281524613,-finish_position,10.0,0.97,2018,13,Belgian Grand Prix,13,187,12
gasly,-0.36735176110976914,-finish_position,10.0,0.97,2018,13,Belgian Grand Prix,13,187,12
grosjean,-0.6690814963790931,-finish_position,10.0,0.97,2018,13,Belgian Grand Prix,13,187,12
hamilton,1.7534406054998009,-finish_position,10.0,0.97,2018,13,Belgian Grand Prix,13,187,12
hulkenberg,0.42756270986409434,-finish_position,10.0,0.97,2018,13,Belgian Grand Prix,13,187,12
kevin_magnussen,0.07876643727651018,-finish_position,10.0,0.97,2018,13,Belgian Grand Prix,13,187,12
leclerc,-0.6138018396609476,-finish_position,10.0,0.97,2018,13,Belgian Grand Prix,13,187,12
max_verstappen,0.9363644848508952,-finish_position,10.0,0.97,2018,13,Belgian Grand Prix,13,187,12
ocon,0.015589792084895386,-finish_position,10.0,0.97,2018,13,Belgian Grand Prix,13,187,12
perez,-0.6327813603395858,-finish_position,10.0,0.97,2018,13,Belgian Grand Prix,13,187,12
raikkonen,1.2090517776638678,-finish_position,10.0,0.97,2018,13,Belgian Grand Prix,13,187,12
ricciardo,1.1289611534271218,-finish_position,10.0,0.97,2018,13,Belgian Grand Prix,13,187,12
sainz,-0.38639285186181205,-finish_position,10.0,0.97,2018,13,Belgian Grand Prix,13,187,12
sirotkin,-1.658283906330466,-finish_position,10.0,0.97,2018,13,Belgian Grand Prix,13,187,12
stroll,-1.0110644393093995,-finish_position,10.0,0.97,2018,13,Belgian Grand Prix,13,187,12
vandoorne,-1.1787365871882785,-finish_position,10.0,0.97,2018,13,Belgian Grand Prix,13,187,12
vettel,1.404956100019095,-finish_position,10.0,0.97,2018,13,Belgian Grand Prix,13,187,12
alonso,0.6767722065314535,-finish_position,10.0,0.97,2018,14,Italian Grand Prix,14,202,13
bottas,0.8691597856005863,-finish_position,10.0,0.97,2018,14,Italian Grand Prix,14,202,13
brendon_hartley,-1.1488294314507823,-finish_position,10.0,0.97,2018,14,Italian Grand Prix,14,202,13
ericsson,-0.9446846140200879,-finish_position,10.0,0.97,2018,14,Italian Grand Prix,14,202,13
gasly,-0.28968545309951843,-finish_position,10.0,0.97,2018,14,Italian Grand Prix,14,202,13
grosjean,-0.5678074213542958,-finish_position,10.0,0.97,2018,14,Italian Grand Prix,14,202,13
hamilton,1.7850436146765383,-finish_position,10.0,0.97,2018,14,Italian Grand Prix,14,202,13
hulkenberg,0.4300515951675366,-finish_position,10.0,0.97,2018,14,Italian Grand Prix,14,202,13
kevin_magnussen,0.05433672047103322,-finish_position,10.0,0.97,2018,14,Italian Grand Prix,14,202,13
leclerc,-0.6343499014474344,-finish_position,10.0,0.97,2018,14,Italian Grand Prix,14,202,13
max_verstappen,1.019279465758966,-finish_position,10.0,0.97,2018,14,Italian Grand Prix,14,202,13
ocon,0.06933798039953254,-finish_position,10.0,0.97,2018,14,Italian Grand Prix,14,202,13
perez,-0.5104521262724223,-finish_position,10.0,0.97,2018,14,Italian Grand Prix,14,202,13
raikkonen,1.1443446739442076,-finish_position,10.0,0.97,2018,14,Italian Grand Prix,14,202,13
ricciardo,1.0726787258181385,-finish_position,10.0,0.97,2018,14,Italian Grand Prix,14,202,13
sainz,-0.47703092706375705,-finish_position,10.0,0.97,2018,14,Italian Grand Prix,14,202,13
sirotkin,-1.613924438471454,-finish_position,10.0,0.97,2018,14,Italian Grand Prix,14,202,13
stroll,-1.0649403923630276,-finish_position,10.0,0.97,2018,14,Italian Grand Prix,14,202,13
vandoorne,-1.3736733706839244,-finish_position,10.0,0.97,2018,14,Italian Grand Prix,14,202,13
vettel,1.504373307858713,-finish_position,10.0,0.97,2018,14,Italian Grand Prix,14,202,13
alonso,0.6815571334866292,-finish_position,10.0,0.97,2018,15,Singapore Grand Prix,15,218,14
bottas,0.9043606028811795,-finish_position,10.0,0.97,2018,15,Singapore Grand Prix,15,218,14
brendon_hartley,-1.088842994209748,-finish_position,10.0,0.97,2018,15,Singapore Grand Prix,15,218,14
ericsson,-1.0769770599974853,-finish_position,10.0,0.97,2018,15,Singapore Grand Prix,15,218,14
gasly,-0.4351145184981075,-finish_position,10.0,0.97,2018,15,Singapore Grand Prix,15,218,14
grosjean,-0.4833046709784129,-finish_position,10.0,0.97,2018,15,Singapore Grand Prix,15,218,14
hamilton,1.8539531261226991,-finish_position,10.0,0.97,2018,15,Singapore Grand Prix,15,218,14
hulkenberg,0.20870192409007027,-finish_position,10.0,0.97,2018,15,Singapore Grand Prix,15,218,14
kevin_magnussen,-0.19232152561825347,-finish_position,10.0,0.97,2018,15,Singapore Grand Prix,15,218,14
leclerc,-0.5969900217360319,-finish_position,10.0,0.97,2018,15,Singapore Grand Prix,15,218,14
max_verstappen,1.0265156415861723,-finish_position,10.0,0.97,2018,15,Singapore Grand Prix,15,218,14
ocon,0.15149742881575692,-finish_position,10.0,0.97,2018,15,Singapore Grand Prix,15,218,14
perez,-0.45435690397495804,-finish_position,10.0,0.97,2018,15,Singapore Grand Prix,15,218,14
raikkonen,1.238525653514455,-finish_position,10.0,0.97,2018,15,Singapore Grand Prix,15,218,14
ricciardo,1.0604563000427982,-finish_position,10.0,0.97,2018,15,Singapore Grand Prix,15,218,14
sainz,-0.3636555420887976,-finish_position,10.0,0.97,2018,15,Singapore Grand Prix,15,218,14
sirotkin,-1.5308196246731693,-finish_position,10.0,0.97,2018,15,Singapore Grand Prix,15,218,14
stroll,-0.9642358095622543,-finish_position,10.0,0.97,2018,15,Singapore Grand Prix,15,218,14
vandoorne,-1.4095797566231207,-finish_position,10.0,0.97,2018,15,Singapore Grand Prix,15,218,14
vettel,1.4706306174205817,-finish_position,10.0,0.97,2018,15,Singapore Grand Prix,15,218,14
alonso,0.7825498183597799,-finish_position,10.0,0.97,2018,16,Russian Grand Prix,16,237,15
bottas,0.9348423139916328,-finish_position,10.0,0.97,2018,16,Russian Grand Prix,16,237,15
brendon_hartley,-1.2780782444568237,-finish_position,10.0,0.97,2018,16,Russian Grand Prix,16,237,15
ericsson,-1.0441459385616407,-finish_position,10.0,0.97,2018,16,Russian Grand Prix,16,237,15
gasly,-0.4028430951296604,-finish_position,10.0,0.97,2018,16,Russian Grand Prix,16,237,15
grosjean,-0.5782408823192887,-finish_position,10.0,0.97,2018,16,Russian Grand Prix,16,237,15
hamilton,1.964856839258314,-finish_position,10.0,0.97,2018,16,Russian Grand Prix,16,237,15
hulkenberg,0.16654228553441933,-finish_position,10.0,0.97,2018,16,Russian Grand Prix,16,237,15
kevin_magnussen,-0.36396770816872687,-finish_position,10.0,0.97,2018,16,Russian Grand Prix,16,237,15
leclerc,-0.49069626910244213,-finish_position,10.0,0.97,2018,16,Russian Grand Prix,16,237,15
max_verstappen,1.1963289054428254,-finish_position,10.0,0.97,2018,16,Russian Grand Prix,16,237,15
ocon,0.2584391720118293,-finish_position,10.0,0.97,2018,16,Russian Grand Prix,16,237,15
perez,-0.6389129533693065,-finish_position,10.0,0.97,2018,16,Russian Grand Prix,16,237,15
raikkonen,1.23355469409986,-finish_position,10.0,0.97,2018,16,Russian Grand Prix,16,237,15
ricciardo,1.0137719320268916,-finish_position,10.0,0.97,2018,16,Russian Grand Prix,16,237,15
sainz,-0.26347384403776586,-finish_position,10.0,0.97,2018,16,Russian Grand Prix,16,237,15
sirotkin,-1.6946196467128003,-finish_position,10.0,0.97,2018,16,Russian Grand Prix,16,237,15
stroll,-0.9206461483840179,-finish_position,10.0,0.97,2018,16,Russian Grand Prix,16,237,15
vandoorne,-1.4252280156472776,-finish_position,10.0,0.97,2018,16,Russian Grand Prix,16,237,15
vettel,1.5499667851641987,-finish_position,10.0,0.97,2018,16,Russian Grand Prix,16,237,15
alonso,0.6120132400607949,-finish_position,10.0,0.97,2018,17,Japanese Grand Prix,17,255,16
bottas,1.0233154180853994,-finish_position,10.0,0.97,2018,17,Japanese Grand Prix,17,255,16
brendon_hartley,-1.2375540910779586,-finish_position,10.0,0.97,2018,17,Japanese Grand Prix,17,255,16
ericsson,-1.1167807517548438,-finish_position,10.0,0.97,2018,17,Japanese Grand Prix,17,255,16
gasly,-0.37583886050875065,-finish_position,10.0,0.97,2018,17,Japanese Grand Prix,17,255,16
grosjean,-0.6021050297395046,-finish_position,10.0,0.97,2018,17,Japanese Grand Prix,17,255,16
hamilton,2.033454774746411,-finish_position,10.0,0.97,2018,17,Japanese Grand Prix,17,255,16
hulkenberg,0.1440693939880734,-finish_position,10.0,0.97,2018,17,Japanese Grand Prix,17,255,16
kevin_magnussen,-0.25954835715347474,-finish_position,10.0,0.97,2018,17,Japanese Grand Prix,17,255,16
leclerc,-0.3034594361095447,-finish_position,10.0,0.97,2018,17,Japanese Grand Prix,17,255,16
max_verstappen,1.229997893269585,-finish_position,10.0,0.97,2018,17,Japanese Grand Prix,17,255,16
ocon,0.2723434307218524,-finish_position,10.0,0.97,2018,17,Japanese Grand Prix,17,255,16
perez,-0.6112799878755821,-finish_position,10.0,0.97,2018,17,Japanese Grand Prix,17,255,16
raikkonen,1.2586760898957696,-finish_position,10.0,0.97,2018,17,Japanese Grand Prix,17,255,16
ricciardo,1.0002896757215214,-finish_position,10.0,0.97,2018,17,Japanese Grand Prix,17,255,16
sainz,-0.4494631873154466,-finish_position,10.0,0.97,2018,17,Japanese Grand Prix,17,255,16
sirotkin,-1.7985951930060826,-finish_position,10.0,0.97,2018,17,Japanese Grand Prix,17,255,16
stroll,-0.932438027499592,-finish_position,10.0,0.97,2018,17,Japanese Grand Prix,17,255,16
vandoorne,-1.4889769853806494,-finish_position,10.0,0.97,2018,17,Japanese Grand Prix,17,255,16
vettel,1.6018799909320258,-finish_position,10.0,0.97,2018,17,Japanese Grand Prix,17,255,16
alonso,0.44645175541729065,-finish_position,10.0,0.97,2018,18,United States Grand Prix,18,272,17
bottas,1.088364118129219,-finish_position,10.0,0.97,2018,18,United States Grand Prix,18,272,17
brendon_hartley,-1.271967708870023,-finish_position,10.0,0.97,2018,18,United States Grand Prix,18,272,17
ericsson,-1.1209034706420844,-finish_position,10.0,0.97,2018,18,United States Grand Prix,18,272,17
gasly,-0.35682795391456984,-finish_position,10.0,0.97,2018,18,United States Grand Prix,18,272,17
grosjean,-0.5045486835304719,-finish_position,10.0,0.97,2018,18,United States Grand Prix,18,272,17
hamilton,2.080564734714481,-finish_position,10.0,0.97,2018,18,United States Grand Prix,18,272,17
hulkenberg,0.1569304511955745,-finish_position,10.0,0.97,2018,18,United States Grand Prix,18,272,17
kevin_magnussen,-0.2761484346920039,-finish_position,10.0,0.97,2018,18,United States Grand Prix,18,272,17
leclerc,-0.285029863771303,-finish_position,10.0,0.97,2018,18,United States Grand Prix,18,272,17
max_verstappen,1.2913493544378123,-finish_position,10.0,0.97,2018,18,United States Grand Prix,18,272,17
ocon,0.24058430224119107,-finish_position,10.0,0.97,2018,18,United States Grand Prix,18,272,17
perez,-0.5057946932216655,-finish_position,10.0,0.97,2018,18,United States Grand Prix,18,272,17
raikkonen,1.2657520574434733,-finish_position,10.0,0.97,2018,18,United States Grand Prix,18,272,17
ricciardo,1.0354790926206352,-finish_position,10.0,0.97,2018,18,United States Grand Prix,18,272,17
sainz,-0.4507372602887056,-finish_position,10.0,0.97,2018,18,United States Grand Prix,18,272,17
sirotkin,-1.8120427580714298,-finish_position,10.0,0.97,2018,18,United States Grand Prix,18,272,17
stroll,-1.0471811645432048,-finish_position,10.0,0.97,2018,18,United States Grand Prix,18,272,17
vandoorne,-1.5249191076026687,-finish_position,10.0,0.97,2018,18,United States Grand Prix,18,272,17
vettel,1.550625232948452,-finish_position,10.0,0.97,2018,18,United States Grand Prix,18,272,17
alonso,0.41642160449269267,-finish_position,10.0,0.97,2018,19,Mexican Grand Prix,19,286,18
bottas,1.0436762014872007,-finish_position,10.0,0.97,2018,19,Mexican Grand Prix,19,286,18
brendon_hartley,-1.1534422860624223,-finish_position,10.0,0.97,2018,19,Mexican Grand Prix,19,286,18
ericsson,-1.0912058198229404,-finish_position,10.0,0.97,2018,19,Mexican Grand Prix,19,286,18
gasly,-0.4578197347207961,-finish_position,10.0,0.97,2018,19,Mexican Grand Prix,19,286,18
grosjean,-0.5164111800052344,-finish_position,10.0,0.97,2018,19,Mexican Grand Prix,19,286,18
hamilton,2.066484721239525,-finish_position,10.0,0.97,2018,19,Mexican Grand Prix,19,286,18
hulkenberg,0.21750147427971364,-finish_position,10.0,0.97,2018,19,Mexican Grand Prix,19,286,18
kevin_magnussen,-0.29396110769396544,-finish_position,10.0,0.97,2018,19,Mexican Grand Prix,19,286,18
leclerc,-0.3138028100922809,-finish_position,10.0,0.97,2018,19,Mexican Grand Prix,19,286,18
max_verstappen,1.3697318162625507,-finish_position,10.0,0.97,2018,19,Mexican Grand Prix,19,286,18
ocon,0.20409792133241705,-finish_position,10.0,0.97,2018,19,Mexican Grand Prix,19,286,18
perez,-0.47363473744279655,-finish_position,10.0,0.97,2018,19,Mexican Grand Prix,19,286,18
raikkonen,1.3577419794508723,-finish_position,10.0,0.97,2018,19,Mexican Grand Prix,19,286,18
ricciardo,0.9772925584978911,-finish_position,10.0,0.97,2018,19,Mexican Grand Prix,19,286,18
sainz,-0.4274607925055223,-finish_position,10.0,0.97,2018,19,Mexican Grand Prix,19,286,18
sirotkin,-1.7865659896992592,-finish_position,10.0,0.97,2018,19,Mexican Grand Prix,19,286,18
stroll,-1.1116204377122303,-finish_position,10.0,0.97,2018,19,Mexican Grand Prix,19,286,18
vandoorne,-1.5155902420507148,-finish_position,10.0,0.97,2018,19,Mexican Grand Prix,19,286,18
vettel,1.4885668607652993,-finish_position,10.0,0.97,2018,19,Mexican Grand Prix,19,286,18
alonso,0.3716532208154919,-finish_position,10.0,0.97,2018,20,Brazilian Grand Prix,20,302,19
bottas,1.0272267889787259,-finish_position,10.0,0.97,2018,20,Brazilian Grand Prix,20,302,19
brendon_hartley,-1.2521365848503623,-finish_position,10.0,0.97,2018,20,Brazilian Grand Prix,20,302,19
ericsson,-1.0663123993091304,-finish_position,10.0,0.97,2018,20,Brazilian Grand Prix,20,302,19
gasly,-0.40248228824377724,-finish_position,10.0,0.97,2018,20,Brazilian Grand Prix,20,302,19
grosjean,-0.6798340216120703,-finish_position,10.0,0.97,2018,20,Brazilian Grand Prix,20,302,19
hamilton,2.037188795094038,-finish_position,10.0,0.97,2018,20,Brazilian Grand Prix,20,302,19
hulkenberg,0.3044771129637818,-finish_position,10.0,0.97,2018,20,Brazilian Grand Prix,20,302,19
kevin_magnussen,-0.38993300844569717,-finish_position,10.0,0.97,2018,20,Brazilian Grand Prix,20,302,19
leclerc,-0.20908045974177727,-finish_position,10.0,0.97,2018,20,Brazilian Grand Prix,20,302,19
max_verstappen,1.4862668261744092,-finish_position,10.0,0.97,2018,20,Brazilian Grand Prix,20,302,19
ocon,0.11561322632854382,-finish_position,10.0,0.97,2018,20,Brazilian Grand Prix,20,302,19
perez,-0.442553392891161,-finish_position,10.0,0.97,2018,20,Brazilian Grand Prix,20,302,19
raikkonen,1.3678206459021034,-finish_position,10.0,0.97,2018,20,Brazilian Grand Prix,20,302,19
ricciardo,0.9262166313411326,-finish_position,10.0,0.97,2018,20,Brazilian Grand Prix,20,302,19
sainz,-0.45947948462840826,-finish_position,10.0,0.97,2018,20,Brazilian Grand Prix,20,302,19
sirotkin,-1.7729889212112566,-finish_position,10.0,0.97,2018,20,Brazilian Grand Prix,20,302,19
stroll,-1.0924721786667715,-finish_position,10.0,0.97,2018,20,Brazilian Grand Prix,20,302,19
vandoorne,-1.3981820639068232,-finish_position,10.0,0.97,2018,20,Brazilian Grand Prix,20,302,19
vettel,1.5289915559090075,-finish_position,10.0,0.97,2018,20,Brazilian Grand Prix,20,302,19
alonso,0.09868565523494173,-finish_position,10.0,0.97,2018,21,Abu Dhabi Grand Prix,21,320,20
bottas,1.0030619870798079,-finish_position,10.0,0.97,2018,21,Abu Dhabi Grand Prix,21,320,20
brendon_hartley,-1.1762564841689693,-finish_position,10.0,0.97,2018,21,Abu Dhabi Grand Prix,21,320,20
ericsson,-1.0775294750780935,-finish_position,10.0,0.97,2018,21,Abu Dhabi Grand Prix,21,320,20
gasly,-0.46507373431530147,-finish_position,10.0,0.97,2018,21,Abu Dhabi Grand Prix,21,320,20
grosjean,-0.5823638444722818,-finish_position,10.0,0.97,2018,21,Abu Dhabi Grand Prix,21,320,20
hamilton,2.122029306388593,-finish_position,10.0,0.97,2018,21,Abu Dhabi Grand Prix,21,320,20
hulkenberg,0.3458665500213759,-finish_position,10.0,0.97,2018,21,Abu Dhabi Grand Prix,21,320,20
kevin_magnussen,-0.3642851468052512,-finish_position,10.0,0.97,2018,21,Abu Dhabi Grand Prix,21,320,20
leclerc,-0.07790814979853362,-finish_position,10.0,0.97,2018,21,Abu Dhabi Grand Prix,21,320,20
max_verstappen,1.564946810383738,-finish_position,10.0,0.97,2018,21,Abu Dhabi Grand Prix,21,320,20
ocon,-0.07363799407072548,-finish_position,10.0,0.97,2018,21,Abu Dhabi Grand Prix,21,320,20
perez,-0.35930260516012913,-finish_position,10.0,0.97,2018,21,Abu Dhabi Grand Prix,21,320,20
raikkonen,1.440999832381685,-finish_position,10.0,0.97,2018,21,Abu Dhabi Grand Prix,21,320,20
ricciardo,0.9606149025551258,-finish_position,10.0,0.97,2018,21,Abu Dhabi Grand Prix,21,320,20
sainz,-0.5174332691489724,-finish_position,10.0,0.97,2018,21,Abu Dhabi Grand Prix,21,320,20
sirotkin,-1.7636504046497175,-finish_position,10.0,0.97,2018,21,Abu Dhabi Grand Prix,21,320,20
stroll,-1.2081068501339507,-finish_position,10.0,0.97,2018,21,Abu Dhabi Grand Prix,21,320,20
vandoorne,-1.3423651293703198,-finish_position,10.0,0.97,2018,21,Abu Dhabi Grand Prix,21,320,20
vettel,1.4717080431269811,-finish_position,10.0,0.97,2018,21,Abu Dhabi Grand Prix,21,320,20
alonso,0.06636379620589848,-finish_position,10.0,0.97,2019,1,Australian Grand Prix,22,335,21
bottas,0.951664130162506,-finish_position,10.0,0.97,2019,1,Australian Grand Prix,22,335,21
brendon_hartley,-1.191509525160963,-finish_position,10.0,0.97,2019,1,Australian Grand Prix,22,335,21
ericsson,-1.114536666638372,-finish_position,10.0,0.97,2019,1,Australian Grand Prix,22,335,21
gasly,-0.4695627076698077,-finish_position,10.0,0.97,2019,1,Australian Grand Prix,22,335,21
grosjean,-0.5455339900548822,-finish_position,10.0,0.97,2019,1,Australian Grand Prix,22,335,21
hamilton,2.1710259110443344,-finish_position,10.0,0.97,2019,1,Australian Grand Prix,22,335,21
hulkenberg,0.297316208852649,-finish_position,10.0,0.97,2019,1,Australian Grand Prix,22,335,21
kevin_magnussen,-0.38861772294087293,-finish_position,10.0,0.97,2019,1,Australian Grand Prix,22,335,21
leclerc,0.012442857008638517,-finish_position,10.0,0.97,2019,1,Australian Grand Prix,22,335,21
max_verstappen,1.5764135768533953,-finish_position,10.0,0.97,2019,1,Australian Grand Prix,22,335,21
ocon,-0.09906030394264015,-finish_position,10.0,0.97,2019,1,Australian Grand Prix,22,335,21
perez,-0.32277381256329973,-finish_position,10.0,0.97,2019,1,Australian Grand Prix,22,335,21
raikkonen,1.3972990140165924,-finish_position,10.0,0.97,2019,1,Australian Grand Prix,22,335,21
ricciardo,0.9748996445540059,-finish_position,10.0,0.97,2019,1,Australian Grand Prix,22,335,21
sainz,-0.4217454756086541,-finish_position,10.0,0.97,2019,1,Australian Grand Prix,22,335,21
sirotkin,-1.8079209400360632,-finish_position,10.0,0.97,2019,1,Australian Grand Prix,22,335,21
stroll,-1.1994108316300987,-finish_position,10.0,0.97,2019,1,Australian Grand Prix,22,335,21
vandoorne,-1.4061270332290352,-finish_position,10.0,0.97,2019,1,Australian Grand Prix,22,335,21
vettel,1.5193738707766744,-finish_position,10.0,0.97,2019,1,Australian Grand Prix,22,335,21
albon,-0.3133413549551641,-finish_position,10.0,0.97,2019,2,Bahrain Grand Prix,23,352,22
alonso,0.14700415002688094,-finish_position,10.0,0.97,2019,2,Bahrain Grand Prix,23,352,22
bottas,1.095299448960731,-finish_position,10.0,0.97,2019,2,Bahrain Grand Prix,23,352,22
brendon_hartley,-1.1123776544943962,-finish_position,10.0,0.97,2019,2,Bahrain Grand Prix,23,352,22
ericsson,-1.039068657628752,-finish_position,10.0,0.97,2019,2,Bahrain Grand Prix,23,352,22
gasly,-0.5808915172384373,-finish_position,10.0,0.97,2019,2,Bahrain Grand Prix,23,352,22
giovinazzi,-0.49691413669416573,-finish_position,10.0,0.97,2019,2,Bahrain Grand Prix,23,352,22
grosjean,-0.5302048046575901,-finish_position,10.0,0.97,2019,2,Bahrain Grand Prix,23,352,22
hamilton,2.211659178191034,-finish_position,10.0,0.97,2019,2,Bahrain Grand Prix,23,352,22
hulkenberg,0.3968210267401375,-finish_position,10.0,0.97,2019,2,Bahrain Grand Prix,23,352,22
kevin_magnussen,-0.2111529277905779,-finish_position,10.0,0.97,2019,2,Bahrain Grand Prix,23,352,22
kubica,-0.42947907979281685,-finish_position,10.0,0.97,2019,2,Bahrain Grand Prix,23,352,22
kvyat,0.04036164864340408,-finish_position,10.0,0.97,2019,2,Bahrain Grand Prix,23,352,22
leclerc,0.1033807077887855,-finish_position,10.0,0.97,2019,2,Bahrain Grand Prix,23,352,22
max_verstappen,1.778631189434256,-finish_position,10.0,0.97,2019,2,Bahrain Grand Prix,23,352,22
norris,-0.16072672300793805,-finish_position,10.0,0.97,2019,2,Bahrain Grand Prix,23,352,22
ocon,-0.09486968519184834,-finish_position,10.0,0.97,2019,2,Bahrain Grand Prix,23,352,22
perez,-0.45824486831733563,-finish_position,10.0,0.97,2019,2,Bahrain Grand Prix,23,352,22
raikkonen,1.4177912372583767,-finish_position,10.0,0.97,2019,2,Bahrain Grand Prix,23,352,22
ricciardo,1.0919534154787385,-finish_position,10.0,0.97,2019,2,Bahrain Grand Prix,23,352,22
russell,-0.3410533288931749,-finish_position,10.0,0.97,2019,2,Bahrain Grand Prix,23,352,22
sainz,-0.37952610936931974,-finish_position,10.0,0.97,2019,2,Bahrain Grand Prix,23,352,22
sirotkin,-1.520558771187432,-finish_position,10.0,0.97,2019,2,Bahrain Grand Prix,23,352,22
stroll,-0.8793486599478083,-finish_position,10.0,0.97,2019,2,Bahrain Grand Prix,23,352,22
vandoorne,-1.2909276121969773,-finish_position,10.0,0.97,2019,2,Bahrain Grand Prix,23,352,22
vettel,1.5557838888413995,-finish_position,10.0,0.97,2019,2,Bahrain Grand Prix,23,352,22
albon,-0.16388212281375858,-finish_position,10.0,0.97,2019,3,Chinese Grand Prix,24,368,23
alonso,0.0730085600221311,-finish_position,10.0,0.97,2019,3,Chinese Grand Prix,24,368,23
bottas,1.1485553678254956,-finish_position,10.0,0.97,2019,3,Chinese Grand Prix,24,368,23
brendon_hartley,-1.1038876400904603,-finish_position,10.0,0.97,2019,3,Chinese Grand Prix,24,368,23
ericsson,-0.9882041867516485,-finish_position,10.0,0.97,2019,3,Chinese Grand Prix,24,368,23
gasly,-0.6196351605001864,-finish_position,10.0,0.97,2019,3,Chinese Grand Prix,24,368,23
giovinazzi,-0.572607020205534,-finish_position,10.0,0.97,2019,3,Chinese Grand Prix,24,368,23
grosjean,-0.48449573135505974,-finish_position,10.0,0.97,2019,3,Chinese Grand Prix,24,368,23
hamilton,2.245435004190683,-finish_position,10.0,0.97,2019,3,Chinese Grand Prix,24,368,23
hulkenberg,0.4004530093093839,-finish_position,10.0,0.97,2019,3,Chinese Grand Prix,24,368,23
kevin_magnussen,-0.2925397621028394,-finish_position,10.0,0.97,2019,3,Chinese Grand Prix,24,368,23
kubica,-0.6784086782364609,-finish_position,10.0,0.97,2019,3,Chinese Grand Prix,24,368,23
kvyat,-0.09218816039968622,-finish_position,10.0,0.97,2019,3,Chinese Grand Prix,24,368,23
leclerc,0.25056020902466924,-finish_position,10.0,0.97,2019,3,Chinese Grand Prix,24,368,23
max_verstappen,1.8157289318970844,-finish_position,10.0,0.97,2019,3,Chinese Grand Prix,24,368,23
norris,0.17268248947344458,-finish_position,10.0,0.97,2019,3,Chinese Grand Prix,24,368,23
ocon,-0.08150093328245178,-finish_position,10.0,0.97,2019,3,Chinese Grand Prix,24,368,23
perez,-0.4317015814006686,-finish_position,10.0,0.97,2019,3,Chinese Grand Prix,24,368,23
raikkonen,1.4241603586293414,-finish_position,10.0,0.97,2019,3,Chinese Grand Prix,24,368,23
ricciardo,1.1022766359102703,-finish_position,10.0,0.97,2019,3,Chinese Grand Prix,24,368,23
russell,-0.5179119669231401,-finish_position,10.0,0.97,2019,3,Chinese Grand Prix,24,368,23
sainz,-0.3638889016665497,-finish_position,10.0,0.97,2019,3,Chinese Grand Prix,24,368,23
sirotkin,-1.4327911119166172,-finish_position,10.0,0.97,2019,3,Chinese Grand Prix,24,368,23
stroll,-0.9400399357926087,-finish_position,10.0,0.97,2019,3,Chinese Grand Prix,24,368,23
vandoorne,-1.3588056536379103,-finish_position,10.0,0.97,2019,3,Chinese Grand Prix,24,368,23
vettel,1.4896279807930841,-finish_position,10.0,0.97,2019,3,Chinese Grand Prix,24,368,23
albon,-0.10879014764274167,-finish_position,10.0,0.97,2019,4,Azerbaijan Grand Prix,25,385,24
alonso,0.15363215030943664,-finish_position,10.0,0.97,2019,4,Azerbaijan Grand Prix,25,385,24
bottas,1.2105488365663803,-finish_position,10.0,0.97,2019,4,Azerbaijan Grand Prix,25,385,24
brendon_hartley,-1.0738692529608043,-finish_position,10.0,0.97,2019,4,Azerbaijan Grand Prix,25,385,24
ericsson,-0.9520243062319027,-finish_position,10.0,0.97,2019,4,Azerbaijan Grand Prix,25,385,24
gasly,-0.5535625475488325,-finish_position,10.0,0.97,2019,4,Azerbaijan Grand Prix,25,385,24
giovinazzi,-0.8594105499856254,-finish_position,10.0,0.97,2019,4,Azerbaijan Grand Prix,25,385,24
grosjean,-0.4585915344240107,-finish_position,10.0,0.97,2019,4,Azerbaijan Grand Prix,25,385,24
hamilton,2.2892331797395724,-finish_position,10.0,0.97,2019,4,Azerbaijan Grand Prix,25,385,24
hulkenberg,0.3563666145071782,-finish_position,10.0,0.97,2019,4,Azerbaijan Grand Prix,25,385,24
kevin_magnussen,-0.34354266242947684,-finish_position,10.0,0.97,2019,4,Azerbaijan Grand Prix,25,385,24
kubica,-0.9263219830561499,-finish_position,10.0,0.97,2019,4,Azerbaijan Grand Prix,25,385,24
kvyat,-0.085851673018613,-finish_position,10.0,0.97,2019,4,Azerbaijan Grand Prix,25,385,24
leclerc,0.29102753035728635,-finish_position,10.0,0.97,2019,4,Azerbaijan Grand Prix,25,385,24
max_verstappen,1.8261580158198674,-finish_position,10.0,0.97,2019,4,Azerbaijan Grand Prix,25,385,24
norris,0.19587776634442663,-finish_position,10.0,0.97,2019,4,Azerbaijan Grand Prix,25,385,24
ocon,-0.03797200928533817,-finish_position,10.0,0.97,2019,4,Azerbaijan Grand Prix,25,385,24
perez,-0.30622905362883013,-finish_position,10.0,0.97,2019,4,Azerbaijan Grand Prix,25,385,24
raikkonen,1.4152496074012744,-finish_position,10.0,0.97,2019,4,Azerbaijan Grand Prix,25,385,24
ricciardo,1.1256454375693052,-finish_position,10.0,0.97,2019,4,Azerbaijan Grand Prix,25,385,24
russell,-0.7060084860160745,-finish_position,10.0,0.97,2019,4,Azerbaijan Grand Prix,25,385,24
sainz,-0.5418655807870794,-finish_position,10.0,0.97,2019,4,Azerbaijan Grand Prix,25,385,24
sirotkin,-1.3064502340843058,-finish_position,10.0,0.97,2019,4,Azerbaijan Grand Prix,25,385,24
stroll,-0.8908181980671963,-finish_position,10.0,0.97,2019,4,Azerbaijan Grand Prix,25,385,24
vandoorne,-1.2432927632565898,-finish_position,10.0,0.97,2019,4,Azerbaijan Grand Prix,25,385,24
vettel,1.5308618438088368,-finish_position,10.0,0.97,2019,4,Azerbaijan Grand Prix,25,385,24
albon,-0.13557529347023803,-finish_position,10.0,0.97,2019,5,Spanish Grand Prix,26,401,25
alonso,0.0585722250112374,-finish_position,10.0,0.97,2019,5,Spanish Grand Prix,26,401,25
bottas,1.2835414663486509,-finish_position,10.0,0.97,2019,5,Spanish Grand Prix,26,401,25
brendon_hartley,-1.0552540333752949,-finish_position,10.0,0.97,2019,5,Spanish Grand Prix,26,401,25
ericsson,-0.9394181217455445,-finish_position,10.0,0.97,2019,5,Spanish Grand Prix,26,401,25
gasly,-0.5439731913951649,-finish_position,10.0,0.97,2019,5,Spanish Grand Prix,26,401,25
giovinazzi,-0.9034646977628259,-finish_position,10.0,0.97,2019,5,Spanish Grand Prix,26,401,25
grosjean,-0.42798447272345835,-finish_position,10.0,0.97,2019,5,Spanish Grand Prix,26,401,25
hamilton,2.271967003016124,-finish_position,10.0,0.97,2019,5,Spanish Grand Prix,26,401,25
hulkenberg,0.19042906175950636,-finish_position,10.0,0.97,2019,5,Spanish Grand Prix,26,401,25
kevin_magnussen,-0.42144179598600934,-finish_position,10.0,0.97,2019,5,Spanish Grand Prix,26,401,25
kubica,-1.063431268179625,-finish_position,10.0,0.97,2019,5,Spanish Grand Prix,26,401,25
kvyat,-0.0830575422978088,-finish_position,10.0,0.97,2019,5,Spanish Grand Prix,26,401,25
leclerc,0.3023078235260433,-finish_position,10.0,0.97,2019,5,Spanish Grand Prix,26,401,25
max_verstappen,1.8323951588415037,-finish_position,10.0,0.97,2019,5,Spanish Grand Prix,26,401,25
norris,0.29998843043696877,-finish_position,10.0,0.97,2019,5,Spanish Grand Prix,26,401,25
ocon,-0.008421105709138394,-finish_position,10.0,0.97,2019,5,Spanish Grand Prix,26,401,25
perez,-0.16834063725221138,-finish_position,10.0,0.97,2019,5,Spanish Grand Prix,26,401,25
raikkonen,1.3360602837088789,-finish_position,10.0,0.97,2019,5,Spanish Grand Prix,26,401,25
ricciardo,1.1199707911468597,-finish_position,10.0,0.97,2019,5,Spanish Grand Prix,26,401,25
russell,-0.7927498856087248,-finish_position,10.0,0.97,2019,5,Spanish Grand Prix,26,401,25
sainz,-0.30149301035567405,-finish_position,10.0,0.97,2019,5,Spanish Grand Prix,26,401,25
sirotkin,-1.2336254667372732,-finish_position,10.0,0.97,2019,5,Spanish Grand Prix,26,401,25
stroll,-0.8175804969800046,-finish_position,10.0,0.97,2019,5,Spanish Grand Prix,26,401,25
vandoorne,-1.3365542913878679,-finish_position,10.0,0.97,2019,5,Spanish Grand Prix,26,401,25
vettel,1.5371330671710983,-finish_position,10.0,0.97,2019,5,Spanish Grand Prix,26,401,25
albon,-0.15469120475992568,-finish_position,10.0,0.97,2019,6,Monaco Grand Prix,27,419,26
alonso,0.04841583105807144,-finish_position,10.0,0.97,2019,6,Monaco Grand Prix,27,419,26
bottas,1.3471889038005895,-finish_position,10.0,0.97,2019,6,Monaco Grand Prix,27,419,26
brendon_hartley,-1.0318514040169875,-finish_position,10.0,0.97,2019,6,Monaco Grand Prix,27,419,26
ericsson,-0.8974841810929916,-finish_position,10.0,0.97,2019,6,Monaco Grand Prix,27,419,26
gasly,-0.4979880927116572,-finish_position,10.0,0.97,2019,6,Monaco Grand Prix,27,419,26
giovinazzi,-1.0700577250968217,-finish_position,10.0,0.97,2019,6,Monaco Grand Prix,27,419,26
grosjean,-0.41744730076166303,-finish_position,10.0,0.97,2019,6,Monaco Grand Prix,27,419,26
hamilton,2.324115580050582,-finish_position,10.0,0.97,2019,6,Monaco Grand Prix,27,419,26
hulkenberg,0.17205511843320853,-finish_position,10.0,0.97,2019,6,Monaco Grand Prix,27,419,26
kevin_magnussen,-0.3022821698260659,-finish_position,10.0,0.97,2019,6,Monaco Grand Prix,27,419,26
kubica,-1.25979053174245,-finish_position,10.0,0.97,2019,6,Monaco Grand Prix,27,419,26
kvyat,0.040519385082141715,-finish_position,10.0,0.97,2019,6,Monaco Grand Prix,27,419,26
leclerc,0.33944393832339614,-finish_position,10.0,0.97,2019,6,Monaco Grand Prix,27,419,26
max_verstappen,1.8392393204422257,-finish_position,10.0,0.97,2019,6,Monaco Grand Prix,27,419,26
norris,0.28865413528320855,-finish_position,10.0,0.97,2019,6,Monaco Grand Prix,27,419,26
ocon,-0.022080910577773196,-finish_position,10.0,0.97,2019,6,Monaco Grand Prix,27,419,26
perez,-0.32392532513664224,-finish_position,10.0,0.97,2019,6,Monaco Grand Prix,27,419,26
raikkonen,1.2048284098180224,-finish_position,10.0,0.97,2019,6,Monaco Grand Prix,27,419,26
ricciardo,0.9115052266554137,-finish_position,10.0,0.97,2019,6,Monaco Grand Prix,27,419,26
russell,-0.9461075806570712,-finish_position,10.0,0.97,2019,6,Monaco Grand Prix,27,419,26
sainz,-0.05075444790978787,-finish_position,10.0,0.97,2019,6,Monaco Grand Prix,27,419,26
sirotkin,-1.0916755983483188,-finish_position,10.0,0.97,2019,6,Monaco Grand Prix,27,419,26
stroll,-0.6509214301058207,-finish_position,10.0,0.97,2019,6,Monaco Grand Prix,27,419,26
vandoorne,-1.3284827500442453,-finish_position,10.0,0.97,2019,6,Monaco Grand Prix,27,419,26
vettel,1.5295748038413612,-finish_position,10.0,0.97,2019,6,Monaco Grand Prix,27,419,26
albon,-0.017145589129214073,-finish_position,10.0,0.97,2019,7,Canadian Grand Prix,28,438,27
alonso,0.03142286622968428,-finish_position,10.0,0.97,2019,7,Canadian Grand Prix,28,438,27
bottas,1.38417938104324,-finish_position,10.0,0.97,2019,7,Canadian Grand Prix,28,438,27
brendon_hartley,-1.0571339522141205,-finish_position,10.0,0.97,2019,7,Canadian Grand Prix,28,438,27
ericsson,-0.8601954379278942,-finish_position,10.0,0.97,2019,7,Canadian Grand Prix,28,438,27
gasly,-0.4534916532777858,-finish_position,10.0,0.97,2019,7,Canadian Grand Prix,28,438,27
giovinazzi,-1.296013582302145,-finish_position,10.0,0.97,2019,7,Canadian Grand Prix,28,438,27
grosjean,-0.3394768252991405,-finish_position,10.0,0.97,2019,7,Canadian Grand Prix,28,438,27
hamilton,2.3864106029559173,-finish_position,10.0,0.97,2019,7,Canadian Grand Prix,28,438,27
hulkenberg,0.11174268534395133,-finish_position,10.0,0.97,2019,7,Canadian Grand Prix,28,438,27
kevin_magnussen,-0.3725250232001369,-finish_position,10.0,0.97,2019,7,Canadian Grand Prix,28,438,27
kubica,-1.4559455826151717,-finish_position,10.0,0.97,2019,7,Canadian Grand Prix,28,438,27
kvyat,0.26147956542312506,-finish_position,10.0,0.97,2019,7,Canadian Grand Prix,28,438,27
leclerc,0.34878606447384014,-finish_position,10.0,0.97,2019,7,Canadian Grand Prix,28,438,27
max_verstappen,1.8320339292091805,-finish_position,10.0,0.97,2019,7,Canadian Grand Prix,28,438,27
norris,0.1792349160288607,-finish_position,10.0,0.97,2019,7,Canadian Grand Prix,28,438,27
ocon,0.007416955979693896,-finish_position,10.0,0.97,2019,7,Canadian Grand Prix,28,438,27
perez,-0.2839706521096312,-finish_position,10.0,0.97,2019,7,Canadian Grand Prix,28,438,27
raikkonen,1.0234292556263738,-finish_position,10.0,0.97,2019,7,Canadian Grand Prix,28,438,27
ricciardo,0.8941585991889364,-finish_position,10.0,0.97,2019,7,Canadian Grand Prix,28,438,27
russell,-0.9791344628308594,-finish_position,10.0,0.97,2019,7,Canadian Grand Prix,28,438,27
sainz,0.19408080483983436,-finish_position,10.0,0.97,2019,7,Canadian Grand Prix,28,438,27
sirotkin,-1.034336681581216,-finish_position,10.0,0.97,2019,7,Canadian Grand Prix,28,438,27
stroll,-0.7536019538295641,-finish_position,10.0,0.97,2019,7,Canadian Grand Prix,28,438,27
vandoorne,-1.3287527547699522,-finish_position,10.0,0.97,2019,7,Canadian Grand Prix,28,438,27
vettel,1.5773485247441925,-finish_position,10.0,0.97,2019,7,Canadian Grand Prix,28,438,27
albon,-0.017188481191763156,-finish_position,10.0,0.97,2019,8,French Grand Prix,29,456,28
alonso,0.049818984316413885,-finish_position,10.0,0.97,2019,8,French Grand Prix,29,456,28
bottas,1.3744612327752064,-finish_position,10.0,0.97,2019,8,French Grand Prix,29,456,28
brendon_hartley,-1.0406375545137256,-finish_position,10.0,0.97,2019,8,French Grand Prix,29,456,28
ericsson,-0.8249900602292327,-finish_position,10.0,0.97,2019,8,French Grand Prix,29,456,28
gasly,-0.47072377691635275,-finish_position,10.0,0.97,2019,8,French Grand Prix,29,456,28
giovinazzi,-1.2328160874588576,-finish_position,10.0,0.97,2019,8,French Grand Prix,29,456,28
grosjean,-0.3817353215907787,-finish_position,10.0,0.97,2019,8,French Grand Prix,29,456,28
hamilton,2.4354708740086375,-finish_position,10.0,0.97,2019,8,French Grand Prix,29,456,28
hulkenberg,0.14308724759015312,-finish_position,10.0,0.97,2019,8,French Grand Prix,29,456,28
kevin_magnussen,-0.4861930742747516,-finish_position,10.0,0.97,2019,8,French Grand Prix,29,456,28
kubica,-1.5945301418594338,-finish_position,10.0,0.97,2019,8,French Grand Prix,29,456,28
kvyat,0.2644493803034604,-finish_position,10.0,0.97,2019,8,French Grand Prix,29,456,28
leclerc,0.43480874582485396,-finish_position,10.0,0.97,2019,8,French Grand Prix,29,456,28
max_verstappen,1.8607338539755143,-finish_position,10.0,0.97,2019,8,French Grand Prix,29,456,28
norris,0.18673227895403274,-finish_position,10.0,0.97,2019,8,French Grand Prix,29,456,28
ocon,0.0037541409759276516,-finish_position,10.0,0.97,2019,8,French Grand Prix,29,456,28
perez,-0.33864792606862015,-finish_position,10.0,0.97,2019,8,French Grand Prix,29,456,28
raikkonen,0.835891165508471,-finish_position,10.0,0.97,2019,8,French Grand Prix,29,456,28
ricciardo,1.0169695883788084,-finish_position,10.0,0.97,2019,8,French Grand Prix,29,456,28
russell,-1.0354200648313707,-finish_position,10.0,0.97,2019,8,French Grand Prix,29,456,28
sainz,0.09681758472411511,-finish_position,10.0,0.97,2019,8,French Grand Prix,29,456,28
sirotkin,-0.9459485755475625,-finish_position,10.0,0.97,2019,8,French Grand Prix,29,456,28
stroll,-0.6156704143405449,-finish_position,10.0,0.97,2019,8,French Grand Prix,29,456,28
vandoorne,-1.2866531591714527,-finish_position,10.0,0.97,2019,8,French Grand Prix,29,456,28
vettel,1.568159560658852,-finish_position,10.0,0.97,2019,8,French Grand Prix,29,456,28
albon,-0.22427429489355452,-finish_position,10.0,0.97,2019,9,Austrian Grand Prix,30,475,29
alonso,0.010586393925865049,-finish_position,10.0,0.97,2019,9,Austrian Grand Prix,30,475,29
bottas,1.427798365962861,-finish_position,10.0,0.97,2019,9,Austrian Grand Prix,30,475,29
brendon_hartley,-0.9397118592604384,-finish_position,10.0,0.97,2019,9,Austrian Grand Prix,30,475,29
ericsson,-0.775861380174277,-finish_position,10.0,0.97,2019,9,Austrian Grand Prix,30,475,29
gasly,-0.485193661581862,-finish_position,10.0,0.97,2019,9,Austrian Grand Prix,30,475,29
giovinazzi,-1.4103309132802868,-finish_position,10.0,0.97,2019,9,Austrian Grand Prix,30,475,29
grosjean,-0.3001281188380994,-finish_position,10.0,0.97,2019,9,Austrian Grand Prix,30,475,29
hamilton,2.4745451352697203,-finish_position,10.0,0.97,2019,9,Austrian Grand Prix,30,475,29
hulkenberg,0.2768797684847022,-finish_position,10.0,0.97,2019,9,Austrian Grand Prix,30,475,29
kevin_magnussen,-0.6206791091713683,-finish_position,10.0,0.97,2019,9,Austrian Grand Prix,30,475,29
kubica,-1.6955329683048468,-finish_position,10.0,0.97,2019,9,Austrian Grand Prix,30,475,29
kvyat,0.07806007014389116,-finish_position,10.0,0.97,2019,9,Austrian Grand Prix,30,475,29
leclerc,0.5572989124482974,-finish_position,10.0,0.97,2019,9,Austrian Grand Prix,30,475,29
max_verstappen,1.937230332046325,-finish_position,10.0,0.97,2019,9,Austrian Grand Prix,30,475,29
norris,0.20963202912691903,-finish_position,10.0,0.97,2019,9,Austrian Grand Prix,30,475,29
ocon,0.021777457962781903,-finish_position,10.0,0.97,2019,9,Austrian Grand Prix,30,475,29
perez,-0.3243689332511454,-finish_position,10.0,0.97,2019,9,Austrian Grand Prix,30,475,29
raikkonen,0.9726937020835074,-finish_position,10.0,0.97,2019,9,Austrian Grand Prix,30,475,29
ricciardo,0.9573032355376216,-finish_position,10.0,0.97,2019,9,Austrian Grand Prix,30,475,29
russell,-1.2353998181031638,-finish_position,10.0,0.97,2019,9,Austrian Grand Prix,30,475,29
sainz,0.2812980651521906,-finish_position,10.0,0.97,2019,9,Austrian Grand Prix,30,475,29
sirotkin,-0.8519576733506808,-finish_position,10.0,0.97,2019,9,Austrian Grand Prix,30,475,29
stroll,-0.5856486632647847,-finish_position,10.0,0.97,2019,9,Austrian Grand Prix,30,475,29
vandoorne,-1.313996865985991,-finish_position,10.0,0.97,2019,9,Austrian Grand Prix,30,475,29
vettel,1.557980791315808,-finish_position,10.0,0.97,2019,9,Austrian Grand Prix,30,475,29
albon,-0.36009952326412664,-finish_position,10.0,0.97,2019,10,British Grand Prix,31,495,30
alonso,-0.023326494796785308,-finish_position,10.0,0.97,2019,10,British Grand Prix,31,495,30
bottas,1.4934210583409986,-finish_position,10.0,0.97,2019,10,British Grand Prix,31,495,30
brendon_hartley,-0.8126718011323003,-finish_position,10.0,0.97,2019,10,British Grand Prix,31,495,30
ericsson,-0.7248889550918499,-finish_position,10.0,0.97,2019,10,British Grand Prix,31,495,30
gasly,-0.39115745052906886,-finish_position,10.0,0.97,2019,10,British Grand Prix,31,495,30
giovinazzi,-1.283974008358695,-finish_position,10.0,0.97,2019,10,British Grand Prix,31,495,30
grosjean,-0.3738848100515502,-finish_position,10.0,0.97,2019,10,British Grand Prix,31,495,30
hamilton,2.4266799444445724,-finish_position,10.0,0.97,2019,10,British Grand Prix,31,495,30
hulkenberg,0.2336936593481401,-finish_position,10.0,0.97,2019,10,British Grand Prix,31,495,30
kevin_magnussen,-0.7271549606361398,-finish_position,10.0,0.97,2019,10,British Grand Prix,31,495,30
kubica,-1.883362879720564,-finish_position,10.0,0.97,2019,10,British Grand Prix,31,495,30
kvyat,-0.21968943058520107,-finish_position,10.0,0.97,2019,10,British Grand Prix,31,495,30
leclerc,0.6950271072211083,-finish_position,10.0,0.97,2019,10,British Grand Prix,31,495,30
max_verstappen,2.0411956217817986,-finish_position,10.0,0.97,2019,10,British Grand Prix,31,495,30
norris,0.41349883180576413,-finish_position,10.0,0.97,2019,10,British Grand Prix,31,495,30
ocon,0.04914857301059186,-finish_position,10.0,0.97,2019,10,British Grand Prix,31,495,30
perez,-0.26217821557831184,-finish_position,10.0,0.97,2019,10,British Grand Prix,31,495,30
raikkonen,0.9745686720199385,-finish_position,10.0,0.97,2019,10,British Grand Prix,31,495,30
ricciardo,0.8419786521484206,-finish_position,10.0,0.97,2019,10,British Grand Prix,31,495,30
russell,-1.3469792244049512,-finish_position,10.0,0.97,2019,10,British Grand Prix,31,495,30
sainz,0.3944529812677578,-finish_position,10.0,0.97,2019,10,British Grand Prix,31,495,30
sirotkin,-0.7653052984811257,-finish_position,10.0,0.97,2019,10,British Grand Prix,31,495,30
stroll,-0.5910920656510844,-finish_position,10.0,0.97,2019,10,British Grand Prix,31,495,30
vandoorne,-1.335198592428909,-finish_position,10.0,0.97,2019,10,British Grand Prix,31,495,30
vettel,1.5372986093215717,-finish_position,10.0,0.97,2019,10,British Grand Prix,31,495,30
albon,-0.3974427158908116,-finish_position,10.0,0.97,2019,11,German Grand Prix,32,512,31
alonso,-0.042689027982030094,-finish_position,10.0,0.97,2019,11,German Grand Prix,32,512,31
bottas,1.5223574470192618,-finish_position,10.0,0.97,2019,11,German Grand Prix,32,512,31
brendon_hartley,-0.7976937912712894,-finish_position,10.0,0.97,2019,11,German Grand Prix,32,512,31
ericsson,-0.69361279395174,-finish_position,10.0,0.97,2019,11,German Grand Prix,32,512,31
gasly,-0.2839783977576921,-finish_position,10.0,0.97,2019,11,German Grand Prix,32,512,31
giovinazzi,-1.2913995906299816,-finish_position,10.0,0.97,2019,11,German Grand Prix,32,512,31
grosjean,-0.368962644273825,-finish_position,10.0,0.97,2019,11,German Grand Prix,32,512,31
hamilton,2.4471688699017706,-finish_position,10.0,0.97,2019,11,German Grand Prix,32,512,31
hulkenberg,0.2063072243769222,-finish_position,10.0,0.97,2019,11,German Grand Prix,32,512,31
kevin_magnussen,-0.7191179067529583,-finish_position,10.0,0.97,2019,11,German Grand Prix,32,512,31
kubica,-1.855413224912586,-finish_position,10.0,0.97,2019,11,German Grand Prix,32,512,31
kvyat,-0.0970863437568449,-finish_position,10.0,0.97,2019,11,German Grand Prix,32,512,31
leclerc,0.8180368215345041,-finish_position,10.0,0.97,2019,11,German Grand Prix,32,512,31
max_verstappen,1.9843681347447566,-finish_position,10.0,0.97,2019,11,German Grand Prix,32,512,31
norris,0.29045812051566566,-finish_position,10.0,0.97,2019,11,German Grand Prix,32,512,31
ocon,0.02171167914263579,-finish_position,10.0,0.97,2019,11,German Grand Prix,32,512,31
perez,-0.4209501806660941,-finish_position,10.0,0.97,2019,11,German Grand Prix,32,512,31
raikkonen,1.066395019233447,-finish_position,10.0,0.97,2019,11,German Grand Prix,32,512,31
ricciardo,0.8992214906770877,-finish_position,10.0,0.97,2019,11,German Grand Prix,32,512,31
russell,-1.303464763056294,-finish_position,10.0,0.97,2019,11,German Grand Prix,32,512,31
sainz,0.4968485996322904,-finish_position,10.0,0.97,2019,11,German Grand Prix,32,512,31
sirotkin,-0.7679679407453647,-finish_position,10.0,0.97,2019,11,German Grand Prix,32,512,31
stroll,-0.5954758063971543,-finish_position,10.0,0.97,2019,11,German Grand Prix,32,512,31
vandoorne,-1.3391991313158333,-finish_position,10.0,0.97,2019,11,German Grand Prix,32,512,31
vettel,1.2215808525821574,-finish_position,10.0,0.97,2019,11,German Grand Prix,32,512,31
albon,-0.25384502455078756,-finish_position,10.0,0.97,2019,12,Hungarian Grand Prix,33,525,32
alonso,-0.10237713463398394,-finish_position,10.0,0.97,2019,12,Hungarian Grand Prix,33,525,32
bottas,1.5371625400276303,-finish_position,10.0,0.97,2019,12,Hungarian Grand Prix,33,525,32
brendon_hartley,-0.9152709798388241,-finish_position,10.0,0.97,2019,12,Hungarian Grand Prix,33,525,32
ericsson,-0.7212075154899867,-finish_position,10.0,0.97,2019,12,Hungarian Grand Prix,33,525,32
gasly,-0.41103918549379853,-finish_position,10.0,0.97,2019,12,Hungarian Grand Prix,33,525,32
giovinazzi,-1.3091890610570656,-finish_position,10.0,0.97,2019,12,Hungarian Grand Prix,33,525,32
grosjean,-0.30738745404442236,-finish_position,10.0,0.97,2019,12,Hungarian Grand Prix,33,525,32
hamilton,2.2596304116092445,-finish_position,10.0,0.97,2019,12,Hungarian Grand Prix,33,525,32
hulkenberg,0.1900084533874974,-finish_position,10.0,0.97,2019,12,Hungarian Grand Prix,33,525,32
kevin_magnussen,-0.7166133883070062,-finish_position,10.0,0.97,2019,12,Hungarian Grand Prix,33,525,32
kubica,-1.640256646283481,-finish_position,10.0,0.97,2019,12,Hungarian Grand Prix,33,525,32
kvyat,0.20707060925495557,-finish_position,10.0,0.97,2019,12,Hungarian Grand Prix,33,525,32
leclerc,0.7587306313867965,-finish_position,10.0,0.97,2019,12,Hungarian Grand Prix,33,525,32
max_verstappen,2.0172782414919737,-finish_position,10.0,0.97,2019,12,Hungarian Grand Prix,33,525,32
norris,0.229535544304684,-finish_position,10.0,0.97,2019,12,Hungarian Grand Prix,33,525,32
ocon,-0.023117616369814836,-finish_position,10.0,0.97,2019,12,Hungarian Grand Prix,33,525,32
perez,-0.5494371039154788,-finish_position,10.0,0.97,2019,12,Hungarian Grand Prix,33,525,32
raikkonen,0.9565718557278793,-finish_position,10.0,0.97,2019,12,Hungarian Grand Prix,33,525,32
ricciardo,0.8491335821072871,-finish_position,10.0,0.97,2019,12,Hungarian Grand Prix,33,525,32
russell,-1.1754007687235108,-finish_position,10.0,0.97,2019,12,Hungarian Grand Prix,33,525,32
sainz,0.591057316449947,-finish_position,10.0,0.97,2019,12,Hungarian Grand Prix,33,525,32
sirotkin,-0.8316279490550957,-finish_position,10.0,0.97,2019,12,Hungarian Grand Prix,33,525,32
stroll,-0.4881855007048742,-finish_position,10.0,0.97,2019,12,Hungarian Grand Prix,33,525,32
vandoorne,-1.3922011872369144,-finish_position,10.0,0.97,2019,12,Hungarian Grand Prix,33,525,32
vettel,1.2409773299571425,-finish_position,10.0,0.97,2019,12,Hungarian Grand Prix,33,525,32
albon,-0.16476414933165875,-finish_position,10.0,0.97,2019,13,Belgian Grand Prix,34,544,33
alonso,-0.1215222397708153,-finish_position,10.0,0.97,2019,13,Belgian Grand Prix,34,544,33
bottas,1.434574378854388,-finish_position,10.0,0.97,2019,13,Belgian Grand Prix,34,544,33
brendon_hartley,-0.8590244104501858,-finish_position,10.0,0.97,2019,13,Belgian Grand Prix,34,544,33
ericsson,-0.6890293503187825,-finish_position,10.0,0.97,2019,13,Belgian Grand Prix,34,544,33
gasly,-0.35561642755719874,-finish_position,10.0,0.97,2019,13,Belgian Grand Prix,34,544,33
giovinazzi,-1.5453471618005854,-finish_position,10.0,0.97,2019,13,Belgian Grand Prix,34,544,33
grosjean,-0.27080552865347746,-finish_position,10.0,0.97,2019,13,Belgian Grand Prix,34,544,33
hamilton,2.3605481080544566,-finish_position,10.0,0.97,2019,13,Belgian Grand Prix,34,544,33
hulkenberg,0.22184357641592894,-finish_position,10.0,0.97,2019,13,Belgian Grand Prix,34,544,33
kevin_magnussen,-0.7381744378292616,-finish_position,10.0,0.97,2019,13,Belgian Grand Prix,34,544,33
kubica,-1.7925478093111238,-finish_position,10.0,0.97,2019,13,Belgian Grand Prix,34,544,33
kvyat,0.0005501198491863815,-finish_position,10.0,0.97,2019,13,Belgian Grand Prix,34,544,33
leclerc,0.8171266749033965,-finish_position,10.0,0.97,2019,13,Belgian Grand Prix,34,544,33
max_verstappen,2.0552243632577625,-finish_position,10.0,0.97,2019,13,Belgian Grand Prix,34,544,33
norris,0.22654565307371968,-finish_position,10.0,0.97,2019,13,Belgian Grand Prix,34,544,33
ocon,0.0073532778800683655,-finish_position,10.0,0.97,2019,13,Belgian Grand Prix,34,544,33
perez,-0.4526105374303868,-finish_position,10.0,0.97,2019,13,Belgian Grand Prix,34,544,33
raikkonen,1.0903373582479772,-finish_position,10.0,0.97,2019,13,Belgian Grand Prix,34,544,33
ricciardo,0.679857166720404,-finish_position,10.0,0.97,2019,13,Belgian Grand Prix,34,544,33
russell,-1.2112836440239663,-finish_position,10.0,0.97,2019,13,Belgian Grand Prix,34,544,33
sainz,0.7843931597422708,-finish_position,10.0,0.97,2019,13,Belgian Grand Prix,34,544,33
sirotkin,-0.790826231974884,-finish_position,10.0,0.97,2019,13,Belgian Grand Prix,34,544,33
stroll,-0.6027596498792808,-finish_position,10.0,0.97,2019,13,Belgian Grand Prix,34,544,33
vandoorne,-1.3960561469541417,-finish_position,10.0,0.97,2019,13,Belgian Grand Prix,34,544,33
vettel,1.3120138882861871,-finish_position,10.0,0.97,2019,13,Belgian Grand Prix,34,544,33
albon,-0.13180565376380918,-finish_position,10.0,0.97,2019,14,Italian Grand Prix,35,560,34
alonso,-0.11807644232905702,-finish_position,10.0,0.97,2019,14,Italian Grand Prix,35,560,34
bottas,1.4430895166270725,-finish_position,10.0,0.97,2019,14,Italian Grand Prix,35,560,34
brendon_hartley,-0.8855873315390169,-finish_position,10.0,0.97,2019,14,Italian Grand Prix,35,560,34
ericsson,-0.6690088349933039,-finish_position,10.0,0.97,2019,14,Italian Grand Prix,35,560,34
gasly,-0.33479679823456243,-finish_position,10.0,0.97,2019,14,Italian Grand Prix,35,560,34
giovinazzi,-1.4613546832670492,-finish_position,10.0,0.97,2019,14,Italian Grand Prix,35,560,34
grosjean,-0.3380324691959922,-finish_position,10.0,0.97,2019,14,Italian Grand Prix,35,560,34
hamilton,2.360925390625695,-finish_position,10.0,0.97,2019,14,Italian Grand Prix,35,560,34
hulkenberg,0.32658142321319883,-finish_position,10.0,0.97,2019,14,Italian Grand Prix,35,560,34
kevin_magnussen,-0.7305239531901041,-finish_position,10.0,0.97,2019,14,Italian Grand Prix,35,560,34
kubica,-1.8552489213066397,-finish_position,10.0,0.97,2019,14,Italian Grand Prix,35,560,34
kvyat,0.13595448957966397,-finish_position,10.0,0.97,2019,14,Italian Grand Prix,35,560,34
leclerc,0.9200188628343984,-finish_position,10.0,0.97,2019,14,Italian Grand Prix,35,560,34
max_verstappen,1.9869839039908768,-finish_position,10.0,0.97,2019,14,Italian Grand Prix,35,560,34
norris,0.22365771839732038,-finish_position,10.0,0.97,2019,14,Italian Grand Prix,35,560,34
ocon,0.025826027658589462,-finish_position,10.0,0.97,2019,14,Italian Grand Prix,35,560,34
perez,-0.32664191617388527,-finish_position,10.0,0.97,2019,14,Italian Grand Prix,35,560,34
raikkonen,0.8908398566417658,-finish_position,10.0,0.97,2019,14,Italian Grand Prix,35,560,34
ricciardo,0.4813289271936642,-finish_position,10.0,0.97,2019,14,Italian Grand Prix,35,560,34
russell,-1.215679940120582,-finish_position,10.0,0.97,2019,14,Italian Grand Prix,35,560,34
sainz,0.7994745717660038,-finish_position,10.0,0.97,2019,14,Italian Grand Prix,35,560,34
sirotkin,-0.772763503180448,-finish_position,10.0,0.97,2019,14,Italian Grand Prix,35,560,34
stroll,-0.6160420114394162,-finish_position,10.0,0.97,2019,14,Italian Grand Prix,35,560,34
vandoorne,-1.372450104419503,-finish_position,10.0,0.97,2019,14,Italian Grand Prix,35,560,34
vettel,1.2333318746251296,-finish_position,10.0,0.97,2019,14,Italian Grand Prix,35,560,34
albon,-0.09461306224913985,-finish_position,10.0,0.97,2019,15,Singapore Grand Prix,36,577,35
alonso,-0.11770610967539945,-finish_position,10.0,0.97,2019,15,Singapore Grand Prix,36,577,35
bottas,1.4863230483433045,-finish_position,10.0,0.97,2019,15,Singapore Grand Prix,36,577,35
brendon_hartley,-0.8657309430760759,-finish_position,10.0,0.97,2019,15,Singapore Grand Prix,36,577,35
ericsson,-0.6429690288296281,-finish_position,10.0,0.97,2019,15,Singapore Grand Prix,36,577,35
gasly,-0.31096345003094583,-finish_position,10.0,0.97,2019,15,Singapore Grand Prix,36,577,35
giovinazzi,-1.2436855935296582,-finish_position,10.0,0.97,2019,15,Singapore Grand Prix,36,577,35
grosjean,-0.49377228100643156,-finish_position,10.0,0.97,2019,15,Singapore Grand Prix,36,577,35
hamilton,2.332163578312693,-finish_position,10.0,0.97,2019,15,Singapore Grand Prix,36,577,35
hulkenberg,0.3777340359814228,-finish_position,10.0,0.97,2019,15,Singapore Grand Prix,36,577,35
kevin_magnussen,-0.6666634717838419,-finish_position,10.0,0.97,2019,15,Singapore Grand Prix,36,577,35
kubica,-1.9239624166775469,-finish_position,10.0,0.97,2019,15,Singapore Grand Prix,36,577,35
kvyat,0.13863888208418906,-finish_position,10.0,0.97,2019,15,Singapore Grand Prix,36,577,35
leclerc,1.054339145475749,-finish_position,10.0,0.97,2019,15,Singapore Grand Prix,36,577,35
max_verstappen,1.8932600463096703,-finish_position,10.0,0.97,2019,15,Singapore Grand Prix,36,577,35
norris,0.18038006971924594,-finish_position,10.0,0.97,2019,15,Singapore Grand Prix,36,577,35
ocon,0.04231028478433593,-finish_position,10.0,0.97,2019,15,Singapore Grand Prix,36,577,35
perez,-0.21569333081488432,-finish_position,10.0,0.97,2019,15,Singapore Grand Prix,36,577,35
raikkonen,0.7349591029306026,-finish_position,10.0,0.97,2019,15,Singapore Grand Prix,36,577,35
ricciardo,0.6448735373539874,-finish_position,10.0,0.97,2019,15,Singapore Grand Prix,36,577,35
russell,-1.1856875838475671,-finish_position,10.0,0.97,2019,15,Singapore Grand Prix,36,577,35
sainz,0.7213276370396693,-finish_position,10.0,0.97,2019,15,Singapore Grand Prix,36,577,35
sirotkin,-0.7660006985138088,-finish_position,10.0,0.97,2019,15,Singapore Grand Prix,36,577,35
stroll,-0.675035790925511,-finish_position,10.0,0.97,2019,15,Singapore Grand Prix,36,577,35
vandoorne,-1.352853717435141,-finish_position,10.0,0.97,2019,15,Singapore Grand Prix,36,577,35
vettel,0.9490281100607141,-finish_position,10.0,0.97,2019,15,Singapore Grand Prix,36,577,35
albon,-0.06289616159266717,-finish_position,10.0,0.97,2019,16,Russian Grand Prix,37,594,36
alonso,-0.10083431111725238,-finish_position,10.0,0.97,2019,16,Russian Grand Prix,37,594,36
bottas,1.4711109344383284,-finish_position,10.0,0.97,2019,16,Russian Grand Prix,37,594,36
brendon_hartley,-0.842115013544053,-finish_position,10.0,0.97,2019,16,Russian Grand Prix,37,594,36
ericsson,-0.6253659213708977,-finish_position,10.0,0.97,2019,16,Russian Grand Prix,37,594,36
gasly,-0.2055430146848351,-finish_position,10.0,0.97,2019,16,Russian Grand Prix,37,594,36
giovinazzi,-1.144105461401757,-finish_position,10.0,0.97,2019,16,Russian Grand Prix,37,594,36
grosjean,-0.4342788876321722,-finish_position,10.0,0.97,2019,16,Russian Grand Prix,37,594,36
hamilton,2.315802969455225,-finish_position,10.0,0.97,2019,16,Russian Grand Prix,37,594,36
hulkenberg,0.42763141659106807,-finish_position,10.0,0.97,2019,16,Russian Grand Prix,37,594,36
kevin_magnussen,-0.8011905673418752,-finish_position,10.0,0.97,2019,16,Russian Grand Prix,37,594,36
kubica,-1.9430263129239054,-finish_position,10.0,0.97,2019,16,Russian Grand Prix,37,594,36
kvyat,-0.08241635930233203,-finish_position,10.0,0.97,2019,16,Russian Grand Prix,37,594,36
leclerc,1.1132761827951128,-finish_position,10.0,0.97,2019,16,Russian Grand Prix,37,594,36
max_verstappen,1.914171626989764,-finish_position,10.0,0.97,2019,16,Russian Grand Prix,37,594,36
norris,0.32346457976729054,-finish_position,10.0,0.97,2019,16,Russian Grand Prix,37,594,36
ocon,0.0474469070058636,-finish_position,10.0,0.97,2019,16,Russian Grand Prix,37,594,36
perez,-0.1916079635006764,-finish_position,10.0,0.97,2019,16,Russian Grand Prix,37,594,36
raikkonen,0.676733887865957,-finish_position,10.0,0.97,2019,16,Russian Grand Prix,37,594,36
ricciardo,0.46757630933582756,-finish_position,10.0,0.97,2019,16,Russian Grand Prix,37,594,36
russell,-1.1746097830811786,-finish_position,10.0,0.97,2019,16,Russian Grand Prix,37,594,36
sainz,0.6338529556685871,-finish_position,10.0,0.97,2019,16,Russian Grand Prix,37,594,36
sirotkin,-0.7588714177735736,-finish_position,10.0,0.97,2019,16,Russian Grand Prix,37,594,36
stroll,-0.7187388966833206,-finish_position,10.0,0.97,2019,16,Russian Grand Prix,37,594,36
vandoorne,-1.3127058610023592,-finish_position,10.0,0.97,2019,16,Russian Grand Prix,37,594,36
vettel,1.0072381630398315,-finish_position,10.0,0.97,2019,16,Russian Grand Prix,37,594,36
albon,0.02611864646818418,-finish_position,10.0,0.97,2019,17,Japanese Grand Prix,38,609,37
alonso,-0.13281385612138547,-finish_position,10.0,0.97,2019,17,Japanese Grand Prix,38,609,37
bottas,1.4907276391886477,-finish_position,10.0,0.97,2019,17,Japanese Grand Prix,38,609,37
brendon_hartley,-0.794622257755873,-finish_position,10.0,0.97,2019,17,Japanese Grand Prix,38,609,37
ericsson,-0.6186786678627053,-finish_position,10.0,0.97,2019,17,Japanese Grand Prix,38,609,37
gasly,-0.29661906811153094,-finish_position,10.0,0.97,2019,17,Japanese Grand Prix,38,609,37
giovinazzi,-1.2048081062038114,-finish_position,10.0,0.97,2019,17,Japanese Grand Prix,38,609,37
grosjean,-0.45882180812988665,-finish_position,10.0,0.97,2019,17,Japanese Grand Prix,38,609,37
hamilton,2.3294709384343624,-finish_position,10.0,0.97,2019,17,Japanese Grand Prix,38,609,37
hulkenberg,0.4065080204277891,-finish_position,10.0,0.97,2019,17,Japanese Grand Prix,38,609,37
kevin_magnussen,-0.7439592505401756,-finish_position,10.0,0.97,2019,17,Japanese Grand Prix,38,609,37
kubica,-1.9329331238136909,-finish_position,10.0,0.97,2019,17,Japanese Grand Prix,38,609,37
kvyat,-0.1052974324031878,-finish_position,10.0,0.97,2019,17,Japanese Grand Prix,38,609,37
leclerc,1.1420114975995546,-finish_position,10.0,0.97,2019,17,Japanese Grand Prix,38,609,37
max_verstappen,1.8779168166136382,-finish_position,10.0,0.97,2019,17,Japanese Grand Prix,38,609,37
norris,0.3412010920675218,-finish_position,10.0,0.97,2019,17,Japanese Grand Prix,38,609,37
ocon,0.05610873416109832,-finish_position,10.0,0.97,2019,17,Japanese Grand Prix,38,609,37
perez,-0.10445714350105081,-finish_position,10.0,0.97,2019,17,Japanese Grand Prix,38,609,37
raikkonen,0.6168618741962358,-finish_position,10.0,0.97,2019,17,Japanese Grand Prix,38,609,37
ricciardo,0.452295147524675,-finish_position,10.0,0.97,2019,17,Japanese Grand Prix,38,609,37
russell,-1.1738628821830845,-finish_position,10.0,0.97,2019,17,Japanese Grand Prix,38,609,37
sainz,0.700896652546772,-finish_position,10.0,0.97,2019,17,Japanese Grand Prix,38,609,37
sirotkin,-0.760799105357078,-finish_position,10.0,0.97,2019,17,Japanese Grand Prix,38,609,37
stroll,-0.7607082629742227,-finish_position,10.0,0.97,2019,17,Japanese Grand Prix,38,609,37
vandoorne,-1.333002917514932,-finish_position,10.0,0.97,2019,17,Japanese Grand Prix,38,609,37
vettel,0.9812668232441283,-finish_position,10.0,0.97,2019,17,Japanese Grand Prix,38,609,37
albon,0.09695200480949272,-finish_position,10.0,0.97,2019,18,Mexican Grand Prix,39,626,38
alonso,-0.14830088263648952,-finish_position,10.0,0.97,2019,18,Mexican Grand Prix,39,626,38
bottas,1.5507794917541544,-finish_position,10.0,0.97,2019,18,Mexican Grand Prix,39,626,38
brendon_hartley,-0.8082999770189813,-finish_position,10.0,0.97,2019,18,Mexican Grand Prix,39,626,38
ericsson,-0.6235396248565014,-finish_position,10.0,0.97,2019,18,Mexican Grand Prix,39,626,38
gasly,-0.1962494999446205,-finish_position,10.0,0.97,2019,18,Mexican Grand Prix,39,626,38
giovinazzi,-1.2345560511735965,-finish_position,10.0,0.97,2019,18,Mexican Grand Prix,39,626,38
grosjean,-0.4843306072394343,-finish_position,10.0,0.97,2019,18,Mexican Grand Prix,39,626,38
hamilton,2.291526201459904,-finish_position,10.0,0.97,2019,18,Mexican Grand Prix,39,626,38
hulkenberg,0.4111986071501785,-finish_position,10.0,0.97,2019,18,Mexican Grand Prix,39,626,38
kevin_magnussen,-0.8074961077892839,-finish_position,10.0,0.97,2019,18,Mexican Grand Prix,39,626,38
kubica,-1.969929187222019,-finish_position,10.0,0.97,2019,18,Mexican Grand Prix,39,626,38
kvyat,-0.10802004302345834,-finish_position,10.0,0.97,2019,18,Mexican Grand Prix,39,626,38
leclerc,1.0729138272044383,-finish_position,10.0,0.97,2019,18,Mexican Grand Prix,39,626,38
max_verstappen,1.8415132793490083,-finish_position,10.0,0.97,2019,18,Mexican Grand Prix,39,626,38
norris,0.21945258775244703,-finish_position,10.0,0.97,2019,18,Mexican Grand Prix,39,626,38
ocon,0.058113924525333246,-finish_position,10.0,0.97,2019,18,Mexican Grand Prix,39,626,38
perez,-0.06616274018363723,-finish_position,10.0,0.97,2019,18,Mexican Grand Prix,39,626,38
raikkonen,0.5872487745089972,-finish_position,10.0,0.97,2019,18,Mexican Grand Prix,39,626,38
ricciardo,0.44608500767516496,-finish_position,10.0,0.97,2019,18,Mexican Grand Prix,39,626,38
russell,-1.2138364754867204,-finish_position,10.0,0.97,2019,18,Mexican Grand Prix,39,626,38
sainz,0.8102759340645239,-finish_position,10.0,0.97,2019,18,Mexican Grand Prix,39,626,38
sirotkin,-0.7311759484211052,-finish_position,10.0,0.97,2019,18,Mexican Grand Prix,39,626,38
stroll,-0.7240293548082956,-finish_position,10.0,0.97,2019,18,Mexican Grand Prix,39,626,38
vandoorne,-1.3332242362448563,-finish_position,10.0,0.97,2019,18,Mexican Grand Prix,39,626,38
vettel,1.0630910957953676,-finish_position,10.0,0.97,2019,18,Mexican Grand Prix,39,626,38
albon,0.15186842617921004,-finish_position,10.0,0.97,2019,19,United States Grand Prix,40,644,39
alonso,-0.11312432769647368,-finish_position,10.0,0.97,2019,19,United States Grand Prix,40,644,39
bottas,1.5548216956758671,-finish_position,10.0,0.97,2019,19,United States Grand Prix,40,644,39
brendon_hartley,-0.7972280969700055,-finish_position,10.0,0.97,2019,19,United States Grand Prix,40,644,39
ericsson,-0.611658448840166,-finish_position,10.0,0.97,2019,19,United States Grand Prix,40,644,39
gasly,-0.1333836197015802,-finish_position,10.0,0.97,2019,19,United States Grand Prix,40,644,39
giovinazzi,-1.2715347618567405,-finish_position,10.0,0.97,2019,19,United States Grand Prix,40,644,39
grosjean,-0.6116705983092514,-finish_position,10.0,0.97,2019,19,United States Grand Prix,40,644,39
hamilton,2.325904014403702,-finish_position,10.0,0.97,2019,19,United States Grand Prix,40,644,39
hulkenberg,0.3503346872368407,-finish_position,10.0,0.97,2019,19,United States Grand Prix,40,644,39
kevin_magnussen,-0.8131428702705497,-finish_position,10.0,0.97,2019,19,United States Grand Prix,40,644,39
kubica,-2.042194268007509,-finish_position,10.0,0.97,2019,19,United States Grand Prix,40,644,39
kvyat,-0.12727311499975824,-finish_position,10.0,0.97,2019,19,United States Grand Prix,40,644,39
leclerc,1.078803853848633,-finish_position,10.0,0.97,2019,19,United States Grand Prix,40,644,39
max_verstappen,1.7915679963697801,-finish_position,10.0,0.97,2019,19,United States Grand Prix,40,644,39
norris,0.2599456488335071,-finish_position,10.0,0.97,2019,19,United States Grand Prix,40,644,39
ocon,0.07468849967531506,-finish_position,10.0,0.97,2019,19,United States Grand Prix,40,644,39
perez,0.03668117450355477,-finish_position,10.0,0.97,2019,19,United States Grand Prix,40,644,39
raikkonen,0.587349810209019,-finish_position,10.0,0.97,2019,19,United States Grand Prix,40,644,39
ricciardo,0.4813576794617179,-finish_position,10.0,0.97,2019,19,United States Grand Prix,40,644,39
russell,-1.2458943760128949,-finish_position,10.0,0.97,2019,19,United States Grand Prix,40,644,39
sainz,0.6728503709611741,-finish_position,10.0,0.97,2019,19,United States Grand Prix,40,644,39
sirotkin,-0.7008840726030975,-finish_position,10.0,0.97,2019,19,United States Grand Prix,40,644,39
stroll,-0.757451445931561,-finish_position,10.0,0.97,2019,19,United States Grand Prix,40,644,39
vandoorne,-1.2706046644098787,-finish_position,10.0,0.97,2019,19,United States Grand Prix,40,644,39
vettel,1.1298708082511362,-finish_position,10.0,0.97,2019,19,United States Grand Prix,40,644,39
albon,0.2032085252356532,-finish_position,10.0,0.97,2019,20,Brazilian Grand Prix,41,660,40
alonso,-0.13357503662396925,-finish_position,10.0,0.97,2019,20,Brazilian Grand Prix,41,660,40
bottas,1.603497201349764,-finish_position,10.0,0.97,2019,20,Brazilian Grand Prix,41,660,40
brendon_hartley,-0.7753381480219868,-finish_position,10.0,0.97,2019,20,Brazilian Grand Prix,41,660,40
ericsson,-0.605173455986086,-finish_position,10.0,0.97,2019,20,Brazilian Grand Prix,41,660,40
gasly,-0.12704316935100377,-finish_position,10.0,0.97,2019,20,Brazilian Grand Prix,41,660,40
giovinazzi,-1.3079451288102604,-finish_position,10.0,0.97,2019,20,Brazilian Grand Prix,41,660,40
grosjean,-0.7093345954397828,-finish_position,10.0,0.97,2019,20,Brazilian Grand Prix,41,660,40
hamilton,2.3113485390255404,-finish_position,10.0,0.97,2019,20,Brazilian Grand Prix,41,660,40
hulkenberg,0.30694685873153454,-finish_position,10.0,0.97,2019,20,Brazilian Grand Prix,41,660,40
kevin_magnussen,-0.7722373550139279,-finish_position,10.0,0.97,2019,20,Brazilian Grand Prix,41,660,40
kubica,-2.011411357531895,-finish_position,10.0,0.97,2019,20,Brazilian Grand Prix,41,660,40
kvyat,-0.17325906871852664,-finish_position,10.0,0.97,2019,20,Brazilian Grand Prix,41,660,40
leclerc,1.0875288142262927,-finish_position,10.0,0.97,2019,20,Brazilian Grand Prix,41,660,40
max_verstappen,1.8173421329617583,-finish_position,10.0,0.97,2019,20,Brazilian Grand Prix,41,660,40
norris,0.33524062312820274,-finish_position,10.0,0.97,2019,20,Brazilian Grand Prix,41,660,40
ocon,0.07373054828411094,-finish_position,10.0,0.97,2019,20,Brazilian Grand Prix,41,660,40
perez,0.05495507357922065,-finish_position,10.0,0.97,2019,20,Brazilian Grand Prix,41,660,40
raikkonen,0.5805805720323236,-finish_position,10.0,0.97,2019,20,Brazilian Grand Prix,41,660,40
ricciardo,0.5665195873151386,-finish_position,10.0,0.97,2019,20,Brazilian Grand Prix,41,660,40
russell,-1.3349405289193244,-finish_position,10.0,0.97,2019,20,Brazilian Grand Prix,41,660,40
sainz,0.6452068615701964,-finish_position,10.0,0.97,2019,20,Brazilian Grand Prix,41,660,40
sirotkin,-0.686226852302631,-finish_position,10.0,0.97,2019,20,Brazilian Grand Prix,41,660,40
stroll,-0.7986402888744726,-finish_position,10.0,0.97,2019,20,Brazilian Grand Prix,41,660,40
vandoorne,-1.277154798950512,-finish_position,10.0,0.97,2019,20,Brazilian Grand Prix,41,660,40
vettel,1.1261744471046395,-finish_position,10.0,0.97,2019,20,Brazilian Grand Prix,41,660,40
albon,-0.13004206196800888,-finish_position,10.0,0.97,2019,21,Abu Dhabi Grand Prix,42,676,41
alonso,-0.18001555503596656,-finish_position,10.0,0.97,2019,21,Abu Dhabi Grand Prix,42,676,41
bottas,1.614945938426843,-finish_position,10.0,0.97,2019,21,Abu Dhabi Grand Prix,42,676,41
brendon_hartley,-0.8450722679754857,-finish_position,10.0,0.97,2019,21,Abu Dhabi Grand Prix,42,676,41
ericsson,-0.6109107459141196,-finish_position,10.0,0.97,2019,21,Abu Dhabi Grand Prix,42,676,41
gasly,0.10753780546240063,-finish_position,10.0,0.97,2019,21,Abu Dhabi Grand Prix,42,676,41
giovinazzi,-1.1654662748524849,-finish_position,10.0,0.97,2019,21,Abu Dhabi Grand Prix,42,676,41
grosjean,-0.7648105748984243,-finish_position,10.0,0.97,2019,21,Abu Dhabi Grand Prix,42,676,41
hamilton,2.2041267614890225,-finish_position,10.0,0.97,2019,21,Abu Dhabi Grand Prix,42,676,41
hulkenberg,0.12177522455932256,-finish_position,10.0,0.97,2019,21,Abu Dhabi Grand Prix,42,676,41
kevin_magnussen,-0.7547161597966002,-finish_position,10.0,0.97,2019,21,Abu Dhabi Grand Prix,42,676,41
kubica,-2.052602476356908,-finish_position,10.0,0.97,2019,21,Abu Dhabi Grand Prix,42,676,41
kvyat,-0.26972799000546144,-finish_position,10.0,0.97,2019,21,Abu Dhabi Grand Prix,42,676,41
leclerc,1.0757617586205148,-finish_position,10.0,0.97,2019,21,Abu Dhabi Grand Prix,42,676,41
max_verstappen,2.0358603526730645,-finish_position,10.0,0.97,2019,21,Abu Dhabi Grand Prix,42,676,41
norris,0.3098488535881455,-finish_position,10.0,0.97,2019,21,Abu Dhabi Grand Prix,42,676,41
ocon,0.06192028614969077,-finish_position,10.0,0.97,2019,21,Abu Dhabi Grand Prix,42,676,41
perez,0.05485645963604893,-finish_position,10.0,0.97,2019,21,Abu Dhabi Grand Prix,42,676,41
raikkonen,0.6511858575295295,-finish_position,10.0,0.97,2019,21,Abu Dhabi Grand Prix,42,676,41
ricciardo,0.7262003706616058,-finish_position,10.0,0.97,2019,21,Abu Dhabi Grand Prix,42,676,41
russell,-1.2451439223659695,-finish_position,10.0,0.97,2019,21,Abu Dhabi Grand Prix,42,676,41
sainz,0.7771279147881431,-finish_position,10.0,0.97,2019,21,Abu Dhabi Grand Prix,42,676,41
sirotkin,-0.700875638718925,-finish_position,10.0,0.97,2019,21,Abu Dhabi Grand Prix,42,676,41
stroll,-0.8331610670606743,-finish_position,10.0,0.97,2019,21,Abu Dhabi Grand Prix,42,676,41
vandoorne,-1.316191212571151,-finish_position,10.0,0.97,2019,21,Abu Dhabi Grand Prix,42,676,41
vettel,1.1275883639358455,-finish_position,10.0,0.97,2019,21,Abu Dhabi Grand Prix,42,676,41
albon,-0.08588911644766824,-finish_position,10.0,0.97,2020,1,Austrian Grand Prix,43,695,42
alonso,-0.16554340803062004,-finish_position,10.0,0.97,2020,1,Austrian Grand Prix,43,695,42
bottas,1.6004523392961976,-finish_position,10.0,0.97,2020,1,Austrian Grand Prix,43,695,42
brendon_hartley,-0.7867665612852932,-finish_position,10.0,0.97,2020,1,Austrian Grand Prix,43,695,42
ericsson,-0.5891726384580405,-finish_position,10.0,0.97,2020,1,Austrian Grand Prix,43,695,42
gasly,-0.11068818361900615,-finish_position,10.0,0.97,2020,1,Austrian Grand Prix,43,695,42
giovinazzi,-1.2302261719189236,-finish_position,10.0,0.97,2020,1,Austrian Grand Prix,43,695,42
grosjean,-0.8169872113839995,-finish_position,10.0,0.97,2020,1,Austrian Grand Prix,43,695,42
hamilton,2.256257289162289,-finish_position,10.0,0.97,2020,1,Austrian Grand Prix,43,695,42
hulkenberg,0.07670384603495554,-finish_position,10.0,0.97,2020,1,Austrian Grand Prix,43,695,42
kevin_magnussen,-0.7587301185720542,-finish_position,10.0,0.97,2020,1,Austrian Grand Prix,43,695,42
kubica,-2.1355992222272158,-finish_position,10.0,0.97,2020,1,Austrian Grand Prix,43,695,42
kvyat,-0.13224895793170427,-finish_position,10.0,0.97,2020,1,Austrian Grand Prix,43,695,42
leclerc,1.1281942200192894,-finish_position,10.0,0.97,2020,1,Austrian Grand Prix,43,695,42
max_verstappen,2.0595745966457892,-finish_position,10.0,0.97,2020,1,Austrian Grand Prix,43,695,42
norris,0.36983578055567035,-finish_position,10.0,0.97,2020,1,Austrian Grand Prix,43,695,42
ocon,0.07881592711307288,-finish_position,10.0,0.97,2020,1,Austrian Grand Prix,43,695,42
perez,0.14439066502319237,-finish_position,10.0,0.97,2020,1,Austrian Grand Prix,43,695,42
raikkonen,0.6217704176552377,-finish_position,10.0,0.97,2020,1,Austrian Grand Prix,43,695,42
ricciardo,0.6605922661690409,-finish_position,10.0,0.97,2020,1,Austrian Grand Prix,43,695,42
russell,-1.2886287801986205,-finish_position,10.0,0.97,2020,1,Austrian Grand Prix,43,695,42
sainz,0.7509420225179343,-finish_position,10.0,0.97,2020,1,Austrian Grand Prix,43,695,42
sirotkin,-0.654986117276144,-finish_position,10.0,0.97,2020,1,Austrian Grand Prix,43,695,42
stroll,-0.8214799421758185,-finish_position,10.0,0.97,2020,1,Austrian Grand Prix,43,695,42
vandoorne,-1.279488408931766,-finish_position,10.0,0.97,2020,1,Austrian Grand Prix,43,695,42
vettel,1.1089054682641921,-finish_position,10.0,0.97,2020,1,Austrian Grand Prix,43,695,42
albon,-0.08726213804970433,-finish_position,10.0,0.97,2020,2,Styrian Grand Prix,44,706,43
alonso,-0.22314560433623115,-finish_position,10.0,0.97,2020,2,Styrian Grand Prix,44,706,43
bottas,1.6429702653329854,-finish_position,10.0,0.97,2020,2,Styrian Grand Prix,44,706,43
brendon_hartley,-0.7729109670635894,-finish_position,10.0,0.97,2020,2,Styrian Grand Prix,44,706,43
ericsson,-0.5913963656131858,-finish_position,10.0,0.97,2020,2,Styrian Grand Prix,44,706,43
gasly,-0.040041726932515814,-finish_position,10.0,0.97,2020,2,Styrian Grand Prix,44,706,43
giovinazzi,-1.1453270502689206,-finish_position,10.0,0.97,2020,2,Styrian Grand Prix,44,706,43
grosjean,-0.8341508583479689,-finish_position,10.0,0.97,2020,2,Styrian Grand Prix,44,706,43
hamilton,2.180892527314362,-finish_position,10.0,0.97,2020,2,Styrian Grand Prix,44,706,43
hulkenberg,0.02204838434353762,-finish_position,10.0,0.97,2020,2,Styrian Grand Prix,44,706,43
kevin_magnussen,-0.7791985409754187,-finish_position,10.0,0.97,2020,2,Styrian Grand Prix,44,706,43
kubica,-2.1734082207890792,-finish_position,10.0,0.97,2020,2,Styrian Grand Prix,44,706,43
kvyat,-0.13270215941984692,-finish_position,10.0,0.97,2020,2,Styrian Grand Prix,44,706,43
latifi,0.1885968250078845,-finish_position,10.0,0.97,2020,2,Styrian Grand Prix,44,706,43
leclerc,1.1928025577023966,-finish_position,10.0,0.97,2020,2,Styrian Grand Prix,44,706,43
max_verstappen,2.035983193269395,-finish_position,10.0,0.97,2020,2,Styrian Grand Prix,44,706,43
norris,0.5299450162071992,-finish_position,10.0,0.97,2020,2,Styrian Grand Prix,44,706,43
ocon,0.17717853099413144,-finish_position,10.0,0.97,2020,2,Styrian Grand Prix,44,706,43
perez,0.20447445399750905,-finish_position,10.0,0.97,2020,2,Styrian Grand Prix,44,706,43
raikkonen,0.5656555571571642,-finish_position,10.0,0.97,2020,2,Styrian Grand Prix,44,706,43
ricciardo,0.616134183895846,-finish_position,10.0,0.97,2020,2,Styrian Grand Prix,44,706,43
russell,-1.337608217590767,-finish_position,10.0,0.97,2020,2,Styrian Grand Prix,44,706,43
sainz,0.756984247077468,-finish_position,10.0,0.97,2020,2,Styrian Grand Prix,44,706,43
sirotkin,-0.6904524413994096,-finish_position,10.0,0.97,2020,2,Styrian Grand Prix,44,706,43
stroll,-0.8960230882135739,-finish_position,10.0,0.97,2020,2,Styrian Grand Prix,44,706,43
vandoorne,-1.332973819516368,-finish_position,10.0,0.97,2020,2,Styrian Grand Prix,44,706,43
vettel,0.9229354562166888,-finish_position,10.0,0.97,2020,2,Styrian Grand Prix,44,706,43
albon,-0.025778974719015073,-finish_position,10.0,0.97,2020,3,Hungarian Grand Prix,45,723,44
alonso,-0.22906043601920328,-finish_position,10.0,0.97,2020,3,Hungarian Grand Prix,45,723,44
bottas,1.6679734838010942,-finish_position,10.0,0.97,2020,3,Hungarian Grand Prix,45,723,44
brendon_hartley,-0.7761100001229297,-finish_position,10.0,0.97,2020,3,Hungarian Grand Prix,45,723,44
ericsson,-0.5775509697644817,-finish_position,10.0,0.97,2020,3,Hungarian Grand Prix,45,723,44
gasly,-0.23504110896316016,-finish_position,10.0,0.97,2020,3,Hungarian Grand Prix,45,723,44
giovinazzi,-1.1760242855645913,-finish_position,10.0,0.97,2020,3,Hungarian Grand Prix,45,723,44
grosjean,-0.8509031416297398,-finish_position,10.0,0.97,2020,3,Hungarian Grand Prix,45,723,44
hamilton,2.211735100261757,-finish_position,10.0,0.97,2020,3,Hungarian Grand Prix,45,723,44
hulkenberg,0.0016260131191780348,-finish_position,10.0,0.97,2020,3,Hungarian Grand Prix,45,723,44
kevin_magnussen,-0.7606798873693229,-finish_position,10.0,0.97,2020,3,Hungarian Grand Prix,45,723,44
kubica,-2.0701215456015705,-finish_position,10.0,0.97,2020,3,Hungarian Grand Prix,45,723,44
kvyat,-0.17114589925301935,-finish_position,10.0,0.97,2020,3,Hungarian Grand Prix,45,723,44
latifi,-0.12365367691074665,-finish_position,10.0,0.97,2020,3,Hungarian Grand Prix,45,723,44
leclerc,1.1991490192708811,-finish_position,10.0,0.97,2020,3,Hungarian Grand Prix,45,723,44
max_verstappen,2.0095761758720645,-finish_position,10.0,0.97,2020,3,Hungarian Grand Prix,45,723,44
norris,0.6626196844077973,-finish_position,10.0,0.97,2020,3,Hungarian Grand Prix,45,723,44
ocon,0.18196639234501072,-finish_position,10.0,0.97,2020,3,Hungarian Grand Prix,45,723,44
perez,0.2618881992414493,-finish_position,10.0,0.97,2020,3,Hungarian Grand Prix,45,723,44
raikkonen,0.5708278668298387,-finish_position,10.0,0.97,2020,3,Hungarian Grand Prix,45,723,44
ricciardo,0.6223253832179442,-finish_position,10.0,0.97,2020,3,Hungarian Grand Prix,45,723,44
russell,-1.3055636412692673,-finish_position,10.0,0.97,2020,3,Hungarian Grand Prix,45,723,44
sainz,0.708997070767464,-finish_position,10.0,0.97,2020,3,Hungarian Grand Prix,45,723,44
sirotkin,-0.6246238251334053,-finish_position,10.0,0.97,2020,3,Hungarian Grand Prix,45,723,44
stroll,-0.7893915020467587,-finish_position,10.0,0.97,2020,3,Hungarian Grand Prix,45,723,44
vandoorne,-1.3220422961509146,-finish_position,10.0,0.97,2020,3,Hungarian Grand Prix,45,723,44
vettel,0.9390068013836321,-finish_position,10.0,0.97,2020,3,Hungarian Grand Prix,45,723,44
albon,0.030499738142640065,-finish_position,10.0,0.97,2020,4,British Grand Prix,46,742,45
alonso,-0.190646417467018,-finish_position,10.0,0.97,2020,4,British Grand Prix,46,742,45
bottas,1.680812922845444,-finish_position,10.0,0.97,2020,4,British Grand Prix,46,742,45
brendon_hartley,-0.7598595238375903,-finish_position,10.0,0.97,2020,4,British Grand Prix,46,742,45
ericsson,-0.5728227498051716,-finish_position,10.0,0.97,2020,4,British Grand Prix,46,742,45
gasly,-0.21919493000553544,-finish_position,10.0,0.97,2020,4,British Grand Prix,46,742,45
giovinazzi,-1.2178286800392137,-finish_position,10.0,0.97,2020,4,British Grand Prix,46,742,45
grosjean,-0.9516721108031686,-finish_position,10.0,0.97,2020,4,British Grand Prix,46,742,45
hamilton,2.2611915548169486,-finish_position,10.0,0.97,2020,4,British Grand Prix,46,742,45
hulkenberg,0.08351999124521742,-finish_position,10.0,0.97,2020,4,British Grand Prix,46,742,45
kevin_magnussen,-0.6550777516434142,-finish_position,10.0,0.97,2020,4,British Grand Prix,46,742,45
kubica,-1.9271214595307653,-finish_position,10.0,0.97,2020,4,British Grand Prix,46,742,45
kvyat,-0.24227238579452065,-finish_position,10.0,0.97,2020,4,British Grand Prix,46,742,45
latifi,-0.49911819681136504,-finish_position,10.0,0.97,2020,4,British Grand Prix,46,742,45
leclerc,1.0442647674795453,-finish_position,10.0,0.97,2020,4,British Grand Prix,46,742,45
max_verstappen,2.066462096919915,-finish_position,10.0,0.97,2020,4,British Grand Prix,46,742,45
norris,0.5247583245440135,-finish_position,10.0,0.97,2020,4,British Grand Prix,46,742,45
ocon,-0.07025574445278476,-finish_position,10.0,0.97,2020,4,British Grand Prix,46,742,45
perez,0.2610637092350243,-finish_position,10.0,0.97,2020,4,British Grand Prix,46,742,45
raikkonen,0.5519211540415859,-finish_position,10.0,0.97,2020,4,British Grand Prix,46,742,45
ricciardo,0.7150295198810789,-finish_position,10.0,0.97,2020,4,British Grand Prix,46,742,45
russell,-1.3030103561582531,-finish_position,10.0,0.97,2020,4,British Grand Prix,46,742,45
sainz,0.7632053232196153,-finish_position,10.0,0.97,2020,4,British Grand Prix,46,742,45
sirotkin,-0.5311930324027596,-finish_position,10.0,0.97,2020,4,British Grand Prix,46,742,45
stroll,-0.5888707561055876,-finish_position,10.0,0.97,2020,4,British Grand Prix,46,742,45
vandoorne,-1.2553305763497566,-finish_position,10.0,0.97,2020,4,British Grand Prix,46,742,45
vettel,1.0015455688358683,-finish_position,10.0,0.97,2020,4,British Grand Prix,46,742,45
albon,-0.010760044013260637,-finish_position,10.0,0.97,2020,5,70th Anniversary Grand Prix,47,759,46
alonso,-0.18658081976841145,-finish_position,10.0,0.97,2020,5,70th Anniversary Grand Prix,47,759,46
bottas,1.5010631603587523,-finish_position,10.0,0.97,2020,5,70th Anniversary Grand Prix,47,759,46
brendon_hartley,-0.7410976942832082,-finish_position,10.0,0.97,2020,5,70th Anniversary Grand Prix,47,759,46
ericsson,-0.5611647616191178,-finish_position,10.0,0.97,2020,5,70th Anniversary Grand Prix,47,759,46
gasly,-0.12462967955228542,-finish_position,10.0,0.97,2020,5,70th Anniversary Grand Prix,47,759,46
giovinazzi,-1.1756828782063093,-finish_position,10.0,0.97,2020,5,70th Anniversary Grand Prix,47,759,46
grosjean,-1.0511574223155857,-finish_position,10.0,0.97,2020,5,70th Anniversary Grand Prix,47,759,46
hamilton,2.357234163310885,-finish_position,10.0,0.97,2020,5,70th Anniversary Grand Prix,47,759,46
hulkenberg,-0.058220923862253075,-finish_position,10.0,0.97,2020,5,70th Anniversary Grand Prix,47,759,46
kevin_magnussen,-0.6145243288185464,-finish_position,10.0,0.97,2020,5,70th Anniversary Grand Prix,47,759,46
kubica,-1.9143917764306781,-finish_position,10.0,0.97,2020,5,70th Anniversary Grand Prix,47,759,46
kvyat,-0.24912938010432586,-finish_position,10.0,0.97,2020,5,70th Anniversary Grand Prix,47,759,46
latifi,-0.5674904331718628,-finish_position,10.0,0.97,2020,5,70th Anniversary Grand Prix,47,759,46
leclerc,1.1026775270608797,-finish_position,10.0,0.97,2020,5,70th Anniversary Grand Prix,47,759,46
max_verstappen,2.151596195736075,-finish_position,10.0,0.97,2020,5,70th Anniversary Grand Prix,47,759,46
norris,0.671503390959389,-finish_position,10.0,0.97,2020,5,70th Anniversary Grand Prix,47,759,46
ocon,0.1177571147716961,-finish_position,10.0,0.97,2020,5,70th Anniversary Grand Prix,47,759,46
perez,0.25260351775903034,-finish_position,10.0,0.97,2020,5,70th Anniversary Grand Prix,47,759,46
raikkonen,0.41827672694653223,-finish_position,10.0,0.97,2020,5,70th Anniversary Grand Prix,47,759,46
ricciardo,0.7897234894624712,-finish_position,10.0,0.97,2020,5,70th Anniversary Grand Prix,47,759,46
russell,-1.1938877636911682,-finish_position,10.0,0.97,2020,5,70th Anniversary Grand Prix,47,759,46
sainz,0.569040332219003,-finish_position,10.0,0.97,2020,5,70th Anniversary Grand Prix,47,759,46
sirotkin,-0.5309628498434215,-finish_position,10.0,0.97,2020,5,70th Anniversary Grand Prix,47,759,46
stroll,-0.5618333419471773,-finish_position,10.0,0.97,2020,5,70th Anniversary Grand Prix,47,759,46
vandoorne,-1.2323657968382398,-finish_position,10.0,0.97,2020,5,70th Anniversary Grand Prix,47,759,46
vettel,0.8424042758811263,-finish_position,10.0,0.97,2020,5,70th Anniversary Grand Prix,47,759,46
albon,0.02296217115410465,-finish_position,10.0,0.97,2020,6,Spanish Grand Prix,48,778,47
alonso,-0.15309999314835843,-finish_position,10.0,0.97,2020,6,Spanish Grand Prix,48,778,47
bottas,1.524109605623348,-finish_position,10.0,0.97,2020,6,Spanish Grand Prix,48,778,47
brendon_hartley,-0.7243217525848604,-finish_position,10.0,0.97,2020,6,Spanish Grand Prix,48,778,47
ericsson,-0.537936294359337,-finish_position,10.0,0.97,2020,6,Spanish Grand Prix,48,778,47
gasly,-0.15974672111419758,-finish_position,10.0,0.97,2020,6,Spanish Grand Prix,48,778,47
giovinazzi,-1.2227497005729937,-finish_position,10.0,0.97,2020,6,Spanish Grand Prix,48,778,47
grosjean,-1.1278859468768445,-finish_position,10.0,0.97,2020,6,Spanish Grand Prix,48,778,47
hamilton,2.375898365331921,-finish_position,10.0,0.97,2020,6,Spanish Grand Prix,48,778,47
hulkenberg,0.08377116558745419,-finish_position,10.0,0.97,2020,6,Spanish Grand Prix,48,778,47
kevin_magnussen,-0.5603421213462032,-finish_position,10.0,0.97,2020,6,Spanish Grand Prix,48,778,47
kubica,-1.8075116138205092,-finish_position,10.0,0.97,2020,6,Spanish Grand Prix,48,778,47
kvyat,-0.23787120387217903,-finish_position,10.0,0.97,2020,6,Spanish Grand Prix,48,778,47
latifi,-0.8406119595202409,-finish_position,10.0,0.97,2020,6,Spanish Grand Prix,48,778,47
leclerc,1.1712609187006786,-finish_position,10.0,0.97,2020,6,Spanish Grand Prix,48,778,47
max_verstappen,2.1963405430121195,-finish_position,10.0,0.97,2020,6,Spanish Grand Prix,48,778,47
norris,0.704852538942345,-finish_position,10.0,0.97,2020,6,Spanish Grand Prix,48,778,47
ocon,0.2171292213869384,-finish_position,10.0,0.97,2020,6,Spanish Grand Prix,48,778,47
perez,0.19140863556350654,-finish_position,10.0,0.97,2020,6,Spanish Grand Prix,48,778,47
raikkonen,0.3877897211318459,-finish_position,10.0,0.97,2020,6,Spanish Grand Prix,48,778,47
ricciardo,0.6301987147474039,-finish_position,10.0,0.97,2020,6,Spanish Grand Prix,48,778,47
russell,-1.2170474405160336,-finish_position,10.0,0.97,2020,6,Spanish Grand Prix,48,778,47
sainz,0.4961067508885017,-finish_position,10.0,0.97,2020,6,Spanish Grand Prix,48,778,47
sirotkin,-0.46426424790663195,-finish_position,10.0,0.97,2020,6,Spanish Grand Prix,48,778,47
stroll,-0.46027489224524165,-finish_position,10.0,0.97,2020,6,Spanish Grand Prix,48,778,47
vandoorne,-1.17176482743818,-finish_position,10.0,0.97,2020,6,Spanish Grand Prix,48,778,47
vettel,0.6836003632516502,-finish_position,10.0,0.97,2020,6,Spanish Grand Prix,48,778,47
albon,-0.022171041934397673,-finish_position,10.0,0.97,2020,7,Belgian Grand Prix,49,797,48
alonso,-0.15097044921275748,-finish_position,10.0,0.97,2020,7,Belgian Grand Prix,49,797,48
bottas,1.5349257011072739,-finish_position,10.0,0.97,2020,7,Belgian Grand Prix,49,797,48
brendon_hartley,-0.7127203311146008,-finish_position,10.0,0.97,2020,7,Belgian Grand Prix,49,797,48
ericsson,-0.5224364830598968,-finish_position,10.0,0.97,2020,7,Belgian Grand Prix,49,797,48
gasly,-0.11665465078466265,-finish_position,10.0,0.97,2020,7,Belgian Grand Prix,49,797,48
giovinazzi,-1.2579374941594181,-finish_position,10.0,0.97,2020,7,Belgian Grand Prix,49,797,48
grosjean,-1.2448424663275584,-finish_position,10.0,0.97,2020,7,Belgian Grand Prix,49,797,48
hamilton,2.410584168810381,-finish_position,10.0,0.97,2020,7,Belgian Grand Prix,49,797,48
hulkenberg,0.15344563909946526,-finish_position,10.0,0.97,2020,7,Belgian Grand Prix,49,797,48
kevin_magnussen,-0.5619089845638232,-finish_position,10.0,0.97,2020,7,Belgian Grand Prix,49,797,48
kubica,-1.7268429402721928,-finish_position,10.0,0.97,2020,7,Belgian Grand Prix,49,797,48
kvyat,-0.30912400997698813,-finish_position,10.0,0.97,2020,7,Belgian Grand Prix,49,797,48
latifi,-1.0116187229936295,-finish_position,10.0,0.97,2020,7,Belgian Grand Prix,49,797,48
leclerc,1.1867960598757523,-finish_position,10.0,0.97,2020,7,Belgian Grand Prix,49,797,48
max_verstappen,2.270025645855035,-finish_position,10.0,0.97,2020,7,Belgian Grand Prix,49,797,48
norris,0.6410242407623814,-finish_position,10.0,0.97,2020,7,Belgian Grand Prix,49,797,48
ocon,0.06704620812012457,-finish_position,10.0,0.97,2020,7,Belgian Grand Prix,49,797,48
perez,0.2440510836520349,-finish_position,10.0,0.97,2020,7,Belgian Grand Prix,49,797,48
raikkonen,0.3597036167821832,-finish_position,10.0,0.97,2020,7,Belgian Grand Prix,49,797,48
ricciardo,0.6281587872329584,-finish_position,10.0,0.97,2020,7,Belgian Grand Prix,49,797,48
russell,-1.2205222821048647,-finish_position,10.0,0.97,2020,7,Belgian Grand Prix,49,797,48
sainz,0.6014771784849269,-finish_position,10.0,0.97,2020,7,Belgian Grand Prix,49,797,48
sirotkin,-0.4167009200089735,-finish_position,10.0,0.97,2020,7,Belgian Grand Prix,49,797,48
stroll,-0.3307927718765583,-finish_position,10.0,0.97,2020,7,Belgian Grand Prix,49,797,48
vandoorne,-1.1510001136016426,-finish_position,10.0,0.97,2020,7,Belgian Grand Prix,49,797,48
vettel,0.6590053322094422,-finish_position,10.0,0.97,2020,7,Belgian Grand Prix,49,797,48
albon,0.003319508581949141,-finish_position,10.0,0.97,2020,8,Italian Grand Prix,50,814,49
alonso,-0.15810480017736125,-finish_position,10.0,0.97,2020,8,Italian Grand Prix,50,814,49
bottas,1.5583846176806115,-finish_position,10.0,0.97,2020,8,Italian Grand Prix,50,814,49
brendon_hartley,-0.6959643204141794,-finish_position,10.0,0.97,2020,8,Italian Grand Prix,50,814,49
ericsson,-0.530195988620108,-finish_position,10.0,0.97,2020,8,Italian Grand Prix,50,814,49
gasly,-0.058011252132083115,-finish_position,10.0,0.97,2020,8,Italian Grand Prix,50,814,49
giovinazzi,-1.2275866029105165,-finish_position,10.0,0.97,2020,8,Italian Grand Prix,50,814,49
grosjean,-1.2461803390858541,-finish_position,10.0,0.97,2020,8,Italian Grand Prix,50,814,49
hamilton,2.4274054457105176,-finish_position,10.0,0.97,2020,8,Italian Grand Prix,50,814,49
hulkenberg,0.04485808031156488,-finish_position,10.0,0.97,2020,8,Italian Grand Prix,50,814,49
kevin_magnussen,-0.6557044849765701,-finish_position,10.0,0.97,2020,8,Italian Grand Prix,50,814,49
kubica,-1.6955806097790949,-finish_position,10.0,0.97,2020,8,Italian Grand Prix,50,814,49
kvyat,-0.34485729916101604,-finish_position,10.0,0.97,2020,8,Italian Grand Prix,50,814,49
latifi,-1.064735140535802,-finish_position,10.0,0.97,2020,8,Italian Grand Prix,50,814,49
leclerc,0.9952187587209901,-finish_position,10.0,0.97,2020,8,Italian Grand Prix,50,814,49
max_verstappen,2.2960533902445452,-finish_position,10.0,0.97,2020,8,Italian Grand Prix,50,814,49
norris,0.6769702301298579,-finish_position,10.0,0.97,2020,8,Italian Grand Prix,50,814,49
ocon,0.2558477339184994,-finish_position,10.0,0.97,2020,8,Italian Grand Prix,50,814,49
perez,0.22733662816702693,-finish_position,10.0,0.97,2020,8,Italian Grand Prix,50,814,49
raikkonen,0.3924581659862726,-finish_position,10.0,0.97,2020,8,Italian Grand Prix,50,814,49
ricciardo,0.7052023626272005,-finish_position,10.0,0.97,2020,8,Italian Grand Prix,50,814,49
russell,-1.1986745926190714,-finish_position,10.0,0.97,2020,8,Italian Grand Prix,50,814,49
sainz,0.5422553225775248,-finish_position,10.0,0.97,2020,8,Italian Grand Prix,50,814,49
sirotkin,-0.4041998320514003,-finish_position,10.0,0.97,2020,8,Italian Grand Prix,50,814,49
stroll,-0.2986706785798237,-finish_position,10.0,0.97,2020,8,Italian Grand Prix,50,814,49
vandoorne,-1.1424205166040111,-finish_position,10.0,0.97,2020,8,Italian Grand Prix,50,814,49
vettel,0.5955762129903387,-finish_position,10.0,0.97,2020,8,Italian Grand Prix,50,814,49
albon,-0.22019992363860572,-finish_position,10.0,0.97,2020,9,Tuscan Grand Prix,51,830,50
alonso,-0.2085883945907742,-finish_position,10.0,0.97,2020,9,Tuscan Grand Prix,51,830,50
bottas,1.545031367503567,-finish_position,10.0,0.97,2020,9,Tuscan Grand Prix,51,830,50
brendon_hartley,-0.6846085857542611,-finish_position,10.0,0.97,2020,9,Tuscan Grand Prix,51,830,50
ericsson,-0.537270946598274,-finish_position,10.0,0.97,2020,9,Tuscan Grand Prix,51,830,50
gasly,0.15422925077448893,-finish_position,10.0,0.97,2020,9,Tuscan Grand Prix,51,830,50
giovinazzi,-1.3065043978690354,-finish_position,10.0,0.97,2020,9,Tuscan Grand Prix,51,830,50
grosjean,-1.2427852846053546,-finish_position,10.0,0.97,2020,9,Tuscan Grand Prix,51,830,50
hamilton,2.3296955946634728,-finish_position,10.0,0.97,2020,9,Tuscan Grand Prix,51,830,50
hulkenberg,-0.0017748460927808265,-finish_position,10.0,0.97,2020,9,Tuscan Grand Prix,51,830,50
kevin_magnussen,-0.6792435957754169,-finish_position,10.0,0.97,2020,9,Tuscan Grand Prix,51,830,50
kubica,-1.7178668860996649,-finish_position,10.0,0.97,2020,9,Tuscan Grand Prix,51,830,50
kvyat,-0.3940840584920919,-finish_position,10.0,0.97,2020,9,Tuscan Grand Prix,51,830,50
latifi,-0.8674342891589845,-finish_position,10.0,0.97,2020,9,Tuscan Grand Prix,51,830,50
leclerc,0.9717234127049748,-finish_position,10.0,0.97,2020,9,Tuscan Grand Prix,51,830,50
max_verstappen,2.3933980098943097,-finish_position,10.0,0.97,2020,9,Tuscan Grand Prix,51,830,50
norris,0.7255571738283705,-finish_position,10.0,0.97,2020,9,Tuscan Grand Prix,51,830,50
ocon,0.281960129624908,-finish_position,10.0,0.97,2020,9,Tuscan Grand Prix,51,830,50
perez,0.11505707182323224,-finish_position,10.0,0.97,2020,9,Tuscan Grand Prix,51,830,50
raikkonen,0.35109393490174406,-finish_position,10.0,0.97,2020,9,Tuscan Grand Prix,51,830,50
ricciardo,0.782115629918272,-finish_position,10.0,0.97,2020,9,Tuscan Grand Prix,51,830,50
russell,-1.206491440700661,-finish_position,10.0,0.97,2020,9,Tuscan Grand Prix,51,830,50
sainz,0.6338504934154418,-finish_position,10.0,0.97,2020,9,Tuscan Grand Prix,51,830,50
sirotkin,-0.4291728218683266,-finish_position,10.0,0.97,2020,9,Tuscan Grand Prix,51,830,50
stroll,-0.18161908057437984,-finish_position,10.0,0.97,2020,9,Tuscan Grand Prix,51,830,50
vandoorne,-1.1891043827213406,-finish_position,10.0,0.97,2020,9,Tuscan Grand Prix,51,830,50
vettel,0.5830368654871616,-finish_position,10.0,0.97,2020,9,Tuscan Grand Prix,51,830,50
albon,-0.11129543097207,-finish_position,10.0,0.97,2020,10,Russian Grand Prix,52,842,51
alonso,-0.21909856795184693,-finish_position,10.0,0.97,2020,10,Russian Grand Prix,52,842,51
bottas,1.549324367134893,-finish_position,10.0,0.97,2020,10,Russian Grand Prix,52,842,51
brendon_hartley,-0.6681341858610363,-finish_position,10.0,0.97,2020,10,Russian Grand Prix,52,842,51
ericsson,-0.5437757638227267,-finish_position,10.0,0.97,2020,10,Russian Grand Prix,52,842,51
gasly,0.12073414797004714,-finish_position,10.0,0.97,2020,10,Russian Grand Prix,52,842,51
giovinazzi,-1.3388275560169611,-finish_position,10.0,0.97,2020,10,Russian Grand Prix,52,842,51
grosjean,-1.2368895856133628,-finish_position,10.0,0.97,2020,10,Russian Grand Prix,52,842,51
hamilton,2.330482695031337,-finish_position,10.0,0.97,2020,10,Russian Grand Prix,52,842,51
hulkenberg,-0.06177768432087333,-finish_position,10.0,0.97,2020,10,Russian Grand Prix,52,842,51
kevin_magnussen,-0.6974197507975045,-finish_position,10.0,0.97,2020,10,Russian Grand Prix,52,842,51
kubica,-1.7351934819840378,-finish_position,10.0,0.97,2020,10,Russian Grand Prix,52,842,51
kvyat,-0.31735512971270086,-finish_position,10.0,0.97,2020,10,Russian Grand Prix,52,842,51
latifi,-0.8859526755579697,-finish_position,10.0,0.97,2020,10,Russian Grand Prix,52,842,51
leclerc,0.9148625812710092,-finish_position,10.0,0.97,2020,10,Russian Grand Prix,52,842,51
max_verstappen,2.3288640202146493,-finish_position,10.0,0.97,2020,10,Russian Grand Prix,52,842,51
norris,0.7715637439431756,-finish_position,10.0,0.97,2020,10,Russian Grand Prix,52,842,51
ocon,0.24396191728500957,-finish_position,10.0,0.97,2020,10,Russian Grand Prix,52,842,51
perez,0.18251551788935383,-finish_position,10.0,0.97,2020,10,Russian Grand Prix,52,842,51
raikkonen,0.39441959014413785,-finish_position,10.0,0.97,2020,10,Russian Grand Prix,52,842,51
ricciardo,0.8706516137744924,-finish_position,10.0,0.97,2020,10,Russian Grand Prix,52,842,51
russell,-1.1045650055146277,-finish_position,10.0,0.97,2020,10,Russian Grand Prix,52,842,51
sainz,0.5818893418443889,-finish_position,10.0,0.97,2020,10,Russian Grand Prix,52,842,51
sirotkin,-0.45027688033678337,-finish_position,10.0,0.97,2020,10,Russian Grand Prix,52,842,51
stroll,-0.24498338953349497,-finish_position,10.0,0.97,2020,10,Russian Grand Prix,52,842,51
vandoorne,-1.1852021475947243,-finish_position,10.0,0.97,2020,10,Russian Grand Prix,52,842,51
vettel,0.5114776990882319,-finish_position,10.0,0.97,2020,10,Russian Grand Prix,52,842,51
albon,-0.19695713659927816,-finish_position,10.0,0.97,2020,11,Eifel Grand Prix,53,860,52
alonso,-0.1933618406540263,-finish_position,10.0,0.97,2020,11,Eifel Grand Prix,53,860,52
bottas,1.607734352774205,-finish_position,10.0,0.97,2020,11,Eifel Grand Prix,53,860,52
brendon_hartley,-0.6544056974469273,-finish_position,10.0,0.97,2020,11,Eifel Grand Prix,53,860,52
ericsson,-0.531637058380288,-finish_position,10.0,0.97,2020,11,Eifel Grand Prix,53,860,52
gasly,0.11979475403359492,-finish_position,10.0,0.97,2020,11,Eifel Grand Prix,53,860,52
giovinazzi,-1.2406385712323316,-finish_position,10.0,0.97,2020,11,Eifel Grand Prix,53,860,52
grosjean,-1.3281168769875147,-finish_position,10.0,0.97,2020,11,Eifel Grand Prix,53,860,52
hamilton,2.3041687499974572,-finish_position,10.0,0.97,2020,11,Eifel Grand Prix,53,860,52
hulkenberg,-0.10983830553272567,-finish_position,10.0,0.97,2020,11,Eifel Grand Prix,53,860,52
kevin_magnussen,-0.650533952754944,-finish_position,10.0,0.97,2020,11,Eifel Grand Prix,53,860,52
kubica,-1.6876128639037455,-finish_position,10.0,0.97,2020,11,Eifel Grand Prix,53,860,52
kvyat,-0.2713364337153549,-finish_position,10.0,0.97,2020,11,Eifel Grand Prix,53,860,52
latifi,-0.9390138593942984,-finish_position,10.0,0.97,2020,11,Eifel Grand Prix,53,860,52
leclerc,0.9420576574946374,-finish_position,10.0,0.97,2020,11,Eifel Grand Prix,53,860,52
max_verstappen,2.4139289948412,-finish_position,10.0,0.97,2020,11,Eifel Grand Prix,53,860,52
norris,0.5688901039238793,-finish_position,10.0,0.97,2020,11,Eifel Grand Prix,53,860,52
ocon,0.32697587892296254,-finish_position,10.0,0.97,2020,11,Eifel Grand Prix,53,860,52
perez,0.3019606672547911,-finish_position,10.0,0.97,2020,11,Eifel Grand Prix,53,860,52
raikkonen,0.33376427526442815,-finish_position,10.0,0.97,2020,11,Eifel Grand Prix,53,860,52
ricciardo,0.9400351177791239,-finish_position,10.0,0.97,2020,11,Eifel Grand Prix,53,860,52
russell,-1.185524824961248,-finish_position,10.0,0.97,2020,11,Eifel Grand Prix,53,860,52
sainz,0.6006700375007026,-finish_position,10.0,0.97,2020,11,Eifel Grand Prix,53,860,52
sirotkin,-0.42677987132446554,-finish_position,10.0,0.97,2020,11,Eifel Grand Prix,53,860,52
stroll,-0.26850422060345663,-finish_position,10.0,0.97,2020,11,Eifel Grand Prix,53,860,52
vandoorne,-1.1344028527050125,-finish_position,10.0,0.97,2020,11,Eifel Grand Prix,53,860,52
vettel,0.3586837764086392,-finish_position,10.0,0.97,2020,11,Eifel Grand Prix,53,860,52
albon,-0.1996717596362662,-finish_position,10.0,0.97,2020,12,Portuguese Grand Prix,54,875,53
alonso,-0.2077759575260922,-finish_position,10.0,0.97,2020,12,Portuguese Grand Prix,54,875,53
bottas,1.5774709055750722,-finish_position,10.0,0.97,2020,12,Portuguese Grand Prix,54,875,53
brendon_hartley,-0.6522008461822785,-finish_position,10.0,0.97,2020,12,Portuguese Grand Prix,54,875,53
ericsson,-0.5306345276355603,-finish_position,10.0,0.97,2020,12,Portuguese Grand Prix,54,875,53
gasly,0.21481329384126813,-finish_position,10.0,0.97,2020,12,Portuguese Grand Prix,54,875,53
giovinazzi,-1.1584555811771777,-finish_position,10.0,0.97,2020,12,Portuguese Grand Prix,54,875,53
grosjean,-1.235806732725669,-finish_position,10.0,0.97,2020,12,Portuguese Grand Prix,54,875,53
hamilton,2.327572931167904,-finish_position,10.0,0.97,2020,12,Portuguese Grand Prix,54,875,53
hulkenberg,-0.10585576275119815,-finish_position,10.0,0.97,2020,12,Portuguese Grand Prix,54,875,53
kevin_magnussen,-0.7144848431368623,-finish_position,10.0,0.97,2020,12,Portuguese Grand Prix,54,875,53
kubica,-1.6839659992999254,-finish_position,10.0,0.97,2020,12,Portuguese Grand Prix,54,875,53
kvyat,-0.46525211203874633,-finish_position,10.0,0.97,2020,12,Portuguese Grand Prix,54,875,53
latifi,-0.9162021116752227,-finish_position,10.0,0.97,2020,12,Portuguese Grand Prix,54,875,53
leclerc,0.9217175479486686,-finish_position,10.0,0.97,2020,12,Portuguese Grand Prix,54,875,53
max_verstappen,2.463404452203359,-finish_position,10.0,0.97,2020,12,Portuguese Grand Prix,54,875,53
norris,0.5177653231408782,-finish_position,10.0,0.97,2020,12,Portuguese Grand Prix,54,875,53
ocon,0.30103035260068944,-finish_position,10.0,0.97,2020,12,Portuguese Grand Prix,54,875,53
perez,0.36921279486008923,-finish_position,10.0,0.97,2020,12,Portuguese Grand Prix,54,875,53
raikkonen,0.2918159852732993,-finish_position,10.0,0.97,2020,12,Portuguese Grand Prix,54,875,53
ricciardo,1.072396042911472,-finish_position,10.0,0.97,2020,12,Portuguese Grand Prix,54,875,53
russell,-1.2001636279663208,-finish_position,10.0,0.97,2020,12,Portuguese Grand Prix,54,875,53
sainz,0.6597534557720794,-finish_position,10.0,0.97,2020,12,Portuguese Grand Prix,54,875,53
sirotkin,-0.4334157302604107,-finish_position,10.0,0.97,2020,12,Portuguese Grand Prix,54,875,53
stroll,-0.3376431219592535,-finish_position,10.0,0.97,2020,12,Portuguese Grand Prix,54,875,53
vandoorne,-1.1358144719678664,-finish_position,10.0,0.97,2020,12,Portuguese Grand Prix,54,875,53
vettel,0.2603901006440813,-finish_position,10.0,0.97,2020,12,Portuguese Grand Prix,54,875,53
albon,-0.32347952746244013,-finish_position,10.0,0.97,2020,13,Emilia Romagna Grand Prix,55,894,54
alonso,-0.19384196586127955,-finish_position,10.0,0.97,2020,13,Emilia Romagna Grand Prix,55,894,54
bottas,1.6100489481057965,-finish_position,10.0,0.97,2020,13,Emilia Romagna Grand Prix,55,894,54
brendon_hartley,-0.6484221623213313,-finish_position,10.0,0.97,2020,13,Emilia Romagna Grand Prix,55,894,54
ericsson,-0.5074245567874728,-finish_position,10.0,0.97,2020,13,Emilia Romagna Grand Prix,55,894,54
gasly,0.3877683578947194,-finish_position,10.0,0.97,2020,13,Emilia Romagna Grand Prix,55,894,54
giovinazzi,-1.2023596057029429,-finish_position,10.0,0.97,2020,13,Emilia Romagna Grand Prix,55,894,54
grosjean,-1.2766669939252626,-finish_position,10.0,0.97,2020,13,Emilia Romagna Grand Prix,55,894,54
hamilton,2.3578861778168814,-finish_position,10.0,0.97,2020,13,Emilia Romagna Grand Prix,55,894,54
hulkenberg,-0.09181070926996422,-finish_position,10.0,0.97,2020,13,Emilia Romagna Grand Prix,55,894,54
kevin_magnussen,-0.7514174338673126,-finish_position,10.0,0.97,2020,13,Emilia Romagna Grand Prix,55,894,54
kubica,-1.636161748990951,-finish_position,10.0,0.97,2020,13,Emilia Romagna Grand Prix,55,894,54
kvyat,-0.7445192767362534,-finish_position,10.0,0.97,2020,13,Emilia Romagna Grand Prix,55,894,54
latifi,-1.0611625543504812,-finish_position,10.0,0.97,2020,13,Emilia Romagna Grand Prix,55,894,54
leclerc,1.0027474517473165,-finish_position,10.0,0.97,2020,13,Emilia Romagna Grand Prix,55,894,54
max_verstappen,2.556700324166904,-finish_position,10.0,0.97,2020,13,Emilia Romagna Grand Prix,55,894,54
norris,0.3730477663795505,-finish_position,10.0,0.97,2020,13,Emilia Romagna Grand Prix,55,894,54
ocon,0.36029903010431424,-finish_position,10.0,0.97,2020,13,Emilia Romagna Grand Prix,55,894,54
perez,0.4231718024185343,-finish_position,10.0,0.97,2020,13,Emilia Romagna Grand Prix,55,894,54
raikkonen,0.3258729316752177,-finish_position,10.0,0.97,2020,13,Emilia Romagna Grand Prix,55,894,54
ricciardo,1.0641220945106111,-finish_position,10.0,0.97,2020,13,Emilia Romagna Grand Prix,55,894,54
russell,-1.131889401021861,-finish_position,10.0,0.97,2020,13,Emilia Romagna Grand Prix,55,894,54
sainz,0.7513569626006342,-finish_position,10.0,0.97,2020,13,Emilia Romagna Grand Prix,55,894,54
sirotkin,-0.4098248768481878,-finish_position,10.0,0.97,2020,13,Emilia Romagna Grand Prix,55,894,54
stroll,-0.3223089968508568,-finish_position,10.0,0.97,2020,13,Emilia Romagna Grand Prix,55,894,54
vandoorne,-1.1011383862081299,-finish_position,10.0,0.97,2020,13,Emilia Romagna Grand Prix,55,894,54
vettel,0.18940634878424706,-finish_position,10.0,0.97,2020,13,Emilia Romagna Grand Prix,55,894,54
albon,-0.5234624333662034,-finish_position,10.0,0.97,2020,14,Turkish Grand Prix,56,909,55
alonso,-0.20080603337189,-finish_position,10.0,0.97,2020,14,Turkish Grand Prix,56,909,55
bottas,1.617697626707235,-finish_position,10.0,0.97,2020,14,Turkish Grand Prix,56,909,55
brendon_hartley,-0.6374231083951867,-finish_position,10.0,0.97,2020,14,Turkish Grand Prix,56,909,55
ericsson,-0.5026235036703036,-finish_position,10.0,0.97,2020,14,Turkish Grand Prix,56,909,55
gasly,0.3497331767158723,-finish_position,10.0,0.97,2020,14,Turkish Grand Prix,56,909,55
giovinazzi,-1.1595556254619046,-finish_position,10.0,0.97,2020,14,Turkish Grand Prix,56,909,55
grosjean,-1.3075231899840583,-finish_position,10.0,0.97,2020,14,Turkish Grand Prix,56,909,55
hamilton,2.3629501711580865,-finish_position,10.0,0.97,2020,14,Turkish Grand Prix,56,909,55
hulkenberg,-0.12780267861706268,-finish_position,10.0,0.97,2020,14,Turkish Grand Prix,56,909,55
kevin_magnussen,-0.7465947657126999,-finish_position,10.0,0.97,2020,14,Turkish Grand Prix,56,909,55
kubica,-1.6572525952008332,-finish_position,10.0,0.97,2020,14,Turkish Grand Prix,56,909,55
kvyat,-0.5909104972908502,-finish_position,10.0,0.97,2020,14,Turkish Grand Prix,56,909,55
latifi,-0.9140471741904231,-finish_position,10.0,0.97,2020,14,Turkish Grand Prix,56,909,55
leclerc,1.0424611025212387,-finish_position,10.0,0.97,2020,14,Turkish Grand Prix,56,909,55
max_verstappen,2.621280171866442,-finish_position,10.0,0.97,2020,14,Turkish Grand Prix,56,909,55
norris,0.3664389121671474,-finish_position,10.0,0.97,2020,14,Turkish Grand Prix,56,909,55
ocon,0.3282928588698464,-finish_position,10.0,0.97,2020,14,Turkish Grand Prix,56,909,55
perez,0.49564598025528384,-finish_position,10.0,0.97,2020,14,Turkish Grand Prix,56,909,55
raikkonen,0.33819546082683677,-finish_position,10.0,0.97,2020,14,Turkish Grand Prix,56,909,55
ricciardo,1.1919634880880472,-finish_position,10.0,0.97,2020,14,Turkish Grand Prix,56,909,55
russell,-1.1801935056733093,-finish_position,10.0,0.97,2020,14,Turkish Grand Prix,56,909,55
sainz,0.7505719578661844,-finish_position,10.0,0.97,2020,14,Turkish Grand Prix,56,909,55
sirotkin,-0.433234271418799,-finish_position,10.0,0.97,2020,14,Turkish Grand Prix,56,909,55
stroll,-0.45384598786143193,-finish_position,10.0,0.97,2020,14,Turkish Grand Prix,56,909,55
vandoorne,-1.0934606505176325,-finish_position,10.0,0.97,2020,14,Turkish Grand Prix,56,909,55
vettel,0.0635051136903838,-finish_position,10.0,0.97,2020,14,Turkish Grand Prix,56,909,55
albon,-0.5006811723905724,-finish_position,10.0,0.97,2020,15,Bahrain Grand Prix,57,925,56
alonso,-0.206774405818745,-finish_position,10.0,0.97,2020,15,Bahrain Grand Prix,57,925,56
bottas,1.3977724403975242,-finish_position,10.0,0.97,2020,15,Bahrain Grand Prix,57,925,56
brendon_hartley,-0.6281703143987677,-finish_position,10.0,0.97,2020,15,Bahrain Grand Prix,57,925,56
ericsson,-0.48997712997745135,-finish_position,10.0,0.97,2020,15,Bahrain Grand Prix,57,925,56
gasly,0.2702962765618243,-finish_position,10.0,0.97,2020,15,Bahrain Grand Prix,57,925,56
giovinazzi,-1.1162409410417224,-finish_position,10.0,0.97,2020,15,Bahrain Grand Prix,57,925,56
grosjean,-1.2939736638692922,-finish_position,10.0,0.97,2020,15,Bahrain Grand Prix,57,925,56
hamilton,2.485320677816772,-finish_position,10.0,0.97,2020,15,Bahrain Grand Prix,57,925,56
hulkenberg,-0.0945844201769454,-finish_position,10.0,0.97,2020,15,Bahrain Grand Prix,57,925,56
kevin_magnussen,-0.7380653776951331,-finish_position,10.0,0.97,2020,15,Bahrain Grand Prix,57,925,56
kubica,-1.6311850711764877,-finish_position,10.0,0.97,2020,15,Bahrain Grand Prix,57,925,56
kvyat,-0.596451341554659,-finish_position,10.0,0.97,2020,15,Bahrain Grand Prix,57,925,56
latifi,-0.9002261179089991,-finish_position,10.0,0.97,2020,15,Bahrain Grand Prix,57,925,56
leclerc,1.0592169950735975,-finish_position,10.0,0.97,2020,15,Bahrain Grand Prix,57,925,56
max_verstappen,2.5511827882088545,-finish_position,10.0,0.97,2020,15,Bahrain Grand Prix,57,925,56
norris,0.3594711738819056,-finish_position,10.0,0.97,2020,15,Bahrain Grand Prix,57,925,56
ocon,0.2637598410483328,-finish_position,10.0,0.97,2020,15,Bahrain Grand Prix,57,925,56
perez,0.6319255355335521,-finish_position,10.0,0.97,2020,15,Bahrain Grand Prix,57,925,56
raikkonen,0.24872770515418383,-finish_position,10.0,0.97,2020,15,Bahrain Grand Prix,57,925,56
ricciardo,1.1650076728791199,-finish_position,10.0,0.97,2020,15,Bahrain Grand Prix,57,925,56
russell,-1.2154852304578463,-finish_position,10.0,0.97,2020,15,Bahrain Grand Prix,57,925,56
sainz,0.8328307966658449,-finish_position,10.0,0.97,2020,15,Bahrain Grand Prix,57,925,56
sirotkin,-0.4245371466215872,-finish_position,10.0,0.97,2020,15,Bahrain Grand Prix,57,925,56
stroll,-0.48304099675207596,-finish_position,10.0,0.97,2020,15,Bahrain Grand Prix,57,925,56
vandoorne,-1.0845551395127286,-finish_position,10.0,0.97,2020,15,Bahrain Grand Prix,57,925,56
vettel,0.13843656613149113,-finish_position,10.0,0.97,2020,15,Bahrain Grand Prix,57,925,56
albon,-0.384528692302513,-finish_position,10.0,0.97,2020,16,Sakhir Grand Prix,58,942,57
alonso,-0.2260327981692251,-finish_position,10.0,0.97,2020,16,Sakhir Grand Prix,58,942,57
bottas,1.302263717576365,-finish_position,10.0,0.97,2020,16,Sakhir Grand Prix,58,942,57
brendon_hartley,-0.6103658362225327,-finish_position,10.0,0.97,2020,16,Sakhir Grand Prix,58,942,57
ericsson,-0.4860864330912083,-finish_position,10.0,0.97,2020,16,Sakhir Grand Prix,58,942,57
gasly,0.3404399124826731,-finish_position,10.0,0.97,2020,16,Sakhir Grand Prix,58,942,57
giovinazzi,-1.1525798044025557,-finish_position,10.0,0.97,2020,16,Sakhir Grand Prix,58,942,57
grosjean,-1.2397906453994694,-finish_position,10.0,0.97,2020,16,Sakhir Grand Prix,58,942,57
hamilton,2.5459131607681265,-finish_position,10.0,0.97,2020,16,Sakhir Grand Prix,58,942,57
hulkenberg,-0.10359069751304294,-finish_position,10.0,0.97,2020,16,Sakhir Grand Prix,58,942,57
kevin_magnussen,-0.8520765378813762,-finish_position,10.0,0.97,2020,16,Sakhir Grand Prix,58,942,57
kubica,-1.6285136761787284,-finish_position,10.0,0.97,2020,16,Sakhir Grand Prix,58,942,57
kvyat,-0.6421696613832785,-finish_position,10.0,0.97,2020,16,Sakhir Grand Prix,58,942,57
latifi,-0.8940050709129235,-finish_position,10.0,0.97,2020,16,Sakhir Grand Prix,58,942,57
leclerc,0.99310375340553,-finish_position,10.0,0.97,2020,16,Sakhir Grand Prix,58,942,57
max_verstappen,2.552472644255662,-finish_position,10.0,0.97,2020,16,Sakhir Grand Prix,58,942,57
norris,0.4517329712075317,-finish_position,10.0,0.97,2020,16,Sakhir Grand Prix,58,942,57
ocon,0.2542010006386948,-finish_position,10.0,0.97,2020,16,Sakhir Grand Prix,58,942,57
perez,0.6255855601284939,-finish_position,10.0,0.97,2020,16,Sakhir Grand Prix,58,942,57
raikkonen,0.21939630227039295,-finish_position,10.0,0.97,2020,16,Sakhir Grand Prix,58,942,57
ricciardo,1.1711289324901404,-finish_position,10.0,0.97,2020,16,Sakhir Grand Prix,58,942,57
russell,-1.1388863035997765,-finish_position,10.0,0.97,2020,16,Sakhir Grand Prix,58,942,57
sainz,0.8633906176103623,-finish_position,10.0,0.97,2020,16,Sakhir Grand Prix,58,942,57
sirotkin,-0.4316352248464493,-finish_position,10.0,0.97,2020,16,Sakhir Grand Prix,58,942,57
stroll,-0.48563988691134474,-finish_position,10.0,0.97,2020,16,Sakhir Grand Prix,58,942,57
vandoorne,-1.0932977448626529,-finish_position,10.0,0.97,2020,16,Sakhir Grand Prix,58,942,57
vettel,0.049570440843111796,-finish_position,10.0,0.97,2020,16,Sakhir Grand Prix,58,942,57
aitken,-0.22345757456722948,-finish_position,10.0,0.97,2020,17,Abu Dhabi Grand Prix,59,959,58
albon,-0.3452603960668811,-finish_position,10.0,0.97,2020,17,Abu Dhabi Grand Prix,59,959,58
alonso,-0.23206662089337987,-finish_position,10.0,0.97,2020,17,Abu Dhabi Grand Prix,59,959,58
bottas,1.289902040075149,-finish_position,10.0,0.97,2020,17,Abu Dhabi Grand Prix,59,959,58
brendon_hartley,-0.5934376726051361,-finish_position,10.0,0.97,2020,17,Abu Dhabi Grand Prix,59,959,58
ericsson,-0.47455290992551236,-finish_position,10.0,0.97,2020,17,Abu Dhabi Grand Prix,59,959,58
gasly,0.2756912147387612,-finish_position,10.0,0.97,2020,17,Abu Dhabi Grand Prix,59,959,58
giovinazzi,-1.1221570397335623,-finish_position,10.0,0.97,2020,17,Abu Dhabi Grand Prix,59,959,58
grosjean,-1.0718055482558562,-finish_position,10.0,0.97,2020,17,Abu Dhabi Grand Prix,59,959,58
hamilton,2.6300789036967975,-finish_position,10.0,0.97,2020,17,Abu Dhabi Grand Prix,59,959,58
hulkenberg,-0.1910519180908583,-finish_position,10.0,0.97,2020,17,Abu Dhabi Grand Prix,59,959,58
kevin_magnussen,-0.7758931297882276,-finish_position,10.0,0.97,2020,17,Abu Dhabi Grand Prix,59,959,58
kubica,-1.5890043941002838,-finish_position,10.0,0.97,2020,17,Abu Dhabi Grand Prix,59,959,58
kvyat,-0.5366976445878436,-finish_position,10.0,0.97,2020,17,Abu Dhabi Grand Prix,59,959,58
latifi,-0.8664002363915947,-finish_position,10.0,0.97,2020,17,Abu Dhabi Grand Prix,59,959,58
leclerc,1.025806479995455,-finish_position,10.0,0.97,2020,17,Abu Dhabi Grand Prix,59,959,58
max_verstappen,2.520395284517096,-finish_position,10.0,0.97,2020,17,Abu Dhabi Grand Prix,59,959,58
norris,0.36338125236429336,-finish_position,10.0,0.97,2020,17,Abu Dhabi Grand Prix,59,959,58
ocon,0.49995521165271334,-finish_position,10.0,0.97,2020,17,Abu Dhabi Grand Prix,59,959,58
perez,0.7256681053242682,-finish_position,10.0,0.97,2020,17,Abu Dhabi Grand Prix,59,959,58
pietro_fittipaldi,-0.46532657543732125,-finish_position,10.0,0.97,2020,17,Abu Dhabi Grand Prix,59,959,58
raikkonen,0.17560656158912985,-finish_position,10.0,0.97,2020,17,Abu Dhabi Grand Prix,59,959,58
ricciardo,1.164322981719456,-finish_position,10.0,0.97,2020,17,Abu Dhabi Grand Prix,59,959,58
russell,-1.1844362070954528,-finish_position,10.0,0.97,2020,17,Abu Dhabi Grand Prix,59,959,58
sainz,0.929105782125559,-finish_position,10.0,0.97,2020,17,Abu Dhabi Grand Prix,59,959,58
sirotkin,-0.4141075598166692,-finish_position,10.0,0.97,2020,17,Abu Dhabi Grand Prix,59,959,58
stroll,-0.3778956533141656,-finish_position,10.0,0.97,2020,17,Abu Dhabi Grand Prix,59,959,58
vandoorne,-1.0846353548558967,-finish_position,10.0,0.97,2020,17,Abu Dhabi Grand Prix,59,959,58
vettel,-0.05172738227280735,-finish_position,10.0,0.97,2020,17,Abu Dhabi Grand Prix,59,959,58
aitken,-0.21423345355831067,-finish_position,10.0,0.97,2021,1,Bahrain Grand Prix,60,978,59
albon,-0.25980070305250413,-finish_position,10.0,0.97,2021,1,Bahrain Grand Prix,60,978,59
alonso,-0.23749570673012838,-finish_position,10.0,0.97,2021,1,Bahrain Grand Prix,60,978,59
bottas,1.349974118882437,-finish_position,10.0,0.97,2021,1,Bahrain Grand Prix,60,978,59
brendon_hartley,-0.573211762761188,-finish_position,10.0,0.97,2021,1,Bahrain Grand Prix,60,978,59
ericsson,-0.46470139041836234,-finish_position,10.0,0.97,2021,1,Bahrain Grand Prix,60,978,59
gasly,0.3157335699857092,-finish_position,10.0,0.97,2021,1,Bahrain Grand Prix,60,978,59
giovinazzi,-1.1689312744095002,-finish_position,10.0,0.97,2021,1,Bahrain Grand Prix,60,978,59
grosjean,-0.8612859259246725,-finish_position,10.0,0.97,2021,1,Bahrain Grand Prix,60,978,59
hamilton,2.6141915637802793,-finish_position,10.0,0.97,2021,1,Bahrain Grand Prix,60,978,59
hulkenberg,-0.18135736657274618,-finish_position,10.0,0.97,2021,1,Bahrain Grand Prix,60,978,59
kevin_magnussen,-0.7447849945770436,-finish_position,10.0,0.97,2021,1,Bahrain Grand Prix,60,978,59
kubica,-1.5452694055248404,-finish_position,10.0,0.97,2021,1,Bahrain Grand Prix,60,978,59
kvyat,-0.5497774690281142,-finish_position,10.0,0.97,2021,1,Bahrain Grand Prix,60,978,59
latifi,-0.959962553221822,-finish_position,10.0,0.97,2021,1,Bahrain Grand Prix,60,978,59
leclerc,0.9204528732848475,-finish_position,10.0,0.97,2021,1,Bahrain Grand Prix,60,978,59
max_verstappen,2.56948909059705,-finish_position,10.0,0.97,2021,1,Bahrain Grand Prix,60,978,59
norris,0.4465140150455809,-finish_position,10.0,0.97,2021,1,Bahrain Grand Prix,60,978,59
ocon,0.48731701071539585,-finish_position,10.0,0.97,2021,1,Bahrain Grand Prix,60,978,59
perez,0.7509521887048839,-finish_position,10.0,0.97,2021,1,Bahrain Grand Prix,60,978,59
pietro_fittipaldi,-0.9593159296386357,-finish_position,10.0,0.97,2021,1,Bahrain Grand Prix,60,978,59
raikkonen,0.22943054014438286,-finish_position,10.0,0.97,2021,1,Bahrain Grand Prix,60,978,59
ricciardo,1.1842035588567243,-finish_position,10.0,0.97,2021,1,Bahrain Grand Prix,60,978,59
russell,-1.1595752363027816,-finish_position,10.0,0.97,2021,1,Bahrain Grand Prix,60,978,59
sainz,0.9525991188461931,-finish_position,10.0,0.97,2021,1,Bahrain Grand Prix,60,978,59
sirotkin,-0.39395175741201166,-finish_position,10.0,0.97,2021,1,Bahrain Grand Prix,60,978,59
stroll,-0.3743013866307575,-finish_position,10.0,0.97,2021,1,Bahrain Grand Prix,60,978,59
vandoorne,-1.0750975782454515,-finish_position,10.0,0.97,2021,1,Bahrain Grand Prix,60,978,59
vettel,-0.09780375483460847,-finish_position,10.0,0.97,2021,1,Bahrain Grand Prix,60,978,59
aitken,-0.20831861624864084,-finish_position,10.0,0.97,2021,2,Emilia Romagna Grand Prix,61,994,60
albon,-0.2627783134730502,-finish_position,10.0,0.97,2021,2,Emilia Romagna Grand Prix,61,994,60
alonso,-0.24879347257618092,-finish_position,10.0,0.97,2021,2,Emilia Romagna Grand Prix,61,994,60
bottas,1.3786483542378112,-finish_position,10.0,0.97,2021,2,Emilia Romagna Grand Prix,61,994,60
brendon_hartley,-0.5546259927366991,-finish_position,10.0,0.97,2021,2,Emilia Romagna Grand Prix,61,994,60
ericsson,-0.4453333160090832,-finish_position,10.0,0.97,2021,2,Emilia Romagna Grand Prix,61,994,60
gasly,0.3243052276162891,-finish_position,10.0,0.97,2021,2,Emilia Romagna Grand Prix,61,994,60
giovinazzi,-1.1337219677775632,-finish_position,10.0,0.97,2021,2,Emilia Romagna Grand Prix,61,994,60
grosjean,-0.7553427177111085,-finish_position,10.0,0.97,2021,2,Emilia Romagna Grand Prix,61,994,60
hamilton,2.6515907470128006,-finish_position,10.0,0.97,2021,2,Emilia Romagna Grand Prix,61,994,60
hulkenberg,-0.18809975303592683,-finish_position,10.0,0.97,2021,2,Emilia Romagna Grand Prix,61,994,60
kevin_magnussen,-0.6385656241532497,-finish_position,10.0,0.97,2021,2,Emilia Romagna Grand Prix,61,994,60
kubica,-1.5184925606158495,-finish_position,10.0,0.97,2021,2,Emilia Romagna Grand Prix,61,994,60
kvyat,-0.528589239737288,-finish_position,10.0,0.97,2021,2,Emilia Romagna Grand Prix,61,994,60
latifi,-0.9448537020770115,-finish_position,10.0,0.97,2021,2,Emilia Romagna Grand Prix,61,994,60
leclerc,0.9163698344093559,-finish_position,10.0,0.97,2021,2,Emilia Romagna Grand Prix,61,994,60
max_verstappen,2.601632499440685,-finish_position,10.0,0.97,2021,2,Emilia Romagna Grand Prix,61,994,60
mick_schumacher,-0.3371657182419973,-finish_position,10.0,0.97,2021,2,Emilia Romagna Grand Prix,61,994,60
norris,0.5365962356360433,-finish_position,10.0,0.97,2021,2,Emilia Romagna Grand Prix,61,994,60
ocon,0.32674067535258156,-finish_position,10.0,0.97,2021,2,Emilia Romagna Grand Prix,61,994,60
perez,0.8092610066588036,-finish_position,10.0,0.97,2021,2,Emilia Romagna Grand Prix,61,994,60
pietro_fittipaldi,-0.9116511449884088,-finish_position,10.0,0.97,2021,2,Emilia Romagna Grand Prix,61,994,60
raikkonen,0.23469022960492822,-finish_position,10.0,0.97,2021,2,Emilia Romagna Grand Prix,61,994,60
ricciardo,1.1724857570637985,-finish_position,10.0,0.97,2021,2,Emilia Romagna Grand Prix,61,994,60
russell,-1.123641339144156,-finish_position,10.0,0.97,2021,2,Emilia Romagna Grand Prix,61,994,60
sainz,0.8432490381807783,-finish_position,10.0,0.97,2021,2,Emilia Romagna Grand Prix,61,994,60
sirotkin,-0.3851370068990831,-finish_position,10.0,0.97,2021,2,Emilia Romagna Grand Prix,61,994,60
stroll,-0.32831113193367856,-finish_position,10.0,0.97,2021,2,Emilia Romagna Grand Prix,61,994,60
tsunoda,0.03285254284667349,-finish_position,10.0,0.97,2021,2,Emilia Romagna Grand Prix,61,994,60
vandoorne,-1.0740446074549417,-finish_position,10.0,0.97,2021,2,Emilia Romagna Grand Prix,61,994,60
vettel,-0.24095592324661105,-finish_position,10.0,0.97,2021,2,Emilia Romagna Grand Prix,61,994,60
aitken,-0.20345806687828935,-finish_position,10.0,0.97,2021,3,Portuguese Grand Prix,62,1010,61
albon,-0.18079972277990494,-finish_position,10.0,0.97,2021,3,Portuguese Grand Prix,62,1010,61
alonso,-0.252854781305119,-finish_position,10.0,0.97,2021,3,Portuguese Grand Prix,62,1010,61
bottas,1.3678457334025902,-finish_position,10.0,0.97,2021,3,Portuguese Grand Prix,62,1010,61
brendon_hartley,-0.5330842271293622,-finish_position,10.0,0.97,2021,3,Portuguese Grand Prix,62,1010,61
ericsson,-0.43577855328064263,-finish_position,10.0,0.97,2021,3,Portuguese Grand Prix,62,1010,61
gasly,0.426192932601974,-finish_position,10.0,0.97,2021,3,Portuguese Grand Prix,62,1010,61
giovinazzi,-1.148537222992542,-finish_position,10.0,0.97,2021,3,Portuguese Grand Prix,62,1010,61
grosjean,-0.5891328964543239,-finish_position,10.0,0.97,2021,3,Portuguese Grand Prix,62,1010,61
hamilton,2.659254379846341,-finish_position,10.0,0.97,2021,3,Portuguese Grand Prix,62,1010,61
hulkenberg,-0.17475526298826277,-finish_position,10.0,0.97,2021,3,Portuguese Grand Prix,62,1010,61
kevin_magnussen,-0.47087031925339917,-finish_position,10.0,0.97,2021,3,Portuguese Grand Prix,62,1010,61
kubica,-1.4977371699104056,-finish_position,10.0,0.97,2021,3,Portuguese Grand Prix,62,1010,61
kvyat,-0.4924538046793092,-finish_position,10.0,0.97,2021,3,Portuguese Grand Prix,62,1010,61
latifi,-0.936526998036822,-finish_position,10.0,0.97,2021,3,Portuguese Grand Prix,62,1010,61
leclerc,0.9414969504415934,-finish_position,10.0,0.97,2021,3,Portuguese Grand Prix,62,1010,61
max_verstappen,2.7704019491367715,-finish_position,10.0,0.97,2021,3,Portuguese Grand Prix,62,1010,61
mazepin,-0.40352834499728163,-finish_position,10.0,0.97,2021,3,Portuguese Grand Prix,62,1010,61
mick_schumacher,-0.5720980412096527,-finish_position,10.0,0.97,2021,3,Portuguese Grand Prix,62,1010,61
norris,0.6529021674490632,-finish_position,10.0,0.97,2021,3,Portuguese Grand Prix,62,1010,61
ocon,0.34680157662049893,-finish_position,10.0,0.97,2021,3,Portuguese Grand Prix,62,1010,61
perez,0.631537146405987,-finish_position,10.0,0.97,2021,3,Portuguese Grand Prix,62,1010,61
pietro_fittipaldi,-0.850520658018053,-finish_position,10.0,0.97,2021,3,Portuguese Grand Prix,62,1010,61
raikkonen,0.19510895142869406,-finish_position,10.0,0.97,2021,3,Portuguese Grand Prix,62,1010,61
ricciardo,1.2325428226384922,-finish_position,10.0,0.97,2021,3,Portuguese Grand Prix,62,1010,61
russell,-1.1189629449422922,-finish_position,10.0,0.97,2021,3,Portuguese Grand Prix,62,1010,61
sainz,0.8335497750936561,-finish_position,10.0,0.97,2021,3,Portuguese Grand Prix,62,1010,61
sirotkin,-0.3802051425990341,-finish_position,10.0,0.97,2021,3,Portuguese Grand Prix,62,1010,61
stroll,-0.28898623430752246,-finish_position,10.0,0.97,2021,3,Portuguese Grand Prix,62,1010,61
tsunoda,-0.17616237483404634,-finish_position,10.0,0.97,2021,3,Portuguese Grand Prix,62,1010,61
vandoorne,-1.0716432183171216,-finish_position,10.0,0.97,2021,3,Portuguese Grand Prix,62,1010,61
vettel,-0.2795384001522557,-finish_position,10.0,0.97,2021,3,Portuguese Grand Prix,62,1010,61
aitken,-0.1926325139934974,-finish_position,10.0,0.97,2021,4,Spanish Grand Prix,63,1029,62
albon,-0.19417097502884384,-finish_position,10.0,0.97,2021,4,Spanish Grand Prix,63,1029,62
alonso,-0.14184171281493266,-finish_position,10.0,0.97,2021,4,Spanish Grand Prix,63,1029,62
bottas,1.398123615920398,-finish_position,10.0,0.97,2021,4,Spanish Grand Prix,63,1029,62
brendon_hartley,-0.5080382089947504,-finish_position,10.0,0.97,2021,4,Spanish Grand Prix,63,1029,62
ericsson,-0.41131491598946984,-finish_position,10.0,0.97,2021,4,Spanish Grand Prix,63,1029,62
gasly,0.48002658927999364,-finish_position,10.0,0.97,2021,4,Spanish Grand Prix,63,1029,62
giovinazzi,-1.0977742817926381,-finish_position,10.0,0.97,2021,4,Spanish Grand Prix,63,1029,62
grosjean,-0.3967761613732505,-finish_position,10.0,0.97,2021,4,Spanish Grand Prix,63,1029,62
hamilton,2.6965975634500823,-finish_position,10.0,0.97,2021,4,Spanish Grand Prix,63,1029,62
hulkenberg,-0.16931154945665092,-finish_position,10.0,0.97,2021,4,Spanish Grand Prix,63,1029,62
kevin_magnussen,-0.27641984620378063,-finish_position,10.0,0.97,2021,4,Spanish Grand Prix,63,1029,62
kubica,-1.4437808478078489,-finish_position,10.0,0.97,2021,4,Spanish Grand Prix,63,1029,62
kvyat,-0.38836712568384746,-finish_position,10.0,0.97,2021,4,Spanish Grand Prix,63,1029,62
latifi,-1.0574437118532087,-finish_position,10.0,0.97,2021,4,Spanish Grand Prix,63,1029,62
leclerc,1.026895610845762,-finish_position,10.0,0.97,2021,4,Spanish Grand Prix,63,1029,62
max_verstappen,2.7789156046340726,-finish_position,10.0,0.97,2021,4,Spanish Grand Prix,63,1029,62
mazepin,-0.8479993465929029,-finish_position,10.0,0.97,2021,4,Spanish Grand Prix,63,1029,62
mick_schumacher,-0.7955027071024855,-finish_position,10.0,0.97,2021,4,Spanish Grand Prix,63,1029,62
norris,0.7320933779119738,-finish_position,10.0,0.97,2021,4,Spanish Grand Prix,63,1029,62
ocon,0.4232422088977527,-finish_position,10.0,0.97,2021,4,Spanish Grand Prix,63,1029,62
perez,0.7192932149252265,-finish_position,10.0,0.97,2021,4,Spanish Grand Prix,63,1029,62
pietro_fittipaldi,-0.7849200143797724,-finish_position,10.0,0.97,2021,4,Spanish Grand Prix,63,1029,62
raikkonen,0.21614180725343293,-finish_position,10.0,0.97,2021,4,Spanish Grand Prix,63,1029,62
ricciardo,1.170637038390088,-finish_position,10.0,0.97,2021,4,Spanish Grand Prix,63,1029,62
russell,-1.1131657290836454,-finish_position,10.0,0.97,2021,4,Spanish Grand Prix,63,1029,62
sainz,0.6897451803590542,-finish_position,10.0,0.97,2021,4,Spanish Grand Prix,63,1029,62
sirotkin,-0.3535399211569836,-finish_position,10.0,0.97,2021,4,Spanish Grand Prix,63,1029,62
stroll,-0.3343949215313256,-finish_position,10.0,0.97,2021,4,Spanish Grand Prix,63,1029,62
tsunoda,-0.5319389038927237,-finish_position,10.0,0.97,2021,4,Spanish Grand Prix,63,1029,62
vandoorne,-1.0533483901952625,-finish_position,10.0,0.97,2021,4,Spanish Grand Prix,63,1029,62
vettel,-0.23903002694001016,-finish_position,10.0,0.97,2021,4,Spanish Grand Prix,63,1029,62
aitken,-0.18526140436358052,-finish_position,10.0,0.97,2021,5,Monaco Grand Prix,64,1048,63
albon,-0.18951886996529593,-finish_position,10.0,0.97,2021,5,Monaco Grand Prix,64,1048,63
alonso,-0.524283829827059,-finish_position,10.0,0.97,2021,5,Monaco Grand Prix,64,1048,63
bottas,1.4312179286799,-finish_position,10.0,0.97,2021,5,Monaco Grand Prix,64,1048,63
brendon_hartley,-0.4893640650486849,-finish_position,10.0,0.97,2021,5,Monaco Grand Prix,64,1048,63
ericsson,-0.38722712395127284,-finish_position,10.0,0.97,2021,5,Monaco Grand Prix,64,1048,63
gasly,0.4793846976335039,-finish_position,10.0,0.97,2021,5,Monaco Grand Prix,64,1048,63
giovinazzi,-1.120446780168781,-finish_position,10.0,0.97,2021,5,Monaco Grand Prix,64,1048,63
grosjean,-0.23114150403592465,-finish_position,10.0,0.97,2021,5,Monaco Grand Prix,64,1048,63
hamilton,2.736666305291522,-finish_position,10.0,0.97,2021,5,Monaco Grand Prix,64,1048,63
hulkenberg,-0.13356082856302934,-finish_position,10.0,0.97,2021,5,Monaco Grand Prix,64,1048,63
kevin_magnussen,-0.10908654076307053,-finish_position,10.0,0.97,2021,5,Monaco Grand Prix,64,1048,63
kubica,-1.4076158454140915,-finish_position,10.0,0.97,2021,5,Monaco Grand Prix,64,1048,63
kvyat,-0.35385676899332585,-finish_position,10.0,0.97,2021,5,Monaco Grand Prix,64,1048,63
latifi,-1.0918888315485569,-finish_position,10.0,0.97,2021,5,Monaco Grand Prix,64,1048,63
leclerc,1.0879893136144156,-finish_position,10.0,0.97,2021,5,Monaco Grand Prix,64,1048,63
max_verstappen,2.8133534663422832,-finish_position,10.0,0.97,2021,5,Monaco Grand Prix,64,1048,63
mazepin,-1.1812838862443975,-finish_position,10.0,0.97,2021,5,Monaco Grand Prix,64,1048,63
mick_schumacher,-1.0243930579633538,-finish_position,10.0,0.97,2021,5,Monaco Grand Prix,64,1048,63
norris,0.6966855649275441,-finish_position,10.0,0.97,2021,5,Monaco Grand Prix,64,1048,63
ocon,0.5180625540909203,-finish_position,10.0,0.97,2021,5,Monaco Grand Prix,64,1048,63
perez,0.7902406510118435,-finish_position,10.0,0.97,2021,5,Monaco Grand Prix,64,1048,63
pietro_fittipaldi,-0.7272665003884121,-finish_position,10.0,0.97,2021,5,Monaco Grand Prix,64,1048,63
raikkonen,0.2331508928142977,-finish_position,10.0,0.97,2021,5,Monaco Grand Prix,64,1048,63
ricciardo,1.2309017312241837,-finish_position,10.0,0.97,2021,5,Monaco Grand Prix,64,1048,63
russell,-1.0623923227827483,-finish_position,10.0,0.97,2021,5,Monaco Grand Prix,64,1048,63
sainz,0.6569900045025219,-finish_position,10.0,0.97,2021,5,Monaco Grand Prix,64,1048,63
sirotkin,-0.3386595289712574,-finish_position,10.0,0.97,2021,5,Monaco Grand Prix,64,1048,63
stroll,-0.2815313522316378,-finish_position,10.0,0.97,2021,5,Monaco Grand Prix,64,1048,63
tsunoda,-0.5067604792809377,-finish_position,10.0,0.97,2021,5,Monaco Grand Prix,64,1048,63
vandoorne,-1.0408264197738972,-finish_position,10.0,0.97,2021,5,Monaco Grand Prix,64,1048,63
vettel,-0.28827716985361657,-finish_position,10.0,0.97,2021,5,Monaco Grand Prix,64,1048,63
aitken,-0.18149105792555476,-finish_position,10.0,0.97,2021,6,Azerbaijan Grand Prix,65,1066,64
albon,-0.22034383911626063,-finish_position,10.0,0.97,2021,6,Azerbaijan Grand Prix,65,1066,64
alonso,-0.626852005167221,-finish_position,10.0,0.97,2021,6,Azerbaijan Grand Prix,65,1066,64
bottas,1.4537293547782488,-finish_position,10.0,0.97,2021,6,Azerbaijan Grand Prix,65,1066,64
brendon_hartley,-0.4729665577895961,-finish_position,10.0,0.97,2021,6,Azerbaijan Grand Prix,65,1066,64
ericsson,-0.38386702268995093,-finish_position,10.0,0.97,2021,6,Azerbaijan Grand Prix,65,1066,64
gasly,0.5997630180723714,-finish_position,10.0,0.97,2021,6,Azerbaijan Grand Prix,65,1066,64
giovinazzi,-1.064498768710417,-finish_position,10.0,0.97,2021,6,Azerbaijan Grand Prix,65,1066,64
grosjean,-0.14889104591942587,-finish_position,10.0,0.97,2021,6,Azerbaijan Grand Prix,65,1066,64
hamilton,2.644746033044954,-finish_position,10.0,0.97,2021,6,Azerbaijan Grand Prix,65,1066,64
hulkenberg,-0.14683364177109712,-finish_position,10.0,0.97,2021,6,Azerbaijan Grand Prix,65,1066,64
kevin_magnussen,-0.026701643216201672,-finish_position,10.0,0.97,2021,6,Azerbaijan Grand Prix,65,1066,64
kubica,-1.39027128371418,-finish_position,10.0,0.97,2021,6,Azerbaijan Grand Prix,65,1066,64
kvyat,-0.3139732035013689,-finish_position,10.0,0.97,2021,6,Azerbaijan Grand Prix,65,1066,64
latifi,-1.1011621683455965,-finish_position,10.0,0.97,2021,6,Azerbaijan Grand Prix,65,1066,64
leclerc,1.06076262939785,-finish_position,10.0,0.97,2021,6,Azerbaijan Grand Prix,65,1066,64
max_verstappen,2.8284292133533837,-finish_position,10.0,0.97,2021,6,Azerbaijan Grand Prix,65,1066,64
mazepin,-1.3205327802355613,-finish_position,10.0,0.97,2021,6,Azerbaijan Grand Prix,65,1066,64
mick_schumacher,-1.228096091336121,-finish_position,10.0,0.97,2021,6,Azerbaijan Grand Prix,65,1066,64
norris,0.9207449630518345,-finish_position,10.0,0.97,2021,6,Azerbaijan Grand Prix,65,1066,64
ocon,0.5315628973641919,-finish_position,10.0,0.97,2021,6,Azerbaijan Grand Prix,65,1066,64
perez,0.852209324664253,-finish_position,10.0,0.97,2021,6,Azerbaijan Grand Prix,65,1066,64
pietro_fittipaldi,-0.6902987285839843,-finish_position,10.0,0.97,2021,6,Azerbaijan Grand Prix,65,1066,64
raikkonen,0.20195779084541218,-finish_position,10.0,0.97,2021,6,Azerbaijan Grand Prix,65,1066,64
ricciardo,1.0770610216379772,-finish_position,10.0,0.97,2021,6,Azerbaijan Grand Prix,65,1066,64
russell,-1.0405003233361891,-finish_position,10.0,0.97,2021,6,Azerbaijan Grand Prix,65,1066,64
sainz,0.8236859286794064,-finish_position,10.0,0.97,2021,6,Azerbaijan Grand Prix,65,1066,64
sirotkin,-0.33609849187557134,-finish_position,10.0,0.97,2021,6,Azerbaijan Grand Prix,65,1066,64
stroll,-0.2425707668427452,-finish_position,10.0,0.97,2021,6,Azerbaijan Grand Prix,65,1066,64
tsunoda,-0.8862685839158446,-finish_position,10.0,0.97,2021,6,Azerbaijan Grand Prix,65,1066,64
vandoorne,-0.9883497181488263,-finish_position,10.0,0.97,2021,6,Azerbaijan Grand Prix,65,1066,64
vettel,-0.18408445274816174,-finish_position,10.0,0.97,2021,6,Azerbaijan Grand Prix,65,1066,64
aitken,-0.1786040233646185,-finish_position,10.0,0.97,2021,7,French Grand Prix,66,1082,65
albon,-0.29743368792258446,-finish_position,10.0,0.97,2021,7,French Grand Prix,66,1082,65
alonso,-0.41987973076099,-finish_position,10.0,0.97,2021,7,French Grand Prix,66,1082,65
bottas,1.3572633598309933,-finish_position,10.0,0.97,2021,7,French Grand Prix,66,1082,65
brendon_hartley,-0.47527519431133236,-finish_position,10.0,0.97,2021,7,French Grand Prix,66,1082,65
ericsson,-0.3856056804901637,-finish_position,10.0,0.97,2021,7,French Grand Prix,66,1082,65
gasly,0.6401379140867693,-finish_position,10.0,0.97,2021,7,French Grand Prix,66,1082,65
giovinazzi,-1.0569039086571435,-finish_position,10.0,0.97,2021,7,French Grand Prix,66,1082,65
grosjean,-0.2010431305321803,-finish_position,10.0,0.97,2021,7,French Grand Prix,66,1082,65
hamilton,2.449104268574781,-finish_position,10.0,0.97,2021,7,French Grand Prix,66,1082,65
hulkenberg,-0.17591667008558315,-finish_position,10.0,0.97,2021,7,French Grand Prix,66,1082,65
kevin_magnussen,-0.08137725965921672,-finish_position,10.0,0.97,2021,7,French Grand Prix,66,1082,65
kubica,-1.3769705164499981,-finish_position,10.0,0.97,2021,7,French Grand Prix,66,1082,65
kvyat,-0.42562323220920356,-finish_position,10.0,0.97,2021,7,French Grand Prix,66,1082,65
latifi,-1.1599465366283057,-finish_position,10.0,0.97,2021,7,French Grand Prix,66,1082,65
leclerc,1.174011222380479,-finish_position,10.0,0.97,2021,7,French Grand Prix,66,1082,65
max_verstappen,2.7037910808479304,-finish_position,10.0,0.97,2021,7,French Grand Prix,66,1082,65
mazepin,-1.2917229277391609,-finish_position,10.0,0.97,2021,7,French Grand Prix,66,1082,65
mick_schumacher,-1.1504713311756942,-finish_position,10.0,0.97,2021,7,French Grand Prix,66,1082,65
norris,0.9814777948538417,-finish_position,10.0,0.97,2021,7,French Grand Prix,66,1082,65
ocon,0.45207952459089845,-finish_position,10.0,0.97,2021,7,French Grand Prix,66,1082,65
perez,0.9607488465542082,-finish_position,10.0,0.97,2021,7,French Grand Prix,66,1082,65
pietro_fittipaldi,-0.6847307843267272,-finish_position,10.0,0.97,2021,7,French Grand Prix,66,1082,65
raikkonen,0.19925270811409343,-finish_position,10.0,0.97,2021,7,French Grand Prix,66,1082,65
ricciardo,0.9804786712337589,-finish_position,10.0,0.97,2021,7,French Grand Prix,66,1082,65
russell,-1.0425391579655754,-finish_position,10.0,0.97,2021,7,French Grand Prix,66,1082,65
sainz,0.7661062144662456,-finish_position,10.0,0.97,2021,7,French Grand Prix,66,1082,65
sirotkin,-0.33618624460079605,-finish_position,10.0,0.97,2021,7,French Grand Prix,66,1082,65
stroll,-0.30154439032509983,-finish_position,10.0,0.97,2021,7,French Grand Prix,66,1082,65
tsunoda,-0.7050257263616493,-finish_position,10.0,0.97,2021,7,French Grand Prix,66,1082,65
vandoorne,-0.9732295011616714,-finish_position,10.0,0.97,2021,7,French Grand Prix,66,1082,65
vettel,0.05557802919369519,-finish_position,10.0,0.97,2021,7,French Grand Prix,66,1082,65
aitken,-0.17237946260469772,-finish_position,10.0,0.97,2021,8,Styrian Grand Prix,67,1102,66
albon,-0.3131149545541139,-finish_position,10.0,0.97,2021,8,Styrian Grand Prix,67,1102,66
alonso,-0.2567032372909854,-finish_position,10.0,0.97,2021,8,Styrian Grand Prix,67,1102,66
bottas,1.37265213500783,-finish_position,10.0,0.97,2021,8,Styrian Grand Prix,67,1102,66
brendon_hartley,-0.4566859564124067,-finish_position,10.0,0.97,2021,8,Styrian Grand Prix,67,1102,66
ericsson,-0.3768732232239156,-finish_position,10.0,0.97,2021,8,Styrian Grand Prix,67,1102,66
gasly,0.7135812936085185,-finish_position,10.0,0.97,2021,8,Styrian Grand Prix,67,1102,66
giovinazzi,-1.025859810846662,-finish_position,10.0,0.97,2021,8,Styrian Grand Prix,67,1102,66
grosjean,-0.07463044124519928,-finish_position,10.0,0.97,2021,8,Styrian Grand Prix,67,1102,66
hamilton,2.479351149633458,-finish_position,10.0,0.97,2021,8,Styrian Grand Prix,67,1102,66
hulkenberg,-0.17528062988487064,-finish_position,10.0,0.97,2021,8,Styrian Grand Prix,67,1102,66
kevin_magnussen,0.046183468483121465,-finish_position,10.0,0.97,2021,8,Styrian Grand Prix,67,1102,66
kubica,-1.3449015510017919,-finish_position,10.0,0.97,2021,8,Styrian Grand Prix,67,1102,66
kvyat,-0.3926625450526224,-finish_position,10.0,0.97,2021,8,Styrian Grand Prix,67,1102,66
latifi,-1.2737315578333561,-finish_position,10.0,0.97,2021,8,Styrian Grand Prix,67,1102,66
leclerc,1.016058560643105,-finish_position,10.0,0.97,2021,8,Styrian Grand Prix,67,1102,66
max_verstappen,2.7341153425842997,-finish_position,10.0,0.97,2021,8,Styrian Grand Prix,67,1102,66
mazepin,-1.5518462595717308,-finish_position,10.0,0.97,2021,8,Styrian Grand Prix,67,1102,66
mick_schumacher,-1.3387558562338784,-finish_position,10.0,0.97,2021,8,Styrian Grand Prix,67,1102,66
norris,1.0063296472001904,-finish_position,10.0,0.97,2021,8,Styrian Grand Prix,67,1102,66
ocon,0.3018875647013562,-finish_position,10.0,0.97,2021,8,Styrian Grand Prix,67,1102,66
perez,1.05148772355591,-finish_position,10.0,0.97,2021,8,Styrian Grand Prix,67,1102,66
pietro_fittipaldi,-0.6393800354843239,-finish_position,10.0,0.97,2021,8,Styrian Grand Prix,67,1102,66
raikkonen,0.15034583762102732,-finish_position,10.0,0.97,2021,8,Styrian Grand Prix,67,1102,66
ricciardo,0.9978934068819282,-finish_position,10.0,0.97,2021,8,Styrian Grand Prix,67,1102,66
russell,-0.9342139602483164,-finish_position,10.0,0.97,2021,8,Styrian Grand Prix,67,1102,66
sainz,0.6438258357435115,-finish_position,10.0,0.97,2021,8,Styrian Grand Prix,67,1102,66
sirotkin,-0.32412302875185917,-finish_position,10.0,0.97,2021,8,Styrian Grand Prix,67,1102,66
stroll,-0.2614336045597047,-finish_position,10.0,0.97,2021,8,Styrian Grand Prix,67,1102,66
tsunoda,-0.8486525593289196,-finish_position,10.0,0.97,2021,8,Styrian Grand Prix,67,1102,66
vandoorne,-0.9697937270328825,-finish_position,10.0,0.97,2021,8,Styrian Grand Prix,67,1102,66
vettel,0.21731043549796694,-finish_position,10.0,0.97,2021,8,Styrian Grand Prix,67,1102,66
aitken,-0.16600666503430478,-finish_position,10.0,0.97,2021,9,Austrian Grand Prix,68,1120,67
albon,-0.33784474775918855,-finish_position,10.0,0.97,2021,9,Austrian Grand Prix,68,1120,67
alonso,-0.13190274570213328,-finish_position,10.0,0.97,2021,9,Austrian Grand Prix,68,1120,67
bottas,1.3939871915083109,-finish_position,10.0,0.97,2021,9,Austrian Grand Prix,68,1120,67
brendon_hartley,-0.44763031967730776,-finish_position,10.0,0.97,2021,9,Austrian Grand Prix,68,1120,67
ericsson,-0.3697259373593136,-finish_position,10.0,0.97,2021,9,Austrian Grand Prix,68,1120,67
gasly,0.6983617221424735,-finish_position,10.0,0.97,2021,9,Austrian Grand Prix,68,1120,67
giovinazzi,-1.0804981692059126,-finish_position,10.0,0.97,2021,9,Austrian Grand Prix,68,1120,67
grosjean,-0.03233423109673009,-finish_position,10.0,0.97,2021,9,Austrian Grand Prix,68,1120,67
hamilton,2.4863335006406992,-finish_position,10.0,0.97,2021,9,Austrian Grand Prix,68,1120,67
hulkenberg,-0.20475902284431297,-finish_position,10.0,0.97,2021,9,Austrian Grand Prix,68,1120,67
kevin_magnussen,0.0879347848989382,-finish_position,10.0,0.97,2021,9,Austrian Grand Prix,68,1120,67
kubica,-1.3114149473355292,-finish_position,10.0,0.97,2021,9,Austrian Grand Prix,68,1120,67
kvyat,-0.3921334238273873,-finish_position,10.0,0.97,2021,9,Austrian Grand Prix,68,1120,67
latifi,-1.3337276900971768,-finish_position,10.0,0.97,2021,9,Austrian Grand Prix,68,1120,67
leclerc,0.9757724682595348,-finish_position,10.0,0.97,2021,9,Austrian Grand Prix,68,1120,67
max_verstappen,2.755417895881271,-finish_position,10.0,0.97,2021,9,Austrian Grand Prix,68,1120,67
mazepin,-1.6886611854565243,-finish_position,10.0,0.97,2021,9,Austrian Grand Prix,68,1120,67
mick_schumacher,-1.3679144376027148,-finish_position,10.0,0.97,2021,9,Austrian Grand Prix,68,1120,67
norris,1.1475767954563214,-finish_position,10.0,0.97,2021,9,Austrian Grand Prix,68,1120,67
ocon,0.14422443148280362,-finish_position,10.0,0.97,2021,9,Austrian Grand Prix,68,1120,67
perez,1.0965145061423813,-finish_position,10.0,0.97,2021,9,Austrian Grand Prix,68,1120,67
pietro_fittipaldi,-0.6136464089604852,-finish_position,10.0,0.97,2021,9,Austrian Grand Prix,68,1120,67
raikkonen,0.16659540788083163,-finish_position,10.0,0.97,2021,9,Austrian Grand Prix,68,1120,67
ricciardo,0.8183613394422088,-finish_position,10.0,0.97,2021,9,Austrian Grand Prix,68,1120,67
russell,-0.9107994648555301,-finish_position,10.0,0.97,2021,9,Austrian Grand Prix,68,1120,67
sainz,0.6914709204590548,-finish_position,10.0,0.97,2021,9,Austrian Grand Prix,68,1120,67
sirotkin,-0.3111803838382523,-finish_position,10.0,0.97,2021,9,Austrian Grand Prix,68,1120,67
stroll,-0.16863961036516759,-finish_position,10.0,0.97,2021,9,Austrian Grand Prix,68,1120,67
tsunoda,-0.8097041486947419,-finish_position,10.0,0.97,2021,9,Austrian Grand Prix,68,1120,67
vandoorne,-0.9224965460745397,-finish_position,10.0,0.97,2021,9,Austrian Grand Prix,68,1120,67
vettel,0.1384691215924365,-finish_position,10.0,0.97,2021,9,Austrian Grand Prix,68,1120,67
aitken,-0.16442190406403503,-finish_position,10.0,0.97,2021,10,British Grand Prix,69,1138,68
albon,-0.33217056811625856,-finish_position,10.0,0.97,2021,10,British Grand Prix,69,1138,68
alonso,-0.12377412913588924,-finish_position,10.0,0.97,2021,10,British Grand Prix,69,1138,68
bottas,1.4507319313525309,-finish_position,10.0,0.97,2021,10,British Grand Prix,69,1138,68
brendon_hartley,-0.4357963092773367,-finish_position,10.0,0.97,2021,10,British Grand Prix,69,1138,68
ericsson,-0.36306849840730465,-finish_position,10.0,0.97,2021,10,British Grand Prix,69,1138,68
gasly,0.708827531667015,-finish_position,10.0,0.97,2021,10,British Grand Prix,69,1138,68
giovinazzi,-1.0705003149831003,-finish_position,10.0,0.97,2021,10,British Grand Prix,69,1138,68
grosjean,0.03421553912179525,-finish_position,10.0,0.97,2021,10,British Grand Prix,69,1138,68
hamilton,2.450117402585488,-finish_position,10.0,0.97,2021,10,British Grand Prix,69,1138,68
hulkenberg,-0.19546552780965068,-finish_position,10.0,0.97,2021,10,British Grand Prix,69,1138,68
kevin_magnussen,0.15446544825058608,-finish_position,10.0,0.97,2021,10,British Grand Prix,69,1138,68
kubica,-1.3046613385126873,-finish_position,10.0,0.97,2021,10,British Grand Prix,69,1138,68
kvyat,-0.3698914826047385,-finish_position,10.0,0.97,2021,10,British Grand Prix,69,1138,68
latifi,-1.3880777632388375,-finish_position,10.0,0.97,2021,10,British Grand Prix,69,1138,68
leclerc,0.9194470479449252,-finish_position,10.0,0.97,2021,10,British Grand Prix,69,1138,68
max_verstappen,2.813702604104881,-finish_position,10.0,0.97,2021,10,British Grand Prix,69,1138,68
mazepin,-1.841098522464845,-finish_position,10.0,0.97,2021,10,British Grand Prix,69,1138,68
mick_schumacher,-1.477366950771228,-finish_position,10.0,0.97,2021,10,British Grand Prix,69,1138,68
norris,1.2528134559553301,-finish_position,10.0,0.97,2021,10,British Grand Prix,69,1138,68
ocon,0.1463834632620239,-finish_position,10.0,0.97,2021,10,British Grand Prix,69,1138,68
perez,1.059693222499293,-finish_position,10.0,0.97,2021,10,British Grand Prix,69,1138,68
pietro_fittipaldi,-0.5832911940639393,-finish_position,10.0,0.97,2021,10,British Grand Prix,69,1138,68
raikkonen,0.10407550825450415,-finish_position,10.0,0.97,2021,10,British Grand Prix,69,1138,68
ricciardo,0.8375744929778177,-finish_position,10.0,0.97,2021,10,British Grand Prix,69,1138,68
russell,-0.8140430648932642,-finish_position,10.0,0.97,2021,10,British Grand Prix,69,1138,68
sainz,0.7223948772289386,-finish_position,10.0,0.97,2021,10,British Grand Prix,69,1138,68
sirotkin,-0.3153771087938815,-finish_position,10.0,0.97,2021,10,British Grand Prix,69,1138,68
stroll,-0.25201397175606377,-finish_position,10.0,0.97,2021,10,British Grand Prix,69,1138,68
tsunoda,-0.87004310773656,-finish_position,10.0,0.97,2021,10,British Grand Prix,69,1138,68
vandoorne,-0.9094753272799814,-finish_position,10.0,0.97,2021,10,British Grand Prix,69,1138,68
vettel,0.15609455870448297,-finish_position,10.0,0.97,2021,10,British Grand Prix,69,1138,68
aitken,-0.16401502085861017,-finish_position,10.0,0.97,2021,11,Hungarian Grand Prix,70,1156,69
albon,-0.22823486044658872,-finish_position,10.0,0.97,2021,11,Hungarian Grand Prix,70,1156,69
alonso,-0.03600775162327675,-finish_position,10.0,0.97,2021,11,Hungarian Grand Prix,70,1156,69
bottas,1.4491481005829787,-finish_position,10.0,0.97,2021,11,Hungarian Grand Prix,70,1156,69
brendon_hartley,-0.42812915289281117,-finish_position,10.0,0.97,2021,11,Hungarian Grand Prix,70,1156,69
ericsson,-0.3585777238556038,-finish_position,10.0,0.97,2021,11,Hungarian Grand Prix,70,1156,69
gasly,0.6692851658878883,-finish_position,10.0,0.97,2021,11,Hungarian Grand Prix,70,1156,69
giovinazzi,-1.0562585950704408,-finish_position,10.0,0.97,2021,11,Hungarian Grand Prix,70,1156,69
grosjean,0.062417295848082456,-finish_position,10.0,0.97,2021,11,Hungarian Grand Prix,70,1156,69
hamilton,2.4638140662574064,-finish_position,10.0,0.97,2021,11,Hungarian Grand Prix,70,1156,69
hulkenberg,-0.19210134578792917,-finish_position,10.0,0.97,2021,11,Hungarian Grand Prix,70,1156,69
kevin_magnussen,0.18184084579026302,-finish_position,10.0,0.97,2021,11,Hungarian Grand Prix,70,1156,69
kubica,-1.3045542527720424,-finish_position,10.0,0.97,2021,11,Hungarian Grand Prix,70,1156,69
kvyat,-0.3584083109445833,-finish_position,10.0,0.97,2021,11,Hungarian Grand Prix,70,1156,69
latifi,-1.3742434491041269,-finish_position,10.0,0.97,2021,11,Hungarian Grand Prix,70,1156,69
leclerc,0.9886473767976557,-finish_position,10.0,0.97,2021,11,Hungarian Grand Prix,70,1156,69
max_verstappen,2.9342115312727097,-finish_position,10.0,0.97,2021,11,Hungarian Grand Prix,70,1156,69
mazepin,-1.8835056940151322,-finish_position,10.0,0.97,2021,11,Hungarian Grand Prix,70,1156,69
mick_schumacher,-1.5935859684490798,-finish_position,10.0,0.97,2021,11,Hungarian Grand Prix,70,1156,69
norris,1.2848232923335194,-finish_position,10.0,0.97,2021,11,Hungarian Grand Prix,70,1156,69
ocon,0.13604240939871667,-finish_position,10.0,0.97,2021,11,Hungarian Grand Prix,70,1156,69
perez,0.7578217769034963,-finish_position,10.0,0.97,2021,11,Hungarian Grand Prix,70,1156,69
pietro_fittipaldi,-0.561810820265692,-finish_position,10.0,0.97,2021,11,Hungarian Grand Prix,70,1156,69
raikkonen,0.014284381085452054,-finish_position,10.0,0.97,2021,11,Hungarian Grand Prix,70,1156,69
ricciardo,0.9093870793281449,-finish_position,10.0,0.97,2021,11,Hungarian Grand Prix,70,1156,69
russell,-0.7711897600950735,-finish_position,10.0,0.97,2021,11,Hungarian Grand Prix,70,1156,69
sainz,0.6842437802734788,-finish_position,10.0,0.97,2021,11,Hungarian Grand Prix,70,1156,69
sirotkin,-0.32372295765601744,-finish_position,10.0,0.97,2021,11,Hungarian Grand Prix,70,1156,69
stroll,-0.2650388066663431,-finish_position,10.0,0.97,2021,11,Hungarian Grand Prix,70,1156,69
tsunoda,-0.8163139596426321,-finish_position,10.0,0.97,2021,11,Hungarian Grand Prix,70,1156,69
vandoorne,-0.9088642381534858,-finish_position,10.0,0.97,2021,11,Hungarian Grand Prix,70,1156,69
vettel,0.0885955665396938,-finish_position,10.0,0.97,2021,11,Hungarian Grand Prix,70,1156,69
aitken,-0.17291349252359772,-finish_position,10.0,0.97,2021,12,Belgian Grand Prix,71,1169,70
albon,-0.22889150054928672,-finish_position,10.0,0.97,2021,12,Belgian Grand Prix,71,1169,70
alonso,0.03595438617412757,-finish_position,10.0,0.97,2021,12,Belgian Grand Prix,71,1169,70
bottas,1.405875885168204,-finish_position,10.0,0.97,2021,12,Belgian Grand Prix,71,1169,70
brendon_hartley,-0.42999144601870964,-finish_position,10.0,0.97,2021,12,Belgian Grand Prix,71,1169,70
ericsson,-0.3699310261682383,-finish_position,10.0,0.97,2021,12,Belgian Grand Prix,71,1169,70
gasly,0.6767390978961766,-finish_position,10.0,0.97,2021,12,Belgian Grand Prix,71,1169,70
giovinazzi,-1.111245135074315,-finish_position,10.0,0.97,2021,12,Belgian Grand Prix,71,1169,70
grosjean,0.00296615840478368,-finish_position,10.0,0.97,2021,12,Belgian Grand Prix,71,1169,70
hamilton,2.4499335706543595,-finish_position,10.0,0.97,2021,12,Belgian Grand Prix,71,1169,70
hulkenberg,-0.19823336258859905,-finish_position,10.0,0.97,2021,12,Belgian Grand Prix,71,1169,70
kevin_magnussen,0.11960955617619758,-finish_position,10.0,0.97,2021,12,Belgian Grand Prix,71,1169,70
kubica,-1.3581687968862137,-finish_position,10.0,0.97,2021,12,Belgian Grand Prix,71,1169,70
kvyat,-0.4390795768004348,-finish_position,10.0,0.97,2021,12,Belgian Grand Prix,71,1169,70
latifi,-1.1861538474786246,-finish_position,10.0,0.97,2021,12,Belgian Grand Prix,71,1169,70
leclerc,0.9126541143577438,-finish_position,10.0,0.97,2021,12,Belgian Grand Prix,71,1169,70
max_verstappen,2.759688637315738,-finish_position,10.0,0.97,2021,12,Belgian Grand Prix,71,1169,70
mazepin,-1.8952373514695746,-finish_position,10.0,0.97,2021,12,Belgian Grand Prix,71,1169,70
mick_schumacher,-1.4633163822003332,-finish_position,10.0,0.97,2021,12,Belgian Grand Prix,71,1169,70
norris,1.3174244292116255,-finish_position,10.0,0.97,2021,12,Belgian Grand Prix,71,1169,70
ocon,0.29664670102248464,-finish_position,10.0,0.97,2021,12,Belgian Grand Prix,71,1169,70
perez,0.7301551145595879,-finish_position,10.0,0.97,2021,12,Belgian Grand Prix,71,1169,70
pietro_fittipaldi,-0.5593452668490078,-finish_position,10.0,0.97,2021,12,Belgian Grand Prix,71,1169,70
raikkonen,-0.0011355626052866018,-finish_position,10.0,0.97,2021,12,Belgian Grand Prix,71,1169,70
ricciardo,0.8218541948862739,-finish_position,10.0,0.97,2021,12,Belgian Grand Prix,71,1169,70
russell,-0.6988167487509926,-finish_position,10.0,0.97,2021,12,Belgian Grand Prix,71,1169,70
sainz,0.776982462398468,-finish_position,10.0,0.97,2021,12,Belgian Grand Prix,71,1169,70
sirotkin,-0.3660826182537484,-finish_position,10.0,0.97,2021,12,Belgian Grand Prix,71,1169,70
stroll,-0.3187449027258545,-finish_position,10.0,0.97,2021,12,Belgian Grand Prix,71,1169,70
tsunoda,-0.6599212866978125,-finish_position,10.0,0.97,2021,12,Belgian Grand Prix,71,1169,70
vandoorne,-0.8729353582296246,-finish_position,10.0,0.97,2021,12,Belgian Grand Prix,71,1169,70
vettel,0.02365935364448462,-finish_position,10.0,0.97,2021,12,Belgian Grand Prix,71,1169,70
aitken,-0.18185658406916097,-finish_position,10.0,0.97,2021,13,Dutch Grand Prix,72,1189,71
albon,-0.09675001431164147,-finish_position,10.0,0.97,2021,13,Dutch Grand Prix,72,1189,71
alonso,-0.04121513685626731,-finish_position,10.0,0.97,2021,13,Dutch Grand Prix,72,1189,71
bottas,1.2625289357163638,-finish_position,10.0,0.97,2021,13,Dutch Grand Prix,72,1189,71
brendon_hartley,-0.40852056464480113,-finish_position,10.0,0.97,2021,13,Dutch Grand Prix,72,1189,71
ericsson,-0.3555979638042941,-finish_position,10.0,0.97,2021,13,Dutch Grand Prix,72,1189,71
gasly,0.8138583192387838,-finish_position,10.0,0.97,2021,13,Dutch Grand Prix,72,1189,71
giovinazzi,-1.0372142473667691,-finish_position,10.0,0.97,2021,13,Dutch Grand Prix,72,1189,71
grosjean,0.024235542134017015,-finish_position,10.0,0.97,2021,13,Dutch Grand Prix,72,1189,71
hamilton,2.5236750446648406,-finish_position,10.0,0.97,2021,13,Dutch Grand Prix,72,1189,71
hulkenberg,-0.17931160861861495,-finish_position,10.0,0.97,2021,13,Dutch Grand Prix,72,1189,71
kevin_magnussen,0.13987787706827304,-finish_position,10.0,0.97,2021,13,Dutch Grand Prix,72,1189,71
kubica,-1.4131207736915945,-finish_position,10.0,0.97,2021,13,Dutch Grand Prix,72,1189,71
kvyat,-0.3943083480842102,-finish_position,10.0,0.97,2021,13,Dutch Grand Prix,72,1189,71
latifi,-1.106006383536118,-finish_position,10.0,0.97,2021,13,Dutch Grand Prix,72,1189,71
leclerc,0.9711814332835531,-finish_position,10.0,0.97,2021,13,Dutch Grand Prix,72,1189,71
max_verstappen,3.005121964483451,-finish_position,10.0,0.97,2021,13,Dutch Grand Prix,72,1189,71
mazepin,-1.9393308591275693,-finish_position,10.0,0.97,2021,13,Dutch Grand Prix,72,1189,71
mick_schumacher,-1.4795748035927327,-finish_position,10.0,0.97,2021,13,Dutch Grand Prix,72,1189,71
norris,1.0924136361449115,-finish_position,10.0,0.97,2021,13,Dutch Grand Prix,72,1189,71
ocon,0.38214982433343275,-finish_position,10.0,0.97,2021,13,Dutch Grand Prix,72,1189,71
perez,0.33673975798901684,-finish_position,10.0,0.97,2021,13,Dutch Grand Prix,72,1189,71
pietro_fittipaldi,-0.5401658900465127,-finish_position,10.0,0.97,2021,13,Dutch Grand Prix,72,1189,71
raikkonen,-0.09211965129293394,-finish_position,10.0,0.97,2021,13,Dutch Grand Prix,72,1189,71
ricciardo,0.9587289662930636,-finish_position,10.0,0.97,2021,13,Dutch Grand Prix,72,1189,71
russell,-0.4514320004258217,-finish_position,10.0,0.97,2021,13,Dutch Grand Prix,72,1189,71
sainz,0.7252718160265728,-finish_position,10.0,0.97,2021,13,Dutch Grand Prix,72,1189,71
sirotkin,-0.4088654266230032,-finish_position,10.0,0.97,2021,13,Dutch Grand Prix,72,1189,71
stroll,-0.6761295031129871,-finish_position,10.0,0.97,2021,13,Dutch Grand Prix,72,1189,71
tsunoda,-0.8628019436735799,-finish_position,10.0,0.97,2021,13,Dutch Grand Prix,72,1189,71
vandoorne,-0.8566328716262076,-finish_position,10.0,0.97,2021,13,Dutch Grand Prix,72,1189,71
vettel,0.28517145712853154,-finish_position,10.0,0.97,2021,13,Dutch Grand Prix,72,1189,71
aitken,-0.17724613788459417,-finish_position,10.0,0.97,2021,14,Italian Grand Prix,73,1206,72
albon,-0.09045181040886219,-finish_position,10.0,0.97,2021,14,Italian Grand Prix,73,1206,72
alonso,0.08285875102429262,-finish_position,10.0,0.97,2021,14,Italian Grand Prix,73,1206,72
bottas,1.2845210504845095,-finish_position,10.0,0.97,2021,14,Italian Grand Prix,73,1206,72
brendon_hartley,-0.39676753099588646,-finish_position,10.0,0.97,2021,14,Italian Grand Prix,73,1206,72
ericsson,-0.3472541211927246,-finish_position,10.0,0.97,2021,14,Italian Grand Prix,73,1206,72
gasly,0.9057482181075487,-finish_position,10.0,0.97,2021,14,Italian Grand Prix,73,1206,72
giovinazzi,-1.019643054332822,-finish_position,10.0,0.97,2021,14,Italian Grand Prix,73,1206,72
grosjean,0.03907830909042772,-finish_position,10.0,0.97,2021,14,Italian Grand Prix,73,1206,72
hamilton,2.5254303338013275,-finish_position,10.0,0.97,2021,14,Italian Grand Prix,73,1206,72
hulkenberg,-0.18801961511185858,-finish_position,10.0,0.97,2021,14,Italian Grand Prix,73,1206,72
kevin_magnussen,0.1535669007570506,-finish_position,10.0,0.97,2021,14,Italian Grand Prix,73,1206,72
kubica,-1.4869847369064084,-finish_position,10.0,0.97,2021,14,Italian Grand Prix,73,1206,72
kvyat,-0.4133844770801512,-finish_position,10.0,0.97,2021,14,Italian Grand Prix,73,1206,72
latifi,-1.1685990618827669,-finish_position,10.0,0.97,2021,14,Italian Grand Prix,73,1206,72
leclerc,0.9952176589395493,-finish_position,10.0,0.97,2021,14,Italian Grand Prix,73,1206,72
max_verstappen,3.0722493855944744,-finish_position,10.0,0.97,2021,14,Italian Grand Prix,73,1206,72
mazepin,-1.8948817431854466,-finish_position,10.0,0.97,2021,14,Italian Grand Prix,73,1206,72
mick_schumacher,-1.5909354158314015,-finish_position,10.0,0.97,2021,14,Italian Grand Prix,73,1206,72
norris,1.065184511330056,-finish_position,10.0,0.97,2021,14,Italian Grand Prix,73,1206,72
ocon,0.3450996850544505,-finish_position,10.0,0.97,2021,14,Italian Grand Prix,73,1206,72
perez,0.29852715730683993,-finish_position,10.0,0.97,2021,14,Italian Grand Prix,73,1206,72
pietro_fittipaldi,-0.5224516462174585,-finish_position,10.0,0.97,2021,14,Italian Grand Prix,73,1206,72
raikkonen,-0.05677375582758177,-finish_position,10.0,0.97,2021,14,Italian Grand Prix,73,1206,72
ricciardo,0.8741898994344278,-finish_position,10.0,0.97,2021,14,Italian Grand Prix,73,1206,72
russell,-0.45375259358738146,-finish_position,10.0,0.97,2021,14,Italian Grand Prix,73,1206,72
sainz,0.7322956517091275,-finish_position,10.0,0.97,2021,14,Italian Grand Prix,73,1206,72
sirotkin,-0.40166512608375776,-finish_position,10.0,0.97,2021,14,Italian Grand Prix,73,1206,72
stroll,-0.6706874261156828,-finish_position,10.0,0.97,2021,14,Italian Grand Prix,73,1206,72
tsunoda,-0.8851215062655768,-finish_position,10.0,0.97,2021,14,Italian Grand Prix,73,1206,72
vandoorne,-0.8187947566766636,-finish_position,10.0,0.97,2021,14,Italian Grand Prix,73,1206,72
vettel,0.2094470029529223,-finish_position,10.0,0.97,2021,14,Italian Grand Prix,73,1206,72
aitken,-0.17831980307591203,-finish_position,10.0,0.97,2021,15,Russian Grand Prix,74,1221,73
albon,-0.1096003383788215,-finish_position,10.0,0.97,2021,15,Russian Grand Prix,74,1221,73
alonso,0.10881242152597131,-finish_position,10.0,0.97,2021,15,Russian Grand Prix,74,1221,73
bottas,1.3030320988880375,-finish_position,10.0,0.97,2021,15,Russian Grand Prix,74,1221,73
brendon_hartley,-0.39336472623586527,-finish_position,10.0,0.97,2021,15,Russian Grand Prix,74,1221,73
ericsson,-0.34700110278751045,-finish_position,10.0,0.97,2021,15,Russian Grand Prix,74,1221,73
gasly,0.8802147213371228,-finish_position,10.0,0.97,2021,15,Russian Grand Prix,74,1221,73
giovinazzi,-1.0272735930817585,-finish_position,10.0,0.97,2021,15,Russian Grand Prix,74,1221,73
grosjean,0.019099046158778724,-finish_position,10.0,0.97,2021,15,Russian Grand Prix,74,1221,73
hamilton,2.48706247449291,-finish_position,10.0,0.97,2021,15,Russian Grand Prix,74,1221,73
hulkenberg,-0.173078408412418,-finish_position,10.0,0.97,2021,15,Russian Grand Prix,74,1221,73
kevin_magnussen,0.13158266589325365,-finish_position,10.0,0.97,2021,15,Russian Grand Prix,74,1221,73
kubica,-1.5289892987170066,-finish_position,10.0,0.97,2021,15,Russian Grand Prix,74,1221,73
kvyat,-0.4232212817235985,-finish_position,10.0,0.97,2021,15,Russian Grand Prix,74,1221,73
latifi,-1.1101256607108023,-finish_position,10.0,0.97,2021,15,Russian Grand Prix,74,1221,73
leclerc,0.9938822116428673,-finish_position,10.0,0.97,2021,15,Russian Grand Prix,74,1221,73
max_verstappen,3.0198388742593987,-finish_position,10.0,0.97,2021,15,Russian Grand Prix,74,1221,73
mazepin,-1.8780906575108605,-finish_position,10.0,0.97,2021,15,Russian Grand Prix,74,1221,73
mick_schumacher,-1.5854539314453573,-finish_position,10.0,0.97,2021,15,Russian Grand Prix,74,1221,73
norris,1.09690862799023,-finish_position,10.0,0.97,2021,15,Russian Grand Prix,74,1221,73
ocon,0.3021682660264321,-finish_position,10.0,0.97,2021,15,Russian Grand Prix,74,1221,73
perez,0.3462217181430892,-finish_position,10.0,0.97,2021,15,Russian Grand Prix,74,1221,73
pietro_fittipaldi,-0.5117696913584288,-finish_position,10.0,0.97,2021,15,Russian Grand Prix,74,1221,73
raikkonen,-0.0781308467781445,-finish_position,10.0,0.97,2021,15,Russian Grand Prix,74,1221,73
ricciardo,1.0028019573838807,-finish_position,10.0,0.97,2021,15,Russian Grand Prix,74,1221,73
russell,-0.37684375232026285,-finish_position,10.0,0.97,2021,15,Russian Grand Prix,74,1221,73
sainz,0.6565330393146867,-finish_position,10.0,0.97,2021,15,Russian Grand Prix,74,1221,73
sirotkin,-0.41653080575888746,-finish_position,10.0,0.97,2021,15,Russian Grand Prix,74,1221,73
stroll,-0.5731999502912942,-finish_position,10.0,0.97,2021,15,Russian Grand Prix,74,1221,73
tsunoda,-0.8799155543072554,-finish_position,10.0,0.97,2021,15,Russian Grand Prix,74,1221,73
vandoorne,-0.8388396224515476,-finish_position,10.0,0.97,2021,15,Russian Grand Prix,74,1221,73
vettel,0.08159090228905402,-finish_position,10.0,0.97,2021,15,Russian Grand Prix,74,1221,73
aitken,-0.1759831831191605,-finish_position,10.0,0.97,2021,16,Turkish Grand Prix,75,1239,74
albon,-0.08649097379170666,-finish_position,10.0,0.97,2021,16,Turkish Grand Prix,75,1239,74
alonso,0.2816796681921866,-finish_position,10.0,0.97,2021,16,Turkish Grand Prix,75,1239,74
bottas,1.2838114238967235,-finish_position,10.0,0.97,2021,16,Turkish Grand Prix,75,1239,74
brendon_hartley,-0.38089567364906574,-finish_position,10.0,0.97,2021,16,Turkish Grand Prix,75,1239,74
ericsson,-0.3432845023859719,-finish_position,10.0,0.97,2021,16,Turkish Grand Prix,75,1239,74
gasly,0.8538121417755447,-finish_position,10.0,0.97,2021,16,Turkish Grand Prix,75,1239,74
giovinazzi,-1.1218595401880962,-finish_position,10.0,0.97,2021,16,Turkish Grand Prix,75,1239,74
grosjean,0.037340853403712765,-finish_position,10.0,0.97,2021,16,Turkish Grand Prix,75,1239,74
hamilton,2.5332603417680613,-finish_position,10.0,0.97,2021,16,Turkish Grand Prix,75,1239,74
hulkenberg,-0.15896127851567554,-finish_position,10.0,0.97,2021,16,Turkish Grand Prix,75,1239,74
kevin_magnussen,0.14881228939971824,-finish_position,10.0,0.97,2021,16,Turkish Grand Prix,75,1239,74
kubica,-1.5172623517518433,-finish_position,10.0,0.97,2021,16,Turkish Grand Prix,75,1239,74
kvyat,-0.34204545825015303,-finish_position,10.0,0.97,2021,16,Turkish Grand Prix,75,1239,74
latifi,-1.1231653697871666,-finish_position,10.0,0.97,2021,16,Turkish Grand Prix,75,1239,74
leclerc,0.7509609370393072,-finish_position,10.0,0.97,2021,16,Turkish Grand Prix,75,1239,74
max_verstappen,3.081109784978385,-finish_position,10.0,0.97,2021,16,Turkish Grand Prix,75,1239,74
mazepin,-1.9751339878393774,-finish_position,10.0,0.97,2021,16,Turkish Grand Prix,75,1239,74
mick_schumacher,-1.545594531386958,-finish_position,10.0,0.97,2021,16,Turkish Grand Prix,75,1239,74
norris,1.0915397161874256,-finish_position,10.0,0.97,2021,16,Turkish Grand Prix,75,1239,74
ocon,0.16634330381826087,-finish_position,10.0,0.97,2021,16,Turkish Grand Prix,75,1239,74
perez,0.2936119250777101,-finish_position,10.0,0.97,2021,16,Turkish Grand Prix,75,1239,74
pietro_fittipaldi,-0.4948023755481932,-finish_position,10.0,0.97,2021,16,Turkish Grand Prix,75,1239,74
raikkonen,0.02110945513058019,-finish_position,10.0,0.97,2021,16,Turkish Grand Prix,75,1239,74
ricciardo,1.0980873048232649,-finish_position,10.0,0.97,2021,16,Turkish Grand Prix,75,1239,74
russell,-0.2954774101221331,-finish_position,10.0,0.97,2021,16,Turkish Grand Prix,75,1239,74
sainz,0.7560708163785932,-finish_position,10.0,0.97,2021,16,Turkish Grand Prix,75,1239,74
sirotkin,-0.4155992729437483,-finish_position,10.0,0.97,2021,16,Turkish Grand Prix,75,1239,74
stroll,-0.5550127267964771,-finish_position,10.0,0.97,2021,16,Turkish Grand Prix,75,1239,74
tsunoda,-1.0989574287950143,-finish_position,10.0,0.97,2021,16,Turkish Grand Prix,75,1239,74
vandoorne,-0.8213445613010689,-finish_position,10.0,0.97,2021,16,Turkish Grand Prix,75,1239,74
vettel,0.054320664302321624,-finish_position,10.0,0.97,2021,16,Turkish Grand Prix,75,1239,74
aitken,-0.16725864142641136,-finish_position,10.0,0.97,2021,17,United States Grand Prix,76,1259,75
albon,-0.1042579379310481,-finish_position,10.0,0.97,2021,17,United States Grand Prix,76,1259,75
alonso,0.1008374213648349,-finish_position,10.0,0.97,2021,17,United States Grand Prix,76,1259,75
bottas,1.3808824818011103,-finish_position,10.0,0.97,2021,17,United States Grand Prix,76,1259,75
brendon_hartley,-0.36516566049726173,-finish_position,10.0,0.97,2021,17,United States Grand Prix,76,1259,75
ericsson,-0.3267407933061445,-finish_position,10.0,0.97,2021,17,United States Grand Prix,76,1259,75
gasly,0.9448046726171282,-finish_position,10.0,0.97,2021,17,United States Grand Prix,76,1259,75
giovinazzi,-1.063486338943579,-finish_position,10.0,0.97,2021,17,United States Grand Prix,76,1259,75
grosjean,0.10538458528545855,-finish_position,10.0,0.97,2021,17,United States Grand Prix,76,1259,75
hamilton,2.4798824319959722,-finish_position,10.0,0.97,2021,17,United States Grand Prix,76,1259,75
hulkenberg,-0.15629364426548936,-finish_position,10.0,0.97,2021,17,United States Grand Prix,76,1259,75
kevin_magnussen,0.21701637240679672,-finish_position,10.0,0.97,2021,17,United States Grand Prix,76,1259,75
kubica,-1.4711662780426058,-finish_position,10.0,0.97,2021,17,United States Grand Prix,76,1259,75
kvyat,-0.3179065688242627,-finish_position,10.0,0.97,2021,17,United States Grand Prix,76,1259,75
latifi,-1.176763173445223,-finish_position,10.0,0.97,2021,17,United States Grand Prix,76,1259,75
leclerc,0.8027514889370871,-finish_position,10.0,0.97,2021,17,United States Grand Prix,76,1259,75
max_verstappen,3.074422147591041,-finish_position,10.0,0.97,2021,17,United States Grand Prix,76,1259,75
mazepin,-2.1145652607393037,-finish_position,10.0,0.97,2021,17,United States Grand Prix,76,1259,75
mick_schumacher,-1.636663007657847,-finish_position,10.0,0.97,2021,17,United States Grand Prix,76,1259,75
norris,1.1515406472416498,-finish_position,10.0,0.97,2021,17,United States Grand Prix,76,1259,75
ocon,0.21443682808039047,-finish_position,10.0,0.97,2021,17,United States Grand Prix,76,1259,75
perez,0.42142935362623424,-finish_position,10.0,0.97,2021,17,United States Grand Prix,76,1259,75
pietro_fittipaldi,-0.468034619895376,-finish_position,10.0,0.97,2021,17,United States Grand Prix,76,1259,75
raikkonen,0.007367294111862937,-finish_position,10.0,0.97,2021,17,United States Grand Prix,76,1259,75
ricciardo,0.9593238974439097,-finish_position,10.0,0.97,2021,17,United States Grand Prix,76,1259,75
russell,-0.30547126438673494,-finish_position,10.0,0.97,2021,17,United States Grand Prix,76,1259,75
sainz,0.7265549437084128,-finish_position,10.0,0.97,2021,17,United States Grand Prix,76,1259,75
sirotkin,-0.39153250683417096,-finish_position,10.0,0.97,2021,17,United States Grand Prix,76,1259,75
stroll,-0.38752686914095835,-finish_position,10.0,0.97,2021,17,United States Grand Prix,76,1259,75
tsunoda,-1.2235850489779208,-finish_position,10.0,0.97,2021,17,United States Grand Prix,76,1259,75
vandoorne,-0.7852129658692475,-finish_position,10.0,0.97,2021,17,United States Grand Prix,76,1259,75
vettel,-0.125003986028294,-finish_position,10.0,0.97,2021,17,United States Grand Prix,76,1259,75
aitken,-0.16242518483712545,-finish_position,10.0,0.97,2021,18,Mexico City Grand Prix,77,1276,76
albon,-0.14518000887404497,-finish_position,10.0,0.97,2021,18,Mexico City Grand Prix,77,1276,76
alonso,0.09214240898833567,-finish_position,10.0,0.97,2021,18,Mexico City Grand Prix,77,1276,76
bottas,1.3340377253345888,-finish_position,10.0,0.97,2021,18,Mexico City Grand Prix,77,1276,76
brendon_hartley,-0.36095430925743766,-finish_position,10.0,0.97,2021,18,Mexico City Grand Prix,77,1276,76
ericsson,-0.3207012950230991,-finish_position,10.0,0.97,2021,18,Mexico City Grand Prix,77,1276,76
gasly,0.9057704037781493,-finish_position,10.0,0.97,2021,18,Mexico City Grand Prix,77,1276,76
giovinazzi,-1.0186599252160997,-finish_position,10.0,0.97,2021,18,Mexico City Grand Prix,77,1276,76
grosjean,0.10727372320309765,-finish_position,10.0,0.97,2021,18,Mexico City Grand Prix,77,1276,76
hamilton,2.501040277744725,-finish_position,10.0,0.97,2021,18,Mexico City Grand Prix,77,1276,76
hulkenberg,-0.14756145886656738,-finish_position,10.0,0.97,2021,18,Mexico City Grand Prix,77,1276,76
kevin_magnussen,0.21737828365046025,-finish_position,10.0,0.97,2021,18,Mexico City Grand Prix,77,1276,76
kubica,-1.4495672957239176,-finish_position,10.0,0.97,2021,18,Mexico City Grand Prix,77,1276,76
kvyat,-0.3340057023217875,-finish_position,10.0,0.97,2021,18,Mexico City Grand Prix,77,1276,76
latifi,-1.1994793026098807,-finish_position,10.0,0.97,2021,18,Mexico City Grand Prix,77,1276,76
leclerc,0.8600096313170281,-finish_position,10.0,0.97,2021,18,Mexico City Grand Prix,77,1276,76
max_verstappen,3.0694199974344123,-finish_position,10.0,0.97,2021,18,Mexico City Grand Prix,77,1276,76
mazepin,-2.143182625388852,-finish_position,10.0,0.97,2021,18,Mexico City Grand Prix,77,1276,76
mick_schumacher,-1.6453779357568468,-finish_position,10.0,0.97,2021,18,Mexico City Grand Prix,77,1276,76
norris,1.0911454443600996,-finish_position,10.0,0.97,2021,18,Mexico City Grand Prix,77,1276,76
ocon,0.21250457508622753,-finish_position,10.0,0.97,2021,18,Mexico City Grand Prix,77,1276,76
perez,0.4905474223181945,-finish_position,10.0,0.97,2021,18,Mexico City Grand Prix,77,1276,76
pietro_fittipaldi,-0.45413360450587265,-finish_position,10.0,0.97,2021,18,Mexico City Grand Prix,77,1276,76
raikkonen,-0.042308330494540546,-finish_position,10.0,0.97,2021,18,Mexico City Grand Prix,77,1276,76
ricciardo,1.004941217567727,-finish_position,10.0,0.97,2021,18,Mexico City Grand Prix,77,1276,76
russell,-0.32974830895194407,-finish_position,10.0,0.97,2021,18,Mexico City Grand Prix,77,1276,76
sainz,0.6925773841325025,-finish_position,10.0,0.97,2021,18,Mexico City Grand Prix,77,1276,76
sirotkin,-0.3833707021827878,-finish_position,10.0,0.97,2021,18,Mexico City Grand Prix,77,1276,76
stroll,-0.4135460015502207,-finish_position,10.0,0.97,2021,18,Mexico City Grand Prix,77,1276,76
tsunoda,-1.1384425985336586,-finish_position,10.0,0.97,2021,18,Mexico City Grand Prix,77,1276,76
vandoorne,-0.776540044395236,-finish_position,10.0,0.97,2021,18,Mexico City Grand Prix,77,1276,76
vettel,-0.11360386042563879,-finish_position,10.0,0.97,2021,18,Mexico City Grand Prix,77,1276,76
aitken,-0.15614458744307103,-finish_position,10.0,0.97,2021,19,São Paulo Grand Prix,78,1294,77
albon,-0.17643650335932573,-finish_position,10.0,0.97,2021,19,São Paulo Grand Prix,78,1294,77
alonso,0.16240648555765236,-finish_position,10.0,0.97,2021,19,São Paulo Grand Prix,78,1294,77
bottas,1.1222339527747804,-finish_position,10.0,0.97,2021,19,São Paulo Grand Prix,78,1294,77
brendon_hartley,-0.3512840758000765,-finish_position,10.0,0.97,2021,19,São Paulo Grand Prix,78,1294,77
ericsson,-0.31143226021618337,-finish_position,10.0,0.97,2021,19,São Paulo Grand Prix,78,1294,77
gasly,0.9912548440062161,-finish_position,10.0,0.97,2021,19,São Paulo Grand Prix,78,1294,77
giovinazzi,-1.0116125790585127,-finish_position,10.0,0.97,2021,19,São Paulo Grand Prix,78,1294,77
grosjean,0.11530053365054195,-finish_position,10.0,0.97,2021,19,São Paulo Grand Prix,78,1294,77
hamilton,2.6000836581180553,-finish_position,10.0,0.97,2021,19,São Paulo Grand Prix,78,1294,77
hulkenberg,-0.15890939274749125,-finish_position,10.0,0.97,2021,19,São Paulo Grand Prix,78,1294,77
kevin_magnussen,0.2242378207728459,-finish_position,10.0,0.97,2021,19,São Paulo Grand Prix,78,1294,77
kubica,-1.4192668817094725,-finish_position,10.0,0.97,2021,19,São Paulo Grand Prix,78,1294,77
kvyat,-0.3527209713375724,-finish_position,10.0,0.97,2021,19,São Paulo Grand Prix,78,1294,77
latifi,-1.26179499175183,-finish_position,10.0,0.97,2021,19,São Paulo Grand Prix,78,1294,77
leclerc,0.920777519405272,-finish_position,10.0,0.97,2021,19,São Paulo Grand Prix,78,1294,77
max_verstappen,3.068747679843872,-finish_position,10.0,0.97,2021,19,São Paulo Grand Prix,78,1294,77
mazepin,-2.211411431863495,-finish_position,10.0,0.97,2021,19,São Paulo Grand Prix,78,1294,77
mick_schumacher,-1.6135069942477314,-finish_position,10.0,0.97,2021,19,São Paulo Grand Prix,78,1294,77
norris,1.0791840339217431,-finish_position,10.0,0.97,2021,19,São Paulo Grand Prix,78,1294,77
ocon,0.11516490171225907,-finish_position,10.0,0.97,2021,19,São Paulo Grand Prix,78,1294,77
perez,0.5537224647418745,-finish_position,10.0,0.97,2021,19,São Paulo Grand Prix,78,1294,77
pietro_fittipaldi,-0.44066334210634506,-finish_position,10.0,0.97,2021,19,São Paulo Grand Prix,78,1294,77
raikkonen,0.0173718799048319,-finish_position,10.0,0.97,2021,19,São Paulo Grand Prix,78,1294,77
ricciardo,0.9002291499229019,-finish_position,10.0,0.97,2021,19,São Paulo Grand Prix,78,1294,77
russell,-0.3837486787729625,-finish_position,10.0,0.97,2021,19,São Paulo Grand Prix,78,1294,77
sainz,0.7446378871691652,-finish_position,10.0,0.97,2021,19,São Paulo Grand Prix,78,1294,77
sirotkin,-0.36627410038893465,-finish_position,10.0,0.97,2021,19,São Paulo Grand Prix,78,1294,77
stroll,-0.49956286727506805,-finish_position,10.0,0.97,2021,19,São Paulo Grand Prix,78,1294,77
tsunoda,-1.1608700316816358,-finish_position,10.0,0.97,2021,19,São Paulo Grand Prix,78,1294,77
vandoorne,-0.7382912420992203,-finish_position,10.0,0.97,2021,19,São Paulo Grand Prix,78,1294,77
vettel,-0.0014218796430969485,-finish_position,10.0,0.97,2021,19,São Paulo Grand Prix,78,1294,77
aitken,-0.15162444441375877,-finish_position,10.0,0.97,2021,20,Qatar Grand Prix,79,1312,78
albon,-0.19056288907155583,-finish_position,10.0,0.97,2021,20,Qatar Grand Prix,79,1312,78
alonso,0.15813521154450097,-finish_position,10.0,0.97,2021,20,Qatar Grand Prix,79,1312,78
bottas,1.1408797789029825,-finish_position,10.0,0.97,2021,20,Qatar Grand Prix,79,1312,78
brendon_hartley,-0.34140846144336756,-finish_position,10.0,0.97,2021,20,Qatar Grand Prix,79,1312,78
ericsson,-0.30403518266361296,-finish_position,10.0,0.97,2021,20,Qatar Grand Prix,79,1312,78
gasly,1.0503445935352769,-finish_position,10.0,0.97,2021,20,Qatar Grand Prix,79,1312,78
giovinazzi,-1.0348634438832591,-finish_position,10.0,0.97,2021,20,Qatar Grand Prix,79,1312,78
grosjean,0.13287092722416732,-finish_position,10.0,0.97,2021,20,Qatar Grand Prix,79,1312,78
hamilton,2.618071787961894,-finish_position,10.0,0.97,2021,20,Qatar Grand Prix,79,1312,78
hulkenberg,-0.1488022133447114,-finish_position,10.0,0.97,2021,20,Qatar Grand Prix,79,1312,78
kevin_magnussen,0.2407844297433668,-finish_position,10.0,0.97,2021,20,Qatar Grand Prix,79,1312,78
kubica,-1.3922866251726267,-finish_position,10.0,0.97,2021,20,Qatar Grand Prix,79,1312,78
kvyat,-0.3312148256293374,-finish_position,10.0,0.97,2021,20,Qatar Grand Prix,79,1312,78
latifi,-1.308432664482055,-finish_position,10.0,0.97,2021,20,Qatar Grand Prix,79,1312,78
leclerc,0.9443285793884173,-finish_position,10.0,0.97,2021,20,Qatar Grand Prix,79,1312,78
max_verstappen,3.063266812825795,-finish_position,10.0,0.97,2021,20,Qatar Grand Prix,79,1312,78
mazepin,-2.215345276147908,-finish_position,10.0,0.97,2021,20,Qatar Grand Prix,79,1312,78
mick_schumacher,-1.6924214446369805,-finish_position,10.0,0.97,2021,20,Qatar Grand Prix,79,1312,78
norris,1.0173673715341602,-finish_position,10.0,0.97,2021,20,Qatar Grand Prix,79,1312,78
ocon,0.15058780370830374,-finish_position,10.0,0.97,2021,20,Qatar Grand Prix,79,1312,78
perez,0.6060795037761764,-finish_position,10.0,0.97,2021,20,Qatar Grand Prix,79,1312,78
pietro_fittipaldi,-0.42508523007426435,-finish_position,10.0,0.97,2021,20,Qatar Grand Prix,79,1312,78
raikkonen,0.011543013443188836,-finish_position,10.0,0.97,2021,20,Qatar Grand Prix,79,1312,78
ricciardo,0.9039943253848702,-finish_position,10.0,0.97,2021,20,Qatar Grand Prix,79,1312,78
russell,-0.36893462267653626,-finish_position,10.0,0.97,2021,20,Qatar Grand Prix,79,1312,78
sainz,0.7571584712753939,-finish_position,10.0,0.97,2021,20,Qatar Grand Prix,79,1312,78
sirotkin,-0.35708135594446416,-finish_position,10.0,0.97,2021,20,Qatar Grand Prix,79,1312,78
stroll,-0.4789284026688919,-finish_position,10.0,0.97,2021,20,Qatar Grand Prix,79,1312,78
tsunoda,-1.31697602583801,-finish_position,10.0,0.97,2021,20,Qatar Grand Prix,79,1312,78
vandoorne,-0.7160189950134536,-finish_position,10.0,0.97,2021,20,Qatar Grand Prix,79,1312,78
vettel,-0.021390507143706716,-finish_position,10.0,0.97,2021,20,Qatar Grand Prix,79,1312,78
aitken,-0.14613774973192722,-finish_position,10.0,0.97,2021,21,Saudi Arabian Grand Prix,80,1330,79
albon,-0.21295430249020422,-finish_position,10.0,0.97,2021,21,Saudi Arabian Grand Prix,80,1330,79
alonso,0.2850774284546388,-finish_position,10.0,0.97,2021,21,Saudi Arabian Grand Prix,80,1330,79
bottas,1.115530139172561,-finish_position,10.0,0.97,2021,21,Saudi Arabian Grand Prix,80,1330,79
brendon_hartley,-0.33647781094668283,-finish_position,10.0,0.97,2021,21,Saudi Arabian Grand Prix,80,1330,79
ericsson,-0.3006501031056525,-finish_position,10.0,0.97,2021,21,Saudi Arabian Grand Prix,80,1330,79
gasly,0.9994034173428383,-finish_position,10.0,0.97,2021,21,Saudi Arabian Grand Prix,80,1330,79
giovinazzi,-1.0634820560290268,-finish_position,10.0,0.97,2021,21,Saudi Arabian Grand Prix,80,1330,79
grosjean,0.13900128786730426,-finish_position,10.0,0.97,2021,21,Saudi Arabian Grand Prix,80,1330,79
hamilton,2.6430889291277966,-finish_position,10.0,0.97,2021,21,Saudi Arabian Grand Prix,80,1330,79
hulkenberg,-0.1519681935467784,-finish_position,10.0,0.97,2021,21,Saudi Arabian Grand Prix,80,1330,79
kevin_magnussen,0.245604452176131,-finish_position,10.0,0.97,2021,21,Saudi Arabian Grand Prix,80,1330,79
kubica,-1.356396392096889,-finish_position,10.0,0.97,2021,21,Saudi Arabian Grand Prix,80,1330,79
kvyat,-0.31101608344665654,-finish_position,10.0,0.97,2021,21,Saudi Arabian Grand Prix,80,1330,79
latifi,-1.2787593304176075,-finish_position,10.0,0.97,2021,21,Saudi Arabian Grand Prix,80,1330,79
leclerc,0.9045278462373697,-finish_position,10.0,0.97,2021,21,Saudi Arabian Grand Prix,80,1330,79
max_verstappen,3.047409415556225,-finish_position,10.0,0.97,2021,21,Saudi Arabian Grand Prix,80,1330,79
mazepin,-2.2721855268168065,-finish_position,10.0,0.97,2021,21,Saudi Arabian Grand Prix,80,1330,79
mick_schumacher,-1.6901893034634285,-finish_position,10.0,0.97,2021,21,Saudi Arabian Grand Prix,80,1330,79
norris,1.024095041754492,-finish_position,10.0,0.97,2021,21,Saudi Arabian Grand Prix,80,1330,79
ocon,0.18979615713388143,-finish_position,10.0,0.97,2021,21,Saudi Arabian Grand Prix,80,1330,79
perez,0.6532766743043974,-finish_position,10.0,0.97,2021,21,Saudi Arabian Grand Prix,80,1330,79
pietro_fittipaldi,-0.4120114312321464,-finish_position,10.0,0.97,2021,21,Saudi Arabian Grand Prix,80,1330,79
raikkonen,-0.026271006248524333,-finish_position,10.0,0.97,2021,21,Saudi Arabian Grand Prix,80,1330,79
ricciardo,0.8019679272818685,-finish_position,10.0,0.97,2021,21,Saudi Arabian Grand Prix,80,1330,79
russell,-0.46057672243502107,-finish_position,10.0,0.97,2021,21,Saudi Arabian Grand Prix,80,1330,79
sainz,0.7672987120007249,-finish_position,10.0,0.97,2021,21,Saudi Arabian Grand Prix,80,1330,79
sirotkin,-0.3438752447921731,-finish_position,10.0,0.97,2021,21,Saudi Arabian Grand Prix,80,1330,79
stroll,-0.3655850810663601,-finish_position,10.0,0.97,2021,21,Saudi Arabian Grand Prix,80,1330,79
tsunoda,-1.3563868111438837,-finish_position,10.0,0.97,2021,21,Saudi Arabian Grand Prix,80,1330,79
vandoorne,-0.6846825254853859,-finish_position,10.0,0.97,2021,21,Saudi Arabian Grand Prix,80,1330,79
vettel,-0.04647175391505533,-finish_position,10.0,0.97,2021,21,Saudi Arabian Grand Prix,80,1330,79
aitken,-0.14415607242045744,-finish_position,10.0,0.97,2021,22,Abu Dhabi Grand Prix,81,1345,80
albon,-0.21173016700214417,-finish_position,10.0,0.97,2021,22,Abu Dhabi Grand Prix,81,1345,80
alonso,0.10398206464869647,-finish_position,10.0,0.97,2021,22,Abu Dhabi Grand Prix,81,1345,80
bottas,1.1301686637089605,-finish_position,10.0,0.97,2021,22,Abu Dhabi Grand Prix,81,1345,80
brendon_hartley,-0.32800726846976413,-finish_position,10.0,0.97,2021,22,Abu Dhabi Grand Prix,81,1345,80
ericsson,-0.2958878218318455,-finish_position,10.0,0.97,2021,22,Abu Dhabi Grand Prix,81,1345,80
gasly,1.067069194788093,-finish_position,10.0,0.97,2021,22,Abu Dhabi Grand Prix,81,1345,80
giovinazzi,-0.9612952666909536,-finish_position,10.0,0.97,2021,22,Abu Dhabi Grand Prix,81,1345,80
grosjean,0.12598436612380032,-finish_position,10.0,0.97,2021,22,Abu Dhabi Grand Prix,81,1345,80
hamilton,2.653981056773161,-finish_position,10.0,0.97,2021,22,Abu Dhabi Grand Prix,81,1345,80
hulkenberg,-0.1327982929152739,-finish_position,10.0,0.97,2021,22,Abu Dhabi Grand Prix,81,1345,80
kevin_magnussen,0.23076027656981327,-finish_position,10.0,0.97,2021,22,Abu Dhabi Grand Prix,81,1345,80
kubica,-1.345397504419278,-finish_position,10.0,0.97,2021,22,Abu Dhabi Grand Prix,81,1345,80
kvyat,-0.30602265080801666,-finish_position,10.0,0.97,2021,22,Abu Dhabi Grand Prix,81,1345,80
latifi,-1.2167563075872498,-finish_position,10.0,0.97,2021,22,Abu Dhabi Grand Prix,81,1345,80
leclerc,0.8987643644898504,-finish_position,10.0,0.97,2021,22,Abu Dhabi Grand Prix,81,1345,80
max_verstappen,3.0652968097684306,-finish_position,10.0,0.97,2021,22,Abu Dhabi Grand Prix,81,1345,80
mazepin,-2.252040794172619,-finish_position,10.0,0.97,2021,22,Abu Dhabi Grand Prix,81,1345,80
mick_schumacher,-1.679862921826779,-finish_position,10.0,0.97,2021,22,Abu Dhabi Grand Prix,81,1345,80
norris,0.9209644805150619,-finish_position,10.0,0.97,2021,22,Abu Dhabi Grand Prix,81,1345,80
ocon,0.3427415865829955,-finish_position,10.0,0.97,2021,22,Abu Dhabi Grand Prix,81,1345,80
perez,0.6467330326001567,-finish_position,10.0,0.97,2021,22,Abu Dhabi Grand Prix,81,1345,80
pietro_fittipaldi,-0.4026984170970136,-finish_position,10.0,0.97,2021,22,Abu Dhabi Grand Prix,81,1345,80
raikkonen,-0.1220821694899617,-finish_position,10.0,0.97,2021,22,Abu Dhabi Grand Prix,81,1345,80
ricciardo,0.8712244689837596,-finish_position,10.0,0.97,2021,22,Abu Dhabi Grand Prix,81,1345,80
russell,-0.4881077245040516,-finish_position,10.0,0.97,2021,22,Abu Dhabi Grand Prix,81,1345,80
sainz,0.7271478508379551,-finish_position,10.0,0.97,2021,22,Abu Dhabi Grand Prix,81,1345,80
sirotkin,-0.34409276442840675,-finish_position,10.0,0.97,2021,22,Abu Dhabi Grand Prix,81,1345,80
stroll,-0.37711189944126444,-finish_position,10.0,0.97,2021,22,Abu Dhabi Grand Prix,81,1345,80
tsunoda,-1.4666311404405208,-finish_position,10.0,0.97,2021,22,Abu Dhabi Grand Prix,81,1345,80
vandoorne,-0.6757305212123618,-finish_position,10.0,0.97,2021,22,Abu Dhabi Grand Prix,81,1345,80
vettel,-0.0344085116327739,-finish_position,10.0,0.97,2021,22,Abu Dhabi Grand Prix,81,1345,80
aitken,-0.14142422039709204,-finish_position,10.0,0.97,2022,1,Bahrain Grand Prix,82,1359,81
albon,-0.22656072824513981,-finish_position,10.0,0.97,2022,1,Bahrain Grand Prix,82,1359,81
alonso,0.13383973166416882,-finish_position,10.0,0.97,2022,1,Bahrain Grand Prix,82,1359,81
bottas,1.0882062400595438,-finish_position,10.0,0.97,2022,1,Bahrain Grand Prix,82,1359,81
brendon_hartley,-0.32491830623502604,-finish_position,10.0,0.97,2022,1,Bahrain Grand Prix,82,1359,81
ericsson,-0.2956416661106454,-finish_position,10.0,0.97,2022,1,Bahrain Grand Prix,82,1359,81
gasly,1.0584229834105965,-finish_position,10.0,0.97,2022,1,Bahrain Grand Prix,82,1359,81
giovinazzi,-0.9717304336534391,-finish_position,10.0,0.97,2022,1,Bahrain Grand Prix,82,1359,81
grosjean,0.10229969997047172,-finish_position,10.0,0.97,2022,1,Bahrain Grand Prix,82,1359,81
hamilton,2.665474574387168,-finish_position,10.0,0.97,2022,1,Bahrain Grand Prix,82,1359,81
hulkenberg,-0.14278225091394256,-finish_position,10.0,0.97,2022,1,Bahrain Grand Prix,82,1359,81
kevin_magnussen,0.20495997374182023,-finish_position,10.0,0.97,2022,1,Bahrain Grand Prix,82,1359,81
kubica,-1.3302522601481315,-finish_position,10.0,0.97,2022,1,Bahrain Grand Prix,82,1359,81
kvyat,-0.3615673637932555,-finish_position,10.0,0.97,2022,1,Bahrain Grand Prix,82,1359,81
latifi,-1.2229269876351732,-finish_position,10.0,0.97,2022,1,Bahrain Grand Prix,82,1359,81
leclerc,0.7802483271636095,-finish_position,10.0,0.97,2022,1,Bahrain Grand Prix,82,1359,81
max_verstappen,3.0886040373350983,-finish_position,10.0,0.97,2022,1,Bahrain Grand Prix,82,1359,81
mazepin,-2.243480936390493,-finish_position,10.0,0.97,2022,1,Bahrain Grand Prix,82,1359,81
mick_schumacher,-1.6293309219573398,-finish_position,10.0,0.97,2022,1,Bahrain Grand Prix,82,1359,81
norris,0.9848909429025943,-finish_position,10.0,0.97,2022,1,Bahrain Grand Prix,82,1359,81
ocon,0.3165666805527991,-finish_position,10.0,0.97,2022,1,Bahrain Grand Prix,82,1359,81
perez,0.6189969187859472,-finish_position,10.0,0.97,2022,1,Bahrain Grand Prix,82,1359,81
pietro_fittipaldi,-0.39562408207980165,-finish_position,10.0,0.97,2022,1,Bahrain Grand Prix,82,1359,81
raikkonen,-0.13967181575181467,-finish_position,10.0,0.97,2022,1,Bahrain Grand Prix,82,1359,81
ricciardo,0.7711658802253712,-finish_position,10.0,0.97,2022,1,Bahrain Grand Prix,82,1359,81
russell,-0.5034512072986593,-finish_position,10.0,0.97,2022,1,Bahrain Grand Prix,82,1359,81
sainz,0.8239417578392761,-finish_position,10.0,0.97,2022,1,Bahrain Grand Prix,82,1359,81
sirotkin,-0.3410545163363903,-finish_position,10.0,0.97,2022,1,Bahrain Grand Prix,82,1359,81
stroll,-0.43172613560849127,-finish_position,10.0,0.97,2022,1,Bahrain Grand Prix,82,1359,81
tsunoda,-1.2434842329063005,-finish_position,10.0,0.97,2022,1,Bahrain Grand Prix,82,1359,81
vandoorne,-0.6468872036359983,-finish_position,10.0,0.97,2022,1,Bahrain Grand Prix,82,1359,81
vettel,-0.045102478941343546,-finish_position,10.0,0.97,2022,1,Bahrain Grand Prix,82,1359,81
aitken,-0.1355893677450187,-finish_position,10.0,0.97,2022,2,Saudi Arabian Grand Prix,83,1376,82
albon,-0.22110308934076392,-finish_position,10.0,0.97,2022,2,Saudi Arabian Grand Prix,83,1376,82
alonso,0.11310466246392543,-finish_position,10.0,0.97,2022,2,Saudi Arabian Grand Prix,83,1376,82
bottas,1.2180478088263853,-finish_position,10.0,0.97,2022,2,Saudi Arabian Grand Prix,83,1376,82
brendon_hartley,-0.32095423136005297,-finish_position,10.0,0.97,2022,2,Saudi Arabian Grand Prix,83,1376,82
ericsson,-0.2903998788344234,-finish_position,10.0,0.97,2022,2,Saudi Arabian Grand Prix,83,1376,82
gasly,1.019364927999534,-finish_position,10.0,0.97,2022,2,Saudi Arabian Grand Prix,83,1376,82
giovinazzi,-1.1314295151801421,-finish_position,10.0,0.97,2022,2,Saudi Arabian Grand Prix,83,1376,82
grosjean,0.0034125756796224093,-finish_position,10.0,0.97,2022,2,Saudi Arabian Grand Prix,83,1376,82
hamilton,2.672590585263324,-finish_position,10.0,0.97,2022,2,Saudi Arabian Grand Prix,83,1376,82
hulkenberg,-0.5368593542320448,-finish_position,10.0,0.97,2022,2,Saudi Arabian Grand Prix,83,1376,82
kevin_magnussen,0.4886225042735012,-finish_position,10.0,0.97,2022,2,Saudi Arabian Grand Prix,83,1376,82
kubica,-1.3160061984977118,-finish_position,10.0,0.97,2022,2,Saudi Arabian Grand Prix,83,1376,82
kvyat,-0.37646374956720524,-finish_position,10.0,0.97,2022,2,Saudi Arabian Grand Prix,83,1376,82
latifi,-1.2476916030215712,-finish_position,10.0,0.97,2022,2,Saudi Arabian Grand Prix,83,1376,82
leclerc,0.8712828931010557,-finish_position,10.0,0.97,2022,2,Saudi Arabian Grand Prix,83,1376,82
max_verstappen,3.055673656822092,-finish_position,10.0,0.97,2022,2,Saudi Arabian Grand Prix,83,1376,82
mazepin,-2.316507183443607,-finish_position,10.0,0.97,2022,2,Saudi Arabian Grand Prix,83,1376,82
mick_schumacher,-1.5548703330642144,-finish_position,10.0,0.97,2022,2,Saudi Arabian Grand Prix,83,1376,82
norris,0.8817214856866964,-finish_position,10.0,0.97,2022,2,Saudi Arabian Grand Prix,83,1376,82
ocon,0.3319825410024965,-finish_position,10.0,0.97,2022,2,Saudi Arabian Grand Prix,83,1376,82
perez,0.6110131225469938,-finish_position,10.0,0.97,2022,2,Saudi Arabian Grand Prix,83,1376,82
pietro_fittipaldi,-0.4024095075372839,-finish_position,10.0,0.97,2022,2,Saudi Arabian Grand Prix,83,1376,82
raikkonen,-0.2995246526870492,-finish_position,10.0,0.97,2022,2,Saudi Arabian Grand Prix,83,1376,82
ricciardo,0.6421941216007792,-finish_position,10.0,0.97,2022,2,Saudi Arabian Grand Prix,83,1376,82
russell,-0.3935772951105989,-finish_position,10.0,0.97,2022,2,Saudi Arabian Grand Prix,83,1376,82
sainz,0.9299873620083573,-finish_position,10.0,0.97,2022,2,Saudi Arabian Grand Prix,83,1376,82
sirotkin,-0.3253766876367169,-finish_position,10.0,0.97,2022,2,Saudi Arabian Grand Prix,83,1376,82
stroll,-0.3670565856041975,-finish_position,10.0,0.97,2022,2,Saudi Arabian Grand Prix,83,1376,82
tsunoda,-1.1420579514931506,-finish_position,10.0,0.97,2022,2,Saudi Arabian Grand Prix,83,1376,82
vandoorne,-0.6056201909015466,-finish_position,10.0,0.97,2022,2,Saudi Arabian Grand Prix,83,1376,82
vettel,0.008404131657965488,-finish_position,10.0,0.97,2022,2,Saudi Arabian Grand Prix,83,1376,82
zhou,0.13609499632454877,-finish_position,10.0,0.97,2022,2,Saudi Arabian Grand Prix,83,1376,82
aitken,-0.1317949055431119,-finish_position,10.0,0.97,2022,3,Australian Grand Prix,84,1389,83
albon,-0.24452379477729383,-finish_position,10.0,0.97,2022,3,Australian Grand Prix,84,1389,83
alonso,0.07186924406931056,-finish_position,10.0,0.97,2022,3,Australian Grand Prix,84,1389,83
bottas,1.2172063050100608,-finish_position,10.0,0.97,2022,3,Australian Grand Prix,84,1389,83
brendon_hartley,-0.31631146721118186,-finish_position,10.0,0.97,2022,3,Australian Grand Prix,84,1389,83
ericsson,-0.2860025239721308,-finish_position,10.0,0.97,2022,3,Australian Grand Prix,84,1389,83
gasly,1.0071253132940905,-finish_position,10.0,0.97,2022,3,Australian Grand Prix,84,1389,83
giovinazzi,-1.143987609889936,-finish_position,10.0,0.97,2022,3,Australian Grand Prix,84,1389,83
grosjean,-0.03509141689054485,-finish_position,10.0,0.97,2022,3,Australian Grand Prix,84,1389,83
hamilton,2.49482271356148,-finish_position,10.0,0.97,2022,3,Australian Grand Prix,84,1389,83
hulkenberg,-0.5791244440628371,-finish_position,10.0,0.97,2022,3,Australian Grand Prix,84,1389,83
kevin_magnussen,0.6145533271824305,-finish_position,10.0,0.97,2022,3,Australian Grand Prix,84,1389,83
kubica,-1.293996780169451,-finish_position,10.0,0.97,2022,3,Australian Grand Prix,84,1389,83
kvyat,-0.38082802279561834,-finish_position,10.0,0.97,2022,3,Australian Grand Prix,84,1389,83
latifi,-1.2357887145107083,-finish_position,10.0,0.97,2022,3,Australian Grand Prix,84,1389,83
leclerc,0.928266527549681,-finish_position,10.0,0.97,2022,3,Australian Grand Prix,84,1389,83
max_verstappen,3.0586550547909717,-finish_position,10.0,0.97,2022,3,Australian Grand Prix,84,1389,83
mazepin,-2.324198713976841,-finish_position,10.0,0.97,2022,3,Australian Grand Prix,84,1389,83
mick_schumacher,-1.5813901070564649,-finish_position,10.0,0.97,2022,3,Australian Grand Prix,84,1389,83
norris,0.8977535170507575,-finish_position,10.0,0.97,2022,3,Australian Grand Prix,84,1389,83
ocon,0.3850739685572762,-finish_position,10.0,0.97,2022,3,Australian Grand Prix,84,1389,83
perez,0.6382493576122387,-finish_position,10.0,0.97,2022,3,Australian Grand Prix,84,1389,83
pietro_fittipaldi,-0.39807626305528265,-finish_position,10.0,0.97,2022,3,Australian Grand Prix,84,1389,83
raikkonen,-0.32260022071509226,-finish_position,10.0,0.97,2022,3,Australian Grand Prix,84,1389,83
ricciardo,0.6304931852175861,-finish_position,10.0,0.97,2022,3,Australian Grand Prix,84,1389,83
russell,-0.347204060535807,-finish_position,10.0,0.97,2022,3,Australian Grand Prix,84,1389,83
sainz,0.9711822296000521,-finish_position,10.0,0.97,2022,3,Australian Grand Prix,84,1389,83
sirotkin,-0.31773254536031265,-finish_position,10.0,0.97,2022,3,Australian Grand Prix,84,1389,83
stroll,-0.40601239302036074,-finish_position,10.0,0.97,2022,3,Australian Grand Prix,84,1389,83
tsunoda,-1.1365938549133459,-finish_position,10.0,0.97,2022,3,Australian Grand Prix,84,1389,83
vandoorne,-0.5918046028908472,-finish_position,10.0,0.97,2022,3,Australian Grand Prix,84,1389,83
vettel,-0.002950760095667999,-finish_position,10.0,0.97,2022,3,Australian Grand Prix,84,1389,83
zhou,0.1607624579469216,-finish_position,10.0,0.97,2022,3,Australian Grand Prix,84,1389,83
aitken,-0.12933758148702823,-finish_position,10.0,0.97,2022,4,Emilia Romagna Grand Prix,85,1406,84
albon,-0.10759208416871834,-finish_position,10.0,0.97,2022,4,Emilia Romagna Grand Prix,85,1406,84
alonso,-0.16563885787121263,-finish_position,10.0,0.97,2022,4,Emilia Romagna Grand Prix,85,1406,84
bottas,1.2348354545830935,-finish_position,10.0,0.97,2022,4,Emilia Romagna Grand Prix,85,1406,84
brendon_hartley,-0.3069774032015734,-finish_position,10.0,0.97,2022,4,Emilia Romagna Grand Prix,85,1406,84
ericsson,-0.2785176496225052,-finish_position,10.0,0.97,2022,4,Emilia Romagna Grand Prix,85,1406,84
gasly,1.0233295196039598,-finish_position,10.0,0.97,2022,4,Emilia Romagna Grand Prix,85,1406,84
giovinazzi,-1.1986748050185843,-finish_position,10.0,0.97,2022,4,Emilia Romagna Grand Prix,85,1406,84
grosjean,-0.046084451720572836,-finish_position,10.0,0.97,2022,4,Emilia Romagna Grand Prix,85,1406,84
hamilton,2.4301608710903966,-finish_position,10.0,0.97,2022,4,Emilia Romagna Grand Prix,85,1406,84
hulkenberg,-0.5580758121173811,-finish_position,10.0,0.97,2022,4,Emilia Romagna Grand Prix,85,1406,84
kevin_magnussen,0.534215150248035,-finish_position,10.0,0.97,2022,4,Emilia Romagna Grand Prix,85,1406,84
kubica,-1.285309023571178,-finish_position,10.0,0.97,2022,4,Emilia Romagna Grand Prix,85,1406,84
kvyat,-0.35153381929340877,-finish_position,10.0,0.97,2022,4,Emilia Romagna Grand Prix,85,1406,84
latifi,-1.3072433296805157,-finish_position,10.0,0.97,2022,4,Emilia Romagna Grand Prix,85,1406,84
leclerc,1.0326394730017325,-finish_position,10.0,0.97,2022,4,Emilia Romagna Grand Prix,85,1406,84
max_verstappen,3.0134044428056455,-finish_position,10.0,0.97,2022,4,Emilia Romagna Grand Prix,85,1406,84
mazepin,-2.3021437652357686,-finish_position,10.0,0.97,2022,4,Emilia Romagna Grand Prix,85,1406,84
mick_schumacher,-1.5003408726997414,-finish_position,10.0,0.97,2022,4,Emilia Romagna Grand Prix,85,1406,84
norris,0.9198848865713133,-finish_position,10.0,0.97,2022,4,Emilia Romagna Grand Prix,85,1406,84
ocon,0.49042719399297635,-finish_position,10.0,0.97,2022,4,Emilia Romagna Grand Prix,85,1406,84
perez,0.7450628472666505,-finish_position,10.0,0.97,2022,4,Emilia Romagna Grand Prix,85,1406,84
pietro_fittipaldi,-0.38892341670066527,-finish_position,10.0,0.97,2022,4,Emilia Romagna Grand Prix,85,1406,84
raikkonen,-0.3828484521752986,-finish_position,10.0,0.97,2022,4,Emilia Romagna Grand Prix,85,1406,84
ricciardo,0.662101345891051,-finish_position,10.0,0.97,2022,4,Emilia Romagna Grand Prix,85,1406,84
russell,-0.2652837531093024,-finish_position,10.0,0.97,2022,4,Emilia Romagna Grand Prix,85,1406,84
sainz,0.9276416552795645,-finish_position,10.0,0.97,2022,4,Emilia Romagna Grand Prix,85,1406,84
sirotkin,-0.31526761514905205,-finish_position,10.0,0.97,2022,4,Emilia Romagna Grand Prix,85,1406,84
stroll,-0.4226742327219625,-finish_position,10.0,0.97,2022,4,Emilia Romagna Grand Prix,85,1406,84
tsunoda,-1.2604545774125644,-finish_position,10.0,0.97,2022,4,Emilia Romagna Grand Prix,85,1406,84
vandoorne,-0.5888824815932823,-finish_position,10.0,0.97,2022,4,Emilia Romagna Grand Prix,85,1406,84
vettel,-0.014681119111581995,-finish_position,10.0,0.97,2022,4,Emilia Romagna Grand Prix,85,1406,84
zhou,0.16278226332748535,-finish_position,10.0,0.97,2022,4,Emilia Romagna Grand Prix,85,1406,84
aitken,-0.12597458491510902,-finish_position,10.0,0.97,2022,5,Miami Grand Prix,86,1424,85
albon,-0.045285425894969894,-finish_position,10.0,0.97,2022,5,Miami Grand Prix,86,1424,85
alonso,-0.10120261519325859,-finish_position,10.0,0.97,2022,5,Miami Grand Prix,86,1424,85
bottas,1.4459321237036364,-finish_position,10.0,0.97,2022,5,Miami Grand Prix,86,1424,85
brendon_hartley,-0.30222185660517514,-finish_position,10.0,0.97,2022,5,Miami Grand Prix,86,1424,85
ericsson,-0.27223068296055164,-finish_position,10.0,0.97,2022,5,Miami Grand Prix,86,1424,85
gasly,0.9081907980674081,-finish_position,10.0,0.97,2022,5,Miami Grand Prix,86,1424,85
giovinazzi,-1.2304072462596094,-finish_position,10.0,0.97,2022,5,Miami Grand Prix,86,1424,85
grosjean,-0.06370293542779175,-finish_position,10.0,0.97,2022,5,Miami Grand Prix,86,1424,85
hamilton,2.273173436100951,-finish_position,10.0,0.97,2022,5,Miami Grand Prix,86,1424,85
hulkenberg,-0.5789971137832594,-finish_position,10.0,0.97,2022,5,Miami Grand Prix,86,1424,85
kevin_magnussen,0.6647448463537529,-finish_position,10.0,0.97,2022,5,Miami Grand Prix,86,1424,85
kubica,-1.2670395203917908,-finish_position,10.0,0.97,2022,5,Miami Grand Prix,86,1424,85
kvyat,-0.3510841445567843,-finish_position,10.0,0.97,2022,5,Miami Grand Prix,86,1424,85
latifi,-1.3593946524363496,-finish_position,10.0,0.97,2022,5,Miami Grand Prix,86,1424,85
leclerc,1.0485590807521046,-finish_position,10.0,0.97,2022,5,Miami Grand Prix,86,1424,85
max_verstappen,3.0078488187162127,-finish_position,10.0,0.97,2022,5,Miami Grand Prix,86,1424,85
mazepin,-2.2874550626875028,-finish_position,10.0,0.97,2022,5,Miami Grand Prix,86,1424,85
mick_schumacher,-1.594388287236819,-finish_position,10.0,0.97,2022,5,Miami Grand Prix,86,1424,85
norris,1.120125894860394,-finish_position,10.0,0.97,2022,5,Miami Grand Prix,86,1424,85
ocon,0.36503284404189423,-finish_position,10.0,0.97,2022,5,Miami Grand Prix,86,1424,85
perez,0.8221200414806096,-finish_position,10.0,0.97,2022,5,Miami Grand Prix,86,1424,85
pietro_fittipaldi,-0.38137343583191213,-finish_position,10.0,0.97,2022,5,Miami Grand Prix,86,1424,85
raikkonen,-0.417587420880245,-finish_position,10.0,0.97,2022,5,Miami Grand Prix,86,1424,85
ricciardo,0.4140068445865542,-finish_position,10.0,0.97,2022,5,Miami Grand Prix,86,1424,85
russell,-0.18232934025303124,-finish_position,10.0,0.97,2022,5,Miami Grand Prix,86,1424,85
sainz,0.9522047512221608,-finish_position,10.0,0.97,2022,5,Miami Grand Prix,86,1424,85
sirotkin,-0.3086550621094372,-finish_position,10.0,0.97,2022,5,Miami Grand Prix,86,1424,85
stroll,-0.4203115098955058,-finish_position,10.0,0.97,2022,5,Miami Grand Prix,86,1424,85
tsunoda,-1.0947872490852106,-finish_position,10.0,0.97,2022,5,Miami Grand Prix,86,1424,85
vandoorne,-0.5577733831445636,-finish_position,10.0,0.97,2022,5,Miami Grand Prix,86,1424,85
vettel,0.04328901419095389,-finish_position,10.0,0.97,2022,5,Miami Grand Prix,86,1424,85
zhou,-0.12302696452775631,-finish_position,10.0,0.97,2022,5,Miami Grand Prix,86,1424,85
aitken,-0.12627152376752715,-finish_position,10.0,0.97,2022,6,Spanish Grand Prix,87,1439,86
albon,0.10114277973016916,-finish_position,10.0,0.97,2022,6,Spanish Grand Prix,87,1439,86
alonso,-0.15429870519074187,-finish_position,10.0,0.97,2022,6,Spanish Grand Prix,87,1439,86
bottas,1.5192937379216431,-finish_position,10.0,0.97,2022,6,Spanish Grand Prix,87,1439,86
brendon_hartley,-0.2952447773235704,-finish_position,10.0,0.97,2022,6,Spanish Grand Prix,87,1439,86
ericsson,-0.26805898530839806,-finish_position,10.0,0.97,2022,6,Spanish Grand Prix,87,1439,86
gasly,0.90609966264054,-finish_position,10.0,0.97,2022,6,Spanish Grand Prix,87,1439,86
giovinazzi,-1.283688045643999,-finish_position,10.0,0.97,2022,6,Spanish Grand Prix,87,1439,86
grosjean,-0.07273375263553364,-finish_position,10.0,0.97,2022,6,Spanish Grand Prix,87,1439,86
hamilton,2.22117195170789,-finish_position,10.0,0.97,2022,6,Spanish Grand Prix,87,1439,86
hulkenberg,-0.5791391011832591,-finish_position,10.0,0.97,2022,6,Spanish Grand Prix,87,1439,86
kevin_magnussen,0.6434607587399171,-finish_position,10.0,0.97,2022,6,Spanish Grand Prix,87,1439,86
kubica,-1.2737566025870792,-finish_position,10.0,0.97,2022,6,Spanish Grand Prix,87,1439,86
kvyat,-0.343018595253302,-finish_position,10.0,0.97,2022,6,Spanish Grand Prix,87,1439,86
latifi,-1.4013153188368346,-finish_position,10.0,0.97,2022,6,Spanish Grand Prix,87,1439,86
leclerc,1.093280575366279,-finish_position,10.0,0.97,2022,6,Spanish Grand Prix,87,1439,86
max_verstappen,3.038131948386618,-finish_position,10.0,0.97,2022,6,Spanish Grand Prix,87,1439,86
mazepin,-2.2633118713544467,-finish_position,10.0,0.97,2022,6,Spanish Grand Prix,87,1439,86
mick_schumacher,-1.5958609054085804,-finish_position,10.0,0.97,2022,6,Spanish Grand Prix,87,1439,86
norris,1.155325460154738,-finish_position,10.0,0.97,2022,6,Spanish Grand Prix,87,1439,86
ocon,0.38706369433008114,-finish_position,10.0,0.97,2022,6,Spanish Grand Prix,87,1439,86
perez,0.8550215492400097,-finish_position,10.0,0.97,2022,6,Spanish Grand Prix,87,1439,86
pietro_fittipaldi,-0.3724491274743609,-finish_position,10.0,0.97,2022,6,Spanish Grand Prix,87,1439,86
raikkonen,-0.4787833886073864,-finish_position,10.0,0.97,2022,6,Spanish Grand Prix,87,1439,86
ricciardo,0.31378534624557297,-finish_position,10.0,0.97,2022,6,Spanish Grand Prix,87,1439,86
russell,-0.19170447607067734,-finish_position,10.0,0.97,2022,6,Spanish Grand Prix,87,1439,86
sainz,1.0069516816495458,-finish_position,10.0,0.97,2022,6,Spanish Grand Prix,87,1439,86
sirotkin,-0.31654254356707906,-finish_position,10.0,0.97,2022,6,Spanish Grand Prix,87,1439,86
stroll,-0.4167539498230424,-finish_position,10.0,0.97,2022,6,Spanish Grand Prix,87,1439,86
tsunoda,-1.1283176783234568,-finish_position,10.0,0.97,2022,6,Spanish Grand Prix,87,1439,86
vandoorne,-0.5338426201829706,-finish_position,10.0,0.97,2022,6,Spanish Grand Prix,87,1439,86
vettel,9.822333377289697e-05,-finish_position,10.0,0.97,2022,6,Spanish Grand Prix,87,1439,86
zhou,-0.1457354009045359,-finish_position,10.0,0.97,2022,6,Spanish Grand Prix,87,1439,86
aitken,-0.1164817066363944,-finish_position,10.0,0.97,2022,7,Monaco Grand Prix,88,1457,87
albon,-0.12882312944436727,-finish_position,10.0,0.97,2022,7,Monaco Grand Prix,88,1457,87
alonso,-0.15465690832226517,-finish_position,10.0,0.97,2022,7,Monaco Grand Prix,88,1457,87
bottas,1.6008830459801784,-finish_position,10.0,0.97,2022,7,Monaco Grand Prix,88,1457,87
brendon_hartley,-0.29295130671843383,-finish_position,10.0,0.97,2022,7,Monaco Grand Prix,88,1457,87
ericsson,-0.26186012938723857,-finish_position,10.0,0.97,2022,7,Monaco Grand Prix,88,1457,87
gasly,0.7938084450728317,-finish_position,10.0,0.97,2022,7,Monaco Grand Prix,88,1457,87
giovinazzi,-1.3391837290940984,-finish_position,10.0,0.97,2022,7,Monaco Grand Prix,88,1457,87
grosjean,-0.056398409805361815,-finish_position,10.0,0.97,2022,7,Monaco Grand Prix,88,1457,87
hamilton,2.184699483148228,-finish_position,10.0,0.97,2022,7,Monaco Grand Prix,88,1457,87
hulkenberg,-0.5590408420260221,-finish_position,10.0,0.97,2022,7,Monaco Grand Prix,88,1457,87
kevin_magnussen,0.4655568235015624,-finish_position,10.0,0.97,2022,7,Monaco Grand Prix,88,1457,87
kubica,-1.2186345719716103,-finish_position,10.0,0.97,2022,7,Monaco Grand Prix,88,1457,87
kvyat,-0.3306124974251155,-finish_position,10.0,0.97,2022,7,Monaco Grand Prix,88,1457,87
latifi,-1.3405699267868048,-finish_position,10.0,0.97,2022,7,Monaco Grand Prix,88,1457,87
leclerc,1.075870416993486,-finish_position,10.0,0.97,2022,7,Monaco Grand Prix,88,1457,87
max_verstappen,2.9962378883810357,-finish_position,10.0,0.97,2022,7,Monaco Grand Prix,88,1457,87
mazepin,-2.2116147733529044,-finish_position,10.0,0.97,2022,7,Monaco Grand Prix,88,1457,87
mick_schumacher,-1.5261465853560896,-finish_position,10.0,0.97,2022,7,Monaco Grand Prix,88,1457,87
norris,1.1818831239621228,-finish_position,10.0,0.97,2022,7,Monaco Grand Prix,88,1457,87
ocon,0.4222873601671245,-finish_position,10.0,0.97,2022,7,Monaco Grand Prix,88,1457,87
perez,0.8976724525016986,-finish_position,10.0,0.97,2022,7,Monaco Grand Prix,88,1457,87
pietro_fittipaldi,-0.3595129077768723,-finish_position,10.0,0.97,2022,7,Monaco Grand Prix,88,1457,87
raikkonen,-0.5382237675308548,-finish_position,10.0,0.97,2022,7,Monaco Grand Prix,88,1457,87
ricciardo,0.24568532753403843,-finish_position,10.0,0.97,2022,7,Monaco Grand Prix,88,1457,87
russell,-0.006030688191680533,-finish_position,10.0,0.97,2022,7,Monaco Grand Prix,88,1457,87
sainz,1.0616230147482983,-finish_position,10.0,0.97,2022,7,Monaco Grand Prix,88,1457,87
sirotkin,-0.2839554656229923,-finish_position,10.0,0.97,2022,7,Monaco Grand Prix,88,1457,87
stroll,-0.47589603462628177,-finish_position,10.0,0.97,2022,7,Monaco Grand Prix,88,1457,87
tsunoda,-1.0569285082261228,-finish_position,10.0,0.97,2022,7,Monaco Grand Prix,88,1457,87
vandoorne,-0.511803145337625,-finish_position,10.0,0.97,2022,7,Monaco Grand Prix,88,1457,87
vettel,0.011924782846617818,-finish_position,10.0,0.97,2022,7,Monaco Grand Prix,88,1457,87
zhou,-0.16880713119810895,-finish_position,10.0,0.97,2022,7,Monaco Grand Prix,88,1457,87
aitken,-0.11272132117761462,-finish_position,10.0,0.97,2022,8,Azerbaijan Grand Prix,89,1474,88
albon,-0.14245121625225515,-finish_position,10.0,0.97,2022,8,Azerbaijan Grand Prix,89,1474,88
alonso,-0.04469547707035025,-finish_position,10.0,0.97,2022,8,Azerbaijan Grand Prix,89,1474,88
bottas,1.637857808142674,-finish_position,10.0,0.97,2022,8,Azerbaijan Grand Prix,89,1474,88
brendon_hartley,-0.2842931506624068,-finish_position,10.0,0.97,2022,8,Azerbaijan Grand Prix,89,1474,88
ericsson,-0.25348252904462004,-finish_position,10.0,0.97,2022,8,Azerbaijan Grand Prix,89,1474,88
gasly,0.7949594605512125,-finish_position,10.0,0.97,2022,8,Azerbaijan Grand Prix,89,1474,88
giovinazzi,-1.2670065293407125,-finish_position,10.0,0.97,2022,8,Azerbaijan Grand Prix,89,1474,88
grosjean,-0.06022724389703867,-finish_position,10.0,0.97,2022,8,Azerbaijan Grand Prix,89,1474,88
hamilton,2.0962771755394267,-finish_position,10.0,0.97,2022,8,Azerbaijan Grand Prix,89,1474,88
hulkenberg,-0.5469467695343772,-finish_position,10.0,0.97,2022,8,Azerbaijan Grand Prix,89,1474,88
kevin_magnussen,0.4531667542221004,-finish_position,10.0,0.97,2022,8,Azerbaijan Grand Prix,89,1474,88
kubica,-1.1838939408175064,-finish_position,10.0,0.97,2022,8,Azerbaijan Grand Prix,89,1474,88
kvyat,-0.2893031060953721,-finish_position,10.0,0.97,2022,8,Azerbaijan Grand Prix,89,1474,88
latifi,-1.3429259693137758,-finish_position,10.0,0.97,2022,8,Azerbaijan Grand Prix,89,1474,88
leclerc,1.0940309144245675,-finish_position,10.0,0.97,2022,8,Azerbaijan Grand Prix,89,1474,88
max_verstappen,2.938286072693619,-finish_position,10.0,0.97,2022,8,Azerbaijan Grand Prix,89,1474,88
mazepin,-2.1819111141652043,-finish_position,10.0,0.97,2022,8,Azerbaijan Grand Prix,89,1474,88
mick_schumacher,-1.5145543453627917,-finish_position,10.0,0.97,2022,8,Azerbaijan Grand Prix,89,1474,88
norris,1.2720873484480437,-finish_position,10.0,0.97,2022,8,Azerbaijan Grand Prix,89,1474,88
ocon,0.3414847371029762,-finish_position,10.0,0.97,2022,8,Azerbaijan Grand Prix,89,1474,88
perez,0.9938832889853099,-finish_position,10.0,0.97,2022,8,Azerbaijan Grand Prix,89,1474,88
pietro_fittipaldi,-0.3502132631090648,-finish_position,10.0,0.97,2022,8,Azerbaijan Grand Prix,89,1474,88
raikkonen,-0.48044756223387725,-finish_position,10.0,0.97,2022,8,Azerbaijan Grand Prix,89,1474,88
ricciardo,0.16012134320609198,-finish_position,10.0,0.97,2022,8,Azerbaijan Grand Prix,89,1474,88
russell,0.040574274537621594,-finish_position,10.0,0.97,2022,8,Azerbaijan Grand Prix,89,1474,88
sainz,1.153781528945126,-finish_position,10.0,0.97,2022,8,Azerbaijan Grand Prix,89,1474,88
sirotkin,-0.2752285584443931,-finish_position,10.0,0.97,2022,8,Azerbaijan Grand Prix,89,1474,88
stroll,-0.5271631156350425,-finish_position,10.0,0.97,2022,8,Azerbaijan Grand Prix,89,1474,88
tsunoda,-1.2058426329300378,-finish_position,10.0,0.97,2022,8,Azerbaijan Grand Prix,89,1474,88
vandoorne,-0.48886005822418843,-finish_position,10.0,0.97,2022,8,Azerbaijan Grand Prix,89,1474,88
vettel,0.030185784506343592,-finish_position,10.0,0.97,2022,8,Azerbaijan Grand Prix,89,1474,88
zhou,-0.4545285879944951,-finish_position,10.0,0.97,2022,8,Azerbaijan Grand Prix,89,1474,88
aitken,-0.11016329055779002,-finish_position,10.0,0.97,2022,9,Canadian Grand Prix,90,1489,89
albon,-0.11721821006621028,-finish_position,10.0,0.97,2022,9,Canadian Grand Prix,90,1489,89
alonso,0.018393842528815752,-finish_position,10.0,0.97,2022,9,Canadian Grand Prix,90,1489,89
bottas,1.5330066781682494,-finish_position,10.0,0.97,2022,9,Canadian Grand Prix,90,1489,89
brendon_hartley,-0.27846739801390297,-finish_position,10.0,0.97,2022,9,Canadian Grand Prix,90,1489,89
ericsson,-0.25127763664344605,-finish_position,10.0,0.97,2022,9,Canadian Grand Prix,90,1489,89
gasly,0.8697366030600979,-finish_position,10.0,0.97,2022,9,Canadian Grand Prix,90,1489,89
giovinazzi,-1.2480362111467445,-finish_position,10.0,0.97,2022,9,Canadian Grand Prix,90,1489,89
grosjean,-0.07521823018479545,-finish_position,10.0,0.97,2022,9,Canadian Grand Prix,90,1489,89
hamilton,2.00768679599089,-finish_position,10.0,0.97,2022,9,Canadian Grand Prix,90,1489,89
hulkenberg,-0.5500612766382917,-finish_position,10.0,0.97,2022,9,Canadian Grand Prix,90,1489,89
kevin_magnussen,0.4264696490243115,-finish_position,10.0,0.97,2022,9,Canadian Grand Prix,90,1489,89
kubica,-1.162863541931221,-finish_position,10.0,0.97,2022,9,Canadian Grand Prix,90,1489,89
kvyat,-0.29804419225449214,-finish_position,10.0,0.97,2022,9,Canadian Grand Prix,90,1489,89
latifi,-1.3642412964551518,-finish_position,10.0,0.97,2022,9,Canadian Grand Prix,90,1489,89
leclerc,1.0989527086308148,-finish_position,10.0,0.97,2022,9,Canadian Grand Prix,90,1489,89
max_verstappen,2.934121722747743,-finish_position,10.0,0.97,2022,9,Canadian Grand Prix,90,1489,89
mazepin,-2.1645092596501345,-finish_position,10.0,0.97,2022,9,Canadian Grand Prix,90,1489,89
mick_schumacher,-1.4917254264521862,-finish_position,10.0,0.97,2022,9,Canadian Grand Prix,90,1489,89
norris,1.2172943510470704,-finish_position,10.0,0.97,2022,9,Canadian Grand Prix,90,1489,89
ocon,0.2890995448228664,-finish_position,10.0,0.97,2022,9,Canadian Grand Prix,90,1489,89
perez,1.044757786642046,-finish_position,10.0,0.97,2022,9,Canadian Grand Prix,90,1489,89
pietro_fittipaldi,-0.3431291144394391,-finish_position,10.0,0.97,2022,9,Canadian Grand Prix,90,1489,89
raikkonen,-0.468790185779933,-finish_position,10.0,0.97,2022,9,Canadian Grand Prix,90,1489,89
ricciardo,0.17184100905476207,-finish_position,10.0,0.97,2022,9,Canadian Grand Prix,90,1489,89
russell,0.1004122716052754,-finish_position,10.0,0.97,2022,9,Canadian Grand Prix,90,1489,89
sainz,1.1505090053102698,-finish_position,10.0,0.97,2022,9,Canadian Grand Prix,90,1489,89
sirotkin,-0.27095249751894696,-finish_position,10.0,0.97,2022,9,Canadian Grand Prix,90,1489,89
stroll,-0.57614372632374,-finish_position,10.0,0.97,2022,9,Canadian Grand Prix,90,1489,89
tsunoda,-1.2952068543242035,-finish_position,10.0,0.97,2022,9,Canadian Grand Prix,90,1489,89
vandoorne,-0.4790101572422325,-finish_position,10.0,0.97,2022,9,Canadian Grand Prix,90,1489,89
vettel,0.12500164711251546,-finish_position,10.0,0.97,2022,9,Canadian Grand Prix,90,1489,89
zhou,-0.44222511012285637,-finish_position,10.0,0.97,2022,9,Canadian Grand Prix,90,1489,89
aitken,-0.10645500402105262,-finish_position,10.0,0.97,2022,10,British Grand Prix,91,1506,90
albon,-0.11564631286166957,-finish_position,10.0,0.97,2022,10,British Grand Prix,91,1506,90
alonso,-0.002020469467852344,-finish_position,10.0,0.97,2022,10,British Grand Prix,91,1506,90
bottas,1.5558374737665774,-finish_position,10.0,0.97,2022,10,British Grand Prix,91,1506,90
brendon_hartley,-0.2745417811903039,-finish_position,10.0,0.97,2022,10,British Grand Prix,91,1506,90
ericsson,-0.24690360295046584,-finish_position,10.0,0.97,2022,10,British Grand Prix,91,1506,90
gasly,0.7550325408157196,-finish_position,10.0,0.97,2022,10,British Grand Prix,91,1506,90
giovinazzi,-1.3302405930830707,-finish_position,10.0,0.97,2022,10,British Grand Prix,91,1506,90
grosjean,-0.05831557935069431,-finish_position,10.0,0.97,2022,10,British Grand Prix,91,1506,90
hamilton,2.0064982405512803,-finish_position,10.0,0.97,2022,10,British Grand Prix,91,1506,90
hulkenberg,-0.5349168912500555,-finish_position,10.0,0.97,2022,10,British Grand Prix,91,1506,90
kevin_magnussen,0.260362614866577,-finish_position,10.0,0.97,2022,10,British Grand Prix,91,1506,90
kubica,-1.1468174768469455,-finish_position,10.0,0.97,2022,10,British Grand Prix,91,1506,90
kvyat,-0.2796638052125515,-finish_position,10.0,0.97,2022,10,British Grand Prix,91,1506,90
latifi,-1.3943012593675268,-finish_position,10.0,0.97,2022,10,British Grand Prix,91,1506,90
leclerc,1.07088406737943,-finish_position,10.0,0.97,2022,10,British Grand Prix,91,1506,90
max_verstappen,2.959983694330314,-finish_position,10.0,0.97,2022,10,British Grand Prix,91,1506,90
mazepin,-2.1123589138581726,-finish_position,10.0,0.97,2022,10,British Grand Prix,91,1506,90
mick_schumacher,-1.45161077616856,-finish_position,10.0,0.97,2022,10,British Grand Prix,91,1506,90
norris,1.0810491192931881,-finish_position,10.0,0.97,2022,10,British Grand Prix,91,1506,90
ocon,0.34557388135246,-finish_position,10.0,0.97,2022,10,British Grand Prix,91,1506,90
perez,1.0287553807630576,-finish_position,10.0,0.97,2022,10,British Grand Prix,91,1506,90
pietro_fittipaldi,-0.3309978865630861,-finish_position,10.0,0.97,2022,10,British Grand Prix,91,1506,90
raikkonen,-0.5561424546998859,-finish_position,10.0,0.97,2022,10,British Grand Prix,91,1506,90
ricciardo,0.16563955402870892,-finish_position,10.0,0.97,2022,10,British Grand Prix,91,1506,90
russell,0.15976354842542306,-finish_position,10.0,0.97,2022,10,British Grand Prix,91,1506,90
sainz,1.2343499012094925,-finish_position,10.0,0.97,2022,10,British Grand Prix,91,1506,90
sirotkin,-0.26184162704711866,-finish_position,10.0,0.97,2022,10,British Grand Prix,91,1506,90
stroll,-0.5412867981873741,-finish_position,10.0,0.97,2022,10,British Grand Prix,91,1506,90
tsunoda,-1.2362147987843943,-finish_position,10.0,0.97,2022,10,British Grand Prix,91,1506,90
vandoorne,-0.45375778725390975,-finish_position,10.0,0.97,2022,10,British Grand Prix,91,1506,90
vettel,0.05518085693285296,-finish_position,10.0,0.97,2022,10,British Grand Prix,91,1506,90
zhou,-0.24487705555038652,-finish_position,10.0,0.97,2022,10,British Grand Prix,91,1506,90
aitken,-0.10513814142712938,-finish_position,10.0,0.97,2022,11,Austrian Grand Prix,92,1520,91
albon,-0.13852246034622054,-finish_position,10.0,0.97,2022,11,Austrian Grand Prix,92,1520,91
alonso,0.09392339786338415,-finish_position,10.0,0.97,2022,11,Austrian Grand Prix,92,1520,91
bottas,1.5290906819298642,-finish_position,10.0,0.97,2022,11,Austrian Grand Prix,92,1520,91
brendon_hartley,-0.2705264445664876,-finish_position,10.0,0.97,2022,11,Austrian Grand Prix,92,1520,91
ericsson,-0.24556009483300686,-finish_position,10.0,0.97,2022,11,Austrian Grand Prix,92,1520,91
gasly,0.7588957863269954,-finish_position,10.0,0.97,2022,11,Austrian Grand Prix,92,1520,91
giovinazzi,-1.329275822930729,-finish_position,10.0,0.97,2022,11,Austrian Grand Prix,92,1520,91
grosjean,-0.11998520746004075,-finish_position,10.0,0.97,2022,11,Austrian Grand Prix,92,1520,91
hamilton,2.0040211213585617,-finish_position,10.0,0.97,2022,11,Austrian Grand Prix,92,1520,91
hulkenberg,-0.5394878579976692,-finish_position,10.0,0.97,2022,11,Austrian Grand Prix,92,1520,91
kevin_magnussen,0.2935477453909281,-finish_position,10.0,0.97,2022,11,Austrian Grand Prix,92,1520,91
kubica,-1.136650270773101,-finish_position,10.0,0.97,2022,11,Austrian Grand Prix,92,1520,91
kvyat,-0.2737482829634362,-finish_position,10.0,0.97,2022,11,Austrian Grand Prix,92,1520,91
latifi,-1.3436491062236895,-finish_position,10.0,0.97,2022,11,Austrian Grand Prix,92,1520,91
leclerc,1.0581500985944745,-finish_position,10.0,0.97,2022,11,Austrian Grand Prix,92,1520,91
max_verstappen,2.8104190209069504,-finish_position,10.0,0.97,2022,11,Austrian Grand Prix,92,1520,91
mazepin,-2.146099551104699,-finish_position,10.0,0.97,2022,11,Austrian Grand Prix,92,1520,91
mick_schumacher,-1.275090997134091,-finish_position,10.0,0.97,2022,11,Austrian Grand Prix,92,1520,91
norris,1.1568409966688158,-finish_position,10.0,0.97,2022,11,Austrian Grand Prix,92,1520,91
ocon,0.2929574092339455,-finish_position,10.0,0.97,2022,11,Austrian Grand Prix,92,1520,91
perez,1.0938542202125547,-finish_position,10.0,0.97,2022,11,Austrian Grand Prix,92,1520,91
pietro_fittipaldi,-0.33135501672118084,-finish_position,10.0,0.97,2022,11,Austrian Grand Prix,92,1520,91
raikkonen,-0.5666286321643559,-finish_position,10.0,0.97,2022,11,Austrian Grand Prix,92,1520,91
ricciardo,0.07182454287380413,-finish_position,10.0,0.97,2022,11,Austrian Grand Prix,92,1520,91
russell,0.1280846441907536,-finish_position,10.0,0.97,2022,11,Austrian Grand Prix,92,1520,91
sainz,1.3180280724102285,-finish_position,10.0,0.97,2022,11,Austrian Grand Prix,92,1520,91
sirotkin,-0.26289653410416636,-finish_position,10.0,0.97,2022,11,Austrian Grand Prix,92,1520,91
stroll,-0.5695420919717916,-finish_position,10.0,0.97,2022,11,Austrian Grand Prix,92,1520,91
tsunoda,-1.3187591549082118,-finish_position,10.0,0.97,2022,11,Austrian Grand Prix,92,1520,91
vandoorne,-0.4367562602245889,-finish_position,10.0,0.97,2022,11,Austrian Grand Prix,92,1520,91
vettel,0.04665527057950062,-finish_position,10.0,0.97,2022,11,Austrian Grand Prix,92,1520,91
zhou,-0.246621080686153,-finish_position,10.0,0.97,2022,11,Austrian Grand Prix,92,1520,91
aitken,-0.10282977435645285,-finish_position,10.0,0.97,2022,12,French Grand Prix,93,1537,92
albon,-0.1019995617607721,-finish_position,10.0,0.97,2022,12,French Grand Prix,93,1537,92
alonso,0.02844961673572609,-finish_position,10.0,0.97,2022,12,French Grand Prix,93,1537,92
bottas,1.4625666148830496,-finish_position,10.0,0.97,2022,12,French Grand Prix,93,1537,92
brendon_hartley,-0.2651419300551999,-finish_position,10.0,0.97,2022,12,French Grand Prix,93,1537,92
ericsson,-0.23938307281988835,-finish_position,10.0,0.97,2022,12,French Grand Prix,93,1537,92
gasly,0.6688573227477588,-finish_position,10.0,0.97,2022,12,French Grand Prix,93,1537,92
giovinazzi,-1.2717308065951742,-finish_position,10.0,0.97,2022,12,French Grand Prix,93,1537,92
grosjean,-0.1912912444258426,-finish_position,10.0,0.97,2022,12,French Grand Prix,93,1537,92
hamilton,1.9722479062401856,-finish_position,10.0,0.97,2022,12,French Grand Prix,93,1537,92
hulkenberg,-0.5111858015051284,-finish_position,10.0,0.97,2022,12,French Grand Prix,93,1537,92
kevin_magnussen,0.3789675358429104,-finish_position,10.0,0.97,2022,12,French Grand Prix,93,1537,92
kubica,-1.1120269743172806,-finish_position,10.0,0.97,2022,12,French Grand Prix,93,1537,92
kvyat,-0.2340259184458603,-finish_position,10.0,0.97,2022,12,French Grand Prix,93,1537,92
latifi,-1.3454579152216735,-finish_position,10.0,0.97,2022,12,French Grand Prix,93,1537,92
leclerc,1.1366409227460772,-finish_position,10.0,0.97,2022,12,French Grand Prix,93,1537,92
max_verstappen,2.8237135737538055,-finish_position,10.0,0.97,2022,12,French Grand Prix,93,1537,92
mazepin,-2.1908521055549715,-finish_position,10.0,0.97,2022,12,French Grand Prix,93,1537,92
mick_schumacher,-1.0627639429737328,-finish_position,10.0,0.97,2022,12,French Grand Prix,93,1537,92
norris,1.158551613752547,-finish_position,10.0,0.97,2022,12,French Grand Prix,93,1537,92
ocon,0.37738509026997774,-finish_position,10.0,0.97,2022,12,French Grand Prix,93,1537,92
perez,1.0857258339760023,-finish_position,10.0,0.97,2022,12,French Grand Prix,93,1537,92
pietro_fittipaldi,-0.3337899380332681,-finish_position,10.0,0.97,2022,12,French Grand Prix,93,1537,92
raikkonen,-0.5236896920961075,-finish_position,10.0,0.97,2022,12,French Grand Prix,93,1537,92
ricciardo,0.06643138387349104,-finish_position,10.0,0.97,2022,12,French Grand Prix,93,1537,92
russell,0.1584701437313474,-finish_position,10.0,0.97,2022,12,French Grand Prix,93,1537,92
sainz,1.270701944085251,-finish_position,10.0,0.97,2022,12,French Grand Prix,93,1537,92
sirotkin,-0.2591222358442267,-finish_position,10.0,0.97,2022,12,French Grand Prix,93,1537,92
stroll,-0.5462685338250506,-finish_position,10.0,0.97,2022,12,French Grand Prix,93,1537,92
tsunoda,-1.3882127531959108,-finish_position,10.0,0.97,2022,12,French Grand Prix,93,1537,92
vandoorne,-0.42870467525049444,-finish_position,10.0,0.97,2022,12,French Grand Prix,93,1537,92
vettel,-0.09858947337527901,-finish_position,10.0,0.97,2022,12,French Grand Prix,93,1537,92
zhou,-0.3816431529858245,-finish_position,10.0,0.97,2022,12,French Grand Prix,93,1537,92
aitken,-0.0998525977461586,-finish_position,10.0,0.97,2022,13,Hungarian Grand Prix,94,1553,93
albon,-0.11025146960755429,-finish_position,10.0,0.97,2022,13,Hungarian Grand Prix,94,1553,93
alonso,0.09286436967584315,-finish_position,10.0,0.97,2022,13,Hungarian Grand Prix,94,1553,93
bottas,1.3152975772823767,-finish_position,10.0,0.97,2022,13,Hungarian Grand Prix,94,1553,93
brendon_hartley,-0.26051258571692487,-finish_position,10.0,0.97,2022,13,Hungarian Grand Prix,94,1553,93
ericsson,-0.23475771667340947,-finish_position,10.0,0.97,2022,13,Hungarian Grand Prix,94,1553,93
gasly,0.6030137250289916,-finish_position,10.0,0.97,2022,13,Hungarian Grand Prix,94,1553,93
giovinazzi,-1.1632763172654266,-finish_position,10.0,0.97,2022,13,Hungarian Grand Prix,94,1553,93
grosjean,-0.19097686323511445,-finish_position,10.0,0.97,2022,13,Hungarian Grand Prix,94,1553,93
hamilton,1.925705958274903,-finish_position,10.0,0.97,2022,13,Hungarian Grand Prix,94,1553,93
hulkenberg,-0.5018534484995175,-finish_position,10.0,0.97,2022,13,Hungarian Grand Prix,94,1553,93
kevin_magnussen,0.36946538511226507,-finish_position,10.0,0.97,2022,13,Hungarian Grand Prix,94,1553,93
kubica,-1.0768910809158252,-finish_position,10.0,0.97,2022,13,Hungarian Grand Prix,94,1553,93
kvyat,-0.22506938827400919,-finish_position,10.0,0.97,2022,13,Hungarian Grand Prix,94,1553,93
latifi,-1.331907426501802,-finish_position,10.0,0.97,2022,13,Hungarian Grand Prix,94,1553,93
leclerc,1.1250276791432994,-finish_position,10.0,0.97,2022,13,Hungarian Grand Prix,94,1553,93
max_verstappen,2.840075109687595,-finish_position,10.0,0.97,2022,13,Hungarian Grand Prix,94,1553,93
mazepin,-2.1573800610913345,-finish_position,10.0,0.97,2022,13,Hungarian Grand Prix,94,1553,93
mick_schumacher,-1.0939954968584684,-finish_position,10.0,0.97,2022,13,Hungarian Grand Prix,94,1553,93
norris,1.1671080425612705,-finish_position,10.0,0.97,2022,13,Hungarian Grand Prix,94,1553,93
ocon,0.36312491457777246,-finish_position,10.0,0.97,2022,13,Hungarian Grand Prix,94,1553,93
perez,1.0934427070085815,-finish_position,10.0,0.97,2022,13,Hungarian Grand Prix,94,1553,93
pietro_fittipaldi,-0.32489942407749534,-finish_position,10.0,0.97,2022,13,Hungarian Grand Prix,94,1553,93
raikkonen,-0.43011669997088525,-finish_position,10.0,0.97,2022,13,Hungarian Grand Prix,94,1553,93
ricciardo,0.062072038163665244,-finish_position,10.0,0.97,2022,13,Hungarian Grand Prix,94,1553,93
russell,0.2088364356066042,-finish_position,10.0,0.97,2022,13,Hungarian Grand Prix,94,1553,93
sainz,1.2729216338109839,-finish_position,10.0,0.97,2022,13,Hungarian Grand Prix,94,1553,93
sirotkin,-0.2523922424921865,-finish_position,10.0,0.97,2022,13,Hungarian Grand Prix,94,1553,93
stroll,-0.5200557925307449,-finish_position,10.0,0.97,2022,13,Hungarian Grand Prix,94,1553,93
tsunoda,-1.350487751967833,-finish_position,10.0,0.97,2022,13,Hungarian Grand Prix,94,1553,93
vandoorne,-0.4194014343112606,-finish_position,10.0,0.97,2022,13,Hungarian Grand Prix,94,1553,93
vettel,-0.11757488708582077,-finish_position,10.0,0.97,2022,13,Hungarian Grand Prix,94,1553,93
zhou,-0.5773028911123715,-finish_position,10.0,0.97,2022,13,Hungarian Grand Prix,94,1553,93
aitken,-0.09317172175886261,-finish_position,10.0,0.97,2022,14,Belgian Grand Prix,95,1572,94
albon,-0.22914319574318687,-finish_position,10.0,0.97,2022,14,Belgian Grand Prix,95,1572,94
alonso,0.1293902029532311,-finish_position,10.0,0.97,2022,14,Belgian Grand Prix,95,1572,94
bottas,1.2922221269047542,-finish_position,10.0,0.97,2022,14,Belgian Grand Prix,95,1572,94
brendon_hartley,-0.25327557383469285,-finish_position,10.0,0.97,2022,14,Belgian Grand Prix,95,1572,94
ericsson,-0.227112051958687,-finish_position,10.0,0.97,2022,14,Belgian Grand Prix,95,1572,94
gasly,0.6111808469405164,-finish_position,10.0,0.97,2022,14,Belgian Grand Prix,95,1572,94
giovinazzi,-1.1401569617267717,-finish_position,10.0,0.97,2022,14,Belgian Grand Prix,95,1572,94
grosjean,-0.17344612014656563,-finish_position,10.0,0.97,2022,14,Belgian Grand Prix,95,1572,94
hamilton,1.9355431790423532,-finish_position,10.0,0.97,2022,14,Belgian Grand Prix,95,1572,94
hulkenberg,-0.4939923265336242,-finish_position,10.0,0.97,2022,14,Belgian Grand Prix,95,1572,94
kevin_magnussen,0.2446825929882891,-finish_position,10.0,0.97,2022,14,Belgian Grand Prix,95,1572,94
kubica,-1.027922800946062,-finish_position,10.0,0.97,2022,14,Belgian Grand Prix,95,1572,94
kvyat,-0.18480835726397138,-finish_position,10.0,0.97,2022,14,Belgian Grand Prix,95,1572,94
latifi,-1.360941429328973,-finish_position,10.0,0.97,2022,14,Belgian Grand Prix,95,1572,94
leclerc,1.1156234001080967,-finish_position,10.0,0.97,2022,14,Belgian Grand Prix,95,1572,94
max_verstappen,2.860201021632422,-finish_position,10.0,0.97,2022,14,Belgian Grand Prix,95,1572,94
mazepin,-2.1051375072635827,-finish_position,10.0,0.97,2022,14,Belgian Grand Prix,95,1572,94
mick_schumacher,-1.0602898203223965,-finish_position,10.0,0.97,2022,14,Belgian Grand Prix,95,1572,94
norris,1.243038724225245,-finish_position,10.0,0.97,2022,14,Belgian Grand Prix,95,1572,94
ocon,0.35360132379241604,-finish_position,10.0,0.97,2022,14,Belgian Grand Prix,95,1572,94
perez,1.0766996133095272,-finish_position,10.0,0.97,2022,14,Belgian Grand Prix,95,1572,94
pietro_fittipaldi,-0.31343833321083453,-finish_position,10.0,0.97,2022,14,Belgian Grand Prix,95,1572,94
raikkonen,-0.4155271508404795,-finish_position,10.0,0.97,2022,14,Belgian Grand Prix,95,1572,94
ricciardo,-0.04984465604737943,-finish_position,10.0,0.97,2022,14,Belgian Grand Prix,95,1572,94
russell,0.32366061810852287,-finish_position,10.0,0.97,2022,14,Belgian Grand Prix,95,1572,94
sainz,1.3241542095155714,-finish_position,10.0,0.97,2022,14,Belgian Grand Prix,95,1572,94
sirotkin,-0.23045952025443744,-finish_position,10.0,0.97,2022,14,Belgian Grand Prix,95,1572,94
stroll,-0.5093069245818845,-finish_position,10.0,0.97,2022,14,Belgian Grand Prix,95,1572,94
tsunoda,-1.52215929862067,-finish_position,10.0,0.97,2022,14,Belgian Grand Prix,95,1572,94
vandoorne,-0.398421808078864,-finish_position,10.0,0.97,2022,14,Belgian Grand Prix,95,1572,94
vettel,-0.0981891458213594,-finish_position,10.0,0.97,2022,14,Belgian Grand Prix,95,1572,94
zhou,-0.6232531552376678,-finish_position,10.0,0.97,2022,14,Belgian Grand Prix,95,1572,94
aitken,-0.09150635532797805,-finish_position,10.0,0.97,2022,15,Dutch Grand Prix,96,1590,95
albon,-0.12462461872192136,-finish_position,10.0,0.97,2022,15,Dutch Grand Prix,96,1590,95
alonso,0.20677365462671685,-finish_position,10.0,0.97,2022,15,Dutch Grand Prix,96,1590,95
bottas,1.2764736945950403,-finish_position,10.0,0.97,2022,15,Dutch Grand Prix,96,1590,95
brendon_hartley,-0.24660851897587588,-finish_position,10.0,0.97,2022,15,Dutch Grand Prix,96,1590,95
ericsson,-0.22236962664022034,-finish_position,10.0,0.97,2022,15,Dutch Grand Prix,96,1590,95
gasly,0.6235311862638957,-finish_position,10.0,0.97,2022,15,Dutch Grand Prix,96,1590,95
giovinazzi,-1.113334432176172,-finish_position,10.0,0.97,2022,15,Dutch Grand Prix,96,1590,95
grosjean,-0.14810769359874976,-finish_position,10.0,0.97,2022,15,Dutch Grand Prix,96,1590,95
hamilton,1.9061035465800562,-finish_position,10.0,0.97,2022,15,Dutch Grand Prix,96,1590,95
hulkenberg,-0.4910704555805148,-finish_position,10.0,0.97,2022,15,Dutch Grand Prix,96,1590,95
kevin_magnussen,0.14441717555873837,-finish_position,10.0,0.97,2022,15,Dutch Grand Prix,96,1590,95
kubica,-1.0106419213741014,-finish_position,10.0,0.97,2022,15,Dutch Grand Prix,96,1590,95
kvyat,-0.1793734749446167,-finish_position,10.0,0.97,2022,15,Dutch Grand Prix,96,1590,95
latifi,-1.487374937689436,-finish_position,10.0,0.97,2022,15,Dutch Grand Prix,96,1590,95
leclerc,1.0978075154920146,-finish_position,10.0,0.97,2022,15,Dutch Grand Prix,96,1590,95
max_verstappen,2.868852104330873,-finish_position,10.0,0.97,2022,15,Dutch Grand Prix,96,1590,95
mazepin,-2.0443389970813617,-finish_position,10.0,0.97,2022,15,Dutch Grand Prix,96,1590,95
mick_schumacher,-1.1185753057659356,-finish_position,10.0,0.97,2022,15,Dutch Grand Prix,96,1590,95
norris,1.2082786246321064,-finish_position,10.0,0.97,2022,15,Dutch Grand Prix,96,1590,95
ocon,0.3525517963270538,-finish_position,10.0,0.97,2022,15,Dutch Grand Prix,96,1590,95
perez,1.1354596058877244,-finish_position,10.0,0.97,2022,15,Dutch Grand Prix,96,1590,95
pietro_fittipaldi,-0.3011752420268003,-finish_position,10.0,0.97,2022,15,Dutch Grand Prix,96,1590,95
raikkonen,-0.3981053092220734,-finish_position,10.0,0.97,2022,15,Dutch Grand Prix,96,1590,95
ricciardo,-0.13904345562598297,-finish_position,10.0,0.97,2022,15,Dutch Grand Prix,96,1590,95
russell,0.3446409023259613,-finish_position,10.0,0.97,2022,15,Dutch Grand Prix,96,1590,95
sainz,1.3990107145556225,-finish_position,10.0,0.97,2022,15,Dutch Grand Prix,96,1590,95
sirotkin,-0.22867278292853357,-finish_position,10.0,0.97,2022,15,Dutch Grand Prix,96,1590,95
stroll,-0.5320137820666271,-finish_position,10.0,0.97,2022,15,Dutch Grand Prix,96,1590,95
tsunoda,-1.548732883737221,-finish_position,10.0,0.97,2022,15,Dutch Grand Prix,96,1590,95
vandoorne,-0.374588276261253,-finish_position,10.0,0.97,2022,15,Dutch Grand Prix,96,1590,95
vettel,-0.05021112906023416,-finish_position,10.0,0.97,2022,15,Dutch Grand Prix,96,1590,95
zhou,-0.7134313223701936,-finish_position,10.0,0.97,2022,15,Dutch Grand Prix,96,1590,95
aitken,-0.08799570015079328,-finish_position,10.0,0.97,2022,16,Italian Grand Prix,97,1608,96
albon,-0.07231046982672912,-finish_position,10.0,0.97,2022,16,Italian Grand Prix,97,1608,96
alonso,0.27804177145529635,-finish_position,10.0,0.97,2022,16,Italian Grand Prix,97,1608,96
bottas,1.2571774118029166,-finish_position,10.0,0.97,2022,16,Italian Grand Prix,97,1608,96
brendon_hartley,-0.2403452217519542,-finish_position,10.0,0.97,2022,16,Italian Grand Prix,97,1608,96
ericsson,-0.21560091543007684,-finish_position,10.0,0.97,2022,16,Italian Grand Prix,97,1608,96
gasly,0.590928986906328,-finish_position,10.0,0.97,2022,16,Italian Grand Prix,97,1608,96
giovinazzi,-1.0684569918105564,-finish_position,10.0,0.97,2022,16,Italian Grand Prix,97,1608,96
grosjean,-0.14532948857689254,-finish_position,10.0,0.97,2022,16,Italian Grand Prix,97,1608,96
hamilton,1.8593704682218897,-finish_position,10.0,0.97,2022,16,Italian Grand Prix,97,1608,96
hulkenberg,-0.48449192657418344,-finish_position,10.0,0.97,2022,16,Italian Grand Prix,97,1608,96
kevin_magnussen,0.05858988260010847,-finish_position,10.0,0.97,2022,16,Italian Grand Prix,97,1608,96
kubica,-0.9791146393682908,-finish_position,10.0,0.97,2022,16,Italian Grand Prix,97,1608,96
kvyat,-0.17092008013825213,-finish_position,10.0,0.97,2022,16,Italian Grand Prix,97,1608,96
latifi,-1.5656501895094146,-finish_position,10.0,0.97,2022,16,Italian Grand Prix,97,1608,96
leclerc,1.173799020268815,-finish_position,10.0,0.97,2022,16,Italian Grand Prix,97,1608,96
max_verstappen,2.9029209152761495,-finish_position,10.0,0.97,2022,16,Italian Grand Prix,97,1608,96
mazepin,-2.0085472473692385,-finish_position,10.0,0.97,2022,16,Italian Grand Prix,97,1608,96
mick_schumacher,-1.068879206444021,-finish_position,10.0,0.97,2022,16,Italian Grand Prix,97,1608,96
norris,1.2815405184051047,-finish_position,10.0,0.97,2022,16,Italian Grand Prix,97,1608,96
ocon,0.3203854984621951,-finish_position,10.0,0.97,2022,16,Italian Grand Prix,97,1608,96
perez,1.1277255418693362,-finish_position,10.0,0.97,2022,16,Italian Grand Prix,97,1608,96
pietro_fittipaldi,-0.29262468674906783,-finish_position,10.0,0.97,2022,16,Italian Grand Prix,97,1608,96
raikkonen,-0.36324304165163374,-finish_position,10.0,0.97,2022,16,Italian Grand Prix,97,1608,96
ricciardo,-0.29636236321095205,-finish_position,10.0,0.97,2022,16,Italian Grand Prix,97,1608,96
russell,0.437868822223251,-finish_position,10.0,0.97,2022,16,Italian Grand Prix,97,1608,96
sainz,1.337023177891891,-finish_position,10.0,0.97,2022,16,Italian Grand Prix,97,1608,96
sirotkin,-0.21920298958459078,-finish_position,10.0,0.97,2022,16,Italian Grand Prix,97,1608,96
stroll,-0.4711233909629452,-finish_position,10.0,0.97,2022,16,Italian Grand Prix,97,1608,96
tsunoda,-1.5159249513983113,-finish_position,10.0,0.97,2022,16,Italian Grand Prix,97,1608,96
vandoorne,-0.3562521581258566,-finish_position,10.0,0.97,2022,16,Italian Grand Prix,97,1608,96
vettel,-0.12177344261781005,-finish_position,10.0,0.97,2022,16,Italian Grand Prix,97,1608,96
zhou,-0.8812229141317158,-finish_position,10.0,0.97,2022,16,Italian Grand Prix,97,1608,96
aitken,-0.0886404883762781,-finish_position,10.0,0.97,2022,17,Singapore Grand Prix,98,1624,97
albon,-0.11576570444817738,-finish_position,10.0,0.97,2022,17,Singapore Grand Prix,98,1624,97
alonso,0.2904340384182938,-finish_position,10.0,0.97,2022,17,Singapore Grand Prix,98,1624,97
bottas,1.1265062555668854,-finish_position,10.0,0.97,2022,17,Singapore Grand Prix,98,1624,97
brendon_hartley,-0.23643543878289705,-finish_position,10.0,0.97,2022,17,Singapore Grand Prix,98,1624,97
de_vries,0.3438000645775807,-finish_position,10.0,0.97,2022,17,Singapore Grand Prix,98,1624,97
ericsson,-0.21284470754546184,-finish_position,10.0,0.97,2022,17,Singapore Grand Prix,98,1624,97
gasly,0.6237695781764256,-finish_position,10.0,0.97,2022,17,Singapore Grand Prix,98,1624,97
giovinazzi,-1.0549165346536948,-finish_position,10.0,0.97,2022,17,Singapore Grand Prix,98,1624,97
grosjean,-0.14722749760139456,-finish_position,10.0,0.97,2022,17,Singapore Grand Prix,98,1624,97
hamilton,1.756691828600322,-finish_position,10.0,0.97,2022,17,Singapore Grand Prix,98,1624,97
hulkenberg,-0.4814269305079573,-finish_position,10.0,0.97,2022,17,Singapore Grand Prix,98,1624,97
kevin_magnussen,-0.06678866951603919,-finish_position,10.0,0.97,2022,17,Singapore Grand Prix,98,1624,97
kubica,-0.9781739732573922,-finish_position,10.0,0.97,2022,17,Singapore Grand Prix,98,1624,97
kvyat,-0.17253048359209786,-finish_position,10.0,0.97,2022,17,Singapore Grand Prix,98,1624,97
latifi,-1.6384354214081724,-finish_position,10.0,0.97,2022,17,Singapore Grand Prix,98,1624,97
leclerc,1.2233756870745103,-finish_position,10.0,0.97,2022,17,Singapore Grand Prix,98,1624,97
max_verstappen,2.927454055119593,-finish_position,10.0,0.97,2022,17,Singapore Grand Prix,98,1624,97
mazepin,-1.9778640466554311,-finish_position,10.0,0.97,2022,17,Singapore Grand Prix,98,1624,97
mick_schumacher,-0.9962187368933824,-finish_position,10.0,0.97,2022,17,Singapore Grand Prix,98,1624,97
norris,1.2835459582057707,-finish_position,10.0,0.97,2022,17,Singapore Grand Prix,98,1624,97
ocon,0.2633179109517427,-finish_position,10.0,0.97,2022,17,Singapore Grand Prix,98,1624,97
perez,1.0772409084665586,-finish_position,10.0,0.97,2022,17,Singapore Grand Prix,98,1624,97
pietro_fittipaldi,-0.28545226516365446,-finish_position,10.0,0.97,2022,17,Singapore Grand Prix,98,1624,97
raikkonen,-0.3609914178962178,-finish_position,10.0,0.97,2022,17,Singapore Grand Prix,98,1624,97
ricciardo,-0.3110149976638644,-finish_position,10.0,0.97,2022,17,Singapore Grand Prix,98,1624,97
russell,0.4315429724027289,-finish_position,10.0,0.97,2022,17,Singapore Grand Prix,98,1624,97
sainz,1.3315479343758903,-finish_position,10.0,0.97,2022,17,Singapore Grand Prix,98,1624,97
sirotkin,-0.22626862742736917,-finish_position,10.0,0.97,2022,17,Singapore Grand Prix,98,1624,97
stroll,-0.49081619931235154,-finish_position,10.0,0.97,2022,17,Singapore Grand Prix,98,1624,97
tsunoda,-1.5852962569483322,-finish_position,10.0,0.97,2022,17,Singapore Grand Prix,98,1624,97
vandoorne,-0.3500863348427099,-finish_position,10.0,0.97,2022,17,Singapore Grand Prix,98,1624,97
vettel,-0.14810110603932164,-finish_position,10.0,0.97,2022,17,Singapore Grand Prix,98,1624,97
zhou,-0.7539313534041052,-finish_position,10.0,0.97,2022,17,Singapore Grand Prix,98,1624,97
aitken,-0.08827978618970557,-finish_position,10.0,0.97,2022,18,Japanese Grand Prix,99,1638,98
albon,-0.14950300431790342,-finish_position,10.0,0.97,2022,18,Japanese Grand Prix,99,1638,98
alonso,0.28064371837381563,-finish_position,10.0,0.97,2022,18,Japanese Grand Prix,99,1638,98
bottas,1.1865328985960657,-finish_position,10.0,0.97,2022,18,Japanese Grand Prix,99,1638,98
brendon_hartley,-0.23240048416241793,-finish_position,10.0,0.97,2022,18,Japanese Grand Prix,99,1638,98
de_vries,0.3273638544907458,-finish_position,10.0,0.97,2022,18,Japanese Grand Prix,99,1638,98
ericsson,-0.20901097514331174,-finish_position,10.0,0.97,2022,18,Japanese Grand Prix,99,1638,98
gasly,0.6011097980225979,-finish_position,10.0,0.97,2022,18,Japanese Grand Prix,99,1638,98
giovinazzi,-1.0286616809976095,-finish_position,10.0,0.97,2022,18,Japanese Grand Prix,99,1638,98
grosjean,-0.16141345666318888,-finish_position,10.0,0.97,2022,18,Japanese Grand Prix,99,1638,98
hamilton,1.7587282743096704,-finish_position,10.0,0.97,2022,18,Japanese Grand Prix,99,1638,98
hulkenberg,-0.4775291108302951,-finish_position,10.0,0.97,2022,18,Japanese Grand Prix,99,1638,98
kevin_magnussen,-0.05673973508876158,-finish_position,10.0,0.97,2022,18,Japanese Grand Prix,99,1638,98
kubica,-0.9696855547306458,-finish_position,10.0,0.97,2022,18,Japanese Grand Prix,99,1638,98
kvyat,-0.1737482491652182,-finish_position,10.0,0.97,2022,18,Japanese Grand Prix,99,1638,98
latifi,-1.676695165989781,-finish_position,10.0,0.97,2022,18,Japanese Grand Prix,99,1638,98
leclerc,1.2630435678002394,-finish_position,10.0,0.97,2022,18,Japanese Grand Prix,99,1638,98
max_verstappen,2.784000986716488,-finish_position,10.0,0.97,2022,18,Japanese Grand Prix,99,1638,98
mazepin,-1.9610689966776247,-finish_position,10.0,0.97,2022,18,Japanese Grand Prix,99,1638,98
mick_schumacher,-0.9843263848411286,-finish_position,10.0,0.97,2022,18,Japanese Grand Prix,99,1638,98
norris,1.3075016140439932,-finish_position,10.0,0.97,2022,18,Japanese Grand Prix,99,1638,98
ocon,0.25917212711450666,-finish_position,10.0,0.97,2022,18,Japanese Grand Prix,99,1638,98
perez,1.1705838002606899,-finish_position,10.0,0.97,2022,18,Japanese Grand Prix,99,1638,98
pietro_fittipaldi,-0.27989719865812723,-finish_position,10.0,0.97,2022,18,Japanese Grand Prix,99,1638,98
raikkonen,-0.3473971983748317,-finish_position,10.0,0.97,2022,18,Japanese Grand Prix,99,1638,98
ricciardo,-0.23758944475619043,-finish_position,10.0,0.97,2022,18,Japanese Grand Prix,99,1638,98
russell,0.2239774742878901,-finish_position,10.0,0.97,2022,18,Japanese Grand Prix,99,1638,98
sainz,1.335601030633333,-finish_position,10.0,0.97,2022,18,Japanese Grand Prix,99,1638,98
sirotkin,-0.22946251759695485,-finish_position,10.0,0.97,2022,18,Japanese Grand Prix,99,1638,98
stroll,-0.4260871267855602,-finish_position,10.0,0.97,2022,18,Japanese Grand Prix,99,1638,98
tsunoda,-1.568590927370251,-finish_position,10.0,0.97,2022,18,Japanese Grand Prix,99,1638,98
vandoorne,-0.35222526536224325,-finish_position,10.0,0.97,2022,18,Japanese Grand Prix,99,1638,98
vettel,-0.1565999086956875,-finish_position,10.0,0.97,2022,18,Japanese Grand Prix,99,1638,98
zhou,-0.7313469722525988,-finish_position,10.0,0.97,2022,18,Japanese Grand Prix,99,1638,98
aitken,-0.08808817103554327,-finish_position,10.0,0.97,2022,19,United States Grand Prix,100,1656,99
albon,-0.1934076938876273,-finish_position,10.0,0.97,2022,19,United States Grand Prix,100,1656,99
alonso,0.2741076106780012,-finish_position,10.0,0.97,2022,19,United States Grand Prix,100,1656,99
bottas,1.0868925339251112,-finish_position,10.0,0.97,2022,19,United States Grand Prix,100,1656,99
brendon_hartley,-0.22872756503189187,-finish_position,10.0,0.97,2022,19,United States Grand Prix,100,1656,99
de_vries,0.3106640372281133,-finish_position,10.0,0.97,2022,19,United States Grand Prix,100,1656,99
ericsson,-0.20344983720200827,-finish_position,10.0,0.97,2022,19,United States Grand Prix,100,1656,99
gasly,0.44147346536288734,-finish_position,10.0,0.97,2022,19,United States Grand Prix,100,1656,99
giovinazzi,-0.9323203648904363,-finish_position,10.0,0.97,2022,19,United States Grand Prix,100,1656,99
grosjean,-0.1483426274986941,-finish_position,10.0,0.97,2022,19,United States Grand Prix,100,1656,99
hamilton,1.7313557669574182,-finish_position,10.0,0.97,2022,19,United States Grand Prix,100,1656,99
hulkenberg,-0.4692005705619287,-finish_position,10.0,0.97,2022,19,United States Grand Prix,100,1656,99
kevin_magnussen,-0.076374055925716,-finish_position,10.0,0.97,2022,19,United States Grand Prix,100,1656,99
kubica,-0.9547305348350567,-finish_position,10.0,0.97,2022,19,United States Grand Prix,100,1656,99
kvyat,-0.14703040454724578,-finish_position,10.0,0.97,2022,19,United States Grand Prix,100,1656,99
latifi,-1.5470423216142146,-finish_position,10.0,0.97,2022,19,United States Grand Prix,100,1656,99
leclerc,1.3301341779384395,-finish_position,10.0,0.97,2022,19,United States Grand Prix,100,1656,99
max_verstappen,2.776363796069428,-finish_position,10.0,0.97,2022,19,United States Grand Prix,100,1656,99
mazepin,-1.9145279652474139,-finish_position,10.0,0.97,2022,19,United States Grand Prix,100,1656,99
mick_schumacher,-1.0589624475352506,-finish_position,10.0,0.97,2022,19,United States Grand Prix,100,1656,99
norris,1.2667778069087083,-finish_position,10.0,0.97,2022,19,United States Grand Prix,100,1656,99
ocon,0.3385525531910582,-finish_position,10.0,0.97,2022,19,United States Grand Prix,100,1656,99
perez,1.2065785206441857,-finish_position,10.0,0.97,2022,19,United States Grand Prix,100,1656,99
pietro_fittipaldi,-0.27036277768530437,-finish_position,10.0,0.97,2022,19,United States Grand Prix,100,1656,99
raikkonen,-0.2645581107968065,-finish_position,10.0,0.97,2022,19,United States Grand Prix,100,1656,99
ricciardo,-0.25549743386174023,-finish_position,10.0,0.97,2022,19,United States Grand Prix,100,1656,99
russell,0.1308162141786491,-finish_position,10.0,0.97,2022,19,United States Grand Prix,100,1656,99
sainz,1.3371306329252854,-finish_position,10.0,0.97,2022,19,United States Grand Prix,100,1656,99
sirotkin,-0.23330818451374252,-finish_position,10.0,0.97,2022,19,United States Grand Prix,100,1656,99
stroll,-0.49293126560284756,-finish_position,10.0,0.97,2022,19,United States Grand Prix,100,1656,99
tsunoda,-1.5182754317082983,-finish_position,10.0,0.97,2022,19,United States Grand Prix,100,1656,99
vandoorne,-0.33966168655066414,-finish_position,10.0,0.97,2022,19,United States Grand Prix,100,1656,99
vettel,-0.056936999594359744,-finish_position,10.0,0.97,2022,19,United States Grand Prix,100,1656,99
zhou,-0.8371106658804979,-finish_position,10.0,0.97,2022,19,United States Grand Prix,100,1656,99
aitken,-0.08551269170106565,-finish_position,10.0,0.97,2022,20,Mexico City Grand Prix,101,1673,100
albon,-0.2002658641445878,-finish_position,10.0,0.97,2022,20,Mexico City Grand Prix,101,1673,100
alonso,0.33087991123532917,-finish_position,10.0,0.97,2022,20,Mexico City Grand Prix,101,1673,100
bottas,1.062337455840711,-finish_position,10.0,0.97,2022,20,Mexico City Grand Prix,101,1673,100
brendon_hartley,-0.22556004232113963,-finish_position,10.0,0.97,2022,20,Mexico City Grand Prix,101,1673,100
de_vries,0.30297099740479,-finish_position,10.0,0.97,2022,20,Mexico City Grand Prix,101,1673,100
ericsson,-0.19953983006101944,-finish_position,10.0,0.97,2022,20,Mexico City Grand Prix,101,1673,100
gasly,0.3356324210623668,-finish_position,10.0,0.97,2022,20,Mexico City Grand Prix,101,1673,100
giovinazzi,-0.9338366058589681,-finish_position,10.0,0.97,2022,20,Mexico City Grand Prix,101,1673,100
grosjean,-0.16652357631086598,-finish_position,10.0,0.97,2022,20,Mexico City Grand Prix,101,1673,100
hamilton,1.756624489878326,-finish_position,10.0,0.97,2022,20,Mexico City Grand Prix,101,1673,100
hulkenberg,-0.4726180036886798,-finish_position,10.0,0.97,2022,20,Mexico City Grand Prix,101,1673,100
kevin_magnussen,0.030782544890471237,-finish_position,10.0,0.97,2022,20,Mexico City Grand Prix,101,1673,100
kubica,-0.9333296310237844,-finish_position,10.0,0.97,2022,20,Mexico City Grand Prix,101,1673,100
kvyat,-0.1445444570441274,-finish_position,10.0,0.97,2022,20,Mexico City Grand Prix,101,1673,100
latifi,-1.6141968032069074,-finish_position,10.0,0.97,2022,20,Mexico City Grand Prix,101,1673,100
leclerc,1.3795036870960122,-finish_position,10.0,0.97,2022,20,Mexico City Grand Prix,101,1673,100
max_verstappen,2.7863342538061144,-finish_position,10.0,0.97,2022,20,Mexico City Grand Prix,101,1673,100
mazepin,-1.902321713913258,-finish_position,10.0,0.97,2022,20,Mexico City Grand Prix,101,1673,100
mick_schumacher,-1.1204319599067287,-finish_position,10.0,0.97,2022,20,Mexico City Grand Prix,101,1673,100
norris,1.3470773665568412,-finish_position,10.0,0.97,2022,20,Mexico City Grand Prix,101,1673,100
ocon,0.26729405460456795,-finish_position,10.0,0.97,2022,20,Mexico City Grand Prix,101,1673,100
perez,1.1963387618350505,-finish_position,10.0,0.97,2022,20,Mexico City Grand Prix,101,1673,100
pietro_fittipaldi,-0.2661040043476858,-finish_position,10.0,0.97,2022,20,Mexico City Grand Prix,101,1673,100
raikkonen,-0.2741176968477464,-finish_position,10.0,0.97,2022,20,Mexico City Grand Prix,101,1673,100
ricciardo,-0.3979143988651449,-finish_position,10.0,0.97,2022,20,Mexico City Grand Prix,101,1673,100
russell,0.14481317705671015,-finish_position,10.0,0.97,2022,20,Mexico City Grand Prix,101,1673,100
sainz,1.3279863864308694,-finish_position,10.0,0.97,2022,20,Mexico City Grand Prix,101,1673,100
sirotkin,-0.2265943328855764,-finish_position,10.0,0.97,2022,20,Mexico City Grand Prix,101,1673,100
stroll,-0.5171936275033061,-finish_position,10.0,0.97,2022,20,Mexico City Grand Prix,101,1673,100
tsunoda,-1.425097246297328,-finish_position,10.0,0.97,2022,20,Mexico City Grand Prix,101,1673,100
vandoorne,-0.3254904131448715,-finish_position,10.0,0.97,2022,20,Mexico City Grand Prix,101,1673,100
vettel,-0.019219341032698692,-finish_position,10.0,0.97,2022,20,Mexico City Grand Prix,101,1673,100
zhou,-0.818163267592668,-finish_position,10.0,0.97,2022,20,Mexico City Grand Prix,101,1673,100
aitken,-0.08267756065615563,-finish_position,10.0,0.97,2022,21,São Paulo Grand Prix,102,1691,101
albon,-0.16157190039273422,-finish_position,10.0,0.97,2022,21,São Paulo Grand Prix,102,1691,101
alonso,0.32642404369248434,-finish_position,10.0,0.97,2022,21,São Paulo Grand Prix,102,1691,101
bottas,1.055529522538866,-finish_position,10.0,0.97,2022,21,São Paulo Grand Prix,102,1691,101
brendon_hartley,-0.21952135483266386,-finish_position,10.0,0.97,2022,21,São Paulo Grand Prix,102,1691,101
de_vries,0.29562263456716875,-finish_position,10.0,0.97,2022,21,São Paulo Grand Prix,102,1691,101
ericsson,-0.19401504461513014,-finish_position,10.0,0.97,2022,21,São Paulo Grand Prix,102,1691,101
gasly,0.3142126885368444,-finish_position,10.0,0.97,2022,21,São Paulo Grand Prix,102,1691,101
giovinazzi,-0.9274593733277408,-finish_position,10.0,0.97,2022,21,São Paulo Grand Prix,102,1691,101
grosjean,-0.14468701435692236,-finish_position,10.0,0.97,2022,21,São Paulo Grand Prix,102,1691,101
hamilton,1.7813196825416924,-finish_position,10.0,0.97,2022,21,São Paulo Grand Prix,102,1691,101
hulkenberg,-0.44539641275437203,-finish_position,10.0,0.97,2022,21,São Paulo Grand Prix,102,1691,101
kevin_magnussen,-0.08132523085943054,-finish_position,10.0,0.97,2022,21,São Paulo Grand Prix,102,1691,101
kubica,-0.9102548345783611,-finish_position,10.0,0.97,2022,21,São Paulo Grand Prix,102,1691,101
kvyat,-0.13841133114460302,-finish_position,10.0,0.97,2022,21,São Paulo Grand Prix,102,1691,101
latifi,-1.7030117349139822,-finish_position,10.0,0.97,2022,21,São Paulo Grand Prix,102,1691,101
leclerc,1.3542700673931554,-finish_position,10.0,0.97,2022,21,São Paulo Grand Prix,102,1691,101
max_verstappen,2.8045626312804126,-finish_position,10.0,0.97,2022,21,São Paulo Grand Prix,102,1691,101
mazepin,-1.8463789991965232,-finish_position,10.0,0.97,2022,21,São Paulo Grand Prix,102,1691,101
mick_schumacher,-1.137642939044502,-finish_position,10.0,0.97,2022,21,São Paulo Grand Prix,102,1691,101
norris,1.2923125969290346,-finish_position,10.0,0.97,2022,21,São Paulo Grand Prix,102,1691,101
ocon,0.2859040216425964,-finish_position,10.0,0.97,2022,21,São Paulo Grand Prix,102,1691,101
perez,1.2235569942167475,-finish_position,10.0,0.97,2022,21,São Paulo Grand Prix,102,1691,101
pietro_fittipaldi,-0.25579188547583254,-finish_position,10.0,0.97,2022,21,São Paulo Grand Prix,102,1691,101
raikkonen,-0.27575933509286127,-finish_position,10.0,0.97,2022,21,São Paulo Grand Prix,102,1691,101
ricciardo,-0.3330249934913029,-finish_position,10.0,0.97,2022,21,São Paulo Grand Prix,102,1691,101
russell,0.1876671260432046,-finish_position,10.0,0.97,2022,21,São Paulo Grand Prix,102,1691,101
sainz,1.3278169273340268,-finish_position,10.0,0.97,2022,21,São Paulo Grand Prix,102,1691,101
sirotkin,-0.21912297484492868,-finish_position,10.0,0.97,2022,21,São Paulo Grand Prix,102,1691,101
stroll,-0.5571154440648803,-finish_position,10.0,0.97,2022,21,São Paulo Grand Prix,102,1691,101
tsunoda,-1.3987226457316073,-finish_position,10.0,0.97,2022,21,São Paulo Grand Prix,102,1691,101
vandoorne,-0.31960829763782633,-finish_position,10.0,0.97,2022,21,São Paulo Grand Prix,102,1691,101
vettel,-0.05638496627906844,-finish_position,10.0,0.97,2022,21,São Paulo Grand Prix,102,1691,101
zhou,-0.8413146634248072,-finish_position,10.0,0.97,2022,21,São Paulo Grand Prix,102,1691,101
aitken,-0.07860678538637172,-finish_position,10.0,0.97,2022,22,Abu Dhabi Grand Prix,103,1708,102
albon,-0.202474129535284,-finish_position,10.0,0.97,2022,22,Abu Dhabi Grand Prix,103,1708,102
alonso,0.40209520594783144,-finish_position,10.0,0.97,2022,22,Abu Dhabi Grand Prix,103,1708,102
bottas,1.0482148214291758,-finish_position,10.0,0.97,2022,22,Abu Dhabi Grand Prix,103,1708,102
brendon_hartley,-0.21469931217087482,-finish_position,10.0,0.97,2022,22,Abu Dhabi Grand Prix,103,1708,102
de_vries,0.29185144032076527,-finish_position,10.0,0.97,2022,22,Abu Dhabi Grand Prix,103,1708,102
ericsson,-0.18980140508313956,-finish_position,10.0,0.97,2022,22,Abu Dhabi Grand Prix,103,1708,102
gasly,0.2803127336441963,-finish_position,10.0,0.97,2022,22,Abu Dhabi Grand Prix,103,1708,102
giovinazzi,-0.9443889689220574,-finish_position,10.0,0.97,2022,22,Abu Dhabi Grand Prix,103,1708,102
grosjean,-0.15194752923664656,-finish_position,10.0,0.97,2022,22,Abu Dhabi Grand Prix,103,1708,102
hamilton,1.775135945376269,-finish_position,10.0,0.97,2022,22,Abu Dhabi Grand Prix,103,1708,102
hulkenberg,-0.43548922203172374,-finish_position,10.0,0.97,2022,22,Abu Dhabi Grand Prix,103,1708,102
kevin_magnussen,-0.10000227592176313,-finish_position,10.0,0.97,2022,22,Abu Dhabi Grand Prix,103,1708,102
kubica,-0.881815196871735,-finish_position,10.0,0.97,2022,22,Abu Dhabi Grand Prix,103,1708,102
kvyat,-0.1131848966691664,-finish_position,10.0,0.97,2022,22,Abu Dhabi Grand Prix,103,1708,102
latifi,-1.6909401908832025,-finish_position,10.0,0.97,2022,22,Abu Dhabi Grand Prix,103,1708,102
leclerc,1.350863703989922,-finish_position,10.0,0.97,2022,22,Abu Dhabi Grand Prix,103,1708,102
max_verstappen,2.7458933074493936,-finish_position,10.0,0.97,2022,22,Abu Dhabi Grand Prix,103,1708,102
mazepin,-1.8230499858703,-finish_position,10.0,0.97,2022,22,Abu Dhabi Grand Prix,103,1708,102
mick_schumacher,-1.113240763365395,-finish_position,10.0,0.97,2022,22,Abu Dhabi Grand Prix,103,1708,102
norris,1.2827581833365265,-finish_position,10.0,0.97,2022,22,Abu Dhabi Grand Prix,103,1708,102
ocon,0.2660379674068048,-finish_position,10.0,0.97,2022,22,Abu Dhabi Grand Prix,103,1708,102
perez,1.181547595673455,-finish_position,10.0,0.97,2022,22,Abu Dhabi Grand Prix,103,1708,102
pietro_fittipaldi,-0.24973183217244102,-finish_position,10.0,0.97,2022,22,Abu Dhabi Grand Prix,103,1708,102
raikkonen,-0.3011975817055482,-finish_position,10.0,0.97,2022,22,Abu Dhabi Grand Prix,103,1708,102
ricciardo,-0.32721448987817797,-finish_position,10.0,0.97,2022,22,Abu Dhabi Grand Prix,103,1708,102
russell,0.30830064225207343,-finish_position,10.0,0.97,2022,22,Abu Dhabi Grand Prix,103,1708,102
sainz,1.360975018230049,-finish_position,10.0,0.97,2022,22,Abu Dhabi Grand Prix,103,1708,102
sirotkin,-0.20668653220633998,-finish_position,10.0,0.97,2022,22,Abu Dhabi Grand Prix,103,1708,102
stroll,-0.5338601725967079,-finish_position,10.0,0.97,2022,22,Abu Dhabi Grand Prix,103,1708,102
tsunoda,-1.4958320174665451,-finish_position,10.0,0.97,2022,22,Abu Dhabi Grand Prix,103,1708,102
vandoorne,-0.3107501697290125,-finish_position,10.0,0.97,2022,22,Abu Dhabi Grand Prix,103,1708,102
vettel,-0.08771112687821936,-finish_position,10.0,0.97,2022,22,Abu Dhabi Grand Prix,103,1708,102
zhou,-0.8413619804758251,-finish_position,10.0,0.97,2022,22,Abu Dhabi Grand Prix,103,1708,102
aitken,-0.07683669302878378,-finish_position,10.0,0.97,2023,1,Bahrain Grand Prix,104,1725,103
albon,-0.21706386542426181,-finish_position,10.0,0.97,2023,1,Bahrain Grand Prix,104,1725,103
alonso,0.3803387567491966,-finish_position,10.0,0.97,2023,1,Bahrain Grand Prix,104,1725,103
bottas,0.9161457435016899,-finish_position,10.0,0.97,2023,1,Bahrain Grand Prix,104,1725,103
brendon_hartley,-0.21106995244766055,-finish_position,10.0,0.97,2023,1,Bahrain Grand Prix,104,1725,103
de_vries,0.28207881619917496,-finish_position,10.0,0.97,2023,1,Bahrain Grand Prix,104,1725,103
ericsson,-0.18589101089274582,-finish_position,10.0,0.97,2023,1,Bahrain Grand Prix,104,1725,103
gasly,0.19114159773356723,-finish_position,10.0,0.97,2023,1,Bahrain Grand Prix,104,1725,103
giovinazzi,-0.8974970429598432,-finish_position,10.0,0.97,2023,1,Bahrain Grand Prix,104,1725,103
grosjean,-0.1343127201164018,-finish_position,10.0,0.97,2023,1,Bahrain Grand Prix,104,1725,103
hamilton,1.73170242352143,-finish_position,10.0,0.97,2023,1,Bahrain Grand Prix,104,1725,103
hulkenberg,-0.4290096554161572,-finish_position,10.0,0.97,2023,1,Bahrain Grand Prix,104,1725,103
kevin_magnussen,-0.2118902173524414,-finish_position,10.0,0.97,2023,1,Bahrain Grand Prix,104,1725,103
kubica,-0.8612698100410626,-finish_position,10.0,0.97,2023,1,Bahrain Grand Prix,104,1725,103
kvyat,-0.10899289775344918,-finish_position,10.0,0.97,2023,1,Bahrain Grand Prix,104,1725,103
latifi,-1.6899902338020083,-finish_position,10.0,0.97,2023,1,Bahrain Grand Prix,104,1725,103
leclerc,1.3946352299970248,-finish_position,10.0,0.97,2023,1,Bahrain Grand Prix,104,1725,103
max_verstappen,2.7519080732756693,-finish_position,10.0,0.97,2023,1,Bahrain Grand Prix,104,1725,103
mazepin,-1.7721756146182677,-finish_position,10.0,0.97,2023,1,Bahrain Grand Prix,104,1725,103
mick_schumacher,-1.1349932453128941,-finish_position,10.0,0.97,2023,1,Bahrain Grand Prix,104,1725,103
norris,1.3011418968659332,-finish_position,10.0,0.97,2023,1,Bahrain Grand Prix,104,1725,103
ocon,0.2919994710668887,-finish_position,10.0,0.97,2023,1,Bahrain Grand Prix,104,1725,103
perez,1.1982983022744622,-finish_position,10.0,0.97,2023,1,Bahrain Grand Prix,104,1725,103
pietro_fittipaldi,-0.24049184396380052,-finish_position,10.0,0.97,2023,1,Bahrain Grand Prix,104,1725,103
raikkonen,-0.2673705925760032,-finish_position,10.0,0.97,2023,1,Bahrain Grand Prix,104,1725,103
ricciardo,-0.3263453823931073,-finish_position,10.0,0.97,2023,1,Bahrain Grand Prix,104,1725,103
russell,0.2955116532551831,-finish_position,10.0,0.97,2023,1,Bahrain Grand Prix,104,1725,103
sainz,1.3555078358561212,-finish_position,10.0,0.97,2023,1,Bahrain Grand Prix,104,1725,103
sirotkin,-0.2033097630833969,-finish_position,10.0,0.97,2023,1,Bahrain Grand Prix,104,1725,103
stroll,-0.486145061395358,-finish_position,10.0,0.97,2023,1,Bahrain Grand Prix,104,1725,103
tsunoda,-1.429827197206902,-finish_position,10.0,0.97,2023,1,Bahrain Grand Prix,104,1725,103
vandoorne,-0.3059544754631282,-finish_position,10.0,0.97,2023,1,Bahrain Grand Prix,104,1725,103
vettel,-0.11777379238193596,-finish_position,10.0,0.97,2023,1,Bahrain Grand Prix,104,1725,103
zhou,-0.7821987326667384,-finish_position,10.0,0.97,2023,1,Bahrain Grand Prix,104,1725,103
aitken,-0.07671584201850071,-finish_position,10.0,0.97,2023,2,Saudi Arabian Grand Prix,105,1742,104
albon,-0.15435442569536242,-finish_position,10.0,0.97,2023,2,Saudi Arabian Grand Prix,105,1742,104
alonso,0.6947267051460934,-finish_position,10.0,0.97,2023,2,Saudi Arabian Grand Prix,105,1742,104
bottas,1.0018146442310776,-finish_position,10.0,0.97,2023,2,Saudi Arabian Grand Prix,105,1742,104
brendon_hartley,-0.20504992028412644,-finish_position,10.0,0.97,2023,2,Saudi Arabian Grand Prix,105,1742,104
de_vries,-0.03984572122753478,-finish_position,10.0,0.97,2023,2,Saudi Arabian Grand Prix,105,1742,104
ericsson,-0.18164085039296224,-finish_position,10.0,0.97,2023,2,Saudi Arabian Grand Prix,105,1742,104
gasly,0.2476780424375508,-finish_position,10.0,0.97,2023,2,Saudi Arabian Grand Prix,105,1742,104
giovinazzi,-0.888957960929079,-finish_position,10.0,0.97,2023,2,Saudi Arabian Grand Prix,105,1742,104
grosjean,-0.12277211605271679,-finish_position,10.0,0.97,2023,2,Saudi Arabian Grand Prix,105,1742,104
hamilton,1.7401303701272952,-finish_position,10.0,0.97,2023,2,Saudi Arabian Grand Prix,105,1742,104
hulkenberg,-0.5396861645841057,-finish_position,10.0,0.97,2023,2,Saudi Arabian Grand Prix,105,1742,104
kevin_magnussen,-0.1867138196491223,-finish_position,10.0,0.97,2023,2,Saudi Arabian Grand Prix,105,1742,104
kubica,-0.8564185351989534,-finish_position,10.0,0.97,2023,2,Saudi Arabian Grand Prix,105,1742,104
kvyat,-0.08592655883522887,-finish_position,10.0,0.97,2023,2,Saudi Arabian Grand Prix,105,1742,104
latifi,-1.7364649310590545,-finish_position,10.0,0.97,2023,2,Saudi Arabian Grand Prix,105,1742,104
leclerc,1.361050536788192,-finish_position,10.0,0.97,2023,2,Saudi Arabian Grand Prix,105,1742,104
max_verstappen,2.761718781622281,-finish_position,10.0,0.97,2023,2,Saudi Arabian Grand Prix,105,1742,104
mazepin,-1.7283727554126962,-finish_position,10.0,0.97,2023,2,Saudi Arabian Grand Prix,105,1742,104
mick_schumacher,-1.105848857758311,-finish_position,10.0,0.97,2023,2,Saudi Arabian Grand Prix,105,1742,104
norris,1.1127814042929773,-finish_position,10.0,0.97,2023,2,Saudi Arabian Grand Prix,105,1742,104
ocon,0.39305072626238097,-finish_position,10.0,0.97,2023,2,Saudi Arabian Grand Prix,105,1742,104
perez,1.2425606813067724,-finish_position,10.0,0.97,2023,2,Saudi Arabian Grand Prix,105,1742,104
pietro_fittipaldi,-0.23228825756038107,-finish_position,10.0,0.97,2023,2,Saudi Arabian Grand Prix,105,1742,104
raikkonen,-0.26868757109279884,-finish_position,10.0,0.97,2023,2,Saudi Arabian Grand Prix,105,1742,104
ricciardo,-0.27844427125382126,-finish_position,10.0,0.97,2023,2,Saudi Arabian Grand Prix,105,1742,104
russell,0.25309105243832375,-finish_position,10.0,0.97,2023,2,Saudi Arabian Grand Prix,105,1742,104
sainz,1.3733494411789855,-finish_position,10.0,0.97,2023,2,Saudi Arabian Grand Prix,105,1742,104
sargeant,0.061096076385118825,-finish_position,10.0,0.97,2023,2,Saudi Arabian Grand Prix,105,1742,104
sirotkin,-0.20678027425521162,-finish_position,10.0,0.97,2023,2,Saudi Arabian Grand Prix,105,1742,104
stroll,-0.5277262448543225,-finish_position,10.0,0.97,2023,2,Saudi Arabian Grand Prix,105,1742,104
tsunoda,-1.3184485968561956,-finish_position,10.0,0.97,2023,2,Saudi Arabian Grand Prix,105,1742,104
vandoorne,-0.29029453846155306,-finish_position,10.0,0.97,2023,2,Saudi Arabian Grand Prix,105,1742,104
vettel,-0.2809918567277618,-finish_position,10.0,0.97,2023,2,Saudi Arabian Grand Prix,105,1742,104
zhou,-0.9306183920572689,-finish_position,10.0,0.97,2023,2,Saudi Arabian Grand Prix,105,1742,104
aitken,-0.07288236886868069,-finish_position,10.0,0.97,2023,3,Australian Grand Prix,106,1760,105
albon,-0.12284935866061861,-finish_position,10.0,0.97,2023,3,Australian Grand Prix,106,1760,105
alonso,0.9744537075684842,-finish_position,10.0,0.97,2023,3,Australian Grand Prix,106,1760,105
bottas,0.8234970021888093,-finish_position,10.0,0.97,2023,3,Australian Grand Prix,106,1760,105
brendon_hartley,-0.1970005312329527,-finish_position,10.0,0.97,2023,3,Australian Grand Prix,106,1760,105
de_vries,-0.281882294797857,-finish_position,10.0,0.97,2023,3,Australian Grand Prix,106,1760,105
ericsson,-0.1738584443459967,-finish_position,10.0,0.97,2023,3,Australian Grand Prix,106,1760,105
gasly,0.30911784347171783,-finish_position,10.0,0.97,2023,3,Australian Grand Prix,106,1760,105
giovinazzi,-0.802820524565032,-finish_position,10.0,0.97,2023,3,Australian Grand Prix,106,1760,105
grosjean,-0.14432040321803893,-finish_position,10.0,0.97,2023,3,Australian Grand Prix,106,1760,105
hamilton,1.678031976264594,-finish_position,10.0,0.97,2023,3,Australian Grand Prix,106,1760,105
hulkenberg,-0.4389841759227259,-finish_position,10.0,0.97,2023,3,Australian Grand Prix,106,1760,105
kevin_magnussen,-0.12628633598139802,-finish_position,10.0,0.97,2023,3,Australian Grand Prix,106,1760,105
kubica,-0.8172561036303172,-finish_position,10.0,0.97,2023,3,Australian Grand Prix,106,1760,105
kvyat,-0.059808137065716485,-finish_position,10.0,0.97,2023,3,Australian Grand Prix,106,1760,105
latifi,-1.6712403481801092,-finish_position,10.0,0.97,2023,3,Australian Grand Prix,106,1760,105
leclerc,1.3460121414007733,-finish_position,10.0,0.97,2023,3,Australian Grand Prix,106,1760,105
max_verstappen,2.754623271884007,-finish_position,10.0,0.97,2023,3,Australian Grand Prix,106,1760,105
mazepin,-1.7215011057477345,-finish_position,10.0,0.97,2023,3,Australian Grand Prix,106,1760,105
mick_schumacher,-1.145780891253385,-finish_position,10.0,0.97,2023,3,Australian Grand Prix,106,1760,105
norris,1.056975605555526,-finish_position,10.0,0.97,2023,3,Australian Grand Prix,106,1760,105
ocon,0.5085460910060198,-finish_position,10.0,0.97,2023,3,Australian Grand Prix,106,1760,105
perez,1.323141043149285,-finish_position,10.0,0.97,2023,3,Australian Grand Prix,106,1760,105
piastri,-0.4692636985549336,-finish_position,10.0,0.97,2023,3,Australian Grand Prix,106,1760,105
pietro_fittipaldi,-0.2291218336775324,-finish_position,10.0,0.97,2023,3,Australian Grand Prix,106,1760,105
raikkonen,-0.1935144947717983,-finish_position,10.0,0.97,2023,3,Australian Grand Prix,106,1760,105
ricciardo,-0.12628765095550262,-finish_position,10.0,0.97,2023,3,Australian Grand Prix,106,1760,105
russell,0.29702949924370264,-finish_position,10.0,0.97,2023,3,Australian Grand Prix,106,1760,105
sainz,1.4093674455049405,-finish_position,10.0,0.97,2023,3,Australian Grand Prix,106,1760,105
sargeant,-0.20261312735510406,-finish_position,10.0,0.97,2023,3,Australian Grand Prix,106,1760,105
sirotkin,-0.19438830187767556,-finish_position,10.0,0.97,2023,3,Australian Grand Prix,106,1760,105
stroll,-0.6065494320792234,-finish_position,10.0,0.97,2023,3,Australian Grand Prix,106,1760,105
tsunoda,-1.209300362015881,-finish_position,10.0,0.97,2023,3,Australian Grand Prix,106,1760,105
vandoorne,-0.25990236013251405,-finish_position,10.0,0.97,2023,3,Australian Grand Prix,106,1760,105
vettel,-0.3512735512997545,-finish_position,10.0,0.97,2023,3,Australian Grand Prix,106,1760,105
zhou,-0.8621097910473864,-finish_position,10.0,0.97,2023,3,Australian Grand Prix,106,1760,105
aitken,-0.07171154657991904,-finish_position,10.0,0.97,2023,4,Azerbaijan Grand Prix,107,1772,106
albon,-0.14425855971917742,-finish_position,10.0,0.97,2023,4,Azerbaijan Grand Prix,107,1772,106
alonso,1.1627092880128467,-finish_position,10.0,0.97,2023,4,Azerbaijan Grand Prix,107,1772,106
bottas,0.7768665384778136,-finish_position,10.0,0.97,2023,4,Azerbaijan Grand Prix,107,1772,106
brendon_hartley,-0.1954286017627037,-finish_position,10.0,0.97,2023,4,Azerbaijan Grand Prix,107,1772,106
de_vries,-0.2839142415589613,-finish_position,10.0,0.97,2023,4,Azerbaijan Grand Prix,107,1772,106
ericsson,-0.17344417746398896,-finish_position,10.0,0.97,2023,4,Azerbaijan Grand Prix,107,1772,106
gasly,0.2795377794667057,-finish_position,10.0,0.97,2023,4,Azerbaijan Grand Prix,107,1772,106
giovinazzi,-0.8279155452666188,-finish_position,10.0,0.97,2023,4,Azerbaijan Grand Prix,107,1772,106
grosjean,-0.2014761538943747,-finish_position,10.0,0.97,2023,4,Azerbaijan Grand Prix,107,1772,106
hamilton,1.6963229604675611,-finish_position,10.0,0.97,2023,4,Azerbaijan Grand Prix,107,1772,106
hulkenberg,-0.10926330592475025,-finish_position,10.0,0.97,2023,4,Azerbaijan Grand Prix,107,1772,106
kevin_magnussen,-0.24909454299934247,-finish_position,10.0,0.97,2023,4,Azerbaijan Grand Prix,107,1772,106
kubica,-0.8072114279908377,-finish_position,10.0,0.97,2023,4,Azerbaijan Grand Prix,107,1772,106
kvyat,-0.07418612742715537,-finish_position,10.0,0.97,2023,4,Azerbaijan Grand Prix,107,1772,106
latifi,-1.6785978023440793,-finish_position,10.0,0.97,2023,4,Azerbaijan Grand Prix,107,1772,106
leclerc,1.3641159717808542,-finish_position,10.0,0.97,2023,4,Azerbaijan Grand Prix,107,1772,106
max_verstappen,2.7660160649625034,-finish_position,10.0,0.97,2023,4,Azerbaijan Grand Prix,107,1772,106
mazepin,-1.754013734358766,-finish_position,10.0,0.97,2023,4,Azerbaijan Grand Prix,107,1772,106
mick_schumacher,-1.2603890286709825,-finish_position,10.0,0.97,2023,4,Azerbaijan Grand Prix,107,1772,106
norris,1.03121803375468,-finish_position,10.0,0.97,2023,4,Azerbaijan Grand Prix,107,1772,106
ocon,0.5452462790587116,-finish_position,10.0,0.97,2023,4,Azerbaijan Grand Prix,107,1772,106
perez,1.2801314487403275,-finish_position,10.0,0.97,2023,4,Azerbaijan Grand Prix,107,1772,106
piastri,-0.3012585587892962,-finish_position,10.0,0.97,2023,4,Azerbaijan Grand Prix,107,1772,106
pietro_fittipaldi,-0.2312619884085317,-finish_position,10.0,0.97,2023,4,Azerbaijan Grand Prix,107,1772,106
raikkonen,-0.22294672412225927,-finish_position,10.0,0.97,2023,4,Azerbaijan Grand Prix,107,1772,106
ricciardo,-0.19065548328071888,-finish_position,10.0,0.97,2023,4,Azerbaijan Grand Prix,107,1772,106
russell,0.2714174150730415,-finish_position,10.0,0.97,2023,4,Azerbaijan Grand Prix,107,1772,106
sainz,1.2297965392781656,-finish_position,10.0,0.97,2023,4,Azerbaijan Grand Prix,107,1772,106
sargeant,-0.20340296246746234,-finish_position,10.0,0.97,2023,4,Azerbaijan Grand Prix,107,1772,106
sirotkin,-0.1926857914122559,-finish_position,10.0,0.97,2023,4,Azerbaijan Grand Prix,107,1772,106
stroll,-0.5769035551787444,-finish_position,10.0,0.97,2023,4,Azerbaijan Grand Prix,107,1772,106
tsunoda,-1.1655180588482799,-finish_position,10.0,0.97,2023,4,Azerbaijan Grand Prix,107,1772,106
vandoorne,-0.26339294354906057,-finish_position,10.0,0.97,2023,4,Azerbaijan Grand Prix,107,1772,106
vettel,-0.47467457070515245,-finish_position,10.0,0.97,2023,4,Azerbaijan Grand Prix,107,1772,106
zhou,-0.7497728863498071,-finish_position,10.0,0.97,2023,4,Azerbaijan Grand Prix,107,1772,106
aitken,-0.06884928773995193,-finish_position,10.0,0.97,2023,5,Miami Grand Prix,108,1790,107
albon,-0.10373388637330615,-finish_position,10.0,0.97,2023,5,Miami Grand Prix,108,1790,107
alonso,1.4403073120871095,-finish_position,10.0,0.97,2023,5,Miami Grand Prix,108,1790,107
bottas,0.6304026004748841,-finish_position,10.0,0.97,2023,5,Miami Grand Prix,108,1790,107
brendon_hartley,-0.19072160710853941,-finish_position,10.0,0.97,2023,5,Miami Grand Prix,108,1790,107
de_vries,-0.2895289558383954,-finish_position,10.0,0.97,2023,5,Miami Grand Prix,108,1790,107
ericsson,-0.16724860946815753,-finish_position,10.0,0.97,2023,5,Miami Grand Prix,108,1790,107
gasly,0.10869634211846411,-finish_position,10.0,0.97,2023,5,Miami Grand Prix,108,1790,107
giovinazzi,-0.7533880149350455,-finish_position,10.0,0.97,2023,5,Miami Grand Prix,108,1790,107
grosjean,-0.16935328899388052,-finish_position,10.0,0.97,2023,5,Miami Grand Prix,108,1790,107
hamilton,1.6578995974886508,-finish_position,10.0,0.97,2023,5,Miami Grand Prix,108,1790,107
hulkenberg,-0.32737470051385814,-finish_position,10.0,0.97,2023,5,Miami Grand Prix,108,1790,107
kevin_magnussen,-0.18922698313923916,-finish_position,10.0,0.97,2023,5,Miami Grand Prix,108,1790,107
kubica,-0.7773503930990633,-finish_position,10.0,0.97,2023,5,Miami Grand Prix,108,1790,107
kvyat,-0.09247118769553185,-finish_position,10.0,0.97,2023,5,Miami Grand Prix,108,1790,107
latifi,-1.6433718515618745,-finish_position,10.0,0.97,2023,5,Miami Grand Prix,108,1790,107
leclerc,1.405843384348996,-finish_position,10.0,0.97,2023,5,Miami Grand Prix,108,1790,107
max_verstappen,2.7471955490132003,-finish_position,10.0,0.97,2023,5,Miami Grand Prix,108,1790,107
mazepin,-1.6886192949876262,-finish_position,10.0,0.97,2023,5,Miami Grand Prix,108,1790,107
mick_schumacher,-1.1886146447473251,-finish_position,10.0,0.97,2023,5,Miami Grand Prix,108,1790,107
norris,1.0366472127811321,-finish_position,10.0,0.97,2023,5,Miami Grand Prix,108,1790,107
ocon,0.5509733041028723,-finish_position,10.0,0.97,2023,5,Miami Grand Prix,108,1790,107
perez,1.3475621181849,-finish_position,10.0,0.97,2023,5,Miami Grand Prix,108,1790,107
piastri,-0.3719743238548331,-finish_position,10.0,0.97,2023,5,Miami Grand Prix,108,1790,107
pietro_fittipaldi,-0.22036032917665613,-finish_position,10.0,0.97,2023,5,Miami Grand Prix,108,1790,107
raikkonen,-0.16215187653530622,-finish_position,10.0,0.97,2023,5,Miami Grand Prix,108,1790,107
ricciardo,-0.1703019486070768,-finish_position,10.0,0.97,2023,5,Miami Grand Prix,108,1790,107
russell,0.2218206670367368,-finish_position,10.0,0.97,2023,5,Miami Grand Prix,108,1790,107
sainz,1.2274835042090781,-finish_position,10.0,0.97,2023,5,Miami Grand Prix,108,1790,107
sargeant,-0.42569555403527043,-finish_position,10.0,0.97,2023,5,Miami Grand Prix,108,1790,107
sirotkin,-0.1847086698869306,-finish_position,10.0,0.97,2023,5,Miami Grand Prix,108,1790,107
stroll,-0.5619285051637835,-finish_position,10.0,0.97,2023,5,Miami Grand Prix,108,1790,107
tsunoda,-1.1599542210266571,-finish_position,10.0,0.97,2023,5,Miami Grand Prix,108,1790,107
vandoorne,-0.2528834201110922,-finish_position,10.0,0.97,2023,5,Miami Grand Prix,108,1790,107
vettel,-0.543680057467518,-finish_position,10.0,0.97,2023,5,Miami Grand Prix,108,1790,107
zhou,-0.671339979779109,-finish_position,10.0,0.97,2023,5,Miami Grand Prix,108,1790,107
aitken,-0.06358327966235315,-finish_position,10.0,0.97,2023,6,Monaco Grand Prix,109,1810,108
albon,-0.0643596978461423,-finish_position,10.0,0.97,2023,6,Monaco Grand Prix,109,1810,108
alonso,1.621712943362212,-finish_position,10.0,0.97,2023,6,Monaco Grand Prix,109,1810,108
bottas,0.625543990252667,-finish_position,10.0,0.97,2023,6,Monaco Grand Prix,109,1810,108
brendon_hartley,-0.18005536383927764,-finish_position,10.0,0.97,2023,6,Monaco Grand Prix,109,1810,108
de_vries,-0.7477951859173589,-finish_position,10.0,0.97,2023,6,Monaco Grand Prix,109,1810,108
ericsson,-0.15695019285990536,-finish_position,10.0,0.97,2023,6,Monaco Grand Prix,109,1810,108
gasly,0.2921096444833378,-finish_position,10.0,0.97,2023,6,Monaco Grand Prix,109,1810,108
giovinazzi,-0.6954157807659286,-finish_position,10.0,0.97,2023,6,Monaco Grand Prix,109,1810,108
grosjean,-0.15939063566535822,-finish_position,10.0,0.97,2023,6,Monaco Grand Prix,109,1810,108
hamilton,1.635762753922185,-finish_position,10.0,0.97,2023,6,Monaco Grand Prix,109,1810,108
hulkenberg,-0.4060708424773235,-finish_position,10.0,0.97,2023,6,Monaco Grand Prix,109,1810,108
kevin_magnussen,-0.07095805492049187,-finish_position,10.0,0.97,2023,6,Monaco Grand Prix,109,1810,108
kubica,-0.7300364540830709,-finish_position,10.0,0.97,2023,6,Monaco Grand Prix,109,1810,108
kvyat,-0.03604723658197193,-finish_position,10.0,0.97,2023,6,Monaco Grand Prix,109,1810,108
latifi,-1.5212140926545157,-finish_position,10.0,0.97,2023,6,Monaco Grand Prix,109,1810,108
leclerc,1.399330129335263,-finish_position,10.0,0.97,2023,6,Monaco Grand Prix,109,1810,108
max_verstappen,2.784215476858073,-finish_position,10.0,0.97,2023,6,Monaco Grand Prix,109,1810,108
mazepin,-1.6470721891837594,-finish_position,10.0,0.97,2023,6,Monaco Grand Prix,109,1810,108
mick_schumacher,-1.1604394160957643,-finish_position,10.0,0.97,2023,6,Monaco Grand Prix,109,1810,108
norris,1.026386536813422,-finish_position,10.0,0.97,2023,6,Monaco Grand Prix,109,1810,108
ocon,0.6046352070118304,-finish_position,10.0,0.97,2023,6,Monaco Grand Prix,109,1810,108
perez,1.4139342202458178,-finish_position,10.0,0.97,2023,6,Monaco Grand Prix,109,1810,108
piastri,-0.9228191173461991,-finish_position,10.0,0.97,2023,6,Monaco Grand Prix,109,1810,108
pietro_fittipaldi,-0.2134342457658347,-finish_position,10.0,0.97,2023,6,Monaco Grand Prix,109,1810,108
raikkonen,-0.11276623442286218,-finish_position,10.0,0.97,2023,6,Monaco Grand Prix,109,1810,108
ricciardo,0.0031769372446308047,-finish_position,10.0,0.97,2023,6,Monaco Grand Prix,109,1810,108
russell,0.32658670154207836,-finish_position,10.0,0.97,2023,6,Monaco Grand Prix,109,1810,108
sainz,1.3074004916658155,-finish_position,10.0,0.97,2023,6,Monaco Grand Prix,109,1810,108
sargeant,-0.8572593889489905,-finish_position,10.0,0.97,2023,6,Monaco Grand Prix,109,1810,108
sirotkin,-0.16564881894496597,-finish_position,10.0,0.97,2023,6,Monaco Grand Prix,109,1810,108
stroll,-0.6345357246877902,-finish_position,10.0,0.97,2023,6,Monaco Grand Prix,109,1810,108
tsunoda,-0.965861122184312,-finish_position,10.0,0.97,2023,6,Monaco Grand Prix,109,1810,108
vandoorne,-0.22091287150199673,-finish_position,10.0,0.97,2023,6,Monaco Grand Prix,109,1810,108
vettel,-0.5548061780825314,-finish_position,10.0,0.97,2023,6,Monaco Grand Prix,109,1810,108
zhou,-0.753362908298612,-finish_position,10.0,0.97,2023,6,Monaco Grand Prix,109,1810,108
aitken,-0.05996610791632081,-finish_position,10.0,0.97,2023,7,Spanish Grand Prix,110,1828,109
albon,-0.04022257815790118,-finish_position,10.0,0.97,2023,7,Spanish Grand Prix,110,1828,109
alonso,1.72569500406328,-finish_position,10.0,0.97,2023,7,Spanish Grand Prix,110,1828,109
bottas,0.630228444057299,-finish_position,10.0,0.97,2023,7,Spanish Grand Prix,110,1828,109
brendon_hartley,-0.17432031250273836,-finish_position,10.0,0.97,2023,7,Spanish Grand Prix,110,1828,109
de_vries,-0.7424193607920561,-finish_position,10.0,0.97,2023,7,Spanish Grand Prix,110,1828,109
ericsson,-0.15250470093669244,-finish_position,10.0,0.97,2023,7,Spanish Grand Prix,110,1828,109
gasly,0.39048845470785765,-finish_position,10.0,0.97,2023,7,Spanish Grand Prix,110,1828,109
giovinazzi,-0.6879529408463128,-finish_position,10.0,0.97,2023,7,Spanish Grand Prix,110,1828,109
grosjean,-0.1373330721277424,-finish_position,10.0,0.97,2023,7,Spanish Grand Prix,110,1828,109
hamilton,1.646120813977489,-finish_position,10.0,0.97,2023,7,Spanish Grand Prix,110,1828,109
hulkenberg,-0.5826758267258788,-finish_position,10.0,0.97,2023,7,Spanish Grand Prix,110,1828,109
kevin_magnussen,-0.028729354181516658,-finish_position,10.0,0.97,2023,7,Spanish Grand Prix,110,1828,109
kubica,-0.70043085055115,-finish_position,10.0,0.97,2023,7,Spanish Grand Prix,110,1828,109
kvyat,-0.019278966831407614,-finish_position,10.0,0.97,2023,7,Spanish Grand Prix,110,1828,109
latifi,-1.4498752498883392,-finish_position,10.0,0.97,2023,7,Spanish Grand Prix,110,1828,109
leclerc,1.3968968812175364,-finish_position,10.0,0.97,2023,7,Spanish Grand Prix,110,1828,109
max_verstappen,2.915285425365092,-finish_position,10.0,0.97,2023,7,Spanish Grand Prix,110,1828,109
mazepin,-1.5930221163790028,-finish_position,10.0,0.97,2023,7,Spanish Grand Prix,110,1828,109
mick_schumacher,-1.1071250521887577,-finish_position,10.0,0.97,2023,7,Spanish Grand Prix,110,1828,109
norris,0.9980674651750188,-finish_position,10.0,0.97,2023,7,Spanish Grand Prix,110,1828,109
ocon,0.7290411080039855,-finish_position,10.0,0.97,2023,7,Spanish Grand Prix,110,1828,109
perez,1.1791063029930386,-finish_position,10.0,0.97,2023,7,Spanish Grand Prix,110,1828,109
piastri,-0.8561382169364605,-finish_position,10.0,0.97,2023,7,Spanish Grand Prix,110,1828,109
pietro_fittipaldi,-0.20468601994243957,-finish_position,10.0,0.97,2023,7,Spanish Grand Prix,110,1828,109
raikkonen,-0.11233350494605795,-finish_position,10.0,0.97,2023,7,Spanish Grand Prix,110,1828,109
ricciardo,-0.006404980469983369,-finish_position,10.0,0.97,2023,7,Spanish Grand Prix,110,1828,109
russell,0.3699639273911933,-finish_position,10.0,0.97,2023,7,Spanish Grand Prix,110,1828,109
sainz,1.2495148201658437,-finish_position,10.0,0.97,2023,7,Spanish Grand Prix,110,1828,109
sargeant,-1.094986070844776,-finish_position,10.0,0.97,2023,7,Spanish Grand Prix,110,1828,109
sirotkin,-0.15379098518614562,-finish_position,10.0,0.97,2023,7,Spanish Grand Prix,110,1828,109
stroll,-0.7193540112461895,-finish_position,10.0,0.97,2023,7,Spanish Grand Prix,110,1828,109
tsunoda,-1.0068335203730507,-finish_position,10.0,0.97,2023,7,Spanish Grand Prix,110,1828,109
vandoorne,-0.2166856098422317,-finish_position,10.0,0.97,2023,7,Spanish Grand Prix,110,1828,109
vettel,-0.6187996533995614,-finish_position,10.0,0.97,2023,7,Spanish Grand Prix,110,1828,109
zhou,-0.7645395839049202,-finish_position,10.0,0.97,2023,7,Spanish Grand Prix,110,1828,109
aitken,-0.055362012584099875,-finish_position,10.0,0.97,2023,8,Canadian Grand Prix,111,1848,110
albon,-0.0701565506295707,-finish_position,10.0,0.97,2023,8,Canadian Grand Prix,111,1848,110
alonso,1.7360252053661709,-finish_position,10.0,0.97,2023,8,Canadian Grand Prix,111,1848,110
bottas,0.4305766688914548,-finish_position,10.0,0.97,2023,8,Canadian Grand Prix,111,1848,110
brendon_hartley,-0.16791722395551614,-finish_position,10.0,0.97,2023,8,Canadian Grand Prix,111,1848,110
de_vries,-0.8613152300067034,-finish_position,10.0,0.97,2023,8,Canadian Grand Prix,111,1848,110
ericsson,-0.14611901305090919,-finish_position,10.0,0.97,2023,8,Canadian Grand Prix,111,1848,110
gasly,0.39928031641763845,-finish_position,10.0,0.97,2023,8,Canadian Grand Prix,111,1848,110
giovinazzi,-0.6388190152023534,-finish_position,10.0,0.97,2023,8,Canadian Grand Prix,111,1848,110
grosjean,-0.1114885473919021,-finish_position,10.0,0.97,2023,8,Canadian Grand Prix,111,1848,110
hamilton,1.645252565944563,-finish_position,10.0,0.97,2023,8,Canadian Grand Prix,111,1848,110
hulkenberg,-0.6183690427974703,-finish_position,10.0,0.97,2023,8,Canadian Grand Prix,111,1848,110
kevin_magnussen,-0.1489793243394084,-finish_position,10.0,0.97,2023,8,Canadian Grand Prix,111,1848,110
kubica,-0.6594225694587101,-finish_position,10.0,0.97,2023,8,Canadian Grand Prix,111,1848,110
kvyat,-0.0062876446292985605,-finish_position,10.0,0.97,2023,8,Canadian Grand Prix,111,1848,110
latifi,-1.3428087579988133,-finish_position,10.0,0.97,2023,8,Canadian Grand Prix,111,1848,110
leclerc,1.2923386538066923,-finish_position,10.0,0.97,2023,8,Canadian Grand Prix,111,1848,110
max_verstappen,2.9440940760208583,-finish_position,10.0,0.97,2023,8,Canadian Grand Prix,111,1848,110
mazepin,-1.5349354236972594,-finish_position,10.0,0.97,2023,8,Canadian Grand Prix,111,1848,110
mick_schumacher,-1.0441112927576874,-finish_position,10.0,0.97,2023,8,Canadian Grand Prix,111,1848,110
norris,0.8720646829067376,-finish_position,10.0,0.97,2023,8,Canadian Grand Prix,111,1848,110
ocon,0.7685521689024836,-finish_position,10.0,0.97,2023,8,Canadian Grand Prix,111,1848,110
perez,1.1968449678181157,-finish_position,10.0,0.97,2023,8,Canadian Grand Prix,111,1848,110
piastri,-0.9397309776591658,-finish_position,10.0,0.97,2023,8,Canadian Grand Prix,111,1848,110
pietro_fittipaldi,-0.1956080383564833,-finish_position,10.0,0.97,2023,8,Canadian Grand Prix,111,1848,110
raikkonen,-0.0712202065589307,-finish_position,10.0,0.97,2023,8,Canadian Grand Prix,111,1848,110
ricciardo,0.0653661306951808,-finish_position,10.0,0.97,2023,8,Canadian Grand Prix,111,1848,110
russell,0.4389490239809893,-finish_position,10.0,0.97,2023,8,Canadian Grand Prix,111,1848,110
sainz,1.3159469723791448,-finish_position,10.0,0.97,2023,8,Canadian Grand Prix,111,1848,110
sargeant,-1.395951505431296,-finish_position,10.0,0.97,2023,8,Canadian Grand Prix,111,1848,110
sirotkin,-0.137624195471991,-finish_position,10.0,0.97,2023,8,Canadian Grand Prix,111,1848,110
stroll,-0.6095569923359994,-finish_position,10.0,0.97,2023,8,Canadian Grand Prix,111,1848,110
tsunoda,-0.9647902232996421,-finish_position,10.0,0.97,2023,8,Canadian Grand Prix,111,1848,110
vandoorne,-0.20083710185764203,-finish_position,10.0,0.97,2023,8,Canadian Grand Prix,111,1848,110
vettel,-0.6115828529901406,-finish_position,10.0,0.97,2023,8,Canadian Grand Prix,111,1848,110
zhou,-0.57229769066904,-finish_position,10.0,0.97,2023,8,Canadian Grand Prix,111,1848,110
aitken,-0.055564671741382424,-finish_position,10.0,0.97,2023,9,Austrian Grand Prix,112,1866,111
albon,0.09682300545243859,-finish_position,10.0,0.97,2023,9,Austrian Grand Prix,112,1866,111
alonso,1.9207975108792117,-finish_position,10.0,0.97,2023,9,Austrian Grand Prix,112,1866,111
bottas,0.47389233128117536,-finish_position,10.0,0.97,2023,9,Austrian Grand Prix,112,1866,111
brendon_hartley,-0.16231363891359302,-finish_position,10.0,0.97,2023,9,Austrian Grand Prix,112,1866,111
de_vries,-1.1903030604857183,-finish_position,10.0,0.97,2023,9,Austrian Grand Prix,112,1866,111
ericsson,-0.14135668767382767,-finish_position,10.0,0.97,2023,9,Austrian Grand Prix,112,1866,111
gasly,0.40556955708429554,-finish_position,10.0,0.97,2023,9,Austrian Grand Prix,112,1866,111
giovinazzi,-0.6255410987997234,-finish_position,10.0,0.97,2023,9,Austrian Grand Prix,112,1866,111
grosjean,-0.09426933962189583,-finish_position,10.0,0.97,2023,9,Austrian Grand Prix,112,1866,111
hamilton,1.6746641664348092,-finish_position,10.0,0.97,2023,9,Austrian Grand Prix,112,1866,111
hulkenberg,-0.660324935190713,-finish_position,10.0,0.97,2023,9,Austrian Grand Prix,112,1866,111
kevin_magnussen,-0.2428572019239077,-finish_position,10.0,0.97,2023,9,Austrian Grand Prix,112,1866,111
kubica,-0.6561018262220966,-finish_position,10.0,0.97,2023,9,Austrian Grand Prix,112,1866,111
kvyat,0.01622137911341331,-finish_position,10.0,0.97,2023,9,Austrian Grand Prix,112,1866,111
latifi,-1.3885525498449562,-finish_position,10.0,0.97,2023,9,Austrian Grand Prix,112,1866,111
leclerc,1.3163756076692403,-finish_position,10.0,0.97,2023,9,Austrian Grand Prix,112,1866,111
max_verstappen,2.9942096097159134,-finish_position,10.0,0.97,2023,9,Austrian Grand Prix,112,1866,111
mazepin,-1.486748455916209,-finish_position,10.0,0.97,2023,9,Austrian Grand Prix,112,1866,111
mick_schumacher,-0.9991276299447571,-finish_position,10.0,0.97,2023,9,Austrian Grand Prix,112,1866,111
norris,0.7917179766264486,-finish_position,10.0,0.97,2023,9,Austrian Grand Prix,112,1866,111
ocon,0.872112180239964,-finish_position,10.0,0.97,2023,9,Austrian Grand Prix,112,1866,111
perez,1.1747303358017287,-finish_position,10.0,0.97,2023,9,Austrian Grand Prix,112,1866,111
piastri,-0.9130800706946532,-finish_position,10.0,0.97,2023,9,Austrian Grand Prix,112,1866,111
pietro_fittipaldi,-0.1879277687488416,-finish_position,10.0,0.97,2023,9,Austrian Grand Prix,112,1866,111
raikkonen,-0.0673786796378302,-finish_position,10.0,0.97,2023,9,Austrian Grand Prix,112,1866,111
ricciardo,0.0869388692872074,-finish_position,10.0,0.97,2023,9,Austrian Grand Prix,112,1866,111
russell,0.42136987012811816,-finish_position,10.0,0.97,2023,9,Austrian Grand Prix,112,1866,111
sainz,1.3176408024785093,-finish_position,10.0,0.97,2023,9,Austrian Grand Prix,112,1866,111
sargeant,-1.401820616907736,-finish_position,10.0,0.97,2023,9,Austrian Grand Prix,112,1866,111
sirotkin,-0.14159392048645414,-finish_position,10.0,0.97,2023,9,Austrian Grand Prix,112,1866,111
stroll,-0.6542804042690138,-finish_position,10.0,0.97,2023,9,Austrian Grand Prix,112,1866,111
tsunoda,-0.9416512492073174,-finish_position,10.0,0.97,2023,9,Austrian Grand Prix,112,1866,111
vandoorne,-0.1925981970470916,-finish_position,10.0,0.97,2023,9,Austrian Grand Prix,112,1866,111
vettel,-0.6656088819019402,-finish_position,10.0,0.97,2023,9,Austrian Grand Prix,112,1866,111
zhou,-0.6940623170128302,-finish_position,10.0,0.97,2023,9,Austrian Grand Prix,112,1866,111
aitken,-0.05505038586070867,-finish_position,10.0,0.97,2023,10,British Grand Prix,113,1885,112
albon,0.1288672854379387,-finish_position,10.0,0.97,2023,10,British Grand Prix,113,1885,112
alonso,2.01317064960043,-finish_position,10.0,0.97,2023,10,British Grand Prix,113,1885,112
bottas,0.41167940171116946,-finish_position,10.0,0.97,2023,10,British Grand Prix,113,1885,112
brendon_hartley,-0.1559579442461786,-finish_position,10.0,0.97,2023,10,British Grand Prix,113,1885,112
de_vries,-1.388220568950061,-finish_position,10.0,0.97,2023,10,British Grand Prix,113,1885,112
ericsson,-0.13527220782640542,-finish_position,10.0,0.97,2023,10,British Grand Prix,113,1885,112
gasly,0.4890834471333595,-finish_position,10.0,0.97,2023,10,British Grand Prix,113,1885,112
giovinazzi,-0.5913906546095559,-finish_position,10.0,0.97,2023,10,British Grand Prix,113,1885,112
grosjean,-0.08100393422544819,-finish_position,10.0,0.97,2023,10,British Grand Prix,113,1885,112
hamilton,1.6065177177677172,-finish_position,10.0,0.97,2023,10,British Grand Prix,113,1885,112
hulkenberg,-0.6338325622324484,-finish_position,10.0,0.97,2023,10,British Grand Prix,113,1885,112
kevin_magnussen,-0.3699909531911192,-finish_position,10.0,0.97,2023,10,British Grand Prix,113,1885,112
kubica,-0.6457772823305843,-finish_position,10.0,0.97,2023,10,British Grand Prix,113,1885,112
kvyat,0.047908441772076156,-finish_position,10.0,0.97,2023,10,British Grand Prix,113,1885,112
latifi,-1.4109630542807399,-finish_position,10.0,0.97,2023,10,British Grand Prix,113,1885,112
leclerc,1.3998457415363226,-finish_position,10.0,0.97,2023,10,British Grand Prix,113,1885,112
max_verstappen,3.013530161391292,-finish_position,10.0,0.97,2023,10,British Grand Prix,113,1885,112
mazepin,-1.4432955167819081,-finish_position,10.0,0.97,2023,10,British Grand Prix,113,1885,112
mick_schumacher,-0.9622846279662166,-finish_position,10.0,0.97,2023,10,British Grand Prix,113,1885,112
norris,0.9566773288843534,-finish_position,10.0,0.97,2023,10,British Grand Prix,113,1885,112
ocon,0.7985163855265797,-finish_position,10.0,0.97,2023,10,British Grand Prix,113,1885,112
perez,1.209832424040257,-finish_position,10.0,0.97,2023,10,British Grand Prix,113,1885,112
piastri,-1.1642804674477623,-finish_position,10.0,0.97,2023,10,British Grand Prix,113,1885,112
pietro_fittipaldi,-0.18094082711606324,-finish_position,10.0,0.97,2023,10,British Grand Prix,113,1885,112
raikkonen,-0.04355680539066735,-finish_position,10.0,0.97,2023,10,British Grand Prix,113,1885,112
ricciardo,0.11661602602649339,-finish_position,10.0,0.97,2023,10,British Grand Prix,113,1885,112
russell,0.38671823558203744,-finish_position,10.0,0.97,2023,10,British Grand Prix,113,1885,112
sainz,1.3007497836751025,-finish_position,10.0,0.97,2023,10,British Grand Prix,113,1885,112
sargeant,-1.3108395631943612,-finish_position,10.0,0.97,2023,10,British Grand Prix,113,1885,112
sirotkin,-0.14248469726290727,-finish_position,10.0,0.97,2023,10,British Grand Prix,113,1885,112
stroll,-0.6417101152691825,-finish_position,10.0,0.97,2023,10,British Grand Prix,113,1885,112
tsunoda,-1.0348372551301634,-finish_position,10.0,0.97,2023,10,British Grand Prix,113,1885,112
vandoorne,-0.18324243405024274,-finish_position,10.0,0.97,2023,10,British Grand Prix,113,1885,112
vettel,-0.6712065708376977,-finish_position,10.0,0.97,2023,10,British Grand Prix,113,1885,112
zhou,-0.6335746018847196,-finish_position,10.0,0.97,2023,10,British Grand Prix,113,1885,112
aitken,-0.05581308989558335,-finish_position,10.0,0.97,2023,11,Hungarian Grand Prix,114,1902,113
albon,0.2177668042147639,-finish_position,10.0,0.97,2023,11,Hungarian Grand Prix,114,1902,113
alonso,2.0039648635122482,-finish_position,10.0,0.97,2023,11,Hungarian Grand Prix,114,1902,113
bottas,0.3961094223391934,-finish_position,10.0,0.97,2023,11,Hungarian Grand Prix,114,1902,113
brendon_hartley,-0.15205769252493118,-finish_position,10.0,0.97,2023,11,Hungarian Grand Prix,114,1902,113
de_vries,-1.5732665720171708,-finish_position,10.0,0.97,2023,11,Hungarian Grand Prix,114,1902,113
ericsson,-0.13293885081828483,-finish_position,10.0,0.97,2023,11,Hungarian Grand Prix,114,1902,113
gasly,0.5350564222308551,-finish_position,10.0,0.97,2023,11,Hungarian Grand Prix,114,1902,113
giovinazzi,-0.57670223302281,-finish_position,10.0,0.97,2023,11,Hungarian Grand Prix,114,1902,113
grosjean,-0.08820962135243353,-finish_position,10.0,0.97,2023,11,Hungarian Grand Prix,114,1902,113
hamilton,1.6121395798903175,-finish_position,10.0,0.97,2023,11,Hungarian Grand Prix,114,1902,113
hulkenberg,-0.6051645277453062,-finish_position,10.0,0.97,2023,11,Hungarian Grand Prix,114,1902,113
kevin_magnussen,-0.38837661873555895,-finish_position,10.0,0.97,2023,11,Hungarian Grand Prix,114,1902,113
kubica,-0.6466362040592002,-finish_position,10.0,0.97,2023,11,Hungarian Grand Prix,114,1902,113
kvyat,0.06365354418234839,-finish_position,10.0,0.97,2023,11,Hungarian Grand Prix,114,1902,113
latifi,-1.4765223854569296,-finish_position,10.0,0.97,2023,11,Hungarian Grand Prix,114,1902,113
leclerc,1.3527345893993694,-finish_position,10.0,0.97,2023,11,Hungarian Grand Prix,114,1902,113
max_verstappen,3.0446774429900927,-finish_position,10.0,0.97,2023,11,Hungarian Grand Prix,114,1902,113
mazepin,-1.423050506839194,-finish_position,10.0,0.97,2023,11,Hungarian Grand Prix,114,1902,113
mick_schumacher,-0.9715065930972007,-finish_position,10.0,0.97,2023,11,Hungarian Grand Prix,114,1902,113
norris,0.9886647188769839,-finish_position,10.0,0.97,2023,11,Hungarian Grand Prix,114,1902,113
ocon,0.7865709531492049,-finish_position,10.0,0.97,2023,11,Hungarian Grand Prix,114,1902,113
perez,1.1707881955141048,-finish_position,10.0,0.97,2023,11,Hungarian Grand Prix,114,1902,113
piastri,-0.8318468863525729,-finish_position,10.0,0.97,2023,11,Hungarian Grand Prix,114,1902,113
pietro_fittipaldi,-0.1768522916874148,-finish_position,10.0,0.97,2023,11,Hungarian Grand Prix,114,1902,113
raikkonen,-0.034780975514515464,-finish_position,10.0,0.97,2023,11,Hungarian Grand Prix,114,1902,113
ricciardo,0.013437850819268826,-finish_position,10.0,0.97,2023,11,Hungarian Grand Prix,114,1902,113
russell,0.35893555059684246,-finish_position,10.0,0.97,2023,11,Hungarian Grand Prix,114,1902,113
sainz,1.207086452897177,-finish_position,10.0,0.97,2023,11,Hungarian Grand Prix,114,1902,113
sargeant,-1.1514943418489942,-finish_position,10.0,0.97,2023,11,Hungarian Grand Prix,114,1902,113
sirotkin,-0.14870309382460994,-finish_position,10.0,0.97,2023,11,Hungarian Grand Prix,114,1902,113
stroll,-0.7253465822692822,-finish_position,10.0,0.97,2023,11,Hungarian Grand Prix,114,1902,113
tsunoda,-1.0678205272274046,-finish_position,10.0,0.97,2023,11,Hungarian Grand Prix,114,1902,113
vandoorne,-0.1923233565226609,-finish_position,10.0,0.97,2023,11,Hungarian Grand Prix,114,1902,113
vettel,-0.625084824273467,-finish_position,10.0,0.97,2023,11,Hungarian Grand Prix,114,1902,113
zhou,-0.7070886155272521,-finish_position,10.0,0.97,2023,11,Hungarian Grand Prix,114,1902,113
aitken,-0.054831254561926085,-finish_position,10.0,0.97,2023,12,Belgian Grand Prix,115,1919,114
albon,0.24424912931164813,-finish_position,10.0,0.97,2023,12,Belgian Grand Prix,115,1919,114
alonso,1.9257809481036194,-finish_position,10.0,0.97,2023,12,Belgian Grand Prix,115,1919,114
bottas,0.39786438876267166,-finish_position,10.0,0.97,2023,12,Belgian Grand Prix,115,1919,114
brendon_hartley,-0.1484810302186387,-finish_position,10.0,0.97,2023,12,Belgian Grand Prix,115,1919,114
de_vries,-1.5239298275317326,-finish_position,10.0,0.97,2023,12,Belgian Grand Prix,115,1919,114
ericsson,-0.13018080626669976,-finish_position,10.0,0.97,2023,12,Belgian Grand Prix,115,1919,114
gasly,0.5517251594842556,-finish_position,10.0,0.97,2023,12,Belgian Grand Prix,115,1919,114
giovinazzi,-0.5554959150681277,-finish_position,10.0,0.97,2023,12,Belgian Grand Prix,115,1919,114
grosjean,-0.08034311873913501,-finish_position,10.0,0.97,2023,12,Belgian Grand Prix,115,1919,114
hamilton,1.6200337048902154,-finish_position,10.0,0.97,2023,12,Belgian Grand Prix,115,1919,114
hulkenberg,-0.6059571576495311,-finish_position,10.0,0.97,2023,12,Belgian Grand Prix,115,1919,114
kevin_magnussen,-0.4888250398831601,-finish_position,10.0,0.97,2023,12,Belgian Grand Prix,115,1919,114
kubica,-0.6342569926870613,-finish_position,10.0,0.97,2023,12,Belgian Grand Prix,115,1919,114
kvyat,0.07064349113410517,-finish_position,10.0,0.97,2023,12,Belgian Grand Prix,115,1919,114
latifi,-1.4824221134790068,-finish_position,10.0,0.97,2023,12,Belgian Grand Prix,115,1919,114
leclerc,1.3315918963422795,-finish_position,10.0,0.97,2023,12,Belgian Grand Prix,115,1919,114
max_verstappen,3.045619749667025,-finish_position,10.0,0.97,2023,12,Belgian Grand Prix,115,1919,114
mazepin,-1.3862663001875328,-finish_position,10.0,0.97,2023,12,Belgian Grand Prix,115,1919,114
mick_schumacher,-0.9461678158731239,-finish_position,10.0,0.97,2023,12,Belgian Grand Prix,115,1919,114
norris,1.0223192382720607,-finish_position,10.0,0.97,2023,12,Belgian Grand Prix,115,1919,114
ocon,0.756586834247439,-finish_position,10.0,0.97,2023,12,Belgian Grand Prix,115,1919,114
perez,1.1881979747101588,-finish_position,10.0,0.97,2023,12,Belgian Grand Prix,115,1919,114
piastri,-0.600436491218409,-finish_position,10.0,0.97,2023,12,Belgian Grand Prix,115,1919,114
pietro_fittipaldi,-0.1709057169649508,-finish_position,10.0,0.97,2023,12,Belgian Grand Prix,115,1919,114
raikkonen,-0.02160127927150711,-finish_position,10.0,0.97,2023,12,Belgian Grand Prix,115,1919,114
ricciardo,-0.13461555469608452,-finish_position,10.0,0.97,2023,12,Belgian Grand Prix,115,1919,114
russell,0.3441599864306327,-finish_position,10.0,0.97,2023,12,Belgian Grand Prix,115,1919,114
sainz,1.1456259065215986,-finish_position,10.0,0.97,2023,12,Belgian Grand Prix,115,1919,114
sargeant,-1.1462209442636433,-finish_position,10.0,0.97,2023,12,Belgian Grand Prix,115,1919,114
sirotkin,-0.14741576872730386,-finish_position,10.0,0.97,2023,12,Belgian Grand Prix,115,1919,114
stroll,-0.6963742643453833,-finish_position,10.0,0.97,2023,12,Belgian Grand Prix,115,1919,114
tsunoda,-1.0970270746695052,-finish_position,10.0,0.97,2023,12,Belgian Grand Prix,115,1919,114
vandoorne,-0.1998722040156835,-finish_position,10.0,0.97,2023,12,Belgian Grand Prix,115,1919,114
vettel,-0.5909772970173284,-finish_position,10.0,0.97,2023,12,Belgian Grand Prix,115,1919,114
zhou,-0.8017944405422182,-finish_position,10.0,0.97,2023,12,Belgian Grand Prix,115,1919,114
aitken,-0.052415834762413224,-finish_position,10.0,0.97,2023,13,Dutch Grand Prix,116,1937,115
albon,0.21694536285104937,-finish_position,10.0,0.97,2023,13,Dutch Grand Prix,116,1937,115
alonso,1.974983443591711,-finish_position,10.0,0.97,2023,13,Dutch Grand Prix,116,1937,115
bottas,0.38934379111059675,-finish_position,10.0,0.97,2023,13,Dutch Grand Prix,116,1937,115
brendon_hartley,-0.14484956252258524,-finish_position,10.0,0.97,2023,13,Dutch Grand Prix,116,1937,115
de_vries,-1.4669334326823962,-finish_position,10.0,0.97,2023,13,Dutch Grand Prix,116,1937,115
ericsson,-0.12656535257319698,-finish_position,10.0,0.97,2023,13,Dutch Grand Prix,116,1937,115
gasly,0.5415528795008946,-finish_position,10.0,0.97,2023,13,Dutch Grand Prix,116,1937,115
giovinazzi,-0.5475754981276109,-finish_position,10.0,0.97,2023,13,Dutch Grand Prix,116,1937,115
grosjean,-0.0604876186531583,-finish_position,10.0,0.97,2023,13,Dutch Grand Prix,116,1937,115
hamilton,1.6349210034593793,-finish_position,10.0,0.97,2023,13,Dutch Grand Prix,116,1937,115
hulkenberg,-0.7653685386848866,-finish_position,10.0,0.97,2023,13,Dutch Grand Prix,116,1937,115
kevin_magnussen,-0.4846239267007824,-finish_position,10.0,0.97,2023,13,Dutch Grand Prix,116,1937,115
kubica,-0.6126795717656217,-finish_position,10.0,0.97,2023,13,Dutch Grand Prix,116,1937,115
kvyat,0.07986741641004574,-finish_position,10.0,0.97,2023,13,Dutch Grand Prix,116,1937,115
latifi,-1.436163885951895,-finish_position,10.0,0.97,2023,13,Dutch Grand Prix,116,1937,115
leclerc,1.3753979310941347,-finish_position,10.0,0.97,2023,13,Dutch Grand Prix,116,1937,115
max_verstappen,3.0361321715635134,-finish_position,10.0,0.97,2023,13,Dutch Grand Prix,116,1937,115
mazepin,-1.3363602968691999,-finish_position,10.0,0.97,2023,13,Dutch Grand Prix,116,1937,115
mick_schumacher,-0.8923732557016294,-finish_position,10.0,0.97,2023,13,Dutch Grand Prix,116,1937,115
norris,0.9974796601580823,-finish_position,10.0,0.97,2023,13,Dutch Grand Prix,116,1937,115
ocon,0.8057427666008903,-finish_position,10.0,0.97,2023,13,Dutch Grand Prix,116,1937,115
perez,1.2215844704528613,-finish_position,10.0,0.97,2023,13,Dutch Grand Prix,116,1937,115
piastri,-0.6266655837131193,-finish_position,10.0,0.97,2023,13,Dutch Grand Prix,116,1937,115
pietro_fittipaldi,-0.16357312845227787,-finish_position,10.0,0.97,2023,13,Dutch Grand Prix,116,1937,115
raikkonen,-0.02301334678631714,-finish_position,10.0,0.97,2023,13,Dutch Grand Prix,116,1937,115
ricciardo,-0.3158626018554864,-finish_position,10.0,0.97,2023,13,Dutch Grand Prix,116,1937,115
russell,0.3529050586080669,-finish_position,10.0,0.97,2023,13,Dutch Grand Prix,116,1937,115
sainz,1.1144455227592707,-finish_position,10.0,0.97,2023,13,Dutch Grand Prix,116,1937,115
sargeant,-1.2761034481364968,-finish_position,10.0,0.97,2023,13,Dutch Grand Prix,116,1937,115
sirotkin,-0.13991461804237054,-finish_position,10.0,0.97,2023,13,Dutch Grand Prix,116,1937,115
stroll,-0.695115488564259,-finish_position,10.0,0.97,2023,13,Dutch Grand Prix,116,1937,115
tsunoda,-0.9620815642615456,-finish_position,10.0,0.97,2023,13,Dutch Grand Prix,116,1937,115
vandoorne,-0.19976951183542196,-finish_position,10.0,0.97,2023,13,Dutch Grand Prix,116,1937,115
vettel,-0.6105253945636083,-finish_position,10.0,0.97,2023,13,Dutch Grand Prix,116,1937,115
zhou,-0.802280016954222,-finish_position,10.0,0.97,2023,13,Dutch Grand Prix,116,1937,115
aitken,-0.05270780202810051,-finish_position,10.0,0.97,2023,14,Italian Grand Prix,117,1954,116
albon,0.29869605939772437,-finish_position,10.0,0.97,2023,14,Italian Grand Prix,117,1954,116
alonso,2.039374384222168,-finish_position,10.0,0.97,2023,14,Italian Grand Prix,117,1954,116
bottas,0.3805135694254305,-finish_position,10.0,0.97,2023,14,Italian Grand Prix,117,1954,116
brendon_hartley,-0.14011079719081704,-finish_position,10.0,0.97,2023,14,Italian Grand Prix,117,1954,116
de_vries,-1.3980365295556116,-finish_position,10.0,0.97,2023,14,Italian Grand Prix,117,1954,116
ericsson,-0.12362730269560174,-finish_position,10.0,0.97,2023,14,Italian Grand Prix,117,1954,116
gasly,0.7410145239052554,-finish_position,10.0,0.97,2023,14,Italian Grand Prix,117,1954,116
giovinazzi,-0.5213639835744719,-finish_position,10.0,0.97,2023,14,Italian Grand Prix,117,1954,116
grosjean,-0.0657354243770676,-finish_position,10.0,0.97,2023,14,Italian Grand Prix,117,1954,116
hamilton,1.702178483377486,-finish_position,10.0,0.97,2023,14,Italian Grand Prix,117,1954,116
hulkenberg,-0.6882911270902262,-finish_position,10.0,0.97,2023,14,Italian Grand Prix,117,1954,116
kevin_magnussen,-0.5752765259556456,-finish_position,10.0,0.97,2023,14,Italian Grand Prix,117,1954,116
kubica,-0.6092188070730205,-finish_position,10.0,0.97,2023,14,Italian Grand Prix,117,1954,116
kvyat,0.09853036198809528,-finish_position,10.0,0.97,2023,14,Italian Grand Prix,117,1954,116
latifi,-1.4854696499267357,-finish_position,10.0,0.97,2023,14,Italian Grand Prix,117,1954,116
lawson,-0.13010980691845814,-finish_position,10.0,0.97,2023,14,Italian Grand Prix,117,1954,116
leclerc,1.3570660373767345,-finish_position,10.0,0.97,2023,14,Italian Grand Prix,117,1954,116
max_verstappen,3.054658810703588,-finish_position,10.0,0.97,2023,14,Italian Grand Prix,117,1954,116
mazepin,-1.3148950606615104,-finish_position,10.0,0.97,2023,14,Italian Grand Prix,117,1954,116
mick_schumacher,-0.8966971458429096,-finish_position,10.0,0.97,2023,14,Italian Grand Prix,117,1954,116
norris,1.0088308306082436,-finish_position,10.0,0.97,2023,14,Italian Grand Prix,117,1954,116
ocon,0.7112771295771927,-finish_position,10.0,0.97,2023,14,Italian Grand Prix,117,1954,116
perez,1.224499175629863,-finish_position,10.0,0.97,2023,14,Italian Grand Prix,117,1954,116
piastri,-0.566295749103181,-finish_position,10.0,0.97,2023,14,Italian Grand Prix,117,1954,116
pietro_fittipaldi,-0.15966012292145257,-finish_position,10.0,0.97,2023,14,Italian Grand Prix,117,1954,116
raikkonen,-0.006793647187187725,-finish_position,10.0,0.97,2023,14,Italian Grand Prix,117,1954,116
ricciardo,-0.3186099727808068,-finish_position,10.0,0.97,2023,14,Italian Grand Prix,117,1954,116
russell,0.10909950267702843,-finish_position,10.0,0.97,2023,14,Italian Grand Prix,117,1954,116
sainz,1.1203804600824976,-finish_position,10.0,0.97,2023,14,Italian Grand Prix,117,1954,116
sargeant,-1.3015522037860299,-finish_position,10.0,0.97,2023,14,Italian Grand Prix,117,1954,116
sirotkin,-0.1438704217529358,-finish_position,10.0,0.97,2023,14,Italian Grand Prix,117,1954,116
stroll,-0.785415228782699,-finish_position,10.0,0.97,2023,14,Italian Grand Prix,117,1954,116
tsunoda,-0.9452914358829843,-finish_position,10.0,0.97,2023,14,Italian Grand Prix,117,1954,116
vandoorne,-0.19620763314019266,-finish_position,10.0,0.97,2023,14,Italian Grand Prix,117,1954,116
vettel,-0.6513000094832856,-finish_position,10.0,0.97,2023,14,Italian Grand Prix,117,1954,116
zhou,-0.769582941260383,-finish_position,10.0,0.97,2023,14,Italian Grand Prix,117,1954,116
aitken,-0.05250279023802959,-finish_position,10.0,0.97,2023,15,Singapore Grand Prix,118,1972,117
albon,0.4154070377131983,-finish_position,10.0,0.97,2023,15,Singapore Grand Prix,118,1972,117
alonso,2.0445958193038947,-finish_position,10.0,0.97,2023,15,Singapore Grand Prix,118,1972,117
bottas,0.4140449475263196,-finish_position,10.0,0.97,2023,15,Singapore Grand Prix,118,1972,117
brendon_hartley,-0.13690067983926532,-finish_position,10.0,0.97,2023,15,Singapore Grand Prix,118,1972,117
de_vries,-1.4056097666561913,-finish_position,10.0,0.97,2023,15,Singapore Grand Prix,118,1972,117
ericsson,-0.11989019509558001,-finish_position,10.0,0.97,2023,15,Singapore Grand Prix,118,1972,117
gasly,0.564887507230789,-finish_position,10.0,0.97,2023,15,Singapore Grand Prix,118,1972,117
giovinazzi,-0.5220362685522143,-finish_position,10.0,0.97,2023,15,Singapore Grand Prix,118,1972,117
grosjean,-0.04486585791997485,-finish_position,10.0,0.97,2023,15,Singapore Grand Prix,118,1972,117
hamilton,1.6647545406081916,-finish_position,10.0,0.97,2023,15,Singapore Grand Prix,118,1972,117
hulkenberg,-0.7732343202805291,-finish_position,10.0,0.97,2023,15,Singapore Grand Prix,118,1972,117
kevin_magnussen,-0.6545168098519866,-finish_position,10.0,0.97,2023,15,Singapore Grand Prix,118,1972,117
kubica,-0.6047183551900066,-finish_position,10.0,0.97,2023,15,Singapore Grand Prix,118,1972,117
kvyat,0.08242674791925013,-finish_position,10.0,0.97,2023,15,Singapore Grand Prix,118,1972,117
latifi,-1.5168996550606215,-finish_position,10.0,0.97,2023,15,Singapore Grand Prix,118,1972,117
lawson,-0.08632568820370656,-finish_position,10.0,0.97,2023,15,Singapore Grand Prix,118,1972,117
leclerc,1.3710609977984607,-finish_position,10.0,0.97,2023,15,Singapore Grand Prix,118,1972,117
max_verstappen,3.0561941771276784,-finish_position,10.0,0.97,2023,15,Singapore Grand Prix,118,1972,117
mazepin,-1.2644666810578677,-finish_position,10.0,0.97,2023,15,Singapore Grand Prix,118,1972,117
mick_schumacher,-0.8390698194506311,-finish_position,10.0,0.97,2023,15,Singapore Grand Prix,118,1972,117
norris,1.0352959605773353,-finish_position,10.0,0.97,2023,15,Singapore Grand Prix,118,1972,117
ocon,0.7760339854304785,-finish_position,10.0,0.97,2023,15,Singapore Grand Prix,118,1972,117
perez,1.2651858379981253,-finish_position,10.0,0.97,2023,15,Singapore Grand Prix,118,1972,117
piastri,-0.6351116333131218,-finish_position,10.0,0.97,2023,15,Singapore Grand Prix,118,1972,117
pietro_fittipaldi,-0.15246846912211523,-finish_position,10.0,0.97,2023,15,Singapore Grand Prix,118,1972,117
raikkonen,-0.016350226759299306,-finish_position,10.0,0.97,2023,15,Singapore Grand Prix,118,1972,117
ricciardo,-0.3066788775307903,-finish_position,10.0,0.97,2023,15,Singapore Grand Prix,118,1972,117
russell,0.12862026485491046,-finish_position,10.0,0.97,2023,15,Singapore Grand Prix,118,1972,117
sainz,1.1728437846297044,-finish_position,10.0,0.97,2023,15,Singapore Grand Prix,118,1972,117
sargeant,-1.2612089357914,-finish_position,10.0,0.97,2023,15,Singapore Grand Prix,118,1972,117
sirotkin,-0.1456538952987096,-finish_position,10.0,0.97,2023,15,Singapore Grand Prix,118,1972,117
stroll,-0.8654284637917035,-finish_position,10.0,0.97,2023,15,Singapore Grand Prix,118,1972,117
tsunoda,-0.9925269555557814,-finish_position,10.0,0.97,2023,15,Singapore Grand Prix,118,1972,117
vandoorne,-0.18891729105647512,-finish_position,10.0,0.97,2023,15,Singapore Grand Prix,118,1972,117
vettel,-0.5887488637502865,-finish_position,10.0,0.97,2023,15,Singapore Grand Prix,118,1972,117
zhou,-0.8172211093520545,-finish_position,10.0,0.97,2023,15,Singapore Grand Prix,118,1972,117
aitken,-0.05150276485048463,-finish_position,10.0,0.97,2023,16,Japanese Grand Prix,119,1987,118
albon,0.4331666715074256,-finish_position,10.0,0.97,2023,16,Japanese Grand Prix,119,1987,118
alonso,1.7801946140274318,-finish_position,10.0,0.97,2023,16,Japanese Grand Prix,119,1987,118
bottas,0.39008163835846954,-finish_position,10.0,0.97,2023,16,Japanese Grand Prix,119,1987,118
brendon_hartley,-0.134900048347069,-finish_position,10.0,0.97,2023,16,Japanese Grand Prix,119,1987,118
de_vries,-1.4022458593982077,-finish_position,10.0,0.97,2023,16,Japanese Grand Prix,119,1987,118
ericsson,-0.11894025787133082,-finish_position,10.0,0.97,2023,16,Japanese Grand Prix,119,1987,118
gasly,0.5775990388758504,-finish_position,10.0,0.97,2023,16,Japanese Grand Prix,119,1987,118
giovinazzi,-0.5292552102175919,-finish_position,10.0,0.97,2023,16,Japanese Grand Prix,119,1987,118
grosjean,-0.06240373240944612,-finish_position,10.0,0.97,2023,16,Japanese Grand Prix,119,1987,118
hamilton,1.678529851470181,-finish_position,10.0,0.97,2023,16,Japanese Grand Prix,119,1987,118
hulkenberg,-0.7605878346547154,-finish_position,10.0,0.97,2023,16,Japanese Grand Prix,119,1987,118
kevin_magnussen,-0.5800399221967087,-finish_position,10.0,0.97,2023,16,Japanese Grand Prix,119,1987,118
kubica,-0.5949142247944988,-finish_position,10.0,0.97,2023,16,Japanese Grand Prix,119,1987,118
kvyat,0.0682475346488786,-finish_position,10.0,0.97,2023,16,Japanese Grand Prix,119,1987,118
latifi,-1.5177643085064172,-finish_position,10.0,0.97,2023,16,Japanese Grand Prix,119,1987,118
lawson,0.0947848362372704,-finish_position,10.0,0.97,2023,16,Japanese Grand Prix,119,1987,118
leclerc,1.3479400199270537,-finish_position,10.0,0.97,2023,16,Japanese Grand Prix,119,1987,118
max_verstappen,3.0160028631560127,-finish_position,10.0,0.97,2023,16,Japanese Grand Prix,119,1987,118
mazepin,-1.2575614729029738,-finish_position,10.0,0.97,2023,16,Japanese Grand Prix,119,1987,118
mick_schumacher,-0.8727617191443049,-finish_position,10.0,0.97,2023,16,Japanese Grand Prix,119,1987,118
norris,1.1104578941840804,-finish_position,10.0,0.97,2023,16,Japanese Grand Prix,119,1987,118
ocon,0.656831905326476,-finish_position,10.0,0.97,2023,16,Japanese Grand Prix,119,1987,118
perez,1.2006711108350585,-finish_position,10.0,0.97,2023,16,Japanese Grand Prix,119,1987,118
piastri,-0.5255900136363468,-finish_position,10.0,0.97,2023,16,Japanese Grand Prix,119,1987,118
pietro_fittipaldi,-0.15043253068931067,-finish_position,10.0,0.97,2023,16,Japanese Grand Prix,119,1987,118
raikkonen,-0.03374226696316268,-finish_position,10.0,0.97,2023,16,Japanese Grand Prix,119,1987,118
ricciardo,-0.36037205105208747,-finish_position,10.0,0.97,2023,16,Japanese Grand Prix,119,1987,118
russell,0.11499328329621895,-finish_position,10.0,0.97,2023,16,Japanese Grand Prix,119,1987,118
sainz,1.2314768229623714,-finish_position,10.0,0.97,2023,16,Japanese Grand Prix,119,1987,118
sargeant,-1.2615845597920732,-finish_position,10.0,0.97,2023,16,Japanese Grand Prix,119,1987,118
sirotkin,-0.14392034198783565,-finish_position,10.0,0.97,2023,16,Japanese Grand Prix,119,1987,118
stroll,-0.7861369670237474,-finish_position,10.0,0.97,2023,16,Japanese Grand Prix,119,1987,118
tsunoda,-1.022896404102067,-finish_position,10.0,0.97,2023,16,Japanese Grand Prix,119,1987,118
vandoorne,-0.19068129624670788,-finish_position,10.0,0.97,2023,16,Japanese Grand Prix,119,1987,118
vettel,-0.538661331714996,-finish_position,10.0,0.97,2023,16,Japanese Grand Prix,119,1987,118
zhou,-0.8040829663106909,-finish_position,10.0,0.97,2023,16,Japanese Grand Prix,119,1987,118
aitken,-0.05037575091466711,-finish_position,10.0,0.97,2023,17,Qatar Grand Prix,120,2002,119
albon,0.41114178024512354,-finish_position,10.0,0.97,2023,17,Qatar Grand Prix,120,2002,119
alonso,1.7431388871934606,-finish_position,10.0,0.97,2023,17,Qatar Grand Prix,120,2002,119
bottas,0.38326793732264947,-finish_position,10.0,0.97,2023,17,Qatar Grand Prix,120,2002,119
brendon_hartley,-0.1328934130951314,-finish_position,10.0,0.97,2023,17,Qatar Grand Prix,120,2002,119
de_vries,-1.3916037043292637,-finish_position,10.0,0.97,2023,17,Qatar Grand Prix,120,2002,119
ericsson,-0.11729033701780901,-finish_position,10.0,0.97,2023,17,Qatar Grand Prix,120,2002,119
gasly,0.5273645901094036,-finish_position,10.0,0.97,2023,17,Qatar Grand Prix,120,2002,119
giovinazzi,-0.528268515840134,-finish_position,10.0,0.97,2023,17,Qatar Grand Prix,120,2002,119
grosjean,-0.06360388016166682,-finish_position,10.0,0.97,2023,17,Qatar Grand Prix,120,2002,119
hamilton,1.669639461820364,-finish_position,10.0,0.97,2023,17,Qatar Grand Prix,120,2002,119
hulkenberg,-0.764315984626971,-finish_position,10.0,0.97,2023,17,Qatar Grand Prix,120,2002,119
kevin_magnussen,-0.6235924591117008,-finish_position,10.0,0.97,2023,17,Qatar Grand Prix,120,2002,119
kubica,-0.5833367365785422,-finish_position,10.0,0.97,2023,17,Qatar Grand Prix,120,2002,119
kvyat,0.0572082765632946,-finish_position,10.0,0.97,2023,17,Qatar Grand Prix,120,2002,119
latifi,-1.5126505522511124,-finish_position,10.0,0.97,2023,17,Qatar Grand Prix,120,2002,119
lawson,0.10272152698840682,-finish_position,10.0,0.97,2023,17,Qatar Grand Prix,120,2002,119
leclerc,1.3629593340626238,-finish_position,10.0,0.97,2023,17,Qatar Grand Prix,120,2002,119
max_verstappen,3.022403447957047,-finish_position,10.0,0.97,2023,17,Qatar Grand Prix,120,2002,119
mazepin,-1.2325858911399834,-finish_position,10.0,0.97,2023,17,Qatar Grand Prix,120,2002,119
mick_schumacher,-0.8675302773612941,-finish_position,10.0,0.97,2023,17,Qatar Grand Prix,120,2002,119
norris,1.1414910249463837,-finish_position,10.0,0.97,2023,17,Qatar Grand Prix,120,2002,119
ocon,0.641188418572364,-finish_position,10.0,0.97,2023,17,Qatar Grand Prix,120,2002,119
perez,1.1740301659580714,-finish_position,10.0,0.97,2023,17,Qatar Grand Prix,120,2002,119
piastri,-0.2770367946918684,-finish_position,10.0,0.97,2023,17,Qatar Grand Prix,120,2002,119
pietro_fittipaldi,-0.14639530343464857,-finish_position,10.0,0.97,2023,17,Qatar Grand Prix,120,2002,119
raikkonen,-0.04134720712998201,-finish_position,10.0,0.97,2023,17,Qatar Grand Prix,120,2002,119
ricciardo,-0.4361420261406218,-finish_position,10.0,0.97,2023,17,Qatar Grand Prix,120,2002,119
russell,0.09462391249376154,-finish_position,10.0,0.97,2023,17,Qatar Grand Prix,120,2002,119
sainz,1.1868960188284554,-finish_position,10.0,0.97,2023,17,Qatar Grand Prix,120,2002,119
sargeant,-1.2529383766885203,-finish_position,10.0,0.97,2023,17,Qatar Grand Prix,120,2002,119
sirotkin,-0.14154881989453513,-finish_position,10.0,0.97,2023,17,Qatar Grand Prix,120,2002,119
stroll,-0.7802265821077674,-finish_position,10.0,0.97,2023,17,Qatar Grand Prix,120,2002,119
tsunoda,-1.0283244213181408,-finish_position,10.0,0.97,2023,17,Qatar Grand Prix,120,2002,119
vandoorne,-0.1954493673775066,-finish_position,10.0,0.97,2023,17,Qatar Grand Prix,120,2002,119
vettel,-0.5347976176608806,-finish_position,10.0,0.97,2023,17,Qatar Grand Prix,120,2002,119
zhou,-0.8158207641886772,-finish_position,10.0,0.97,2023,17,Qatar Grand Prix,120,2002,119
aitken,-0.04885248257566911,-finish_position,10.0,0.97,2023,18,United States Grand Prix,121,2019,120
albon,0.3862191671506535,-finish_position,10.0,0.97,2023,18,United States Grand Prix,121,2019,120
alonso,1.7780873503898615,-finish_position,10.0,0.97,2023,18,United States Grand Prix,121,2019,120
bottas,0.4238291174778124,-finish_position,10.0,0.97,2023,18,United States Grand Prix,121,2019,120
brendon_hartley,-0.13005977263727514,-finish_position,10.0,0.97,2023,18,United States Grand Prix,121,2019,120
de_vries,-1.3330910627773145,-finish_position,10.0,0.97,2023,18,United States Grand Prix,121,2019,120
ericsson,-0.1147416174034064,-finish_position,10.0,0.97,2023,18,United States Grand Prix,121,2019,120
gasly,0.4969320143712717,-finish_position,10.0,0.97,2023,18,United States Grand Prix,121,2019,120
giovinazzi,-0.5637989877212936,-finish_position,10.0,0.97,2023,18,United States Grand Prix,121,2019,120
grosjean,-0.059087291410142156,-finish_position,10.0,0.97,2023,18,United States Grand Prix,121,2019,120
hamilton,1.6570623698366613,-finish_position,10.0,0.97,2023,18,United States Grand Prix,121,2019,120
hulkenberg,-0.8333986815542622,-finish_position,10.0,0.97,2023,18,United States Grand Prix,121,2019,120
kevin_magnussen,-0.6172448277659697,-finish_position,10.0,0.97,2023,18,United States Grand Prix,121,2019,120
kubica,-0.5720851586959194,-finish_position,10.0,0.97,2023,18,United States Grand Prix,121,2019,120
kvyat,0.06718504879245947,-finish_position,10.0,0.97,2023,18,United States Grand Prix,121,2019,120
latifi,-1.4910081654229204,-finish_position,10.0,0.97,2023,18,United States Grand Prix,121,2019,120
lawson,-0.2532701602224314,-finish_position,10.0,0.97,2023,18,United States Grand Prix,121,2019,120
leclerc,1.3593088374332687,-finish_position,10.0,0.97,2023,18,United States Grand Prix,121,2019,120
max_verstappen,3.078196145232704,-finish_position,10.0,0.97,2023,18,United States Grand Prix,121,2019,120
mazepin,-1.2014524526186559,-finish_position,10.0,0.97,2023,18,United States Grand Prix,121,2019,120
mick_schumacher,-0.8481703172533297,-finish_position,10.0,0.97,2023,18,United States Grand Prix,121,2019,120
norris,1.1539680394391114,-finish_position,10.0,0.97,2023,18,United States Grand Prix,121,2019,120
ocon,0.7237804029030808,-finish_position,10.0,0.97,2023,18,United States Grand Prix,121,2019,120
perez,1.055921206480474,-finish_position,10.0,0.97,2023,18,United States Grand Prix,121,2019,120
piastri,-0.009052013898665662,-finish_position,10.0,0.97,2023,18,United States Grand Prix,121,2019,120
pietro_fittipaldi,-0.14171443876630072,-finish_position,10.0,0.97,2023,18,United States Grand Prix,121,2019,120
raikkonen,-0.08269484445164016,-finish_position,10.0,0.97,2023,18,United States Grand Prix,121,2019,120
ricciardo,-0.4920088774423251,-finish_position,10.0,0.97,2023,18,United States Grand Prix,121,2019,120
russell,0.14850968732855138,-finish_position,10.0,0.97,2023,18,United States Grand Prix,121,2019,120
sainz,1.1605562241084482,-finish_position,10.0,0.97,2023,18,United States Grand Prix,121,2019,120
sargeant,-1.2310459415385997,-finish_position,10.0,0.97,2023,18,United States Grand Prix,121,2019,120
sirotkin,-0.13741710750949193,-finish_position,10.0,0.97,2023,18,United States Grand Prix,121,2019,120
stroll,-0.8107269255413411,-finish_position,10.0,0.97,2023,18,United States Grand Prix,121,2019,120
tsunoda,-1.0340031134252414,-finish_position,10.0,0.97,2023,18,United States Grand Prix,121,2019,120
vandoorne,-0.19879783768883239,-finish_position,10.0,0.97,2023,18,United States Grand Prix,121,2019,120
vettel,-0.5356949998535123,-finish_position,10.0,0.97,2023,18,United States Grand Prix,121,2019,120
zhou,-0.7501385327698116,-finish_position,10.0,0.97,2023,18,United States Grand Prix,121,2019,120
aitken,-0.04910520000265624,-finish_position,10.0,0.97,2023,19,Mexico City Grand Prix,122,2034,121
albon,0.40866240445186364,-finish_position,10.0,0.97,2023,19,Mexico City Grand Prix,122,2034,121
alonso,1.7070309403964978,-finish_position,10.0,0.97,2023,19,Mexico City Grand Prix,122,2034,121
bottas,0.38772853294475174,-finish_position,10.0,0.97,2023,19,Mexico City Grand Prix,122,2034,121
brendon_hartley,-0.1283438043213365,-finish_position,10.0,0.97,2023,19,Mexico City Grand Prix,122,2034,121
de_vries,-1.3003656343971013,-finish_position,10.0,0.97,2023,19,Mexico City Grand Prix,122,2034,121
ericsson,-0.11439035619274109,-finish_position,10.0,0.97,2023,19,Mexico City Grand Prix,122,2034,121
gasly,0.5566881605428625,-finish_position,10.0,0.97,2023,19,Mexico City Grand Prix,122,2034,121
giovinazzi,-0.5627043804207158,-finish_position,10.0,0.97,2023,19,Mexico City Grand Prix,122,2034,121
grosjean,-0.07364629465447112,-finish_position,10.0,0.97,2023,19,Mexico City Grand Prix,122,2034,121
hamilton,1.6233999000652402,-finish_position,10.0,0.97,2023,19,Mexico City Grand Prix,122,2034,121
hulkenberg,-0.7527760128332206,-finish_position,10.0,0.97,2023,19,Mexico City Grand Prix,122,2034,121
kevin_magnussen,-0.6698706899814262,-finish_position,10.0,0.97,2023,19,Mexico City Grand Prix,122,2034,121
kubica,-0.5708286049549831,-finish_position,10.0,0.97,2023,19,Mexico City Grand Prix,122,2034,121
kvyat,0.06623200621142093,-finish_position,10.0,0.97,2023,19,Mexico City Grand Prix,122,2034,121
latifi,-1.5366180366865148,-finish_position,10.0,0.97,2023,19,Mexico City Grand Prix,122,2034,121
lawson,-0.23802655040820403,-finish_position,10.0,0.97,2023,19,Mexico City Grand Prix,122,2034,121
leclerc,1.312319053894511,-finish_position,10.0,0.97,2023,19,Mexico City Grand Prix,122,2034,121
max_verstappen,3.072784395309219,-finish_position,10.0,0.97,2023,19,Mexico City Grand Prix,122,2034,121
mazepin,-1.1924305196369434,-finish_position,10.0,0.97,2023,19,Mexico City Grand Prix,122,2034,121
mick_schumacher,-0.8761029182325956,-finish_position,10.0,0.97,2023,19,Mexico City Grand Prix,122,2034,121
norris,1.2199600215326887,-finish_position,10.0,0.97,2023,19,Mexico City Grand Prix,122,2034,121
ocon,0.6518497559104675,-finish_position,10.0,0.97,2023,19,Mexico City Grand Prix,122,2034,121
perez,1.0439094333832604,-finish_position,10.0,0.97,2023,19,Mexico City Grand Prix,122,2034,121
piastri,-0.0623406066928425,-finish_position,10.0,0.97,2023,19,Mexico City Grand Prix,122,2034,121
pietro_fittipaldi,-0.13962892148395564,-finish_position,10.0,0.97,2023,19,Mexico City Grand Prix,122,2034,121
raikkonen,-0.09112545434738581,-finish_position,10.0,0.97,2023,19,Mexico City Grand Prix,122,2034,121
ricciardo,-0.6384556696981902,-finish_position,10.0,0.97,2023,19,Mexico City Grand Prix,122,2034,121
russell,0.13745166634658007,-finish_position,10.0,0.97,2023,19,Mexico City Grand Prix,122,2034,121
sainz,1.1829053237238851,-finish_position,10.0,0.97,2023,19,Mexico City Grand Prix,122,2034,121
sargeant,-1.0708615351186033,-finish_position,10.0,0.97,2023,19,Mexico City Grand Prix,122,2034,121
sirotkin,-0.14080470986877947,-finish_position,10.0,0.97,2023,19,Mexico City Grand Prix,122,2034,121
stroll,-0.7622337174227152,-finish_position,10.0,0.97,2023,19,Mexico City Grand Prix,122,2034,121
tsunoda,-0.8675003166851019,-finish_position,10.0,0.97,2023,19,Mexico City Grand Prix,122,2034,121
vandoorne,-0.19913999088212656,-finish_position,10.0,0.97,2023,19,Mexico City Grand Prix,122,2034,121
vettel,-0.5634643655166162,-finish_position,10.0,0.97,2023,19,Mexico City Grand Prix,122,2034,121
zhou,-0.770157304274012,-finish_position,10.0,0.97,2023,19,Mexico City Grand Prix,122,2034,121
aitken,-0.04847240364207084,-finish_position,10.0,0.97,2023,20,São Paulo Grand Prix,123,2049,122
albon,0.4616907470536429,-finish_position,10.0,0.97,2023,20,São Paulo Grand Prix,123,2049,122
alonso,1.693564078971242,-finish_position,10.0,0.97,2023,20,São Paulo Grand Prix,123,2049,122
bottas,0.30178280966292126,-finish_position,10.0,0.97,2023,20,São Paulo Grand Prix,123,2049,122
brendon_hartley,-0.12626200278106417,-finish_position,10.0,0.97,2023,20,São Paulo Grand Prix,123,2049,122
de_vries,-1.3288254925091743,-finish_position,10.0,0.97,2023,20,São Paulo Grand Prix,123,2049,122
ericsson,-0.11243797799801157,-finish_position,10.0,0.97,2023,20,São Paulo Grand Prix,123,2049,122
gasly,0.44841121400581063,-finish_position,10.0,0.97,2023,20,São Paulo Grand Prix,123,2049,122
giovinazzi,-0.5376381081483153,-finish_position,10.0,0.97,2023,20,São Paulo Grand Prix,123,2049,122
grosjean,-0.0793034175851007,-finish_position,10.0,0.97,2023,20,São Paulo Grand Prix,123,2049,122
hamilton,1.6506504298294369,-finish_position,10.0,0.97,2023,20,São Paulo Grand Prix,123,2049,122
hulkenberg,-0.7314103816765732,-finish_position,10.0,0.97,2023,20,São Paulo Grand Prix,123,2049,122
kevin_magnussen,-0.6865035138623065,-finish_position,10.0,0.97,2023,20,São Paulo Grand Prix,123,2049,122
kubica,-0.5608026569398243,-finish_position,10.0,0.97,2023,20,São Paulo Grand Prix,123,2049,122
kvyat,0.04073053854408897,-finish_position,10.0,0.97,2023,20,São Paulo Grand Prix,123,2049,122
latifi,-1.5482630914272828,-finish_position,10.0,0.97,2023,20,São Paulo Grand Prix,123,2049,122
lawson,-0.2794109236052697,-finish_position,10.0,0.97,2023,20,São Paulo Grand Prix,123,2049,122
leclerc,1.3401464398174887,-finish_position,10.0,0.97,2023,20,São Paulo Grand Prix,123,2049,122
max_verstappen,3.085064399831407,-finish_position,10.0,0.97,2023,20,São Paulo Grand Prix,123,2049,122
mazepin,-1.1735084060135665,-finish_position,10.0,0.97,2023,20,São Paulo Grand Prix,123,2049,122
mick_schumacher,-0.8822056094374242,-finish_position,10.0,0.97,2023,20,São Paulo Grand Prix,123,2049,122
norris,1.2900424157813144,-finish_position,10.0,0.97,2023,20,São Paulo Grand Prix,123,2049,122
ocon,0.6226589592677734,-finish_position,10.0,0.97,2023,20,São Paulo Grand Prix,123,2049,122
perez,1.026028023403725,-finish_position,10.0,0.97,2023,20,São Paulo Grand Prix,123,2049,122
piastri,-0.003636772372496256,-finish_position,10.0,0.97,2023,20,São Paulo Grand Prix,123,2049,122
pietro_fittipaldi,-0.13647263359551595,-finish_position,10.0,0.97,2023,20,São Paulo Grand Prix,123,2049,122
raikkonen,-0.0766200397930656,-finish_position,10.0,0.97,2023,20,São Paulo Grand Prix,123,2049,122
ricciardo,-0.4700141962743563,-finish_position,10.0,0.97,2023,20,São Paulo Grand Prix,123,2049,122
russell,0.10802839317330472,-finish_position,10.0,0.97,2023,20,São Paulo Grand Prix,123,2049,122
sainz,1.1924241832838114,-finish_position,10.0,0.97,2023,20,São Paulo Grand Prix,123,2049,122
sargeant,-1.0816148250657915,-finish_position,10.0,0.97,2023,20,São Paulo Grand Prix,123,2049,122
sirotkin,-0.140348078570259,-finish_position,10.0,0.97,2023,20,São Paulo Grand Prix,123,2049,122
stroll,-0.7600386250452253,-finish_position,10.0,0.97,2023,20,São Paulo Grand Prix,123,2049,122
tsunoda,-0.9561563002318834,-finish_position,10.0,0.97,2023,20,São Paulo Grand Prix,123,2049,122
vandoorne,-0.19300605421797173,-finish_position,10.0,0.97,2023,20,São Paulo Grand Prix,123,2049,122
vettel,-0.563996827050329,-finish_position,10.0,0.97,2023,20,São Paulo Grand Prix,123,2049,122
zhou,-0.7842742947830945,-finish_position,10.0,0.97,2023,20,São Paulo Grand Prix,123,2049,122
aitken,-0.047671305838659764,-finish_position,10.0,0.97,2023,21,Las Vegas Grand Prix,124,2063,123
albon,0.4215468384867913,-finish_position,10.0,0.97,2023,21,Las Vegas Grand Prix,124,2063,123
alonso,1.7432882905313676,-finish_position,10.0,0.97,2023,21,Las Vegas Grand Prix,124,2063,123
bottas,0.29521802162030636,-finish_position,10.0,0.97,2023,21,Las Vegas Grand Prix,124,2063,123
brendon_hartley,-0.12398294971523378,-finish_position,10.0,0.97,2023,21,Las Vegas Grand Prix,124,2063,123
de_vries,-1.304364861988882,-finish_position,10.0,0.97,2023,21,Las Vegas Grand Prix,124,2063,123
ericsson,-0.11079812239913073,-finish_position,10.0,0.97,2023,21,Las Vegas Grand Prix,124,2063,123
gasly,0.4909629277291503,-finish_position,10.0,0.97,2023,21,Las Vegas Grand Prix,124,2063,123
giovinazzi,-0.5359090550671733,-finish_position,10.0,0.97,2023,21,Las Vegas Grand Prix,124,2063,123
grosjean,-0.08790871276625913,-finish_position,10.0,0.97,2023,21,Las Vegas Grand Prix,124,2063,123
hamilton,1.570300272835101,-finish_position,10.0,0.97,2023,21,Las Vegas Grand Prix,124,2063,123
hulkenberg,-0.6907607744201149,-finish_position,10.0,0.97,2023,21,Las Vegas Grand Prix,124,2063,123
kevin_magnussen,-0.7134335158574857,-finish_position,10.0,0.97,2023,21,Las Vegas Grand Prix,124,2063,123
kubica,-0.5522515266280343,-finish_position,10.0,0.97,2023,21,Las Vegas Grand Prix,124,2063,123
kvyat,0.03711303045185355,-finish_position,10.0,0.97,2023,21,Las Vegas Grand Prix,124,2063,123
latifi,-1.5564555333035384,-finish_position,10.0,0.97,2023,21,Las Vegas Grand Prix,124,2063,123
lawson,-0.27298676187523685,-finish_position,10.0,0.97,2023,21,Las Vegas Grand Prix,124,2063,123
leclerc,1.3268241122283149,-finish_position,10.0,0.97,2023,21,Las Vegas Grand Prix,124,2063,123
max_verstappen,3.0820286726704897,-finish_position,10.0,0.97,2023,21,Las Vegas Grand Prix,124,2063,123
mazepin,-1.1587924995112684,-finish_position,10.0,0.97,2023,21,Las Vegas Grand Prix,124,2063,123
mick_schumacher,-0.8959248657265502,-finish_position,10.0,0.97,2023,21,Las Vegas Grand Prix,124,2063,123
norris,1.4182208602077788,-finish_position,10.0,0.97,2023,21,Las Vegas Grand Prix,124,2063,123
ocon,0.5680026101989198,-finish_position,10.0,0.97,2023,21,Las Vegas Grand Prix,124,2063,123
perez,1.0189607557543603,-finish_position,10.0,0.97,2023,21,Las Vegas Grand Prix,124,2063,123
piastri,-0.2176871559100857,-finish_position,10.0,0.97,2023,21,Las Vegas Grand Prix,124,2063,123
pietro_fittipaldi,-0.13354335079823826,-finish_position,10.0,0.97,2023,21,Las Vegas Grand Prix,124,2063,123
raikkonen,-0.08274212749252056,-finish_position,10.0,0.97,2023,21,Las Vegas Grand Prix,124,2063,123
ricciardo,-0.5105547288941755,-finish_position,10.0,0.97,2023,21,Las Vegas Grand Prix,124,2063,123
russell,0.11616858019956992,-finish_position,10.0,0.97,2023,21,Las Vegas Grand Prix,124,2063,123
sainz,1.1697281127097865,-finish_position,10.0,0.97,2023,21,Las Vegas Grand Prix,124,2063,123
sargeant,-0.9663771131427643,-finish_position,10.0,0.97,2023,21,Las Vegas Grand Prix,124,2063,123
sirotkin,-0.13935813446125966,-finish_position,10.0,0.97,2023,21,Las Vegas Grand Prix,124,2063,123
stroll,-0.7095869939613698,-finish_position,10.0,0.97,2023,21,Las Vegas Grand Prix,124,2063,123
tsunoda,-0.8493164666751029,-finish_position,10.0,0.97,2023,21,Las Vegas Grand Prix,124,2063,123
vandoorne,-0.18771135583862594,-finish_position,10.0,0.97,2023,21,Las Vegas Grand Prix,124,2063,123
vettel,-0.6205294918969297,-finish_position,10.0,0.97,2023,21,Las Vegas Grand Prix,124,2063,123
zhou,-0.7897156814551642,-finish_position,10.0,0.97,2023,21,Las Vegas Grand Prix,124,2063,123
aitken,-0.04610679939044812,-finish_position,10.0,0.97,2023,22,Abu Dhabi Grand Prix,125,2080,124
albon,0.42552997169389706,-finish_position,10.0,0.97,2023,22,Abu Dhabi Grand Prix,125,2080,124
alonso,1.6589538267857067,-finish_position,10.0,0.97,2023,22,Abu Dhabi Grand Prix,125,2080,124
bottas,0.20001285859499918,-finish_position,10.0,0.97,2023,22,Abu Dhabi Grand Prix,125,2080,124
brendon_hartley,-0.12084837967425434,-finish_position,10.0,0.97,2023,22,Abu Dhabi Grand Prix,125,2080,124
de_vries,-1.272049290693758,-finish_position,10.0,0.97,2023,22,Abu Dhabi Grand Prix,125,2080,124
ericsson,-0.1075274005031703,-finish_position,10.0,0.97,2023,22,Abu Dhabi Grand Prix,125,2080,124
gasly,0.428997315499567,-finish_position,10.0,0.97,2023,22,Abu Dhabi Grand Prix,125,2080,124
giovinazzi,-0.4910739751846678,-finish_position,10.0,0.97,2023,22,Abu Dhabi Grand Prix,125,2080,124
grosjean,-0.09032180466249837,-finish_position,10.0,0.97,2023,22,Abu Dhabi Grand Prix,125,2080,124
hamilton,1.530646879467304,-finish_position,10.0,0.97,2023,22,Abu Dhabi Grand Prix,125,2080,124
hulkenberg,-0.6936849530383076,-finish_position,10.0,0.97,2023,22,Abu Dhabi Grand Prix,125,2080,124
kevin_magnussen,-0.7004740804484971,-finish_position,10.0,0.97,2023,22,Abu Dhabi Grand Prix,125,2080,124
kubica,-0.5330299164377816,-finish_position,10.0,0.97,2023,22,Abu Dhabi Grand Prix,125,2080,124
kvyat,0.03802438634814588,-finish_position,10.0,0.97,2023,22,Abu Dhabi Grand Prix,125,2080,124
latifi,-1.5233905269208947,-finish_position,10.0,0.97,2023,22,Abu Dhabi Grand Prix,125,2080,124
lawson,-0.2616063266894509,-finish_position,10.0,0.97,2023,22,Abu Dhabi Grand Prix,125,2080,124
leclerc,1.3974540594525375,-finish_position,10.0,0.97,2023,22,Abu Dhabi Grand Prix,125,2080,124
max_verstappen,3.081595566247489,-finish_position,10.0,0.97,2023,22,Abu Dhabi Grand Prix,125,2080,124
mazepin,-1.1368731756286776,-finish_position,10.0,0.97,2023,22,Abu Dhabi Grand Prix,125,2080,124
mick_schumacher,-0.8946727953072192,-finish_position,10.0,0.97,2023,22,Abu Dhabi Grand Prix,125,2080,124
norris,1.3926982020571734,-finish_position,10.0,0.97,2023,22,Abu Dhabi Grand Prix,125,2080,124
ocon,0.6834913537079786,-finish_position,10.0,0.97,2023,22,Abu Dhabi Grand Prix,125,2080,124
perez,1.0428292866256044,-finish_position,10.0,0.97,2023,22,Abu Dhabi Grand Prix,125,2080,124
piastri,-0.25375588287445905,-finish_position,10.0,0.97,2023,22,Abu Dhabi Grand Prix,125,2080,124
pietro_fittipaldi,-0.13045840601876715,-finish_position,10.0,0.97,2023,22,Abu Dhabi Grand Prix,125,2080,124
raikkonen,-0.048736259692823955,-finish_position,10.0,0.97,2023,22,Abu Dhabi Grand Prix,125,2080,124
ricciardo,-0.5803875839494466,-finish_position,10.0,0.97,2023,22,Abu Dhabi Grand Prix,125,2080,124
russell,0.0901934243809845,-finish_position,10.0,0.97,2023,22,Abu Dhabi Grand Prix,125,2080,124
sainz,1.1379213660023586,-finish_position,10.0,0.97,2023,22,Abu Dhabi Grand Prix,125,2080,124
sargeant,-1.0712242724352328,-finish_position,10.0,0.97,2023,22,Abu Dhabi Grand Prix,125,2080,124
sirotkin,-0.13448127966639875,-finish_position,10.0,0.97,2023,22,Abu Dhabi Grand Prix,125,2080,124
stroll,-0.5820191226853494,-finish_position,10.0,0.97,2023,22,Abu Dhabi Grand Prix,125,2080,124
tsunoda,-0.8284068408186764,-finish_position,10.0,0.97,2023,22,Abu Dhabi Grand Prix,125,2080,124
vandoorne,-0.18361861234356,-finish_position,10.0,0.97,2023,22,Abu Dhabi Grand Prix,125,2080,124
vettel,-0.6228242116594719,-finish_position,10.0,0.97,2023,22,Abu Dhabi Grand Prix,125,2080,124
zhou,-0.800776600139948,-finish_position,10.0,0.97,2023,22,Abu Dhabi Grand Prix,125,2080,124
aitken,-0.04389659695156979,-finish_position,10.0,0.97,2024,1,Bahrain Grand Prix,126,2099,125
albon,0.39300022486592356,-finish_position,10.0,0.97,2024,1,Bahrain Grand Prix,126,2099,125
alonso,1.687199148320501,-finish_position,10.0,0.97,2024,1,Bahrain Grand Prix,126,2099,125
bottas,0.0692626315383245,-finish_position,10.0,0.97,2024,1,Bahrain Grand Prix,126,2099,125
brendon_hartley,-0.11758991414688949,-finish_position,10.0,0.97,2024,1,Bahrain Grand Prix,126,2099,125
de_vries,-1.2706119568460514,-finish_position,10.0,0.97,2024,1,Bahrain Grand Prix,126,2099,125
ericsson,-0.10376164142917155,-finish_position,10.0,0.97,2024,1,Bahrain Grand Prix,126,2099,125
gasly,0.33379823702332523,-finish_position,10.0,0.97,2024,1,Bahrain Grand Prix,126,2099,125
giovinazzi,-0.43189339391732934,-finish_position,10.0,0.97,2024,1,Bahrain Grand Prix,126,2099,125
grosjean,-0.07450766647439802,-finish_position,10.0,0.97,2024,1,Bahrain Grand Prix,126,2099,125
hamilton,1.407800498676236,-finish_position,10.0,0.97,2024,1,Bahrain Grand Prix,126,2099,125
hulkenberg,-0.6989459628752676,-finish_position,10.0,0.97,2024,1,Bahrain Grand Prix,126,2099,125
kevin_magnussen,-0.8464151874930191,-finish_position,10.0,0.97,2024,1,Bahrain Grand Prix,126,2099,125
kubica,-0.5087657137698653,-finish_position,10.0,0.97,2024,1,Bahrain Grand Prix,126,2099,125
kvyat,0.02640566774930647,-finish_position,10.0,0.97,2024,1,Bahrain Grand Prix,126,2099,125
latifi,-1.4707493272276362,-finish_position,10.0,0.97,2024,1,Bahrain Grand Prix,126,2099,125
lawson,-0.27835656664155034,-finish_position,10.0,0.97,2024,1,Bahrain Grand Prix,126,2099,125
leclerc,1.4645907219680132,-finish_position,10.0,0.97,2024,1,Bahrain Grand Prix,126,2099,125
max_verstappen,3.0905730161429665,-finish_position,10.0,0.97,2024,1,Bahrain Grand Prix,126,2099,125
mazepin,-1.095188221893572,-finish_position,10.0,0.97,2024,1,Bahrain Grand Prix,126,2099,125
mick_schumacher,-0.8460275889782306,-finish_position,10.0,0.97,2024,1,Bahrain Grand Prix,126,2099,125
norris,1.4091148741012487,-finish_position,10.0,0.97,2024,1,Bahrain Grand Prix,126,2099,125
ocon,0.6482718814210362,-finish_position,10.0,0.97,2024,1,Bahrain Grand Prix,126,2099,125
perez,1.0471962387414344,-finish_position,10.0,0.97,2024,1,Bahrain Grand Prix,126,2099,125
piastri,-0.14535883199456182,-finish_position,10.0,0.97,2024,1,Bahrain Grand Prix,126,2099,125
pietro_fittipaldi,-0.12467506745665605,-finish_position,10.0,0.97,2024,1,Bahrain Grand Prix,126,2099,125
raikkonen,-0.0012425905994200301,-finish_position,10.0,0.97,2024,1,Bahrain Grand Prix,126,2099,125
ricciardo,-0.5792781078670605,-finish_position,10.0,0.97,2024,1,Bahrain Grand Prix,126,2099,125
russell,0.17940886429838712,-finish_position,10.0,0.97,2024,1,Bahrain Grand Prix,126,2099,125
sainz,1.1142822872873606,-finish_position,10.0,0.97,2024,1,Bahrain Grand Prix,126,2099,125
sargeant,-1.1450661724329583,-finish_position,10.0,0.97,2024,1,Bahrain Grand Prix,126,2099,125
sirotkin,-0.12727300343146195,-finish_position,10.0,0.97,2024,1,Bahrain Grand Prix,126,2099,125
stroll,-0.5741422738579449,-finish_position,10.0,0.97,2024,1,Bahrain Grand Prix,126,2099,125
tsunoda,-0.7509474614669815,-finish_position,10.0,0.97,2024,1,Bahrain Grand Prix,126,2099,125
vandoorne,-0.18105786430491266,-finish_position,10.0,0.97,2024,1,Bahrain Grand Prix,126,2099,125
vettel,-0.6086825094460447,-finish_position,10.0,0.97,2024,1,Bahrain Grand Prix,126,2099,125
zhou,-0.8464706706315144,-finish_position,10.0,0.97,2024,1,Bahrain Grand Prix,126,2099,125
aitken,-0.040718394373300514,-finish_position,10.0,0.97,2024,2,Saudi Arabian Grand Prix,127,2119,126
albon,0.3970425174280919,-finish_position,10.0,0.97,2024,2,Saudi Arabian Grand Prix,127,2119,126
alonso,1.7522824245151725,-finish_position,10.0,0.97,2024,2,Saudi Arabian Grand Prix,127,2119,126
bottas,-0.19849781758934745,-finish_position,10.0,0.97,2024,2,Saudi Arabian Grand Prix,127,2119,126
brendon_hartley,-0.10989609718135929,-finish_position,10.0,0.97,2024,2,Saudi Arabian Grand Prix,127,2119,126
de_vries,-1.2605697543138412,-finish_position,10.0,0.97,2024,2,Saudi Arabian Grand Prix,127,2119,126
ericsson,-0.06196288812037686,-finish_position,10.0,0.97,2024,2,Saudi Arabian Grand Prix,127,2119,126
gasly,0.19482437989620502,-finish_position,10.0,0.97,2024,2,Saudi Arabian Grand Prix,127,2119,126
giovinazzi,-0.45678036829162816,-finish_position,10.0,0.97,2024,2,Saudi Arabian Grand Prix,127,2119,126
grosjean,-0.06329098686207804,-finish_position,10.0,0.97,2024,2,Saudi Arabian Grand Prix,127,2119,126
hamilton,1.3660030008709523,-finish_position,10.0,0.97,2024,2,Saudi Arabian Grand Prix,127,2119,126
hulkenberg,-0.7400684296544839,-finish_position,10.0,0.97,2024,2,Saudi Arabian Grand Prix,127,2119,126
kevin_magnussen,-0.7488271339003721,-finish_position,10.0,0.97,2024,2,Saudi Arabian Grand Prix,127,2119,126
kubica,-0.48373523817786296,-finish_position,10.0,0.97,2024,2,Saudi Arabian Grand Prix,127,2119,126
kvyat,0.02664738806486211,-finish_position,10.0,0.97,2024,2,Saudi Arabian Grand Prix,127,2119,126
latifi,-1.3695010927576743,-finish_position,10.0,0.97,2024,2,Saudi Arabian Grand Prix,127,2119,126
lawson,-0.289816796652174,-finish_position,10.0,0.97,2024,2,Saudi Arabian Grand Prix,127,2119,126
leclerc,1.5238271044779037,-finish_position,10.0,0.97,2024,2,Saudi Arabian Grand Prix,127,2119,126
max_verstappen,3.1258803194975675,-finish_position,10.0,0.97,2024,2,Saudi Arabian Grand Prix,127,2119,126
mazepin,-1.058623950983175,-finish_position,10.0,0.97,2024,2,Saudi Arabian Grand Prix,127,2119,126
mick_schumacher,-0.8087977749297838,-finish_position,10.0,0.97,2024,2,Saudi Arabian Grand Prix,127,2119,126
norris,1.4397629040497468,-finish_position,10.0,0.97,2024,2,Saudi Arabian Grand Prix,127,2119,126
ocon,0.5968486263524416,-finish_position,10.0,0.97,2024,2,Saudi Arabian Grand Prix,127,2119,126
perez,1.135389703043407,-finish_position,10.0,0.97,2024,2,Saudi Arabian Grand Prix,127,2119,126
piastri,-0.09561740542898495,-finish_position,10.0,0.97,2024,2,Saudi Arabian Grand Prix,127,2119,126
pietro_fittipaldi,-0.11986230448059779,-finish_position,10.0,0.97,2024,2,Saudi Arabian Grand Prix,127,2119,126
raikkonen,-0.03098229987216891,-finish_position,10.0,0.97,2024,2,Saudi Arabian Grand Prix,127,2119,126
ricciardo,-0.6500733065759383,-finish_position,10.0,0.97,2024,2,Saudi Arabian Grand Prix,127,2119,126
russell,0.24585751378434145,-finish_position,10.0,0.97,2024,2,Saudi Arabian Grand Prix,127,2119,126
sainz,1.2007202887719308,-finish_position,10.0,0.97,2024,2,Saudi Arabian Grand Prix,127,2119,126
sargeant,-1.3381274354750232,-finish_position,10.0,0.97,2024,2,Saudi Arabian Grand Prix,127,2119,126
sirotkin,-0.11552350462609437,-finish_position,10.0,0.97,2024,2,Saudi Arabian Grand Prix,127,2119,126
stroll,-0.48808757128418273,-finish_position,10.0,0.97,2024,2,Saudi Arabian Grand Prix,127,2119,126
tsunoda,-0.8773509950545338,-finish_position,10.0,0.97,2024,2,Saudi Arabian Grand Prix,127,2119,126
vandoorne,-0.17580345838752687,-finish_position,10.0,0.97,2024,2,Saudi Arabian Grand Prix,127,2119,126
vettel,-0.5420375387922772,-finish_position,10.0,0.97,2024,2,Saudi Arabian Grand Prix,127,2119,126
zhou,-0.8805336269878435,-finish_position,10.0,0.97,2024,2,Saudi Arabian Grand Prix,127,2119,126
aitken,-0.03949524815944852,-finish_position,10.0,0.97,2024,3,Australian Grand Prix,128,2137,127
albon,0.4392880512727708,-finish_position,10.0,0.97,2024,3,Australian Grand Prix,128,2137,127
alonso,1.832993314426084,-finish_position,10.0,0.97,2024,3,Australian Grand Prix,128,2137,127
bearman,-0.015619990628436057,-finish_position,10.0,0.97,2024,3,Australian Grand Prix,128,2137,127
bottas,-0.36929030968080845,-finish_position,10.0,0.97,2024,3,Australian Grand Prix,128,2137,127
brendon_hartley,-0.10319702279885633,-finish_position,10.0,0.97,2024,3,Australian Grand Prix,128,2137,127
de_vries,-1.241980046720151,-finish_position,10.0,0.97,2024,3,Australian Grand Prix,128,2137,127
ericsson,-0.02008410732841793,-finish_position,10.0,0.97,2024,3,Australian Grand Prix,128,2137,127
gasly,0.2197781767867531,-finish_position,10.0,0.97,2024,3,Australian Grand Prix,128,2137,127
giovinazzi,-0.4941621891822293,-finish_position,10.0,0.97,2024,3,Australian Grand Prix,128,2137,127
grosjean,-0.06996878990924367,-finish_position,10.0,0.97,2024,3,Australian Grand Prix,128,2137,127
hamilton,1.2944875432609837,-finish_position,10.0,0.97,2024,3,Australian Grand Prix,128,2137,127
hulkenberg,-0.617337143093642,-finish_position,10.0,0.97,2024,3,Australian Grand Prix,128,2137,127
kevin_magnussen,-0.7171260569439762,-finish_position,10.0,0.97,2024,3,Australian Grand Prix,128,2137,127
kubica,-0.4743268186284477,-finish_position,10.0,0.97,2024,3,Australian Grand Prix,128,2137,127
kvyat,0.030578716677372053,-finish_position,10.0,0.97,2024,3,Australian Grand Prix,128,2137,127
latifi,-1.3427395702837188,-finish_position,10.0,0.97,2024,3,Australian Grand Prix,128,2137,127
lawson,-0.2900332388772865,-finish_position,10.0,0.97,2024,3,Australian Grand Prix,128,2137,127
leclerc,1.6131101798864493,-finish_position,10.0,0.97,2024,3,Australian Grand Prix,128,2137,127
max_verstappen,3.1535450499104836,-finish_position,10.0,0.97,2024,3,Australian Grand Prix,128,2137,127
mazepin,-1.0430875805577278,-finish_position,10.0,0.97,2024,3,Australian Grand Prix,128,2137,127
mick_schumacher,-0.8189485875676906,-finish_position,10.0,0.97,2024,3,Australian Grand Prix,128,2137,127
norris,1.3756312565784503,-finish_position,10.0,0.97,2024,3,Australian Grand Prix,128,2137,127
ocon,0.5457131214342656,-finish_position,10.0,0.97,2024,3,Australian Grand Prix,128,2137,127
perez,1.2118419007911694,-finish_position,10.0,0.97,2024,3,Australian Grand Prix,128,2137,127
piastri,0.0721688014694199,-finish_position,10.0,0.97,2024,3,Australian Grand Prix,128,2137,127
pietro_fittipaldi,-0.11770002281537408,-finish_position,10.0,0.97,2024,3,Australian Grand Prix,128,2137,127
raikkonen,-0.07214213971578758,-finish_position,10.0,0.97,2024,3,Australian Grand Prix,128,2137,127
ricciardo,-0.7835424253404872,-finish_position,10.0,0.97,2024,3,Australian Grand Prix,128,2137,127
russell,0.2779277955469814,-finish_position,10.0,0.97,2024,3,Australian Grand Prix,128,2137,127
sainz,1.2162341417967106,-finish_position,10.0,0.97,2024,3,Australian Grand Prix,128,2137,127
sargeant,-1.3157511941409046,-finish_position,10.0,0.97,2024,3,Australian Grand Prix,128,2137,127
sirotkin,-0.11184719335601465,-finish_position,10.0,0.97,2024,3,Australian Grand Prix,128,2137,127
stroll,-0.4665650799008774,-finish_position,10.0,0.97,2024,3,Australian Grand Prix,128,2137,127
tsunoda,-0.9615704857839581,-finish_position,10.0,0.97,2024,3,Australian Grand Prix,128,2137,127
vandoorne,-0.17405850986335583,-finish_position,10.0,0.97,2024,3,Australian Grand Prix,128,2137,127
vettel,-0.5218934541055826,-finish_position,10.0,0.97,2024,3,Australian Grand Prix,128,2137,127
zhou,-1.1008308444554749,-finish_position,10.0,0.97,2024,3,Australian Grand Prix,128,2137,127
aitken,-0.038729078875593057,-finish_position,10.0,0.97,2024,4,Japanese Grand Prix,129,2153,128
albon,0.4468255008940949,-finish_position,10.0,0.97,2024,4,Japanese Grand Prix,129,2153,128
alonso,1.8089494577338223,-finish_position,10.0,0.97,2024,4,Japanese Grand Prix,129,2153,128
bearman,-0.022852690635864526,-finish_position,10.0,0.97,2024,4,Japanese Grand Prix,129,2153,128
bottas,-0.44734938510655897,-finish_position,10.0,0.97,2024,4,Japanese Grand Prix,129,2153,128
brendon_hartley,-0.10164796442520291,-finish_position,10.0,0.97,2024,4,Japanese Grand Prix,129,2153,128
de_vries,-1.2101867047458281,-finish_position,10.0,0.97,2024,4,Japanese Grand Prix,129,2153,128
ericsson,-0.010492959346986292,-finish_position,10.0,0.97,2024,4,Japanese Grand Prix,129,2153,128
gasly,0.1778921934346295,-finish_position,10.0,0.97,2024,4,Japanese Grand Prix,129,2153,128
giovinazzi,-0.5122256671143547,-finish_position,10.0,0.97,2024,4,Japanese Grand Prix,129,2153,128
grosjean,-0.09058742679477327,-finish_position,10.0,0.97,2024,4,Japanese Grand Prix,129,2153,128
hamilton,1.2796976456790938,-finish_position,10.0,0.97,2024,4,Japanese Grand Prix,129,2153,128
hulkenberg,-0.5192093329405806,-finish_position,10.0,0.97,2024,4,Japanese Grand Prix,129,2153,128
kevin_magnussen,-0.6808535224509769,-finish_position,10.0,0.97,2024,4,Japanese Grand Prix,129,2153,128
kubica,-0.4672695029795251,-finish_position,10.0,0.97,2024,4,Japanese Grand Prix,129,2153,128
kvyat,0.0299094235816387,-finish_position,10.0,0.97,2024,4,Japanese Grand Prix,129,2153,128
latifi,-1.3406397335023144,-finish_position,10.0,0.97,2024,4,Japanese Grand Prix,129,2153,128
lawson,-0.2767016154681767,-finish_position,10.0,0.97,2024,4,Japanese Grand Prix,129,2153,128
leclerc,1.6234060384849278,-finish_position,10.0,0.97,2024,4,Japanese Grand Prix,129,2153,128
max_verstappen,3.1278769793179757,-finish_position,10.0,0.97,2024,4,Japanese Grand Prix,129,2153,128
mazepin,-1.0437859842862343,-finish_position,10.0,0.97,2024,4,Japanese Grand Prix,129,2153,128
mick_schumacher,-0.8653647947995068,-finish_position,10.0,0.97,2024,4,Japanese Grand Prix,129,2153,128
norris,1.3987170754713076,-finish_position,10.0,0.97,2024,4,Japanese Grand Prix,129,2153,128
ocon,0.41864822541467167,-finish_position,10.0,0.97,2024,4,Japanese Grand Prix,129,2153,128
perez,1.1912160139674453,-finish_position,10.0,0.97,2024,4,Japanese Grand Prix,129,2153,128
piastri,0.19351419362443759,-finish_position,10.0,0.97,2024,4,Japanese Grand Prix,129,2153,128
pietro_fittipaldi,-0.11693765527052771,-finish_position,10.0,0.97,2024,4,Japanese Grand Prix,129,2153,128
raikkonen,-0.09906844447174128,-finish_position,10.0,0.97,2024,4,Japanese Grand Prix,129,2153,128
ricciardo,-0.8474378451793294,-finish_position,10.0,0.97,2024,4,Japanese Grand Prix,129,2153,128
russell,0.26702349169768763,-finish_position,10.0,0.97,2024,4,Japanese Grand Prix,129,2153,128
sainz,1.2654714960218965,-finish_position,10.0,0.97,2024,4,Japanese Grand Prix,129,2153,128
sargeant,-1.3172166456674286,-finish_position,10.0,0.97,2024,4,Japanese Grand Prix,129,2153,128
sirotkin,-0.1104367045118884,-finish_position,10.0,0.97,2024,4,Japanese Grand Prix,129,2153,128
stroll,-0.3804841981705039,-finish_position,10.0,0.97,2024,4,Japanese Grand Prix,129,2153,128
tsunoda,-0.823084826179799,-finish_position,10.0,0.97,2024,4,Japanese Grand Prix,129,2153,128
vandoorne,-0.17433304498107707,-finish_position,10.0,0.97,2024,4,Japanese Grand Prix,129,2153,128
vettel,-0.5378630179229678,-finish_position,10.0,0.97,2024,4,Japanese Grand Prix,129,2153,128
zhou,-1.194388989495887,-finish_position,10.0,0.97,2024,4,Japanese Grand Prix,129,2153,128
aitken,-0.037269849106588135,-finish_position,10.0,0.97,2024,5,Chinese Grand Prix,130,2170,129
albon,0.457147911223574,-finish_position,10.0,0.97,2024,5,Chinese Grand Prix,130,2170,129
alonso,1.883058196708967,-finish_position,10.0,0.97,2024,5,Chinese Grand Prix,130,2170,129
bearman,-0.02417661462756099,-finish_position,10.0,0.97,2024,5,Chinese Grand Prix,130,2170,129
bottas,-0.4856525580618068,-finish_position,10.0,0.97,2024,5,Chinese Grand Prix,130,2170,129
brendon_hartley,-0.09893379039669918,-finish_position,10.0,0.97,2024,5,Chinese Grand Prix,130,2170,129
de_vries,-1.18873173473042,-finish_position,10.0,0.97,2024,5,Chinese Grand Prix,130,2170,129
ericsson,-0.0068515833611809025,-finish_position,10.0,0.97,2024,5,Chinese Grand Prix,130,2170,129
gasly,0.0788623219403318,-finish_position,10.0,0.97,2024,5,Chinese Grand Prix,130,2170,129
giovinazzi,-0.5089565045336016,-finish_position,10.0,0.97,2024,5,Chinese Grand Prix,130,2170,129
grosjean,-0.096893391099867,-finish_position,10.0,0.97,2024,5,Chinese Grand Prix,130,2170,129
hamilton,1.2152801890407152,-finish_position,10.0,0.97,2024,5,Chinese Grand Prix,130,2170,129
hulkenberg,-0.45706021955337944,-finish_position,10.0,0.97,2024,5,Chinese Grand Prix,130,2170,129
kevin_magnussen,-0.6904797694972644,-finish_position,10.0,0.97,2024,5,Chinese Grand Prix,130,2170,129
kubica,-0.45304142328022257,-finish_position,10.0,0.97,2024,5,Chinese Grand Prix,130,2170,129
kvyat,0.0270954412814961,-finish_position,10.0,0.97,2024,5,Chinese Grand Prix,130,2170,129
latifi,-1.306693057211883,-finish_position,10.0,0.97,2024,5,Chinese Grand Prix,130,2170,129
lawson,-0.27407552570473587,-finish_position,10.0,0.97,2024,5,Chinese Grand Prix,130,2170,129
leclerc,1.6234703595159474,-finish_position,10.0,0.97,2024,5,Chinese Grand Prix,130,2170,129
max_verstappen,3.121733563890391,-finish_position,10.0,0.97,2024,5,Chinese Grand Prix,130,2170,129
mazepin,-1.028572304647042,-finish_position,10.0,0.97,2024,5,Chinese Grand Prix,130,2170,129
mick_schumacher,-0.874612443137331,-finish_position,10.0,0.97,2024,5,Chinese Grand Prix,130,2170,129
norris,1.4325358166096742,-finish_position,10.0,0.97,2024,5,Chinese Grand Prix,130,2170,129
ocon,0.37477232460882837,-finish_position,10.0,0.97,2024,5,Chinese Grand Prix,130,2170,129
perez,1.2278763113428102,-finish_position,10.0,0.97,2024,5,Chinese Grand Prix,130,2170,129
piastri,0.20297570222777073,-finish_position,10.0,0.97,2024,5,Chinese Grand Prix,130,2170,129
pietro_fittipaldi,-0.11451572081614421,-finish_position,10.0,0.97,2024,5,Chinese Grand Prix,130,2170,129
raikkonen,-0.10396683902635176,-finish_position,10.0,0.97,2024,5,Chinese Grand Prix,130,2170,129
ricciardo,-0.8552550417364099,-finish_position,10.0,0.97,2024,5,Chinese Grand Prix,130,2170,129
russell,0.2790408246686897,-finish_position,10.0,0.97,2024,5,Chinese Grand Prix,130,2170,129
sainz,1.304817728619035,-finish_position,10.0,0.97,2024,5,Chinese Grand Prix,130,2170,129
sargeant,-1.420367389680974,-finish_position,10.0,0.97,2024,5,Chinese Grand Prix,130,2170,129
sirotkin,-0.10595421941893059,-finish_position,10.0,0.97,2024,5,Chinese Grand Prix,130,2170,129
stroll,-0.42486526858211493,-finish_position,10.0,0.97,2024,5,Chinese Grand Prix,130,2170,129
tsunoda,-0.7938550181153633,-finish_position,10.0,0.97,2024,5,Chinese Grand Prix,130,2170,129
vandoorne,-0.17037269167377306,-finish_position,10.0,0.97,2024,5,Chinese Grand Prix,130,2170,129
vettel,-0.5212651627324509,-finish_position,10.0,0.97,2024,5,Chinese Grand Prix,130,2170,129
zhou,-1.1862485709461443,-finish_position,10.0,0.97,2024,5,Chinese Grand Prix,130,2170,129
aitken,-0.035884517220027404,-finish_position,10.0,0.97,2024,6,Miami Grand Prix,131,2187,130
albon,0.4717431040107393,-finish_position,10.0,0.97,2024,6,Miami Grand Prix,131,2187,130
alonso,1.918187967714157,-finish_position,10.0,0.97,2024,6,Miami Grand Prix,131,2187,130
bearman,-0.023526769446519175,-finish_position,10.0,0.97,2024,6,Miami Grand Prix,131,2187,130
bottas,-0.47603144430495936,-finish_position,10.0,0.97,2024,6,Miami Grand Prix,131,2187,130
brendon_hartley,-0.09620234068875497,-finish_position,10.0,0.97,2024,6,Miami Grand Prix,131,2187,130
de_vries,-1.1686847938096794,-finish_position,10.0,0.97,2024,6,Miami Grand Prix,131,2187,130
ericsson,-0.005360977354574562,-finish_position,10.0,0.97,2024,6,Miami Grand Prix,131,2187,130
gasly,0.023555517908046227,-finish_position,10.0,0.97,2024,6,Miami Grand Prix,131,2187,130
giovinazzi,-0.5046374479090499,-finish_position,10.0,0.97,2024,6,Miami Grand Prix,131,2187,130
grosjean,-0.09977625256525463,-finish_position,10.0,0.97,2024,6,Miami Grand Prix,131,2187,130
hamilton,1.150695299618953,-finish_position,10.0,0.97,2024,6,Miami Grand Prix,131,2187,130
hulkenberg,-0.35642321987531334,-finish_position,10.0,0.97,2024,6,Miami Grand Prix,131,2187,130
kevin_magnussen,-0.7785761523921921,-finish_position,10.0,0.97,2024,6,Miami Grand Prix,131,2187,130
kubica,-0.43926964540736974,-finish_position,10.0,0.97,2024,6,Miami Grand Prix,131,2187,130
kvyat,0.02409202142158272,-finish_position,10.0,0.97,2024,6,Miami Grand Prix,131,2187,130
latifi,-1.2738920326896854,-finish_position,10.0,0.97,2024,6,Miami Grand Prix,131,2187,130
lawson,-0.2725202628871166,-finish_position,10.0,0.97,2024,6,Miami Grand Prix,131,2187,130
leclerc,1.6389934498536127,-finish_position,10.0,0.97,2024,6,Miami Grand Prix,131,2187,130
max_verstappen,3.1240834422741353,-finish_position,10.0,0.97,2024,6,Miami Grand Prix,131,2187,130
mazepin,-1.0098444978136687,-finish_position,10.0,0.97,2024,6,Miami Grand Prix,131,2187,130
mick_schumacher,-0.8749743971764935,-finish_position,10.0,0.97,2024,6,Miami Grand Prix,131,2187,130
norris,1.521298684401638,-finish_position,10.0,0.97,2024,6,Miami Grand Prix,131,2187,130
ocon,0.3799290288961798,-finish_position,10.0,0.97,2024,6,Miami Grand Prix,131,2187,130
perez,1.2445121796443492,-finish_position,10.0,0.97,2024,6,Miami Grand Prix,131,2187,130
piastri,0.19589304256541795,-finish_position,10.0,0.97,2024,6,Miami Grand Prix,131,2187,130
pietro_fittipaldi,-0.11177256701225931,-finish_position,10.0,0.97,2024,6,Miami Grand Prix,131,2187,130
raikkonen,-0.10715094165404805,-finish_position,10.0,0.97,2024,6,Miami Grand Prix,131,2187,130
ricciardo,-0.863773880717002,-finish_position,10.0,0.97,2024,6,Miami Grand Prix,131,2187,130
russell,0.31600905940054186,-finish_position,10.0,0.97,2024,6,Miami Grand Prix,131,2187,130
sainz,1.3023161299880177,-finish_position,10.0,0.97,2024,6,Miami Grand Prix,131,2187,130
sargeant,-1.514022586730167,-finish_position,10.0,0.97,2024,6,Miami Grand Prix,131,2187,130
sirotkin,-0.10171833113314432,-finish_position,10.0,0.97,2024,6,Miami Grand Prix,131,2187,130
stroll,-0.5267350639540044,-finish_position,10.0,0.97,2024,6,Miami Grand Prix,131,2187,130
tsunoda,-0.7984068350419175,-finish_position,10.0,0.97,2024,6,Miami Grand Prix,131,2187,130
vandoorne,-0.16759220028524463,-finish_position,10.0,0.97,2024,6,Miami Grand Prix,131,2187,130
vettel,-0.4882373344694339,-finish_position,10.0,0.97,2024,6,Miami Grand Prix,131,2187,130
zhou,-1.216294435159475,-finish_position,10.0,0.97,2024,6,Miami Grand Prix,131,2187,130
aitken,-0.0342303197319566,-finish_position,10.0,0.97,2024,7,Emilia Romagna Grand Prix,132,2206,131
albon,0.3279231521899771,-finish_position,10.0,0.97,2024,7,Emilia Romagna Grand Prix,132,2206,131
alonso,1.9233705706402127,-finish_position,10.0,0.97,2024,7,Emilia Romagna Grand Prix,132,2206,131
bearman,-0.022371319931961266,-finish_position,10.0,0.97,2024,7,Emilia Romagna Grand Prix,132,2206,131
bottas,-0.5532137763410889,-finish_position,10.0,0.97,2024,7,Emilia Romagna Grand Prix,132,2206,131
brendon_hartley,-0.09273800520272982,-finish_position,10.0,0.97,2024,7,Emilia Romagna Grand Prix,132,2206,131
de_vries,-1.129799807704989,-finish_position,10.0,0.97,2024,7,Emilia Romagna Grand Prix,132,2206,131
ericsson,0.0034979045129538205,-finish_position,10.0,0.97,2024,7,Emilia Romagna Grand Prix,132,2206,131
gasly,0.009442611460163841,-finish_position,10.0,0.97,2024,7,Emilia Romagna Grand Prix,132,2206,131
giovinazzi,-0.505084173244377,-finish_position,10.0,0.97,2024,7,Emilia Romagna Grand Prix,132,2206,131
grosjean,-0.09359385028707161,-finish_position,10.0,0.97,2024,7,Emilia Romagna Grand Prix,132,2206,131
hamilton,1.162928407633071,-finish_position,10.0,0.97,2024,7,Emilia Romagna Grand Prix,132,2206,131
hulkenberg,-0.26489810020638316,-finish_position,10.0,0.97,2024,7,Emilia Romagna Grand Prix,132,2206,131
kevin_magnussen,-0.9161613304438928,-finish_position,10.0,0.97,2024,7,Emilia Romagna Grand Prix,132,2206,131
kubica,-0.4238423264904985,-finish_position,10.0,0.97,2024,7,Emilia Romagna Grand Prix,132,2206,131
kvyat,0.02992387001357935,-finish_position,10.0,0.97,2024,7,Emilia Romagna Grand Prix,132,2206,131
latifi,-1.2271934318417412,-finish_position,10.0,0.97,2024,7,Emilia Romagna Grand Prix,132,2206,131
lawson,-0.2546841676069845,-finish_position,10.0,0.97,2024,7,Emilia Romagna Grand Prix,132,2206,131
leclerc,1.6866358788155524,-finish_position,10.0,0.97,2024,7,Emilia Romagna Grand Prix,132,2206,131
max_verstappen,3.117642039600314,-finish_position,10.0,0.97,2024,7,Emilia Romagna Grand Prix,132,2206,131
mazepin,-0.981260687717461,-finish_position,10.0,0.97,2024,7,Emilia Romagna Grand Prix,132,2206,131
mick_schumacher,-0.8507518907162869,-finish_position,10.0,0.97,2024,7,Emilia Romagna Grand Prix,132,2206,131
norris,1.6522264137831444,-finish_position,10.0,0.97,2024,7,Emilia Romagna Grand Prix,132,2206,131
ocon,0.4032147869595593,-finish_position,10.0,0.97,2024,7,Emilia Romagna Grand Prix,132,2206,131
perez,1.25113867414571,-finish_position,10.0,0.97,2024,7,Emilia Romagna Grand Prix,132,2206,131
piastri,0.02418130658465168,-finish_position,10.0,0.97,2024,7,Emilia Romagna Grand Prix,132,2206,131
pietro_fittipaldi,-0.1080114174503136,-finish_position,10.0,0.97,2024,7,Emilia Romagna Grand Prix,132,2206,131
raikkonen,-0.11454004340142644,-finish_position,10.0,0.97,2024,7,Emilia Romagna Grand Prix,132,2206,131
ricciardo,-0.9696998725464755,-finish_position,10.0,0.97,2024,7,Emilia Romagna Grand Prix,132,2206,131
russell,0.30124733864675746,-finish_position,10.0,0.97,2024,7,Emilia Romagna Grand Prix,132,2206,131
sainz,1.3059647384921382,-finish_position,10.0,0.97,2024,7,Emilia Romagna Grand Prix,132,2206,131
sargeant,-1.4627240986923549,-finish_position,10.0,0.97,2024,7,Emilia Romagna Grand Prix,132,2206,131
sirotkin,-0.09626278596521083,-finish_position,10.0,0.97,2024,7,Emilia Romagna Grand Prix,132,2206,131
stroll,-0.6376013888753989,-finish_position,10.0,0.97,2024,7,Emilia Romagna Grand Prix,132,2206,131
tsunoda,-0.64075515564087,-finish_position,10.0,0.97,2024,7,Emilia Romagna Grand Prix,132,2206,131
vandoorne,-0.16346791899711482,-finish_position,10.0,0.97,2024,7,Emilia Romagna Grand Prix,132,2206,131
vettel,-0.4326100906356814,-finish_position,10.0,0.97,2024,7,Emilia Romagna Grand Prix,132,2206,131
zhou,-1.223841733805542,-finish_position,10.0,0.97,2024,7,Emilia Romagna Grand Prix,132,2206,131
aitken,-0.03283657447775175,-finish_position,10.0,0.97,2024,8,Monaco Grand Prix,133,2225,132
albon,0.35048918241448296,-finish_position,10.0,0.97,2024,8,Monaco Grand Prix,133,2225,132
alonso,1.7029224932115592,-finish_position,10.0,0.97,2024,8,Monaco Grand Prix,133,2225,132
bearman,-0.021237223031940956,-finish_position,10.0,0.97,2024,8,Monaco Grand Prix,133,2225,132
bottas,-0.6675703543888257,-finish_position,10.0,0.97,2024,8,Monaco Grand Prix,133,2225,132
brendon_hartley,-0.08929447056358844,-finish_position,10.0,0.97,2024,8,Monaco Grand Prix,133,2225,132
de_vries,-1.1087441426369717,-finish_position,10.0,0.97,2024,8,Monaco Grand Prix,133,2225,132
ericsson,0.014986500915603601,-finish_position,10.0,0.97,2024,8,Monaco Grand Prix,133,2225,132
gasly,-0.10335578404779548,-finish_position,10.0,0.97,2024,8,Monaco Grand Prix,133,2225,132
giovinazzi,-0.5102592247686565,-finish_position,10.0,0.97,2024,8,Monaco Grand Prix,133,2225,132
grosjean,-0.09802389965209031,-finish_position,10.0,0.97,2024,8,Monaco Grand Prix,133,2225,132
hamilton,1.1613109221089806,-finish_position,10.0,0.97,2024,8,Monaco Grand Prix,133,2225,132
hulkenberg,-0.21341788162431824,-finish_position,10.0,0.97,2024,8,Monaco Grand Prix,133,2225,132
kevin_magnussen,-0.8853998204869317,-finish_position,10.0,0.97,2024,8,Monaco Grand Prix,133,2225,132
kubica,-0.4107751878271902,-finish_position,10.0,0.97,2024,8,Monaco Grand Prix,133,2225,132
kvyat,0.029295506977509652,-finish_position,10.0,0.97,2024,8,Monaco Grand Prix,133,2225,132
latifi,-1.1901850598372956,-finish_position,10.0,0.97,2024,8,Monaco Grand Prix,133,2225,132
lawson,-0.25204145512144893,-finish_position,10.0,0.97,2024,8,Monaco Grand Prix,133,2225,132
leclerc,1.7339548340976778,-finish_position,10.0,0.97,2024,8,Monaco Grand Prix,133,2225,132
max_verstappen,3.1717004281200194,-finish_position,10.0,0.97,2024,8,Monaco Grand Prix,133,2225,132
mazepin,-0.9650579857532174,-finish_position,10.0,0.97,2024,8,Monaco Grand Prix,133,2225,132
mick_schumacher,-0.855398587319272,-finish_position,10.0,0.97,2024,8,Monaco Grand Prix,133,2225,132
norris,1.6980809027564823,-finish_position,10.0,0.97,2024,8,Monaco Grand Prix,133,2225,132
ocon,0.3445922298966003,-finish_position,10.0,0.97,2024,8,Monaco Grand Prix,133,2225,132
perez,1.1905908091850936,-finish_position,10.0,0.97,2024,8,Monaco Grand Prix,133,2225,132
piastri,0.13554016749015374,-finish_position,10.0,0.97,2024,8,Monaco Grand Prix,133,2225,132
pietro_fittipaldi,-0.1056277243451662,-finish_position,10.0,0.97,2024,8,Monaco Grand Prix,133,2225,132
raikkonen,-0.1263177546068635,-finish_position,10.0,0.97,2024,8,Monaco Grand Prix,133,2225,132
ricciardo,-1.03184403632658,-finish_position,10.0,0.97,2024,8,Monaco Grand Prix,133,2225,132
russell,0.3009615064672617,-finish_position,10.0,0.97,2024,8,Monaco Grand Prix,133,2225,132
sainz,1.306229153168576,-finish_position,10.0,0.97,2024,8,Monaco Grand Prix,133,2225,132
sargeant,-1.5429998312504938,-finish_position,10.0,0.97,2024,8,Monaco Grand Prix,133,2225,132
sirotkin,-0.09186859653837094,-finish_position,10.0,0.97,2024,8,Monaco Grand Prix,133,2225,132
stroll,-0.4757546580115205,-finish_position,10.0,0.97,2024,8,Monaco Grand Prix,133,2225,132
tsunoda,-0.6058416746006807,-finish_position,10.0,0.97,2024,8,Monaco Grand Prix,133,2225,132
vandoorne,-0.16266806284176907,-finish_position,10.0,0.97,2024,8,Monaco Grand Prix,133,2225,132
vettel,-0.35123236905873784,-finish_position,10.0,0.97,2024,8,Monaco Grand Prix,133,2225,132
zhou,-1.2429022776925263,-finish_position,10.0,0.97,2024,8,Monaco Grand Prix,133,2225,132
aitken,-0.03229665270309012,-finish_position,10.0,0.97,2024,9,Canadian Grand Prix,134,2241,133
albon,0.4235812955628411,-finish_position,10.0,0.97,2024,9,Canadian Grand Prix,134,2241,133
alonso,1.6316384765780263,-finish_position,10.0,0.97,2024,9,Canadian Grand Prix,134,2241,133
bearman,-0.025290501852936683,-finish_position,10.0,0.97,2024,9,Canadian Grand Prix,134,2241,133
bottas,-0.6713935588233344,-finish_position,10.0,0.97,2024,9,Canadian Grand Prix,134,2241,133
brendon_hartley,-0.08733264293109737,-finish_position,10.0,0.97,2024,9,Canadian Grand Prix,134,2241,133
de_vries,-1.0826193006068054,-finish_position,10.0,0.97,2024,9,Canadian Grand Prix,134,2241,133
ericsson,0.016684132801156035,-finish_position,10.0,0.97,2024,9,Canadian Grand Prix,134,2241,133
gasly,-0.10119686997962157,-finish_position,10.0,0.97,2024,9,Canadian Grand Prix,134,2241,133
giovinazzi,-0.513726988258995,-finish_position,10.0,0.97,2024,9,Canadian Grand Prix,134,2241,133
grosjean,-0.09901026838898866,-finish_position,10.0,0.97,2024,9,Canadian Grand Prix,134,2241,133
hamilton,1.1182068909727023,-finish_position,10.0,0.97,2024,9,Canadian Grand Prix,134,2241,133
hulkenberg,-0.22300375802888173,-finish_position,10.0,0.97,2024,9,Canadian Grand Prix,134,2241,133
kevin_magnussen,-0.8916335894888207,-finish_position,10.0,0.97,2024,9,Canadian Grand Prix,134,2241,133
kubica,-0.40415864317614475,-finish_position,10.0,0.97,2024,9,Canadian Grand Prix,134,2241,133
kvyat,0.028621034151849706,-finish_position,10.0,0.97,2024,9,Canadian Grand Prix,134,2241,133
latifi,-1.1906050534077974,-finish_position,10.0,0.97,2024,9,Canadian Grand Prix,134,2241,133
lawson,-0.24317778479219032,-finish_position,10.0,0.97,2024,9,Canadian Grand Prix,134,2241,133
leclerc,1.7792917355600266,-finish_position,10.0,0.97,2024,9,Canadian Grand Prix,134,2241,133
max_verstappen,3.091446185643477,-finish_position,10.0,0.97,2024,9,Canadian Grand Prix,134,2241,133
mazepin,-0.9453530068989,-finish_position,10.0,0.97,2024,9,Canadian Grand Prix,134,2241,133
mick_schumacher,-0.8509906788057062,-finish_position,10.0,0.97,2024,9,Canadian Grand Prix,134,2241,133
norris,1.6785298868621483,-finish_position,10.0,0.97,2024,9,Canadian Grand Prix,134,2241,133
ocon,0.31751788226273475,-finish_position,10.0,0.97,2024,9,Canadian Grand Prix,134,2241,133
perez,1.202884079476151,-finish_position,10.0,0.97,2024,9,Canadian Grand Prix,134,2241,133
piastri,0.29473147316529125,-finish_position,10.0,0.97,2024,9,Canadian Grand Prix,134,2241,133
pietro_fittipaldi,-0.10295972819928317,-finish_position,10.0,0.97,2024,9,Canadian Grand Prix,134,2241,133
raikkonen,-0.13834041724643795,-finish_position,10.0,0.97,2024,9,Canadian Grand Prix,134,2241,133
ricciardo,-1.0870509867657936,-finish_position,10.0,0.97,2024,9,Canadian Grand Prix,134,2241,133
russell,0.33123386598097804,-finish_position,10.0,0.97,2024,9,Canadian Grand Prix,134,2241,133
sainz,1.312101124879656,-finish_position,10.0,0.97,2024,9,Canadian Grand Prix,134,2241,133
sargeant,-1.5786755444642493,-finish_position,10.0,0.97,2024,9,Canadian Grand Prix,134,2241,133
sirotkin,-0.0910973864774906,-finish_position,10.0,0.97,2024,9,Canadian Grand Prix,134,2241,133
stroll,-0.5313713170683689,-finish_position,10.0,0.97,2024,9,Canadian Grand Prix,134,2241,133
tsunoda,-0.5280107886956533,-finish_position,10.0,0.97,2024,9,Canadian Grand Prix,134,2241,133
vandoorne,-0.16252523134951916,-finish_position,10.0,0.97,2024,9,Canadian Grand Prix,134,2241,133
vettel,-0.3259551008339654,-finish_position,10.0,0.97,2024,9,Canadian Grand Prix,134,2241,133
zhou,-1.3186922646529673,-finish_position,10.0,0.97,2024,9,Canadian Grand Prix,134,2241,133
aitken,-0.031532211234064,-finish_position,10.0,0.97,2024,10,Spanish Grand Prix,135,2256,134
albon,0.40574606073422975,-finish_position,10.0,0.97,2024,10,Spanish Grand Prix,135,2256,134
alonso,1.6196497237198568,-finish_position,10.0,0.97,2024,10,Spanish Grand Prix,135,2256,134
bearman,-0.025098422517212067,-finish_position,10.0,0.97,2024,10,Spanish Grand Prix,135,2256,134
bottas,-0.6910936431141924,-finish_position,10.0,0.97,2024,10,Spanish Grand Prix,135,2256,134
brendon_hartley,-0.08597006670770668,-finish_position,10.0,0.97,2024,10,Spanish Grand Prix,135,2256,134
de_vries,-1.0727805649504023,-finish_position,10.0,0.97,2024,10,Spanish Grand Prix,135,2256,134
ericsson,0.016025018772345318,-finish_position,10.0,0.97,2024,10,Spanish Grand Prix,135,2256,134
gasly,-0.09815167801134224,-finish_position,10.0,0.97,2024,10,Spanish Grand Prix,135,2256,134
giovinazzi,-0.516946956425365,-finish_position,10.0,0.97,2024,10,Spanish Grand Prix,135,2256,134
grosjean,-0.10714472276400612,-finish_position,10.0,0.97,2024,10,Spanish Grand Prix,135,2256,134
hamilton,1.1117622821097,-finish_position,10.0,0.97,2024,10,Spanish Grand Prix,135,2256,134
hulkenberg,-0.1964539476537992,-finish_position,10.0,0.97,2024,10,Spanish Grand Prix,135,2256,134
kevin_magnussen,-0.881071641278334,-finish_position,10.0,0.97,2024,10,Spanish Grand Prix,135,2256,134
kubica,-0.3958231739174346,-finish_position,10.0,0.97,2024,10,Spanish Grand Prix,135,2256,134
kvyat,0.02046724558657158,-finish_position,10.0,0.97,2024,10,Spanish Grand Prix,135,2256,134
latifi,-1.1799382400821297,-finish_position,10.0,0.97,2024,10,Spanish Grand Prix,135,2256,134
lawson,-0.2489788976153814,-finish_position,10.0,0.97,2024,10,Spanish Grand Prix,135,2256,134
leclerc,1.7594807040038336,-finish_position,10.0,0.97,2024,10,Spanish Grand Prix,135,2256,134
max_verstappen,3.095895224241284,-finish_position,10.0,0.97,2024,10,Spanish Grand Prix,135,2256,134
mazepin,-0.9341763061537448,-finish_position,10.0,0.97,2024,10,Spanish Grand Prix,135,2256,134
mick_schumacher,-0.8664977590636812,-finish_position,10.0,0.97,2024,10,Spanish Grand Prix,135,2256,134
norris,1.740802216450896,-finish_position,10.0,0.97,2024,10,Spanish Grand Prix,135,2256,134
ocon,0.2825363309328448,-finish_position,10.0,0.97,2024,10,Spanish Grand Prix,135,2256,134
perez,1.1773636745270164,-finish_position,10.0,0.97,2024,10,Spanish Grand Prix,135,2256,134
piastri,0.36566090960367215,-finish_position,10.0,0.97,2024,10,Spanish Grand Prix,135,2256,134
pietro_fittipaldi,-0.1011949503844714,-finish_position,10.0,0.97,2024,10,Spanish Grand Prix,135,2256,134
raikkonen,-0.1485371767592348,-finish_position,10.0,0.97,2024,10,Spanish Grand Prix,135,2256,134
ricciardo,-1.0030796940421107,-finish_position,10.0,0.97,2024,10,Spanish Grand Prix,135,2256,134
russell,0.3826575221608035,-finish_position,10.0,0.97,2024,10,Spanish Grand Prix,135,2256,134
sainz,1.293305920385751,-finish_position,10.0,0.97,2024,10,Spanish Grand Prix,135,2256,134
sargeant,-1.569711595399163,-finish_position,10.0,0.97,2024,10,Spanish Grand Prix,135,2256,134
sirotkin,-0.0893183259925194,-finish_position,10.0,0.97,2024,10,Spanish Grand Prix,135,2256,134
stroll,-0.49770434631981,-finish_position,10.0,0.97,2024,10,Spanish Grand Prix,135,2256,134
tsunoda,-0.6476113968368206,-finish_position,10.0,0.97,2024,10,Spanish Grand Prix,135,2256,134
vandoorne,-0.16036817504340226,-finish_position,10.0,0.97,2024,10,Spanish Grand Prix,135,2256,134
vettel,-0.3521318106935668,-finish_position,10.0,0.97,2024,10,Spanish Grand Prix,135,2256,134
zhou,-1.3700371302689154,-finish_position,10.0,0.97,2024,10,Spanish Grand Prix,135,2256,134
aitken,-0.029244364585204484,-finish_position,10.0,0.97,2024,11,Austrian Grand Prix,136,2276,135
albon,0.3204660304286418,-finish_position,10.0,0.97,2024,11,Austrian Grand Prix,136,2276,135
alonso,1.5524176406860974,-finish_position,10.0,0.97,2024,11,Austrian Grand Prix,136,2276,135
bearman,-0.021286956785651318,-finish_position,10.0,0.97,2024,11,Austrian Grand Prix,136,2276,135
bottas,-0.7469178410278353,-finish_position,10.0,0.97,2024,11,Austrian Grand Prix,136,2276,135
brendon_hartley,-0.08210289650292217,-finish_position,10.0,0.97,2024,11,Austrian Grand Prix,136,2276,135
de_vries,-1.0581538176550842,-finish_position,10.0,0.97,2024,11,Austrian Grand Prix,136,2276,135
ericsson,0.01861931817281106,-finish_position,10.0,0.97,2024,11,Austrian Grand Prix,136,2276,135
gasly,-0.08300660975669369,-finish_position,10.0,0.97,2024,11,Austrian Grand Prix,136,2276,135
giovinazzi,-0.5055417640974538,-finish_position,10.0,0.97,2024,11,Austrian Grand Prix,136,2276,135
grosjean,-0.10206921892456804,-finish_position,10.0,0.97,2024,11,Austrian Grand Prix,136,2276,135
hamilton,1.1621306348947544,-finish_position,10.0,0.97,2024,11,Austrian Grand Prix,136,2276,135
hulkenberg,-0.11980394024130617,-finish_position,10.0,0.97,2024,11,Austrian Grand Prix,136,2276,135
kevin_magnussen,-0.9628756226127919,-finish_position,10.0,0.97,2024,11,Austrian Grand Prix,136,2276,135
kubica,-0.37444750208637056,-finish_position,10.0,0.97,2024,11,Austrian Grand Prix,136,2276,135
kvyat,0.018202788748555236,-finish_position,10.0,0.97,2024,11,Austrian Grand Prix,136,2276,135
latifi,-1.0955550542661876,-finish_position,10.0,0.97,2024,11,Austrian Grand Prix,136,2276,135
lawson,-0.2535527984771237,-finish_position,10.0,0.97,2024,11,Austrian Grand Prix,136,2276,135
leclerc,1.7746550891315964,-finish_position,10.0,0.97,2024,11,Austrian Grand Prix,136,2276,135
max_verstappen,3.1534399324394107,-finish_position,10.0,0.97,2024,11,Austrian Grand Prix,136,2276,135
mazepin,-0.9083274439043434,-finish_position,10.0,0.97,2024,11,Austrian Grand Prix,136,2276,135
mick_schumacher,-0.8450403217802531,-finish_position,10.0,0.97,2024,11,Austrian Grand Prix,136,2276,135
norris,1.818122199608859,-finish_position,10.0,0.97,2024,11,Austrian Grand Prix,136,2276,135
ocon,0.26514964250220363,-finish_position,10.0,0.97,2024,11,Austrian Grand Prix,136,2276,135
perez,1.11774877607912,-finish_position,10.0,0.97,2024,11,Austrian Grand Prix,136,2276,135
piastri,0.37791464635319116,-finish_position,10.0,0.97,2024,11,Austrian Grand Prix,136,2276,135
pietro_fittipaldi,-0.09789232072672487,-finish_position,10.0,0.97,2024,11,Austrian Grand Prix,136,2276,135
raikkonen,-0.14353498344570795,-finish_position,10.0,0.97,2024,11,Austrian Grand Prix,136,2276,135
ricciardo,-1.0256802745032934,-finish_position,10.0,0.97,2024,11,Austrian Grand Prix,136,2276,135
russell,0.4495593376432885,-finish_position,10.0,0.97,2024,11,Austrian Grand Prix,136,2276,135
sainz,1.293475121463808,-finish_position,10.0,0.97,2024,11,Austrian Grand Prix,136,2276,135
sargeant,-1.701023439700846,-finish_position,10.0,0.97,2024,11,Austrian Grand Prix,136,2276,135
sirotkin,-0.08087995339681484,-finish_position,10.0,0.97,2024,11,Austrian Grand Prix,136,2276,135
stroll,-0.5165834424330729,-finish_position,10.0,0.97,2024,11,Austrian Grand Prix,136,2276,135
tsunoda,-0.7961873558703068,-finish_position,10.0,0.97,2024,11,Austrian Grand Prix,136,2276,135
vandoorne,-0.15713100193602472,-finish_position,10.0,0.97,2024,11,Austrian Grand Prix,136,2276,135
vettel,-0.2978860460294681,-finish_position,10.0,0.97,2024,11,Austrian Grand Prix,136,2276,135
zhou,-1.3171761874062704,-finish_position,10.0,0.97,2024,11,Austrian Grand Prix,136,2276,135
aitken,-0.027540804051567815,-finish_position,10.0,0.97,2024,12,British Grand Prix,137,2296,136
albon,0.30346601004983614,-finish_position,10.0,0.97,2024,12,British Grand Prix,137,2296,136
alonso,1.3692358722838887,-finish_position,10.0,0.97,2024,12,British Grand Prix,137,2296,136
bearman,-0.01628772965722426,-finish_position,10.0,0.97,2024,12,British Grand Prix,137,2296,136
bottas,-0.7958285189904817,-finish_position,10.0,0.97,2024,12,British Grand Prix,137,2296,136
brendon_hartley,-0.07893577258330609,-finish_position,10.0,0.97,2024,12,British Grand Prix,137,2296,136
de_vries,-1.0357185637345037,-finish_position,10.0,0.97,2024,12,British Grand Prix,137,2296,136
ericsson,0.024120314295314856,-finish_position,10.0,0.97,2024,12,British Grand Prix,137,2296,136
gasly,-0.08236697237829069,-finish_position,10.0,0.97,2024,12,British Grand Prix,137,2296,136
giovinazzi,-0.5064802657475392,-finish_position,10.0,0.97,2024,12,British Grand Prix,137,2296,136
grosjean,-0.11954981133568278,-finish_position,10.0,0.97,2024,12,British Grand Prix,137,2296,136
hamilton,1.158725149313342,-finish_position,10.0,0.97,2024,12,British Grand Prix,137,2296,136
hulkenberg,0.025121852396089488,-finish_position,10.0,0.97,2024,12,British Grand Prix,137,2296,136
kevin_magnussen,-0.8823642455332442,-finish_position,10.0,0.97,2024,12,British Grand Prix,137,2296,136
kubica,-0.358604267176796,-finish_position,10.0,0.97,2024,12,British Grand Prix,137,2296,136
kvyat,0.018299569743932247,-finish_position,10.0,0.97,2024,12,British Grand Prix,137,2296,136
latifi,-1.0364905020214465,-finish_position,10.0,0.97,2024,12,British Grand Prix,137,2296,136
lawson,-0.2499013499581397,-finish_position,10.0,0.97,2024,12,British Grand Prix,137,2296,136
leclerc,1.648153259584459,-finish_position,10.0,0.97,2024,12,British Grand Prix,137,2296,136
max_verstappen,3.1264359224604172,-finish_position,10.0,0.97,2024,12,British Grand Prix,137,2296,136
mazepin,-0.9085726819604099,-finish_position,10.0,0.97,2024,12,British Grand Prix,137,2296,136
mick_schumacher,-0.8875015659704972,-finish_position,10.0,0.97,2024,12,British Grand Prix,137,2296,136
norris,1.5340700455761418,-finish_position,10.0,0.97,2024,12,British Grand Prix,137,2296,136
ocon,0.1985530172478554,-finish_position,10.0,0.97,2024,12,British Grand Prix,137,2296,136
perez,1.09993401206632,-finish_position,10.0,0.97,2024,12,British Grand Prix,137,2296,136
piastri,0.6268849058830023,-finish_position,10.0,0.97,2024,12,British Grand Prix,137,2296,136
pietro_fittipaldi,-0.09733442901140747,-finish_position,10.0,0.97,2024,12,British Grand Prix,137,2296,136
raikkonen,-0.14960015591924528,-finish_position,10.0,0.97,2024,12,British Grand Prix,137,2296,136
ricciardo,-0.9098419606082032,-finish_position,10.0,0.97,2024,12,British Grand Prix,137,2296,136
russell,0.5635630015792162,-finish_position,10.0,0.97,2024,12,British Grand Prix,137,2296,136
sainz,1.3939793050496327,-finish_position,10.0,0.97,2024,12,British Grand Prix,137,2296,136
sargeant,-1.8045997174554915,-finish_position,10.0,0.97,2024,12,British Grand Prix,137,2296,136
sirotkin,-0.07492716388964467,-finish_position,10.0,0.97,2024,12,British Grand Prix,137,2296,136
stroll,-0.46141647677393255,-finish_position,10.0,0.97,2024,12,British Grand Prix,137,2296,136
tsunoda,-0.8623640147840665,-finish_position,10.0,0.97,2024,12,British Grand Prix,137,2296,136
vandoorne,-0.1497388206765312,-finish_position,10.0,0.97,2024,12,British Grand Prix,137,2296,136
vettel,-0.2192809497224406,-finish_position,10.0,0.97,2024,12,British Grand Prix,137,2296,136
zhou,-1.3752954975893619,-finish_position,10.0,0.97,2024,12,British Grand Prix,137,2296,136
aitken,-0.027546705206863243,-finish_position,10.0,0.97,2024,13,Hungarian Grand Prix,138,2314,137
albon,0.35471390391778107,-finish_position,10.0,0.97,2024,13,Hungarian Grand Prix,138,2314,137
alonso,1.3606675232660024,-finish_position,10.0,0.97,2024,13,Hungarian Grand Prix,138,2314,137
bearman,-0.009946329201838388,-finish_position,10.0,0.97,2024,13,Hungarian Grand Prix,138,2314,137
bottas,-0.8220942116008861,-finish_position,10.0,0.97,2024,13,Hungarian Grand Prix,138,2314,137
brendon_hartley,-0.07667418532884114,-finish_position,10.0,0.97,2024,13,Hungarian Grand Prix,138,2314,137
de_vries,-1.0115513424716902,-finish_position,10.0,0.97,2024,13,Hungarian Grand Prix,138,2314,137
ericsson,0.027818388711666326,-finish_position,10.0,0.97,2024,13,Hungarian Grand Prix,138,2314,137
gasly,-0.053224604948884605,-finish_position,10.0,0.97,2024,13,Hungarian Grand Prix,138,2314,137
giovinazzi,-0.5106376470896551,-finish_position,10.0,0.97,2024,13,Hungarian Grand Prix,138,2314,137
grosjean,-0.1317637201830408,-finish_position,10.0,0.97,2024,13,Hungarian Grand Prix,138,2314,137
hamilton,1.237621553144564,-finish_position,10.0,0.97,2024,13,Hungarian Grand Prix,138,2314,137
hulkenberg,0.16941981745914647,-finish_position,10.0,0.97,2024,13,Hungarian Grand Prix,138,2314,137
kevin_magnussen,-0.9052382839713029,-finish_position,10.0,0.97,2024,13,Hungarian Grand Prix,138,2314,137
kubica,-0.3564511559410807,-finish_position,10.0,0.97,2024,13,Hungarian Grand Prix,138,2314,137
kvyat,0.018999758786945407,-finish_position,10.0,0.97,2024,13,Hungarian Grand Prix,138,2314,137
latifi,-1.059089068480694,-finish_position,10.0,0.97,2024,13,Hungarian Grand Prix,138,2314,137
lawson,-0.24109222859335935,-finish_position,10.0,0.97,2024,13,Hungarian Grand Prix,138,2314,137
leclerc,1.4665491315495633,-finish_position,10.0,0.97,2024,13,Hungarian Grand Prix,138,2314,137
max_verstappen,3.2286534236753517,-finish_position,10.0,0.97,2024,13,Hungarian Grand Prix,138,2314,137
mazepin,-0.9032652743767864,-finish_position,10.0,0.97,2024,13,Hungarian Grand Prix,138,2314,137
mick_schumacher,-0.9160403776663724,-finish_position,10.0,0.97,2024,13,Hungarian Grand Prix,138,2314,137
norris,1.562396737776493,-finish_position,10.0,0.97,2024,13,Hungarian Grand Prix,138,2314,137
ocon,0.06996593678008109,-finish_position,10.0,0.97,2024,13,Hungarian Grand Prix,138,2314,137
perez,0.8706014221425616,-finish_position,10.0,0.97,2024,13,Hungarian Grand Prix,138,2314,137
piastri,0.698920801670417,-finish_position,10.0,0.97,2024,13,Hungarian Grand Prix,138,2314,137
pietro_fittipaldi,-0.0962625345850333,-finish_position,10.0,0.97,2024,13,Hungarian Grand Prix,138,2314,137
raikkonen,-0.1581377838347079,-finish_position,10.0,0.97,2024,13,Hungarian Grand Prix,138,2314,137
ricciardo,-0.961380752466253,-finish_position,10.0,0.97,2024,13,Hungarian Grand Prix,138,2314,137
russell,0.5352135739765657,-finish_position,10.0,0.97,2024,13,Hungarian Grand Prix,138,2314,137
sainz,1.44764246561612,-finish_position,10.0,0.97,2024,13,Hungarian Grand Prix,138,2314,137
sargeant,-1.6951522649840287,-finish_position,10.0,0.97,2024,13,Hungarian Grand Prix,138,2314,137
sirotkin,-0.0763585303522055,-finish_position,10.0,0.97,2024,13,Hungarian Grand Prix,138,2314,137
stroll,-0.3950386844249863,-finish_position,10.0,0.97,2024,13,Hungarian Grand Prix,138,2314,137
tsunoda,-0.8081125883892317,-finish_position,10.0,0.97,2024,13,Hungarian Grand Prix,138,2314,137
vandoorne,-0.14831856684821534,-finish_position,10.0,0.97,2024,13,Hungarian Grand Prix,138,2314,137
vettel,-0.2177125989415541,-finish_position,10.0,0.97,2024,13,Hungarian Grand Prix,138,2314,137
zhou,-1.468094998585738,-finish_position,10.0,0.97,2024,13,Hungarian Grand Prix,138,2314,137
aitken,-0.026433421358451423,-finish_position,10.0,0.97,2024,14,Belgian Grand Prix,139,2333,138
albon,0.33008387633327474,-finish_position,10.0,0.97,2024,14,Belgian Grand Prix,139,2333,138
alonso,1.3174356104277107,-finish_position,10.0,0.97,2024,14,Belgian Grand Prix,139,2333,138
bearman,-0.00903445772617484,-finish_position,10.0,0.97,2024,14,Belgian Grand Prix,139,2333,138
bottas,-0.8438533340207156,-finish_position,10.0,0.97,2024,14,Belgian Grand Prix,139,2333,138
brendon_hartley,-0.07404785726616629,-finish_position,10.0,0.97,2024,14,Belgian Grand Prix,139,2333,138
de_vries,-0.981937909971505,-finish_position,10.0,0.97,2024,14,Belgian Grand Prix,139,2333,138
ericsson,0.032974958226867364,-finish_position,10.0,0.97,2024,14,Belgian Grand Prix,139,2333,138
gasly,-0.013787386231406925,-finish_position,10.0,0.97,2024,14,Belgian Grand Prix,139,2333,138
giovinazzi,-0.5124183808823346,-finish_position,10.0,0.97,2024,14,Belgian Grand Prix,139,2333,138
grosjean,-0.12620153345081758,-finish_position,10.0,0.97,2024,14,Belgian Grand Prix,139,2333,138
hamilton,1.3079365357272703,-finish_position,10.0,0.97,2024,14,Belgian Grand Prix,139,2333,138
hulkenberg,0.15603100240459863,-finish_position,10.0,0.97,2024,14,Belgian Grand Prix,139,2333,138
kevin_magnussen,-0.9329612107788762,-finish_position,10.0,0.97,2024,14,Belgian Grand Prix,139,2333,138
kubica,-0.34536552266292875,-finish_position,10.0,0.97,2024,14,Belgian Grand Prix,139,2333,138
kvyat,0.021751654863317968,-finish_position,10.0,0.97,2024,14,Belgian Grand Prix,139,2333,138
latifi,-1.0259984242769447,-finish_position,10.0,0.97,2024,14,Belgian Grand Prix,139,2333,138
lawson,-0.22971870317677862,-finish_position,10.0,0.97,2024,14,Belgian Grand Prix,139,2333,138
leclerc,1.4992711016774547,-finish_position,10.0,0.97,2024,14,Belgian Grand Prix,139,2333,138
max_verstappen,3.1930594781175192,-finish_position,10.0,0.97,2024,14,Belgian Grand Prix,139,2333,138
mazepin,-0.8780694228636886,-finish_position,10.0,0.97,2024,14,Belgian Grand Prix,139,2333,138
mick_schumacher,-0.8936355391191596,-finish_position,10.0,0.97,2024,14,Belgian Grand Prix,139,2333,138
norris,1.59018459493715,-finish_position,10.0,0.97,2024,14,Belgian Grand Prix,139,2333,138
ocon,-0.09367750775563782,-finish_position,10.0,0.97,2024,14,Belgian Grand Prix,139,2333,138
perez,0.8558752639284625,-finish_position,10.0,0.97,2024,14,Belgian Grand Prix,139,2333,138
piastri,0.8416237538756335,-finish_position,10.0,0.97,2024,14,Belgian Grand Prix,139,2333,138
pietro_fittipaldi,-0.09315867651803675,-finish_position,10.0,0.97,2024,14,Belgian Grand Prix,139,2333,138
raikkonen,-0.1663421129570513,-finish_position,10.0,0.97,2024,14,Belgian Grand Prix,139,2333,138
ricciardo,-1.0001095457580498,-finish_position,10.0,0.97,2024,14,Belgian Grand Prix,139,2333,138
russell,0.4992602544740407,-finish_position,10.0,0.97,2024,14,Belgian Grand Prix,139,2333,138
sainz,1.4218431003450034,-finish_position,10.0,0.97,2024,14,Belgian Grand Prix,139,2333,138
sargeant,-1.74967390499472,-finish_position,10.0,0.97,2024,14,Belgian Grand Prix,139,2333,138
sirotkin,-0.07287030509969167,-finish_position,10.0,0.97,2024,14,Belgian Grand Prix,139,2333,138
stroll,-0.35477365691480117,-finish_position,10.0,0.97,2024,14,Belgian Grand Prix,139,2333,138
tsunoda,-0.7373185697551952,-finish_position,10.0,0.97,2024,14,Belgian Grand Prix,139,2333,138
vandoorne,-0.14789197336813992,-finish_position,10.0,0.97,2024,14,Belgian Grand Prix,139,2333,138
vettel,-0.19733283030613144,-finish_position,10.0,0.97,2024,14,Belgian Grand Prix,139,2333,138
zhou,-1.560718998124896,-finish_position,10.0,0.97,2024,14,Belgian Grand Prix,139,2333,138
aitken,-0.025578157695210078,-finish_position,10.0,0.97,2024,15,Dutch Grand Prix,140,2351,139
albon,0.3485788569913108,-finish_position,10.0,0.97,2024,15,Dutch Grand Prix,140,2351,139
alonso,1.321858102276231,-finish_position,10.0,0.97,2024,15,Dutch Grand Prix,140,2351,139
bearman,-0.009170829072027972,-finish_position,10.0,0.97,2024,15,Dutch Grand Prix,140,2351,139
bottas,-0.8767265781381324,-finish_position,10.0,0.97,2024,15,Dutch Grand Prix,140,2351,139
brendon_hartley,-0.07203195990257695,-finish_position,10.0,0.97,2024,15,Dutch Grand Prix,140,2351,139
de_vries,-0.9734705133521594,-finish_position,10.0,0.97,2024,15,Dutch Grand Prix,140,2351,139
ericsson,0.03222781936494149,-finish_position,10.0,0.97,2024,15,Dutch Grand Prix,140,2351,139
gasly,-0.0860776263466359,-finish_position,10.0,0.97,2024,15,Dutch Grand Prix,140,2351,139
giovinazzi,-0.5062843738762128,-finish_position,10.0,0.97,2024,15,Dutch Grand Prix,140,2351,139
grosjean,-0.11510978711776856,-finish_position,10.0,0.97,2024,15,Dutch Grand Prix,140,2351,139
hamilton,1.3881460544695823,-finish_position,10.0,0.97,2024,15,Dutch Grand Prix,140,2351,139
hulkenberg,0.013495779090717471,-finish_position,10.0,0.97,2024,15,Dutch Grand Prix,140,2351,139
kevin_magnussen,-0.9015867485748129,-finish_position,10.0,0.97,2024,15,Dutch Grand Prix,140,2351,139
kubica,-0.3357101764537402,-finish_position,10.0,0.97,2024,15,Dutch Grand Prix,140,2351,139
kvyat,0.015691097274944863,-finish_position,10.0,0.97,2024,15,Dutch Grand Prix,140,2351,139
latifi,-1.0046027551488883,-finish_position,10.0,0.97,2024,15,Dutch Grand Prix,140,2351,139
lawson,-0.23615141768569428,-finish_position,10.0,0.97,2024,15,Dutch Grand Prix,140,2351,139
leclerc,1.5439872425247139,-finish_position,10.0,0.97,2024,15,Dutch Grand Prix,140,2351,139
max_verstappen,3.1726221499176708,-finish_position,10.0,0.97,2024,15,Dutch Grand Prix,140,2351,139
mazepin,-0.8468864679250508,-finish_position,10.0,0.97,2024,15,Dutch Grand Prix,140,2351,139
mick_schumacher,-0.8547998039213883,-finish_position,10.0,0.97,2024,15,Dutch Grand Prix,140,2351,139
norris,1.5793857540618084,-finish_position,10.0,0.97,2024,15,Dutch Grand Prix,140,2351,139
ocon,-0.040393307671250905,-finish_position,10.0,0.97,2024,15,Dutch Grand Prix,140,2351,139
perez,0.8317321057297462,-finish_position,10.0,0.97,2024,15,Dutch Grand Prix,140,2351,139
piastri,0.9735578042670212,-finish_position,10.0,0.97,2024,15,Dutch Grand Prix,140,2351,139
pietro_fittipaldi,-0.08947925219675713,-finish_position,10.0,0.97,2024,15,Dutch Grand Prix,140,2351,139
raikkonen,-0.16741361135878613,-finish_position,10.0,0.97,2024,15,Dutch Grand Prix,140,2351,139
ricciardo,-0.9410727483260086,-finish_position,10.0,0.97,2024,15,Dutch Grand Prix,140,2351,139
russell,0.4869895044274054,-finish_position,10.0,0.97,2024,15,Dutch Grand Prix,140,2351,139
sainz,1.3889144264841264,-finish_position,10.0,0.97,2024,15,Dutch Grand Prix,140,2351,139
sargeant,-1.8150596509041983,-finish_position,10.0,0.97,2024,15,Dutch Grand Prix,140,2351,139
sirotkin,-0.07047100218329505,-finish_position,10.0,0.97,2024,15,Dutch Grand Prix,140,2351,139
stroll,-0.37388917580961994,-finish_position,10.0,0.97,2024,15,Dutch Grand Prix,140,2351,139
tsunoda,-0.8636433803795317,-finish_position,10.0,0.97,2024,15,Dutch Grand Prix,140,2351,139
vandoorne,-0.14558887776564894,-finish_position,10.0,0.97,2024,15,Dutch Grand Prix,140,2351,139
vettel,-0.195521490939104,-finish_position,10.0,0.97,2024,15,Dutch Grand Prix,140,2351,139
zhou,-1.5504670041357327,-finish_position,10.0,0.97,2024,15,Dutch Grand Prix,140,2351,139
aitken,-0.024561599241709153,-finish_position,10.0,0.97,2024,16,Italian Grand Prix,141,2371,140
albon,0.3235794442556676,-finish_position,10.0,0.97,2024,16,Italian Grand Prix,141,2371,140
alonso,1.3113083780109593,-finish_position,10.0,0.97,2024,16,Italian Grand Prix,141,2371,140
bearman,-0.008810256887959651,-finish_position,10.0,0.97,2024,16,Italian Grand Prix,141,2371,140
bottas,-0.9304556035454379,-finish_position,10.0,0.97,2024,16,Italian Grand Prix,141,2371,140
brendon_hartley,-0.06894338824107783,-finish_position,10.0,0.97,2024,16,Italian Grand Prix,141,2371,140
de_vries,-0.954496027684471,-finish_position,10.0,0.97,2024,16,Italian Grand Prix,141,2371,140
ericsson,0.0397962504726903,-finish_position,10.0,0.97,2024,16,Italian Grand Prix,141,2371,140
gasly,-0.03482395680586156,-finish_position,10.0,0.97,2024,16,Italian Grand Prix,141,2371,140
giovinazzi,-0.5071542612409354,-finish_position,10.0,0.97,2024,16,Italian Grand Prix,141,2371,140
grosjean,-0.1086824176819896,-finish_position,10.0,0.97,2024,16,Italian Grand Prix,141,2371,140
hamilton,1.3551718554272512,-finish_position,10.0,0.97,2024,16,Italian Grand Prix,141,2371,140
hulkenberg,0.07874817592194834,-finish_position,10.0,0.97,2024,16,Italian Grand Prix,141,2371,140
kevin_magnussen,-1.004182473925626,-finish_position,10.0,0.97,2024,16,Italian Grand Prix,141,2371,140
kubica,-0.3253619375911458,-finish_position,10.0,0.97,2024,16,Italian Grand Prix,141,2371,140
kvyat,0.01600106159654627,-finish_position,10.0,0.97,2024,16,Italian Grand Prix,141,2371,140
latifi,-0.9736744523315946,-finish_position,10.0,0.97,2024,16,Italian Grand Prix,141,2371,140
lawson,-0.23360315209702612,-finish_position,10.0,0.97,2024,16,Italian Grand Prix,141,2371,140
leclerc,1.5947156410745764,-finish_position,10.0,0.97,2024,16,Italian Grand Prix,141,2371,140
max_verstappen,3.191944897556496,-finish_position,10.0,0.97,2024,16,Italian Grand Prix,141,2371,140
mazepin,-0.821430641919559,-finish_position,10.0,0.97,2024,16,Italian Grand Prix,141,2371,140
mick_schumacher,-0.82926417536811,-finish_position,10.0,0.97,2024,16,Italian Grand Prix,141,2371,140
norris,1.6660031240646027,-finish_position,10.0,0.97,2024,16,Italian Grand Prix,141,2371,140
ocon,-0.1423921517869613,-finish_position,10.0,0.97,2024,16,Italian Grand Prix,141,2371,140
perez,0.8277007270902287,-finish_position,10.0,0.97,2024,16,Italian Grand Prix,141,2371,140
piastri,1.0337778512220965,-finish_position,10.0,0.97,2024,16,Italian Grand Prix,141,2371,140
pietro_fittipaldi,-0.08642138338743602,-finish_position,10.0,0.97,2024,16,Italian Grand Prix,141,2371,140
raikkonen,-0.17479991785042773,-finish_position,10.0,0.97,2024,16,Italian Grand Prix,141,2371,140
ricciardo,-0.9017663550179268,-finish_position,10.0,0.97,2024,16,Italian Grand Prix,141,2371,140
russell,0.4994753949164191,-finish_position,10.0,0.97,2024,16,Italian Grand Prix,141,2371,140
sainz,1.3891672079042503,-finish_position,10.0,0.97,2024,16,Italian Grand Prix,141,2371,140
sargeant,-1.8239331584077443,-finish_position,10.0,0.97,2024,16,Italian Grand Prix,141,2371,140
sirotkin,-0.06731897816112407,-finish_position,10.0,0.97,2024,16,Italian Grand Prix,141,2371,140
stroll,-0.398662410535897,-finish_position,10.0,0.97,2024,16,Italian Grand Prix,141,2371,140
tsunoda,-0.9599961979934628,-finish_position,10.0,0.97,2024,16,Italian Grand Prix,141,2371,140
vandoorne,-0.14323518654420275,-finish_position,10.0,0.97,2024,16,Italian Grand Prix,141,2371,140
vettel,-0.17084114191654634,-finish_position,10.0,0.97,2024,16,Italian Grand Prix,141,2371,140
zhou,-1.632578783349484,-finish_position,10.0,0.97,2024,16,Italian Grand Prix,141,2371,140
aitken,-0.02434496713363954,-finish_position,10.0,0.97,2024,17,Azerbaijan Grand Prix,142,2390,141
albon,0.38096109720478927,-finish_position,10.0,0.97,2024,17,Azerbaijan Grand Prix,142,2390,141
alonso,1.324103452994029,-finish_position,10.0,0.97,2024,17,Azerbaijan Grand Prix,142,2390,141
bearman,-0.01084328985795983,-finish_position,10.0,0.97,2024,17,Azerbaijan Grand Prix,142,2390,141
bottas,-0.9450923945873138,-finish_position,10.0,0.97,2024,17,Azerbaijan Grand Prix,142,2390,141
brendon_hartley,-0.06669151819390347,-finish_position,10.0,0.97,2024,17,Azerbaijan Grand Prix,142,2390,141
colapinto,0.07126387838008781,-finish_position,10.0,0.97,2024,17,Azerbaijan Grand Prix,142,2390,141
de_vries,-0.9375090675552284,-finish_position,10.0,0.97,2024,17,Azerbaijan Grand Prix,142,2390,141
ericsson,0.041835037816485704,-finish_position,10.0,0.97,2024,17,Azerbaijan Grand Prix,142,2390,141
gasly,-0.10478979299484308,-finish_position,10.0,0.97,2024,17,Azerbaijan Grand Prix,142,2390,141
giovinazzi,-0.503873099818225,-finish_position,10.0,0.97,2024,17,Azerbaijan Grand Prix,142,2390,141
grosjean,-0.10453476572136795,-finish_position,10.0,0.97,2024,17,Azerbaijan Grand Prix,142,2390,141
hamilton,1.3713907518886856,-finish_position,10.0,0.97,2024,17,Azerbaijan Grand Prix,142,2390,141
hulkenberg,-0.05175144570969301,-finish_position,10.0,0.97,2024,17,Azerbaijan Grand Prix,142,2390,141
kevin_magnussen,-0.8884125171815049,-finish_position,10.0,0.97,2024,17,Azerbaijan Grand Prix,142,2390,141
kubica,-0.3210874991144886,-finish_position,10.0,0.97,2024,17,Azerbaijan Grand Prix,142,2390,141
kvyat,0.014780921815050752,-finish_position,10.0,0.97,2024,17,Azerbaijan Grand Prix,142,2390,141
latifi,-0.9836165844301896,-finish_position,10.0,0.97,2024,17,Azerbaijan Grand Prix,142,2390,141
lawson,-0.23084526789164206,-finish_position,10.0,0.97,2024,17,Azerbaijan Grand Prix,142,2390,141
leclerc,1.6645912034003065,-finish_position,10.0,0.97,2024,17,Azerbaijan Grand Prix,142,2390,141
max_verstappen,3.1497822468936505,-finish_position,10.0,0.97,2024,17,Azerbaijan Grand Prix,142,2390,141
mazepin,-0.7989149110925036,-finish_position,10.0,0.97,2024,17,Azerbaijan Grand Prix,142,2390,141
mick_schumacher,-0.8100615754532691,-finish_position,10.0,0.97,2024,17,Azerbaijan Grand Prix,142,2390,141
norris,1.6801695410570372,-finish_position,10.0,0.97,2024,17,Azerbaijan Grand Prix,142,2390,141
ocon,-0.16243416960971496,-finish_position,10.0,0.97,2024,17,Azerbaijan Grand Prix,142,2390,141
perez,0.8039199399154991,-finish_position,10.0,0.97,2024,17,Azerbaijan Grand Prix,142,2390,141
piastri,1.133514116965926,-finish_position,10.0,0.97,2024,17,Azerbaijan Grand Prix,142,2390,141
pietro_fittipaldi,-0.08368860008729108,-finish_position,10.0,0.97,2024,17,Azerbaijan Grand Prix,142,2390,141
raikkonen,-0.17910595408829005,-finish_position,10.0,0.97,2024,17,Azerbaijan Grand Prix,142,2390,141
ricciardo,-0.9378140270834693,-finish_position,10.0,0.97,2024,17,Azerbaijan Grand Prix,142,2390,141
russell,0.48129180068315636,-finish_position,10.0,0.97,2024,17,Azerbaijan Grand Prix,142,2390,141
sainz,1.386688931882528,-finish_position,10.0,0.97,2024,17,Azerbaijan Grand Prix,142,2390,141
sargeant,-1.8453736903645497,-finish_position,10.0,0.97,2024,17,Azerbaijan Grand Prix,142,2390,141
sirotkin,-0.06764329621927809,-finish_position,10.0,0.97,2024,17,Azerbaijan Grand Prix,142,2390,141
stroll,-0.5354295273428047,-finish_position,10.0,0.97,2024,17,Azerbaijan Grand Prix,142,2390,141
tsunoda,-0.9501403977625424,-finish_position,10.0,0.97,2024,17,Azerbaijan Grand Prix,142,2390,141
vandoorne,-0.14171148410969156,-finish_position,10.0,0.97,2024,17,Azerbaijan Grand Prix,142,2390,141
vettel,-0.130373010786556,-finish_position,10.0,0.97,2024,17,Azerbaijan Grand Prix,142,2390,141
zhou,-1.688210066707286,-finish_position,10.0,0.97,2024,17,Azerbaijan Grand Prix,142,2390,141
aitken,-0.02512738216965545,-finish_position,10.0,0.97,2024,18,Singapore Grand Prix,143,2406,142
albon,0.4079595833214891,-finish_position,10.0,0.97,2024,18,Singapore Grand Prix,143,2406,142
alonso,1.358930128251231,-finish_position,10.0,0.97,2024,18,Singapore Grand Prix,143,2406,142
bearman,0.19410675370365335,-finish_position,10.0,0.97,2024,18,Singapore Grand Prix,143,2406,142
bottas,-1.0073294581221157,-finish_position,10.0,0.97,2024,18,Singapore Grand Prix,143,2406,142
brendon_hartley,-0.0659483406068866,-finish_position,10.0,0.97,2024,18,Singapore Grand Prix,143,2406,142
colapinto,0.42487411825151494,-finish_position,10.0,0.97,2024,18,Singapore Grand Prix,143,2406,142
de_vries,-0.9254628195348236,-finish_position,10.0,0.97,2024,18,Singapore Grand Prix,143,2406,142
ericsson,0.04014761770975923,-finish_position,10.0,0.97,2024,18,Singapore Grand Prix,143,2406,142
gasly,-0.1238103236078629,-finish_position,10.0,0.97,2024,18,Singapore Grand Prix,143,2406,142
giovinazzi,-0.5017172453227323,-finish_position,10.0,0.97,2024,18,Singapore Grand Prix,143,2406,142
grosjean,-0.11700185255158954,-finish_position,10.0,0.97,2024,18,Singapore Grand Prix,143,2406,142
hamilton,1.2518765221298562,-finish_position,10.0,0.97,2024,18,Singapore Grand Prix,143,2406,142
hulkenberg,-0.08043459262998395,-finish_position,10.0,0.97,2024,18,Singapore Grand Prix,143,2406,142
kevin_magnussen,-0.9639525412186353,-finish_position,10.0,0.97,2024,18,Singapore Grand Prix,143,2406,142
kubica,-0.32478633216784375,-finish_position,10.0,0.97,2024,18,Singapore Grand Prix,143,2406,142
kvyat,0.009877114893522686,-finish_position,10.0,0.97,2024,18,Singapore Grand Prix,143,2406,142
latifi,-1.040605765904476,-finish_position,10.0,0.97,2024,18,Singapore Grand Prix,143,2406,142
lawson,-0.23072167932554938,-finish_position,10.0,0.97,2024,18,Singapore Grand Prix,143,2406,142
leclerc,1.7061466011505741,-finish_position,10.0,0.97,2024,18,Singapore Grand Prix,143,2406,142
max_verstappen,3.0871253369236173,-finish_position,10.0,0.97,2024,18,Singapore Grand Prix,143,2406,142
mazepin,-0.79624577449291,-finish_position,10.0,0.97,2024,18,Singapore Grand Prix,143,2406,142
mick_schumacher,-0.8418838866612774,-finish_position,10.0,0.97,2024,18,Singapore Grand Prix,143,2406,142
norris,1.6503335049640482,-finish_position,10.0,0.97,2024,18,Singapore Grand Prix,143,2406,142
ocon,-0.24734740510081765,-finish_position,10.0,0.97,2024,18,Singapore Grand Prix,143,2406,142
perez,0.8004674286287395,-finish_position,10.0,0.97,2024,18,Singapore Grand Prix,143,2406,142
piastri,1.2400515636740104,-finish_position,10.0,0.97,2024,18,Singapore Grand Prix,143,2406,142
pietro_fittipaldi,-0.0832363496093985,-finish_position,10.0,0.97,2024,18,Singapore Grand Prix,143,2406,142
raikkonen,-0.18456344097156396,-finish_position,10.0,0.97,2024,18,Singapore Grand Prix,143,2406,142
ricciardo,-0.9903321083758887,-finish_position,10.0,0.97,2024,18,Singapore Grand Prix,143,2406,142
russell,0.5293101393502244,-finish_position,10.0,0.97,2024,18,Singapore Grand Prix,143,2406,142
sainz,1.34666207115087,-finish_position,10.0,0.97,2024,18,Singapore Grand Prix,143,2406,142
sargeant,-1.9388536285700038,-finish_position,10.0,0.97,2024,18,Singapore Grand Prix,143,2406,142
sirotkin,-0.07209320478428817,-finish_position,10.0,0.97,2024,18,Singapore Grand Prix,143,2406,142
stroll,-0.5702451642928997,-finish_position,10.0,0.97,2024,18,Singapore Grand Prix,143,2406,142
tsunoda,-0.9554842295364463,-finish_position,10.0,0.97,2024,18,Singapore Grand Prix,143,2406,142
vandoorne,-0.14123871123699772,-finish_position,10.0,0.97,2024,18,Singapore Grand Prix,143,2406,142
vettel,-0.14977508690106492,-finish_position,10.0,0.97,2024,18,Singapore Grand Prix,143,2406,142
zhou,-1.6696711604074055,-finish_position,10.0,0.97,2024,18,Singapore Grand Prix,143,2406,142
aitken,-0.02460116173814075,-finish_position,10.0,0.97,2024,19,United States Grand Prix,144,2424,143
albon,0.3864717937933045,-finish_position,10.0,0.97,2024,19,United States Grand Prix,144,2424,143
alonso,1.402686186326342,-finish_position,10.0,0.97,2024,19,United States Grand Prix,144,2424,143
bearman,0.18687051959472795,-finish_position,10.0,0.97,2024,19,United States Grand Prix,144,2424,143
bottas,-1.0407651330154892,-finish_position,10.0,0.97,2024,19,United States Grand Prix,144,2424,143
brendon_hartley,-0.06397765622035974,-finish_position,10.0,0.97,2024,19,United States Grand Prix,144,2424,143
colapinto,0.49846605153753054,-finish_position,10.0,0.97,2024,19,United States Grand Prix,144,2424,143
de_vries,-0.9089968647023976,-finish_position,10.0,0.97,2024,19,United States Grand Prix,144,2424,143
ericsson,0.03963945401909112,-finish_position,10.0,0.97,2024,19,United States Grand Prix,144,2424,143
gasly,-0.22960166034220816,-finish_position,10.0,0.97,2024,19,United States Grand Prix,144,2424,143
giovinazzi,-0.4937662493315999,-finish_position,10.0,0.97,2024,19,United States Grand Prix,144,2424,143
grosjean,-0.11968113871400259,-finish_position,10.0,0.97,2024,19,United States Grand Prix,144,2424,143
hamilton,1.226131318059758,-finish_position,10.0,0.97,2024,19,United States Grand Prix,144,2424,143
hulkenberg,-0.002876480695419429,-finish_position,10.0,0.97,2024,19,United States Grand Prix,144,2424,143
kevin_magnussen,-0.9870561522652194,-finish_position,10.0,0.97,2024,19,United States Grand Prix,144,2424,143
kubica,-0.3177927244152848,-finish_position,10.0,0.97,2024,19,United States Grand Prix,144,2424,143
kvyat,0.008075519725593935,-finish_position,10.0,0.97,2024,19,United States Grand Prix,144,2424,143
latifi,-1.032928298251327,-finish_position,10.0,0.97,2024,19,United States Grand Prix,144,2424,143
lawson,-0.22883227205675893,-finish_position,10.0,0.97,2024,19,United States Grand Prix,144,2424,143
leclerc,1.7163626601772188,-finish_position,10.0,0.97,2024,19,United States Grand Prix,144,2424,143
max_verstappen,3.13084429492579,-finish_position,10.0,0.97,2024,19,United States Grand Prix,144,2424,143
mazepin,-0.7823590498834178,-finish_position,10.0,0.97,2024,19,United States Grand Prix,144,2424,143
mick_schumacher,-0.8434661042269648,-finish_position,10.0,0.97,2024,19,United States Grand Prix,144,2424,143
norris,1.6926128084720025,-finish_position,10.0,0.97,2024,19,United States Grand Prix,144,2424,143
ocon,-0.2218540055319327,-finish_position,10.0,0.97,2024,19,United States Grand Prix,144,2424,143
perez,0.7112767561098466,-finish_position,10.0,0.97,2024,19,United States Grand Prix,144,2424,143
piastri,1.2767910937615063,-finish_position,10.0,0.97,2024,19,United States Grand Prix,144,2424,143
pietro_fittipaldi,-0.0814342688531983,-finish_position,10.0,0.97,2024,19,United States Grand Prix,144,2424,143
raikkonen,-0.18275940368770593,-finish_position,10.0,0.97,2024,19,United States Grand Prix,144,2424,143
ricciardo,-1.1256071975860422,-finish_position,10.0,0.97,2024,19,United States Grand Prix,144,2424,143
russell,0.5764748644775255,-finish_position,10.0,0.97,2024,19,United States Grand Prix,144,2424,143
sainz,1.31046548337028,-finish_position,10.0,0.97,2024,19,United States Grand Prix,144,2424,143
sargeant,-1.9337362663795097,-finish_position,10.0,0.97,2024,19,United States Grand Prix,144,2424,143
sirotkin,-0.07097326045864287,-finish_position,10.0,0.97,2024,19,United States Grand Prix,144,2424,143
stroll,-0.6303203938389831,-finish_position,10.0,0.97,2024,19,United States Grand Prix,144,2424,143
tsunoda,-0.9130906625372902,-finish_position,10.0,0.97,2024,19,United States Grand Prix,144,2424,143
vandoorne,-0.14029981982339404,-finish_position,10.0,0.97,2024,19,United States Grand Prix,144,2424,143
vettel,-0.13158275038162331,-finish_position,10.0,0.97,2024,19,United States Grand Prix,144,2424,143
zhou,-1.6548098294136018,-finish_position,10.0,0.97,2024,19,United States Grand Prix,144,2424,143
aitken,-0.023995825439575732,-finish_position,10.0,0.97,2024,20,Mexico City Grand Prix,145,2443,144
albon,0.26138720342423466,-finish_position,10.0,0.97,2024,20,Mexico City Grand Prix,145,2443,144
alonso,1.3464157980031677,-finish_position,10.0,0.97,2024,20,Mexico City Grand Prix,145,2443,144
bearman,0.1724247488270394,-finish_position,10.0,0.97,2024,20,Mexico City Grand Prix,145,2443,144
bottas,-1.068658015515551,-finish_position,10.0,0.97,2024,20,Mexico City Grand Prix,145,2443,144
brendon_hartley,-0.06222825372548705,-finish_position,10.0,0.97,2024,20,Mexico City Grand Prix,145,2443,144
colapinto,0.6303035946817858,-finish_position,10.0,0.97,2024,20,Mexico City Grand Prix,145,2443,144
de_vries,-0.8925821785858108,-finish_position,10.0,0.97,2024,20,Mexico City Grand Prix,145,2443,144
ericsson,0.04184698603214285,-finish_position,10.0,0.97,2024,20,Mexico City Grand Prix,145,2443,144
gasly,-0.22556901508890792,-finish_position,10.0,0.97,2024,20,Mexico City Grand Prix,145,2443,144
giovinazzi,-0.49312023654057763,-finish_position,10.0,0.97,2024,20,Mexico City Grand Prix,145,2443,144
grosjean,-0.12632520470791936,-finish_position,10.0,0.97,2024,20,Mexico City Grand Prix,145,2443,144
hamilton,1.2310409006455634,-finish_position,10.0,0.97,2024,20,Mexico City Grand Prix,145,2443,144
hulkenberg,0.07689230068117414,-finish_position,10.0,0.97,2024,20,Mexico City Grand Prix,145,2443,144
kevin_magnussen,-0.9646388670583836,-finish_position,10.0,0.97,2024,20,Mexico City Grand Prix,145,2443,144
kubica,-0.3107787296627369,-finish_position,10.0,0.97,2024,20,Mexico City Grand Prix,145,2443,144
kvyat,0.005971158328128094,-finish_position,10.0,0.97,2024,20,Mexico City Grand Prix,145,2443,144
latifi,-1.02028640251661,-finish_position,10.0,0.97,2024,20,Mexico City Grand Prix,145,2443,144
lawson,-0.06294525243774451,-finish_position,10.0,0.97,2024,20,Mexico City Grand Prix,145,2443,144
leclerc,1.7610801365434525,-finish_position,10.0,0.97,2024,20,Mexico City Grand Prix,145,2443,144
max_verstappen,3.1252457951563803,-finish_position,10.0,0.97,2024,20,Mexico City Grand Prix,145,2443,144
mazepin,-0.7734081381953508,-finish_position,10.0,0.97,2024,20,Mexico City Grand Prix,145,2443,144
mick_schumacher,-0.8572570702995048,-finish_position,10.0,0.97,2024,20,Mexico City Grand Prix,145,2443,144
norris,1.7085969256172366,-finish_position,10.0,0.97,2024,20,Mexico City Grand Prix,145,2443,144
ocon,-0.3621737113498739,-finish_position,10.0,0.97,2024,20,Mexico City Grand Prix,145,2443,144
perez,0.6817564942237906,-finish_position,10.0,0.97,2024,20,Mexico City Grand Prix,145,2443,144
piastri,1.2924187026101828,-finish_position,10.0,0.97,2024,20,Mexico City Grand Prix,145,2443,144
pietro_fittipaldi,-0.08014675780268257,-finish_position,10.0,0.97,2024,20,Mexico City Grand Prix,145,2443,144
raikkonen,-0.1897771823138998,-finish_position,10.0,0.97,2024,20,Mexico City Grand Prix,145,2443,144
ricciardo,-1.13742711452873,-finish_position,10.0,0.97,2024,20,Mexico City Grand Prix,145,2443,144
russell,0.5798182064475871,-finish_position,10.0,0.97,2024,20,Mexico City Grand Prix,145,2443,144
sainz,1.3469759446809417,-finish_position,10.0,0.97,2024,20,Mexico City Grand Prix,145,2443,144
sargeant,-1.9206286953208331,-finish_position,10.0,0.97,2024,20,Mexico City Grand Prix,145,2443,144
sirotkin,-0.06946994655591489,-finish_position,10.0,0.97,2024,20,Mexico City Grand Prix,145,2443,144
stroll,-0.6700379507985407,-finish_position,10.0,0.97,2024,20,Mexico City Grand Prix,145,2443,144
tsunoda,-0.983737847813555,-finish_position,10.0,0.97,2024,20,Mexico City Grand Prix,145,2443,144
vandoorne,-0.1372791667909723,-finish_position,10.0,0.97,2024,20,Mexico City Grand Prix,145,2443,144
vettel,-0.10385505019343959,-finish_position,10.0,0.97,2024,20,Mexico City Grand Prix,145,2443,144
zhou,-1.7258482826601942,-finish_position,10.0,0.97,2024,20,Mexico City Grand Prix,145,2443,144
aitken,-0.0232913826794824,-finish_position,10.0,0.97,2024,21,São Paulo Grand Prix,146,2460,145
albon,0.2634992115952364,-finish_position,10.0,0.97,2024,21,São Paulo Grand Prix,146,2460,145
alonso,1.3364268533847272,-finish_position,10.0,0.97,2024,21,São Paulo Grand Prix,146,2460,145
bearman,0.15763123619396768,-finish_position,10.0,0.97,2024,21,São Paulo Grand Prix,146,2460,145
bottas,-1.0622251473873816,-finish_position,10.0,0.97,2024,21,São Paulo Grand Prix,146,2460,145
brendon_hartley,-0.060191444840225636,-finish_position,10.0,0.97,2024,21,São Paulo Grand Prix,146,2460,145
colapinto,0.6123296400402912,-finish_position,10.0,0.97,2024,21,São Paulo Grand Prix,146,2460,145
de_vries,-0.8691990348718089,-finish_position,10.0,0.97,2024,21,São Paulo Grand Prix,146,2460,145
ericsson,0.039755379100417786,-finish_position,10.0,0.97,2024,21,São Paulo Grand Prix,146,2460,145
gasly,-0.19255204753676128,-finish_position,10.0,0.97,2024,21,São Paulo Grand Prix,146,2460,145
giovinazzi,-0.48316846276012726,-finish_position,10.0,0.97,2024,21,São Paulo Grand Prix,146,2460,145
grosjean,-0.1348986763372344,-finish_position,10.0,0.97,2024,21,São Paulo Grand Prix,146,2460,145
hamilton,1.2571108957961565,-finish_position,10.0,0.97,2024,21,São Paulo Grand Prix,146,2460,145
hulkenberg,0.10684080749435161,-finish_position,10.0,0.97,2024,21,São Paulo Grand Prix,146,2460,145
kevin_magnussen,-0.8452058198892084,-finish_position,10.0,0.97,2024,21,São Paulo Grand Prix,146,2460,145
kubica,-0.30229300357834266,-finish_position,10.0,0.97,2024,21,São Paulo Grand Prix,146,2460,145
kvyat,0.00719251513239026,-finish_position,10.0,0.97,2024,21,São Paulo Grand Prix,146,2460,145
latifi,-1.0017714016149892,-finish_position,10.0,0.97,2024,21,São Paulo Grand Prix,146,2460,145
lawson,-0.3789833993726049,-finish_position,10.0,0.97,2024,21,São Paulo Grand Prix,146,2460,145
leclerc,1.7594258216742953,-finish_position,10.0,0.97,2024,21,São Paulo Grand Prix,146,2460,145
max_verstappen,3.1584306490980683,-finish_position,10.0,0.97,2024,21,São Paulo Grand Prix,146,2460,145
mazepin,-0.7669810436047179,-finish_position,10.0,0.97,2024,21,São Paulo Grand Prix,146,2460,145
mick_schumacher,-0.8772599222401858,-finish_position,10.0,0.97,2024,21,São Paulo Grand Prix,146,2460,145
norris,1.7970504274300727,-finish_position,10.0,0.97,2024,21,São Paulo Grand Prix,146,2460,145
ocon,-0.40509786936215203,-finish_position,10.0,0.97,2024,21,São Paulo Grand Prix,146,2460,145
perez,0.4965678689322061,-finish_position,10.0,0.97,2024,21,São Paulo Grand Prix,146,2460,145
piastri,1.2391956242836621,-finish_position,10.0,0.97,2024,21,São Paulo Grand Prix,146,2460,145
pietro_fittipaldi,-0.07911135763850921,-finish_position,10.0,0.97,2024,21,São Paulo Grand Prix,146,2460,145
raikkonen,-0.18760066599645583,-finish_position,10.0,0.97,2024,21,São Paulo Grand Prix,146,2460,145
ricciardo,-1.0661385245778976,-finish_position,10.0,0.97,2024,21,São Paulo Grand Prix,146,2460,145
russell,0.6024842017983099,-finish_position,10.0,0.97,2024,21,São Paulo Grand Prix,146,2460,145
sainz,1.416062922482508,-finish_position,10.0,0.97,2024,21,São Paulo Grand Prix,146,2460,145
sargeant,-1.8980006207186633,-finish_position,10.0,0.97,2024,21,São Paulo Grand Prix,146,2460,145
sirotkin,-0.06750940834647193,-finish_position,10.0,0.97,2024,21,São Paulo Grand Prix,146,2460,145
stroll,-0.6693586197838244,-finish_position,10.0,0.97,2024,21,São Paulo Grand Prix,146,2460,145
tsunoda,-0.9162523580162131,-finish_position,10.0,0.97,2024,21,São Paulo Grand Prix,146,2460,145
vandoorne,-0.13330131674879397,-finish_position,10.0,0.97,2024,21,São Paulo Grand Prix,146,2460,145
vettel,-0.10696158436352224,-finish_position,10.0,0.97,2024,21,São Paulo Grand Prix,146,2460,145
zhou,-1.7226509421711012,-finish_position,10.0,0.97,2024,21,São Paulo Grand Prix,146,2460,145
aitken,-0.0226221372031984,-finish_position,10.0,0.97,2024,22,Las Vegas Grand Prix,147,2475,146
albon,0.24957077782901643,-finish_position,10.0,0.97,2024,22,Las Vegas Grand Prix,147,2475,146
alonso,1.1735894903665594,-finish_position,10.0,0.97,2024,22,Las Vegas Grand Prix,147,2475,146
bearman,0.15601438505562304,-finish_position,10.0,0.97,2024,22,Las Vegas Grand Prix,147,2475,146
bottas,-1.050415802738892,-finish_position,10.0,0.97,2024,22,Las Vegas Grand Prix,147,2475,146
brendon_hartley,-0.05902469775236392,-finish_position,10.0,0.97,2024,22,Las Vegas Grand Prix,147,2475,146
colapinto,0.5947008215190335,-finish_position,10.0,0.97,2024,22,Las Vegas Grand Prix,147,2475,146
de_vries,-0.843465525603624,-finish_position,10.0,0.97,2024,22,Las Vegas Grand Prix,147,2475,146
ericsson,0.03629558405392423,-finish_position,10.0,0.97,2024,22,Las Vegas Grand Prix,147,2475,146
gasly,-0.10712011891657511,-finish_position,10.0,0.97,2024,22,Las Vegas Grand Prix,147,2475,146
giovinazzi,-0.4787865623100906,-finish_position,10.0,0.97,2024,22,Las Vegas Grand Prix,147,2475,146
grosjean,-0.13431957822551127,-finish_position,10.0,0.97,2024,22,Las Vegas Grand Prix,147,2475,146
hamilton,1.1494825024230049,-finish_position,10.0,0.97,2024,22,Las Vegas Grand Prix,147,2475,146
hulkenberg,0.08834255702311385,-finish_position,10.0,0.97,2024,22,Las Vegas Grand Prix,147,2475,146
kevin_magnussen,-0.8566477926652516,-finish_position,10.0,0.97,2024,22,Las Vegas Grand Prix,147,2475,146
kubica,-0.29463424386778103,-finish_position,10.0,0.97,2024,22,Las Vegas Grand Prix,147,2475,146
kvyat,0.007330747206634858,-finish_position,10.0,0.97,2024,22,Las Vegas Grand Prix,147,2475,146
latifi,-0.9893214559754515,-finish_position,10.0,0.97,2024,22,Las Vegas Grand Prix,147,2475,146
lawson,-0.24049778454448087,-finish_position,10.0,0.97,2024,22,Las Vegas Grand Prix,147,2475,146
leclerc,1.7412577144787746,-finish_position,10.0,0.97,2024,22,Las Vegas Grand Prix,147,2475,146
max_verstappen,3.210905683221132,-finish_position,10.0,0.97,2024,22,Las Vegas Grand Prix,147,2475,146
mazepin,-0.7498568110217626,-finish_position,10.0,0.97,2024,22,Las Vegas Grand Prix,147,2475,146
mick_schumacher,-0.8689049860101747,-finish_position,10.0,0.97,2024,22,Las Vegas Grand Prix,147,2475,146
norris,1.775291687937544,-finish_position,10.0,0.97,2024,22,Las Vegas Grand Prix,147,2475,146
ocon,-0.32470258962784265,-finish_position,10.0,0.97,2024,22,Las Vegas Grand Prix,147,2475,146
perez,0.38160925624867387,-finish_position,10.0,0.97,2024,22,Las Vegas Grand Prix,147,2475,146
piastri,1.1781786643944798,-finish_position,10.0,0.97,2024,22,Las Vegas Grand Prix,147,2475,146
pietro_fittipaldi,-0.07679829270305845,-finish_position,10.0,0.97,2024,22,Las Vegas Grand Prix,147,2475,146
raikkonen,-0.1893623616558998,-finish_position,10.0,0.97,2024,22,Las Vegas Grand Prix,147,2475,146
ricciardo,-1.1294504702438535,-finish_position,10.0,0.97,2024,22,Las Vegas Grand Prix,147,2475,146
russell,0.6639918869267936,-finish_position,10.0,0.97,2024,22,Las Vegas Grand Prix,147,2475,146
sainz,1.4013516540711601,-finish_position,10.0,0.97,2024,22,Las Vegas Grand Prix,147,2475,146
sargeant,-1.8845565285828167,-finish_position,10.0,0.97,2024,22,Las Vegas Grand Prix,147,2475,146
sirotkin,-0.06586119661424014,-finish_position,10.0,0.97,2024,22,Las Vegas Grand Prix,147,2475,146
stroll,-0.6465926850336347,-finish_position,10.0,0.97,2024,22,Las Vegas Grand Prix,147,2475,146
tsunoda,-0.8250768267543929,-finish_position,10.0,0.97,2024,22,Las Vegas Grand Prix,147,2475,146
vandoorne,-0.12946957529091976,-finish_position,10.0,0.97,2024,22,Las Vegas Grand Prix,147,2475,146
vettel,-0.09674328331801355,-finish_position,10.0,0.97,2024,22,Las Vegas Grand Prix,147,2475,146
zhou,-1.7436821060956438,-finish_position,10.0,0.97,2024,22,Las Vegas Grand Prix,147,2475,146
aitken,-0.021707885547243764,-finish_position,10.0,0.97,2024,23,Qatar Grand Prix,148,2493,147
albon,0.27480790682649403,-finish_position,10.0,0.97,2024,23,Qatar Grand Prix,148,2493,147
alonso,1.165440342504255,-finish_position,10.0,0.97,2024,23,Qatar Grand Prix,148,2493,147
bearman,0.1433243199628021,-finish_position,10.0,0.97,2024,23,Qatar Grand Prix,148,2493,147
bottas,-1.1361405954737223,-finish_position,10.0,0.97,2024,23,Qatar Grand Prix,148,2493,147
brendon_hartley,-0.05690883945217947,-finish_position,10.0,0.97,2024,23,Qatar Grand Prix,148,2493,147
colapinto,0.4660677019503674,-finish_position,10.0,0.97,2024,23,Qatar Grand Prix,148,2493,147
de_vries,-0.815806556489615,-finish_position,10.0,0.97,2024,23,Qatar Grand Prix,148,2493,147
ericsson,0.03570809323971069,-finish_position,10.0,0.97,2024,23,Qatar Grand Prix,148,2493,147
gasly,-0.06598347765637368,-finish_position,10.0,0.97,2024,23,Qatar Grand Prix,148,2493,147
giovinazzi,-0.4694914730336071,-finish_position,10.0,0.97,2024,23,Qatar Grand Prix,148,2493,147
grosjean,-0.13725595645608363,-finish_position,10.0,0.97,2024,23,Qatar Grand Prix,148,2493,147
hamilton,1.1778140459633692,-finish_position,10.0,0.97,2024,23,Qatar Grand Prix,148,2493,147
hulkenberg,0.17383820616888804,-finish_position,10.0,0.97,2024,23,Qatar Grand Prix,148,2493,147
kevin_magnussen,-0.8580687676120001,-finish_position,10.0,0.97,2024,23,Qatar Grand Prix,148,2493,147
kubica,-0.2845572650713171,-finish_position,10.0,0.97,2024,23,Qatar Grand Prix,148,2493,147
kvyat,0.010553585994657772,-finish_position,10.0,0.97,2024,23,Qatar Grand Prix,148,2493,147
latifi,-0.9563706752665652,-finish_position,10.0,0.97,2024,23,Qatar Grand Prix,148,2493,147
lawson,-0.5084851109881852,-finish_position,10.0,0.97,2024,23,Qatar Grand Prix,148,2493,147
leclerc,1.7416698633385865,-finish_position,10.0,0.97,2024,23,Qatar Grand Prix,148,2493,147
max_verstappen,3.2034000589156832,-finish_position,10.0,0.97,2024,23,Qatar Grand Prix,148,2493,147
mazepin,-0.7377404754726768,-finish_position,10.0,0.97,2024,23,Qatar Grand Prix,148,2493,147
mick_schumacher,-0.8723329214629102,-finish_position,10.0,0.97,2024,23,Qatar Grand Prix,148,2493,147
norris,1.7781774772320895,-finish_position,10.0,0.97,2024,23,Qatar Grand Prix,148,2493,147
ocon,-0.4368845019463576,-finish_position,10.0,0.97,2024,23,Qatar Grand Prix,148,2493,147
perez,0.3328863518590731,-finish_position,10.0,0.97,2024,23,Qatar Grand Prix,148,2493,147
piastri,1.1714969137360476,-finish_position,10.0,0.97,2024,23,Qatar Grand Prix,148,2493,147
pietro_fittipaldi,-0.0752672501504561,-finish_position,10.0,0.97,2024,23,Qatar Grand Prix,148,2493,147
raikkonen,-0.18680472484652627,-finish_position,10.0,0.97,2024,23,Qatar Grand Prix,148,2493,147
ricciardo,-1.0820829527641451,-finish_position,10.0,0.97,2024,23,Qatar Grand Prix,148,2493,147
russell,0.7471979978199692,-finish_position,10.0,0.97,2024,23,Qatar Grand Prix,148,2493,147
sainz,1.4423600122276183,-finish_position,10.0,0.97,2024,23,Qatar Grand Prix,148,2493,147
sargeant,-1.8377660930748314,-finish_position,10.0,0.97,2024,23,Qatar Grand Prix,148,2493,147
sirotkin,-0.06287584973407441,-finish_position,10.0,0.97,2024,23,Qatar Grand Prix,148,2493,147
stroll,-0.6990200408502901,-finish_position,10.0,0.97,2024,23,Qatar Grand Prix,148,2493,147
tsunoda,-0.6971004351132615,-finish_position,10.0,0.97,2024,23,Qatar Grand Prix,148,2493,147
vandoorne,-0.125263782084369,-finish_position,10.0,0.97,2024,23,Qatar Grand Prix,148,2493,147
vettel,-0.07312548442145476,-finish_position,10.0,0.97,2024,23,Qatar Grand Prix,148,2493,147
zhou,-1.6677017627713733,-finish_position,10.0,0.97,2024,23,Qatar Grand Prix,148,2493,147
aitken,-0.02099997694604925,-finish_position,10.0,0.97,2024,24,Abu Dhabi Grand Prix,149,2508,148
albon,0.19565829519130334,-finish_position,10.0,0.97,2024,24,Abu Dhabi Grand Prix,149,2508,148
alonso,1.1686655492098705,-finish_position,10.0,0.97,2024,24,Abu Dhabi Grand Prix,149,2508,148
bearman,0.13078722981896987,-finish_position,10.0,0.97,2024,24,Abu Dhabi Grand Prix,149,2508,148
bottas,-1.125860546121348,-finish_position,10.0,0.97,2024,24,Abu Dhabi Grand Prix,149,2508,148
brendon_hartley,-0.05574326737353629,-finish_position,10.0,0.97,2024,24,Abu Dhabi Grand Prix,149,2508,148
colapinto,0.46054722492137234,-finish_position,10.0,0.97,2024,24,Abu Dhabi Grand Prix,149,2508,148
de_vries,-0.7967287107623353,-finish_position,10.0,0.97,2024,24,Abu Dhabi Grand Prix,149,2508,148
ericsson,0.02912870444171373,-finish_position,10.0,0.97,2024,24,Abu Dhabi Grand Prix,149,2508,148
gasly,0.03251628046371124,-finish_position,10.0,0.97,2024,24,Abu Dhabi Grand Prix,149,2508,148
giovinazzi,-0.4544681725027224,-finish_position,10.0,0.97,2024,24,Abu Dhabi Grand Prix,149,2508,148
grosjean,-0.13998508698341144,-finish_position,10.0,0.97,2024,24,Abu Dhabi Grand Prix,149,2508,148
hamilton,1.0413833179754564,-finish_position,10.0,0.97,2024,24,Abu Dhabi Grand Prix,149,2508,148
hulkenberg,0.13374017881260514,-finish_position,10.0,0.97,2024,24,Abu Dhabi Grand Prix,149,2508,148
kevin_magnussen,-0.7752082592398061,-finish_position,10.0,0.97,2024,24,Abu Dhabi Grand Prix,149,2508,148
kubica,-0.27575704451562943,-finish_position,10.0,0.97,2024,24,Abu Dhabi Grand Prix,149,2508,148
kvyat,0.008939502946037688,-finish_position,10.0,0.97,2024,24,Abu Dhabi Grand Prix,149,2508,148
latifi,-0.9339772110495553,-finish_position,10.0,0.97,2024,24,Abu Dhabi Grand Prix,149,2508,148
lawson,-0.6233127688202885,-finish_position,10.0,0.97,2024,24,Abu Dhabi Grand Prix,149,2508,148
leclerc,1.7859470591620004,-finish_position,10.0,0.97,2024,24,Abu Dhabi Grand Prix,149,2508,148
max_verstappen,3.2180395522905387,-finish_position,10.0,0.97,2024,24,Abu Dhabi Grand Prix,149,2508,148
mazepin,-0.7257090987852086,-finish_position,10.0,0.97,2024,24,Abu Dhabi Grand Prix,149,2508,148
mick_schumacher,-0.8752600975423219,-finish_position,10.0,0.97,2024,24,Abu Dhabi Grand Prix,149,2508,148
norris,1.6642606158905071,-finish_position,10.0,0.97,2024,24,Abu Dhabi Grand Prix,149,2508,148
ocon,-0.49736244811047103,-finish_position,10.0,0.97,2024,24,Abu Dhabi Grand Prix,149,2508,148
perez,0.3110146937999808,-finish_position,10.0,0.97,2024,24,Abu Dhabi Grand Prix,149,2508,148
piastri,1.2632843736644541,-finish_position,10.0,0.97,2024,24,Abu Dhabi Grand Prix,149,2508,148
pietro_fittipaldi,-0.07377271357172531,-finish_position,10.0,0.97,2024,24,Abu Dhabi Grand Prix,149,2508,148
raikkonen,-0.17889465513830616,-finish_position,10.0,0.97,2024,24,Abu Dhabi Grand Prix,149,2508,148
ricciardo,-1.049078563551134,-finish_position,10.0,0.97,2024,24,Abu Dhabi Grand Prix,149,2508,148
russell,0.8212030241878289,-finish_position,10.0,0.97,2024,24,Abu Dhabi Grand Prix,149,2508,148
sainz,1.3959536992026338,-finish_position,10.0,0.97,2024,24,Abu Dhabi Grand Prix,149,2508,148
sargeant,-1.8075450329685259,-finish_position,10.0,0.97,2024,24,Abu Dhabi Grand Prix,149,2508,148
sirotkin,-0.06076213547278645,-finish_position,10.0,0.97,2024,24,Abu Dhabi Grand Prix,149,2508,148
stroll,-0.7270240146724462,-finish_position,10.0,0.97,2024,24,Abu Dhabi Grand Prix,149,2508,148
tsunoda,-0.6996529193611102,-finish_position,10.0,0.97,2024,24,Abu Dhabi Grand Prix,149,2508,148
vandoorne,-0.12194164422581563,-finish_position,10.0,0.97,2024,24,Abu Dhabi Grand Prix,149,2508,148
vettel,-0.08826038891833252,-finish_position,10.0,0.97,2024,24,Abu Dhabi Grand Prix,149,2508,148
zhou,-1.5537645453461177,-finish_position,10.0,0.97,2024,24,Abu Dhabi Grand Prix,149,2508,148
