qualifying_position,constructor_coef_rapm,recent_form_5,driver_constructor_synergy,constructor_wins_total,driver_coef_rapm,track_complexity,tire_compound_start,season_factor,avg_pit_stops_circuit,constructor_dnf_rate,grid_penalty,altitude_m
3,0.0,0.0,0.0,0.0,0.0,0.4408188646479906,0,2018,0.0,0.0,0,13
1,0.0,0.0,0.0,0.0,0.0,0.4408188646479906,0,2018,0.0,0.0,0,13
2,0.0,0.0,0.0,0.0,0.0,0.4408188646479906,0,2018,0.0,0.0,0,13
5,0.0,0.0,0.0,0.0,0.0,0.4408188646479906,0,2018,0.0,0.0,3,13
11,0.0,0.0,0.0,0.0,0.0,0.4408188646479906,0,2018,0.0,0.0,-1,13
4,0.0,0.0,0.0,0.0,0.0,0.4408188646479906,0,2018,0.0,0.0,0,13
8,0.0,0.0,0.0,0.0,0.0,0.4408188646479906,0,2018,0.0,0.0,-1,13
10,0.0,0.0,0.0,0.0,0.0,0.4408188646479906,0,2018,0.0,0.0,5,13
12,0.0,0.0,0.0,0.0,0.0,0.4408188646479906,0,2018,0.0,0.0,-1,13
9,0.0,0.0,0.0,0.0,0.0,0.4408188646479906,0,2018,0.0,0.0,0,13
13,0.0,0.0,0.0,0.0,0.0,0.4408188646479906,0,2018,0.0,0.0,-1,13
15,0.0,0.0,0.0,0.0,0.0,0.4408188646479906,0,2018,0.0,0.0,-1,13
18,0.0,0.0,0.0,0.0,0.0,0.4408188646479906,0,2018,0.0,0.0,0,13
14,0.0,0.0,0.0,0.0,0.0,0.4408188646479906,0,2018,0.0,0.0,-1,13
16,0.0,0.0,0.0,0.0,0.0,0.4408188646479906,3,2018,0.0,0.0,0,13
1,0.9382090844198852,1.0,-1.0,1.0,0.5600135842976796,0.4249044702495889,0,2018,1.2,0.0,0,7
3,0.4766705023928255,8.0,-8.0,0.0,-0.0343918750667976,0.4249044702495889,0,2018,1.2,0.0,0,7
4,0.4766705023928255,2.0,-2.0,0.0,0.5110623774596231,0.4249044702495889,3,2018,1.2,0.0,5,7
6,-0.5751451542025942,0.0,0.0,0.0,0.0,0.4249044702495889,0,2018,1.2,0.5,-1,7
7,0.0,0.0,0.0,0.0,0.0,0.4249044702495889,0,2018,1.2,1.0,-1,7
8,-0.0617911766387444,7.0,-7.0,0.0,0.1054679748122329,0.4249044702495889,0,2018,1.2,0.0,-1,7
13,0.1689781143747855,5.0,-5.0,0.0,0.2663071413628663,0.4249044702495889,3,2018,1.2,0.0,0,7
14,0.1689781143747855,9.0,-9.0,0.0,-0.0973290269880808,0.4249044702495889,0,2018,1.2,0.0,0,7
17,-0.4084596913145881,0.0,0.0,0.0,0.0,0.4249044702495889,3,2018,1.2,0.5,0,7
9,-0.5233297586658042,12.0,-12.0,0.0,-0.3071194003767705,0.4249044702495889,0,2018,1.2,0.0,-1,7
10,-0.0617911766387444,10.0,-10.0,0.0,-0.1672591514509774,0.4249044702495889,0,2018,1.2,0.0,0,7
19,-0.4084596913145881,13.0,-13.0,0.0,-0.4084596913145881,0.4249044702495889,3,2018,1.2,0.5,0,7
16,0.0,0.0,0.0,0.0,0.0,0.4249044702495889,0,2018,1.2,1.0,0,7
20,-0.4918024227585911,14.0,-14.0,0.0,-0.4918024227585911,0.4249044702495889,3,2018,1.2,0.5,0,7
18,-0.4918024227585911,0.0,0.0,0.0,0.0,0.4249044702495889,3,2018,1.2,0.5,0,7
12,-0.5233297586658042,11.0,-11.0,0.0,-0.2162103582890337,0.4249044702495889,3,2018,1.2,0.0,0,7
11,-0.5751451542025942,15.0,-15.0,0.0,-0.5751451542025942,0.4249044702495889,0,2018,1.2,0.5,0,7
6,0.5396970130814172,4.0,-4.0,0.0,0.360738728410296,0.4474979062596848,0,2018,1.511764705882353,0.5,0,5
3,1.1896576593812458,4.666666666666667,-5.0,0.0,0.3864598545958813,0.4474979062596848,3,2018,1.511764705882353,0.0,0,5
2,1.393293806320348,3.0,-3.0,2.0,0.3741068694650581,0.4474979062596848,3,2018,1.511764705882353,0.25,0,5
4,1.1896576593812458,2.555555555555556,-2.5,0.0,0.8031978047853644,0.4474979062596848,3,2018,1.511764705882353,0.0,0,5
5,0.5396970130814172,6.0,-6.0,0.0,0.1789582846711212,0.4474979062596848,0,2018,1.511764705882353,0.5,0,5
7,0.0021672056593512,6.444444444444445,-6.5,0.0,0.3344739629812621,0.4474979062596848,0,2018,1.511764705882353,0.0,0,5
13,0.3146646934809024,6.111111111111111,-6.0,0.0,0.3657013218351927,0.4474979062596848,3,2018,1.511764705882353,0.0,0,5
1,1.393293806320348,1.0,-1.0,2.0,1.0191869368552895,0.4474979062596848,3,2018,1.511764705882353,0.25,0,5
9,0.0021672056593512,10.555555555555555,-10.5,0.0,-0.3323067573219108,0.4474979062596848,0,2018,1.511764705882353,0.0,0,5
11,-0.0756322279284371,5.0,-5.0,0.0,0.3257447735141309,0.4474979062596848,3,2018,1.511764705882353,0.5,0,5
12,-0.9353252578053024,10.88888888888889,-11.0,0.0,-0.2592936538079097,0.4474979062596848,3,2018,1.511764705882353,0.0,0,5
8,-0.9353252578053024,13.77777777777778,-13.5,0.0,-0.6760316039973927,0.4474979062596848,0,2018,1.511764705882353,0.0,0,5
14,0.3146646934809024,8.444444444444445,-8.5,0.0,-0.0510366283542903,0.4474979062596848,3,2018,1.511764705882353,0.0,0,5
18,-1.1970602510494088,14.0,-14.0,0.0,-0.7157423766586896,0.4474979062596848,3,2018,1.511764705882353,0.25,0,5
16,-1.1970602510494088,15.0,-15.0,0.0,-0.4813178743907192,0.4474979062596848,3,2018,1.511764705882353,0.25,0,5
20,-0.5645291396284389,9.0,-9.0,0.0,0.0066441406762568,0.4474979062596848,3,2018,1.511764705882353,0.25,0,5
10,-0.0756322279284371,13.0,-13.0,0.0,-0.4013770014425681,0.4474979062596848,0,2018,1.511764705882353,0.5,0,5
17,-0.6669335015116767,4.0,-4.0,0.0,0.4705163142142033,0.4474979062596848,2,2018,1.511764705882353,0.25,0,5
19,-0.5645291396284389,12.444444444444445,-12.5,0.0,-0.5711732803046956,0.4474979062596848,3,2018,1.511764705882353,0.25,0,5
2,1.777027280824334,3.1666666666666665,-3.0,0.0,1.003898887473465,0.6726676836407992,0,2018,1.4990712074303405,0.0,0,0
6,1.687599289937557,3.0,-3.0,2.0,0.7399646128086844,0.6726676836407992,3,2018,1.4990712074303405,0.1666666666666666,0,0
8,-0.90718875230079,13.083333333333334,-13.0,0.0,-0.6843648702729915,0.6726676836407992,0,2018,1.4990712074303405,0.0,0,0
1,1.687599289937557,3.9166666666666665,-3.333333333333333,2.0,0.9476346771288724,0.6726676836407992,0,2018,1.4990712074303405,0.1666666666666666,0,0
10,0.3033400469517169,9.916666666666666,-10.0,0.0,-0.2714092157489019,0.6726676836407992,0,2018,1.4990712074303405,0.0,-1,0
14,-1.317003397825942,15.166666666666666,-14.666666666666666,0.0,-0.9743930515639138,0.6726676836407992,0,2018,1.4990712074303405,0.1666666666666666,-1,0
13,0.3033400469517169,6.5,-6.333333333333333,0.0,0.5747492627006187,0.6726676836407992,3,2018,1.4990712074303405,0.0,-1,0
11,-1.5050795987068908,14.0,-14.0,0.0,-0.7771357807525922,0.6726676836407992,0,2018,1.4990712074303405,0.1666666666666666,-1,0
16,0.3033400469517169,10.333333333333334,-10.0,0.0,-0.2714092157489019,0.6726676836407992,0,2018,1.4990712074303405,0.0,0,0
19,-1.0931750568444745,16.11111111111111,-16.0,0.0,-0.9632520089369055,0.6726676836407992,0,2018,1.4990712074303405,0.1666666666666666,0,0
18,-1.317003397825942,12.88888888888889,-12.5,0.0,-0.3426103462620281,0.6726676836407992,3,2018,1.4990712074303405,0.1666666666666666,0,0
17,-1.0931750568444745,11.77777777777778,-11.0,0.0,-0.129923047907569,0.6726676836407992,0,2018,1.4990712074303405,0.1666666666666666,0,0
15,-0.5306769229654216,7.777777777777778,-7.5,0.0,0.3596582592892915,0.6726676836407992,3,2018,1.4990712074303405,0.3333333333333333,0,0
1,1.880209862007698,2.4285714285714284,-2.5,1.0,1.2316105617129092,0.4190300066879821,3,2018,1.7204572517266017,0.125,0,109
2,1.880209862007698,3.5,-4.0,1.0,0.6485993002947888,0.4190300066879821,3,2018,1.7204572517266017,0.125,0,109
5,1.1726850526693835,5.444444444444445,-5.5,1.0,0.336384177161956,0.4190300066879821,3,2018,1.7204572517266017,0.25,0,109
3,1.894704508384906,4.071428571428571,-3.5,2.0,0.9417427756844828,0.4190300066879821,3,2018,1.7204572517266017,0.125,0,109
6,1.1726850526693835,2.333333333333333,-2.5,1.0,0.8363008755074278,0.4190300066879821,3,2018,1.7204572517266017,0.25,0,109
7,-0.8586171287929395,10.0,-9.333333333333334,0.0,0.0498309886554163,0.4190300066879821,3,2018,1.7204572517266017,0.25,0,109
9,0.3476021397437958,8.142857142857142,-8.75,0.0,-0.1162344168941146,0.4190300066879821,3,2018,1.7204572517266017,0.0,0,109
8,0.2057802425619983,6.714285714285714,-6.5,0.0,0.5671633570014023,0.4190300066879821,0,2018,1.7204572517266017,0.0,0,109
15,-0.6922567448632919,9.5,-10.5,0.0,-0.3191154685225024,0.4190300066879821,3,2018,1.7204572517266017,0.0,0,109
14,-1.2212421984631252,12.0,-12.5,0.0,-0.7394099304300725,0.4190300066879821,3,2018,1.7204572517266017,0.125,0,109
19,-1.4733133980382085,11.857142857142858,-12.5,0.0,-0.6673332849778807,0.4190300066879821,3,2018,1.7204572517266017,0.125,-1,109
20,-1.2555523352102165,13.583333333333334,-14.0,0.0,-0.9354909478649552,0.4190300066879821,3,2018,1.7204572517266017,0.125,0,109
17,-1.2212421984631252,12.166666666666666,-12.0,0.0,-0.481832268033053,0.4190300066879821,2,2018,1.7204572517266017,0.125,0,109
18,-1.4733133980382085,15.0,-15.0,0.0,-0.805980113060328,0.4190300066879821,3,2018,1.7204572517266017,0.125,1,109
1,1.416980857302058,3.4166666666666665,-3.333333333333333,1.0,0.862357378717106,0.5461030769819427,0,2018,1.6477943728098527,0.2,0,7
2,1.9003868385990987,4.2,-3.6,2.0,0.9956422828554046,0.5461030769819427,0,2018,1.6477943728098527,0.2,0,7
3,2.174614211119779,1.933333333333333,-2.2,2.0,1.370939676404367,0.5461030769819427,0,2018,1.6477943728098527,0.1,0,7
4,1.9003868385990987,2.583333333333333,-2.6666666666666665,2.0,0.9047445557436952,0.5461030769819427,0,2018,1.6477943728098527,0.2,0,7
5,2.174614211119779,2.857142857142857,-3.5,2.0,0.8036745347154115,0.5461030769819427,0,2018,1.6477943728098527,0.1,0,7
6,-0.7356321180703714,10.916666666666666,-11.0,0.0,-0.410064494750638,0.5461030769819427,0,2018,1.6477943728098527,0.1,0,7
10,-1.3776440830704768,12.0,-11.333333333333334,0.0,-0.3389048085437882,0.5461030769819427,0,2018,1.6477943728098527,0.1,0,7
11,0.3364918073646882,6.25,-6.333333333333333,0.0,0.419513673836327,0.5461030769819427,0,2018,1.6477943728098527,0.0,0,7
20,1.416980857302058,4.416666666666667,-4.666666666666667,1.0,0.5546234785849521,0.5461030769819427,0,2018,1.6477943728098527,0.2,0,7
8,0.3364918073646882,7.6,-8.4,0.0,-0.0830218664716387,0.5461030769819427,0,2018,1.6477943728098527,0.0,0,7
17,-1.3871853445776428,12.5,-12.25,0.0,-0.6786932526366442,0.5461030769819427,0,2018,1.6477943728098527,0.1,-1,7
9,-0.7356321180703714,9.066666666666666,-10.2,0.0,-0.325567623319734,0.5461030769819427,0,2018,1.6477943728098527,0.1,0,7
19,-0.7497755301038705,8.714285714285714,-8.5,0.0,0.2106108596424177,0.5461030769819427,0,2018,1.6477943728098527,0.2,0,7
12,0.1245970862480808,9.928571428571429,-9.75,0.0,-0.3963092923356432,0.5461030769819427,0,2018,1.6477943728098527,0.1,0,7
15,-0.7497755301038705,15.22222222222222,-15.0,0.0,-0.960386389746288,0.5461030769819427,0,2018,1.6477943728098527,0.2,3,7
13,-1.7028337248113423,14.583333333333334,-14.666666666666666,0.0,-1.0330581830231889,0.5461030769819427,0,2018,1.6477943728098527,0.1,0,7
18,-1.7028337248113423,11.4,-12.2,0.0,-0.669775541788153,0.5461030769819427,0,2018,1.6477943728098527,0.1,-1,7
1,2.160581307542053,3.6666666666666665,-3.333333333333333,2.0,1.1722110651315925,0.4812132328185301,0,2018,1.5986521734199757,0.1666666666666666,0,7
2,2.3204363041792035,3.4,-3.8,2.0,0.8331826095894247,0.4812132328185301,0,2018,1.5986521734199757,0.0833333333333333,0,7
3,1.589001695774976,6.0,-5.75,2.0,0.3658927541349947,0.4812132328185301,0,2018,1.5986521734199757,0.1666666666666666,0,7
6,1.589001695774976,2.571428571428572,-2.75,2.0,1.2231089416399814,0.4812132328185301,0,2018,1.5986521734199757,0.1666666666666666,0,7
4,2.3204363041792035,2.2,-2.333333333333333,2.0,1.4872536945897796,0.4812132328185301,0,2018,1.5986521734199757,0.0833333333333333,0,7
5,2.160581307542053,3.071428571428572,-3.0,2.0,0.98837024241046,0.4812132328185301,0,2018,1.5986521734199757,0.1666666666666666,0,7
7,0.3111337509189947,6.857142857142857,-6.75,0.0,0.4453706954685476,0.4812132328185301,0,2018,1.5986521734199757,0.0,0,7
9,0.3111337509189947,8.133333333333333,-8.666666666666666,0.0,-0.1342369445495529,0.4812132328185301,0,2018,1.5986521734199757,0.0,0,7
8,-0.6189699648708188,9.142857142857142,-9.75,0.0,-0.1460397207237684,0.4812132328185301,0,2018,1.5986521734199757,0.0833333333333333,0,7
13,-1.352087259934431,11.2,-12.0,0.0,-0.6760436299672155,0.4812132328185301,0,2018,1.5986521734199757,0.0833333333333333,0,7
16,-1.1836886052414244,10.357142857142858,-10.25,0.0,-0.1275188677221777,0.4812132328185301,0,2018,1.5986521734199757,0.0833333333333333,0,7
20,-1.107660583917352,15.166666666666666,-15.0,0.0,-1.2167251311142844,0.4812132328185301,0,2018,1.5986521734199757,0.1666666666666666,0,7
11,-1.107660583917352,10.2,-9.4,0.0,0.1090645471969325,0.4812132328185301,0,2018,1.5986521734199757,0.1666666666666666,0,7
10,-0.6189699648708188,9.666666666666666,-10.5,0.0,-0.4729302441470504,0.4812132328185301,0,2018,1.5986521734199757,0.0833333333333333,0,7
19,-1.352087259934431,12.066666666666666,-12.0,0.0,-0.6760436299672155,0.4812132328185301,0,2018,1.5986521734199757,0.0833333333333333,0,7
15,-0.0320390742366793,11.333333333333334,-10.6,0.0,-0.6493293319855808,0.4812132328185301,0,2018,1.5986521734199757,0.1666666666666666,0,7
18,-2.08670757021452,15.071428571428571,-15.0,0.0,-1.2267131414722967,0.4812132328185301,0,2018,1.5986521734199757,0.0833333333333333,0,7
1,2.4795321388725067,3.066666666666667,-2.7142857142857144,2.0,1.4519013656606554,0.4506762830968045,0,2018,1.5299371570490543,0.0714285714285714,0,406
4,1.847935811484022,5.066666666666666,-5.2,2.0,0.5572774699937014,0.4506762830968045,0,2018,1.5299371570490543,0.1428571428571428,0,406
6,2.3273385240124336,4.066666666666666,-3.6,3.0,0.9306683260428804,0.4506762830968045,0,2018,1.5299371570490543,0.1428571428571428,0,406
5,1.847935811484022,3.0,-3.0,2.0,1.2906583414903194,0.4506762830968045,0,2018,1.5299371570490543,0.1428571428571428,0,406
3,2.3273385240124336,2.7333333333333334,-3.0,3.0,1.3966701979695528,0.4506762830968045,3,2018,1.5299371570490543,0.1428571428571428,0,406
9,-1.240652048982313,11.4,-10.0,0.0,-0.0150337348726851,0.4506762830968045,0,2018,1.5299371570490543,0.1428571428571428,0,406
2,2.4795321388725067,2.8,-3.5,2.0,1.0276307732118517,0.4506762830968045,3,2018,1.5299371570490543,0.0714285714285714,0,406
7,0.4016479059925067,8.0,-8.571428571428571,0.0,-0.1043954523189642,0.4506762830968045,0,2018,1.5299371570490543,0.0,0,406
12,0.4016479059925067,6.933333333333334,-6.8,0.0,0.506043358311471,0.4506762830968045,3,2018,1.5299371570490543,0.0,0,406
8,-1.4414625968223616,10.533333333333331,-11.666666666666666,0.0,-0.5644709980481688,0.4506762830968045,0,2018,1.5299371570490543,0.0714285714285714,0,406
10,-1.240652048982313,14.071428571428571,-14.25,0.0,-1.2256183141096282,0.4506762830968045,0,2018,1.5299371570490543,0.1428571428571428,0,406
18,-0.235718788871974,13.133333333333333,-11.5,0.0,-0.954322036719317,0.4506762830968045,0,2018,1.5299371570490543,0.2142857142857142,-1,406
15,-1.4414625968223616,13.066666666666666,-12.5,0.0,-0.8769915987741937,0.4506762830968045,0,2018,1.5299371570490543,0.0714285714285714,0,406
17,-1.189198819530477,12.928571428571429,-13.5,0.0,-1.0256294715965968,0.4506762830968045,0,2018,1.5299371570490543,0.0714285714285714,3,406
19,-2.243282337951599,15.733333333333333,-15.4,0.0,-1.479258390044334,0.4506762830968045,3,2018,1.5299371570490543,0.0714285714285714,-1,406
5,2.044619452828855,4.0,-4.666666666666667,2.0,0.7410513572289956,0.290790703947054,0,2018,1.4803616790845893,0.125,-1,678
4,2.3973842551818234,3.866666666666666,-3.5,3.0,1.0462519707755735,0.290790703947054,0,2018,1.4803616790845893,0.125,-1,678
3,2.3973842551818234,3.1333333333333333,-3.25,3.0,1.3511322844062457,0.290790703947054,0,2018,1.4803616790845893,0.125,3,678
6,-1.1132339520535344,13.0,-13.6,0.0,-1.2664751341139278,0.290790703947054,0,2018,1.4803616790845893,0.125,-1,678
8,-1.1132339520535344,9.733333333333333,-9.428571428571429,0.0,0.153241182060393,0.290790703947054,0,2018,1.4803616790845893,0.125,0,678
11,-0.7199707598401681,8.933333333333334,-9.6,0.0,-0.064191338392861,0.290790703947054,0,2018,1.4803616790845893,0.125,0,678
17,-0.7199707598401681,10.866666666666667,-11.0,0.0,-0.6557794214473074,0.290790703947054,0,2018,1.4803616790845893,0.125,-1,678
14,-0.3199683930757513,7.2,-6.8,0.0,0.7358309909551466,0.290790703947054,0,2018,1.4803616790845893,0.25,-1,678
13,-1.496036582956041,10.066666666666666,-11.428571428571429,0.0,-0.512751777197729,0.290790703947054,0,2018,1.4803616790845893,0.0625,5,678
20,-1.496036582956041,13.0,-12.571428571428571,0.0,-0.9832848057583136,0.290790703947054,3,2018,1.4803616790845893,0.0625,0,678
12,-1.3250335523250718,10.6,-10.4,0.0,-0.129243004570999,0.290790703947054,0,2018,1.4803616790845893,0.0625,0,678
9,0.359195659276772,8.066666666666666,-8.5,0.0,-0.0763466279352947,0.290790703947054,0,2018,1.4803616790845893,0.0,0,678
18,-2.34824994165789,15.6,-15.333333333333334,0.0,-1.611637989561838,0.290790703947054,0,2018,1.4803616790845893,0.125,-1,678
15,-2.34824994165789,13.0,-13.0,0.0,-0.7366119520960531,0.290790703947054,0,2018,1.4803616790845893,0.125,-1,678
2,2.470313547446303,3.066666666666667,-3.2222222222222223,3.0,1.335546045271678,0.5101796894445331,3,2018,1.4507976829958251,0.1111111111111111,0,145
1,2.4404058349093614,2.466666666666667,-2.5,3.0,1.5873577332635072,0.5101796894445331,3,2018,1.4507976829958251,0.1666666666666666,0,145
3,2.470313547446303,3.333333333333333,-3.2857142857142856,3.0,1.1347675021746286,0.5101796894445331,3,2018,1.4507976829958251,0.1111111111111111,0,145
4,2.4404058349093614,4.266666666666667,-4.0,3.0,0.8530481016458576,0.5101796894445331,3,2018,1.4507976829958251,0.1666666666666666,0,145
6,2.1287418390848925,3.333333333333333,-3.1666666666666665,3.0,1.2062376543276556,0.5101796894445331,3,2018,1.4507976829958251,0.1666666666666666,0,145
11,0.1763036623471669,7.666666666666667,-7.166666666666667,0.0,0.4383546670575902,0.5101796894445331,2,2018,1.4507976829958251,0.0555555555555555,0,145
10,-0.5862104092201287,7.733333333333333,-9.0,0.0,0.036823307081437,0.5101796894445331,3,2018,1.4507976829958251,0.1111111111111111,0,145
13,-0.3877332066494587,7.6,-7.0,0.0,0.7124407182845276,0.5101796894445331,3,2018,1.4507976829958251,0.2222222222222222,0,145
7,-0.8075857107288046,8.0,-8.875,0.0,0.1975935928869907,0.5101796894445331,3,2018,1.4507976829958251,0.1111111111111111,0,145
12,-0.5862104092201287,9.866666666666667,-10.5,0.0,-0.6230337163015656,0.5101796894445331,3,2018,1.4507976829958251,0.1111111111111111,0,145
17,-0.3877332066494587,13.133333333333333,-11.571428571428571,0.0,-1.1001739249339868,0.5101796894445331,3,2018,1.4507976829958251,0.2222222222222222,0,145
19,-2.510694636504627,13.4,-13.142857142857142,0.0,-0.8730018136350672,0.5101796894445331,2,2018,1.4507976829958251,0.1111111111111111,0,145
14,-1.429176498315477,10.8,-10.5,0.0,-0.2096082289834483,0.5101796894445331,3,2018,1.4507976829958251,0.1111111111111111,0,145
18,-2.510694636504627,14.8,-15.0,0.0,-1.6376928228695584,0.5101796894445331,3,2018,1.4507976829958251,0.1111111111111111,0,145
14,2.521655668735985,2.4,-2.4444444444444446,3.0,1.6575971325680197,0.4150503223218475,3,2018,1.455717914696243,0.15,0,110
2,2.521655668735985,4.4,-4.0,3.0,0.864058536167962,0.4150503223218475,0,2018,1.455717914696243,0.15,0,110
3,2.597541033638428,3.2,-3.25,4.0,1.1635174136446482,0.4150503223218475,0,2018,1.455717914696243,0.1,0,110
4,2.1134933548265784,2.8666666666666667,-4.142857142857143,3.0,0.9096701064269772,0.4150503223218475,0,2018,1.455717914696243,0.2,0,110
7,0.2136591310672152,7.266666666666667,-7.0,0.0,0.5154223315721088,0.4150503223218475,0,2018,1.455717914696243,0.05,0,110
6,-0.8254490706133053,9.8,-12.0,0.0,-1.015977356154104,0.4150503223218475,0,2018,1.455717914696243,0.1,0,110
10,-0.5515090224915358,10.2,-10.444444444444445,0.0,-0.676139338002101,0.4150503223218475,0,2018,1.455717914696243,0.1,0,110
16,-0.5515090224915358,7.266666666666667,-8.714285714285714,0.0,0.1246303155105648,0.4150503223218475,0,2018,1.455717914696243,0.1,-1,110
13,-1.5162056925370988,12.133333333333333,-12.25,0.0,-1.008075723000193,0.4150503223218475,3,2018,1.455717914696243,0.1,0,110
18,-1.5450299460392978,13.133333333333333,-13.6,0.0,-1.1964069715608945,0.4150503223218475,3,2018,1.455717914696243,0.15,-1,110
5,-0.8254490706133053,8.133333333333333,-8.88888888888889,0.0,0.190528285540798,0.4150503223218475,0,2018,1.455717914696243,0.1,0,110
8,0.2136591310672152,9.533333333333331,-8.88888888888889,0.0,-0.3017632005048937,0.4150503223218475,0,2018,1.455717914696243,0.05,0,110
20,-0.4331589089455462,12.533333333333331,-11.5,0.0,-1.1561829387678202,0.4150503223218475,3,2018,1.455717914696243,0.2,-1,110
17,-1.5450299460392978,11.2,-10.857142857142858,0.0,-0.3486229744784033,0.4150503223218475,3,2018,1.455717914696243,0.15,-1,110
9,-1.5162056925370988,9.4,-11.125,0.0,-0.508129969536908,0.4150503223218475,0,2018,1.455717914696243,0.1,0,110
1,2.666213558758441,1.933333333333333,-2.3,4.0,1.7285326655297637,0.3685911810930358,0,2018,1.517319316390524,0.1363636363636363,0,264
4,2.6222127587710125,2.4,-3.0,4.0,1.400599650998674,0.3685911810930358,3,2018,1.517319316390524,0.0909090909090909,0,264
3,2.6222127587710125,3.0,-3.2222222222222223,4.0,1.2216131077723371,0.3685911810930358,0,2018,1.517319316390524,0.0909090909090909,0,264
12,2.137219894444053,4.0,-3.4285714285714284,3.0,1.176684120934593,0.3685911810930358,3,2018,1.517319316390524,0.2272727272727272,0,264
2,2.666213558758441,3.733333333333333,-3.7777777777777777,4.0,0.937680893228676,0.3685911810930358,0,2018,1.517319316390524,0.1363636363636363,0,264
6,-1.633719412045156,12.266666666666667,-11.25,0.0,-0.5302378318248052,0.3685911810930358,0,2018,1.517319316390524,0.1363636363636363,0,264
9,-0.7626980317559158,8.733333333333333,-9.1,0.0,0.0430643843845644,0.3685911810930358,0,2018,1.517319316390524,0.0909090909090909,0,264
11,-0.5351405412027646,7.8,-7.142857142857143,0.0,0.7477037568298269,0.3685911810930358,3,2018,1.517319316390524,0.1818181818181818,0,264
5,0.1828096475429227,10.533333333333331,-9.2,0.0,-0.47965159593146,0.3685911810930358,3,2018,1.517319316390524,0.0454545454545454,0,264
10,-0.7626980317559158,7.866666666666666,-11.142857142857142,0.0,-0.8057624161404802,0.3685911810930358,0,2018,1.517319316390524,0.0909090909090909,0,264
8,-1.633719412045156,11.933333333333334,-13.0,0.0,-1.103481580220351,0.3685911810930358,0,2018,1.517319316390524,0.1363636363636363,0,264
13,0.1828096475429227,6.533333333333333,-6.75,0.0,0.662461243474383,0.3685911810930358,3,2018,1.517319316390524,0.0454545454545454,0,264
18,-0.4772004637011485,7.333333333333333,-8.625,0.0,0.12247308137368,0.3685911810930358,3,2018,1.517319316390524,0.0909090909090909,0,264
19,-0.4772004637011485,9.066666666666666,-10.1,0.0,-0.5996735450748286,0.3685911810930358,0,2018,1.517319316390524,0.0909090909090909,0,264
14,-1.60484950470716,11.0,-11.88888888888889,0.0,-0.881364269431503,0.3685911810930358,0,2018,1.517319316390524,0.0909090909090909,0,264
20,-2.594847906104275,14.466666666666669,-14.875,0.0,-1.7141156838784883,0.3685911810930358,3,2018,1.517319316390524,0.1818181818181818,0,264
15,-2.594847906104275,13.133333333333333,-13.0,0.0,-0.8807322222257887,0.3685911810930358,2,2018,1.517319316390524,0.1818181818181818,0,264
2,2.747219605751136,2.2666666666666666,-2.909090909090909,4.0,1.4799714627626583,0.580973004294617,0,2018,1.4840132949266076,0.0833333333333333,0,401
1,2.7625156734494394,1.4666666666666666,-2.1818181818181817,5.0,1.8528431736993072,0.580973004294617,0,2018,1.4840132949266076,0.125,0,401
7,2.1972857089520903,3.0,-4.125,3.0,0.9597654384273367,0.580973004294617,0,2018,1.4840132949266076,0.25,0,401
10,2.7625156734494394,4.066666666666666,-3.9,5.0,0.909672499750125,0.580973004294617,3,2018,1.4840132949266076,0.125,9,401
4,-0.6665983432574558,10.4,-10.454545454545457,0.0,-0.6842090427767753,0.580973004294617,0,2018,1.4840132949266076,0.0833333333333333,0,401
3,-0.6665983432574558,9.266666666666667,-9.11111111111111,0.0,0.0176106995193206,0.580973004294617,0,2018,1.4840132949266076,0.0833333333333333,0,401
5,-0.6824065630302382,8.0,-11.0,0.0,-0.8160099819179549,0.580973004294617,0,2018,1.4840132949266076,0.0833333333333333,0,401
9,-0.6824065630302382,8.133333333333333,-8.909090909090908,0.0,0.1336034188877173,0.580973004294617,0,2018,1.4840132949266076,0.0833333333333333,0,401
11,-1.4732671468118377,10.533333333333331,-10.666666666666666,0.0,-0.3371849003371671,0.580973004294617,0,2018,1.4840132949266076,0.125,-1,401
14,-1.6796990023586011,12.133333333333333,-12.2,0.0,-1.0193098864944066,0.580973004294617,3,2018,1.4840132949266076,0.125,-1,401
16,0.088745380877823,10.2,-9.181818181818182,0.0,-0.4131812087937975,0.580973004294617,2,2018,1.4840132949266076,0.0416666666666666,-2,401
18,-2.7926683896946063,14.8,-15.0,0.0,-1.7647867563503192,0.580973004294617,3,2018,1.4840132949266076,0.1666666666666666,-2,401
19,-2.7926683896946063,14.666666666666666,-13.444444444444445,0.0,-1.0278816333442886,0.580973004294617,3,2018,1.4840132949266076,0.1666666666666666,-2,401
12,-1.4732671468118377,11.4,-12.714285714285714,0.0,-1.1360822464746692,0.580973004294617,3,2018,1.4840132949266076,0.125,-1,401
20,-0.5011269238777434,12.733333333333333,-11.666666666666666,0.0,-1.2713293649673485,0.580973004294617,3,2018,1.4840132949266076,0.2083333333333333,-2,401
3,2.791543526841399,1.4666666666666666,-2.1666666666666665,5.0,1.889518975092642,0.3590247435285426,0,2018,1.5339609901886635,0.1153846153846153,0,162
1,2.7892939578243383,2.8666666666666667,-3.2,5.0,1.216617690956682,0.3590247435285426,0,2018,1.5339609901886635,0.1153846153846153,0,162
4,2.791543526841399,4.066666666666666,-3.909090909090909,5.0,0.9020245517487588,0.3590247435285426,0,2018,1.5339609901886635,0.1153846153846153,0,162
2,2.7892939578243383,1.8,-2.75,5.0,1.572676266867655,0.3590247435285426,3,2018,1.5339609901886635,0.1153846153846153,0,162
5,2.2327252306892,2.7333333333333334,-4.0,3.0,1.0373023207401868,0.3590247435285426,0,2018,1.5339609901886635,0.2307692307692307,0,162
8,-0.5129511983873098,8.4,-8.8,0.0,0.0677082972184165,0.3590247435285426,0,2018,1.5339609901886635,0.0769230769230769,0,162
16,-0.5129511983873098,8.6,-10.0,0.0,-0.5806594956057267,0.3590247435285426,0,2018,1.5339609901886635,0.0769230769230769,-2,162
7,0.0094671707601994,10.6,-9.333333333333334,0.0,-0.5020333458114111,0.3590247435285426,0,2018,1.5339609901886635,0.0384615384615384,0,162
10,-2.8137436543635945,14.266666666666667,-13.4,0.0,-1.0818278409259945,0.3590247435285426,0,2018,1.5339609901886635,0.1538461538461538,0,162
12,-2.8137436543635945,13.8,-14.7,0.0,-1.7319158134375965,0.3590247435285426,0,2018,1.5339609901886635,0.1538461538461538,0,162
17,-1.6810942927638255,11.4,-11.555555555555555,0.0,-0.6877517272159741,0.3590247435285426,3,2018,1.5339609901886635,0.1153846153846153,-2,162
20,-0.6519067115396721,13.333333333333334,-12.0,0.0,-1.4627584330124392,0.3590247435285426,0,2018,1.5339609901886635,0.1923076923076923,-3,162
14,0.0094671707601994,8.2,-7.333333333333333,0.0,0.5115005165716103,0.3590247435285426,3,2018,1.5339609901886635,0.0384615384615384,6,162
9,-1.5519353474403978,9.866666666666667,-10.5,0.0,-0.2628008223602485,0.3590247435285426,0,2018,1.5339609901886635,0.1153846153846153,0,162
19,-1.6810942927638255,11.333333333333334,-12.0,0.0,-0.993342565547848,0.3590247435285426,0,2018,1.5339609901886635,0.1153846153846153,-1,162
11,-0.6113986816203468,8.266666666666667,-8.833333333333334,0.0,0.1094453386777855,0.3590247435285426,3,2018,1.5339609901886635,0.0769230769230769,0,162
1,2.8909792970082098,1.3333333333333333,-2.076923076923077,6.0,1.9586379077662048,0.609460011249412,0,2018,1.5092137766037588,0.1071428571428571,0,0
2,2.241930577174996,3.533333333333333,-4.1,3.0,1.0457860569008877,0.609460011249412,0,2018,1.5092137766037588,0.25,0,0
3,2.851332786354287,2.333333333333333,-2.8461538461538463,5.0,1.546417568366316,0.609460011249412,0,2018,1.5092137766037588,0.1071428571428571,0,0
4,2.8909792970082098,3.6,-3.8333333333333335,6.0,0.932341389242002,0.609460011249412,0,2018,1.5092137766037588,0.1071428571428571,0,0
5,2.851332786354287,2.6,-3.090909090909091,5.0,1.304915217987967,0.609460011249412,0,2018,1.5092137766037588,0.1071428571428571,0,0
6,2.241930577174996,4.066666666666666,-3.5,3.0,1.196144520274104,0.609460011249412,0,2018,1.5092137766037588,0.25,0,0
11,-0.6819384506599718,7.933333333333334,-7.25,0.0,0.8290413217689954,0.609460011249412,0,2018,1.5092137766037588,0.2142857142857142,0,0
12,-0.0890929909904478,9.8,-9.23076923076923,0.0,-0.4003977340910247,0.609460011249412,0,2018,1.5092137766037588,0.0357142857142857,0,0
13,-1.7673542423943125,11.466666666666669,-11.5,0.0,-0.6495752797896353,0.609460011249412,0,2018,1.5092137766037588,0.1071428571428571,0,0
10,-0.0890929909904478,9.933333333333334,-7.9,0.0,0.3113047431005766,0.609460011249412,0,2018,1.5092137766037588,0.0357142857142857,0,0
14,-1.7673542423943125,12.533333333333331,-12.25,0.0,-1.117778962604682,0.609460011249412,0,2018,1.5092137766037588,0.1071428571428571,0,0
18,-0.6819384506599718,12.866666666666667,-12.0,0.0,-1.510979772428968,0.609460011249412,0,2018,1.5092137766037588,0.2142857142857142,0,0
15,-1.6376264463770984,11.0,-10.818181818181818,0.0,-0.3914092817802642,0.609460011249412,0,2018,1.5092137766037588,0.1428571428571428,0,0
20,-2.6619663292686995,12.4,-13.0,0.0,-0.9975742408030578,0.609460011249412,3,2018,1.5092137766037588,0.1428571428571428,0,0
8,-0.7567277753316721,7.466666666666667,-10.555555555555555,0.0,-0.6468965626497438,0.609460011249412,0,2018,1.5092137766037588,0.0714285714285714,0,0
7,-0.3895364255152595,8.066666666666666,-9.76923076923077,0.0,-0.5348624305989899,0.609460011249412,0,2018,1.5092137766037588,0.0714285714285714,0,0
17,-1.6376264463770984,12.266666666666667,-12.875,0.0,-1.2462171645968372,0.609460011249412,0,2018,1.5092137766037588,0.1428571428571428,0,0
16,-0.7567277753316721,10.933333333333334,-9.384615384615383,0.0,-0.1098312126819275,0.609460011249412,0,2018,1.5092137766037588,0.0714285714285714,0,0
19,-2.6619663292686995,12.466666666666669,-14.272727272727272,0.0,-1.6643920884656476,0.609460011249412,0,2018,1.5092137766037588,0.1428571428571428,0,0
2,3.022122408692618,1.2,-2.0,7.0,2.0647202911599294,0.6245614632582807,0,2018,1.496318823075789,0.1,0,10
1,3.022122408692618,3.733333333333333,-3.8461538461538463,7.0,0.9574021175326948,0.6245614632582807,0,2018,1.496318823075789,0.1,0,10
3,2.92430264072492,2.6,-2.857142857142857,5.0,1.6219571687486858,0.6245614632582807,0,2018,1.496318823075789,0.1,0,10
4,2.92430264072492,3.4,-3.25,5.0,1.3023454719762404,0.6245614632582807,0,2018,1.496318823075789,0.1,0,10
11,2.3546187065681905,3.2,-3.909090909090909,3.0,1.2038400252744472,0.6245614632582807,3,2018,1.496318823075789,0.2333333333333333,8,10
12,2.3546187065681905,4.866666666666666,-3.7777777777777777,3.0,1.1507786812937475,0.6245614632582807,3,2018,1.496318823075789,0.2333333333333333,6,10
7,-1.6515634050468242,10.8,-11.272727272727272,0.0,-0.5548031556566766,0.6245614632582807,0,2018,1.496318823075789,0.1,0,10
5,-0.9878236156109336,13.533333333333331,-10.0,0.0,-0.2625852561483803,0.6245614632582807,0,2018,1.496318823075789,0.0666666666666666,0,10
6,-0.4533600755892364,7.733333333333333,-8.545454545454545,0.0,0.2461415599445287,0.6245614632582807,0,2018,1.496318823075789,0.0666666666666666,0,10
8,-0.4533600755892364,10.533333333333331,-10.214285714285714,0.0,-0.6995016355337669,0.6245614632582807,0,2018,1.496318823075789,0.0666666666666666,0,10
9,-0.9878236156109336,9.933333333333334,-11.0,0.0,-0.725238359462556,0.6245614632582807,0,2018,1.496318823075789,0.0666666666666666,0,10
15,-0.0437599801089488,10.266666666666667,-8.090909090909092,0.0,0.2696599565282407,0.6245614632582807,3,2018,1.496318823075789,0.0333333333333333,-3,10
10,-1.6515634050468242,12.266666666666667,-12.153846153846152,0.0,-1.0967602493901436,0.6245614632582807,0,2018,1.496318823075789,0.1,0,10
17,-0.6144746879324922,7.666666666666667,-7.222222222222222,0.0,0.9256417669208952,0.6245614632582807,0,2018,1.496318823075789,0.2,-1,10
20,-2.772037897397936,12.733333333333333,-13.083333333333334,0.0,-0.954117138395794,0.6245614632582807,0,2018,1.496318823075789,0.1333333333333333,-6,10
19,-0.6144746879324922,12.666666666666666,-12.0,0.0,-1.5401164548533874,0.6245614632582807,0,2018,1.496318823075789,0.2,-4,10
14,-0.0437599801089488,9.0,-9.142857142857142,0.0,-0.3134199366371894,0.6245614632582807,3,2018,1.496318823075789,0.0333333333333333,-3,10
18,-2.772037897397936,14.466666666666669,-14.666666666666666,0.0,-1.81792075900214,0.6245614632582807,0,2018,1.496318823075789,0.1333333333333333,-5,10
1,3.1661611533188734,1.1333333333333333,-1.933333333333333,8.0,2.1319009896066725,0.5046404298425847,3,2018,1.4687711188557744,0.09375,0,44
2,3.1661611533188734,3.2,-3.7142857142857135,8.0,1.0342601637122006,0.5046404298425847,3,2018,1.4687711188557744,0.09375,0,44
3,2.3783078870872973,3.866666666666666,-4.0,3.0,1.240851662676021,0.5046404298425847,0,2018,1.4687711188557744,0.21875,0,44
15,2.3783078870872973,5.333333333333333,-4.0,3.0,1.137456224411283,0.5046404298425847,3,2018,1.4687711188557744,0.21875,0,44
4,2.9989442030729463,3.6666666666666665,-3.3076923076923075,5.0,1.3263516783822802,0.5046404298425847,0,2018,1.4687711188557744,0.09375,0,44
9,2.9989442030729463,2.8666666666666667,-2.8666666666666667,5.0,1.672592524690672,0.5046404298425847,0,2018,1.4687711188557744,0.09375,-1,44
10,-0.4149084800517174,10.6,-10.2,0.0,-0.6792413228763955,0.5046404298425847,0,2018,1.4687711188557744,0.0625,-1,44
5,-0.9217093896733564,10.8,-11.0,0.0,-0.7466382989393565,0.5046404298425847,3,2018,1.4687711188557744,0.0625,0,44
8,-0.4149084800517174,8.066666666666666,-8.583333333333334,0.0,0.2643328428246757,0.5046404298425847,0,2018,1.4687711188557744,0.0625,3,44
13,-0.2233834454553774,11.466666666666669,-9.666666666666666,0.0,-0.4741561708660061,0.5046404298425847,3,2018,1.4687711188557744,0.03125,0,44
7,-1.7318706234399457,11.6,-11.0,0.0,-0.3356358465595178,0.5046404298425847,0,2018,1.4687711188557744,0.1875,0,44
20,-1.555809461680675,12.6,-12.214285714285714,0.0,-1.1698163748298231,0.5046404298425847,3,2018,1.4687711188557744,0.09375,0,44
6,-1.7318706234399457,13.866666666666667,-13.333333333333334,0.0,-1.3962347768804295,0.5046404298425847,0,2018,1.4687711188557744,0.1875,0,44
18,-0.8178630773138753,9.733333333333333,-7.9,0.0,0.7857035041657723,0.5046404298425847,3,2018,1.4687711188557744,0.1875,0,44
19,-0.8178630773138753,13.8,-12.307692307692308,0.0,-1.6035665814796471,0.5046404298425847,3,2018,1.4687711188557744,0.1875,0,44
17,-2.8778687658641937,15.733333333333333,-14.923076923076923,0.0,-1.917238048094508,0.5046404298425847,3,2018,1.4687711188557744,0.125,0,44
14,-2.8778687658641937,13.4,-13.23076923076923,0.0,-0.9606307177696848,0.5046404298425847,3,2018,1.4687711188557744,0.125,0,44
3,2.970585947409433,4.2,-3.4285714285714284,5.0,1.3359489944229044,0.537497071921914,0,2018,1.4481167623832891,0.088235294117647,-1,150
15,2.465388451524649,3.6,-3.923076923076923,3.0,1.3004736231337009,0.537497071921914,3,2018,1.4481167623832891,0.2058823529411764,3,150
1,3.27115266736015,1.0666666666666669,-1.875,9.0,2.1800985501134376,0.537497071921914,0,2018,1.4481167623832891,0.088235294117647,0,150
2,2.970585947409433,4.0,-3.0625,5.0,1.6346369529865374,0.537497071921914,0,2018,1.4481167623832891,0.088235294117647,3,150
4,3.27115266736015,2.6666666666666665,-3.6,9.0,1.0910541172467134,0.537497071921914,0,2018,1.4481167623832891,0.088235294117647,-1,150
7,-0.2155366794917538,11.2,-8.416666666666666,0.0,0.2662634127222085,0.537497071921914,0,2018,1.4481167623832891,0.0588235294117647,0,150
11,-0.2155366794917538,11.266666666666667,-9.6875,0.0,-0.4818000922139626,0.537497071921914,0,2018,1.4481167623832891,0.0588235294117647,0,150
10,-0.3508158158575798,9.466666666666669,-10.0,0.0,-0.590795364897469,0.537497071921914,0,2018,1.4481167623832891,0.0588235294117647,0,150
14,-1.7486394911469456,13.8,-13.3,0.0,-1.430744673923059,0.537497071921914,0,2018,1.4481167623832891,0.1764705882352941,6,150
19,-1.5480922098924692,12.333333333333334,-12.2,0.0,-1.1776371704070296,0.537497071921914,3,2018,1.4481167623832891,0.1176470588235294,-3,150
20,-0.9966115831117612,14.266666666666667,-12.5,0.0,-1.6417770560609768,0.537497071921914,0,2018,1.4481167623832891,0.1764705882352941,-3,150
13,-1.7486394911469456,11.533333333333331,-11.0,0.0,-0.3178948172238858,0.537497071921914,0,2018,1.4481167623832891,0.1764705882352941,6,150
17,-2.994206391303898,16.066666666666666,-15.0,0.0,-1.9346424771191968,0.537497071921914,0,2018,1.4481167623832891,0.1176470588235294,-3,150
18,-2.994206391303898,14.533333333333331,-13.5,0.0,-1.0595639141846962,0.537497071921914,0,2018,1.4481167623832891,0.1176470588235294,-3,150
2,2.494693592844321,3.066666666666667,-3.7857142857142856,3.0,1.3735641205650444,0.4730628407074028,0,2018,1.4470309105048529,0.2222222222222222,0,2285
4,3.0027379173786333,4.2,-3.117647058823529,6.0,1.5833396903832018,0.4730628407074028,0,2018,1.4470309105048529,0.0833333333333333,0,2285
6,3.0027379173786333,3.2666666666666666,-3.2666666666666666,6.0,1.4193982269954186,0.4730628407074028,0,2018,1.4470309105048529,0.0833333333333333,0,2285
3,3.233501390674557,1.6666666666666667,-1.9411764705882355,9.0,2.1785390674616303,0.4730628407074028,0,2018,1.4470309105048529,0.0833333333333333,0,2285
5,3.233501390674557,3.333333333333333,-3.6875,9.0,1.0549623232129086,0.4730628407074028,0,2018,1.4470309105048529,0.0833333333333333,0,2285
7,-0.1524783777038109,9.733333333333333,-8.23076923076923,0.0,0.3147813559092768,0.4730628407074028,0,2018,1.4470309105048529,0.0555555555555555,0,2285
9,-1.5520512408642233,9.533333333333331,-10.916666666666666,0.0,-0.3978709004211547,0.4730628407074028,0,2018,1.4470309105048529,0.1111111111111111,0,2285
17,-1.0191515080660527,13.266666666666667,-12.4,0.0,-1.6475261809487791,0.4730628407074028,0,2018,1.4470309105048529,0.1666666666666666,-2,2285
10,-1.5520512408642233,11.6,-12.0625,0.0,-1.154180340443072,0.4730628407074028,0,2018,1.4470309105048529,0.1111111111111111,0,2285
15,-1.7369108547991876,12.0,-11.071428571428571,0.0,-0.4081097027759233,0.4730628407074028,0,2018,1.4470309105048529,0.1666666666666666,5,2285
11,-0.3527695564453945,8.266666666666667,-8.615384615384615,0.0,0.210592936379981,0.4730628407074028,0,2018,1.4470309105048529,0.0555555555555555,0,2285
19,-3.0354130761772264,14.666666666666666,-13.533333333333331,0.0,-1.1176214082624725,0.4730628407074028,0,2018,1.4470309105048529,0.1111111111111111,-2,2285
20,-3.0354130761772264,15.4,-14.866666666666667,0.0,-1.9177916679147573,0.4730628407074028,0,2018,1.4470309105048529,0.1111111111111111,-1,2285
14,-1.7369108547991876,12.466666666666669,-12.909090909090908,0.0,-1.3288011520232648,0.4730628407074028,0,2018,1.4470309105048529,0.1666666666666666,0,2285
18,-0.8821582868415851,12.2,-9.866666666666667,0.0,-0.2096143717266837,0.4730628407074028,0,2018,1.4470309105048529,0.0555555555555555,-2,2285
16,-0.8821582868415851,10.2,-10.75,0.0,-0.6725439151149019,0.4730628407074028,0,2018,1.4470309105048529,0.0555555555555555,2,2285
1,3.204850076703756,2.533333333333333,-2.055555555555556,9.0,2.162488461560937,0.3982369960176812,0,2018,1.456397704688808,0.0789473684210526,0,785
5,2.5601417203888843,2.2666666666666666,-3.6,4.0,1.4787471081087171,0.3982369960176812,0,2018,1.456397704688808,0.2368421052631578,0,785
4,3.050037797401426,3.1333333333333333,-3.25,6.0,1.430574700480184,0.3982369960176812,3,2018,1.456397704688808,0.0789473684210526,0,785
6,2.5601417203888843,5.0,-4.0,4.0,1.0813946122801692,0.3982369960176812,0,2018,1.456397704688808,0.2368421052631578,5,785
3,3.204850076703756,3.933333333333333,-3.764705882352941,9.0,1.0423616151428188,0.3982369960176812,0,2018,1.456397704688808,0.0789473684210526,0,785
2,3.050037797401426,3.533333333333333,-3.055555555555556,6.0,1.6194630969212398,0.3982369960176812,3,2018,1.456397704688808,0.0789473684210526,0,785
8,-1.4471402244224287,8.466666666666667,-10.615384615384617,0.0,-0.3070784999116196,0.3982369960176812,0,2018,1.456397704688808,0.1052631578947368,-1,785
9,-1.096625726355064,12.133333333333333,-11.153846153846152,0.0,-0.8098615786540113,0.3982369960176812,0,2018,1.456397704688808,0.0526315789473684,-1,785
11,-1.096625726355064,13.4,-10.1875,0.0,-0.2867641477010509,0.3982369960176812,3,2018,1.456397704688808,0.0526315789473684,-1,785
12,-0.4002921854030666,9.133333333333333,-9.882352941176473,0.0,-0.5399650261843932,0.3982369960176812,0,2018,1.456397704688808,0.0789473684210526,0,785
17,-1.7766799426570004,12.866666666666667,-13.0,0.0,-1.4175338676302205,0.3982369960176812,2,2018,1.456397704688808,0.1578947368421052,-1,785
16,-0.1115935120144984,10.0,-9.529411764705882,0.0,-0.4995677205688875,0.3982369960176812,3,2018,1.456397704688808,0.0789473684210526,-1,785
10,-1.7766799426570004,11.4,-11.0,0.0,-0.3591460750267793,0.3982369960176812,0,2018,1.456397704688808,0.1578947368421052,-1,785
20,-0.9653136772805332,11.533333333333331,-12.125,0.0,-1.5598872714503067,0.3982369960176812,3,2018,1.456397704688808,0.1842105263157894,0,785
13,-0.4002921854030666,9.066666666666666,-8.785714285714286,0.0,0.139672840781329,0.3982369960176812,3,2018,1.456397704688808,0.0789473684210526,5,785
15,-3.0173843263614804,14.666666666666666,-14.75,0.0,-1.9126051184810489,0.3982369960176812,3,2018,1.456397704688808,0.1052631578947368,-1,785
18,-0.9653136772805332,11.4,-8.454545454545455,0.0,0.5945735941697727,0.3982369960176812,3,2018,1.456397704688808,0.1842105263157894,-1,785
19,-3.0173843263614804,14.066666666666666,-13.4375,0.0,-1.104779207880432,0.3982369960176812,3,2018,1.456397704688808,0.1052631578947368,0,785
1,3.2617564994045547,2.2,-2.0,10.0,2.241028085966865,0.4407187912217709,0,2018,1.4502444861210342,0.075,0,3
3,3.0702857091970914,4.333333333333333,-3.210526315789474,6.0,1.573626405738072,0.4407187912217709,0,2018,1.4502444861210342,0.075,0,3
6,2.657961033913722,2.066666666666667,-3.5,4.0,1.5536358940522697,0.4407187912217709,0,2018,1.4502444861210342,0.225,0,3
5,2.657961033913722,4.666666666666667,-4.0,4.0,1.1043251398614533,0.4407187912217709,0,2018,1.4502444861210342,0.225,0,3
2,3.2617564994045547,4.4,-3.8333333333333335,10.0,1.0207284134376795,0.4407187912217709,0,2018,1.4502444861210342,0.075,0,3
11,-0.1240285141661305,10.666666666666666,-9.666666666666666,0.0,-0.5531000772407904,0.4407187912217709,0,2018,1.4502444861210342,0.1,0,3
8,-1.3517847826127485,7.533333333333333,-10.357142857142858,0.0,-0.1881044394593638,0.4407187912217709,0,2018,1.4502444861210342,0.1,0,3
14,-0.4842012645806816,9.266666666666667,-9.88888888888889,0.0,-0.4643200517363635,0.4407187912217709,0,2018,1.4502444861210342,0.075,0,3
7,-1.000346050010026,11.0,-10.928571428571429,0.0,-0.7267432337058058,0.4407187912217709,0,2018,1.4502444861210342,0.05,0,3
13,-1.000346050010026,12.066666666666666,-10.117647058823527,0.0,-0.2736028163042177,0.4407187912217709,0,2018,1.4502444861210342,0.05,0,3
15,-1.1498452506865726,13.666666666666666,-9.166666666666666,0.0,0.3629301570267642,0.4407187912217709,0,2018,1.4502444861210342,0.175,0,3
16,-1.7684887718987432,12.066666666666666,-12.846153846153848,0.0,-1.353764764871563,0.4407187912217709,0,2018,1.4502444861210342,0.15,0,3
20,-3.111308608560465,15.266666666666667,-13.705882352941176,0.0,-1.2037211977759088,0.4407187912217709,0,2018,1.4502444861210342,0.1,0,3
18,-1.1498452506865726,12.066666666666666,-12.235294117647058,0.0,-1.512775407713335,0.4407187912217709,0,2018,1.4502444861210342,0.175,0,3
19,-3.111308608560465,14.733333333333333,-14.823529411764708,0.0,-1.9075874107845607,0.4407187912217709,0,2018,1.4502444861210342,0.1,0,3
2,3.115740588782967,4.8,-3.8947368421052633,11.0,0.9643820198379416,0.5308215692559746,3,2019,1.2,0.0714285714285714,0,13
1,3.115740588782967,1.8666666666666667,-1.95,11.0,2.1513585689450205,0.5308215692559746,3,2019,1.2,0.0714285714285714,0,13
4,2.5314571524627407,2.2,-3.4705882352941178,4.0,1.4848583807020364,0.5308215692559746,3,2019,1.2,0.2142857142857142,0,13
3,2.9328978122221714,3.6,-3.15,6.0,1.5411443516494818,0.5308215692559746,3,2019,1.2,0.0952380952380952,0,13
5,2.9328978122221714,7.133333333333334,0.0,6.0,-0.1269744366659892,0.5308215692559746,3,2019,1.2,0.0952380952380952,0,13
7,-0.9391961264430808,11.0,-10.11111111111111,0.0,-0.2989099261790158,0.5308215692559746,3,2019,1.2,0.0476190476190476,0,13
11,-0.0886166557205577,8.2,-8.071428571428571,0.0,0.3425638589423337,0.5308215692559746,3,2019,1.2,0.0952380952380952,0,13
9,0.0,2.933333333333333,0.0,0.0,1.3917534605726856,0.5308215692559746,3,2019,1.2,0.0,0,13
16,0.0,14.533333333333331,0.0,0.0,-1.1614640396629787,0.5308215692559746,2,2019,1.2,0.0,0,13
15,-1.6847950693262472,0.0,0.0,0.0,0.0,0.5308215692559746,2,2019,1.2,0.1666666666666666,0,13
17,2.5314571524627407,11.733333333333333,0.0,4.0,-0.4302639310164462,0.5308215692559746,2,2019,1.2,0.2142857142857142,0,13
8,-1.1793587060400326,0.0,0.0,0.0,0.0,0.5308215692559746,3,2019,1.2,0.1666666666666666,0,13
10,0.0,8.533333333333333,0.0,0.0,-0.4025501421579455,0.5308215692559746,3,2019,1.2,0.0,0,13
13,-1.6847950693262472,0.0,0.0,0.0,0.0,0.5308215692559746,3,2019,1.2,0.1666666666666666,0,13
14,0.0,0.0,0.0,0.0,0.0,0.5308215692559746,2,2019,1.2,0.0,0,13
19,-2.9932639618055576,0.0,0.0,0.0,0.0,0.5308215692559746,2,2019,1.2,0.0952380952380952,0,13
20,-2.9932639618055576,0.0,0.0,0.0,0.0,0.5308215692559746,1,2019,1.2,0.0952380952380952,0,13
3,3.320241561872724,1.8666666666666667,-1.9523809523809523,12.0,2.2095916381921312,0.5149071748575729,3,2019,1.8235294117647056,0.0681818181818181,0,7
4,3.320241561872724,3.6666666666666665,-3.75,12.0,1.110649923680595,0.5149071748575729,3,2019,1.8235294117647056,0.0681818181818181,0,7
1,3.088880709128429,6.333333333333333,-5.0,6.0,-0.0249020411825007,0.5149071748575729,3,2019,1.8235294117647056,0.0909090909090909,0,7
5,2.478489722491416,2.466666666666667,-3.4444444444444446,4.0,1.7073092314154388,0.5149071748575729,3,2019,1.8235294117647056,0.2045454545454545,0,7
2,3.088880709128429,3.6,-3.1904761904761907,6.0,1.5828282671366023,0.5149071748575729,3,2019,1.8235294117647056,0.0909090909090909,0,7
10,-1.1568369076723075,12.0,-12.0,0.0,-0.1800009819368667,0.5149071748575729,3,2019,1.8235294117647056,0.1818181818181818,-1,7
9,-0.5153706940175803,4.533333333333333,-8.0,0.0,1.4216701639632494,0.5149071748575729,3,2019,1.8235294117647056,0.0,-1,7
13,2.478489722491416,11.466666666666669,-11.0,4.0,-0.543735479346042,0.5149071748575729,3,2019,1.8235294117647056,0.2045454545454545,0,7
12,-1.6029941489788628,14.0,-14.0,0.0,-0.3209175109191932,0.5149071748575729,3,2019,1.8235294117647056,0.1590909090909091,0,7
14,-0.2415123012070224,10.0,-13.0,0.0,-0.5368143313175426,0.5149071748575729,3,2019,1.8235294117647056,0.0,0,7
16,-0.5153706940175803,15.0,-15.0,0.0,-0.5108829698193182,0.5149071748575729,3,2019,1.8235294117647056,0.0,0,7
15,-1.6029941489788628,10.0,-10.0,0.0,0.0426462302565011,0.5149071748575729,3,2019,1.8235294117647056,0.1590909090909091,0,7
6,-0.7521225670343924,9.0,-9.894736842105264,0.0,-0.125197656182168,0.5149071748575729,3,2019,1.8235294117647056,0.0681818181818181,0,7
18,-0.2415123012070224,12.6,-9.0,0.0,-0.8377422504806207,0.5149071748575729,3,2019,1.8235294117647056,0.0,0,7
19,-3.273769329373704,16.0,-16.0,0.0,-0.3513264267448748,0.5149071748575729,3,2019,1.8235294117647056,0.0909090909090909,0,7
20,-3.273769329373704,17.0,-17.0,0.0,-0.4422173620387984,0.5149071748575729,2,2019,1.8235294117647056,0.0909090909090909,0,7
2,3.4236464461050864,1.4666666666666666,-1.9090909090909087,13.0,2.257844132460147,0.5375006108676688,2,2019,1.4736842105263157,0.0652173913043478,0,5
1,3.4236464461050864,2.933333333333333,-3.6666666666666665,13.0,1.1658023136449496,0.5375006108676688,2,2019,1.4736842105263157,0.0652173913043478,0,5
3,3.182053154330011,4.066666666666666,-3.272727272727273,6.0,1.5212477759557637,0.5375006108676688,2,2019,1.4736842105263157,0.0869565217391304,0,5
5,2.4719643269913614,3.066666666666667,-3.473684210526316,4.0,1.764078235539119,0.5375006108676688,2,2019,1.4736842105263157,0.1956521739130435,0,5
4,3.182053154330011,5.133333333333334,-4.0,6.0,0.1303704908436591,0.5375006108676688,2,2019,1.4736842105263157,0.0869565217391304,0,5
6,2.4719643269913614,10.333333333333334,-9.5,4.0,-0.5890450827451468,0.5375006108676688,3,2019,1.4736842105263157,0.1956521739130435,0,5
7,0.0768348515568588,4.4,0.0,0.0,1.2018330243115398,0.5375006108676688,3,2019,1.4736842105263157,0.1304347826086956,0,5
12,-0.5405070655897448,10.266666666666667,-11.5,0.0,-0.5097315484356392,0.5375006108676688,2,2019,1.4736842105263157,0.0,0,5
13,-0.5034002417099379,5.533333333333333,-7.5,0.0,1.4369048027883102,0.5375006108676688,2,2019,1.4736842105263157,0.0,0,5
21,-1.5506780607230477,11.22222222222222,-11.5,0.0,-0.1732762763252816,0.5375006108676688,3,2019,1.4736842105263157,0.1521739130434782,0,5
10,-0.7892919761975787,10.133333333333333,-10.8,0.0,-0.5847291646119966,0.5375006108676688,3,2019,1.4736842105263157,0.0652173913043478,0,5
16,-0.5405070655897448,12.866666666666667,-11.5,0.0,-0.8951126628696868,0.5375006108676688,2,2019,1.4736842105263157,0.0,0,5
9,-0.7892919761975787,10.133333333333333,-10.05,0.0,-0.204562811585584,0.5375006108676688,3,2019,1.4736842105263157,0.0652173913043478,0,5
14,-0.9765500380336112,9.066666666666666,0.0,0.0,-0.3785996984717733,0.5375006108676688,2,2019,1.4736842105263157,0.1739130434782608,0,5
19,-0.5034002417099379,12.77777777777778,-13.0,0.0,-0.5977113801156115,0.5375006108676688,3,2019,1.4736842105263157,0.0,0,5
17,-3.372155347255863,15.444444444444445,-15.5,0.0,-0.5371569076067255,0.5375006108676688,2,2019,1.4736842105263157,0.0869565217391304,0,5
18,-3.372155347255863,16.444444444444443,-16.5,0.0,-0.7039138495306407,0.5375006108676688,2,2019,1.4736842105263157,0.0869565217391304,0,5
1,3.542695073880915,2.4,-3.590909090909091,14.0,1.228485121268006,0.7626703882487831,3,2019,2.3846153846153846,0.0625,0,0
2,3.542695073880915,1.2,-1.8695652173913044,14.0,2.314209952612892,0.7626703882487831,3,2019,2.3846153846153846,0.0625,0,0
3,3.2652348507346245,3.8,-3.260869565217391,6.0,1.5643833854985214,0.7626703882487831,3,2019,2.3846153846153846,0.0833333333333333,0,0
4,2.555743815810567,3.533333333333333,-3.5,4.0,1.7899569500324266,0.7626703882487831,3,2019,2.3846153846153846,0.1875,0,0
9,3.2652348507346245,4.866666666666666,-4.333333333333333,6.0,0.1788055622034015,0.7626703882487831,2,2019,2.3846153846153846,0.0833333333333333,-1,0
5,-0.5235941726059856,9.666666666666666,-10.333333333333334,0.0,-0.3840051444243598,0.7626703882487831,3,2019,2.3846153846153846,0.0,0,0
10,-1.0805553142423925,10.266666666666667,-14.0,0.0,-0.5634317732704364,0.7626703882487831,3,2019,2.3846153846153846,0.1666666666666666,-1,0
7,-1.0805553142423925,8.666666666666666,-9.0,0.0,0.1783678918352043,0.7626703882487831,3,2019,2.3846153846153846,0.1666666666666666,0,0
14,-0.5235941726059856,12.466666666666669,-11.666666666666666,0.0,-0.8441420636186902,0.7626703882487831,3,2019,2.3846153846153846,0.0,-1,0
21,-0.7928415467240603,7.066666666666666,-8.0,0.0,1.440429840733401,0.7626703882487831,3,2019,2.3846153846153846,0.0,0,0
12,-1.5005032849971234,10.666666666666666,-11.0,0.0,-0.1173580524163399,0.7626703882487831,3,2019,2.3846153846153846,0.1458333333333333,-1,0
8,-0.7928415467240603,13.666666666666666,-13.666666666666666,0.0,-0.8957507988104243,0.7626703882487831,3,2019,2.3846153846153846,0.0,9,0
13,-0.8126777467547244,10.933333333333334,-10.19047619047619,0.0,-0.254654490556626,0.7626703882487831,3,2019,2.3846153846153846,0.0625,-1,0
16,0.2390284896730865,7.4,-8.0,0.0,0.4136736382191537,0.7626703882487831,3,2019,2.3846153846153846,0.1458333333333333,-1,0
17,-3.4976919988414523,15.666666666666666,-15.666666666666666,0.0,-0.733590862693881,0.7626703882487831,2,2019,2.3846153846153846,0.0833333333333333,-1,0
21,-3.4976919988414523,16.666666666666668,-16.666666666666668,0.0,-0.9645649086706792,0.7626703882487831,2,2019,2.3846153846153846,0.0833333333333333,0,0
2,3.610747521375609,1.4666666666666666,-1.875,15.0,2.310519671742666,0.5090327112959661,3,2019,1.3571428571428572,0.06,0,109
1,3.610747521375609,1.7333333333333334,-3.4782608695652173,15.0,1.3002278496329314,0.5090327112959661,3,2019,1.3571428571428572,0.06,0,109
4,2.563072696223041,3.8,-3.523809523809524,4.0,1.811138569196745,0.5090327112959661,3,2019,1.3571428571428572,0.2,0,109
3,3.3183776595091827,3.466666666666667,-3.25,6.0,1.571290236780648,0.5090327112959661,3,2019,1.3571428571428572,0.08,0,109
5,3.3183776595091827,4.733333333333333,-4.5,6.0,0.1963462426149582,0.5090327112959661,3,2019,1.3571428571428572,0.08,0,109
6,2.563072696223041,8.733333333333333,-8.333333333333334,4.0,-0.5272543800524395,0.5090327112959661,3,2019,1.3571428571428572,0.2,0,109
8,-0.8600996211934228,11.866666666666667,-10.318181818181818,0.0,-0.3296770860183511,0.5090327112959661,3,2019,1.3571428571428572,0.08,0,109
13,-0.8934665751181943,9.333333333333334,-10.5,0.0,-0.3373784100520303,0.5090327112959661,3,2019,1.3571428571428572,0.16,-1,109
9,-1.5094145846375595,11.11111111111111,-11.0,0.0,-0.0826520285947402,0.5090327112959661,3,2019,1.3571428571428572,0.14,0,109
7,-0.8600996211934228,10.333333333333334,-10.8125,0.0,-0.5304225351750703,0.5090327112959661,3,2019,1.3571428571428572,0.08,0,109
12,-1.5094145846375595,10.714285714285714,-11.0,0.0,-0.1421768926598592,0.5090327112959661,3,2019,1.3571428571428572,0.14,-1,109
10,0.0545127967991933,5.133333333333334,-7.0,0.0,1.2352123381924818,0.5090327112959661,3,2019,1.3571428571428572,0.14,3,109
21,0.0545127967991933,9.333333333333334,-8.375,0.0,0.2659261043223488,0.5090327112959661,2,2019,1.3571428571428572,0.14,0,109
14,-0.930704523562512,8.4,-8.5,0.0,1.3755491705412466,0.5090327112959661,2,2019,1.3571428571428572,0.0,0,109
15,-0.2767394652179545,8.4,-9.25,0.0,-0.2467703978417003,0.5090327112959661,3,2019,1.3571428571428572,0.0,0,109
18,-0.930704523562512,13.071428571428571,-13.25,0.0,-0.9502297526666018,0.5090327112959661,3,2019,1.3571428571428572,0.0,0,109
19,-3.611488462010808,15.428571428571429,-15.5,0.0,-0.8270515395940908,0.5090327112959661,2,2019,1.3571428571428572,0.08,0,109
20,-3.611488462010808,16.428571428571427,-16.5,0.0,-1.113028255911361,0.5090327112959661,2,2019,1.3571428571428572,0.08,-3,109
1,3.7347781609467816,1.3333333333333333,-1.84,16.0,2.3715678874467963,0.6361057815899267,3,2019,1.3529411764705883,0.0576923076923076,0,7
4,3.448419378382468,3.6666666666666665,-3.28,6.0,1.5623644743193226,0.6361057815899267,3,2019,1.3529411764705883,0.0769230769230769,0,7
2,3.7347781609467816,1.6666666666666667,-3.4166666666666665,16.0,1.363210273499976,0.6361057815899267,3,2019,1.3529411764705883,0.0576923076923076,0,7
3,2.749449280382976,3.6,-3.5,4.0,1.821773731474997,0.6361057815899267,3,2019,1.3529411764705883,0.1923076923076923,0,7
5,2.749449280382976,7.533333333333333,-7.75,4.0,-0.4943640232188904,0.6361057815899267,3,2019,1.3529411764705883,0.1923076923076923,3,7
9,-0.7677624450446413,8.933333333333334,-9.666666666666666,0.0,-0.0868550068217662,0.6361057815899267,3,2019,1.3529411764705883,0.1538461538461538,0,7
8,-1.4139848365244194,10.25,-10.333333333333334,0.0,0.0433791007994752,0.6361057815899267,3,2019,1.3529411764705883,0.1346153846153846,-1,7
10,-1.4139848365244194,10.733333333333333,-11.0,0.0,-0.1604696982523356,0.6361057815899267,3,2019,1.3529411764705883,0.1346153846153846,0,7
7,-0.1593510382683514,7.466666666666667,-9.5,0.0,1.034136266114778,0.6361057815899267,3,2019,1.3529411764705883,0.1346153846153846,-1,7
13,-0.7408984151300854,10.2,-10.764705882352942,0.0,-0.5181407264546941,0.6361057815899267,3,2019,1.3529411764705883,0.0769230769230769,0,7
12,-0.7677624450446413,8.333333333333334,-8.666666666666666,0.0,0.2786157643440824,0.6361057815899267,2,2019,1.3529411764705883,0.1538461538461538,0,7
17,-0.5098820072779868,10.4,-10.4,0.0,-0.3906222612150736,0.6361057815899267,2,2019,1.3529411764705883,0.0,-1,7
11,-0.1593510382683514,10.666666666666666,-8.647058823529411,0.0,0.2688334881004133,0.6361057815899267,2,2019,1.3529411764705883,0.1346153846153846,0,7
6,-0.7408984151300854,10.533333333333331,-10.173913043478262,0.0,-0.2227576886753901,0.6361057815899267,3,2019,1.3529411764705883,0.0769230769230769,-1,7
19,-3.7397511330290354,15.933333333333334,-15.8,0.0,-0.9848550658252776,0.6361057815899267,2,2019,1.3529411764705883,0.0769230769230769,0,7
18,-0.5098820072779868,11.066666666666666,-11.0,0.0,-0.6049716190129173,0.6361057815899267,2,2019,1.3529411764705883,0.0,-1,7
14,-1.3330702032075794,10.6,-9.6,0.0,1.2635886419399172,0.6361057815899267,3,2019,1.3529411764705883,0.0,0,7
20,-3.7397511330290354,16.933333333333334,-16.8,0.0,-1.3184839241870965,0.6361057815899267,2,2019,1.3529411764705883,0.0769230769230769,0,7
15,-1.3330702032075794,14.0,-13.8,0.0,-1.1206896775804978,0.6361057815899267,3,2019,1.3529411764705883,0.0,3,7
2,3.8432374206334585,1.2,-1.807692307692308,17.0,2.4416565386504705,0.571215937426514,2,2019,1.1176470588235294,0.0555555555555555,0,7
1,3.6066744879590136,3.066666666666667,-3.230769230769231,6.0,1.6015194216347948,0.571215937426514,2,2019,1.1176470588235294,0.074074074074074,0,7
3,3.6066744879590136,4.733333333333333,-4.6,6.0,0.2491375594160289,0.571215937426514,2,2019,1.1176470588235294,0.074074074074074,0,7
6,3.8432374206334585,2.1333333333333333,-3.4,17.0,1.401580881982988,0.571215937426514,2,2019,1.1176470588235294,0.0555555555555555,0,7
11,2.895246423286816,3.733333333333333,-3.5217391304347827,4.0,1.821062550598917,0.571215937426514,1,2019,1.1176470588235294,0.1851851851851851,-2,7
4,-0.2528773001155054,8.4,-9.333333333333334,0.0,1.0152704976040254,0.571215937426514,3,2019,1.1176470588235294,0.1296296296296296,0,7
7,-0.2528773001155054,11.933333333333334,-8.88888888888889,0.0,0.2297072275117759,0.571215937426514,3,2019,1.1176470588235294,0.1296296296296296,0,7
5,2.895246423286816,6.266666666666667,-7.2,4.0,-0.4663539719977814,0.571215937426514,3,2019,1.1176470588235294,0.1851851851851851,0,7
18,-0.8107864163774688,12.6,-12.0,0.0,-0.6947713037948818,0.571215937426514,1,2019,1.1176470588235294,0.0,-1,7
12,-1.2187777928558543,9.071428571428571,-9.5,0.0,0.2694194155625349,0.571215937426514,2,2019,1.1176470588235294,0.1296296296296296,-2,7
9,-0.6214499728746012,7.8,-8.75,0.0,0.1552376930702993,0.571215937426514,3,2019,1.1176470588235294,0.1481481481481481,2,7
16,-0.8107864163774688,10.933333333333334,-10.666666666666666,0.0,-0.3449672601534503,0.571215937426514,2,2019,1.1176470588235294,0.0,-1,7
13,-1.8597884654724808,15.733333333333333,-14.666666666666666,0.0,-1.3446532796322794,0.571215937426514,1,2019,1.1176470588235294,0.0,-1,7
15,-0.7288560140613077,9.933333333333334,-10.72222222222222,0.0,-0.4417829696579508,0.571215937426514,2,2019,1.1176470588235294,0.074074074074074,-1,7
17,-1.8597884654724808,13.066666666666666,-10.833333333333334,0.0,1.1070536400447175,0.571215937426514,2,2019,1.1176470588235294,0.0,-1,7
19,-3.7073266088534416,15.666666666666666,-15.666666666666666,0.0,-1.026335955564426,0.571215937426514,2,2019,1.1176470588235294,0.074074074074074,-1,7
21,-0.7288560140613077,11.733333333333333,-10.333333333333334,0.0,-0.287073044403359,0.571215937426514,1,2019,1.1176470588235294,0.074074074074074,0,7
20,-3.7073266088534416,17.333333333333332,-17.0,0.0,-1.526759271569217,0.571215937426514,2,2019,1.1176470588235294,0.074074074074074,-1,7
1,3.893739677418069,1.1333333333333333,-1.7777777777777777,18.0,2.4976304796657147,0.5406789877047884,2,2019,1.1333333333333333,0.0535714285714285,0,406
2,3.893739677418069,2.8,-3.423076923076923,18.0,1.3961091977523503,0.5406789877047884,2,2019,1.1333333333333333,0.0535714285714285,0,406
3,3.7687843257746056,4.2,-4.333333333333333,6.0,0.3307701926362975,0.5406789877047884,2,2019,1.1333333333333333,0.0714285714285714,0,406
4,2.8507858687494,4.133333333333334,-3.583333333333333,4.0,1.8629661017614936,0.5406789877047884,2,2019,1.1333333333333333,0.1785714285714285,0,406
7,3.7687843257746056,2.6,-3.185185185185185,6.0,1.582937747603824,0.5406789877047884,2,2019,1.1333333333333333,0.0714285714285714,0,406
6,-0.623283552553388,8.733333333333333,-9.2,0.0,0.065747522849862,0.5406789877047884,2,2019,1.1333333333333333,0.1607142857142857,0,406
12,-2.0350303675624675,14.266666666666667,-11.428571428571429,0.0,0.9388472045222528,0.5406789877047884,1,2019,1.1333333333333333,0.0,0,406
13,-0.1015679834277309,10.733333333333333,-8.789473684210526,0.0,0.252417704242462,0.5406789877047884,1,2019,1.1333333333333333,0.125,0,406
5,-0.623283552553388,9.214285714285714,-9.25,0.0,0.1827592439760053,0.5406789877047884,2,2019,1.1333333333333333,0.1607142857142857,0,406
9,2.8507858687494,6.533333333333333,-7.333333333333333,4.0,-0.4901173213019088,0.5406789877047884,3,2019,1.1333333333333333,0.1785714285714285,0,406
8,-0.1015679834277309,8.0,-8.5,0.0,1.1369013068117342,0.5406789877047884,2,2019,1.1333333333333333,0.125,0,406
14,-0.8016781541735291,11.533333333333331,-10.857142857142858,0.0,-0.3928900668420012,0.5406789877047884,2,2019,1.1333333333333333,0.0,0,406
18,-0.8016781541735291,11.6,-11.5,0.0,-0.5617260890627269,0.5406789877047884,1,2019,1.1333333333333333,0.0,-1,406
16,-1.1761770340986908,9.266666666666667,-9.6,0.0,0.2812163565313213,0.5406789877047884,1,2019,1.1333333333333333,0.125,3,406
11,-1.1761770340986908,9.733333333333333,-10.5,0.0,-0.0221841203835614,0.5406789877047884,2,2019,1.1333333333333333,0.125,0,406
10,-2.0350303675624675,15.2,-14.428571428571429,0.0,-1.288113449843724,0.5406789877047884,3,2019,1.1333333333333333,0.0,0,406
15,-0.8645441294328811,13.4,-10.6,0.0,-0.3882440469911331,0.5406789877047884,2,2019,1.1333333333333333,0.0714285714285714,0,406
20,-3.810932717828696,17.666666666666668,-17.142857142857142,0.0,-1.6745967596115334,0.5406789877047884,2,2019,1.1333333333333333,0.0714285714285714,-2,406
19,-3.810932717828696,15.8,-15.714285714285714,0.0,-1.0859252816152116,0.5406789877047884,2,2019,1.1333333333333333,0.0714285714285714,1,406
3,2.836781485602634,4.133333333333334,-3.6,4.0,1.945512703133184,0.3807934085550378,2,2019,1.2142857142857142,0.1724137931034483,-1,678
1,3.8102742493965978,3.8,-4.142857142857143,6.0,0.4491576039747133,0.3807934085550378,3,2019,1.2142857142857142,0.0689655172413793,0,678
4,3.99068869424086,2.6666666666666665,-3.3703703703703702,19.0,1.44681698664967,0.3807934085550378,2,2019,1.2142857142857142,0.0517241379310344,-1,678
10,3.8102742493965978,3.333333333333333,-3.25,6.0,1.578076203545215,0.3807934085550378,3,2019,1.2142857142857142,0.0689655172413793,-1,678
2,3.99068869424086,1.0666666666666669,-1.75,19.0,2.5438717075912063,0.3807934085550378,2,2019,1.2142857142857142,0.0517241379310344,2,678
6,-0.46229647555743,9.133333333333333,-9.2,0.0,0.2031645035839703,0.3807934085550378,3,2019,1.2142857142857142,0.1551724137931034,-1,678
9,2.836781485602634,7.666666666666667,-7.714285714285714,4.0,-0.5063271761607012,0.3807934085550378,3,2019,1.2142857142857142,0.1724137931034483,-1,678
15,-0.46229647555743,7.666666666666667,-8.666666666666666,0.0,0.2508577262026882,0.3807934085550378,2,2019,1.2142857142857142,0.1551724137931034,4,678
7,-1.9709214522843943,12.266666666666667,-10.875,0.0,1.0696004719852468,0.3807934085550378,3,2019,1.2142857142857142,0.0,-1,678
8,-1.9709214522843943,15.533333333333331,-14.625,0.0,-1.4697817829345212,0.3807934085550378,3,2019,1.2142857142857142,0.0,-1,678
16,-0.9258397211090642,12.0,-11.0,0.0,-0.3730994165975098,0.3807934085550378,2,2019,1.2142857142857142,0.0,-3,678
14,-0.1776036190497669,9.133333333333333,-9.0,0.0,1.0945904088121234,0.3807934085550378,2,2019,1.2142857142857142,0.1206896551724138,-2,678
12,-0.1776036190497669,9.8,-8.75,0.0,0.3928526316378318,0.3807934085550378,2,2019,1.2142857142857142,0.1206896551724138,3,678
17,-0.9258397211090642,11.933333333333334,-11.714285714285714,0.0,-0.5247861027434015,0.3807934085550378,2,2019,1.2142857142857142,0.0,-3,678
13,-1.2571957016675932,11.466666666666669,-11.142857142857142,0.0,-0.2219114292106332,0.3807934085550378,2,2019,1.2142857142857142,0.1206896551724138,5,678
11,-0.9085953851721782,11.4,-10.894736842105264,0.0,-0.4003235309683376,0.3807934085550378,2,2019,1.2142857142857142,0.0689655172413793,0,678
18,-1.2571957016675932,10.733333333333333,-10.333333333333334,0.0,0.1024130609344322,0.3807934085550378,2,2019,1.2142857142857142,0.1206896551724138,-2,678
21,-3.881500619043604,16.866666666666667,-16.125,0.0,-1.2870125783012494,0.3807934085550378,2,2019,1.2142857142857142,0.0689655172413793,0,678
5,-0.9085953851721782,14.8,-10.846153846153848,0.0,-0.5082718542038439,0.3807934085550378,3,2019,1.2142857142857142,0.0689655172413793,5,678
20,-3.881500619043604,17.866666666666667,-17.25,0.0,-1.7872878078181564,0.3807934085550378,2,2019,1.2142857142857142,0.0689655172413793,-3,678
2,4.021740548814549,2.333333333333333,-1.862068965517241,19.0,2.5131770946826792,0.600182394052517,2,2019,1.5,0.05,0,145
1,4.021740548814549,2.8666666666666667,-3.357142857142857,19.0,1.5085634541318802,0.600182394052517,2,2019,1.5,0.05,0,145
3,3.921428441258715,3.066666666666667,-3.875,6.0,0.5778902273806729,0.600182394052517,3,2019,1.5,0.0666666666666666,0,145
5,2.935429010548881,7.666666666666667,-7.625,5.0,-0.4217628715957836,0.600182394052517,2,2019,1.5,0.1666666666666666,0,145
4,2.935429010548881,3.1333333333333333,-3.5,5.0,2.044993025758253,0.600182394052517,2,2019,1.5,0.1666666666666666,0,145
13,-0.3139602234540143,7.8,-8.571428571428571,0.0,0.3702473409168408,0.600182394052517,2,2019,1.5,0.15,0,145
7,-0.2861970997226533,10.133333333333333,-9.5,0.0,0.9926254228353552,0.600182394052517,3,2019,1.5,0.1166666666666666,0,145
12,-1.8123728569892312,11.066666666666666,-10.666666666666666,0.0,1.073599484162426,0.600182394052517,2,2019,1.5,0.0,0,145
17,-1.400162711597969,12.933333333333334,-11.285714285714286,0.0,-0.1889298373586505,0.600182394052517,3,2019,1.5,0.1166666666666666,0,145
10,-0.2861970997226533,10.466666666666669,-8.952380952380953,0.0,0.3713190938269312,0.600182394052517,3,2019,1.5,0.1166666666666666,0,145
8,-0.3139602234540143,8.066666666666666,-8.666666666666666,0.0,0.4020747093744048,0.600182394052517,3,2019,1.5,0.15,0,145
9,-1.400162711597969,12.8,-11.625,0.0,-0.3548220098539371,0.600182394052517,3,2019,1.5,0.1166666666666666,0,145
18,-1.0295866560616824,12.666666666666666,-12.0,0.0,-0.52156682840715,0.600182394052517,2,2019,1.5,0.0,0,145
19,-3.9385327759561575,17.4,-16.333333333333332,0.0,-1.4060335285597547,0.600182394052517,2,2019,1.5,0.0666666666666666,0,145
20,-3.9385327759561575,18.666666666666668,-17.555555555555557,0.0,-1.9848830956022177,0.600182394052517,2,2019,1.5,0.0666666666666666,0,145
6,3.921428441258715,3.6,-3.2758620689655173,6.0,1.5547199122009885,0.600182394052517,3,2019,1.5,0.0666666666666666,0,145
15,-1.0295866560616824,11.866666666666667,-11.0,0.0,-0.3094133367539184,0.600182394052517,2,2019,1.5,0.0,0,145
2,2.986971684318051,3.6666666666666665,-3.555555555555556,5.0,2.004092844193597,0.5050530269298315,0,2019,2.1333333333333333,0.1612903225806451,0,110
20,3.838889581491713,7.8,-3.7,6.0,1.2815872864848388,0.5050530269298315,0,2019,2.1333333333333333,0.064516129032258,0,110
14,-1.3986110881127476,12.133333333333333,-11.0,0.0,-0.0700585490818825,0.5050530269298315,0,2019,2.1333333333333333,0.1129032258064516,0,110
15,-1.2568259817830822,12.933333333333334,-12.11111111111111,0.0,-0.5199100198248914,0.5050530269298315,0,2019,2.1333333333333333,0.0,0,110
7,-0.2535000055153879,7.2,-8.25,0.0,0.4696448091414548,0.5050530269298315,0,2019,2.1333333333333333,0.1451612903225806,0,110
17,-1.3986110881127476,12.8,-11.666666666666666,0.0,-0.3905416062552381,0.5050530269298315,0,2019,2.1333333333333333,0.1129032258064516,-1,110
6,-1.051601224902993,13.133333333333333,-11.15,0.0,-0.4556353196932825,0.5050530269298315,0,2019,2.1333333333333333,0.064516129032258,0,110
12,-1.051601224902993,16.6,-11.148148148148149,0.0,-0.5959659052097063,0.5050530269298315,0,2019,2.1333333333333333,0.064516129032258,0,110
1,4.07693034324603,2.066666666666667,-1.8333333333333333,20.0,2.5399613702573047,0.5050530269298315,0,2019,2.1333333333333333,0.0483870967741935,0,110
19,-3.912104207940128,17.533333333333335,-17.3,0.0,-1.9720132211980808,0.5050530269298315,0,2019,2.1333333333333333,0.064516129032258,-1,110
18,-3.912104207940128,16.4,-16.1,0.0,-1.3721297560031185,0.5050530269298315,0,2019,2.1333333333333333,0.064516129032258,-1,110
5,-1.75173937724557,9.6,-10.4,0.0,1.1651619439415124,0.5050530269298315,0,2019,2.1333333333333333,0.0,0,110
11,-1.75173937724557,13.8,-14.11111111111111,0.0,-1.381405990686491,0.5050530269298315,0,2019,2.1333333333333333,0.0,0,110
3,3.947374842615763,4.466666666666667,-2.064516129032258,20.0,2.389654549014273,0.4585938857010197,2,2019,1.1176470588235294,0.046875,0,264
1,2.984784297674389,2.7333333333333334,-3.4642857142857144,6.0,2.03725458686484,0.4585938857010197,2,2019,1.1176470588235294,0.15625,0,264
5,3.819435755800568,6.533333333333333,-3.645161290322581,6.0,1.287749721219527,0.4585938857010197,2,2019,1.1176470588235294,0.0625,0,264
4,3.819435755800568,2.8666666666666667,-3.7777777777777777,6.0,0.6462776059499105,0.4585938857010197,2,2019,1.1176470588235294,0.0625,0,264
8,-0.2236770340114277,6.4,-7.888888888888889,0.0,0.5623448869505456,0.4585938857010197,3,2019,1.1176470588235294,0.15625,0,264
6,2.984784297674389,6.6,-7.222222222222222,6.0,-0.4579469709117776,0.4585938857010197,2,2019,1.1176470588235294,0.15625,0,264
10,-1.8609240051468967,9.866666666666667,-10.545454545454543,0.0,1.079251202676384,0.4585938857010197,3,2019,1.1176470588235294,0.0,0,264
2,3.947374842615763,2.6,-3.310344827586207,20.0,1.5577202936015278,0.4585938857010197,2,2019,1.1176470588235294,0.046875,0,264
7,-0.2236770340114277,9.066666666666666,-9.0,0.0,0.2329904776430907,0.4585938857010197,3,2019,1.1176470588235294,0.15625,0,264
12,-1.2467853028239932,10.733333333333333,-11.1,0.0,-0.2548694508997443,0.4585938857010197,2,2019,1.1176470588235294,0.109375,0,264
17,-1.072065121963321,13.4,-11.6,0.0,-0.5666798816506297,0.4585938857010197,2,2019,1.1176470588235294,0.0,-1,264
11,-0.3839776863529419,10.2,-9.0,0.0,0.3577312381500747,0.4585938857010197,2,2019,1.1176470588235294,0.125,0,264
15,-1.0072501647184058,14.333333333333334,-11.035714285714286,0.0,-0.6050942281197823,0.4585938857010197,2,2019,1.1176470588235294,0.0625,-1,264
18,-0.3839776863529419,9.133333333333333,-9.142857142857142,0.0,1.0123509712805303,0.4585938857010197,1,2019,1.1176470588235294,0.125,2,264
13,-1.2467853028239932,9.333333333333334,-10.11111111111111,0.0,0.2270028545530331,0.4585938857010197,2,2019,1.1176470588235294,0.109375,0,264
16,-3.9086569206427138,14.6,-15.636363636363637,0.0,-1.24898410939123,0.4585938857010197,2,2019,1.1176470588235294,0.0625,-1,264
19,-1.072065121963321,9.933333333333334,-11.3,0.0,-0.4313511703036973,0.4585938857010197,2,2019,1.1176470588235294,0.0,-1,264
14,-1.8609240051468967,13.2,-14.0,0.0,-1.3979794748328864,0.4585938857010197,2,2019,1.1176470588235294,0.0,3,264
20,-3.9086569206427138,14.933333333333334,-16.636363636363637,0.0,-1.7726783869350884,0.4585938857010197,2,2019,1.1176470588235294,0.0625,-1,264
1,3.844342536423342,3.1333333333333333,-3.8,6.0,0.7050492392904154,0.6709757089026008,3,2019,2.1333333333333333,0.0606060606060606,0,401
3,3.9600684337680967,3.6666666666666665,-2.03125,21.0,2.48226542965342,0.6709757089026008,3,2019,2.1333333333333333,0.0454545454545454,0,401
4,3.9600684337680967,4.333333333333333,-3.466666666666667,21.0,1.4778030041147316,0.6709757089026008,3,2019,2.1333333333333333,0.0454545454545454,0,401
2,3.844342536423342,5.6,-3.625,6.0,1.350897520154467,0.6709757089026008,3,2019,2.1333333333333333,0.0606060606060606,0,401
14,3.100198801219586,10.333333333333334,0.0,6.0,-0.1717032227513718,0.6709757089026008,2,2019,2.1333333333333333,0.1515151515151515,3,401
9,-1.220370459378843,12.8,-11.545454545454543,0.0,-0.4733943910332694,0.6709757089026008,3,2019,2.1333333333333333,0.0,-2,401
18,-1.2631244725864206,10.8,-10.6,0.0,0.0360889694850595,0.6709757089026008,2,2019,2.1333333333333333,0.106060606060606,1,401
7,-0.5354720166619265,10.8,-9.130434782608695,0.0,0.4122005038633979,0.6709757089026008,3,2019,2.1333333333333333,0.1212121212121212,5,401
16,-1.2631244725864206,6.333333333333333,-11.125,0.0,-0.4172490559433062,0.6709757089026008,3,2019,2.1333333333333333,0.106060606060606,-3,401
13,-1.220370459378843,12.066666666666666,-11.818181818181818,0.0,-0.5227590713602775,0.6709757089026008,3,2019,2.1333333333333333,0.0,3,401
10,-0.9949584466855396,13.666666666666666,-11.10344827586207,0.0,-0.626541397669878,0.6709757089026008,3,2019,2.1333333333333333,0.0757575757575757,-2,401
11,-0.9949584466855396,11.4,-10.952380952380953,0.0,-0.3684170490156618,0.6709757089026008,3,2019,2.1333333333333333,0.0757575757575757,-2,401
6,-0.5354720166619265,10.8,-9.75,0.0,0.8670821425149271,0.6709757089026008,3,2019,2.1333333333333333,0.1212121212121212,4,401
19,-3.890667921708456,14.733333333333333,-15.666666666666666,0.0,-1.2911286432890503,0.6709757089026008,2,2019,2.1333333333333333,0.0606060606060606,-5,401
8,-1.8543217483543584,8.8,-10.25,0.0,1.2044541697538014,0.6709757089026008,3,2019,2.1333333333333333,0.0,-2,401
21,-3.890667921708456,15.866666666666667,-16.833333333333332,0.0,-1.927369455878152,0.6709757089026008,2,2019,2.1333333333333333,0.0606060606060606,0,401
1,3.959812693164833,2.466666666666667,-3.5454545454545454,7.0,0.7947963600082355,0.4490274481365265,3,2019,1.1875,0.0588235294117647,0,162
3,3.976583288448862,4.066666666666666,-3.4516129032258065,21.0,1.487006667649142,0.4490274481365265,3,2019,1.1875,0.0441176470588235,0,162
2,3.976583288448862,3.2,-2.0303030303030303,21.0,2.489576620799728,0.4490274481365265,3,2019,1.1875,0.0441176470588235,0,162
5,-0.6261313285156233,12.133333333333333,-10.22222222222222,0.0,0.6934119836160365,0.4490274481365265,3,2019,1.1875,0.1176470588235294,0,162
6,-0.6261313285156233,10.133333333333333,-9.083333333333334,0.0,0.5179894151583785,0.4490274481365265,3,2019,1.1875,0.1176470588235294,0,162
8,3.1757675288542035,8.133333333333333,-5.0,6.0,-0.148292965279078,0.4490274481365265,3,2019,1.1875,0.1470588235294117,0,162
17,-1.0767715297311489,10.6,-11.083333333333334,0.0,-0.3630021001220236,0.4490274481365265,2,2019,1.1875,0.0,1,162
20,3.1757675288542035,2.333333333333333,-3.413793103448276,6.0,2.0092440510539387,0.4490274481365265,2,2019,1.1875,0.1470588235294117,-1,162
11,-1.995536412389328,14.466666666666669,-14.363636363636363,0.0,-1.5546400501366435,0.4490274481365265,3,2019,1.1875,0.0,-1,162
14,-0.1284415612987108,9.066666666666666,-9.0,0.0,0.234353795849884,0.4490274481365265,2,2019,1.1875,0.1764705882352941,2,162
15,-1.190788460452586,7.0,-11.0,0.0,-0.4107411758659827,0.4490274481365265,2,2019,1.1875,0.1029411764705882,2,162
9,-1.0767715297311489,11.333333333333334,-11.666666666666666,0.0,-0.5349892410832934,0.4490274481365265,3,2019,1.1875,0.0,0,162
4,3.959812693164833,4.933333333333334,-3.636363636363636,7.0,1.2655364571216148,0.4490274481365265,3,2019,1.1875,0.0588235294117647,0,162
18,-3.915999280064789,14.533333333333331,-15.615384615384617,0.0,-1.299008470404928,0.4490274481365265,2,2019,1.1875,0.0588235294117647,-4,162
21,-1.995536412389328,11.266666666666667,-10.692307692307692,0.0,1.0426312042267754,0.4490274481365265,2,2019,1.1875,0.0,0,162
16,-1.044514922975063,11.933333333333334,-11.045454545454543,0.0,-0.4204593649007575,0.4490274481365265,3,2019,1.1875,0.0735294117647058,-3,162
19,-3.915999280064789,16.066666666666666,-16.846153846153847,0.0,-1.994541862535969,0.4490274481365265,2,2019,1.1875,0.0588235294117647,-4,162
3,3.998901019339614,7.333333333333333,-3.911764705882353,8.0,1.009707122216169,0.6994627158573958,3,2019,1.3157894736842106,0.0571428571428571,0,0
1,3.998901019339614,1.933333333333333,-3.333333333333333,8.0,0.906070439833,0.6994627158573958,3,2019,1.3157894736842106,0.0571428571428571,0,0
4,3.112901356527413,4.133333333333334,-3.566666666666667,6.0,1.9483176493011087,0.6994627158573958,3,2019,1.3157894736842106,0.1428571428571428,0,0
2,3.9966034254795137,3.0,-2.0588235294117645,21.0,2.472691002038052,0.6994627158573958,3,2019,1.3157894736842106,0.0428571428571428,0,0
5,3.9966034254795137,3.533333333333333,-3.40625,21.0,1.523912423441549,0.6994627158573958,3,2019,1.3157894736842106,0.0428571428571428,0,0
6,3.112901356527413,6.933333333333334,-5.5,6.0,-0.1199762814935369,0.6994627158573958,3,2019,1.3157894736842106,0.1428571428571428,0,0
9,-0.1210357148309392,9.333333333333334,-9.11111111111111,0.0,0.1935047463499979,0.6994627158573958,3,2019,1.3157894736842106,0.1857142857142857,0,0
12,-1.2053924785421477,8.266666666666667,-11.0,0.0,-0.3865801916767577,0.6994627158573958,1,2019,1.3157894736842106,0.1142857142857142,-1,0
8,-0.4755192089504685,8.4,-8.92,0.0,0.5578760337022275,0.6994627158573958,3,2019,1.3157894736842106,0.1142857142857142,0,0
11,-2.032838932417266,12.8,-13.916666666666666,0.0,-1.3548995280960543,0.6994627158573958,2,2019,1.3157894736842106,0.0,-1,0
17,-1.1188258202457635,13.266666666666667,-11.26086956521739,0.0,-0.5475996370496756,0.6994627158573958,2,2019,1.3157894736842106,0.0857142857142857,0,0
7,-0.1210357148309392,5.666666666666667,-7.6,0.0,0.7279223997170874,0.6994627158573958,3,2019,1.3157894736842106,0.1857142857142857,0,0
16,-1.0153670234666647,11.466666666666669,-11.692307692307692,0.0,-0.5862174550128303,0.6994627158573958,2,2019,1.3157894736842106,0.0,0,0
20,-0.4755192089504685,9.6,-9.6,0.0,0.8422944608365839,0.6994627158573958,2,2019,1.3157894736842106,0.1142857142857142,0,0
15,-1.2053924785421477,9.266666666666667,-10.272727272727272,0.0,0.1745445162317537,0.6994627158573958,2,2019,1.3157894736842106,0.1142857142857142,-1,0
19,-3.910498666356272,16.333333333333332,-16.857142857142858,0.0,-2.0682393632939005,0.6994627158573958,2,2019,1.3157894736842106,0.0571428571428571,0,0
14,-1.1188258202457635,12.733333333333333,-11.133333333333333,0.0,-0.5712261831960915,0.6994627158573958,2,2019,1.3157894736842106,0.0857142857142857,-1,0
2,3.981775061194295,3.2666666666666666,-2.1142857142857143,21.0,2.4669848479854646,0.3874811681933476,2,2019,1.0555555555555556,0.0416666666666666,0,10
5,3.981775061194295,4.0,-3.4545454545454546,21.0,1.5147902132088653,0.3874811681933476,2,2019,1.0555555555555556,0.0416666666666666,-1,10
1,4.083214658854287,1.8666666666666667,-3.230769230769231,9.0,0.9605097330208556,0.3874811681933476,3,2019,1.0555555555555556,0.0555555555555555,0,10
4,3.1553694872532376,4.0,-3.548387096774193,6.0,1.9631191440498743,0.3874811681933476,3,2019,1.0555555555555556,0.1388888888888889,5,10
21,3.1553694872532376,6.333333333333333,-5.666666666666667,6.0,-0.1001468143743968,0.3874811681933476,2,2019,1.0555555555555556,0.1388888888888889,0,10
6,-0.151686177944372,7.666666666666667,-8.0,0.0,0.6755868842386024,0.3874811681933476,3,2019,1.0555555555555556,0.1805555555555555,-1,10
12,-1.0556331257436244,9.133333333333333,-10.76923076923077,0.0,-0.238060365284773,0.3874811681933476,3,2019,1.0555555555555556,0.0333333333333333,-1,10
8,-0.151686177944372,8.666666666666666,-8.9,0.0,0.3320387357456024,0.3874811681933476,3,2019,1.0555555555555556,0.1805555555555555,-1,10
14,-1.1777554806975592,13.8,-11.32258064516129,0.0,-0.680688659298008,0.3874811681933476,3,2019,1.0555555555555556,0.0833333333333333,-1,10
7,-0.5239833012674971,8.2,-8.923076923076923,0.0,0.6105313903061386,0.3874811681933476,3,2019,1.0555555555555556,0.1111111111111111,-1,10
15,-1.0556331257436244,12.066666666666666,-11.785714285714286,0.0,-0.6205385602331428,0.3874811681933476,2,2019,1.0555555555555556,0.0333333333333333,-1,10
20,-1.2071783403472849,10.866666666666667,-10.666666666666666,0.0,-0.0255258103448148,0.3874811681933476,1,2019,1.0555555555555556,0.1111111111111111,-1,10
16,-1.9604835501339173,12.8,-11.0,0.0,0.8690820091185546,0.3874811681933476,2,2019,1.0555555555555556,0.0,-1,10
11,-1.2071783403472849,8.466666666666667,-10.842105263157896,0.0,-0.3034744909692995,0.3874811681933476,2,2019,1.0555555555555556,0.1111111111111111,5,10
13,-1.9604835501339173,11.733333333333333,-13.615384615384617,0.0,-1.2671546550783652,0.3874811681933476,3,2019,1.0555555555555556,0.0,-1,10
3,4.01534011629729,3.333333333333333,-3.411764705882353,22.0,1.532370622567769,0.5946431344505687,3,2019,1.1176470588235294,0.0405405405405405,0,44
1,4.111527911590198,5.133333333333334,-3.8285714285714287,9.0,1.0135541688934762,0.5946431344505687,3,2019,1.1176470588235294,0.0675675675675675,0,44
4,4.01534011629729,2.333333333333333,-2.083333333333333,22.0,2.4829694937294344,0.5946431344505687,3,2019,1.1176470588235294,0.0405405405405405,0,44
6,3.194440325438181,5.8,-5.5,6.0,-0.0224847947222663,0.5946431344505687,3,2019,1.1176470588235294,0.1351351351351351,0,44
7,-0.0866330284538016,7.266666666666667,-7.833333333333333,0.0,0.7397119843417586,0.5946431344505687,3,2019,1.1176470588235294,0.1756756756756756,0,44
2,4.111527911590198,2.1333333333333333,-3.2142857142857144,9.0,0.9873332273908512,0.5946431344505687,3,2019,1.1176470588235294,0.0675675675675675,0,44
9,-1.285857979791993,10.6,-11.0,0.0,-0.3708902891539917,0.5946431344505687,3,2019,1.1176470588235294,0.1081081081081081,0,44
17,-0.979284347594,8.0,-10.5,0.0,-0.1592168843787323,0.5946431344505687,3,2019,1.1176470588235294,0.03125,0,44
12,-0.979284347594,12.0,-11.733333333333333,0.0,-0.656016092720793,0.5946431344505687,3,2019,1.1176470588235294,0.03125,0,44
14,-1.285857979791993,11.6,-10.76923076923077,0.0,-0.0447549141427221,0.5946431344505687,3,2019,1.1176470588235294,0.1081081081081081,0,44
8,-0.0866330284538016,8.466666666666667,-8.818181818181818,0.0,0.3521853079293212,0.5946431344505687,3,2019,1.1176470588235294,0.1756756756756756,0,44
13,-2.0580689929406524,13.266666666666667,-11.133333333333333,0.0,0.8259037653173443,0.5946431344505687,2,2019,1.1176470588235294,0.0,0,44
10,-1.157654341349624,12.533333333333331,-11.25,0.0,-0.5163632476761778,0.5946431344505687,3,2019,1.1176470588235294,0.081081081081081,0,44
11,-2.0580689929406524,12.733333333333333,-13.714285714285714,0.0,-1.3135091086934256,0.5946431344505687,2,2019,1.1176470588235294,0.0,0,44
19,-1.157654341349624,12.2,-11.25,0.0,-0.6412910936734315,0.5946431344505687,2,2019,1.1176470588235294,0.081081081081081,0,44
18,-3.890201793516322,14.266666666666667,-15.5,0.0,-1.2861806509846705,0.5946431344505687,2,2019,1.1176470588235294,0.081081081081081,0,44
21,-3.890201793516322,16.466666666666665,-16.8,0.0,-2.103366237014971,0.5946431344505687,2,2019,1.1176470588235294,0.081081081081081,0,44
4,4.039662481674143,2.6,-2.108108108108108,23.0,2.4583845548461807,0.5630655453153867,2,2019,1.625,0.0394736842105263,-1,2285
3,4.104024833641957,4.266666666666667,-3.7777777777777777,9.0,1.0710336123130637,0.5630655453153867,2,2019,1.625,0.0657894736842105,-1,2285
6,4.039662481674143,2.333333333333333,-3.342857142857143,23.0,1.5812779268280133,0.5630655453153867,2,2019,1.625,0.0394736842105263,0,2285
2,4.104024833641957,3.4,-3.4,9.0,0.9341533857117468,0.5630655453153867,2,2019,1.625,0.0657894736842105,-1,2285
5,3.216878572278542,5.0,-5.2,6.0,0.0373522294634731,0.5630655453153867,2,2019,1.625,0.1447368421052631,0,2285
1,3.216878572278542,4.066666666666666,-3.5625,6.0,1.9159536778484616,0.5630655453153867,2,2019,1.625,0.1447368421052631,3,2285
11,-0.8958341650229171,7.466666666666667,-10.333333333333334,0.0,-0.1225244554580611,0.5630655453153867,2,2019,1.625,0.0294117647058823,0,2285
13,-0.5929679501313972,10.866666666666667,-10.0,0.0,0.6895002987877538,0.5630655453153867,1,2019,1.625,0.1052631578947368,0,2285
10,-1.2417596387470669,9.733333333333333,-10.80952380952381,0.0,-0.2911210070509783,0.5630655453153867,3,2019,1.625,0.1052631578947368,0,2285
12,-0.5929679501313972,8.6,-8.962962962962964,0.0,0.6292085818978206,0.5630655453153867,2,2019,1.625,0.1052631578947368,0,2285
9,-1.2417596387470669,11.466666666666669,-10.714285714285714,0.0,-0.0427868495988404,0.5630655453153867,3,2019,1.625,0.1052631578947368,0,2285
16,-0.8958341650229171,10.8,-11.5625,0.0,-0.6276823572393537,0.5630655453153867,2,2019,1.625,0.0294117647058823,0,2285
7,-0.0487206990571465,6.666666666666667,-7.615384615384615,0.0,0.8380181423107688,0.5630655453153867,3,2019,1.625,0.1710526315789473,0,2285
15,-2.1124067974360963,13.066666666666666,-13.733333333333333,0.0,-1.3328592160003545,0.5630655453153867,2,2019,1.625,0.0,0,2285
17,-1.2268086713266555,13.266666666666667,-11.363636363636363,0.0,-0.6925081482347448,0.5630655453153867,2,2019,1.625,0.0789473684210526,0,2285
19,-3.931868489527486,14.933333333333334,-15.533333333333331,0.0,-1.320855403584247,0.5630655453153867,2,2019,1.625,0.0789473684210526,0,2285
18,-1.2268086713266555,12.666666666666666,-11.32,0.0,-0.5343005230919057,0.5630655453153867,2,2019,1.625,0.0789473684210526,0,2285
20,-3.931868489527486,16.866666666666667,-16.8125,0.0,-2.142457919700464,0.5630655453153867,2,2019,1.625,0.0789473684210526,0,2285
1,4.075288211113385,2.466666666666667,-3.333333333333333,24.0,1.5865778670341186,0.627499776529898,2,2019,1.4285714285714286,0.0384615384615384,0,150
5,4.075288211113385,2.066666666666667,-2.0789473684210527,24.0,2.48871034407926,0.627499776529898,2,2019,1.4285714285714286,0.0384615384615384,0,150
3,3.222592883525922,4.866666666666666,-3.636363636363636,6.0,1.880061151287274,0.627499776529898,2,2019,1.4285714285714286,0.141025641025641,0,150
4,4.132869747974152,3.866666666666666,-3.4375,9.0,0.9419929783700336,0.627499776529898,2,2019,1.4285714285714286,0.0641025641025641,0,150
6,3.222592883525922,4.933333333333334,-5.166666666666667,6.0,0.0806839102825067,0.627499776529898,3,2019,1.4285714285714286,0.141025641025641,0,150
9,-0.5265023160591654,10.0,-9.833333333333334,0.0,0.7157600892899418,0.627499776529898,3,2019,1.4285714285714286,0.1025641025641025,0,150
8,-0.1083077792772125,9.133333333333333,-9.0,0.0,0.2862751732457121,0.627499776529898,3,2019,1.4285714285714286,0.1666666666666666,0,150
7,-0.1083077792772125,8.8,-8.0,0.0,0.7332969086651646,0.627499776529898,3,2019,1.4285714285714286,0.1666666666666666,0,150
11,-0.5265023160591654,9.0,-9.0,0.0,0.5760764159820678,0.627499776529898,1,2019,1.4285714285714286,0.1025641025641025,0,150
21,-0.8509973917992991,7.2,-10.125,0.0,-0.0306600376940149,0.627499776529898,2,2019,1.4285714285714286,0.0277777777777777,0,150
17,-2.116765609036465,13.066666666666666,-11.1875,0.0,0.8172051391216331,0.627499776529898,3,2019,1.4285714285714286,0.0277777777777777,0,150
13,-1.2197734051034088,11.2,-10.733333333333333,0.0,-0.058046361161903,0.627499776529898,1,2019,1.4285714285714286,0.1025641025641025,0,150
14,-0.8509973917992991,11.133333333333333,-11.588235294117649,0.0,-0.6556570993918154,0.627499776529898,2,2019,1.4285714285714286,0.0277777777777777,0,150
16,-2.116765609036465,13.333333333333334,-13.75,0.0,-1.36374164000685,0.627499776529898,2,2019,1.4285714285714286,0.0277777777777777,0,150
15,-1.328966818989533,14.333333333333334,-11.538461538461538,0.0,-0.6327147560091543,0.627499776529898,2,2019,1.4285714285714286,0.0769230769230769,0,150
18,-3.944263675504573,15.466666666666669,-15.5625,0.0,-1.3541323063093214,0.627499776529898,2,2019,1.4285714285714286,0.0769230769230769,0,150
1,3.229565085892052,4.333333333333333,-3.6176470588235294,6.0,1.9077435982876203,0.1611567009527481,3,2019,1.3333333333333333,0.1375,0,785
7,-1.243563673920861,9.466666666666669,-10.727272727272728,0.0,-0.2299797695894163,0.1611567009527481,3,2019,1.3333333333333333,0.1125,-1,785
20,-0.0581420137157832,8.733333333333333,-8.0,0.0,0.712207512717937,0.1611567009527481,3,2019,1.3333333333333333,0.1625,0,785
9,-2.137923747650276,12.533333333333331,-11.176470588235292,0.0,0.8175998893071438,0.1611567009527481,3,2019,1.3333333333333333,0.0263157894736842,-1,785
13,-2.137923747650276,13.866666666666667,-13.764705882352942,0.0,-1.3913469124333262,0.1611567009527481,3,2019,1.3333333333333333,0.0263157894736842,-1,785
12,-0.4661570091934791,8.4,-9.538461538461538,0.0,0.7881792419272552,0.1611567009527481,2,2019,1.3333333333333333,0.1,-1,785
3,4.108518590832029,1.933333333333333,-2.076923076923077,25.0,2.482234246247775,0.1611567009527481,3,2019,1.3333333333333333,0.0375,0,785
11,-0.0581420137157832,8.466666666666667,-8.846153846153847,0.0,0.3551825132159241,0.1611567009527481,3,2019,1.3333333333333333,0.1625,-1,785
15,-0.8888089980553955,8.2,-10.117647058823527,0.0,-0.0035297860629089,0.1611567009527481,3,2019,1.3333333333333333,0.0263157894736842,0,785
16,-1.243563673920861,11.533333333333331,-10.8125,0.0,-0.0937525164165761,0.1611567009527481,2,2019,1.3333333333333333,0.1125,0,785
10,-1.373593571248965,13.866666666666667,-11.470588235294118,0.0,-0.6630483972545225,0.1611567009527481,3,2019,1.3333333333333333,0.0875,-1,785
18,-3.9549211110885767,16.0,-15.647058823529411,0.0,-1.4321050231879149,0.1611567009527481,2,2019,1.3333333333333333,0.0875,0,785
8,-1.373593571248965,14.666666666666666,-11.666666666666666,0.0,-0.7105451739944506,0.1611567009527481,3,2019,1.3333333333333333,0.0875,-1,785
6,3.229565085892052,4.866666666666666,-5.142857142857143,6.0,0.127932153338203,0.1611567009527481,3,2019,1.3333333333333333,0.1375,-1,785
14,-0.4661570091934791,9.2,-9.0,0.0,0.5429378123789869,0.1611567009527481,2,2019,1.3333333333333333,0.1,-1,785
19,-3.9549211110885767,17.133333333333333,-16.88235294117647,0.0,-2.2106626761152395,0.1611567009527481,2,2019,1.3333333333333333,0.0875,0,785
1,4.051329002889669,3.533333333333333,-2.2,25.0,2.4075156267937525,0.5307214958297548,2,2019,1.0666666666666669,0.048780487804878,0,3
3,3.0221602756939183,3.066666666666667,-3.5428571428571427,7.0,2.11912132262119,0.5307214958297548,2,2019,1.0666666666666669,0.1341463414634146,-1,3
4,4.0962905369711295,4.133333333333334,-3.4705882352941178,9.0,0.9493006718720164,0.5307214958297548,2,2019,1.0666666666666669,0.073170731707317,-1,3
2,4.051329002889669,1.933333333333333,-3.27027027027027,25.0,1.6438133760958935,0.5307214958297548,2,2019,1.0666666666666669,0.048780487804878,18,3
5,4.0962905369711295,3.4,-3.72972972972973,9.0,1.1171081413144257,0.5307214958297548,3,2019,1.0666666666666669,0.073170731707317,-1,3
6,3.0221602756939183,7.866666666666666,-6.25,7.0,-0.1665627668202814,0.5307214958297548,2,2019,1.0666666666666669,0.1341463414634146,-1,3
11,-0.8782576681674394,8.6,-10.055555555555555,0.0,0.0061007907156518,0.5307214958297548,2,2019,1.0666666666666669,0.05,-1,3
7,0.0193885056165523,8.266666666666667,-8.785714285714286,0.0,0.3367461295126809,0.5307214958297548,3,2019,1.0666666666666669,0.1585365853658536,-1,3
14,-1.09812712917757,10.866666666666667,-10.764705882352942,0.0,-0.1786972316766145,0.5307214958297548,1,2019,1.0666666666666669,0.1097560975609756,-1,3
9,0.0193885056165523,6.8,-7.6875,0.0,0.8263589519339141,0.5307214958297548,3,2019,1.0666666666666669,0.1585365853658536,-1,3
8,-0.5437993322075897,7.333333333333333,-9.285714285714286,0.0,0.9480775816469978,0.5307214958297548,3,2019,1.0666666666666669,0.0975609756097561,-1,3
10,-0.5437993322075897,11.333333333333334,-9.2,0.0,0.4194767797525997,0.5307214958297548,3,2019,1.0666666666666669,0.0975609756097561,-1,3
18,-1.9112201787949568,9.4,-10.77777777777778,0.0,0.8696317374074733,0.5307214958297548,2,2019,1.0666666666666669,0.025,-1,3
15,-1.4071249397093386,13.0,-11.457142857142856,0.0,-0.6523799219556204,0.5307214958297548,2,2019,1.0666666666666669,0.0853658536585365,-1,3
16,-1.4071249397093386,14.2,-11.714285714285714,0.0,-0.7547450177537287,0.5307214958297548,2,2019,1.0666666666666669,0.0853658536585365,-1,3
17,-1.9112201787949568,11.066666666666666,-13.27777777777778,0.0,-1.2750784346213029,0.5307214958297548,3,2019,1.0666666666666669,0.025,-1,3
19,-3.950531844435573,14.8,-15.444444444444445,0.0,-1.356526989090986,0.5307214958297548,1,2019,1.0666666666666669,0.0853658536585365,-1,3
12,-1.09812712917757,6.866666666666666,-10.347826086956522,0.0,-0.0450233115910608,0.5307214958297548,2,2019,1.0666666666666669,0.1097560975609756,-1,3
20,-3.950531844435573,16.8,-16.833333333333332,0.0,-2.2503533781115954,0.5307214958297548,1,2019,1.0666666666666669,0.0853658536585365,-1,3
1,3.949104843886019,2.466666666666667,-3.289473684210526,26.0,1.591507927224006,0.2172519087185793,3,2020,1.182142857142857,0.0476190476190476,0,678
7,3.932678790761108,3.866666666666666,-3.4444444444444446,9.0,0.9499537083564044,0.2172519087185793,3,2020,1.182142857142857,0.0714285714285714,0,678
4,-0.0109214075899563,8.2,-8.733333333333333,0.0,0.3482591215805984,0.2172519087185793,3,2020,1.182142857142857,0.1547619047619047,-1,678
2,3.949104843886019,2.933333333333333,-2.1707317073170733,26.0,2.3575969166620587,0.2172519087185793,3,2020,1.182142857142857,0.0476190476190476,3,678
8,-0.0109214075899563,7.8,-7.823529411764706,0.0,0.7190131220297812,0.2172519087185793,3,2020,1.182142857142857,0.1547619047619047,0,678
6,-0.7578856176260852,8.2,-9.894736842105264,0.0,0.0202258470942564,0.2172519087185793,3,2020,1.182142857142857,0.0714285714285714,0,678
12,0.0,10.2,0.0,0.0,-0.1831989198822963,0.2172519087185793,2,2020,1.182142857142857,0.0,0,678
14,-0.4705942327709534,11.333333333333334,0.0,0.0,0.1505711919568205,0.2172519087185793,2,2020,1.182142857142857,0.0952380952380952,0,678
18,-1.8712710599738671,12.266666666666667,-13.421052631578949,0.0,-1.2740696721847289,0.2172519087185793,2,2020,1.182142857142857,0.0238095238095238,0,678
11,3.932678790761108,3.6,-3.763157894736842,9.0,1.1343399119229698,0.2172519087185793,2,2020,1.182142857142857,0.0714285714285714,0,678
20,-3.9022424016831065,0.0,0.0,0.0,0.0,0.2172519087185793,2,2020,1.182142857142857,0.0833333333333333,0,678
1,3.9284766205105255,3.333333333333333,-2.2142857142857144,27.0,2.2952035562169653,0.2717657419973989,3,2020,1.6365800865800866,0.0465116279069767,0,678
4,3.9284766205105255,2.066666666666667,-3.230769230769231,27.0,1.63327306429362,0.2717657419973989,3,2020,1.6365800865800866,0.0465116279069767,0,678
2,2.930164650588128,2.6,-3.5,7.0,2.0248536681820464,0.2717657419973989,3,2020,1.6365800865800866,0.1511627906976744,0,678
7,2.930164650588128,7.666666666666667,-6.222222222222222,7.0,-0.1095315441475496,0.2717657419973989,3,2020,1.6365800865800866,0.1511627906976744,-1,678
6,0.0956728144967207,6.4,-8.375,0.0,0.5213991764390994,0.2717657419973989,3,2020,1.6365800865800866,0.1511627906976744,3,678
17,-0.7054662839404956,7.466666666666667,-9.7,0.0,0.0905697313057701,0.2717657419973989,3,2020,1.6365800865800866,0.0909090909090909,0,678
13,-0.7054662839404956,11.666666666666666,-11.666666666666666,0.0,-0.8072306247930735,0.2717657419973989,3,2020,1.6365800865800866,0.0909090909090909,-1,678
9,-0.4806830878816394,8.466666666666667,-9.4,0.0,0.7629857602444672,0.2717657419973989,2,2020,1.6365800865800866,0.1046511627906976,-1,678
3,0.0956728144967207,6.866666666666666,-7.666666666666667,0.0,0.7349307368162933,0.2717657419973989,3,2020,1.6365800865800866,0.1511627906976744,0,678
14,0.219174180339871,10.2,0.0,0.0,-0.0727752733881337,0.2717657419973989,2,2020,1.6365800865800866,0.5,-1,678
16,-1.8514793100035525,10.066666666666666,-10.894736842105264,0.0,0.7297068916928816,0.2717657419973989,2,2020,1.6365800865800866,0.0454545454545454,0,678
15,-1.4628287166921763,13.2,-11.52777777777778,0.0,-0.6726483918258025,0.2717657419973989,3,2020,1.6365800865800866,0.1046511627906976,0,678
21,-1.4628287166921763,14.6,-11.827586206896552,0.0,-0.7901803248663839,0.2717657419973989,3,2020,1.6365800865800866,0.1046511627906976,0,678
19,-1.8514793100035525,11.066666666666666,-13.2,0.0,-1.1899456333106295,0.2717657419973989,2,2020,1.6365800865800866,0.0454545454545454,0,678
8,0.219174180339871,9.2,-7.0,0.0,-0.1146558710474311,0.2717657419973989,3,2020,1.6365800865800866,0.5,-1,678
12,-3.879180718682699,15.466666666666669,-15.526315789473683,0.0,-1.3738307763264537,0.2717657419973989,3,2020,1.6365800865800866,0.0930232558139534,-1,678
18,-3.879180718682699,11.0,-11.0,0.0,0.1985779327654067,0.2717657419973989,2,2020,1.6365800865800866,0.0930232558139534,0,678
1,3.992239439201589,2.6666666666666665,-2.186046511627907,28.0,2.329999119503459,0.2950523858645612,0,2020,1.1640866873065017,0.0454545454545454,0,264
7,3.053092468394703,2.533333333333333,-3.4864864864864864,7.0,2.003559252926415,0.2950523858645612,0,2020,1.1640866873065017,0.1477272727272727,0,264
2,3.992239439201589,2.066666666666667,-3.2,28.0,1.662240319698153,0.2950523858645612,0,2020,1.1640866873065017,0.0454545454545454,0,264
3,-0.5486830790614524,10.133333333333333,-11.421052631578949,0.0,-0.7062313928888511,0.2950523858645612,0,2020,1.1640866873065017,0.0869565217391304,0,264
13,3.053092468394703,6.733333333333333,-6.0,7.0,-0.0533543710858266,0.2950523858645612,0,2020,1.1640866873065017,0.1477272727272727,0,264
5,3.911239119893838,5.4,-3.923076923076923,9.0,0.9665038295850836,0.2950523858645612,0,2020,1.1640866873065017,0.0681818181818181,0,264
4,-0.5486830790614524,6.866666666666666,-9.523809523809524,0.0,0.1569085169781365,0.2950523858645612,0,2020,1.1640866873065017,0.0869565217391304,0,264
11,-0.4191557908531441,8.133333333333333,-9.3125,0.0,0.7673543456204849,0.2950523858645612,0,2020,1.1640866873065017,0.1136363636363636,0,264
9,0.1640623782422739,7.266666666666667,-7.736842105263157,0.0,0.7009500611013583,0.2950523858645612,0,2020,1.1640866873065017,0.1477272727272727,0,264
21,-1.4673523327066669,12.933333333333334,-11.54054054054054,0.0,-0.6579562171507696,0.2950523858645612,2,2020,1.1640866873065017,0.1022727272727272,0,264
6,3.911239119893838,3.2,-3.3684210526315788,9.0,1.0237299595288225,0.2950523858645612,0,2020,1.1640866873065017,0.0681818181818181,0,264
17,-0.2517748399296597,10.066666666666666,-10.0,0.0,-0.1110409016881821,0.2950523858645612,0,2020,1.1640866873065017,0.25,0,264
8,0.1640623782422739,5.6,-8.176470588235293,0.0,0.6633203003476673,0.2950523858645612,0,2020,1.1640866873065017,0.1477272727272727,0,264
14,-0.4191557908531441,10.666666666666666,-8.0,0.0,0.2649082836240322,0.2950523858645612,0,2020,1.1640866873065017,0.1136363636363636,0,264
20,-1.869596068758256,10.2,-10.9,0.0,0.7428137147942737,0.2950523858645612,0,2020,1.1640866873065017,0.0434782608695652,0,264
21,-1.4673523327066669,14.066666666666666,-11.866666666666667,0.0,-0.809396115555887,0.2950523858645612,2,2020,1.1640866873065017,0.1022727272727272,0,264
19,-1.869596068758256,11.866666666666667,-13.238095238095235,0.0,-1.2176069638178828,0.2950523858645612,0,2020,1.1640866873065017,0.0434782608695652,0,264
12,-3.9779876022502862,15.6,-15.55,0.0,-1.347748981579041,0.2950523858645612,0,2020,1.1640866873065017,0.0909090909090909,0,264
15,-3.9779876022502862,14.333333333333334,-14.0,0.0,-0.111678210460507,0.2950523858645612,0,2020,1.1640866873065017,0.0909090909090909,0,264
1,4.05876533105405,2.0,-2.159090909090909,29.0,2.379505065397484,0.600182394052517,2,2020,1.5441176470588234,0.0444444444444444,0,145
3,3.122045917696909,2.2,-3.4473684210526314,7.0,2.0648645939418726,0.600182394052517,2,2020,1.5441176470588234,0.1444444444444444,0,145
4,3.845352003534997,5.6,-3.75,9.0,0.8834833130656209,0.600182394052517,2,2020,1.5441176470588234,0.0666666666666666,0,145
8,-0.4851480716481368,8.2,-9.235294117647058,0.0,0.855721662521893,0.600182394052517,3,2020,1.5441176470588234,0.1111111111111111,0,145
5,0.1296323726331335,7.866666666666666,-8.444444444444445,0.0,0.5374314144932023,0.600182394052517,3,2020,1.5441176470588234,0.1444444444444444,0,145
9,-0.4851480716481368,11.866666666666667,-11.0,0.0,0.0400254083661782,0.600182394052517,3,2020,1.5441176470588234,0.1111111111111111,0,145
11,-0.3881406929998534,11.333333333333334,-11.0,0.0,-0.2776134629052651,0.600182394052517,2,2020,1.5441176470588234,0.3333333333333333,0,145
12,3.122045917696909,6.133333333333334,-5.909090909090909,7.0,-0.0028010611586344,0.600182394052517,2,2020,1.5441176470588234,0.1444444444444444,0,145
6,-0.34587556081498,8.0,-11.05,0.0,-0.5228115596705567,0.600182394052517,2,2020,1.5441176470588234,0.0833333333333333,0,145
10,3.845352003534997,6.066666666666666,-3.975,9.0,1.0201547494974177,0.600182394052517,3,2020,1.5441176470588234,0.0666666666666666,0,145
2,4.05876533105405,2.333333333333333,-3.1951219512195124,29.0,1.6792602656565927,0.600182394052517,2,2020,1.5441176470588234,0.0444444444444444,0,145
15,-4.116581438939954,16.4,-15.666666666666666,0.0,-1.3480889089694807,0.600182394052517,2,2020,1.5441176470588234,0.0888888888888888,5,145
7,0.1296323726331335,7.933333333333334,-7.8,0.0,0.7681889980771505,0.600182394052517,3,2020,1.5441176470588234,0.1444444444444444,0,145
17,-2.0172479301050714,13.666666666666666,-13.409090909090908,0.0,-1.2504585083566402,0.600182394052517,2,2020,1.5441176470588234,0.0416666666666666,-2,145
20,-4.116581438939954,16.333333333333332,-15.666666666666666,0.0,-0.4929289817707263,0.600182394052517,2,2020,1.5441176470588234,0.0888888888888888,-2,145
19,-1.4717820546950953,14.533333333333331,-12.0,0.0,-0.9043964243255772,0.600182394052517,2,2020,1.5441176470588234,0.1,-2,145
18,-2.0172479301050714,11.8,-11.095238095238097,0.0,0.7478498889535017,0.600182394052517,2,2020,1.5441176470588234,0.0416666666666666,-2,145
4,3.07281521848402,2.1333333333333333,-3.41025641025641,7.0,2.158163998443783,0.600182394052517,1,2020,1.4607843137254903,0.1413043478260869,0,145
2,4.000225474880318,1.4,-2.1333333333333333,30.0,2.468723829897376,0.600182394052517,2,2020,1.4607843137254903,0.0434782608695652,0,145
1,4.000225474880318,5.266666666666667,-3.380952380952381,30.0,1.53150164498294,0.600182394052517,2,2020,1.4607843137254903,0.0434782608695652,0,145
8,3.85382127973866,5.0,-3.7142857142857135,9.0,0.9292096435026076,0.600182394052517,2,2020,1.4607843137254903,0.0652173913043478,0,145
9,3.07281521848402,6.533333333333333,-6.083333333333333,7.0,-0.0431715338203482,0.600182394052517,2,2020,1.4607843137254903,0.1413043478260869,0,145
6,-0.3318120820795375,8.0,-10.952380952380953,0.0,-0.4970527290149514,0.600182394052517,2,2020,1.4607843137254903,0.1,0,145
3,-0.3318120820795375,11.8,0.0,0.0,0.1652167118401083,0.600182394052517,2,2020,1.4607843137254903,0.1,0,145
11,-0.2822030500545462,10.066666666666666,-9.333333333333334,0.0,0.2105808921515552,0.600182394052517,2,2020,1.4607843137254903,0.108695652173913,3,145
10,0.1265381584808153,7.066666666666666,-8.263157894736842,0.0,0.6849721937382293,0.600182394052517,2,2020,1.4607843137254903,0.1413043478260869,0,145
16,-0.2009669564727857,10.6,-11.0,0.0,-0.1879269095090519,0.600182394052517,1,2020,1.4607843137254903,0.25,0,145
7,-0.2009669564727857,10.266666666666667,-9.666666666666666,0.0,-0.1905134909966669,0.600182394052517,2,2020,1.4607843137254903,0.25,0,145
12,3.85382127973866,7.733333333333333,-4.121951219512195,9.0,0.8663678880351162,0.600182394052517,1,2020,1.4607843137254903,0.0652173913043478,-1,145
13,0.1265381584808153,9.866666666666667,-8.047619047619047,0.0,0.588725921084398,0.600182394052517,1,2020,1.4607843137254903,0.1413043478260869,-1,145
5,-0.2822030500545462,6.933333333333334,-8.944444444444445,0.0,0.9323940726571344,0.600182394052517,2,2020,1.4607843137254903,0.108695652173913,0,145
20,-2.1668733203059385,13.866666666666667,-11.363636363636363,0.0,0.6410334667891028,0.600182394052517,1,2020,1.4607843137254903,0.04,0,145
14,-1.5290411003088762,15.066666666666666,-12.125,0.0,-0.9998114078977752,0.600182394052517,2,2020,1.4607843137254903,0.0978260869565217,-1,145
19,-2.1668733203059385,14.266666666666667,-13.434782608695652,0.0,-1.2031589396607767,0.600182394052517,2,2020,1.4607843137254903,0.04,0,145
15,-4.117280305519734,15.066666666666666,-15.5,0.0,-1.2447484841577094,0.600182394052517,2,2020,1.4607843137254903,0.0869565217391304,0,145
18,-4.117280305519734,16.0,-15.5,0.0,-0.5638739675819915,0.600182394052517,2,2020,1.4607843137254903,0.0869565217391304,0,145
1,4.045464280106596,1.5333333333333334,-2.130434782608696,30.0,2.491583512367485,0.5090327112959661,3,2020,1.6507936507936507,0.0425531914893617,0,109
3,3.182945916753668,1.8,-3.35,8.0,2.194970588329346,0.5090327112959661,3,2020,1.6507936507936507,0.1382978723404255,0,109
2,4.045464280106596,4.866666666666666,-3.372093023255814,30.0,1.5538807677391402,0.5090327112959661,3,2020,1.6507936507936507,0.0425531914893617,0,109
5,-0.1698550797449048,7.0,-10.727272727272728,0.0,-0.3997664133547903,0.5090327112959661,3,2020,1.6507936507936507,0.0961538461538461,0,109
4,-0.1698550797449048,6.666666666666667,-9.409090909090908,0.0,0.1141244841383827,0.5090327112959661,3,2020,1.6507936507936507,0.0961538461538461,0,109
7,0.0782835370641003,11.133333333333333,-8.272727272727273,0.0,0.5408490686473204,0.5090327112959661,3,2020,1.6507936507936507,0.1382978723404255,0,109
11,3.842631932422082,9.533333333333331,-4.309523809523809,9.0,0.7199982154723381,0.5090327112959661,2,2020,1.6507936507936507,0.0638297872340425,0,109
6,3.182945916753668,5.733333333333333,-6.0,8.0,-0.0178743881597653,0.5090327112959661,3,2020,1.6507936507936507,0.1382978723404255,0,109
10,-0.2579245855286486,10.666666666666666,-10.0,0.0,-0.2231263215207992,0.5090327112959661,3,2020,1.6507936507936507,0.2,0,109
8,0.0782835370641003,7.8,-8.3,0.0,0.7277474707081449,0.5090327112959661,3,2020,1.6507936507936507,0.1382978723404255,0,109
13,-0.3111744335454923,9.133333333333333,-9.210526315789474,0.0,0.7919674630684889,0.5090327112959661,2,2020,1.6507936507936507,0.1063829787234042,0,109
12,-0.2579245855286486,10.4,-10.666666666666666,0.0,-0.1811871000978283,0.5090327112959661,3,2020,1.6507936507936507,0.2,0,109
15,-0.3111744335454923,9.133333333333333,-9.0,0.0,0.2991995341893911,0.5090327112959661,2,2020,1.6507936507936507,0.1063829787234042,0,109
14,-2.285117968331957,14.866666666666667,-11.521739130434783,0.0,0.6270590855118097,0.5090327112959661,2,2020,1.6507936507936507,0.0384615384615384,0,109
16,-1.5532303920495285,11.8,-11.5,0.0,-0.4788530957872173,0.5090327112959661,3,2020,1.6507936507936507,0.0957446808510638,0,109
20,-2.285117968331957,15.266666666666667,-13.583333333333334,0.0,-1.2394322683433407,0.5090327112959661,2,2020,1.6507936507936507,0.0384615384615384,0,109
18,-4.214964532090128,16.066666666666666,-15.608695652173912,0.0,-1.266279134146766,0.5090327112959661,3,2020,1.6507936507936507,0.0851063829787234,0,109
19,-4.214964532090128,17.133333333333333,-16.2,0.0,-0.843500390132826,0.5090327112959661,2,2020,1.6507936507936507,0.0851063829787234,0,109
17,-1.5532303920495285,15.533333333333331,-12.242424242424242,0.0,-1.07437729626231,0.5090327112959661,2,2020,1.6507936507936507,0.0957446808510638,0,109
1,4.0924423894235415,1.2666666666666666,-2.106382978723404,31.0,2.526890683952329,0.6709757089026008,2,2020,1.7229166666666669,0.0416666666666666,0,401
2,4.0924423894235415,4.533333333333333,-3.363636363636364,31.0,1.565551705471162,0.6709757089026008,2,2020,1.7229166666666669,0.0416666666666666,0,401
3,3.187600906239174,1.8,-3.317073170731707,8.0,2.2709194379144493,0.6709757089026008,2,2020,1.7229166666666669,0.1354166666666666,0,401
4,-0.4087254358335119,9.8,-9.3,0.0,0.8022766798229305,0.6709757089026008,3,2020,1.7229166666666669,0.1041666666666666,0,401
6,-0.4087254358335119,10.066666666666666,-9.8,0.0,0.1734196279994152,0.6709757089026008,3,2020,1.7229166666666669,0.1041666666666666,0,401
5,3.187600906239174,6.533333333333333,-6.142857142857143,8.0,-0.0652600369099861,0.6709757089026008,3,2020,1.7229166666666669,0.1354166666666666,0,401
10,0.1124450174529998,8.8,-8.380952380952381,0.0,0.6784916951269799,0.6709757089026008,3,2020,1.7229166666666669,0.1354166666666666,0,401
12,-0.2981468934188812,9.8,-9.8,0.0,-0.1854006021540116,0.6709757089026008,1,2020,1.7229166666666669,0.1666666666666666,0,401
9,0.0179696387175179,5.733333333333333,-10.434782608695652,0.0,-0.2894759244888514,0.6709757089026008,3,2020,1.7229166666666669,0.0925925925925925,0,401
8,0.0179696387175179,6.0,-9.217391304347826,0.0,0.1556885353110448,0.6709757089026008,3,2020,1.7229166666666669,0.0925925925925925,0,401
11,-0.2981468934188812,11.0,-11.0,0.0,-0.2508699594979026,0.6709757089026008,2,2020,1.7229166666666669,0.1666666666666666,0,401
16,-2.360652890271864,14.8,-11.625,0.0,0.6129563608276598,0.6709757089026008,2,2020,1.7229166666666669,0.037037037037037,0,401
14,3.854493049190293,9.0,-4.372093023255814,9.0,0.6841158767903587,0.6709757089026008,2,2020,1.7229166666666669,0.0729166666666666,0,401
13,3.854493049190293,4.8,-3.727272727272727,9.0,0.9997393629311058,0.6709757089026008,3,2020,1.7229166666666669,0.0729166666666666,0,401
17,-1.6559815639566025,16.8,-12.441176470588236,0.0,-1.1811627684411197,0.6709757089026008,2,2020,1.7229166666666669,0.09375,0,401
19,-4.285361875046779,17.733333333333334,-16.5,0.0,-1.0218665041582402,0.6709757089026008,2,2020,1.7229166666666669,0.0833333333333333,0,401
20,-1.6559815639566025,12.666666666666666,-11.58974358974359,0.0,-0.4748187955154732,0.6709757089026008,2,2020,1.7229166666666669,0.09375,0,401
10,-0.2511147852240631,9.2,-9.5,0.0,-0.1317452164016033,0.4490274481365265,3,2020,1.3290441176470589,0.1428571428571428,0,162
3,0.160364505000679,9.866666666666667,-8.173913043478262,0.0,0.5891690101309106,0.4490274481365265,3,2020,1.3290441176470589,0.1428571428571428,0,162
8,0.0165304244561598,6.733333333333333,-10.375,0.0,-0.2566936546534686,0.4490274481365265,3,2020,1.3290441176470589,0.0892857142857142,0,162
6,0.160364505000679,8.333333333333334,-8.318181818181818,0.0,0.7153198333075853,0.4490274481365265,3,2020,1.3290441176470589,0.1428571428571428,0,162
2,4.1335813575864,3.733333333333333,-3.333333333333333,32.0,1.586861111459162,0.4490274481365265,3,2020,1.3290441176470589,0.0408163265306122,0,162
7,-0.2395145939199382,8.133333333333333,-9.047619047619047,0.0,0.8744642275215353,0.4490274481365265,3,2020,1.3290441176470589,0.1020408163265306,0,162
1,4.1335813575864,1.2,-2.083333333333333,32.0,2.5467202461273435,0.4490274481365265,3,2020,1.3290441176470589,0.0408163265306122,0,162
12,-0.2395145939199382,8.466666666666667,-9.0,0.0,0.3473964926974491,0.4490274481365265,3,2020,1.3290441176470589,0.1020408163265306,0,162
11,-0.2511147852240631,11.133333333333333,-11.0,0.0,-0.2847903676303739,0.4490274481365265,1,2020,1.3290441176470589,0.1428571428571428,0,162
4,0.0165304244561598,7.266666666666667,-9.25,0.0,0.1598646962027824,0.4490274481365265,3,2020,1.3290441176470589,0.0892857142857142,0,162
20,-4.301310497882471,17.2,-16.428571428571427,0.0,-1.0811961837905588,0.4490274481365265,2,2020,1.3290441176470589,0.0816326530612244,0,162
16,-1.7386685362697334,16.466666666666665,-12.514285714285714,0.0,-1.190228742772591,0.4490274481365265,2,2020,1.3290441176470589,0.0918367346938775,0,162
14,-2.4027602041293648,14.0,-11.64,0.0,0.6678102827781169,0.4490274481365265,2,2020,1.3290441176470589,0.0357142857142857,0,162
19,-4.301310497882471,16.333333333333332,-15.666666666666666,0.0,-1.2493653726124248,0.4490274481365265,2,2020,1.3290441176470589,0.0816326530612244,0,162
9,3.183845547504509,6.533333333333333,-6.133333333333334,8.0,-0.043677940420967,0.4490274481365265,3,2020,1.3290441176470589,0.1326530612244898,0,162
18,-2.4027602041293648,15.866666666666667,-13.68,0.0,-1.2293276642288098,0.4490274481365265,2,2020,1.3290441176470589,0.0357142857142857,0,162
1,4.05338872653885,3.1333333333333333,-2.183673469387755,32.0,2.474575086045473,0.4264322769714472,3,2020,1.5790337237581822,0.04,0,379
2,4.05338872653885,3.933333333333333,-3.369565217391304,32.0,1.5788136404933002,0.4264322769714472,3,2020,1.5790337237581822,0.04,0,379
4,2.9703796820493658,9.4,-6.6875,8.0,-0.2456333077567024,0.4264322769714472,3,2020,1.5790337237581822,0.14,0,379
8,-0.2526297159125519,7.4,-8.909090909090908,0.0,0.967190669855654,0.4264322769714472,3,2020,1.5790337237581822,0.1,0,379
6,0.0924531614126388,8.333333333333334,-9.28,0.0,0.0677772235602084,0.4264322769714472,3,2020,1.5790337237581822,0.0862068965517241,1,379
11,0.2675711263280308,6.733333333333333,-8.130434782608695,0.0,0.7675132035424804,0.4264322769714472,3,2020,1.5790337237581822,0.14,0,379
12,0.1078605725829363,10.466666666666669,-10.666666666666666,1.0,-0.3349157792463061,0.4264322769714472,2,2020,1.5790337237581822,0.125,0,379
5,3.644222130031359,7.933333333333334,-4.173913043478261,9.0,0.8109952809949685,0.4264322769714472,3,2020,1.5790337237581822,0.08,0,379
13,-2.497046962709413,13.466666666666669,-11.692307692307692,0.0,0.6396958457301245,0.4264322769714472,2,2020,1.5790337237581822,0.0344827586206896,0,379
14,3.644222130031359,10.333333333333334,-4.568181818181818,9.0,0.6136063633012809,0.4264322769714472,3,2020,1.5790337237581822,0.08,0,379
18,-4.303754009103804,15.6,-15.6,0.0,-1.248841509527146,0.4264322769714472,2,2020,1.5790337237581822,0.08,0,379
15,-1.765591548746379,15.0,-12.5,0.0,-1.1975524483437234,0.4264322769714472,2,2020,1.5790337237581822,0.1,0,379
3,4.06425324104663,3.0,-3.3404255319148937,33.0,1.584222600222497,0.551022668029806,2,2020,1.1944444444444444,0.0392156862745098,0,10
2,2.9821100769109434,2.1333333333333333,-3.3095238095238093,8.0,2.392751857264766,0.551022668029806,2,2020,1.1944444444444444,0.1372549019607843,0,10
1,4.06425324104663,2.6666666666666665,-2.16,33.0,2.4800306408241126,0.551022668029806,3,2020,1.1944444444444444,0.0392156862745098,0,10
4,0.1445186177516811,7.466666666666667,-9.115384615384617,0.0,0.1264880614162255,0.551022668029806,3,2020,1.1944444444444444,0.1,0,10
5,-0.2103487005633624,6.133333333333334,-8.695652173913043,0.0,1.0461816788584135,0.551022668029806,3,2020,1.1944444444444444,0.1078431372549019,0,10
11,3.537923758101816,8.333333333333334,-4.333333333333333,9.0,0.7606394829239901,0.551022668029806,2,2020,1.1944444444444444,0.0784313725490196,-1,10
7,-0.2103487005633624,8.066666666666666,-8.857142857142858,0.0,0.3561538358278761,0.551022668029806,3,2020,1.1944444444444444,0.1078431372549019,0,10
12,0.1837316454415027,9.2,-10.142857142857142,1.0,-0.2633021973999302,0.551022668029806,1,2020,1.1944444444444444,0.1111111111111111,-1,10
9,0.1837316454415027,6.2,-8.285714285714286,1.0,0.0285443566781696,0.551022668029806,3,2020,1.1944444444444444,0.1111111111111111,0,10
10,2.9821100769109434,7.6,-6.470588235294118,8.0,-0.1485517519643462,0.551022668029806,3,2020,1.1944444444444444,0.1372549019607843,5,10
17,-2.493106221447217,16.0,-13.76923076923077,0.0,-1.3202317993406396,0.551022668029806,2,2020,1.1944444444444444,0.0333333333333333,0,10
18,-1.7821983303170874,14.2,-11.725,0.0,-0.5819351458927083,0.551022668029806,2,2020,1.1944444444444444,0.0980392156862745,0,10
15,3.537923758101816,10.466666666666669,-4.688888888888889,9.0,0.5521926668334325,0.551022668029806,2,2020,1.1944444444444444,0.0784313725490196,-1,10
20,-2.493106221447217,11.733333333333333,-11.592592592592592,0.0,0.6899979873160759,0.551022668029806,1,2020,1.1944444444444444,0.0333333333333333,-1,10
8,0.275285956836534,6.4,-8.041666666666666,0.0,0.8182802755227838,0.551022668029806,3,2020,1.1944444444444444,0.1372549019607843,0,10
19,-4.287025623951368,15.066666666666666,-15.75,0.0,-0.9114113558320974,0.551022668029806,2,2020,1.1944444444444444,0.0784313725490196,1,10
16,-1.7821983303170874,13.8,-12.486486486486486,0.0,-1.200263184424392,0.551022668029806,2,2020,1.1944444444444444,0.0980392156862745,0,10
14,-4.287025623951368,14.0,-15.423076923076923,0.0,-1.1562885801328968,0.551022668029806,2,2020,1.1944444444444444,0.0784313725490196,-1,10
2,4.096560816921055,2.8666666666666667,-2.176470588235294,34.0,2.4640401234907308,0.4424333231831599,3,2020,1.6433016574597905,0.0384615384615384,0,322
3,2.946796018383005,2.1333333333333333,-3.2790697674418605,8.0,2.480989237332508,0.4424333231831599,3,2020,1.6433016574597905,0.1346153846153846,0,322
6,-0.1337096980242314,5.2,-8.541666666666666,0.0,1.1183459092209955,0.4424333231831599,3,2020,1.6433016574597905,0.1057692307692307,0,322
9,0.2154170480712826,6.333333333333333,-8.925925925925926,0.0,0.2351397644430146,0.4424333231831599,3,2020,1.6433016574597905,0.0967741935483871,0,322
10,0.2362172737194923,7.2,-7.916666666666667,0.0,0.6356457326838549,0.4424333231831599,3,2020,1.6433016574597905,0.1346153846153846,0,322
12,0.2450994218586024,6.8,-8.375,1.0,0.0344874033829593,0.4424333231831599,2,2020,1.6433016574597905,0.1,0,322
4,3.496311273982335,7.666666666666667,-4.4,9.0,0.7700659030802988,0.4424333231831599,3,2020,1.6433016574597905,0.0769230769230769,0,322
20,0.2154170480712826,10.4,-7.0,0.0,0.1453053409759023,0.4424333231831599,3,2020,1.6433016574597905,0.0967741935483871,0,322
16,-1.8243324716598723,14.533333333333331,-12.605263157894736,0.0,-1.2792462065530508,0.4424333231831599,2,2020,1.6433016574597905,0.0961538461538461,0,322
14,-2.515217857762308,14.333333333333334,-13.666666666666666,0.0,-1.22532999254891,0.4424333231831599,3,2020,1.6433016574597905,0.032258064516129,0,322
11,3.496311273982335,11.333333333333334,-4.869565217391305,9.0,0.4162966401898299,0.4424333231831599,2,2020,1.6433016574597905,0.0769230769230769,0,322
19,-2.515217857762308,12.2,-11.678571428571429,0.0,0.6580612765172517,0.4424333231831599,3,2020,1.6433016574597905,0.032258064516129,0,322
15,-1.8243324716598723,13.666666666666666,-11.731707317073171,0.0,-0.5450862651068231,0.4424333231831599,3,2020,1.6433016574597905,0.0961538461538461,0,322
18,-4.310850771822297,15.133333333333333,-15.77777777777778,0.0,-0.9659170114305308,0.4424333231831599,3,2020,1.6433016574597905,0.0769230769230769,0,322
13,0.2450994218586024,8.6,-9.875,1.0,-0.2268385647064494,0.4424333231831599,2,2020,1.6433016574597905,0.1,0,322
1,4.102609760023173,2.333333333333333,-2.1538461538461537,35.0,2.4864236482787763,0.3970444238884609,2,2020,1.648773953230989,0.0471698113207547,0,108
2,4.102609760023173,2.333333333333333,-3.2916666666666665,35.0,1.6161861117443346,0.3970444238884609,2,2020,1.648773953230989,0.0471698113207547,0,108
3,2.9110589274935026,2.1333333333333333,-3.25,8.0,2.544704807177741,0.3970444238884609,3,2020,1.648773953230989,0.1415094339622641,0,108
4,3.4351446382464164,7.666666666666667,-4.5,9.0,0.7456877179052914,0.3970444238884609,2,2020,1.648773953230989,0.0754716981132075,0,108
9,0.1744468860109236,6.266666666666667,-8.11111111111111,1.0,0.1184366656556452,0.3970444238884609,3,2020,1.648773953230989,0.0909090909090909,0,108
7,0.2789662895888703,6.0,-7.8,0.0,0.684248780306265,0.3970444238884609,3,2020,1.648773953230989,0.1415094339622641,0,108
5,0.3090569680633334,5.4,-8.75,0.0,0.2946333441106763,0.3970444238884609,3,2020,1.648773953230989,0.09375,0,108
11,-0.1159292277190096,7.733333333333333,-8.625,0.0,0.4410528080897423,0.3970444238884609,2,2020,1.648773953230989,0.1132075471698113,0,108
10,-0.1159292277190096,4.2,-8.32,0.0,1.2455054729940684,0.3970444238884609,3,2020,1.648773953230989,0.1132075471698113,0,108
15,3.4351446382464164,11.333333333333334,-5.0,9.0,0.3266548637002275,0.3970444238884609,2,2020,1.648773953230989,0.0754716981132075,0,108
16,-2.510802596590542,12.066666666666666,-11.689655172413794,0.0,0.6410691453171194,0.3970444238884609,3,2020,1.648773953230989,0.03125,0,108
6,2.9110589274935026,8.466666666666667,-6.666666666666667,8.0,-0.220708067111005,0.3970444238884609,3,2020,1.648773953230989,0.1415094339622641,0,108
8,0.2789662895888703,9.0,-8.32,0.0,0.6023590303791507,0.3970444238884609,3,2020,1.648773953230989,0.1415094339622641,0,108
14,-4.299677161627431,15.2,-15.51851851851852,0.0,-1.2445869399495777,0.3970444238884609,2,2020,1.648773953230989,0.0754716981132075,0,108
17,-2.510802596590542,12.733333333333333,-13.535714285714286,0.0,-1.1435680248983184,0.3970444238884609,2,2020,1.648773953230989,0.03125,0,108
19,-1.809038854537816,13.6,-11.761904761904765,0.0,-0.5980254289400534,0.3970444238884609,1,2020,1.648773953230989,0.0943396226415094,0,108
18,-1.809038854537816,12.533333333333331,-12.512820512820513,0.0,-1.2110134255977572,0.3970444238884609,2,2020,1.648773953230989,0.0943396226415094,0,108
20,-4.299677161627431,14.466666666666669,-15.6,0.0,-0.9437398430433248,0.3970444238884609,2,2020,1.648773953230989,0.0754716981132075,0,108
13,0.1744468860109236,10.466666666666669,-10.444444444444445,1.0,-0.3924503880070579,0.3970444238884609,2,2020,1.648773953230989,0.0909090909090909,0,108
2,4.159101872529328,1.8,-2.1320754716981134,36.0,2.514885140292165,0.4897600279009482,2,2020,1.6406582562413317,0.0462962962962962,0,26
1,4.159101872529328,2.1333333333333333,-3.26530612244898,36.0,1.6442167322371242,0.4897600279009482,2,2020,1.6406582562413317,0.0462962962962962,0,26
5,-0.1029247366717345,5.733333333333333,-8.346153846153847,0.0,1.2636741924790025,0.4897600279009482,3,2020,1.6406582562413317,0.1111111111111111,0,26
8,0.0659349523910298,13.466666666666669,-11.3,1.0,-0.6398926003740383,0.4897600279009482,3,2020,1.6406582562413317,0.0833333333333333,0,26
7,3.442960540216387,6.4,-4.481481481481482,9.0,0.8047824669938789,0.4897600279009482,3,2020,1.6406582562413317,0.074074074074074,0,26
11,0.3481025407348188,5.533333333333333,-8.689655172413794,0.0,0.3514445427761059,0.4897600279009482,2,2020,1.6406582562413317,0.0909090909090909,0,26
10,0.3020971766499905,5.4,-7.730769230769231,0.0,0.7614915882144634,0.4897600279009482,3,2020,1.6406582562413317,0.1388888888888889,0,26
9,0.3020971766499905,10.533333333333331,-8.5,0.0,0.4790965701743602,0.4897600279009482,3,2020,1.6406582562413317,0.1388888888888889,0,26
18,-2.5045478450294367,11.733333333333333,-11.666666666666666,0.0,0.6773250854068181,0.4897600279009482,2,2020,1.6406582562413317,0.0303030303030303,0,26
20,-2.5045478450294367,13.066666666666666,-13.586206896551724,0.0,-1.1723932170248117,0.4897600279009482,3,2020,1.6406582562413317,0.0303030303030303,0,26
19,-4.298153797496743,15.466666666666669,-15.818181818181818,0.0,-1.0799486518798027,0.4897600279009482,2,2020,1.6406582562413317,0.074074074074074,0,26
14,3.442960540216387,11.066666666666666,-5.104166666666667,9.0,0.2586191054821001,0.4897600279009482,2,2020,1.6406582562413317,0.074074074074074,0,26
15,0.3481025407348188,5.6,-10.08,0.0,-0.2915374617186893,0.4897600279009482,2,2020,1.6406582562413317,0.0909090909090909,0,26
16,-1.8686320786376136,13.866666666666667,-12.625,0.0,-1.24676264798476,0.4897600279009482,2,2020,1.6406582562413317,0.0925925925925925,0,26
6,2.8588215472517664,9.666666666666666,-6.947368421052632,8.0,-0.332791247792422,0.4897600279009482,3,2020,1.6406582562413317,0.1388888888888889,0,26
6,4.174360513766983,1.2666666666666666,-2.111111111111111,37.0,2.522667367988672,0.4035734281507876,0,2020,1.6423432576430044,0.0454545454545454,0,130
3,0.329407498761059,5.533333333333333,-8.6,0.0,0.413938107807227,0.4035734281507876,0,2020,1.6423432576430044,0.088235294117647,0,130
12,3.3899172583414576,11.266666666666667,-5.244897959183674,9.0,0.1481218189795906,0.4035734281507876,0,2020,1.6423432576430044,0.0727272727272727,-1,130
14,3.3899172583414576,5.466666666666667,-4.5,9.0,0.8285022422520468,0.4035734281507876,0,2020,1.6423432576430044,0.0727272727272727,-2,130
13,0.3176453958772775,5.6,-7.703703703703703,0.0,0.7643585295003327,0.4035734281507876,0,2020,1.6423432576430044,0.1363636363636363,2,130
2,2.7274451315526846,2.466666666666667,-3.2444444444444445,8.0,2.7273898826453458,0.4035734281507876,0,2020,1.6423432576430044,0.1454545454545454,0,130
4,2.7274451315526846,11.6,-7.35,8.0,-0.5032852096775495,0.4035734281507876,0,2020,1.6423432576430044,0.1454545454545454,0,130
11,0.3176453958772775,10.2,-8.481481481481481,0.0,0.4747348475386811,0.4035734281507876,0,2020,1.6423432576430044,0.1363636363636363,3,130
1,0.329407498761059,7.866666666666666,-10.192307692307692,0.0,-0.3952383899841655,0.4035734281507876,0,2020,1.6423432576430044,0.088235294117647,0,130
5,-0.0792039082540087,4.933333333333334,-8.148148148148149,0.0,1.389408808182362,0.4035734281507876,0,2020,1.6423432576430044,0.1181818181818181,0,130
7,-0.0792039082540087,7.666666666666667,-8.555555555555555,0.0,0.4982800569606599,0.4035734281507876,0,2020,1.6423432576430044,0.1181818181818181,0,130
17,0.2115433315149109,10.933333333333334,-10.636363636363637,1.0,-0.5201727171722108,0.4035734281507876,0,2020,1.6423432576430044,0.1153846153846153,-1,130
15,0.2115433315149109,5.733333333333333,-7.8,1.0,0.2355389253661055,0.4035734281507876,0,2020,1.6423432576430044,0.1153846153846153,4,130
9,4.174360513766983,2.0,-3.24,37.0,1.6516931457783903,0.4035734281507876,0,2020,1.6423432576430044,0.0454545454545454,0,130
8,-2.4581418917379176,10.8,-11.580645161290322,0.0,0.696092094391597,0.4035734281507876,0,2020,1.6423432576430044,0.0294117647058823,0,130
21,-4.2491858699873735,14.666666666666666,-15.464285714285714,0.0,-1.2330996207276907,0.4035734281507876,0,2020,1.6423432576430044,0.0727272727272727,0,130
1,4.118001160198222,1.1333333333333333,-2.090909090909091,38.0,2.6204932100291147,0.5149071748575729,2,2020,1.9430147058823528,0.0446428571428571,0,7
3,2.747318389026237,3.6666666666666665,-3.3043478260869565,8.0,2.683626012218983,0.5149071748575729,2,2020,1.9430147058823528,0.1428571428571428,0,7
4,2.747318389026237,10.266666666666667,-7.333333333333333,8.0,-0.4987357823820208,0.5149071748575729,2,2020,1.9430147058823528,0.1428571428571428,0,7
9,0.3704960527076721,9.8,-8.464285714285714,0.0,0.4720747801949195,0.5149071748575729,2,2020,1.9430147058823528,0.1339285714285714,0,7
15,0.3704960527076721,5.533333333333333,-7.607142857142857,0.0,0.8403820524101601,0.5149071748575729,3,2020,1.9430147058823528,0.1339285714285714,0,7
8,0.0578277848795383,8.133333333333333,-8.272727272727273,1.0,0.1843255988029185,0.5149071748575729,2,2020,1.9430147058823528,0.1071428571428571,0,7
6,-0.1263993776706826,6.666666666666667,-8.214285714285714,0.0,1.3856079731979614,0.5149071748575729,2,2020,1.9430147058823528,0.1160714285714285,0,7
2,4.118001160198222,5.866666666666666,-3.450980392156863,38.0,1.4975079501690836,0.5149071748575729,2,2020,1.9430147058823528,0.0446428571428571,0,7
7,-0.1263993776706826,8.6,-8.8,0.0,0.4644726876740192,0.5149071748575729,2,2020,1.9430147058823528,0.1160714285714285,0,7
12,3.4492760161848426,4.8,-4.482758620689655,9.0,0.8387933602069457,0.5149071748575729,1,2020,1.9430147058823528,0.0714285714285714,0,7
10,0.0578277848795383,11.4,-10.75,1.0,-0.5285499260787979,0.5149071748575729,2,2020,1.9430147058823528,0.1071428571428571,0,7
14,-4.232757541207457,15.066666666666666,-15.482758620689657,0.0,-1.2601040907910803,0.5149071748575729,2,2020,1.9430147058823528,0.0714285714285714,0,7
11,3.4492760161848426,8.533333333333333,-5.2,9.0,0.1813092922369258,0.5149071748575729,2,2020,1.9430147058823528,0.0714285714285714,0,7
20,-4.232757541207457,14.133333333333333,-15.416666666666666,0.0,-0.939823855065056,0.5149071748575729,1,2020,1.9430147058823528,0.0714285714285714,0,7
17,-2.491793312291458,12.133333333333333,-11.6875,0.0,0.6401786118917401,0.5149071748575729,2,2020,1.9430147058823528,0.0428571428571428,0,7
16,-2.491793312291458,11.866666666666667,-13.466666666666669,0.0,-1.0903665849997624,0.5149071748575729,2,2020,1.9430147058823528,0.0428571428571428,0,7
18,-1.880696233862168,14.466666666666669,-11.86046511627907,0.0,-0.6105116279758431,0.5149071748575729,2,2020,1.9430147058823528,0.0892857142857142,0,7
5,0.4361468571340823,4.466666666666667,-8.387096774193548,0.0,0.521608798528827,0.2664872398892721,3,2020,1.673403968933136,0.0972222222222222,0,7
11,-0.1134403412965198,9.0,-8.818181818181818,0.0,0.4658808433914702,0.2664872398892721,2,2020,1.673403968933136,0.1140350877192982,0,7
10,0.4361468571340823,8.533333333333333,-10.148148148148149,0.0,-0.4301556499641396,0.2664872398892721,3,2020,1.673403968933136,0.0972222222222222,0,7
8,0.4484853111861875,5.533333333333333,-7.517241379310345,0.0,0.8697146837565588,0.2664872398892721,3,2020,1.673403968933136,0.131578947368421,0,7
7,-0.1134403412965198,7.0,-8.172413793103448,0.0,1.4010591650381896,0.2664872398892721,3,2020,1.673403968933136,0.1140350877192982,0,7
12,2.794252490729518,8.133333333333333,-7.136363636363637,8.0,-0.4054308084701678,0.2664872398892721,2,2020,1.673403968933136,0.1403508771929824,0,7
6,0.1181712085630106,11.2,-10.76923076923077,1.0,-0.5695071407460872,0.2664872398892721,3,2020,1.673403968933136,0.1,0,7
1,4.100678571979368,7.133333333333334,-3.5384615384615383,39.0,1.4300465732868286,0.2664872398892721,2,2020,1.673403968933136,0.043859649122807,0,7
2,4.100678571979368,14.2,0.0,39.0,-1.195531891156158,0.2664872398892721,2,2020,1.673403968933136,0.043859649122807,0,7
15,0.4484853111861875,7.8,-8.310344827586206,0.0,0.5505310240715132,0.2664872398892721,3,2020,1.673403968933136,0.131578947368421,4,7
9,0.1181712085630106,7.866666666666666,-8.083333333333334,1.0,0.2418801432514674,0.2664872398892721,3,2020,1.673403968933136,0.1,0,7
13,3.3620932024471983,9.6,-5.352941176470588,9.0,0.1033755606034685,0.2664872398892721,2,2020,1.673403968933136,0.0701754385964912,0,7
14,-2.587208531643945,13.066666666666666,-13.548387096774194,0.0,-1.0995996664017722,0.2664872398892721,2,2020,1.673403968933136,0.0416666666666666,0,7
19,-2.587208531643945,13.066666666666666,-11.787878787878787,0.0,0.6409008958013053,0.2664872398892721,2,2020,1.673403968933136,0.0416666666666666,-1,7
16,-1.926293505267248,15.266666666666667,-11.977272727272728,0.0,-0.6938032367791477,0.2664872398892721,3,2020,1.673403968933136,0.087719298245614,-1,7
18,-4.2026358686447605,0.0,0.0,0.0,0.0,0.2664872398892721,2,2020,1.673403968933136,0.0701754385964912,-1,7
20,-1.926293505267248,0.0,0.0,0.0,0.0,0.2664872398892721,3,2020,1.673403968933136,0.087719298245614,0,7
1,2.8270784378881206,3.2666666666666666,-3.276595744680851,8.0,2.687962022032284,0.3671799959932963,2,2020,1.1649122807017545,0.1379310344827586,0,3
2,3.99736105632721,8.0,-3.6226415094339615,39.0,1.4499719199955512,0.3671799959932963,2,2020,1.1649122807017545,0.043103448275862,0,3
3,3.99736105632721,1.0,-2.071428571428572,39.0,2.772814540028916,0.3671799959932963,2,2020,1.1649122807017545,0.043103448275862,0,3
5,2.8270784378881206,7.0,-7.086956521739131,8.0,-0.3785263311179415,0.3671799959932963,3,2020,1.1649122807017545,0.1379310344827586,0,3
4,0.5193945179054831,7.933333333333334,-8.366666666666667,0.0,0.4739775053100062,0.3671799959932963,3,2020,1.1649122807017545,0.1293103448275862,0,3
6,0.5193945179054831,5.0,-7.4,0.0,0.908744549833212,0.3671799959932963,2,2020,1.1649122807017545,0.1293103448275862,0,3
12,0.0142143962409272,6.533333333333333,-8.066666666666666,0.0,1.4096120276039077,0.3671799959932963,1,2020,1.1649122807017545,0.1120689655172413,-1,3
10,0.1444521530017293,8.933333333333334,-8.307692307692308,1.0,0.2045205775917793,0.3671799959932963,3,2020,1.1649122807017545,0.09375,-1,3
11,0.0142143962409272,6.8,-8.25,0.0,0.6883381142621201,0.3671799959932963,2,2020,1.1649122807017545,0.1120689655172413,-1,3
8,0.6126728756967813,7.0,-9.892857142857142,1.0,-0.3569918751632914,0.3671799959932963,3,2020,1.1649122807017545,0.0945945945945946,0,3
7,0.1444521530017293,9.466666666666669,-10.5,1.0,-0.4855583637971055,0.3671799959932963,3,2020,1.1649122807017545,0.09375,0,3
16,-2.613386496567572,13.6,-11.852941176470589,0.0,0.6251299049048697,0.3671799959932963,2,2020,1.1649122807017545,0.0405405405405405,-1,3
9,3.348545468305984,6.4,-4.666666666666667,9.0,0.8029093072773508,0.3671799959932963,2,2020,1.1649122807017545,0.0689655172413793,3,3
13,3.348545468305984,10.333333333333334,-5.480769230769231,9.0,0.009683999479511,0.3671799959932963,1,2020,1.1649122807017545,0.0689655172413793,0,3
18,-4.211800781926073,12.466666666666669,-15.366666666666667,0.0,-1.2369506018955396,0.3671799959932963,2,2020,1.1649122807017545,0.0775862068965517,-2,3
14,-2.613386496567572,13.266666666666667,-13.53125,0.0,-1.0589517238608428,0.3671799959932963,2,2020,1.1649122807017545,0.0405405405405405,0,3
20,-4.211800781926073,14.133333333333333,-15.307692307692308,0.0,-0.9092868710474628,0.3671799959932963,2,2020,1.1649122807017545,0.0775862068965517,-2,3
17,-2.132650600848403,15.266666666666667,-12.044444444444444,0.0,-0.5864059726564317,0.3671799959932963,1,2020,1.1649122807017545,0.0862068965517241,3,3
19,-2.132650600848403,17.0,-17.0,0.0,-0.4873395292001906,0.3671799959932963,2,2020,1.1649122807017545,0.0862068965517241,-2,3
2,3.932954572061436,1.6666666666666667,-2.087719298245614,39.0,2.6534437969306617,0.5149071748575729,2,2021,2.334558823529412,0.0423728813559322,0,7
1,2.822079655690741,2.6,-3.2291666666666665,9.0,2.57054780197568,0.5149071748575729,2,2021,2.334558823529412,0.135593220338983,0,7
3,3.932954572061436,6.4,-3.592592592592593,39.0,1.4474730771431463,0.5149071748575729,2,2021,2.334558823529412,0.0423728813559322,0,7
7,0.5408899245548157,6.733333333333333,-8.258064516129032,0.0,0.5068272888301261,0.5149071748575729,3,2021,2.334558823529412,0.1271186440677966,0,7
21,2.822079655690741,3.2666666666666666,0.0,9.0,0.5660474389009641,0.5149071748575729,2,2021,2.334558823529412,0.135593220338983,0,7
4,3.0383715921186965,8.733333333333333,-4.935483870967742,9.0,0.7402275648817322,0.5149071748575729,3,2021,2.334558823529412,0.0677966101694915,0,7
6,0.5408899245548157,6.6,0.0,0.0,1.283232508221645,0.5149071748575729,3,2021,2.334558823529412,0.1271186440677966,0,7
8,3.0383715921186965,5.2,0.0,9.0,0.8594688873695561,0.5149071748575729,3,2021,2.334558823529412,0.0677966101694915,0,7
13,0.1251793985970189,0.0,0.0,1.0,0.0,0.5149071748575729,2,2021,2.334558823529412,0.088235294117647,0,7
10,0.0,7.866666666666666,0.0,0.0,-0.3550828109648178,0.5149071748575729,3,2021,2.334558823529412,0.0,0,7
14,-2.4817739298020904,13.333333333333334,-11.857142857142858,0.0,0.5566251752789546,0.5149071748575729,2,2021,2.334558823529412,0.0394736842105263,0,7
12,-2.4817739298020904,14.333333333333334,-13.606060606060606,0.0,-1.1318672281304394,0.5149071748575729,2,2021,2.334558823529412,0.0394736842105263,0,7
16,0.0,7.333333333333333,0.0,0.0,0.5588100203723568,0.5149071748575729,3,2021,2.334558823529412,0.0,0,7
15,-4.127840053288116,12.866666666666667,-15.35483870967742,0.0,-1.188628676632769,0.5149071748575729,3,2021,2.334558823529412,0.0762711864406779,0,7
18,0.0,11.666666666666666,0.0,0.0,0.0935516685314482,0.5149071748575729,2,2021,2.334558823529412,0.0,2,7
19,-2.2683630227030904,0.0,0.0,0.0,0.0,0.5149071748575729,2,2021,2.334558823529412,0.0847457627118644,-1,7
3,2.920515124225709,2.333333333333333,-3.204081632653061,9.0,2.614214271219633,0.5797627325089321,0,2021,1.7333333333333334,0.1333333333333333,0,26
1,4.009626662487259,1.5333333333333334,-2.0689655172413794,40.0,2.7019469769943663,0.5797627325089321,0,2021,1.7333333333333334,0.0416666666666666,0,26
7,0.6961805146719778,5.733333333333333,-8.125,0.0,0.5982705747443776,0.5797627325089321,0,2021,1.7333333333333334,0.125,0,26
4,3.1263058343224253,8.333333333333334,-4.96875,9.0,0.735932863691395,0.5797627325089321,0,2021,1.7333333333333334,0.0666666666666666,0,26
11,3.1263058343224253,6.066666666666666,-8.0,9.0,0.7553088559861711,0.5797627325089321,0,2021,1.7333333333333334,0.0666666666666666,0,26
6,0.6961805146719778,6.8,-7.0,0.0,1.283720529723574,0.5797627325089321,0,2021,1.7333333333333334,0.125,0,26
5,0.1819659037624943,8.866666666666667,-8.285714285714286,1.0,0.2272968442325484,0.5797627325089321,0,2021,1.7333333333333334,0.0833333333333333,0,26
10,-0.459345079176744,8.666666666666666,-10.0,0.0,-0.3120783253906934,0.5797627325089321,0,2021,1.7333333333333334,0.0,0,26
9,-0.3482059595370875,9.066666666666666,-13.0,0.0,0.4201457106363945,0.5797627325089321,0,2021,1.7333333333333334,0.5,0,26
15,-0.3482059595370875,13.333333333333334,0.0,0.0,-0.1530714475345048,0.5797627325089321,0,2021,1.7333333333333334,0.5,0,26
2,2.920515124225709,3.6,-5.0,9.0,0.6264489725059292,0.5797627325089321,0,2021,1.7333333333333334,0.1333333333333333,0,26
20,0.1819659037624943,9.0,-9.0,1.0,0.0354857266869067,0.5797627325089321,0,2021,1.7333333333333334,0.0833333333333333,0,26
16,-2.409850981542994,12.666666666666666,-11.833333333333334,0.0,0.571716940247401,0.5797627325089321,0,2021,1.7333333333333334,0.0384615384615384,0,26
17,-2.409850981542994,13.666666666666666,-13.558823529411764,0.0,-1.090411722021124,0.5797627325089321,0,2021,1.7333333333333334,0.0384615384615384,0,26
18,-2.3636461353548093,16.0,-16.0,0.0,-0.3695484754302742,0.5797627325089321,0,2021,1.7333333333333334,0.0833333333333333,0,26
19,-2.3636461353548093,0.0,0.0,0.0,0.0,0.5797627325089321,0,2021,1.7333333333333334,0.0833333333333333,0,26
2,4.0262026900909,1.7333333333333334,-2.067796610169492,40.0,2.719930383281236,0.1599641288235279,2,2021,1.2105263157894737,0.040983606557377,0,108
3,2.800136143941846,1.7333333333333334,-3.16,10.0,2.792747930295615,0.1599641288235279,2,2021,1.2105263157894737,0.1311475409836065,0,108
1,4.0262026900909,5.133333333333334,-3.581818181818182,40.0,1.477047755494735,0.1599641288235279,2,2021,1.2105263157894737,0.040983606557377,0,108
4,2.800136143941846,5.866666666666666,-8.0,10.0,0.4808785787166564,0.1599641288235279,2,2021,1.2105263157894737,0.1311475409836065,0,108
7,0.7783147478862956,4.666666666666667,-7.96969696969697,0.0,0.7142211170118146,0.1599641288235279,3,2021,1.2105263157894737,0.1229508196721311,0,108
8,3.183453078532414,7.133333333333334,-4.9393939393939394,9.0,0.7588578528266476,0.1599641288235279,2,2021,1.2105263157894737,0.0655737704918032,0,108
6,-0.3033453933961003,9.133333333333333,-11.0,0.0,0.4381909697434699,0.1599641288235279,3,2021,1.2105263157894737,0.25,0,108
13,-0.3033453933961003,12.466666666666669,-10.0,0.0,-0.1731139596756712,0.1599641288235279,2,2021,1.2105263157894737,0.25,0,108
16,0.7783147478862956,6.4,-6.5,0.0,1.358424124935625,0.1599641288235279,2,2021,1.2105263157894737,0.1229508196721311,0,108
9,0.1433894561314373,8.333333333333334,-8.2,1.0,0.3352086759651982,0.1599641288235279,3,2021,1.2105263157894737,0.0789473684210526,0,108
5,3.183453078532414,5.866666666666666,-6.5,9.0,0.7428627228741761,0.1599641288235279,3,2021,1.2105263157894737,0.0655737704918032,0,108
12,-2.42785569904096,13.866666666666667,-13.571428571428571,0.0,-1.095305799665134,0.1599641288235279,2,2021,1.2105263157894737,0.0375,0,108
10,-0.2783132855358705,13.066666666666666,-15.0,0.0,-0.0694623440666301,0.1599641288235279,3,2021,1.2105263157894737,0.25,0,108
17,-0.2783132855358705,8.333333333333334,-9.0,0.0,-0.2779680550315224,0.1599641288235279,3,2021,1.2105263157894737,0.25,0,108
14,0.1433894561314373,10.666666666666666,-10.5,1.0,-0.1758503740275445,0.1599641288235279,2,2021,1.2105263157894737,0.0789473684210526,0,108
11,-4.063123575562949,13.133333333333333,-15.3125,0.0,-1.1416794435358648,0.1599641288235279,2,2021,1.2105263157894737,0.0737704918032786,0,108
19,-2.628137546352195,16.0,-16.0,0.0,-0.6320584987907648,0.1599641288235279,2,2021,1.2105263157894737,0.081967213114754,0,108
18,-4.063123575562949,14.933333333333334,-15.428571428571429,0.0,-0.911617935401732,0.1599641288235279,2,2021,1.2105263157894737,0.0737704918032786,0,108
20,-2.628137546352195,17.0,-17.0,0.0,-0.4345075022441358,0.1599641288235279,2,2021,1.2105263157894737,0.081967213114754,0,108
1,4.1035536415727885,1.5333333333333334,-2.05,41.0,2.7663090858348744,0.400005044738327,3,2021,1.697020328599276,0.0403225806451612,0,109
2,2.9214039551694064,1.6,-3.1372549019607843,10.0,2.8154781024658515,0.400005044738327,3,2021,1.697020328599276,0.1290322580645161,0,109
3,4.1035536415727885,3.8,-3.571428571428572,41.0,1.5079541580869211,0.400005044738327,3,2021,1.697020328599276,0.0403225806451612,0,109
4,3.1357052966038315,6.666666666666667,-4.970588235294118,9.0,0.8375635500078789,0.400005044738327,3,2021,1.697020328599276,0.064516129032258,0,109
8,2.9214039551694064,5.533333333333333,-6.666666666666667,10.0,0.5726805310593891,0.400005044738327,3,2021,1.697020328599276,0.1290322580645161,0,109
7,0.878817342108307,7.266666666666667,-7.333333333333333,0.0,1.3081583043096872,0.400005044738327,3,2021,1.697020328599276,0.1209677419354838,0,109
6,3.1357052966038315,7.666666666666667,-8.0,9.0,0.6132661839877944,0.400005044738327,3,2021,1.697020328599276,0.064516129032258,0,109
9,0.878817342108307,4.6,-7.882352941176471,0.0,0.7954926331722934,0.400005044738327,3,2021,1.697020328599276,0.1209677419354838,0,109
5,-0.0019807232183311,8.666666666666666,-9.666666666666666,0.0,0.516277696618304,0.400005044738327,3,2021,1.697020328599276,0.1666666666666666,0,109
12,0.0159697945041595,8.666666666666666,-8.3125,1.0,0.391332345051313,0.400005044738327,3,2021,1.697020328599276,0.075,0,109
11,-0.7122235461553419,10.333333333333334,-10.666666666666666,0.0,-0.3028400410091822,0.400005044738327,3,2021,1.697020328599276,0.1666666666666666,0,109
17,-2.3823823468863656,12.533333333333331,-11.864864864864863,0.0,0.5913892650556404,0.400005044738327,2,2021,1.697020328599276,0.0365853658536585,0,109
13,-0.7122235461553419,13.6,-14.0,0.0,-0.0235521457317587,0.400005044738327,3,2021,1.697020328599276,0.1666666666666666,0,109
15,-4.044451901426208,14.066666666666666,-15.333333333333334,0.0,-1.1345719616154113,0.400005044738327,3,2021,1.697020328599276,0.0725806451612903,0,109
14,-2.3823823468863656,13.133333333333333,-13.52777777777778,0.0,-1.0353955354486817,0.400005044738327,3,2021,1.697020328599276,0.0365853658536585,0,109
19,-4.044451901426208,16.0,-15.6,0.0,-1.0363844305279808,0.400005044738327,3,2021,1.697020328599276,0.0725806451612903,0,109
10,-0.0019807232183311,10.733333333333333,-9.0,0.0,-0.0850618697436883,0.400005044738327,3,2021,1.697020328599276,0.1666666666666666,0,109
18,-2.8608631962779825,16.416666666666668,-16.333333333333332,0.0,-0.8785343847454217,0.400005044738327,3,2021,1.697020328599276,0.0806451612903225,0,109
20,-2.8608631962779825,18.11111111111111,-18.0,0.0,-0.9117352614073156,0.400005044738327,3,2021,1.697020328599276,0.0806451612903225,0,109
2,3.010925583841945,1.7333333333333334,-3.1153846153846154,10.0,2.8632008765522774,0.6361057815899267,3,2021,1.2291021671826623,0.1269841269841269,0,7
4,3.221069766291248,7.733333333333333,-7.75,9.0,0.5688326318956635,0.6361057815899267,3,2021,1.2291021671826623,0.0634920634920634,0,7
5,1.0308206676953224,5.466666666666667,-7.885714285714286,0.0,0.7528037814445063,0.6361057815899267,3,2021,1.2291021671826623,0.119047619047619,0,7
9,3.010925583841945,5.666666666666667,-6.25,10.0,0.6515997664610675,0.6361057815899267,3,2021,1.2291021671826623,0.1269841269841269,0,7
8,-0.8516400280891625,13.466666666666669,-13.666666666666666,0.0,-0.0643852613778747,0.6361057815899267,3,2021,1.2291021671826623,0.125,0,7
6,0.04895930632544,9.2,-8.411764705882353,1.0,0.4019273776964426,0.6361057815899267,3,2021,1.2291021671826623,0.0952380952380952,0,7
7,4.182080033379408,1.3333333333333333,-2.0327868852459017,42.0,2.8146538323985384,0.6361057815899267,3,2021,1.2291021671826623,0.0396825396825396,0,7
13,-0.8516400280891625,11.0,-10.75,0.0,-0.2473961495365656,0.6361057815899267,1,2021,1.2291021671826623,0.125,0,7
11,-0.3443026099006127,9.0,-9.5,0.0,0.6137337390746579,0.6361057815899267,3,2021,1.2291021671826623,0.125,0,7
10,-2.353578309597181,13.666666666666666,-13.567567567567568,0.0,-1.045390893026336,0.6361057815899267,3,2021,1.2291021671826623,0.0357142857142857,0,7
14,-2.353578309597181,12.2,-11.86842105263158,0.0,0.6174099160192424,0.6361057815899267,2,2021,1.2291021671826623,0.0357142857142857,0,7
12,1.0308206676953224,7.0,-7.0,0.0,1.364449693022337,0.6361057815899267,2,2021,1.2291021671826623,0.119047619047619,0,7
17,-0.3443026099006127,12.4,-11.666666666666666,0.0,-0.4246211910221453,0.6361057815899267,2,2021,1.2291021671826623,0.125,0,7
15,-3.993305548605809,14.333333333333334,-15.294117647058824,0.0,-1.082133365235416,0.6361057815899267,2,2021,1.2291021671826623,0.0714285714285714,0,7
18,-3.993305548605809,16.133333333333333,-15.625,0.0,-1.069640592365874,0.6361057815899267,2,2021,1.2291021671826623,0.0714285714285714,0,7
16,0.04895930632544,12.5,-12.0,1.0,-0.5275974328017992,0.6361057815899267,1,2021,1.2291021671826623,0.0952380952380952,0,7
19,-3.0467020961569253,18.5,-18.33333333333333,0.0,-1.2755077525727416,0.6361057815899267,3,2021,1.2291021671826623,0.0793650793650793,0,7
20,-3.0467020961569253,17.0,-16.75,0.0,-1.126166729800564,0.6361057815899267,3,2021,1.2291021671826623,0.0793650793650793,0,7
7,3.0674891410687475,5.266666666666667,-5.8,11.0,0.7169363989053794,0.7626703882487831,3,2021,1.9110576923076923,0.125,-1,0
11,-0.4290365309958133,10.666666666666666,-11.5,0.0,0.0136037490329771,0.7626703882487831,3,2021,1.9110576923076923,0.1,0,0
4,-0.0235023783309159,8.133333333333333,-8.277777777777779,1.0,0.5082843754226619,0.7626703882487831,3,2021,1.9110576923076923,0.0909090909090909,0,0
1,3.2385247012914378,5.4,-4.942857142857143,9.0,0.8804623352673229,0.7626703882487831,3,2021,1.9110576923076923,0.0703125,0,0
6,0.9381986612173898,4.8,-7.75,0.0,0.9587704686697516,0.7626703882487831,3,2021,1.9110576923076923,0.1171875,3,0
9,-0.4398913057355531,12.533333333333331,-12.0,0.0,-0.5065619236028829,0.7626703882487831,3,2021,1.9110576923076923,0.1,-1,0
8,-0.0235023783309159,13.857142857142858,-13.0,1.0,-0.9188802625148824,0.7626703882487831,3,2021,1.9110576923076923,0.0909090909090909,-1,0
5,3.2385247012914378,5.933333333333334,-6.6,9.0,0.6975540217989473,0.7626703882487831,3,2021,1.9110576923076923,0.0703125,0,0
13,0.9381986612173898,8.666666666666666,-8.0,0.0,1.2445645333729445,0.7626703882487831,3,2021,1.9110576923076923,0.1171875,0,0
14,-2.3131424123894337,11.733333333333333,-11.846153846153848,0.0,0.6003270466391964,0.7626703882487831,2,2021,1.9110576923076923,0.0348837209302325,0,0
20,-2.3131424123894337,12.4,-13.473684210526317,0.0,-0.98839905671525,0.7626703882487831,3,2021,1.9110576923076923,0.0348837209302325,0,0
10,4.146395620733433,3.2,-3.56140350877193,42.0,1.5682369413280148,0.7626703882487831,3,2021,1.9110576923076923,0.046875,0,0
17,-3.1989694180044244,17.4,-17.0,0.0,-1.346462699042014,0.7626703882487831,3,2021,1.9110576923076923,0.078125,0,0
18,-3.1989694180044244,18.0,-18.0,0.0,-1.4404908467625377,0.7626703882487831,3,2021,1.9110576923076923,0.078125,0,0
2,4.146395620733433,3.1333333333333333,-2.1129032258064515,42.0,2.7519871132246934,0.7626703882487831,3,2021,1.9110576923076923,0.046875,0,0
16,-3.996921492541241,16.066666666666666,-15.588235294117649,0.0,-1.0757219696963618,0.7626703882487831,2,2021,1.9110576923076923,0.0703125,0,0
1,3.1286425049048283,1.5333333333333334,-3.0754716981132075,12.0,2.7895289123095326,0.5406789877047884,2,2021,1.1456140350877193,0.123076923076923,0,406
2,3.941676317441861,7.333333333333333,-2.3174603174603177,42.0,2.60877569710463,0.5406789877047884,2,2021,1.1456140350877193,0.0461538461538461,0,406
4,3.1286425049048283,3.6666666666666665,-5.0,12.0,0.8121763389572214,0.5406789877047884,2,2021,1.1456140350877193,0.123076923076923,0,406
3,3.941676317441861,5.933333333333334,-3.706896551724138,42.0,1.4963974700705178,0.5406789877047884,2,2021,1.1456140350877193,0.0461538461538461,0,406
8,0.8823241777214856,4.933333333333334,-7.675675675675675,0.0,1.0286662843475198,0.5406789877047884,2,2021,1.1456140350877193,0.1153846153846153,0,406
10,0.8823241777214856,9.0,-8.166666666666666,0.0,1.1621617541348503,0.5406789877047884,2,2021,1.1456140350877193,0.1153846153846153,0,406
6,0.1639149063191831,6.4,-8.0,1.0,0.5333462589859828,0.5406789877047884,2,2021,1.1456140350877193,0.0869565217391304,0,406
9,-0.2652576611613149,10.6,-10.8,0.0,-0.3392919400025228,0.5406789877047884,2,2021,1.1456140350877193,0.1666666666666666,0,406
12,-0.0952544109828187,7.333333333333333,-9.6,0.0,0.2252874717048512,0.5406789877047884,1,2021,1.1456140350877193,0.0833333333333333,0,406
19,-0.0952544109828187,10.133333333333333,-10.2,0.0,-0.259711183691185,0.5406789877047884,1,2021,1.1456140350877193,0.0833333333333333,0,406
5,3.0590777185585907,6.4,-6.833333333333333,9.0,0.6467827578253403,0.5406789877047884,2,2021,1.1456140350877193,0.0692307692307692,0,406
14,-4.052682706820458,14.466666666666669,-15.257142857142858,0.0,-1.060965174274845,0.5406789877047884,2,2021,1.1456140350877193,0.0769230769230769,0,406
21,0.1639149063191831,11.8,-11.8,1.0,-0.7571004584189137,0.5406789877047884,2,2021,1.1456140350877193,0.0869565217391304,0,406
11,-0.2652576611613149,8.866666666666667,-9.4,0.0,0.5836020285116007,0.5406789877047884,1,2021,1.1456140350877193,0.1666666666666666,0,406
13,-2.334821400043172,11.866666666666667,-13.41025641025641,0.0,-0.9670743529363957,0.5406789877047884,1,2021,1.1456140350877193,0.034090909090909,0,406
7,3.0590777185585907,4.533333333333333,-4.916666666666667,9.0,0.987437005459117,0.5406789877047884,2,2021,1.1456140350877193,0.0692307692307692,0,406
17,-2.334821400043172,11.133333333333333,-11.8,0.0,0.6219921488696838,0.5406789877047884,1,2021,1.1456140350877193,0.034090909090909,0,406
16,-4.052682706820458,16.066666666666666,-15.61111111111111,0.0,-1.1305594348240813,0.5406789877047884,2,2021,1.1456140350877193,0.0769230769230769,0,406
15,-3.212822141184684,16.066666666666666,-16.333333333333332,0.0,-1.2850124375552283,0.5406789877047884,2,2021,1.1456140350877193,0.0769230769230769,0,406
18,-3.212822141184684,16.666666666666668,-17.2,0.0,-1.4316214539150742,0.5406789877047884,1,2021,1.1456140350877193,0.0769230769230769,0,406
1,3.221677857772389,1.3333333333333333,-3.037037037037037,13.0,2.823636924742783,0.2990226586368086,2,2021,1.5215527119938883,0.1212121212121212,0,678
3,3.982879645715716,6.266666666666667,-2.3125,42.0,2.6415666638997,0.2990226586368086,2,2021,1.5215527119938883,0.0454545454545454,-1,678
2,3.982879645715716,5.733333333333333,-3.711864406779661,42.0,1.511442738046702,0.2990226586368086,2,2021,1.5215527119938883,0.0454545454545454,3,678
5,3.221677857772389,3.0,-4.714285714285714,13.0,0.8961041844076166,0.2990226586368086,3,2021,1.5215527119938883,0.1212121212121212,-1,678
4,0.995745191403762,5.0,-7.605263157894737,0.0,1.058992616047438,0.2990226586368086,3,2021,1.5215527119938883,0.1136363636363636,-1,678
12,2.903473842357582,7.866666666666666,-7.428571428571429,9.0,0.5372662642465382,0.2990226586368086,2,2021,1.5215527119938883,0.0681818181818181,0,678
7,2.903473842357582,8.266666666666667,-5.216216216216216,9.0,0.8685774489463902,0.2990226586368086,3,2021,1.5215527119938883,0.0681818181818181,0,678
10,-0.0914618004796021,10.066666666666666,-10.166666666666666,0.0,-0.2204401269938905,0.2990226586368086,3,2021,1.5215527119938883,0.0714285714285714,-1,678
9,-0.3434172650615456,9.666666666666666,-10.333333333333334,0.0,-0.2109640005265537,0.2990226586368086,3,2021,1.5215527119938883,0.1428571428571428,-1,678
8,0.1793211436448447,12.2,-12.0,1.0,-0.9124765424538928,0.2990226586368086,3,2021,1.5215527119938883,0.0833333333333333,3,678
18,-2.427217513563136,13.0,-11.926829268292684,0.0,0.6237606420186698,0.2990226586368086,1,2021,1.5215527119938883,0.0333333333333333,0,678
14,-0.0914618004796021,7.133333333333334,-9.5,0.0,0.380013342490659,0.2990226586368086,2,2021,1.5215527119938883,0.0714285714285714,0,678
13,0.995745191403762,8.2,-7.857142857142857,0.0,1.17497051559236,0.2990226586368086,2,2021,1.5215527119938883,0.1136363636363636,0,678
17,-0.3434172650615456,10.4,-10.166666666666666,0.0,0.4605666738909278,0.2990226586368086,2,2021,1.5215527119938883,0.1428571428571428,0,678
15,-2.427217513563136,12.733333333333333,-13.45,0.0,-0.9122867468728426,0.2990226586368086,2,2021,1.5215527119938883,0.0333333333333333,0,678
19,-3.366558686941626,16.933333333333334,-16.714285714285715,0.0,-1.482892582309328,0.2990226586368086,2,2021,1.5215527119938883,0.0757575757575757,0,678
16,-4.028692516425983,16.6,-15.736842105263158,0.0,-1.2352427393340564,0.2990226586368086,2,2021,1.5215527119938883,0.0757575757575757,0,678
20,-3.366558686941626,17.6,-17.666666666666668,0.0,-1.7076814482407572,0.2990226586368086,2,2021,1.5215527119938883,0.0757575757575757,0,678
1,3.2965356052444275,1.2,-3.0,14.0,2.8407424986223546,0.249960208685871,2,2021,1.4616866140395552,0.1194029850746268,0,678
5,4.011500123114893,5.066666666666666,-3.7,42.0,1.5293440627161157,0.249960208685871,2,2021,1.4616866140395552,0.044776119402985,0,678
2,0.9223668959457,4.933333333333334,-7.538461538461538,0.0,1.196128938300092,0.249960208685871,2,2021,1.4616866140395552,0.1119402985074626,0,678
4,4.011500123114893,5.2,-2.3076923076923075,42.0,2.654937907650747,0.249960208685871,2,2021,1.4616866140395552,0.044776119402985,0,678
11,2.939294197995272,7.266666666666667,-7.25,9.0,0.5684034937096739,0.249960208685871,1,2021,1.4616866140395552,0.0671641791044776,-1,678
3,3.2965356052444275,3.2,-4.625,14.0,0.9417512264912484,0.249960208685871,2,2021,1.4616866140395552,0.1194029850746268,0,678
13,0.9223668959457,9.733333333333333,-8.5,0.0,1.0291630907985254,0.249960208685871,2,2021,1.4616866140395552,0.1119402985074626,0,678
12,2.939294197995272,8.333333333333334,-5.2631578947368425,9.0,0.8329881007862813,0.249960208685871,2,2021,1.4616866140395552,0.0671641791044776,0,678
6,0.205241779136022,6.333333333333333,-7.95,1.0,0.5856432065187211,0.249960208685871,3,2021,1.4616866140395552,0.08,0,678
14,-0.4599852604302494,9.2,-10.142857142857142,0.0,-0.0892138098150658,0.249960208685871,2,2021,1.4616866140395552,0.125,0,678
9,-4.048372331165405,13.6,-15.166666666666666,0.0,-0.935493469347402,0.249960208685871,2,2021,1.4616866140395552,0.0820895522388059,-1,678
7,0.205241779136022,11.333333333333334,-11.714285714285714,1.0,-0.8876026008780707,0.249960208685871,3,2021,1.4616866140395552,0.08,0,678
10,-0.1074834843712673,9.333333333333334,-9.857142857142858,0.0,-0.1388213234117135,0.249960208685871,3,2021,1.4616866140395552,0.0625,-1,678
15,-2.423077288017869,13.533333333333331,-13.48780487804878,0.0,-0.9510249231778508,0.249960208685871,2,2021,1.4616866140395552,0.0326086956521739,0,678
16,-2.423077288017869,12.466666666666669,-11.904761904761903,0.0,0.6410266386510719,0.249960208685871,1,2021,1.4616866140395552,0.0326086956521739,0,678
18,-4.048372331165405,16.733333333333334,-15.8,0.0,-1.2873718733443869,0.249960208685871,2,2021,1.4616866140395552,0.0820895522388059,0,678
19,-3.432399767461319,16.6,-16.625,0.0,-1.5242249459130568,0.249960208685871,2,2021,1.4616866140395552,0.0746268656716417,0,678
20,-3.432399767461319,17.666666666666668,-17.714285714285715,0.0,-1.8604036499030223,0.249960208685871,2,2021,1.4616866140395552,0.0746268656716417,0,678
1,4.031587817310482,4.733333333333333,-2.333333333333333,42.0,2.6360081811305145,0.5184116441342878,2,2021,1.6087461300309598,0.0441176470588235,1,145
4,2.95593743404454,8.533333333333333,-5.333333333333333,9.0,0.7880394831893349,0.5184116441342878,2,2021,1.6087461300309598,0.0661764705882353,0,145
3,4.031587817310482,4.066666666666666,-3.672131147540984,42.0,1.5748765308925632,0.5184116441342878,2,2021,1.6087461300309598,0.0441176470588235,0,145
6,0.9614411795412676,4.2,-7.425,0.0,1.298620340218498,0.5184116441342878,2,2021,1.6087461300309598,0.1102941176470588,-1,145
7,0.9614411795412676,9.0,-8.333333333333334,0.0,1.0501856367357254,0.5184116441342878,2,2021,1.6087461300309598,0.1102941176470588,-1,145
9,2.95593743404454,6.666666666666667,-7.0,9.0,0.5891347616931022,0.5184116441342878,2,2021,1.6087461300309598,0.0661764705882353,1,145
11,-0.4400747463257115,9.0,-10.125,0.0,-0.0810618753148256,0.5184116441342878,2,2021,1.6087461300309598,0.1111111111111111,-4,145
15,-0.200628735858355,10.266666666666667,-10.25,0.0,-0.2027295575394424,0.5184116441342878,2,2021,1.6087461300309598,0.0555555555555555,-1,145
13,-0.4400747463257115,11.866666666666667,-10.714285714285714,0.0,0.3389592040923433,0.5184116441342878,2,2021,1.6087461300309598,0.1111111111111111,-4,145
16,0.1868154198157205,11.266666666666667,-11.75,1.0,-0.9575073019931756,0.5184116441342878,2,2021,1.6087461300309598,0.0769230769230769,0,145
12,0.1868154198157205,6.933333333333334,-8.0,1.0,0.6035360688510808,0.5184116441342878,2,2021,1.6087461300309598,0.0769230769230769,-1,145
8,-4.004056793288337,12.6,-15.054054054054054,0.0,-0.8510802926282461,0.5184116441342878,2,2021,1.6087461300309598,0.0808823529411764,4,145
14,-2.462434372583898,13.8,-13.5,0.0,-0.9291951508217944,0.5184116441342878,2,2021,1.6087461300309598,0.0319148936170212,1,145
18,-4.004056793288337,16.6,-15.80952380952381,0.0,-1.3365704939152707,0.5184116441342878,2,2021,1.6087461300309598,0.0808823529411764,-1,145
17,-2.462434372583898,13.4,-11.976744186046512,0.0,0.6064692095974797,0.5184116441342878,2,2021,1.6087461300309598,0.0319148936170212,-4,145
21,3.31207869358783,4.066666666666666,-4.777777777777778,15.0,0.9205250973751228,0.5184116441342878,1,2021,1.6087461300309598,0.1176470588235294,0,145
20,-3.532120635659659,18.133333333333333,-17.875,0.0,-2.026755608925661,0.5184116441342878,2,2021,1.6087461300309598,0.0735294117647058,-1,145
19,-3.532120635659659,17.0,-16.77777777777778,0.0,-1.6411006236346242,0.5184116441342878,2,2021,1.6087461300309598,0.0735294117647058,-1,145
8,-0.3157200370452236,11.333333333333334,-10.5,0.0,0.315727519042538,0.2405385525857417,0,2021,1.547987616099071,0.1,0,264
1,4.039486078470829,3.066666666666667,-2.313432835820896,43.0,2.6505975260812664,0.2405385525857417,0,2021,1.547987616099071,0.0434782608695652,0,264
15,2.99891645146536,6.533333333333333,-6.9,9.0,0.5570879845382884,0.2405385525857417,0,2021,1.547987616099071,0.0652173913043478,0,264
9,-0.3157200370452236,8.266666666666667,-9.77777777777778,0.0,-0.0141075703373249,0.2405385525857417,0,2021,1.547987616099071,0.1,0,264
5,0.1282278968475225,8.266666666666667,-8.136363636363637,1.0,0.5972445818854012,0.2405385525857417,0,2021,1.547987616099071,0.074074074074074,0,264
16,0.1282278968475225,10.733333333333333,-11.555555555555555,1.0,-0.9119889269471194,0.2405385525857417,0,2021,1.547987616099071,0.074074074074074,0,264
18,-3.989704516440298,15.8,-15.727272727272728,0.0,-1.3223977453018836,0.2405385525857417,0,2021,1.547987616099071,0.0797101449275362,0,264
17,-3.989704516440298,12.133333333333333,-14.973684210526317,0.0,-0.8091263577455219,0.2405385525857417,0,2021,1.547987616099071,0.0797101449275362,0,264
3,3.1145302452259616,1.0666666666666669,-2.9642857142857144,15.0,3.0367368925279004,0.2405385525857417,0,2021,1.547987616099071,0.1159420289855072,0,264
13,-2.50659972857076,14.133333333333333,-12.045454545454543,0.0,0.541312583351036,0.2405385525857417,0,2021,1.547987616099071,0.03125,0,264
11,0.996415196390267,7.533333333333333,-8.0,0.0,1.1238779171630726,0.2405385525857417,0,2021,1.547987616099071,0.108695652173913,0,264
20,-3.6171542799410985,17.4,-16.9,0.0,-1.7628855317845205,0.2405385525857417,0,2021,1.547987616099071,0.072463768115942,0,264
21,-2.50659972857076,13.8,-13.488372093023257,0.0,-0.9093486347999756,0.2405385525857417,2,2021,1.547987616099071,0.03125,0,264
1,3.040609179832819,3.6666666666666665,-3.0701754385964914,15.0,2.91575473320472,0.6709757089026008,0,2021,1.540767973856209,0.1142857142857142,0,401
2,-3.930587870039298,10.6,-14.794871794871796,0.0,-0.7381087989624165,0.6709757089026008,0,2021,1.540767973856209,0.0785714285714285,0,401
3,3.9960009173642783,2.1333333333333333,-2.3088235294117645,43.0,2.6424533181241703,0.6709757089026008,0,2021,1.540767973856209,0.0428571428571428,0,401
4,0.8536254669135126,8.533333333333333,-8.272727272727273,0.0,1.0652662156575554,0.6709757089026008,0,2021,1.540767973856209,0.1071428571428571,0,401
5,-0.1189813420253506,8.333333333333334,-9.857142857142858,0.0,0.2175712849691307,0.6709757089026008,0,2021,1.540767973856209,0.0454545454545454,0,401
6,0.2202936293641858,7.533333333333333,-8.0,1.0,0.6032292015598956,0.6709757089026008,0,2021,1.540767973856209,0.0714285714285714,0,401
9,0.0835270602120832,8.0,-9.444444444444445,1.0,0.4407533007068032,0.6709757089026008,0,2021,1.540767973856209,0.0909090909090909,-1,401
11,2.997818809168481,6.6,-5.25,9.0,0.7778607195907555,0.6709757089026008,0,2021,1.540767973856209,0.0642857142857142,-2,401
12,-3.930587870039298,12.733333333333333,-15.347826086956522,0.0,-1.13948473948022,0.6709757089026008,0,2021,1.540767973856209,0.0785714285714285,-2,401
13,2.997818809168481,5.133333333333334,-6.545454545454546,9.0,0.6307571974351261,0.6709757089026008,0,2021,1.540767973856209,0.0642857142857142,-2,401
14,0.0835270602120832,6.933333333333334,-9.2,1.0,0.0513230664495938,0.6709757089026008,0,2021,1.540767973856209,0.0909090909090909,-2,401
8,3.9960009173642783,3.466666666666667,-3.661290322580645,43.0,1.5460207161521933,0.6709757089026008,0,2021,1.540767973856209,0.0428571428571428,5,401
16,-2.5231856098419008,13.6,-13.477272727272728,0.0,-0.9522002868817206,0.6709757089026008,0,2021,1.540767973856209,0.0306122448979591,-2,401
10,0.8536254669135126,4.133333333333334,-7.341463414634147,0.0,1.3889206398554712,0.6709757089026008,0,2021,1.540767973856209,0.1071428571428571,5,401
17,0.2202936293641858,9.266666666666667,-11.0,1.0,-0.7699862519849976,0.6709757089026008,0,2021,1.540767973856209,0.0714285714285714,-1,401
18,-3.631340815239454,15.8,-16.454545454545453,0.0,-1.6474179678827197,0.6709757089026008,0,2021,1.540767973856209,0.0714285714285714,-1,401
20,-3.631340815239454,17.933333333333334,-17.77777777777778,0.0,-2.1153032206445426,0.6709757089026008,0,2021,1.540767973856209,0.0714285714285714,-2,401
21,-2.5231856098419008,12.933333333333334,-12.0,0.0,0.5243613521302674,0.6709757089026008,0,2021,1.540767973856209,0.0306122448979591,0,401
21,3.040609179832819,8.2,-5.9,15.0,0.6562267434363707,0.6709757089026008,0,2021,1.540767973856209,0.1142857142857142,0,401
15,-0.1189813420253506,9.6,-10.0,0.0,-0.2853071453290681,0.6709757089026008,0,2021,1.540767973856209,0.0454545454545454,4,401
1,2.8460142548834138,3.1333333333333333,-3.034482758620689,16.0,3.149862740635497,0.3580434627892173,3,2021,1.7451676717227451,0.1126760563380281,0,3
2,3.950363413736,2.4,-2.318840579710145,43.0,2.704053324606978,0.3580434627892173,3,2021,1.7451676717227451,0.0422535211267605,0,3
3,3.950363413736,5.866666666666666,-3.7936507936507935,43.0,1.4475158442556877,0.3580434627892173,3,2021,1.7451676717227451,0.0422535211267605,0,3
4,0.1875194584629399,7.2,-7.916666666666667,1.0,0.7339584781645367,0.3580434627892173,3,2021,1.7451676717227451,0.0689655172413793,0,3
5,2.870522161000271,6.8,-5.317073170731708,9.0,0.8379555219167844,0.3580434627892173,3,2021,1.7451676717227451,0.0633802816901408,0,3
9,0.1336074908591054,8.066666666666666,-9.363636363636363,1.0,-0.0187020932996683,0.3580434627892173,3,2021,1.7451676717227451,0.0833333333333333,0,3
6,2.870522161000271,6.4,-6.833333333333333,9.0,0.584836936669412,0.3580434627892173,3,2021,1.7451676717227451,0.0633802816901408,0,3
21,2.8460142548834138,12.533333333333331,-7.090909090909091,16.0,0.3314782482035908,0.3580434627892173,1,2021,1.7451676717227451,0.1126760563380281,0,3
8,0.1336074908591054,7.2,-9.2,1.0,0.4934389544715918,0.3580434627892173,3,2021,1.7451676717227451,0.0833333333333333,0,3
13,0.9128457993108988,7.333333333333333,-7.5,0.0,1.2076023972718368,0.3580434627892173,2,2021,1.7451676717227451,0.1056338028169014,0,3
10,0.9128457993108988,7.066666666666666,-7.916666666666667,0.0,1.1821116770991351,0.3580434627892173,3,2021,1.7451676717227451,0.1056338028169014,0,3
12,-0.2446634452893044,13.133333333333333,-11.0,0.0,-0.5904261158884129,0.3580434627892173,3,2021,1.7451676717227451,0.0416666666666666,0,3
17,-0.2446634452893044,7.266666666666667,-9.25,0.0,0.436741476200268,0.3580434627892173,3,2021,1.7451676717227451,0.0416666666666666,-2,3
7,-2.6020664899281867,13.266666666666667,-13.466666666666669,0.0,-0.8657853514697085,0.3580434627892173,3,2021,1.7451676717227451,0.03,0,3
18,-2.6020664899281867,17.533333333333335,0.0,0.0,-1.8124073539684984,0.3580434627892173,2,2021,1.7451676717227451,0.03,-2,3
21,-3.730468594960414,10.933333333333334,-15.083333333333334,0.0,-1.0658663931185983,0.3580434627892173,2,2021,1.7451676717227451,0.0774647887323943,0,3
19,-3.645626175527634,15.6,-16.416666666666668,0.0,-1.6714559156337998,0.3580434627892173,3,2021,1.7451676717227451,0.0704225352112676,-2,3
5,0.8553769366073203,8.066666666666666,-8.153846153846153,0.0,1.1200912586019425,0.4490274481365265,2,2021,1.5735294117647058,0.1041666666666666,-3,162
4,0.8553769366073203,8.6,-7.558139534883721,0.0,1.1996868118526782,0.4490274481365265,2,2021,1.5735294117647058,0.1041666666666666,-1,162
1,3.9713248553977,5.266666666666667,-3.78125,43.0,1.4617281672611255,0.4490274481365265,1,2021,1.5735294117647058,0.0416666666666666,18,162
8,2.8885027043133675,5.733333333333333,-5.309523809523809,9.0,0.8527379890848811,0.4490274481365265,2,2021,1.5735294117647058,0.0625,-3,162
9,2.838155095576758,12.0,-7.166666666666667,17.0,0.2980202113760345,0.4490274481365265,2,2021,1.5735294117647058,0.1111111111111111,-1,162
7,2.8885027043133675,6.733333333333333,-6.846153846153846,9.0,0.5882028020330653,0.4490274481365265,2,2021,1.5735294117647058,0.0625,-1,162
12,-0.3896559844035967,13.2,-11.090909090909092,0.0,-0.5904818239823382,0.4490274481365265,2,2021,1.5735294117647058,0.0384615384615384,-3,162
13,0.2207015693289038,7.333333333333333,-9.083333333333334,1.0,0.0897083409065873,0.4490274481365265,2,2021,1.5735294117647058,0.0769230769230769,-3,162
15,-3.7264238434636456,7.466666666666667,-14.475,0.0,-0.5464777590891268,0.4490274481365265,2,2021,1.5735294117647058,0.0833333333333333,-1,162
14,0.2207015693289038,7.2,-9.181818181818182,1.0,0.4617907459237196,0.4490274481365265,2,2021,1.5735294117647058,0.0769230769230769,-2,162
16,-3.7264238434636456,12.066666666666666,-15.12,0.0,-1.1117275603083034,0.4490274481365265,2,2021,1.5735294117647058,0.0833333333333333,-3,162
11,-0.3896559844035967,9.4,-9.666666666666666,0.0,0.3864112782593532,0.4490274481365265,2,2021,1.5735294117647058,0.0384615384615384,0,162
10,-2.630030195686424,13.4,-13.478260869565217,0.0,-0.8576360883341967,0.4490274481365265,2,2021,1.5735294117647058,0.0294117647058823,-3,162
19,-2.630030195686424,16.8,-15.0,0.0,-1.8502010135436355,0.4490274481365265,1,2021,1.5735294117647058,0.0294117647058823,-2,162
18,-3.676630214943741,16.266666666666666,-16.53846153846154,0.0,-1.7797488866313194,0.4490274481365265,2,2021,1.5735294117647058,0.0763888888888889,0,162
4,3.9615146821299967,2.2666666666666666,-2.3142857142857145,43.0,2.6974278794276305,0.6055365013086256,2,2021,1.2407407407407407,0.0410958904109589,0,10
20,2.828412041365405,2.6,-3.0,17.0,3.204716592312974,0.6055365013086256,1,2021,1.2407407407407407,0.1095890410958904,0,10
2,2.936775801270921,6.666666666666667,-6.785714285714286,9.0,0.5255147809212409,0.6055365013086256,2,2021,1.2407407407407407,0.0616438356164383,0,10
5,0.9590605845911298,5.866666666666666,-7.642857142857143,1.0,1.2249947372609702,0.6055365013086256,2,2021,1.2407407407407407,0.1027397260273972,0,10
7,3.9615146821299967,4.733333333333333,-3.769230769230769,43.0,1.4728647159354944,0.6055365013086256,1,2021,1.2407407407407407,0.0410958904109589,9,10
6,0.2193562768808767,7.466666666666667,-9.0,1.0,0.1024923594456939,0.6055365013086256,1,2021,1.2407407407407407,0.0714285714285714,0,10
1,0.9590605845911298,6.866666666666666,-7.431818181818182,1.0,1.2296622551674476,0.6055365013086256,2,2021,1.2407407407407407,0.1027397260273972,0,10
16,-2.628024927451447,14.4,-12.130434782608695,0.0,0.4852236977189509,0.6055365013086256,2,2021,1.2407407407407407,0.0288461538461538,-3,10
9,2.828412041365405,10.133333333333333,-7.0,17.0,0.3380399504896476,0.6055365013086256,1,2021,1.2407407407407407,0.1095890410958904,-1,10
3,-3.703802476399904,7.466666666666667,-14.341463414634148,0.0,-0.4596761771901168,0.6055365013086256,2,2021,1.2407407407407407,0.0821917808219178,0,10
8,-0.3572851450064382,11.466666666666669,-10.75,0.0,-0.5219833139944563,0.6055365013086256,2,2021,1.2407407407407407,0.0357142857142857,-1,10
11,-0.3572851450064382,10.666666666666666,-9.9,0.0,0.2839519123487232,0.6055365013086256,2,2021,1.2407407407407407,0.0357142857142857,-1,10
12,0.2491784266973999,6.0,-7.76,1.0,0.7977200284398221,0.6055365013086256,1,2021,1.2407407407407407,0.1129032258064516,-1,10
10,0.2193562768808767,7.866666666666666,-9.25,1.0,0.4328103478213611,0.6055365013086256,2,2021,1.2407407407407407,0.0714285714285714,-1,10
15,2.936775801270921,5.066666666666666,-5.27906976744186,9.0,0.8419976106833188,0.6055365013086256,1,2021,1.2407407407407407,0.0616438356164383,4,10
18,-2.628024927451447,13.266666666666667,-13.46808510638298,0.0,-0.8756001174517861,0.6055365013086256,1,2021,1.2407407407407407,0.0288461538461538,-1,10
13,0.2491784266973999,10.866666666666667,-11.363636363636363,1.0,-1.0074119963478163,0.6055365013086256,2,2021,1.2407407407407407,0.1129032258064516,-1,10
19,-3.693936870381053,17.733333333333334,-17.7,0.0,-2.158252665170238,0.6055365013086256,2,2021,1.2407407407407407,0.0821917808219178,-4,10
2,3.982593250063716,4.866666666666666,-3.787878787878788,44.0,1.460998572957899,0.4935761327587715,0,2021,1.9375,0.0405405405405405,-1,130
3,2.8071429500825857,2.4,-2.9833333333333334,17.0,3.2746505914998054,0.4935761327587715,0,2021,1.9375,0.1081081081081081,-1,130
7,2.8071429500825857,9.533333333333331,-7.142857142857143,17.0,0.2941934456650982,0.4935761327587715,0,2021,1.9375,0.1081081081081081,-1,130
4,2.950751367390112,8.266666666666667,-5.5,9.0,0.6581894318941462,0.4935761327587715,0,2021,1.9375,0.0608108108108108,-1,130
1,3.982593250063716,1.8,-2.295774647887324,44.0,2.73588890597481,0.4935761327587715,0,2021,1.9375,0.0405405405405405,10,130
5,0.1026838476755774,8.0,-7.961538461538462,1.0,0.7982224223463927,0.4935761327587715,0,2021,1.9375,0.109375,-1,130
8,0.981779859026978,7.0,-7.4222222222222225,1.0,1.2418965656766827,0.4935761327587715,0,2021,1.9375,0.1013513513513513,-1,130
15,2.950751367390112,5.533333333333333,-6.533333333333333,9.0,0.5937582848508035,0.4935761327587715,0,2021,1.9375,0.0608108108108108,4,130
9,-0.4146397845700793,11.133333333333333,-10.76923076923077,0.0,-0.5155780713689592,0.4935761327587715,0,2021,1.9375,0.0333333333333333,-1,130
12,0.1736811830148299,10.133333333333333,-9.615384615384617,1.0,0.3308955092756301,0.4935761327587715,0,2021,1.9375,0.0666666666666666,0,130
18,-2.5915786624745007,14.2,-13.520833333333334,0.0,-0.946182940238225,0.4935761327587715,0,2021,1.9375,0.0283018867924528,-2,130
19,-2.5915786624745007,12.466666666666669,-12.04255319148936,0.0,0.5521734785480267,0.4935761327587715,0,2021,1.9375,0.0283018867924528,-2,130
16,0.981779859026978,5.066666666666666,-7.4,1.0,1.3100454332111744,0.4935761327587715,0,2021,1.9375,0.1013513513513513,4,130
10,0.1026838476755774,13.0,-11.833333333333334,1.0,-1.2123819399048417,0.4935761327587715,0,2021,1.9375,0.109375,-1,130
13,-3.663079018324487,8.0,-14.238095238095235,0.0,-0.379035305162523,0.4935761327587715,0,2021,1.9375,0.081081081081081,0,130
6,0.1736811830148299,7.066666666666666,-8.785714285714286,1.0,0.2499420838777492,0.4935761327587715,0,2021,1.9375,0.0666666666666666,-1,130
17,-3.663079018324487,11.6,-14.961538461538462,0.0,-1.048054063116462,0.4935761327587715,0,2021,1.9375,0.081081081081081,-2,130
11,-0.4146397845700793,11.266666666666667,-10.090909090909092,0.0,0.2634518981399019,0.4935761327587715,0,2021,1.9375,0.0333333333333333,-1,130
14,-3.7085744992671583,15.8,-16.428571428571427,0.0,-1.7558760408055747,0.4935761327587715,0,2021,1.9375,0.0878378378378378,0,130
20,-3.7085744992671583,17.666666666666668,-17.727272727272727,0.0,-2.255303309848497,0.4935761327587715,0,2021,1.9375,0.0878378378378378,-2,130
1,2.894508644662611,2.1333333333333333,-2.9672131147540983,17.0,3.277560829901454,0.4639582766934394,2,2021,1.5892857142857144,0.1066666666666666,0,150
2,4.023397308512889,2.8666666666666667,-2.333333333333333,45.0,2.708606343022298,0.4639582766934394,2,2021,1.5892857142857144,0.04,0,150
3,2.894508644662611,6.733333333333333,-6.866666666666666,17.0,0.400956602731029,0.4639582766934394,2,2021,1.5892857142857144,0.1066666666666666,0,150
5,3.0371966444729903,7.333333333333333,-5.466666666666667,9.0,0.6794754236863161,0.4639582766934394,2,2021,1.5892857142857144,0.06,-1,150
7,0.9860294089604584,7.333333333333333,-7.75,1.0,1.2025702718788065,0.4639582766934394,2,2021,1.5892857142857144,0.1,-1,150
4,4.023397308512889,3.466666666666667,-3.746268656716418,45.0,1.5292170103467486,0.4639582766934394,2,2021,1.5892857142857144,0.04,5,150
6,3.0371966444729903,6.266666666666667,-6.625,9.0,0.5622599627612322,0.4639582766934394,3,2021,1.5892857142857144,0.06,-1,150
8,0.9860294089604584,6.866666666666666,-7.413043478260869,1.0,1.288329860368573,0.4639582766934394,2,2021,1.5892857142857144,0.1,-1,150
10,0.1363485816383781,13.666666666666666,-12.0,1.0,-1.341244859870943,0.4639582766934394,3,2021,1.5892857142857144,0.106060606060606,0,150
12,-0.5686415050294696,13.666666666666666,-10.75,0.0,0.132753498990755,0.4639582766934394,2,2021,1.5892857142857144,0.03125,6,150
13,-2.540934968558203,13.266666666666667,-13.46938775510204,0.0,-0.8989604681147417,0.4639582766934394,2,2021,1.5892857142857144,0.0277777777777777,-1,150
16,-0.5686415050294696,10.266666666666667,-10.642857142857142,0.0,-0.3782459070721835,0.4639582766934394,2,2021,1.5892857142857144,0.03125,-3,150
18,-2.540934968558203,12.066666666666666,-12.041666666666666,0.0,0.5421262916971107,0.4639582766934394,2,2021,1.5892857142857144,0.0277777777777777,-3,150
15,-3.6736495725619513,10.266666666666667,-14.255813953488373,0.0,-0.3631178125369916,0.4639582766934394,2,2021,1.5892857142857144,0.08,5,150
17,-3.6736495725619513,13.466666666666669,-15.037037037037036,0.0,-1.0825169913019297,0.4639582766934394,2,2021,1.5892857142857144,0.08,-3,150
19,-3.766733519034904,16.866666666666667,-16.6,0.0,-1.844189221643236,0.4639582766934394,2,2021,1.5892857142857144,0.0866666666666666,-3,150
20,-3.766733519034904,18.4,-17.916666666666668,0.0,-2.3927404259530967,0.4639582766934394,2,2021,1.5892857142857144,0.0866666666666666,-3,150
3,2.949809155413297,1.4666666666666666,-2.935483870967742,18.0,3.2813486031501498,0.5630655453153867,2,2021,1.4791666666666663,0.1052631578947368,0,2285
2,4.015860587156567,2.6666666666666665,-2.328767123287671,45.0,2.7297824824190564,0.5630655453153867,2,2021,1.4791666666666663,0.0394736842105263,0,2285
4,2.949809155413297,4.8,-6.625,18.0,0.4569860575388611,0.5630655453153867,2,2021,1.4791666666666663,0.1052631578947368,0,2285
5,0.1651658068106806,7.4,-7.888888888888889,1.0,0.8389251360965408,0.5630655453153867,2,2021,1.4791666666666663,0.1176470588235294,0,2285
8,3.036999389956593,6.266666666666667,-5.434782608695652,9.0,0.7185418660139825,0.5630655453153867,2,2021,1.4791666666666663,0.0592105263157894,0,2285
6,3.036999389956593,6.333333333333333,-6.647058823529412,9.0,0.5327209410370657,0.5630655453153867,2,2021,1.4791666666666663,0.0592105263157894,0,2285
11,-0.5986261655690189,13.0,-10.692307692307692,0.0,0.1412825040544725,0.5630655453153867,2,2021,1.4791666666666663,0.0294117647058823,-2,2285
12,-2.5407564319454807,12.2,-12.06122448979592,0.0,0.5162796116338007,0.5630655453153867,2,2021,1.4791666666666663,0.0272727272727272,-2,2285
16,0.0503076860519102,10.066666666666666,-9.266666666666667,1.0,0.1143718580412734,0.5630655453153867,2,2021,1.4791666666666663,0.1176470588235294,-4,2285
10,1.0225402276958109,6.866666666666666,-7.425531914893617,1.0,1.2459673909101612,0.5630655453153867,2,2021,1.4791666666666663,0.0986842105263157,8,2285
14,-2.5407564319454807,12.466666666666669,-13.42,0.0,-0.8561127558768211,0.5630655453153867,2,2021,1.4791666666666663,0.0272727272727272,-3,2285
7,1.0225402276958109,6.8,-7.588235294117647,1.0,1.2354813207730322,0.5630655453153867,2,2021,1.4791666666666663,0.0986842105263157,0,2285
15,0.0503076860519102,10.733333333333333,-9.642857142857142,1.0,0.3795765364266258,0.5630655453153867,3,2021,1.4791666666666663,0.1176470588235294,4,2285
20,-0.5986261655690189,10.333333333333334,-10.733333333333333,0.0,-0.3887943446080358,0.5630655453153867,2,2021,1.4791666666666663,0.0294117647058823,0,2285
1,4.015860587156567,3.866666666666666,-3.779411764705882,45.0,1.4997687418999954,0.5630655453153867,2,2021,1.4791666666666663,0.0394736842105263,0,2285
13,-3.678649330358764,12.0,-14.25,0.0,-0.3666066375010078,0.5630655453153867,2,2021,1.4791666666666663,0.0789473684210526,3,2285
17,-3.678649330358764,14.466666666666669,-15.035714285714286,0.0,-1.0953810915936784,0.5630655453153867,2,2021,1.4791666666666663,0.0789473684210526,-4,2285
19,-3.78824466470979,18.0,-17.846153846153847,0.0,-2.4294254568320794,0.5630655453153867,2,2021,1.4791666666666663,0.0855263157894736,-4,2285
1,3.958536992155086,2.466666666666667,-2.324324324324324,45.0,2.803033996458477,0.3246982007892066,2,2021,1.8229166666666663,0.0389610389610389,9,785
2,3.0170483602942664,1.3333333333333333,-2.9047619047619047,19.0,3.2839079049914988,0.3246982007892066,2,2021,1.8229166666666663,0.1038961038961039,0,785
3,3.958536992155086,7.666666666666667,-3.942028985507247,45.0,1.3618957505928042,0.3246982007892066,2,2021,1.8229166666666663,0.0389610389610389,-2,785
4,3.0170483602942664,3.933333333333333,-6.411764705882353,19.0,0.4992230307451027,0.3246982007892066,2,2021,1.8229166666666663,0.1038961038961039,0,785
7,3.003589099830861,5.8,-5.425531914893617,9.0,0.770142240416454,0.3246982007892066,2,2021,1.8229166666666663,0.0584415584415584,-1,785
6,3.003589099830861,6.266666666666667,-6.611111111111111,9.0,0.5721655970005688,0.3246982007892066,2,2021,1.8229166666666663,0.0584415584415584,-3,785
5,0.2439253842815831,6.466666666666667,-7.75,1.0,0.8943396868190076,0.3246982007892066,2,2021,1.8229166666666663,0.1142857142857142,2,785
11,-0.0209492045511105,11.733333333333333,-9.866666666666667,1.0,0.3123336182088408,0.3246982007892066,2,2021,1.8229166666666663,0.1111111111111111,-3,785
10,-0.0209492045511105,9.933333333333334,-9.25,1.0,0.1877750290008283,0.3246982007892066,2,2021,1.8229166666666663,0.1111111111111111,2,785
8,0.957491820618188,7.933333333333334,-7.479166666666667,1.0,1.2521275649624086,0.3246982007892066,2,2021,1.8229166666666663,0.0974025974025974,-3,785
12,-0.5994816605338461,11.0,-10.428571428571429,0.0,0.2280778264984161,0.3246982007892066,2,2021,1.8229166666666663,0.0277777777777777,-3,785
21,-2.489975734626236,10.8,-11.98,0.0,0.5630160625749051,0.3246982007892066,2,2021,1.8229166666666663,0.0267857142857142,0,785
18,-3.689005630567823,14.0,-14.28888888888889,0.0,-0.3995173747844568,0.3246982007892066,2,2021,1.8229166666666663,0.0779220779220779,-1,785
15,-2.489975734626236,11.8,-13.372549019607844,0.0,-0.8447134823238364,0.3246982007892066,2,2021,1.8229166666666663,0.0267857142857142,-2,785
13,0.2439253842815831,12.533333333333331,-11.785714285714286,1.0,-1.318006659268877,0.3246982007892066,3,2021,1.8229166666666663,0.1142857142857142,2,785
17,-3.689005630567823,15.6,-15.10344827586207,0.0,-1.1502117296543888,0.3246982007892066,2,2021,1.8229166666666663,0.0779220779220779,-1,785
20,-3.8034565693492888,18.066666666666663,-17.857142857142858,0.0,-2.499290083234249,0.3246982007892066,2,2021,1.8229166666666663,0.0844155844155844,-1,785
19,-3.8034565693492888,16.866666666666667,-16.5625,0.0,-1.841733184686314,0.3246982007892066,2,2021,1.8229166666666663,0.0844155844155844,-1,785
1,3.9844470929097766,2.0,-2.306666666666666,46.0,2.8214293739633174,0.4450133143271941,2,2021,1.7573032024404376,0.0384615384615384,0,20
2,3.0488991576742426,1.5333333333333334,-2.890625,19.0,3.292566223875539,0.4450133143271941,2,2021,1.7573032024404376,0.1025641025641025,5,20
5,0.0228302935031869,9.933333333333334,-9.235294117647058,1.0,0.1901694377533636,0.4450133143271941,3,2021,1.7573032024404376,0.1052631578947368,-2,20
11,3.0488991576742426,3.733333333333333,-6.277777777777778,19.0,0.5450458412365902,0.4450133143271941,2,2021,1.7573032024404376,0.1025641025641025,0,20
9,0.0228302935031869,10.666666666666666,-9.75,1.0,0.3399224669484925,0.4450133143271941,3,2021,1.7573032024404376,0.1052631578947368,0,20
12,-0.616903882750785,11.6,-10.9375,0.0,-0.427128500760017,0.4450133143271941,2,2021,1.7573032024404376,0.0263157894736842,0,20
7,3.01950964820712,6.266666666666667,-6.578947368421052,9.0,0.5792639558293411,0.4450133143271941,2,2021,1.7573032024404376,0.0576923076923076,-2,20
13,3.01950964820712,5.333333333333333,-5.416666666666667,9.0,0.784309139998569,0.4450133143271941,2,2021,1.7573032024404376,0.0576923076923076,0,20
6,0.9535498305351328,9.0,-7.530612244897959,1.0,1.2126630545020016,0.4450133143271941,3,2021,1.7573032024404376,0.1025641025641025,-2,20
10,-0.616903882750785,10.733333333333333,-10.466666666666669,0.0,0.2149300805071941,0.4450133143271941,3,2021,1.7573032024404376,0.0263157894736842,0,20
4,0.2255787334545373,6.6,-7.724137931034483,1.0,0.9405043148297676,0.4450133143271941,3,2021,1.7573032024404376,0.1111111111111111,-2,20
14,0.9535498305351328,8.533333333333333,-7.833333333333333,1.0,1.1647339935630927,0.4450133143271941,2,2021,1.7573032024404376,0.1025641025641025,0,20
8,0.2255787334545373,13.466666666666669,-12.0,1.0,-1.468022833254324,0.4450133143271941,3,2021,1.7573032024404376,0.1111111111111111,0,20
16,-2.4919514496749664,10.866666666666667,-11.980392156862743,0.0,0.5637448196539699,0.4450133143271941,3,2021,1.7573032024404376,0.0263157894736842,0,20
18,-2.4919514496749664,12.333333333333334,-13.384615384615383,0.0,-0.8543362936303842,0.4450133143271941,3,2021,1.7573032024404376,0.0263157894736842,0,20
19,-3.832491573504616,17.266666666666666,-16.647058823529413,0.0,-1.9130404901380964,0.4450133143271941,3,2021,1.7573032024404376,0.0833333333333333,0,20
15,-3.6901858994448986,14.066666666666666,-14.26086956521739,0.0,-0.373222349328952,0.4450133143271941,3,2021,1.7573032024404376,0.0769230769230769,0,20
20,-3.832491573504616,17.733333333333334,-17.8,0.0,-2.5142635985622395,0.4450133143271941,2,2021,1.7573032024404376,0.0833333333333333,0,20
1,3.9912745846951583,1.6,-2.289473684210526,47.0,2.8396299164191388,0.8274154418309538,2,2021,1.7547494347583503,0.0379746835443038,0,15
3,3.080686286519253,1.6666666666666667,-2.876923076923077,19.0,3.285563870365678,0.8274154418309538,2,2021,1.7547494347583503,0.1012658227848101,0,15
2,3.9912745846951583,6.666666666666667,-3.928571428571429,47.0,1.3598982859863995,0.8274154418309538,2,2021,1.7547494347583503,0.0379746835443038,0,15
9,0.2117602883150813,8.666666666666666,-9.470588235294118,1.0,0.3607524781587639,0.8274154418309538,2,2021,1.7547494347583503,0.1,0,15
11,0.8870482427925916,10.2,-8.052631578947368,1.0,1.092404631586373,0.8274154418309538,1,2021,1.7547494347583503,0.1012658227848101,0,15
6,0.1704837173278432,8.0,-7.833333333333333,1.0,0.9113399759444094,0.8274154418309538,2,2021,1.7547494347583503,0.1081081081081081,0,15
4,3.000856037736265,5.8,-5.469387755102041,9.0,0.7511703645123228,0.8274154418309538,2,2021,1.7547494347583503,0.0569620253164556,0,15
15,3.000856037736265,6.6,-6.6,9.0,0.5843935465097514,0.8274154418309538,1,2021,1.7547494347583503,0.0569620253164556,0,15
10,-2.534217342643347,13.133333333333333,-13.41509433962264,0.0,-0.8649751619601402,0.8274154418309538,2,2021,1.7547494347583503,0.0258620689655172,0,15
7,0.8870482427925916,9.2,-7.56,1.0,1.2297661166511076,0.8274154418309538,3,2021,1.7547494347583503,0.1012658227848101,0,15
18,-0.5328465953763631,10.066666666666666,-10.647058823529411,0.0,-0.3467493448146594,0.8274154418309538,2,2021,1.7547494347583503,0.025,0,15
16,-3.728763695937391,15.866666666666667,-15.133333333333333,0.0,-1.160522395248318,0.8274154418309538,2,2021,1.7547494347583503,0.0822784810126582,0,15
13,0.2117602883150813,7.733333333333333,-8.88888888888889,1.0,0.2885394665582484,0.8274154418309538,2,2021,1.7547494347583503,0.1,0,15
8,0.1704837173278432,13.133333333333333,-12.0625,1.0,-1.516417784852588,0.8274154418309538,2,2021,1.7547494347583503,0.1081081081081081,0,15
12,-2.534217342643347,12.0,-12.01923076923077,0.0,0.5470752557826954,0.8274154418309538,2,2021,1.7547494347583503,0.0258620689655172,0,15
1,3.071590045378825,1.8,-2.863636363636364,19.0,3.318732542377324,0.4216938292721157,3,2021,1.1801169590643277,0.1,0,3
2,4.0120930042671965,1.2,-2.272727272727273,48.0,2.8533287607947004,0.4216938292721157,2,2021,1.1801169590643277,0.0375,0,3
5,2.9832879736290216,7.0,-6.666666666666667,9.0,0.550133038022368,0.4216938292721157,3,2021,1.1801169590643277,0.05625,0,3
8,0.1723066006296939,13.266666666666667,-12.176470588235292,1.0,-1.6244487623589776,0.4216938292721157,2,2021,1.1801169590643277,0.1052631578947368,0,3
12,0.1723066006296939,7.266666666666667,-7.774193548387097,1.0,0.9638674308666316,0.4216938292721157,1,2021,1.1801169590643277,0.1052631578947368,0,3
6,4.0120930042671965,5.666666666666667,-3.915492957746479,48.0,1.3672239159360084,0.4216938292721157,2,2021,1.1801169590643277,0.0375,0,3
3,0.9285189322201656,9.6,-7.607843137254902,1.0,1.1497063906736926,0.4216938292721157,3,2021,1.1801169590643277,0.1,0,3
11,0.2565945334578365,9.2,-9.105263157894736,1.0,0.1489887347848136,0.4216938292721157,1,2021,1.1801169590643277,0.0952380952380952,0,3
9,0.2565945334578365,6.666666666666667,-9.166666666666666,1.0,0.4721299904516321,0.4216938292721157,3,2021,1.1801169590643277,0.0952380952380952,0,3
7,2.9832879736290216,6.4,-5.5,9.0,0.7455550486200447,0.4216938292721157,3,2021,1.1801169590643277,0.05625,0,3
15,-0.5434048502654794,10.2,-10.4375,0.0,0.2085431372933968,0.4216938292721157,2,2021,1.1801169590643277,0.0238095238095238,0,3
10,0.9285189322201656,8.8,-7.9,1.0,1.1403124680119592,0.4216938292721157,3,2021,1.1801169590643277,0.1,0,3
13,-0.5434048502654794,10.266666666666667,-10.666666666666666,0.0,-0.3510702114845414,0.4216938292721157,2,2021,1.1801169590643277,0.0238095238095238,0,3
19,-3.863059471341884,16.866666666666667,-16.61111111111111,0.0,-1.9169687839530123,0.4216938292721157,3,2021,1.1801169590643277,0.08125,0,3
1,2.8639786721884035,7.8,-5.588235294117647,9.0,0.6643824199032781,0.5149071748575729,3,2022,2.266544117647059,0.0555555555555555,0,7
3,2.8639786721884035,5.733333333333333,-6.5,9.0,0.6042217524392869,0.5149071748575729,3,2022,2.266544117647059,0.0555555555555555,0,7
5,3.9099819155858175,1.4,-2.269230769230769,48.0,2.759268657869645,0.5149071748575729,3,2022,2.266544117647059,0.037037037037037,0,7
9,3.9099819155858175,15.2,-9.0,48.0,-0.4976598210383941,0.5149071748575729,3,2022,2.266544117647059,0.037037037037037,0,7
7,-3.746114991147551,16.4,-12.173913043478262,0.0,0.589631072571039,0.5149071748575729,3,2022,2.266544117647059,0.0802469135802469,0,7
6,-2.4013326843002187,5.8,0.0,0.0,1.3014317797981112,0.5149071748575729,3,2022,2.266544117647059,0.0416666666666666,0,7
11,0.2468518956572002,7.0,-9.157894736842104,1.0,0.402968539814602,0.5149071748575729,3,2022,2.266544117647059,0.0909090909090909,0,7
16,0.2129230276227006,10.266666666666667,-11.72222222222222,1.0,-1.2784161098450102,0.5149071748575729,3,2022,2.266544117647059,0.1025641025641025,0,7
8,0.2468518956572002,8.533333333333333,-9.05,1.0,0.153049216755407,0.5149071748575729,3,2022,2.266544117647059,0.0909090909090909,0,7
15,-2.4013326843002187,0.0,0.0,0.0,0.0,0.5149071748575729,3,2022,2.266544117647059,0.0416666666666666,0,7
12,-3.746114991147551,15.933333333333334,-16.473684210526315,0.0,-1.7747458626524284,0.5149071748575729,3,2022,2.266544117647059,0.0802469135802469,0,7
19,-0.6027313479838482,11.133333333333333,-10.789473684210526,0.0,-0.3872881807306372,0.5149071748575729,3,2022,2.266544117647059,0.0227272727272727,0,7
14,-3.638839412816792,5.466666666666667,0.0,0.0,-0.2140260876915682,0.5149071748575729,3,2022,2.266544117647059,0.0864197530864197,0,7
18,0.8199825642012286,9.666666666666666,-8.095238095238095,1.0,1.007446896594241,0.5149071748575729,2,2022,2.266544117647059,0.0987654320987654,0,7
13,0.8199825642012286,8.8,-7.596153846153846,1.0,1.1296500824197293,0.5149071748575729,2,2022,2.266544117647059,0.0987654320987654,0,7
20,-3.638839412816792,14.8,-15.03225806451613,0.0,-1.1009174559015815,0.5149071748575729,3,2022,2.266544117647059,0.0864197530864197,0,7
17,-0.6027313479838482,9.533333333333331,0.0,0.0,-0.0100741205425804,0.5149071748575729,3,2022,2.266544117647059,0.0227272727272727,0,7
4,3.0366295423781247,1.6,-2.8358208955223883,20.0,3.1419743698136084,0.9174181464389376,2,2022,2.6666666666666665,0.1158536585365853,0,15
2,2.922793960147203,5.8,-5.5,10.0,0.7290804928290342,0.9174181464389376,2,2022,2.6666666666666665,0.0548780487804878,0,15
3,2.922793960147203,4.4,-6.304347826086956,10.0,0.6895815934202568,0.9174181464389376,2,2022,2.6666666666666665,0.0548780487804878,0,15
1,3.0366295423781247,3.6,-6.157894736842105,20.0,0.542182525280767,0.9174181464389376,2,2022,2.6666666666666665,0.1158536585365853,0,15
6,3.85233920940295,11.533333333333331,-6.5,48.0,-0.4083803457672508,0.9174181464389376,2,2022,2.6666666666666665,0.0365853658536585,0,15
5,0.2912148435247538,6.733333333333333,-9.05,1.0,0.4130584453167374,0.9174181464389376,2,2022,2.6666666666666665,0.0869565217391304,0,15
11,0.6848752514858458,10.733333333333333,-7.735849056603773,1.0,1.0492578654347977,0.9174181464389376,2,2022,2.6666666666666665,0.0975609756097561,0,15
9,0.2410174048353591,6.666666666666667,-7.6875,1.0,0.8766044057341923,0.9174181464389376,2,2022,2.6666666666666665,0.1125,0,15
10,-3.635517417054233,12.8,-12.02127659574468,0.0,0.769353208230585,0.9174181464389376,1,2022,2.6666666666666665,0.0792682926829268,0,15
16,3.85233920940295,1.933333333333333,-2.278481012658228,48.0,2.794554890446691,0.9174181464389376,1,2022,2.6666666666666665,0.0365853658536585,-1,15
13,-2.191764108061569,10.0,-10.0,0.0,0.1703340026675641,0.9174181464389376,2,2022,2.6666666666666665,0.040983606557377,-1,15
18,-0.8393568932416658,11.8,-17.0,0.0,-0.332449056003281,0.9174181464389376,1,2022,2.6666666666666665,0.0217391304347826,-1,15
15,-0.8393568932416658,11.4,-10.85,0.0,-0.3340721211124567,0.9174181464389376,2,2022,2.6666666666666665,0.0217391304347826,-2,15
1,2.9746850356183945,4.4,-5.433962264150943,10.0,0.7728537521374306,0.367280069419516,2,2022,1.188235294117647,0.0542168674698795,0,13
3,3.073493680181883,3.8,-6.05,21.0,0.5738563070649022,0.367280069419516,2,2022,1.188235294117647,0.1144578313253012,0,13
6,3.838664566962298,8.933333333333334,-6.0,48.0,-0.3672177958720407,0.367280069419516,2,2022,1.188235294117647,0.036144578313253,0,13
5,3.838664566962298,4.733333333333333,-2.375,48.0,2.662444571706734,0.367280069419516,2,2022,1.188235294117647,0.036144578313253,0,13
4,0.6730782886518237,9.666666666666666,-7.722222222222222,1.0,1.0717123601217626,0.367280069419516,2,2022,1.188235294117647,0.1024096385542168,0,13
7,0.6730782886518237,11.266666666666667,-8.363636363636363,1.0,0.8784792108869534,0.367280069419516,2,2022,1.188235294117647,0.1024096385542168,0,13
8,0.3469888301371204,6.533333333333333,-8.904761904761905,1.0,0.4641205261946425,0.367280069419516,2,2022,1.188235294117647,0.1041666666666666,0,13
12,-2.173937290811971,5.6,-6.0,0.0,1.4317968500620983,0.367280069419516,2,2022,1.188235294117647,0.0483870967741935,0,13
11,0.2465240033239049,7.133333333333334,-7.696969696969697,1.0,0.8747555619290837,0.367280069419516,2,2022,1.188235294117647,0.1219512195121951,0,13
16,-3.7185075945527264,7.466666666666667,-13.0,0.0,-0.2218845447297742,0.367280069419516,1,2022,1.188235294117647,0.0843373493975903,4,13
14,-2.173937290811971,10.555555555555555,-10.5,0.0,0.2252322491964608,0.367280069419516,2,2022,1.188235294117647,0.0483870967741935,0,13
20,-0.9122713934953036,12.0,-10.952380952380953,0.0,-0.3572106388086471,0.367280069419516,1,2022,1.188235294117647,0.0208333333333333,-1,13
15,-3.6114695339245233,14.066666666666666,-16.2,0.0,-1.704638960678973,0.367280069419516,2,2022,1.188235294117647,0.0783132530120482,0,13
17,-3.6114695339245233,11.066666666666666,-11.958333333333334,0.0,0.8604760600095583,0.367280069419516,1,2022,1.188235294117647,0.0783132530120482,-1,13
13,0.2465240033239049,9.266666666666667,-11.526315789473683,1.0,-1.2004894345486643,0.367280069419516,2,2022,1.188235294117647,0.1219512195121951,0,13
19,-3.7185075945527264,15.0,-15.0625,0.0,-1.1134379057585266,0.367280069419516,2,2022,1.188235294117647,0.0843373493975903,-1,13
10,0.3469888301371204,8.733333333333333,-9.047619047619047,1.0,0.1127063110150228,0.367280069419516,1,2022,1.188235294117647,0.1041666666666666,0,13
1,3.090440322102422,1.4,-2.8088235294117645,21.0,3.151637326696545,0.5797627325089321,0,2022,2.3979166666666667,0.119047619047619,0,26
7,3.090440322102422,3.2666666666666666,-5.857142857142857,21.0,0.6743677275523762,0.5797627325089321,0,2022,2.3979166666666667,0.119047619047619,-4,26
3,0.7395330765980708,8.133333333333333,-7.672727272727273,1.0,1.09204401678946,0.5797627325089321,0,2022,2.3979166666666667,0.1011904761904761,2,26
11,3.8802252135082056,6.266666666666667,-5.25,48.0,-0.3045841705443929,0.5797627325089321,0,2022,2.3979166666666667,0.0357142857142857,0,26
8,-2.078938853409709,6.066666666666666,-7.0,0.0,1.4519154127578908,0.5797627325089321,0,2022,2.3979166666666667,0.0476190476190476,-1,26
2,3.020039301908307,2.8666666666666667,-5.351851851851852,11.0,0.8521437537423328,0.5797627325089321,0,2022,2.3979166666666667,0.0535714285714285,0,26
16,0.1873167735078998,10.666666666666666,-11.7,1.0,-1.3313532789699465,0.5797627325089321,0,2022,2.3979166666666667,0.119047619047619,-4,26
9,-0.9264140575312514,10.133333333333333,-10.470588235294118,0.0,0.2112864355344832,0.5797627325089321,0,2022,2.3979166666666667,0.02,4,26
4,-3.5990506575615484,11.466666666666669,-12.0,0.0,0.8074040392801994,0.5797627325089321,0,2022,2.3979166666666667,0.0773809523809523,4,26
15,-0.9264140575312514,12.333333333333334,-11.0,0.0,-0.3632001175947024,0.5797627325089321,0,2022,2.3979166666666667,0.02,0,26
20,-3.690842849163844,8.6,-11.5,0.0,-0.0968204905254708,0.5797627325089321,0,2022,2.3979166666666667,0.0833333333333333,-2,26
17,0.1873167735078998,7.666666666666667,-7.735294117647059,1.0,0.9039398926429086,0.5797627325089321,0,2022,2.3979166666666667,0.119047619047619,0,26
13,3.8802252135082056,4.933333333333334,-2.3950617283950617,48.0,2.618649144878608,0.5797627325089321,0,2022,2.3979166666666667,0.0357142857142857,1,26
19,0.2585441911658693,6.8,-8.818181818181818,1.0,0.5647245104692966,0.5797627325089321,0,2022,2.3979166666666667,0.1,-3,26
21,-2.078938853409709,10.75,-10.666666666666666,0.0,0.2537225894289595,0.5797627325089321,0,2022,2.3979166666666667,0.0476190476190476,0,26
18,-3.690842849163844,15.266666666666667,-15.090909090909092,0.0,-1.173402971489986,0.5797627325089321,0,2022,2.3979166666666667,0.0833333333333333,1,26
12,-3.5990506575615484,13.4,-16.047619047619047,0.0,-1.6321764778601735,0.5797627325089321,0,2022,2.3979166666666667,0.0773809523809523,-2,26
6,0.7395330765980708,9.6,-8.26086956521739,1.0,0.9084313663804112,0.5797627325089321,0,2022,2.3979166666666667,0.1011904761904761,0,26
3,3.164113741235914,1.2,-2.782608695652174,22.0,3.1509127903139884,0.6282042394555928,2,2022,1.759729549523303,0.1176470588235294,0,2
1,3.0037919391329373,3.466666666666667,-5.363636363636363,11.0,0.8642370877562613,0.6282042394555928,2,2022,1.759729549523303,0.0529411764705882,0,2
2,3.0037919391329373,3.6666666666666665,-6.166666666666667,11.0,0.7273336520485368,0.6282042394555928,2,2022,1.759729549523303,0.0529411764705882,0,2
4,3.164113741235914,2.8,-5.681818181818182,22.0,0.7391425285911977,0.6282042394555928,2,2022,1.759729549523303,0.1176470588235294,0,2
12,3.767014826816865,4.8,-5.0,48.0,-0.2423366187146329,0.6282042394555928,1,2022,1.759729549523303,0.0352941176470588,0,2
6,3.767014826816865,7.933333333333334,-2.524390243902439,48.0,2.533542886080123,0.6282042394555928,2,2022,1.759729549523303,0.0352941176470588,0,2
5,-2.0128896262887164,6.0,-6.333333333333333,0.0,1.6433429253423222,0.6282042394555928,2,2022,1.759729549523303,0.046875,0,2
20,0.1620990678326081,9.266666666666667,-9.043478260869565,1.0,0.4690100583729545,0.6282042394555928,1,2022,1.759729549523303,0.0961538461538461,0,2
18,-3.682312500624685,9.866666666666667,-11.333333333333334,0.0,-0.0438912332838914,0.6282042394555928,2,2022,1.759729549523303,0.0823529411764705,0,2
21,-0.8588421911191528,11.6,-10.956521739130435,0.0,-0.359114789506843,0.6282042394555928,1,2022,1.759729549523303,0.0192307692307692,0,2
11,0.1620990678326081,11.6,-9.409090909090908,1.0,-0.0242490224031669,0.6282042394555928,2,2022,1.759729549523303,0.0961538461538461,0,2
9,0.1923855045213914,9.4,-11.476190476190476,1.0,-1.1862163619788222,0.6282042394555928,2,2022,1.759729549523303,0.1162790697674418,0,2
14,0.6452844029336051,12.333333333333334,-8.666666666666666,1.0,0.7095941535185426,0.6282042394555928,2,2022,1.759729549523303,0.1,0,2
19,-3.682312500624685,15.466666666666669,-15.117647058823527,0.0,-1.21851344034023,0.6282042394555928,1,2022,1.759729549523303,0.0823529411764705,0,2
15,-3.5867492085106725,14.266666666666667,-16.09090909090909,0.0,-1.7127468849562264,0.6282042394555928,2,2022,1.759729549523303,0.0764705882352941,0,2
2,3.160413619499746,1.0666666666666669,-2.757142857142857,23.0,3.19739077114647,0.4272619613777367,3,2022,1.759607351712615,0.1162790697674418,0,109
5,3.160413619499746,3.066666666666667,-5.608695652173913,23.0,0.7790441065782324,0.4272619613777367,3,2022,1.759607351712615,0.1162790697674418,0,109
4,3.7258510859673457,4.266666666666667,-5.0,48.0,-0.256749125661443,0.4272619613777367,3,2022,1.759607351712615,0.0348837209302325,0,109
3,3.062671361277038,3.1333333333333333,-6.04,11.0,0.7759983075866902,0.4272619613777367,3,2022,1.759607351712615,0.0523255813953488,0,109
6,3.7258510859673457,7.8,-2.566265060240964,48.0,2.5129269935382825,0.4272619613777367,2,2022,1.759607351712615,0.0348837209302325,0,109
7,-1.93459191476416,6.466666666666667,-6.5,0.0,1.7210145108842871,0.4272619613777367,3,2022,1.759607351712615,0.0538461538461538,0,109
12,0.1506422490530461,9.066666666666666,-9.0,1.0,0.4945751340808556,0.4272619613777367,3,2022,1.759607351712615,0.0925925925925925,0,109
11,0.5764322987781416,6.2,-7.589285714285714,1.0,1.324761248824677,0.4272619613777367,3,2022,1.759607351712615,0.0988372093023255,0,109
17,0.1506422490530461,11.933333333333334,-9.478260869565217,1.0,-0.0596363693876792,0.4272619613777367,3,2022,1.759607351712615,0.0925925925925925,3,109
13,0.1684186266234332,10.2,-11.5,1.0,-1.2238641905448095,0.4272619613777367,3,2022,1.759607351712615,0.125,0,109
16,-0.8311073587297315,9.533333333333331,-10.333333333333334,0.0,0.2118238687093492,0.4272619613777367,3,2022,1.759607351712615,0.0185185185185185,0,109
9,0.5764322987781416,13.0,-8.84,1.0,0.6332486121204802,0.4272619613777367,3,2022,1.759607351712615,0.0988372093023255,0,109
14,0.1684186266234332,9.066666666666666,-7.857142857142857,1.0,0.8350563263089995,0.4272619613777367,3,2022,1.759607351712615,0.125,0,109
10,-3.5927533443833064,14.533333333333331,-16.043478260869566,0.0,-1.7145110127768215,0.4272619613777367,3,2022,1.759607351712615,0.0813953488372093,0,109
18,-0.8311073587297315,10.933333333333334,-10.916666666666666,0.0,-0.35953264381327,0.4272619613777367,3,2022,1.759607351712615,0.0185185185185185,-1,109
20,-3.617425022304608,15.066666666666666,-15.085714285714284,0.0,-1.253460126573565,0.4272619613777367,3,2022,1.759607351712615,0.0813953488372093,-1,109
8,-3.5927533443833064,10.4,-11.94,0.0,0.9068477483344114,0.4272619613777367,3,2022,1.759607351712615,0.0813953488372093,0,109
19,-3.617425022304608,9.933333333333334,-10.75,0.0,0.0912514281915182,0.4272619613777367,3,2022,1.759607351712615,0.0813953488372093,-1,109
3,3.2738617272123243,2.6666666666666665,-5.458333333333333,24.0,0.8159044400939703,0.5270781150322876,0,2022,1.1712532966402935,0.1149425287356321,0,7
2,3.083805867918882,3.2,-5.961538461538462,11.0,0.8189688683845463,0.5270781150322876,1,2022,1.1712532966402935,0.057471264367816,0,7
4,3.2738617272123243,1.0,-2.732394366197183,24.0,3.159457817735636,0.5270781150322876,0,2022,1.1712532966402935,0.1149425287356321,0,7
1,3.083805867918882,2.8,-5.303571428571429,11.0,0.8828773805023167,0.5270781150322876,0,2022,1.1712532966402935,0.057471264367816,0,7
6,3.714263331500488,3.866666666666666,-4.714285714285714,48.0,-0.0986330158788165,0.5270781150322876,1,2022,1.1712532966402935,0.0344827586206896,0,7
5,0.5325180724424448,6.4,-7.596491228070175,1.0,1.35851116206617,0.5270781150322876,0,2022,1.1712532966402935,0.0977011494252873,0,7
7,0.1950320725309917,11.066666666666666,-9.458333333333334,1.0,-0.0581498653387701,0.5270781150322876,1,2022,1.1712532966402935,0.0892857142857142,0,7
8,3.714263331500488,7.066666666666666,-2.595238095238096,48.0,2.498700455162393,0.5270781150322876,0,2022,1.1712532966402935,0.0344827586206896,0,7
12,-1.836820662411896,6.333333333333333,-6.4,0.0,1.799729095782267,0.5270781150322876,1,2022,1.1712532966402935,0.0606060606060606,0,7
9,-0.92007395618037,10.066666666666666,-10.36842105263158,0.0,0.2187505477414336,0.5270781150322876,0,2022,1.1712532966402935,0.0178571428571428,0,7
17,0.1361780854968927,10.733333333333333,-8.0,1.0,0.7475141918447978,0.5270781150322876,0,2022,1.1712532966402935,0.1222222222222222,0,7
10,0.1950320725309917,8.6,-8.92,1.0,0.5249951067087865,0.5270781150322876,1,2022,1.1712532966402935,0.0892857142857142,0,7
14,0.5325180724424448,12.8,-8.961538461538462,1.0,0.572294310909725,0.5270781150322876,1,2022,1.1712532966402935,0.0977011494252873,0,7
18,-0.92007395618037,12.133333333333333,-11.08,0.0,-0.3874300297431796,0.5270781150322876,0,2022,1.1712532966402935,0.0178571428571428,0,7
19,-3.744221338704564,15.466666666666669,-15.11111111111111,0.0,-1.199263591187933,0.5270781150322876,0,2022,1.1712532966402935,0.0804597701149425,0,7
20,-1.836820662411896,12.285714285714286,-11.75,0.0,-0.0638424466604152,0.5270781150322876,1,2022,1.1712532966402935,0.0606060606060606,0,7
11,0.1361780854968927,10.466666666666669,-11.434782608695652,1.0,-1.173436749636625,0.5270781150322876,0,2022,1.1712532966402935,0.1222222222222222,0,7
3,3.354230766482577,1.6666666666666667,-2.736111111111111,25.0,3.119671208561656,0.7626703882487831,2,2022,2.3990384615384617,0.1136363636363636,0,0
2,3.354230766482577,2.066666666666667,-5.28,25.0,0.8924701726981218,0.7626703882487831,2,2022,2.3990384615384617,0.1136363636363636,0,0
5,3.709332117304756,4.2,-4.75,48.0,-0.056952719462154,0.7626703882487831,2,2022,2.3990384615384617,0.034090909090909,0,0
7,3.709332117304756,7.2,-2.6588235294117646,48.0,2.442910234130412,0.7626703882487831,2,2022,2.3990384615384617,0.034090909090909,0,0
6,0.0624841887976259,11.266666666666667,-8.08108108108108,1.0,0.7520504234095556,0.7626703882487831,2,2022,2.3990384615384617,0.1195652173913043,0,0
9,-0.9453825466917228,10.0,-10.35,0.0,0.2318926608876638,0.7626703882487831,2,2022,2.3990384615384617,0.0172413793103448,0,0
10,0.1879627611725803,9.8,-9.36,1.0,0.043320997874514,0.7626703882487831,2,2022,2.3990384615384617,0.0862068965517241,0,0
12,0.4837702562502293,12.933333333333334,-9.11111111111111,1.0,0.5083118563997789,0.7626703882487831,1,2022,2.3990384615384617,0.096590909090909,0,0
11,0.4837702562502293,5.866666666666666,-7.568965517241379,1.0,1.4538740216125277,0.7626703882487831,2,2022,2.3990384615384617,0.096590909090909,0,0
13,0.1879627611725803,9.8,-9.038461538461538,1.0,0.4703470594261656,0.7626703882487831,1,2022,2.3990384615384617,0.0862068965517241,0,0
15,-1.8814525581816093,7.2,-6.833333333333333,0.0,1.841143028425566,0.7626703882487831,1,2022,2.3990384615384617,0.0597014925373134,0,0
17,-3.739841949340652,12.8,-12.2,0.0,-0.103307592823762,0.7626703882487831,2,2022,2.3990384615384617,0.0852272727272727,0,0
8,0.0624841887976259,12.666666666666666,-11.666666666666666,1.0,-1.3224298141197344,0.7626703882487831,2,2022,2.3990384615384617,0.1195652173913043,0,0
20,-3.600200094161591,14.533333333333331,-15.958333333333334,0.0,-1.656074795759558,0.7626703882487831,1,2022,2.3990384615384617,0.0852272727272727,0,0
18,-3.739841949340652,15.266666666666667,-15.108108108108109,0.0,-1.1948569714426145,0.7626703882487831,2,2022,2.3990384615384617,0.0852272727272727,0,0
1,3.37588967622258,1.5333333333333334,-2.712328767123288,26.0,3.1330758761288,0.4076744375900555,2,2022,1.142156862745098,0.1123595505617977,0,7
3,3.09090907062256,2.8666666666666667,-5.814814814814815,11.0,0.9085203599232956,0.4076744375900555,2,2022,1.142156862745098,0.0674157303370786,0,7
4,3.7843716066726616,6.133333333333334,-2.6744186046511627,48.0,2.359254874680043,0.4076744375900555,2,2022,1.142156862745098,0.0337078651685393,0,7
8,3.7843716066726616,3.866666666666666,-4.555555555555555,48.0,-0.0099633300136378,0.4076744375900555,2,2022,1.142156862745098,0.0337078651685393,0,7
15,3.09090907062256,3.333333333333333,-5.280701754385965,11.0,0.9176670136182244,0.4076744375900555,1,2022,1.142156862745098,0.0674157303370786,4,7
7,0.195849533554166,9.933333333333334,-9.074074074074074,1.0,0.4352921869276343,0.4076744375900555,2,2022,1.142156862745098,0.0833333333333333,0,7
11,-1.9129700877093856,8.533333333333333,-7.428571428571429,0.0,1.756849058740031,0.4076744375900555,1,2022,1.142156862745098,0.0661764705882353,0,7
10,-1.9129700877093856,13.666666666666666,-12.6,0.0,-0.3300286024451133,0.4076744375900555,2,2022,1.142156862745098,0.0661764705882353,0,7
2,0.195849533554166,8.6,-9.26923076923077,1.0,0.0990060988623496,0.4076744375900555,2,2022,1.142156862745098,0.0833333333333333,0,7
18,-0.8799683668265584,12.8,-11.192307692307692,0.0,-0.4516978583110609,0.4076744375900555,1,2022,1.142156862745098,0.0333333333333333,-1,7
9,0.4683840431361719,11.466666666666669,-9.071428571428571,1.0,0.5163114910505752,0.4076744375900555,2,2022,1.142156862745098,0.095505617977528,0,7
17,-0.8799683668265584,8.666666666666666,-10.142857142857142,0.0,0.3051277363807103,0.4076744375900555,2,2022,1.142156862745098,0.0333333333333333,-1,7
12,-3.751274663553723,12.733333333333333,-12.166666666666666,0.0,-0.0696349976941758,0.4076744375900555,2,2022,1.142156862745098,0.0842696629213483,0,7
16,0.0821844131414978,9.4,-8.0,1.0,0.8086630102367023,0.4076744375900555,2,2022,1.142156862745098,0.1170212765957446,-1,7
14,0.4683840431361719,6.933333333333334,-7.593220338983051,1.0,1.4272480539094776,0.4076744375900555,1,2022,1.142156862745098,0.095505617977528,0,7
19,-3.751274663553723,15.133333333333333,-15.105263157894736,0.0,-1.2082771742150715,0.4076744375900555,2,2022,1.142156862745098,0.0842696629213483,-1,7
5,-3.6038079278244513,12.4,-12.03921568627451,0.0,0.7860962420603866,0.4076744375900555,2,2022,1.142156862745098,0.0898876404494382,0,7
1,3.1486391651479377,2.6,-5.678571428571429,11.0,0.9710852370710596,0.5347657941179336,2,2022,1.720330237358101,0.0666666666666666,0,145
4,3.382129193031188,2.0,-5.153846153846154,27.0,0.941454612521068,0.5347657941179336,2,2022,1.720330237358101,0.1166666666666666,0,145
5,3.7882914763746833,4.733333333333333,-2.67816091954023,48.0,2.360699014483264,0.5347657941179336,2,2022,1.720330237358101,0.0333333333333333,0,145
3,3.1486391651479377,4.0,-5.275862068965517,11.0,0.8847237511106611,0.5347657941179336,2,2022,1.720330237358101,0.0666666666666666,0,145
7,0.2397383932907371,8.2,-9.25925925925926,1.0,0.0877147402022013,0.5347657941179336,2,2022,1.720330237358101,0.0806451612903225,0,145
6,0.3954888505046574,9.866666666666667,-7.716666666666667,1.0,1.334083463082838,0.5347657941179336,2,2022,1.720330237358101,0.0944444444444444,0,145
2,3.382129193031188,1.4,-2.689189189189189,27.0,3.1660933783572154,0.5347657941179336,3,2022,1.720330237358101,0.1166666666666666,0,145
19,-3.642933118066606,14.533333333333331,-15.88,0.0,-1.6105330560097997,0.5347657941179336,2,2022,1.720330237358101,0.0944444444444444,0,145
18,-0.8874545316645686,9.6,-10.227272727272728,0.0,0.2430243431212659,0.5347657941179336,3,2022,1.720330237358101,0.032258064516129,0,145
17,-3.642933118066606,14.466666666666669,-12.134615384615383,0.0,0.6815335343193997,0.5347657941179336,3,2022,1.720330237358101,0.0944444444444444,0,145
20,-0.8874545316645686,12.066666666666666,-11.148148148148149,0.0,-0.4270838186423032,0.5347657941179336,2,2022,1.720330237358101,0.032258064516129,0,145
10,-3.776428683064476,15.4,-15.128205128205128,0.0,-1.2286046911073758,0.5347657941179336,3,2022,1.720330237358101,0.0833333333333333,0,145
14,0.3954888505046574,10.866666666666667,-9.137931034482758,1.0,0.5054627210661462,0.5347657941179336,2,2022,1.720330237358101,0.0944444444444444,0,145
13,0.0160149646026395,12.933333333333334,-11.72,1.0,-1.3728072139941017,0.5347657941179336,2,2022,1.720330237358101,0.1145833333333333,0,145
2,3.1841046095543737,4.133333333333334,-5.254237288135593,12.0,0.8754579768811059,0.2717657419973989,2,2022,1.4495536598477774,0.0659340659340659,0,678
1,3.39848620138971,3.2666666666666666,-2.7466666666666666,27.0,3.0635599993211824,0.2717657419973989,2,2022,1.4495536598477774,0.1153846153846153,0,678
9,3.781424309604644,4.0,-2.6818181818181817,48.0,2.359253644840569,0.2717657419973989,2,2022,1.4495536598477774,0.0329670329670329,-1,678
4,3.781424309604644,3.866666666666666,-4.5,48.0,0.0246247045151072,0.2717657419973989,2,2022,1.4495536598477774,0.0329670329670329,0,678
5,0.2803324255051245,8.533333333333333,-8.964285714285714,1.0,0.4453694769816874,0.2717657419973989,2,2022,1.4495536598477774,0.09375,1,678
7,-3.576672783140672,12.333333333333334,-15.576923076923077,0.0,-1.4464584688497937,0.2717657419973989,2,2022,1.4495536598477774,0.0934065934065934,2,678
15,0.3220827521280696,9.133333333333333,-7.688524590163935,1.0,1.4163591383979863,0.2717657419973989,2,2022,1.4495536598477774,0.0934065934065934,-5,678
6,-3.576672783140672,13.4,-12.09433962264151,0.0,0.693596964043875,0.2717657419973989,2,2022,1.4495536598477774,0.0934065934065934,1,678
16,0.3220827521280696,11.4,-9.266666666666667,1.0,0.4434907514730555,0.2717657419973989,2,2022,1.4495536598477774,0.0934065934065934,-5,678
8,0.2803324255051245,7.0,-9.107142857142858,1.0,0.1739568213117862,0.2717657419973989,1,2022,1.4495536598477774,0.09375,11,678
21,-1.7949602196770202,8.333333333333334,-7.375,0.0,1.7733740216709666,0.2717657419973989,2,2022,1.4495536598477774,0.0714285714285714,0,678
11,-3.772273529352949,13.066666666666666,-12.285714285714286,0.0,-0.0750529899101709,0.2717657419973989,2,2022,1.4495536598477774,0.0824175824175824,4,678
17,-0.8653104341640945,11.8,-11.142857142857142,0.0,-0.4459306385893717,0.2717657419973989,2,2022,1.4495536598477774,0.03125,-5,678
18,-1.7949602196770202,12.133333333333333,-11.833333333333334,0.0,-0.1374689382570232,0.2717657419973989,1,2022,1.4495536598477774,0.0714285714285714,-5,678
10,-0.0209841172051854,10.733333333333333,-8.153846153846153,1.0,0.7429782385140089,0.2717657419973989,2,2022,1.4495536598477774,0.1122448979591836,4,678
14,-0.0209841172051854,13.666666666666666,-11.807692307692308,1.0,-1.4544898436889764,0.2717657419973989,1,2022,1.4495536598477774,0.1122448979591836,2,678
20,-0.8653104341640945,9.466666666666669,-10.173913043478262,0.0,0.229802742968953,0.2717657419973989,1,2022,1.4495536598477774,0.03125,-2,678
2,3.399142991978968,3.066666666666667,-2.736842105263158,27.0,3.0917373057727664,0.4316513211471494,2,2022,1.1304093567251463,0.1141304347826086,0,406
4,3.841002161100761,3.466666666666667,-2.6853932584269664,48.0,2.3242554439080614,0.4316513211471494,2,2022,1.1304093567251463,0.0326086956521739,0,406
6,3.841002161100761,3.866666666666666,-4.454545454545454,48.0,0.0507699709993565,0.4316513211471494,2,2022,1.1304093567251463,0.0326086956521739,0,406
3,3.399142991978968,1.933333333333333,-5.037037037037037,27.0,1.0005108573287036,0.4316513211471494,2,2022,1.1304093567251463,0.1141304347826086,0,406
9,3.24453650155153,2.0,-5.517241379310345,13.0,1.019277745558627,0.4316513211471494,1,2022,1.1304093567251463,0.0706521739130434,10,406
7,0.3353338408493285,7.866666666666666,-9.137931034482758,1.0,0.1223191787699586,0.4316513211471494,2,2022,1.1304093567251463,0.0909090909090909,0,406
5,0.3394202479083085,8.533333333333333,-7.67741935483871,1.0,1.4265217045592842,0.4316513211471494,2,2022,1.1304093567251463,0.092391304347826,0,406
12,0.3353338408493285,7.333333333333333,-8.827586206896552,1.0,0.5094525588823227,0.4316513211471494,2,2022,1.1304093567251463,0.0909090909090909,-2,406
11,0.3394202479083085,10.6,-9.258064516129032,1.0,0.440506530706651,0.4316513211471494,2,2022,1.1304093567251463,0.092391304347826,-2,406
17,-0.9912076289707766,12.133333333333333,-11.20689655172414,0.0,-0.4198229542828748,0.4316513211471494,2,2022,1.1304093567251463,0.0303030303030303,-2,406
14,-0.9912076289707766,11.933333333333334,-10.458333333333334,0.0,0.1291400516134705,0.4316513211471494,2,2022,1.1304093567251463,0.0303030303030303,-2,406
16,-0.133976611504144,12.066666666666666,-8.325,1.0,0.6961245525154702,0.4316513211471494,1,2022,1.1304093567251463,0.11,-2,406
15,-3.761886462923943,12.866666666666667,-12.25,0.0,-0.0289365528002812,0.4316513211471494,2,2022,1.1304093567251463,0.0869565217391304,-2,406
13,-1.838435174378652,9.333333333333334,-7.777777777777778,0.0,1.7237539703726572,0.4316513211471494,1,2022,1.1304093567251463,0.0704225352112676,-2,406
19,-3.4650802054646506,9.8,-15.22222222222222,0.0,-1.2486139319976353,0.4316513211471494,2,2022,1.1304093567251463,0.092391304347826,-2,406
18,-1.838435174378652,12.733333333333333,-12.142857142857142,0.0,-0.2573685992981074,0.4316513211471494,2,2022,1.1304093567251463,0.0704225352112676,-2,406
10,3.420512965516836,2.466666666666667,-2.7142857142857144,28.0,3.1148353307219514,0.2950523858645612,3,2022,2.045606096689688,0.1129032258064516,0,264
7,3.9463584328607024,2.7333333333333334,-2.6777777777777776,48.0,2.2609057850443057,0.2950523858645612,2,2022,2.045606096689688,0.032258064516129,0,264
1,3.9463584328607024,3.6,-4.333333333333333,48.0,0.0907211181605652,0.2950523858645612,3,2022,2.045606096689688,0.032258064516129,0,264
2,3.245030492864062,2.8666666666666667,-5.5,13.0,1.0275272308746148,0.2950523858645612,2,2022,2.045606096689688,0.0698924731182795,0,264
11,3.420512965516836,2.533333333333333,-5.0,28.0,1.0198350974875472,0.2950523858645612,3,2022,2.045606096689688,0.1129032258064516,0,264
3,3.245030492864062,3.066666666666667,-5.183333333333334,13.0,0.924442179446514,0.2950523858645612,2,2022,2.045606096689688,0.0698924731182795,0,264
4,0.3372320611930529,8.0,-7.666666666666667,1.0,1.446672194869724,0.2950523858645612,3,2022,2.045606096689688,0.0913978494623656,0,264
6,0.3856515806040995,7.333333333333333,-9.033333333333331,1.0,0.173166514866846,0.2950523858645612,2,2022,2.045606096689688,0.088235294117647,0,264
5,0.3856515806040995,7.333333333333333,-8.8,1.0,0.5008181234511835,0.2950523858645612,2,2022,2.045606096689688,0.088235294117647,0,264
18,-0.9862661372022664,12.0,-10.48,0.0,0.1187285920107778,0.2950523858645612,3,2022,2.045606096689688,0.0294117647058823,0,264
14,-0.9862661372022664,11.266666666666667,-11.166666666666666,0.0,-0.3966725075455985,0.2950523858645612,3,2022,2.045606096689688,0.0294117647058823,0,264
21,-0.1654484771097401,12.2,-8.414634146341463,1.0,0.6573908442851015,0.2950523858645612,3,2022,2.045606096689688,0.1176470588235294,0,264
12,-1.9607774507227729,13.8,-12.625,0.0,-0.4373282853828115,0.2950523858645612,2,2022,2.045606096689688,0.0694444444444444,0,264
15,-3.4696251649951235,11.0,-15.214285714285714,0.0,-1.2632779854767937,0.2950523858645612,2,2022,2.045606096689688,0.0913978494623656,0,264
9,0.3372320611930529,10.0,-9.25,1.0,0.4385987279167426,0.2950523858645612,3,2022,2.045606096689688,0.0913978494623656,0,264
13,-3.4696251649951235,11.6,-12.01851851851852,0.0,0.7446015258349592,0.2950523858645612,2,2022,2.045606096689688,0.0913978494623656,0,264
17,-3.77436425029573,12.933333333333334,-12.333333333333334,0.0,-0.0204759405809229,0.2950523858645612,3,2022,2.045606096689688,0.086021505376344,0,264
20,-3.77436425029573,14.333333333333334,-15.05,0.0,-1.1706319418664812,0.2950523858645612,2,2022,2.045606096689688,0.086021505376344,-1,264
16,-0.1654484771097401,14.6,-11.962962962962964,1.0,-1.4984409438319388,0.2950523858645612,3,2022,2.045606096689688,0.1176470588235294,0,264
1,3.4670453697706183,2.0,-2.6923076923076925,29.0,3.1284907712786585,0.5892049589843715,3,2022,1.4055759803921568,0.1117021276595744,13,401
3,3.4670453697706183,3.466666666666667,-5.0,29.0,1.0126595002846956,0.5892049589843715,2,2022,1.4055759803921568,0.1117021276595744,-1,401
2,3.2565379121048603,3.2666666666666666,-5.451612903225806,13.0,1.070244654975694,0.5892049589843715,3,2022,1.4055759803921568,0.0691489361702127,-1,401
8,3.9949161992628848,3.333333333333333,-4.230769230769231,48.0,0.1853828931585396,0.5892049589843715,2,2022,1.4055759803921568,0.0319148936170212,-3,401
6,0.4026735167855179,7.533333333333333,-9.0,1.0,0.2072958344287936,0.5892049589843715,2,2022,1.4055759803921568,0.0857142857142857,-3,401
4,3.2565379121048603,4.0,-5.19672131147541,13.0,0.9190933207122132,0.5892049589843715,3,2022,1.4055759803921568,0.0691489361702127,11,401
5,0.4026735167855179,7.6,-8.806451612903226,1.0,0.4934717333139725,0.5892049589843715,2,2022,1.4055759803921568,0.0857142857142857,11,401
16,-0.9730352753443912,11.666666666666666,-10.461538461538462,0.0,0.1316454508727702,0.5892049589843715,2,2022,1.4055759803921568,0.0285714285714285,-6,401
21,-0.249273360753932,12.4,-8.5,1.0,0.661006705553091,0.5892049589843715,2,2022,1.4055759803921568,0.1153846153846153,0,401
9,-3.850610882649749,14.066666666666666,-12.8,0.0,-0.1007088369851809,0.5892049589843715,2,2022,1.4055759803921568,0.0851063829787234,-3,401
14,-0.9730352753443912,11.066666666666666,-11.161290322580646,0.0,-0.3831284170051908,0.5892049589843715,2,2022,1.4055759803921568,0.0285714285714285,-5,401
10,0.2858424964884298,7.4,-7.65625,1.0,1.5175223454644484,0.5892049589843715,2,2022,1.4055759803921568,0.0904255319148936,7,401
21,-0.249273360753932,16.266666666666666,-12.214285714285714,1.0,-1.657012273990272,0.5892049589843715,1,2022,1.4055759803921568,0.1153846153846153,0,401
13,-1.9564557347442333,13.533333333333331,-12.666666666666666,0.0,-0.4804900393393153,0.5892049589843715,2,2022,1.4055759803921568,0.0753424657534246,5,401
11,0.2858424964884298,11.666666666666666,-9.424242424242424,1.0,0.3571884135670662,0.5892049589843715,2,2022,1.4055759803921568,0.0904255319148936,-4,401
18,-3.4799684844640217,12.866666666666667,-12.090909090909092,0.0,0.6693081426206521,0.5892049589843715,2,2022,1.4055759803921568,0.0904255319148936,-6,401
15,-3.4799684844640217,11.866666666666667,-15.172413793103448,0.0,-1.232940056028972,0.5892049589843715,2,2022,1.4055759803921568,0.0904255319148936,4,401
17,-3.850610882649749,15.4,-15.121951219512194,0.0,-1.1848757338410387,0.5892049589843715,2,2022,1.4055759803921568,0.0851063829787234,-6,401
1,3.491061005329437,1.5333333333333334,-2.670886075949367,30.0,3.1469552837205663,0.1209631677242842,3,2022,1.4705882352941178,0.1105263157894736,0,3
6,4.024696685794118,3.533333333333333,-4.214285714285714,48.0,0.1950249342799113,0.1209631677242842,2,2022,1.4705882352941178,0.031578947368421,0,3
2,3.2547180491232703,4.666666666666667,-5.209677419354839,13.0,0.9134333693309232,0.1209631677242842,3,2022,1.4705882352941178,0.0684210526315789,0,3
4,4.024696685794118,2.4,-2.67032967032967,48.0,2.232934099470656,0.1209631677242842,2,2022,1.4705882352941178,0.031578947368421,0,3
5,3.491061005329437,3.2,-4.9,30.0,1.0653330697828842,0.1209631677242842,3,2022,1.4705882352941178,0.1105263157894736,0,3
13,0.4665006241777568,6.666666666666667,-8.875,1.0,0.2743803317680668,0.1209631677242842,3,2022,1.4705882352941178,0.0833333333333333,0,3
7,0.1992831044610784,8.6,-7.723076923076923,1.0,1.5136061177743223,0.1209631677242842,2,2022,1.4705882352941178,0.0894736842105263,0,3
3,3.2547180491232703,3.333333333333333,-5.375,13.0,1.1345811584027057,0.1209631677242842,3,2022,1.4705882352941178,0.0684210526315789,0,3
12,0.4665006241777568,7.4,-8.75,1.0,0.494947254861272,0.1209631677242842,3,2022,1.4705882352941178,0.0833333333333333,0,3
10,-0.9348211230153594,11.066666666666666,-11.15625,0.0,-0.3993406350861559,0.1209631677242842,3,2022,1.4705882352941178,0.0277777777777777,0,3
11,-0.2575296643378459,11.533333333333331,-8.511627906976743,1.0,0.6732512228732297,0.1209631677242842,3,2022,1.4705882352941178,0.1132075471698113,0,3
15,-3.82405810290061,12.933333333333334,-12.545454545454543,0.0,-0.0172295674108248,0.1209631677242842,2,2022,1.4705882352941178,0.0842105263157894,0,3
8,-3.522692960652628,13.733333333333333,-15.233333333333333,0.0,-1.2742800165443158,0.1209631677242842,2,2022,1.4705882352941178,0.0894736842105263,0,3
19,-0.9348211230153594,10.4,-10.37037037037037,0.0,0.1640556905765172,0.1209631677242842,3,2022,1.4705882352941178,0.0277777777777777,0,3
18,-3.522692960652628,13.666666666666666,-12.160714285714286,0.0,0.6121559065438332,0.1209631677242842,2,2022,1.4705882352941178,0.0894736842105263,0,3
14,-1.9730438809335584,13.733333333333333,-12.8,0.0,-0.5644798142386692,0.1209631677242842,3,2022,1.4705882352941178,0.0743243243243243,0,3
17,0.1992831044610784,12.866666666666667,-9.588235294117649,1.0,0.2931780827863259,0.1209631677242842,3,2022,1.4705882352941178,0.0894736842105263,0,3
20,-3.82405810290061,16.333333333333332,-15.19047619047619,0.0,-1.2820603983937169,0.1209631677242842,3,2022,1.4705882352941178,0.0842105263157894,0,3
2,3.502840009276504,1.0666666666666669,-2.65,31.0,3.1808331550986986,0.4490274481365265,3,2022,1.4634803921568629,0.109375,5,162
1,3.257259407918068,4.2,-5.174603174603175,13.0,0.9648379269573462,0.4490274481365265,3,2022,1.4634803921568629,0.0677083333333333,0,162
6,4.078017954422181,3.0,-4.066666666666666,48.0,0.2656165901081968,0.4490274481365265,3,2022,1.4634803921568629,0.03125,-4,162
3,3.257259407918068,5.0,-5.454545454545454,13.0,1.10214442858369,0.4490274481365265,2,2022,1.4634803921568629,0.0677083333333333,15,162
5,4.078017954422181,2.8666666666666667,-2.6847826086956523,48.0,2.187113780587318,0.4490274481365265,2,2022,1.4634803921568629,0.03125,14,162
4,3.502840009276504,3.866666666666666,-4.903225806451613,31.0,1.0723786196491665,0.4490274481365265,2,2022,1.4634803921568629,0.109375,9,162
7,0.1513487210946454,8.333333333333334,-7.712121212121212,1.0,1.5783258766971435,0.4490274481365265,2,2022,1.4634803921568629,0.0885416666666666,-4,162
9,-0.2713130492434824,11.066666666666666,-8.568181818181818,1.0,0.6573558116137346,0.4490274481365265,2,2022,1.4634803921568629,0.1203703703703703,-4,162
13,-3.843773655000594,0.0,0.0,0.0,0.0,0.4490274481365265,3,2022,1.4634803921568629,0.0833333333333333,-5,162
14,-2.002246815189169,14.733333333333333,-13.090909090909092,0.0,-0.7236023962799694,0.4490274481365265,2,2022,1.4634803921568629,0.08,-5,162
11,0.5013218122814558,8.066666666666666,-8.757575757575758,1.0,0.4690252212983549,0.4490274481365265,3,2022,1.4634803921568629,0.081081081081081,3,162
20,-3.520768084915764,14.066666666666666,-15.161290322580646,0.0,-1.2276976522098264,0.4490274481365265,2,2022,1.4634803921568629,0.0885416666666666,-3,162
12,-2.002246815189169,11.066666666666666,-8.4,0.0,1.5478646292345422,0.4490274481365265,2,2022,1.4634803921568629,0.08,3,162
15,-0.2713130492434824,15.333333333333334,-12.241379310344827,1.0,-1.6740430698405506,0.4490274481365265,2,2022,1.4634803921568629,0.1203703703703703,5,162
16,-3.843773655000594,17.066666666666666,-15.255813953488373,0.0,-1.3346204336583969,0.4490274481365265,2,2022,1.4634803921568629,0.0833333333333333,-6,162
19,-3.520768084915764,14.2,-12.210526315789474,0.0,0.5577333947306943,0.4490274481365265,2,2022,1.4634803921568629,0.0885416666666666,-3,162
2,3.4939115293097185,4.666666666666667,-4.9375,32.0,1.0428126405339109,0.6994627158573958,0,2022,1.4226006191950464,0.1082474226804123,0,0
1,3.276089969691536,3.533333333333333,-5.125,13.0,0.9955291563875734,0.6994627158573958,0,2022,1.4226006191950464,0.0670103092783505,0,0
4,3.276089969691536,4.933333333333334,-5.411764705882353,13.0,1.1024588684728258,0.6994627158573958,0,2022,1.4226006191950464,0.0670103092783505,0,0
6,0.1390927435630084,8.0,-7.701492537313433,1.0,1.5887611133247586,0.6994627158573958,0,2022,1.4226006191950464,0.0927835051546391,0,0
17,0.1390927435630084,14.466666666666669,-9.8,1.0,0.1700694062668477,0.6994627158573958,0,2022,1.4226006191950464,0.0927835051546391,-1,0
12,-0.9684992306011542,10.666666666666666,-11.12121212121212,0.0,-0.3755675528301775,0.6994627158573958,0,2022,1.4226006191950464,0.0526315789473684,-1,0
8,3.4939115293097185,1.0,-2.6296296296296298,32.0,3.205776546826638,0.6994627158573958,0,2022,1.4226006191950464,0.1082474226804123,0,0
14,-0.9684992306011542,11.4,-10.5,0.0,0.0974680186281262,0.6994627158573958,0,2022,1.4226006191950464,0.0526315789473684,-1,0
3,4.150989427442902,3.6,-2.7096774193548385,48.0,2.0838332718318147,0.6994627158573958,0,2022,1.4226006191950464,0.0309278350515463,0,0
7,-0.2882109443584261,9.8,-8.555555555555555,1.0,0.6763092494555222,0.6994627158573958,0,2022,1.4226006191950464,0.1181818181818181,0,0
16,-2.0265488117063533,11.933333333333334,-8.818181818181818,0.0,1.4398562099800047,0.6994627158573958,0,2022,1.4226006191950464,0.0789473684210526,-1,0
9,-3.540155199795276,15.2,-12.275862068965518,0.0,0.4754116164119017,0.6994627158573958,0,2022,1.4226006191950464,0.0876288659793814,0,0
13,-3.540155199795276,13.733333333333333,-15.0625,0.0,-1.1626601352168184,0.6994627158573958,0,2022,1.4226006191950464,0.0876288659793814,-1,0
21,4.150989427442902,2.933333333333333,-4.0,48.0,0.2449072165974553,0.6994627158573958,0,2022,1.4226006191950464,0.0309278350515463,0,0
1,3.516809609999276,3.0,-2.682926829268293,33.0,3.1165596549793566,0.4311016346141101,0,2022,1.4117647058823528,0.1071428571428571,0,44
4,3.516809609999276,3.533333333333333,-4.818181818181818,33.0,1.111742699692279,0.4311016346141101,0,2022,1.4117647058823528,0.1071428571428571,0,44
2,3.313833040503069,3.0,-5.076923076923077,13.0,1.0231676132004088,0.4311016346141101,0,2022,1.4117647058823528,0.0663265306122449,0,44
5,0.4594842963442113,9.2,-8.823529411764707,1.0,0.4346654453495999,0.4311016346141101,0,2022,1.4117647058823528,0.1153846153846153,0,44
6,4.00746470921001,5.533333333333333,-2.776595744680851,48.0,2.11870138002902,0.4311016346141101,0,2022,1.4117647058823528,0.0306122448979591,0,44
9,-0.8654411300821254,10.066666666666666,-10.413793103448276,0.0,0.080175456471038,0.4311016346141101,0,2022,1.4117647058823528,0.0512820512820512,0,44
7,0.4594842963442113,6.4,-8.787878787878787,1.0,0.3397526329263866,0.4311016346141101,0,2022,1.4117647058823528,0.1153846153846153,0,44
8,4.00746470921001,6.6,-4.588235294117647,48.0,0.0966832787998722,0.4311016346141101,0,2022,1.4117647058823528,0.0306122448979591,0,44
20,-3.736689886982083,16.6,-15.25,0.0,-1.43816782321586,0.4311016346141101,0,2022,1.4117647058823528,0.0816326530612244,0,44
10,0.1840411678142338,6.666666666666667,-7.647058823529412,1.0,1.6188859185176394,0.4311016346141101,0,2022,1.4117647058823528,0.0918367346938775,0,44
11,0.1840411678142338,11.8,-9.666666666666666,1.0,0.2201808416822018,0.4311016346141101,0,2022,1.4117647058823528,0.0918367346938775,0,44
19,-0.8654411300821254,9.0,-10.970588235294118,0.0,-0.3400148065652659,0.4311016346141101,0,2022,1.4117647058823528,0.0512820512820512,0,44
13,-0.2942238071606918,15.0,-12.3,1.0,-1.741154710598428,0.4311016346141101,0,2022,1.4117647058823528,0.1160714285714285,0,44
18,-3.528420517760582,14.466666666666669,-12.271186440677964,0.0,0.4818168548541275,0.4311016346141101,0,2022,1.4117647058823528,0.086734693877551,0,44
12,-2.0618247552422986,11.866666666666667,-9.0,0.0,1.5209702949709534,0.4311016346141101,0,2022,1.4117647058823528,0.0779220779220779,0,44
14,-2.0618247552422986,13.2,-12.833333333333334,0.0,-0.5934613868271056,0.4311016346141101,0,2022,1.4117647058823528,0.0779220779220779,0,44
15,-3.528420517760582,13.333333333333334,-15.0,0.0,-1.137286657097394,0.4311016346141101,0,2022,1.4117647058823528,0.086734693877551,0,44
17,-0.2942238071606918,9.666666666666666,-8.58695652173913,1.0,0.6631695000005752,0.4311016346141101,0,2022,1.4117647058823528,0.1160714285714285,0,44
3,3.5725433623928864,2.6,-2.6626506024096384,34.0,3.10791985807487,0.5184721099722589,2,2022,1.745798319327731,0.106060606060606,-1,150
5,4.024660427556993,5.733333333333333,-2.8,48.0,2.0865142249836977,0.5184721099722589,2,2022,1.745798319327731,0.0303030303030303,-2,150
2,3.292141954890532,2.7333333333333334,-5.045454545454546,13.0,1.0837753703965838,0.5184721099722589,2,2022,1.745798319327731,0.0656565656565656,10,150
4,3.5725433623928864,2.933333333333333,-4.735294117647059,34.0,1.1384215696536502,0.5184721099722589,2,2022,1.745798319327731,0.106060606060606,5,150
6,4.024660427556993,7.533333333333333,-4.777777777777778,48.0,0.0213535830014048,0.5184721099722589,2,2022,1.745798319327731,0.0303030303030303,-2,150
8,0.163065815327732,7.533333333333333,-7.681159420289855,1.0,1.6037031880116883,0.5184721099722589,2,2022,1.745798319327731,0.0909090909090909,-2,150
9,0.5397512274177972,6.4,-8.735294117647058,1.0,0.3350152127785596,0.5184721099722589,1,2022,1.745798319327731,0.1125,5,150
12,-0.8165522019872595,8.666666666666666,-10.266666666666667,0.0,0.1475690980488653,0.5184721099722589,2,2022,1.745798319327731,0.05,-2,150
16,-3.5505508394989223,14.133333333333333,-12.3,0.0,0.4727955171913151,0.5184721099722589,1,2022,1.745798319327731,0.0858585858585858,-3,150
15,-0.3823879938816883,14.266666666666667,-12.32258064516129,1.0,-1.7088307239189566,0.5184721099722589,2,2022,1.745798319327731,0.1140350877192982,4,150
21,0.5397512274177972,7.6,-8.685714285714285,1.0,0.4852261827440294,0.5184721099722589,1,2022,1.745798319327731,0.1125,0,150
14,-2.1756890220718352,13.933333333333334,-13.076923076923077,0.0,-0.6856652127161377,0.5184721099722589,2,2022,1.745798319327731,0.0769230769230769,4,150
11,-3.677772424879975,12.6,-12.5,0.0,-0.0582537022121969,0.5184721099722589,2,2022,1.745798319327731,0.0858585858585858,-3,150
13,-0.3823879938816883,12.333333333333334,-8.787234042553191,1.0,0.5665131204393429,0.5184721099722589,2,2022,1.745798319327731,0.1140350877192982,-2,150
19,-3.5505508394989223,14.4,-15.058823529411764,0.0,-1.1848298912114297,0.5184721099722589,1,2022,1.745798319327731,0.0858585858585858,-3,150
17,0.163065815327732,11.4,-9.702702702702704,1.0,0.2032744234365561,0.5184721099722589,2,2022,1.745798319327731,0.0909090909090909,-2,150
20,-3.677772424879975,14.2,-15.11111111111111,0.0,-1.348950977025943,0.5184721099722589,2,2022,1.745798319327731,0.0858585858585858,-3,150
1,3.5962283854531227,2.2,-2.642857142857143,35.0,3.1144708859731938,0.5630655453153867,3,2022,1.4490740740740742,0.105,0,2285
3,4.035162966208355,4.733333333333333,-2.7916666666666665,48.0,2.0943995581174835,0.5630655453153867,2,2022,1.4490740740740742,0.03,0,2285
4,3.5962283854531227,3.2,-4.714285714285714,35.0,1.134761204422362,0.5630655453153867,3,2022,1.4490740740740742,0.105,0,2285
2,4.035162966208355,7.133333333333334,-4.789473684210527,48.0,0.0270475098746841,0.5630655453153867,2,2022,1.4490740740740742,0.03,0,2285
5,3.282846583908186,4.333333333333333,-5.342857142857143,13.0,1.138122473945269,0.5630655453153867,3,2022,1.4490740740740742,0.065,0,2285
7,3.282846583908186,2.6666666666666665,-5.014925373134329,13.0,1.1241117629358026,0.5630655453153867,3,2022,1.4490740740740742,0.065,0,2285
11,0.107713082340919,12.533333333333331,-9.86842105263158,1.0,0.1087078838987586,0.5630655453153867,2,2022,1.4490740740740742,0.09,0,2285
10,0.5253562001489082,8.6,-8.75,1.0,0.4384644428374927,0.5630655453153867,2,2022,1.4490740740740742,0.1097560975609756,0,2285
8,0.107713082340919,6.866666666666666,-7.6571428571428575,1.0,1.6757152713882075,0.5630655453153867,2,2022,1.4490740740740742,0.09,0,2285
6,-2.1733911891281736,13.133333333333333,-9.461538461538462,0.0,1.445799995163407,0.5630655453153867,2,2022,1.4490740740740742,0.0759493670886076,0,2285
14,-0.4148770261376505,13.266666666666667,-8.895833333333334,1.0,0.5026135820750284,0.5630655453153867,2,2022,1.4490740740740742,0.1120689655172413,0,2285
19,-3.6854988496887153,12.666666666666666,-12.538461538461538,0.0,-0.0591695126812042,0.5630655453153867,2,2022,1.4490740740740742,0.085,-2,2285
12,-2.1733911891281736,13.333333333333334,-13.0,0.0,-0.6683916160399577,0.5630655453153867,2,2022,1.4490740740740742,0.0759493670886076,0,2285
17,-0.7887362119488179,8.266666666666667,-10.193548387096774,0.0,0.1723756366093557,0.5630655453153867,3,2022,1.4490740740740742,0.048780487804878,-1,2285
18,-0.7887362119488179,9.8,-11.0,0.0,-0.4076231177990213,0.5630655453153867,2,2022,1.4490740740740742,0.048780487804878,2,2285
16,-3.537255649549211,14.6,-15.057142857142855,0.0,-1.214717120806574,0.5630655453153867,3,2022,1.4490740740740742,0.085,-1,2285
15,-3.537255649549211,12.266666666666667,-12.245901639344265,0.0,0.5425717193118818,0.5630655453153867,2,2022,1.4490740740740742,0.085,4,2285
20,-3.6854988496887153,14.666666666666666,-15.152173913043478,0.0,-1.398784709825626,0.5630655453153867,3,2022,1.4490740740740742,0.085,-2,2285
3,4.065977337941429,6.333333333333333,-4.75,48.0,0.0518175103870671,0.379212034068026,3,2022,2.5671296296296293,0.0297029702970297,-2,785
8,4.065977337941429,3.733333333333333,-2.783505154639175,48.0,2.099996720528304,0.379212034068026,3,2022,2.5671296296296293,0.0297029702970297,-6,785
5,3.298203908974928,4.533333333333333,-5.333333333333333,13.0,1.1390865363243,0.379212034068026,2,2022,2.5671296296296293,0.0643564356435643,2,785
10,3.298203908974928,3.8,-5.029411764705882,13.0,1.1092234782192352,0.379212034068026,2,2022,2.5671296296296293,0.0643564356435643,-5,785
7,0.5388054419784806,6.6,-8.685714285714285,1.0,0.3824377763223082,0.379212034068026,2,2022,2.5671296296296293,0.119047619047619,10,785
2,3.616856320592194,1.8,-2.623529411764706,36.0,3.138009599650778,0.379212034068026,3,2022,2.5671296296296293,0.1039603960396039,1,785
9,3.616856320592194,3.0,-4.666666666666667,36.0,1.1653366580523596,0.379212034068026,3,2022,2.5671296296296293,0.1039603960396039,-5,785
6,0.5388054419784806,8.466666666666667,-8.72972972972973,1.0,0.4544839003760227,0.379212034068026,3,2022,2.5671296296296293,0.119047619047619,10,785
18,-2.158229643438409,12.2,-9.5,0.0,1.439623933678016,0.379212034068026,3,2022,2.5671296296296293,0.075,-4,785
15,-0.8771407799310549,11.466666666666669,-11.11111111111111,0.0,-0.4214690709020621,0.379212034068026,2,2022,2.5671296296296293,0.0476190476190476,0,785
13,-0.8771407799310549,10.0,-10.3125,0.0,0.1550774885443408,0.379212034068026,3,2022,2.5671296296296293,0.0476190476190476,-4,785
17,-2.158229643438409,13.133333333333333,-13.0,0.0,-0.6899633583147736,0.379212034068026,3,2022,2.5671296296296293,0.075,-4,785
20,-3.564259988457892,15.266666666666667,-15.083333333333334,0.0,-1.223868951437491,0.379212034068026,2,2022,2.5671296296296293,0.0841584158415841,-8,785
12,-0.4216146657421073,12.866666666666667,-8.938775510204081,1.0,0.4910087861293024,0.379212034068026,3,2022,2.5671296296296293,0.1101694915254237,-2,785
11,-3.68049606151714,12.333333333333334,-12.5,0.0,-0.0242960839003001,0.379212034068026,1,2022,2.5671296296296293,0.0841584158415841,8,785
16,-3.68049606151714,15.533333333333331,-15.212765957446807,0.0,-1.463377181601366,0.379212034068026,2,2022,2.5671296296296293,0.0841584158415841,2,785
21,-0.4216146657421073,12.6,-12.25,1.0,-1.6300320051578367,0.379212034068026,2,2022,2.5671296296296293,0.1101694915254237,0,785
1,3.5925540818471817,3.066666666666667,-2.6627906976744184,36.0,3.1086394042738386,0.4489507459115255,2,2022,1.2958020050125314,0.1029411764705882,0,3
3,3.328506074506256,4.066666666666666,-5.0144927536231885,13.0,1.1046992029537217,0.4489507459115255,2,2022,1.2958020050125314,0.0637254901960784,0,3
2,3.5925540818471817,4.266666666666667,-4.72972972972973,36.0,1.1418122463471698,0.4489507459115255,2,2022,1.2958020050125314,0.1029411764705882,0,3
4,3.328506074506256,4.0,-5.27027027027027,13.0,1.1616420227433228,0.4489507459115255,2,2022,1.2958020050125314,0.0637254901960784,0,3
6,4.110316706476419,4.4,-4.571428571428571,49.0,0.1403776691168978,0.4489507459115255,2,2022,1.2958020050125314,0.0294117647058823,0,3
7,0.1187707054114708,7.6,-7.676056338028169,1.0,1.6560438518095384,0.4489507459115255,2,2022,1.2958020050125314,0.0931372549019607,0,3
8,0.5813756138180591,8.266666666666667,-8.710526315789474,1.0,0.4397746316694223,0.4489507459115255,2,2022,1.2958020050125314,0.1162790697674418,0,3
14,-0.870010488001696,11.2,-11.08108108108108,0.0,-0.4061234184466851,0.4489507459115255,2,2022,1.2958020050125314,0.0465116279069767,0,3
10,0.1187707054114708,10.6,-9.794871794871796,1.0,0.1531756552928066,0.4489507459115255,2,2022,1.2958020050125314,0.0931372549019607,3,3
9,-0.870010488001696,10.333333333333334,-10.333333333333334,0.0,0.1293102428253781,0.4489507459115255,2,2022,1.2958020050125314,0.0465116279069767,0,3
12,-0.5034318775754069,13.666666666666666,-12.393939393939394,1.0,-1.707411669626535,0.4489507459115255,2,2022,1.2958020050125314,0.1083333333333333,-1,3
15,-2.1218993380896194,12.666666666666666,-12.9375,0.0,-0.6927279247393743,0.4489507459115255,2,2022,1.2958020050125314,0.074074074074074,0,3
19,-3.736563977005082,13.066666666666666,-12.666666666666666,0.0,-0.036658403202101,0.4489507459115255,2,2022,1.2958020050125314,0.0833333333333333,0,3
17,-0.5034318775754069,13.466666666666669,-9.04,1.0,0.4726771098359432,0.4489507459115255,3,2022,1.2958020050125314,0.1083333333333333,0,3
18,-2.1218993380896194,11.0,-9.466666666666669,0.0,1.4257575859339136,0.4489507459115255,1,2022,1.2958020050125314,0.074074074074074,0,3
13,-3.5565649098714225,14.733333333333333,-15.027027027027026,0.0,-1.1962075724375767,0.4489507459115255,2,2022,1.2958020050125314,0.0833333333333333,-1,3
16,-3.5565649098714225,13.533333333333331,-12.32258064516129,0.0,0.468359571542278,0.4489507459115255,1,2022,1.2958020050125314,0.0833333333333333,0,3
1,3.5681749183868035,2.333333333333333,-2.6436781609195403,37.0,2.966365089228983,0.5149071748575729,3,2023,2.401470588235294,0.1019417475728155,0,7
2,3.5681749183868035,4.133333333333334,-4.684210526315789,37.0,1.098323271362583,0.5149071748575729,3,2023,2.401470588235294,0.1019417475728155,0,7
5,-0.8241226692751997,6.066666666666666,0.0,0.0,0.3747098393370014,0.5149071748575729,3,2023,2.401470588235294,0.0454545454545454,0,7
4,3.242445044062692,3.8,-5.2368421052631575,13.0,1.1244313085967264,0.5149071748575729,3,2023,2.401470588235294,0.0631067961165048,0,7
7,4.054100117141109,2.8666666666666667,-2.7755102040816326,49.0,1.9941609492925203,0.5149071748575729,3,2023,2.401470588235294,0.0339805825242718,0,7
8,-0.8241226692751997,10.333333333333334,-11.0,0.0,-0.3944366969639861,0.5149071748575729,3,2023,2.401470588235294,0.0454545454545454,0,7
6,4.054100117141109,3.933333333333333,-4.590909090909091,49.0,0.0913156065364139,0.5149071748575729,3,2023,2.401470588235294,0.0339805825242718,0,7
12,-2.1448544390916244,12.133333333333333,-9.8125,0.0,1.2826898018281898,0.5149071748575729,3,2023,2.401470588235294,0.073170731707317,0,7
20,0.5730101236880712,13.666666666666666,0.0,1.0,0.3841766842763607,0.5149071748575729,3,2023,2.401470588235294,0.125,0,7
15,-3.6673199627091537,13.266666666666667,-12.6875,0.0,-0.0824932160426106,0.5149071748575729,3,2023,2.401470588235294,0.0825242718446602,0,7
14,-0.5787164727167668,12.866666666666667,-12.352941176470589,1.0,-1.5340360404209374,0.5149071748575729,3,2023,2.401470588235294,0.1065573770491803,0,7
16,-3.6673199627091537,0.0,0.0,0.0,0.0,0.5149071748575729,3,2023,2.401470588235294,0.0825242718446602,0,7
17,-3.490621805589645,14.666666666666666,-12.396825396825395,0.0,0.2674640735151719,0.5149071748575729,1,2023,2.401470588235294,0.0825242718446602,0,7
19,-0.5787164727167668,9.0,0.0,1.0,0.2988119035867849,0.5149071748575729,3,2023,2.401470588235294,0.1065573770491803,0,7
10,-3.490621805589645,11.866666666666667,0.0,0.0,-0.3984008628482858,0.5149071748575729,3,2023,2.401470588235294,0.0825242718446602,0,7
13,-2.1448544390916244,12.466666666666669,-12.882352941176473,0.0,-0.6141247767616846,0.5149071748575729,3,2023,2.401470588235294,0.073170731707317,0,7
11,0.1514926526851501,7.2,-7.652777777777778,1.0,1.536019548895864,0.5149071748575729,3,2023,2.401470588235294,0.0922330097087378,0,7
1,3.5920753569022827,3.533333333333333,-4.615384615384615,38.0,1.149889911484694,0.9174181464389376,2,2023,1.871794871794872,0.1009615384615384,0,15
15,3.5920753569022827,2.0,-2.625,38.0,2.9917086977172502,0.9174181464389376,2,2023,1.871794871794872,0.1009615384615384,0,15
3,-0.5571369038285369,5.066666666666666,-3.0,0.0,0.662008929762416,0.9174181464389376,2,2023,1.871794871794872,0.0444444444444444,-1,15
4,4.010354519251032,4.733333333333333,-4.695652173913044,49.0,0.0433009720510807,0.9174181464389376,2,2023,1.871794871794872,0.0336538461538461,-1,15
8,4.010354519251032,3.2,-2.797979797979798,49.0,2.0092165025364968,0.9174181464389376,1,2023,1.871794871794872,0.0336538461538461,-1,15
5,3.2950171642387054,3.866666666666666,-5.205128205128205,13.0,1.140042402808492,0.9174181464389376,2,2023,1.871794871794872,0.0625,-1,15
2,3.2950171642387054,3.533333333333333,-4.971428571428572,13.0,1.081175788053221,0.9174181464389376,3,2023,1.871794871794872,0.0625,10,15
7,0.41857354843175,7.8,-8.666666666666666,1.0,0.5115735553635472,0.9174181464389376,2,2023,1.871794871794872,0.1222222222222222,-1,15
10,0.41857354843175,11.933333333333334,-9.0,1.0,0.4453703956417491,0.9174181464389376,2,2023,1.871794871794872,0.1222222222222222,-1,15
13,-3.525584650539253,14.4,-12.40625,0.0,0.2933303204981232,0.9174181464389376,2,2023,1.871794871794872,0.0817307692307692,0,15
16,-0.677151403353418,12.2,-12.314285714285717,1.0,-1.4391290965660917,0.9174181464389376,2,2023,1.871794871794872,0.1048387096774193,0,15
11,-3.525584650539253,13.133333333333333,-15.0,0.0,-0.4776745082222592,0.9174181464389376,2,2023,1.871794871794872,0.0817307692307692,-1,15
12,-2.1376650295050634,13.466666666666669,-13.055555555555555,0.0,-0.766764895761779,0.9174181464389376,2,2023,1.871794871794872,0.072289156626506,-1,15
18,-0.677151403353418,11.77777777777778,-14.0,1.0,-0.0428049230164173,0.9174181464389376,2,2023,1.871794871794872,0.1048387096774193,0,15
9,0.0948531864765106,0.0,0.0,1.0,0.0,0.9174181464389376,2,2023,1.871794871794872,0.0913461538461538,-1,15
20,-3.582181483472086,12.0,-12.0,0.0,0.1109930768710626,0.9174181464389376,1,2023,1.871794871794872,0.0817307692307692,0,15
19,0.0948531864765106,10.533333333333331,-7.780821917808219,1.0,1.40182740729548,0.9174181464389376,3,2023,1.871794871794872,0.0913461538461538,0,15
14,-2.1376650295050634,10.8,-9.705882352941176,0.0,1.3584403802054907,0.9174181464389376,2,2023,1.871794871794872,0.072289156626506,0,15
1,3.650020846625932,2.0,-2.617977528089888,39.0,2.999848669879244,0.4217939026983355,2,2023,1.203921568627451,0.1,0,13
3,4.12474092405729,3.8,-2.82,49.0,1.926528787912232,0.4217939026983355,2,2023,1.203921568627451,0.0333333333333333,0,13
4,-0.3871179861851387,4.2,-3.0,0.0,0.936163398556909,0.4217939026983355,2,2023,1.203921568627451,0.0434782608695652,0,13
6,-0.3871179861851387,8.933333333333334,-10.871794871794872,0.0,-0.4943821325709151,0.4217939026983355,2,2023,1.203921568627451,0.0434782608695652,0,13
20,3.650020846625932,2.6,-4.525,39.0,1.2277585367382555,0.4217939026983355,1,2023,1.203921568627451,0.1,0,13
13,-0.0478122814300909,13.0,-7.905405405405405,1.0,1.3746443614119237,0.4217939026983355,2,2023,1.203921568627451,0.0904761904761904,0,13
10,-3.4351856651791826,13.2,-13.5,0.0,-0.3846064146685102,0.4217939026983355,2,2023,1.203921568627451,0.0809523809523809,0,13
16,-0.0478122814300909,15.0,-15.0,1.0,-0.477062769783415,0.4217939026983355,2,2023,1.203921568627451,0.0904761904761904,0,13
17,-2.2271589539964,13.466666666666669,-13.052631578947368,0.0,-0.7056257454463876,0.4217939026983355,3,2023,1.203921568627451,0.0714285714285714,0,13
12,-0.732237772215635,11.733333333333333,-12.27777777777778,1.0,-1.347626858668251,0.4217939026983355,2,2023,1.203921568627451,0.1031746031746031,0,13
19,-2.2271589539964,13.0,-10.166666666666666,0.0,1.209482534742786,0.4217939026983355,3,2023,1.203921568627451,0.0714285714285714,0,13
5,3.2977266001214023,4.6,-5.225,13.0,1.1937085540220789,0.4217939026983355,2,2023,1.203921568627451,0.0619047619047619,0,13
3,3.637427393540898,3.2,-4.536585365853658,40.0,1.212421314198449,0.7626703882487831,2,2023,2.18261217948718,0.0990566037735849,0,0
2,3.637427393540898,1.6,-2.6,40.0,3.02213032974117,0.7626703882487831,2,2023,2.18261217948718,0.0990566037735849,0,0
1,3.248070716670002,4.666666666666667,-5.0,13.0,1.0919089852720136,0.7626703882487831,2,2023,2.18261217948718,0.0613207547169811,0,0
6,-0.2018659802473798,3.533333333333333,-3.0,0.0,1.1219982678309397,0.7626703882487831,2,2023,2.18261217948718,0.0425531914893617,0,0
4,3.248070716670002,7.133333333333334,-5.390243902439025,13.0,1.0631767088965554,0.7626703882487831,2,2023,2.18261217948718,0.0613207547169811,0,0
5,4.119780142446111,3.4,-2.811881188118812,49.0,1.932629579908588,0.7626703882487831,2,2023,2.18261217948718,0.0330188679245283,0,0
9,-0.2018659802473798,6.866666666666666,-10.7,0.0,-0.4821068257590379,0.7626703882487831,2,2023,2.18261217948718,0.0425531914893617,0,0
11,4.119780142446111,4.6,-4.666666666666667,49.0,0.0560473569840065,0.7626703882487831,2,2023,2.18261217948718,0.0330188679245283,0,0
7,-0.0116334733373301,11.333333333333334,-7.88,1.0,1.365989486512717,0.7626703882487831,2,2023,2.18261217948718,0.0896226415094339,0,0
8,-0.7401286605717884,11.066666666666666,-12.216216216216216,1.0,-1.314289030449617,0.7626703882487831,2,2023,2.18261217948718,0.1015625,0,0
10,-0.0116334733373301,11.11111111111111,-11.5,1.0,-0.3052750872995432,0.7626703882487831,2,2023,2.18261217948718,0.0896226415094339,0,0
13,-3.6096297576537086,12.266666666666667,-12.529411764705882,0.0,-0.0106377882068115,0.7626703882487831,2,2023,2.18261217948718,0.080188679245283,-1,0
18,-3.310491700321017,13.066666666666666,-12.36923076923077,0.0,0.2169099867787257,0.7626703882487831,2,2023,2.18261217948718,0.080188679245283,-2,0
19,0.1859686356238267,10.8,-9.0,1.0,0.4948336815796396,0.7626703882487831,2,2023,2.18261217948718,0.1170212765957446,-2,0
12,0.1859686356238267,7.933333333333334,-8.65,1.0,0.6885197063945895,0.7626703882487831,1,2023,2.18261217948718,0.1170212765957446,7,0
15,-3.6096297576537086,14.22222222222222,-14.0,0.0,-0.1216193063107166,0.7626703882487831,2,2023,2.18261217948718,0.080188679245283,-1,0
17,-3.310491700321017,11.266666666666667,-11.333333333333334,0.0,-0.1362393410576653,0.7626703882487831,1,2023,2.18261217948718,0.080188679245283,3,0
14,-2.2202209659311025,12.666666666666666,-10.210526315789474,0.0,1.1788860180602905,0.7626703882487831,2,2023,2.18261217948718,0.0705882352941176,-1,0
9,3.6924958318827055,1.5333333333333334,-2.593406593406593,41.0,3.009834075615122,0.7182069440635768,1,2023,1.2666666666666666,0.0981308411214953,0,2
1,3.6924958318827055,2.333333333333333,-4.4523809523809526,41.0,1.2690572279839785,0.7182069440635768,2,2023,1.2666666666666666,0.0981308411214953,0,2
2,-0.0535028472535681,3.466666666666667,-3.25,0.0,1.395181440409155,0.7182069440635768,2,2023,1.2666666666666666,0.0416666666666666,0,2
6,4.15255968139902,5.866666666666666,-4.8,49.0,3.2134329243043705e-05,0.7182069440635768,2,2023,1.2666666666666666,0.0327102803738317,0,2
3,3.288516382274409,6.866666666666666,-5.380952380952381,13.0,1.0631416733060133,0.7182069440635768,2,2023,1.2666666666666666,0.0607476635514018,0,2
13,4.15255968139902,4.333333333333333,-2.843137254901961,49.0,1.879565840253548,0.7182069440635768,1,2023,1.2666666666666666,0.0327102803738317,0,2
7,3.288516382274409,4.2,-4.972222222222222,13.0,1.1205616757472563,0.7182069440635768,2,2023,1.2666666666666666,0.0607476635514018,0,2
5,-0.0843473632351268,11.666666666666666,-10.666666666666666,1.0,0.3651630750772593,0.7182069440635768,2,2023,1.2666666666666666,0.1145833333333333,0,2
8,-0.0843473632351268,10.133333333333333,-8.804878048780488,1.0,0.726096889527341,0.7182069440635768,1,2023,1.2666666666666666,0.1145833333333333,0,2
4,-3.3806561118533462,13.0,-12.37878787878788,0.0,0.2765040339168901,0.7182069440635768,2,2023,1.2666666666666666,0.0794392523364486,0,2
17,-0.6430212202197539,10.4,-12.157894736842104,1.0,-1.3243020828801877,0.7182069440635768,1,2023,1.2666666666666666,0.1,0,2
18,-0.0535028472535681,6.333333333333333,-10.609756097560975,0.0,-0.4836017218417882,0.7182069440635768,1,2023,1.2666666666666666,0.0416666666666666,0,2
10,-2.3184192466639737,14.6,-10.6,0.0,1.0692294967878222,0.7182069440635768,2,2023,1.2666666666666666,0.0697674418604651,0,2
11,-3.594179331743366,12.066666666666666,-12.5,0.0,0.0132711619847112,0.7182069440635768,2,2023,1.2666666666666666,0.0794392523364486,0,2
12,-3.3806561118533462,12.733333333333333,-12.75,0.0,-0.2922619312179589,0.7182069440635768,1,2023,1.2666666666666666,0.0794392523364486,0,2
14,-2.3184192466639737,12.066666666666666,-12.85,0.0,-0.5176637396116716,0.7182069440635768,1,2023,1.2666666666666666,0.0697674418604651,0,2
16,-0.0286429383003441,10.666666666666666,-7.894736842105263,1.0,1.3808626386477765,0.7182069440635768,3,2023,1.2666666666666666,0.0887850467289719,0,2
15,-0.6430212202197539,12.75,-14.0,1.0,-0.3264214571963894,0.7182069440635768,2,2023,1.2666666666666666,0.1,0,2
19,-0.0286429383003441,11.0,-11.333333333333334,1.0,-0.3764162274399202,0.7182069440635768,3,2023,1.2666666666666666,0.0887850467289719,0,2
20,-3.594179331743366,15.0,-14.666666666666666,0.0,-0.3217558857388561,0.7182069440635768,2,2023,1.2666666666666666,0.0794392523364486,0,2
1,3.749820885581236,1.4,-2.5760869565217392,42.0,3.057128532414195,0.5543350316716974,2,2023,1.5843223254213967,0.0972222222222222,0,7
2,0.0676282445937756,3.2666666666666666,-3.2,0.0,1.5896071279207562,0.5543350316716974,1,2023,1.5843223254213967,0.0408163265306122,0,7
4,-0.1117341935620589,10.066666666666666,-8.80952380952381,1.0,0.799082035953344,0.5543350316716974,2,2023,1.5843223254213967,0.1122448979591836,-1,7
6,4.206140438427137,5.0,-2.8737864077669903,49.0,1.855552371572203,0.5543350316716974,2,2023,1.5843223254213967,0.0324074074074074,-1,7
8,4.206140438427137,5.533333333333333,-4.769230769230769,49.0,0.0835919246589563,0.5543350316716974,1,2023,1.5843223254213967,0.0324074074074074,0,7
3,3.311489593467546,5.066666666666666,-5.0,13.0,1.1274833795538564,0.5543350316716974,1,2023,1.5843223254213967,0.0601851851851851,3,7
7,-0.1117341935620589,10.333333333333334,-10.0,1.0,0.5263794386099678,0.5543350316716974,1,2023,1.5843223254213967,0.1122448979591836,0,7
5,3.311489593467546,6.466666666666667,-5.372093023255814,13.0,1.142877331083524,0.5543350316716974,1,2023,1.5843223254213967,0.0601851851851851,-1,7
10,-0.1649447817989927,12.666666666666666,-8.012987012987013,1.0,1.3873198199668502,0.5543350316716974,2,2023,1.5843223254213967,0.0879629629629629,0,7
11,-0.1649447817989927,13.785714285714286,-13.25,1.0,-0.9542782197473846,0.5543350316716974,1,2023,1.5843223254213967,0.0879629629629629,0,7
15,-2.330927740034343,14.266666666666667,-10.714285714285714,0.0,1.0667321134442815,0.5543350316716974,1,2023,1.5843223254213967,0.0689655172413793,0,7
12,-0.7792517555684783,14.714285714285714,-15.333333333333334,1.0,-0.8103375873373964,0.5543350316716974,2,2023,1.5843223254213967,0.0984848484848484,0,7
19,-2.330927740034343,13.266666666666667,-13.0,0.0,-0.5952242485248443,0.5543350316716974,3,2023,1.5843223254213967,0.0689655172413793,0,7
13,-3.636987410086263,12.6,-12.578947368421051,0.0,0.0504556537554529,0.5543350316716974,2,2023,1.5843223254213967,0.0787037037037037,0,7
9,-0.7792517555684783,10.533333333333331,-12.128205128205128,1.0,-1.1549433219838632,0.5543350316716974,2,2023,1.5843223254213967,0.0984848484848484,0,7
20,3.749820885581236,2.2,-4.395348837209302,42.0,1.337536383878393,0.5543350316716974,2,2023,1.5843223254213967,0.0972222222222222,0,7
18,-3.345456264145049,13.533333333333331,-13.2,0.0,-0.3291976011754244,0.5543350316716974,2,2023,1.5843223254213967,0.0787037037037037,0,7
16,-3.636987410086263,16.857142857142858,-16.0,0.0,-0.7468553690070399,0.5543350316716974,2,2023,1.5843223254213967,0.0787037037037037,0,7
1,3.6503611040530255,1.2666666666666666,-2.5591397849462365,43.0,3.1747094186528164,0.3781995114267992,2,2023,1.9743525480367587,0.0963302752293578,0,109
5,4.1999870578866805,4.733333333333333,-2.8846153846153846,49.0,1.8569605527934303,0.3781995114267992,3,2023,1.9743525480367587,0.0321100917431192,-1,109
12,4.1999870578866805,5.333333333333333,-4.777777777777778,49.0,0.1192447159163068,0.3781995114267992,3,2023,1.9743525480367587,0.0321100917431192,0,109
11,3.6503611040530255,6.8,-4.659090909090909,43.0,1.1739109520373494,0.3781995114267992,2,2023,1.9743525480367587,0.0963302752293578,0,109
2,3.3081942038101086,7.0,-5.431818181818182,13.0,1.0927759960449506,0.3781995114267992,3,2023,1.9743525480367587,0.0596330275229357,0,109
6,0.2085840291760941,8.0,-10.642857142857142,0.0,-0.6159494004101993,0.3781995114267992,3,2023,1.9743525480367587,0.04,-1,109
9,0.2085840291760941,2.8666666666666667,-3.0,0.0,1.6905314847353254,0.3781995114267992,3,2023,1.9743525480367587,0.04,-1,109
7,-0.0696483439853263,7.933333333333334,-8.674418604651162,1.0,0.8947186397800023,0.3781995114267992,3,2023,1.9743525480367587,0.11,-1,109
13,-2.334414982171225,13.2,-13.0,0.0,-0.6035614546026425,0.3781995114267992,3,2023,1.9743525480367587,0.0681818181818181,0,109
4,-0.0696483439853263,9.066666666666666,-9.4,1.0,0.6164302766544424,0.3781995114267992,3,2023,1.9743525480367587,0.11,6,109
19,3.3081942038101086,5.533333333333333,-5.013513513513513,13.0,1.118433641856573,0.3781995114267992,1,2023,1.9743525480367587,0.0596330275229357,0,109
15,-0.8529603488844281,12.0,-12.2,1.0,-1.1863480287453394,0.3781995114267992,3,2023,1.9743525480367587,0.0970149253731343,0,109
10,-0.1495612622847872,12.666666666666666,-12.6,1.0,-0.9008884861110946,0.3781995114267992,3,2023,1.9743525480367587,0.0871559633027523,-1,109
14,-0.8529603488844281,14.066666666666666,-14.5,1.0,-0.832101826071994,0.3781995114267992,3,2023,1.9743525480367587,0.0970149253731343,0,109
8,-3.409957217002467,14.8,-13.833333333333334,0.0,-0.4649225740689272,0.3781995114267992,3,2023,1.9743525480367587,0.0779816513761468,-1,109
18,-3.6952111012975695,13.0,-12.65,0.0,0.0848561563949246,0.3781995114267992,3,2023,1.9743525480367587,0.0779816513761468,0,109
3,-0.1495612622847872,11.266666666666667,-8.025641025641026,1.0,1.3675027152142123,0.3781995114267992,3,2023,1.9743525480367587,0.0871559633027523,0,109
17,-3.409957217002467,11.666666666666666,-12.343283582089551,0.0,0.4221643079487566,0.3781995114267992,3,2023,1.9743525480367587,0.0779816513761468,0,109
16,-2.334414982171225,13.4,-10.727272727272728,0.0,1.0726569896238356,0.3781995114267992,3,2023,1.9743525480367587,0.0681818181818181,0,109
20,-3.6952111012975695,17.466666666666665,-16.4,0.0,-0.9850370553677456,0.3781995114267992,2,2023,1.9743525480367587,0.0779816513761468,0,109
1,3.6832270712738873,1.1333333333333333,-2.542553191489361,44.0,3.206789153914594,0.462188270868875,2,2023,1.349673202614379,0.0954545454545454,0,7
3,0.2705589619791183,4.2,-3.571428571428572,0.0,1.731574039041305,0.462188270868875,2,2023,1.349673202614379,0.0392156862745098,-1,7
4,4.310814511860015,3.866666666666666,-2.876190476190476,49.0,1.81765008149316,0.462188270868875,2,2023,1.349673202614379,0.0318181818181818,-1,7
11,3.297108873659406,7.533333333333333,-5.093333333333334,13.0,1.047923646429623,0.462188270868875,2,2023,1.349673202614379,0.059090909090909,-1,7
8,3.297108873659406,6.266666666666667,-5.422222222222223,13.0,1.1396899550512782,0.462188270868875,2,2023,1.349673202614379,0.059090909090909,3,7
12,3.6832270712738873,6.466666666666667,-4.644444444444445,44.0,1.2000544531866577,0.462188270868875,1,2023,1.349673202614379,0.0954545454545454,0,7
10,-3.7687651927953385,14.133333333333333,-12.80952380952381,0.0,0.0643159573283103,0.462188270868875,2,2023,1.349673202614379,0.0772727272727272,-1,7
6,-0.0771862270962729,7.8,-8.659090909090908,1.0,0.9426981872391854,0.462188270868875,2,2023,1.349673202614379,0.1078431372549019,0,7
13,0.2705589619791183,7.533333333333333,-10.534883720930232,0.0,-0.5403068403311113,0.462188270868875,2,2023,1.349673202614379,0.0392156862745098,3,7
15,-2.384551080861281,15.0,-11.08695652173913,0.0,0.9198542091997964,0.462188270868875,1,2023,1.349673202614379,0.0674157303370786,-1,7
9,-0.1958571086274636,12.8,-12.666666666666666,1.0,-1.0092087870829562,0.462188270868875,2,2023,1.349673202614379,0.0863636363636363,-1,7
17,-0.0771862270962729,9.266666666666667,-9.5,1.0,0.6346798154586354,0.462188270868875,3,2023,1.349673202614379,0.1078431372549019,-2,7
7,-0.1958571086274636,13.066666666666666,-8.139240506329115,1.0,1.2780638010198868,0.462188270868875,2,2023,1.349673202614379,0.0863636363636363,0,7
16,-0.8704807475790084,12.2,-12.195121951219512,1.0,-1.155408781839062,0.462188270868875,2,2023,1.349673202614379,0.0955882352941176,3,7
2,-3.4430256820441656,15.266666666666667,-14.0,0.0,-0.4899050692601961,0.462188270868875,2,2023,1.349673202614379,0.0772727272727272,3,7
20,-2.384551080861281,11.733333333333333,-12.826086956521738,0.0,-0.422020334208461,0.462188270868875,2,2023,1.349673202614379,0.0674157303370786,0,7
14,-3.4430256820441656,13.466666666666669,-12.426470588235292,0.0,0.3457381036108062,0.462188270868875,1,2023,1.349673202614379,0.0772727272727272,-1,7
18,-0.8704807475790084,14.266666666666667,-14.4,1.0,-0.9744251473229671,0.462188270868875,2,2023,1.349673202614379,0.0955882352941176,-1,7
1,3.663977689436675,1.0666666666666669,-2.526315789473684,45.0,3.271276854791059,0.2873411229342044,2,2023,1.5533989353317084,0.0945945945945946,0,678
2,3.332893306451728,6.6,-5.078947368421052,13.0,1.0621678285063336,0.2873411229342044,2,2023,1.5533989353317084,0.0585585585585585,0,678
15,3.663977689436675,6.6,-4.673913043478261,45.0,1.2041152131998132,0.2873411229342044,2,2023,1.5533989353317084,0.0945945945945946,0,678
4,-0.210324271892033,13.533333333333331,-8.2,1.0,1.2297768990421567,0.2873411229342044,2,2023,1.5533989353317084,0.0855855855855855,0,678
7,0.3986836127738737,3.6,-3.375,0.0,1.9183365854705048,0.2873411229342044,1,2023,1.5533989353317084,0.0384615384615384,0,678
3,3.332893306451728,5.6,-5.413043478260869,13.0,1.1449035787258754,0.2873411229342044,2,2023,1.5533989353317084,0.0585585585585585,0,678
11,4.325017174904249,4.466666666666667,-4.714285714285714,49.0,0.1498256179509016,0.2873411229342044,2,2023,1.5533989353317084,0.0315315315315315,0,678
5,4.325017174904249,3.533333333333333,-2.8773584905660377,49.0,1.8326396277356056,0.2873411229342044,2,2023,1.5533989353317084,0.0315315315315315,0,678
6,0.3986836127738737,8.2,-10.5,0.0,-0.5883665767049101,0.2873411229342044,2,2023,1.5533989353317084,0.0384615384615384,0,678
9,-0.1980296904424607,10.066666666666666,-9.857142857142858,1.0,0.6646899201068996,0.2873411229342044,2,2023,1.5533989353317084,0.1057692307692307,0,678
10,-3.684363491667777,12.066666666666666,-12.545454545454543,0.0,0.2072264192123891,0.2873411229342044,2,2023,1.5533989353317084,0.0765765765765765,0,678
17,-2.376203153754445,13.066666666666666,-12.958333333333334,0.0,-0.5291971481981836,0.2873411229342044,2,2023,1.5533989353317084,0.0666666666666666,0,678
18,-3.684363491667777,18.666666666666668,-17.0,0.0,-1.318331683090081,0.2873411229342044,2,2023,1.5533989353317084,0.0765765765765765,0,678
12,-0.1980296904424607,7.6,-8.644444444444444,1.0,1.0531636009699483,0.2873411229342044,2,2023,1.5533989353317084,0.1057692307692307,0,678
14,-2.376203153754445,13.533333333333331,-11.041666666666666,0.0,0.9482223143612284,0.2873411229342044,1,2023,1.5533989353317084,0.0666666666666666,0,678
13,-0.210324271892033,12.4,-12.428571428571429,1.0,-0.9959240895499782,0.2873411229342044,2,2023,1.5533989353317084,0.0855855855855855,0,678
20,-0.9538204390290438,15.466666666666669,-15.0,1.0,-1.320872441305234,0.2873411229342044,2,2023,1.5533989353317084,0.0942028985507246,0,678
19,-3.4732942599795065,14.866666666666667,-12.492753623188406,0.0,0.2880570200313172,0.2873411229342044,1,2023,1.5533989353317084,0.0765765765765765,0,678
16,-0.9538204390290438,13.0,-12.238095238095235,1.0,-1.1328819790422062,0.2873411229342044,2,2023,1.5533989353317084,0.0942028985507246,0,678
1,3.693344198342973,1.0,-2.5104166666666665,46.0,3.303047518982042,0.5456685607736975,2,2023,1.9336085311317508,0.09375,0,145
2,-0.231203913513809,10.533333333333331,-8.148148148148149,1.0,1.3552812404276835,0.5456685607736975,2,2023,1.9336085311317508,0.0848214285714285,0,145
7,4.349009775928234,4.8,-2.925233644859813,49.0,1.7696401066019298,0.5456685607736975,2,2023,1.9336085311317508,0.03125,0,145
3,-0.231203913513809,13.466666666666669,-12.875,1.0,-1.2506772884209945,0.5456685607736975,2,2023,1.9336085311317508,0.0848214285714285,0,145
6,4.349009775928234,5.2,-4.793103448275862,49.0,0.1033327130258738,0.5456685607736975,3,2023,1.9336085311317508,0.03125,0,145
15,3.693344198342973,5.666666666666667,-4.638297872340425,46.0,1.2428949371851752,0.5456685607736975,2,2023,1.9336085311317508,0.09375,0,145
9,0.4621426755884335,4.066666666666666,-3.555555555555556,0.0,2.028813333720685,0.5456685607736975,2,2023,1.9336085311317508,0.0377358490566037,0,145
8,-3.60733201995287,11.533333333333331,-12.478260869565217,0.0,0.2440996524548459,0.5456685607736975,2,2023,1.9336085311317508,0.0758928571428571,0,145
4,3.3605397932891443,5.2,-5.038961038961039,13.0,1.1254897486707924,0.5456685607736975,2,2023,1.9336085311317508,0.0580357142857142,0,145
5,3.3605397932891443,5.733333333333333,-5.425531914893617,13.0,1.145751897139069,0.5456685607736975,2,2023,1.9336085311317508,0.0580357142857142,0,145
14,-3.60733201995287,17.0,-16.428571428571427,0.0,-1.2315372806998215,0.5456685607736975,2,2023,1.9336085311317508,0.0758928571428571,0,145
15,-2.4000671582142656,13.8,-11.2,0.0,0.9059267993716796,0.5456685607736975,1,2023,1.9336085311317508,0.0659340659340659,5,145
11,-3.4784236505466994,15.533333333333331,-14.125,0.0,-0.5067014723796996,0.5456685607736975,1,2023,1.9336085311317508,0.0758928571428571,0,145
12,0.4621426755884335,8.666666666666666,-10.466666666666669,0.0,-0.5891076366104945,0.5456685607736975,2,2023,1.9336085311317508,0.0377358490566037,0,145
17,-2.4000671582142656,12.866666666666667,-12.92,0.0,-0.4697322743327867,0.5456685607736975,2,2023,1.9336085311317508,0.0659340659340659,0,145
16,-1.054851439726212,15.2,-12.395348837209305,1.0,-1.2066986090388216,0.5456685607736975,3,2023,1.9336085311317508,0.0928571428571428,0,145
18,-1.054851439726212,16.066666666666666,-15.285714285714286,1.0,-1.548407364634561,0.5456685607736975,3,2023,1.9336085311317508,0.0928571428571428,0,145
2,3.674255572440447,1.0,-2.4948453608247423,47.0,3.3444692963743923,0.3277606858318529,2,2023,2.068063824720172,0.0929203539823008,0,264
3,-0.1240072084254696,7.2,-8.073170731707316,1.0,1.376847822723364,0.3277606858318529,2,2023,2.068063824720172,0.084070796460177,0,264
9,3.674255572440447,5.6,-4.666666666666667,47.0,1.2268533495173084,0.3277606858318529,1,2023,2.068063824720172,0.0929203539823008,0,264
1,4.371687133261849,4.266666666666667,-2.925925925925926,49.0,1.7566268191431509,0.3277606858318529,2,2023,2.068063824720172,0.0309734513274336,0,264
4,-0.1240072084254696,10.2,-11.88888888888889,1.0,-0.919180212513826,0.3277606858318529,2,2023,2.068063824720172,0.084070796460177,0,264
18,4.371687133261849,5.066666666666666,-4.8,49.0,0.0635695234343073,0.3277606858318529,1,2023,2.068063824720172,0.0309734513274336,0,264
6,3.3095652850020603,6.2,-5.089743589743589,13.0,1.0968771908914636,0.3277606858318529,2,2023,2.068063824720172,0.0575221238938053,0,264
11,3.3095652850020603,7.133333333333334,-5.520833333333333,13.0,1.0709816804364969,0.3277606858318529,3,2023,2.068063824720172,0.0575221238938053,0,264
8,0.4266948442056771,5.133333333333334,-3.9,0.0,2.0398611147880032,0.3277606858318529,2,2023,2.068063824720172,0.037037037037037,0,264
14,0.4266948442056771,10.466666666666669,-10.543478260869565,0.0,-0.654143619203015,0.3277606858318529,3,2023,2.068063824720172,0.037037037037037,0,264
16,-3.5207437555722683,10.066666666666666,-12.291666666666666,0.0,0.3275266451165998,0.3277606858318529,2,2023,2.068063824720172,0.0752212389380531,0,264
7,-2.4243177731394723,13.266666666666667,-11.23076923076923,0.0,0.8884873545897464,0.3277606858318529,2,2023,2.068063824720172,0.0652173913043478,0,264
13,-1.1492047345272536,9.866666666666667,0.0,1.0,0.3978600023765519,0.3277606858318529,2,2023,2.068063824720172,0.0915492957746478,0,264
10,-3.4680491097686863,14.6,-14.0,0.0,-0.490567405079436,0.3277606858318529,2,2023,2.068063824720172,0.0752212389380531,0,264
17,-1.1492047345272536,15.8,-12.477272727272728,1.0,-1.231858228289504,0.3277606858318529,3,2023,2.068063824720172,0.0915492957746478,0,264
5,-2.4243177731394723,13.466666666666669,-13.0,0.0,-0.5293305009826661,0.3277606858318529,2,2023,2.068063824720172,0.0652173913043478,0,264
19,-3.4680491097686863,16.333333333333332,-12.571428571428571,0.0,0.1888235598321706,0.3277606858318529,2,2023,2.068063824720172,0.0752212389380531,0,264
1,3.6921057835717512,1.0,-2.479591836734694,48.0,3.3566392693532032,0.6055591089680175,3,2023,1.5466830065359478,0.0921052631578947,5,401
3,3.6921057835717512,4.266666666666667,-4.63265306122449,48.0,1.248352581313339,0.6055591089680175,3,2023,1.5466830065359478,0.0921052631578947,-1,401
2,3.2915706172843864,6.4,-5.113924050632911,13.0,1.0818319700148509,0.6055591089680175,3,2023,1.5466830065359478,0.0570175438596491,-1,401
4,4.3653226576047786,4.266666666666667,-2.9357798165137616,49.0,1.7553063328552083,0.6055591089680175,3,2023,1.5466830065359478,0.0307017543859649,-1,401
9,0.399518084043745,6.6,-4.363636363636363,0.0,1.9941954883209003,0.6055591089680175,2,2023,1.5466830065359478,0.0363636363636363,0,401
8,4.3653226576047786,5.466666666666667,-4.838709677419355,49.0,0.0465928167080652,0.6055591089680175,2,2023,1.5466830065359478,0.0307017543859649,0,401
7,-0.0081947958321163,4.866666666666666,-8.0,1.0,1.389374675890065,0.6055591089680175,2,2023,1.5466830065359478,0.0833333333333333,0,401
15,-0.2823017790690511,9.4,-8.76086956521739,1.0,1.0180390199457277,0.6055591089680175,3,2023,1.5466830065359478,0.1,-1,401
10,0.399518084043745,10.466666666666669,-10.53191489361702,0.0,-0.6384788860808671,0.6055591089680175,2,2023,1.5466830065359478,0.0363636363636363,0,401
11,-1.2201152438085237,15.733333333333333,-12.533333333333331,1.0,-1.2441897827591877,0.6055591089680175,2,2023,1.5466830065359478,0.0902777777777777,0,401
12,-0.2823017790690511,10.0,-9.875,1.0,0.8280359561214219,0.6055591089680175,3,2023,1.5466830065359478,0.1,0,401
14,-2.456569736869814,12.8,-11.25925925925926,0.0,0.8910565192461107,0.6055591089680175,3,2023,1.5466830065359478,0.064516129032258,-1,401
17,-2.456569736869814,14.466666666666669,-13.11111111111111,0.0,-0.6070448224803591,0.6055591089680175,3,2023,1.5466830065359478,0.064516129032258,0,401
16,-3.502020942740036,10.0,-12.24,0.0,0.3604021256021921,0.6055591089680175,3,2023,1.5466830065359478,0.0745614035087719,-1,401
13,-3.491080702681844,16.933333333333334,-12.633802816901408,0.0,0.1181381847278907,0.6055591089680175,3,2023,1.5466830065359478,0.0745614035087719,3,401
19,-1.2201152438085237,11.0,-13.0,1.0,0.2812918720569606,0.6055591089680175,3,2023,1.5466830065359478,0.0902777777777777,0,401
18,-3.502020942740036,14.866666666666667,-15.75,0.0,-1.0780172948675657,0.6055591089680175,3,2023,1.5466830065359478,0.0745614035087719,0,401
20,-3.491080702681844,14.266666666666667,-14.0,0.0,-0.5020927104762402,0.6055591089680175,2,2023,1.5466830065359478,0.0745614035087719,0,401
1,3.7338984676545,1.0,-2.4646464646464645,49.0,3.352513257929961,0.2845046675607427,3,2023,2.59640522875817,0.0913043478260869,0,3
5,0.4516056909408096,6.266666666666667,-4.416666666666667,0.0,2.0525076983418606,0.2845046675607427,3,2023,2.59640522875817,0.0357142857142857,0,3
12,-0.3291308786942946,10.533333333333331,-10.0,1.0,0.8504096441384944,0.2845046675607427,3,2023,2.59640522875817,0.0982142857142857,0,3
7,3.7338984676545,3.466666666666667,-4.58,49.0,1.2736439339136592,0.2845046675607427,3,2023,2.59640522875817,0.0913043478260869,0,3
6,3.323154955067354,7.533333333333333,-5.571428571428571,13.0,0.9805392265164942,0.2845046675607427,3,2023,2.59640522875817,0.0565217391304347,0,3
13,4.358272814807994,4.266666666666667,-2.9454545454545453,49.0,1.7596807242962795,0.2845046675607427,2,2023,2.59640522875817,0.0304347826086956,0,3
2,0.0568180319707557,4.666666666666667,-7.988095238095238,1.0,1.3618802576688174,0.2845046675607427,3,2023,2.59640522875817,0.0826086956521739,0,3
4,-3.52690153367122,11.133333333333333,-12.307692307692308,0.0,0.3438535170535267,0.2845046675607427,3,2023,2.59640522875817,0.0739130434782608,0,3
8,0.0568180319707557,8.266666666666667,-11.2,1.0,-0.7157760132751971,0.2845046675607427,3,2023,2.59640522875817,0.0826086956521739,0,3
17,-0.3291308786942946,9.266666666666667,-8.74468085106383,1.0,1.065088669261437,0.2845046675607427,3,2023,2.59640522875817,0.0982142857142857,-1,3
11,0.4516056909408096,10.266666666666667,-10.5,0.0,-0.6465686404580778,0.2845046675607427,3,2023,2.59640522875817,0.0357142857142857,0,3
15,-3.5558550791875088,15.333333333333334,-14.363636363636363,0.0,-0.6291292998379497,0.2845046675607427,3,2023,2.59640522875817,0.0739130434782608,-1,3
20,-1.3041219648645004,0.0,0.0,1.0,0.0,0.2845046675607427,3,2023,2.59640522875817,0.0890410958904109,-1,3
19,-2.4634946240840843,12.266666666666667,-11.285714285714286,0.0,0.8897728562838484,0.2845046675607427,3,2023,2.59640522875817,0.0638297872340425,-1,3
14,-1.3041219648645004,14.0,-12.478260869565217,1.0,-1.1248886925755754,0.2845046675607427,3,2023,2.59640522875817,0.0890410958904109,3,3
21,-3.5558550791875088,16.6,-12.666666666666666,0.0,0.1321523935789884,0.2845046675607427,3,2023,2.59640522875817,0.0739130434782608,0,3
3,4.358272814807994,5.733333333333333,-4.875,49.0,0.0510196872414865,0.2845046675607427,3,2023,2.59640522875817,0.0304347826086956,0,3
2,3.728372620137796,1.0,-2.45,50.0,3.3875313875037207,0.4490274481365265,2,2023,1.49578431372549,0.0905172413793103,0,162
5,3.728372620137796,3.466666666666667,-4.568627450980392,50.0,1.2886561348599566,0.4490274481365265,2,2023,1.49578431372549,0.0905172413793103,0,162
1,3.3421982688925165,6.933333333333334,-5.56,13.0,0.978442723545256,0.4490274481365265,2,2023,1.49578431372549,0.0603448275862069,0,162
3,3.3421982688925165,5.2,-5.0875,13.0,1.0890430330232506,0.4490274481365265,2,2023,1.49578431372549,0.0603448275862069,0,162
4,4.258165657356074,9.6,-5.242424242424242,49.0,-0.135854508015929,0.4490274481365265,2,2023,1.49578431372549,0.0301724137931034,0,162
8,4.258165657356074,4.8,-2.972972972972973,49.0,1.8145279668382333,0.4490274481365265,1,2023,1.49578431372549,0.0301724137931034,0,162
6,-3.4270367692857,10.4,-12.148148148148149,0.0,0.4112601336616464,0.4490274481365265,2,2023,1.49578431372549,0.0732758620689655,0,162
9,0.0710373493067003,5.133333333333334,-7.976470588235294,1.0,1.376075571161169,0.4490274481365265,2,2023,1.49578431372549,0.0818965517241379,0,162
10,0.5430567376257623,5.066666666666666,-4.230769230769231,0.0,2.111939944162485,0.4490274481365265,2,2023,1.49578431372549,0.0350877192982456,0,162
14,-2.514357668240747,12.866666666666667,-11.379310344827584,0.0,0.9155435376158828,0.4490274481365265,1,2023,1.49578431372549,0.0631578947368421,0,162
12,-1.4242531919177537,13.0,-13.0,1.0,-0.1582127465213191,0.4490274481365265,2,2023,1.49578431372549,0.0878378378378378,0,162
7,0.0710373493067003,8.0,-11.0,1.0,-0.6506162524173579,0.4490274481365265,2,2023,1.49578431372549,0.0818965517241379,0,162
15,-3.4270367692857,15.066666666666666,-15.88888888888889,0.0,-1.2469842158479167,0.4490274481365265,2,2023,1.49578431372549,0.0732758620689655,0,162
16,-2.514357668240747,14.266666666666667,-13.107142857142858,0.0,-0.5648624406580158,0.4490274481365265,2,2023,1.49578431372549,0.0631578947368421,0,162
17,-0.2732428697511093,8.2,-9.3,1.0,1.0166131604729327,0.4490274481365265,2,2023,1.49578431372549,0.0964912280701754,0,162
20,0.5430567376257623,10.533333333333331,-10.510204081632653,0.0,-0.7245706802504549,0.4490274481365265,2,2023,1.49578431372549,0.0350877192982456,0,162
13,-3.536518653675607,14.333333333333334,-14.166666666666666,0.0,-0.5769986822648557,0.4490274481365265,2,2023,1.49578431372549,0.0732758620689655,0,162
19,-3.536518653675607,16.266666666666666,-12.712328767123289,0.0,0.0613654935035315,0.4490274481365265,1,2023,1.49578431372549,0.0732758620689655,0,162
1,3.360022425105431,5.666666666666667,-5.509803921568627,13.0,1.018502760977263,0.6994627158573958,2,2023,1.424590888987174,0.0598290598290598,0,0
4,0.0579329134539905,6.333333333333333,-7.976744186046512,1.0,1.4017615321695291,0.6994627158573958,2,2023,1.424590888987174,0.0811965811965812,0,0
5,4.269063564190197,5.133333333333334,-3.0,49.0,1.7819114475217055,0.6994627158573958,2,2023,1.424590888987174,0.0299145299145299,0,0
3,3.360022425105431,4.866666666666666,-5.074074074074074,13.0,1.1071013959087217,0.6994627158573958,3,2023,1.424590888987174,0.0598290598290598,0,0
11,3.752916328115556,1.0,-2.435643564356436,51.0,3.402443622591428,0.6994627158573958,1,2023,1.424590888987174,0.0897435897435897,0,0
12,-0.3643825465435054,10.133333333333333,-9.818181818181818,1.0,0.9060779532280524,0.6994627158573958,2,2023,1.424590888987174,0.0948275862068965,0,0
17,0.0579329134539905,9.0,-11.083333333333334,1.0,-0.7097413129773604,0.6994627158573958,2,2023,1.424590888987174,0.0811965811965812,0,0
13,3.752916328115556,2.933333333333333,-4.519230769230769,51.0,1.3246452800440494,0.6994627158573958,1,2023,1.424590888987174,0.0897435897435897,0,0
10,-1.35413649103064,11.88888888888889,-12.0,1.0,-0.1346705241557348,0.6994627158573958,2,2023,1.424590888987174,0.0866666666666666,0,0
6,-3.5951902217916176,16.733333333333334,-12.783783783783784,0.0,0.0172715091616117,0.6994627158573958,2,2023,1.424590888987174,0.0726495726495726,0,0
14,-3.3566192462407427,9.266666666666667,-11.964285714285714,0.0,0.5028424331838057,0.6994627158573958,2,2023,1.424590888987174,0.0726495726495726,0,0
19,-2.493810076203765,14.133333333333333,-13.137931034482758,0.0,-0.6030914931493713,0.6994627158573958,3,2023,1.424590888987174,0.0625,0,0
9,-3.5951902217916176,15.2,-14.384615384615383,0.0,-0.6347894532965156,0.6994627158573958,2,2023,1.424590888987174,0.0726495726495726,0,0
18,-3.3566192462407427,14.133333333333333,-15.6,0.0,-1.2016838392637623,0.6994627158573958,2,2023,1.424590888987174,0.0726495726495726,0,0
7,0.4676048549364203,6.2,-4.571428571428571,0.0,2.148848382358445,0.6994627158573958,2,2023,1.424590888987174,0.0344827586206896,0,0
1,3.7009216507453297,2.333333333333333,-2.4607843137254903,51.0,3.3935543722824684,0.4856154678929296,2,2023,1.7189542483660132,0.0889830508474576,0,44
3,0.0931611136378502,5.266666666666667,-7.908045977011494,1.0,1.4553282973622248,0.4856154678929296,2,2023,1.7189542483660132,0.0805084745762711,0,44
2,0.0931611136378502,8.266666666666667,-10.76923076923077,1.0,-0.5896423224694055,0.4856154678929296,2,2023,1.7189542483660132,0.0805084745762711,0,44
4,3.3826309455331627,4.533333333333333,-5.060975609756097,14.0,1.0941927341951247,0.4856154678929296,2,2023,1.7189542483660132,0.059322033898305,0,44
7,4.261505015065667,4.6,-3.0,49.0,1.7816976230967054,0.4856154678929296,2,2023,1.7189542483660132,0.0296610169491525,0,44
6,3.3826309455331627,3.866666666666666,-5.423076923076923,14.0,1.050734461748677,0.4856154678929296,2,2023,1.7189542483660132,0.059322033898305,0,44
8,4.261505015065667,8.533333333333333,-5.235294117647059,49.0,-0.1568730549278382,0.4856154678929296,2,2023,1.7189542483660132,0.0296610169491525,0,44
10,0.3665029894636229,9.066666666666666,-5.266666666666667,0.0,1.954191595951725,0.4856154678929296,3,2023,1.7189542483660132,0.0338983050847457,0,44
14,-0.2458715518334787,9.866666666666667,-8.770833333333334,1.0,0.9883406778086156,0.4856154678929296,2,2023,1.7189542483660132,0.0932203389830508,0,44
12,-0.2458715518334787,8.733333333333333,-9.5,1.0,0.920925901307918,0.4856154678929296,2,2023,1.7189542483660132,0.0932203389830508,0,44
11,-1.3483510620057328,10.666666666666666,-11.0,1.0,0.0380832208182239,0.4856154678929296,3,2023,1.7189542483660132,0.0855263157894736,0,44
9,-1.3483510620057328,14.066666666666666,-12.53191489361702,1.0,-1.1555885488291853,0.4856154678929296,3,2023,1.7189542483660132,0.0855263157894736,0,44
19,-2.499826134341608,13.466666666666669,-13.1,0.0,-0.5875927119311543,0.4856154678929296,3,2023,1.7189542483660132,0.0618556701030927,0,44
18,-3.580981450020633,14.6,-14.285714285714286,0.0,-0.620024264704948,0.4856154678929296,3,2023,1.7189542483660132,0.0720338983050847,0,44
15,-3.580981450020633,14.466666666666669,-12.746666666666666,0.0,0.0591139416030709,0.4856154678929296,2,2023,1.7189542483660132,0.0720338983050847,0,44
1,3.703556215932958,2.066666666666667,-2.4466019417475726,52.0,3.405393592602284,0.535016018935178,2,2023,1.5555555555555556,0.088235294117647,0,20
6,0.1670430324828933,6.8,-10.214285714285714,1.0,-0.3359266364590473,0.535016018935178,2,2023,1.5555555555555556,0.0798319327731092,0,20
10,0.1670430324828933,4.2,-7.840909090909091,1.0,1.4788151170807762,0.535016018935178,2,2023,1.5555555555555556,0.0798319327731092,0,20
2,4.235706084972281,8.266666666666667,-5.285714285714286,49.0,-0.1759852438991173,0.535016018935178,2,2023,1.5555555555555556,0.0294117647058823,0,20
5,3.386158252872036,4.066666666666666,-5.048192771084337,14.0,1.1014030124478298,0.535016018935178,2,2023,1.5555555555555556,0.0588235294117647,0,20
4,0.3549727505934698,9.066666666666666,-5.4375,0.0,1.9376301393763045,0.535016018935178,2,2023,1.5555555555555556,0.0333333333333333,0,20
8,-0.2572289643025522,9.666666666666666,-8.775510204081632,1.0,0.985094760820614,0.535016018935178,2,2023,1.5555555555555556,0.0916666666666666,0,20
9,-2.5130303141244927,11.866666666666667,-11.333333333333334,0.0,0.9264542920027536,0.535016018935178,3,2023,1.5555555555555556,0.0612244897959183,0,20
20,-2.5130303141244927,13.133333333333333,-13.096774193548388,0.0,-0.5904348991714491,0.535016018935178,2,2023,1.5555555555555556,0.0612244897959183,-1,20
13,3.703556215932958,4.466666666666667,-4.584905660377358,52.0,1.278966537757067,0.535016018935178,1,2023,1.5555555555555556,0.088235294117647,7,20
17,0.3549727505934698,12.333333333333334,-10.62,0.0,-0.7322459184455804,0.535016018935178,2,2023,1.5555555555555556,0.0333333333333333,-1,20
7,-0.2572289643025522,9.066666666666666,-9.538461538461538,1.0,0.8951769253159015,0.535016018935178,2,2023,1.5555555555555556,0.0916666666666666,0,20
14,-3.364911155733012,9.733333333333333,-11.93103448275862,0.0,0.5259916996747009,0.535016018935178,2,2023,1.5555555555555556,0.0714285714285714,-1,20
19,-3.5968818653121835,14.4,-12.776315789473683,0.0,0.0275598735700495,0.535016018935178,3,2023,1.5555555555555556,0.0714285714285714,-1,20
11,-1.3426462311116494,13.066666666666666,-12.520833333333334,1.0,-1.16387865029472,0.535016018935178,2,2023,1.5555555555555556,0.0844155844155844,0,20
15,-3.5968818653121835,14.333333333333334,-14.266666666666667,0.0,-0.6245847303502919,0.535016018935178,2,2023,1.5555555555555556,0.0714285714285714,-1,20
18,-1.3426462311116494,10.714285714285714,-11.0,1.0,0.0419351227038954,0.535016018935178,3,2023,1.5555555555555556,0.0844155844155844,-1,20
6,3.672572239629876,1.8,-2.4326923076923075,53.0,3.455131756207054,0.5457290266116687,2,2023,1.8093487394957983,0.0875,0,150
2,0.2398892605695922,3.466666666666667,-7.786516853932584,1.0,1.4940158486244812,0.5457290266116687,2,2023,1.8093487394957983,0.0791666666666666,0,150
4,3.402092319968745,4.066666666666666,-5.433962264150943,14.0,0.9890724778415396,0.5457290266116687,2,2023,1.8093487394957983,0.0583333333333333,0,150
9,3.672572239629876,6.533333333333333,-4.685185185185185,53.0,1.2127334533174463,0.5457290266116687,2,2023,1.8093487394957983,0.0875,0,150
5,4.234458956948075,6.866666666666666,-5.25,49.0,-0.1432706276411471,0.5457290266116687,2,2023,1.8093487394957983,0.0291666666666666,0,150
7,-0.3108040315944832,10.066666666666666,-9.714285714285714,1.0,0.897629134096307,0.5457290266116687,2,2023,1.8093487394957983,0.0901639344262295,0,150
19,0.3694389848316217,12.0,-10.627450980392156,0.0,-0.7599033054808995,0.5457290266116687,1,2023,1.8093487394957983,0.0327868852459016,1,150
11,-1.4177807604937367,13.533333333333331,-12.571428571428571,1.0,-1.1639027020849892,0.5457290266116687,2,2023,1.8093487394957983,0.0833333333333333,0,150
18,-3.3797416235978,10.666666666666666,-11.966666666666669,0.0,0.531579315692004,0.5457290266116687,2,2023,1.8093487394957983,0.0708333333333333,-3,150
20,-3.3797416235978,13.866666666666667,-15.454545454545457,0.0,-1.1901032280759472,0.5457290266116687,2,2023,1.8093487394957983,0.0708333333333333,-4,150
16,-3.6237787827058057,14.733333333333333,-14.375,0.0,-0.671341961539378,0.5457290266116687,1,2023,1.8093487394957983,0.0708333333333333,2,150
13,-2.4533681546245503,10.533333333333331,-11.225806451612904,0.0,0.9522498865672636,0.5457290266116687,2,2023,1.8093487394957983,0.0606060606060606,0,150
12,-2.4533681546245503,11.6,-12.96875,0.0,-0.5326139801393607,0.5457290266116687,2,2023,1.8093487394957983,0.0606060606060606,0,150
14,-3.6237787827058057,14.133333333333333,-12.792207792207792,0.0,0.0357372351044079,0.5457290266116687,2,2023,1.8093487394957983,0.0708333333333333,3,150
15,-1.4177807604937367,12.6,-14.5,1.0,0.03209995448408,0.5457290266116687,2,2023,1.8093487394957983,0.0833333333333333,-1,150
3,3.6621169975204655,1.5333333333333334,-2.419047619047619,54.0,3.4691035917570807,0.5630655453153867,2,2023,1.3784722222222223,0.0867768595041322,0,2285
6,4.243675250627739,4.733333333333333,-3.017543859649123,49.0,1.7465828927665925,0.5630655453153867,2,2023,1.3784722222222223,0.0289256198347107,0,2285
1,3.420039782893226,4.266666666666667,-5.047619047619048,14.0,1.05886435498217,0.5630655453153867,2,2023,1.3784722222222223,0.0578512396694214,0,2285
2,3.420039782893226,3.533333333333333,-5.388888888888889,14.0,0.9889159385118726,0.5630655453153867,2,2023,1.3784722222222223,0.0578512396694214,0,2285
19,0.2753198057147755,2.6666666666666665,-7.722222222222222,1.0,1.5362161212853715,0.5630655453153867,3,2023,1.3784722222222223,0.0785123966942148,-2,2285
8,4.243675250627739,5.933333333333334,-5.243243243243243,49.0,-0.1688306242285669,0.5630655453153867,2,2023,1.3784722222222223,0.0289256198347107,0,2285
4,-1.5111534648296567,13.533333333333331,-14.666666666666666,1.0,-0.0700560243647407,0.5630655453153867,2,2023,1.3784722222222223,0.0822784810126582,0,2285
7,0.2753198057147755,5.066666666666666,-9.666666666666666,1.0,-0.0963689659625672,0.5630655453153867,2,2023,1.3784722222222223,0.0785123966942148,0,2285
14,-3.338261879004253,10.133333333333333,-11.870967741935484,0.0,0.569276581380459,0.5630655453153867,1,2023,1.3784722222222223,0.0702479338842975,0,2285
16,-0.2749666555292986,8.733333333333333,-8.74,1.0,1.0117175848186784,0.5630655453153867,1,2023,1.3784722222222223,0.0887096774193548,-1,2285
11,-0.2749666555292986,9.0,-9.466666666666669,1.0,0.9679210027155432,0.5630655453153867,2,2023,1.3784722222222223,0.0887096774193548,0,2285
15,-1.5111534648296567,11.733333333333333,-12.48,1.0,-1.016717899893504,0.5630655453153867,2,2023,1.3784722222222223,0.0822784810126582,3,2285
12,-3.603544779065512,13.6,-14.176470588235292,0.0,-0.6174824369010957,0.5630655453153867,2,2023,1.3784722222222223,0.0702479338842975,0,2285
10,-2.470543647262605,11.866666666666667,-12.969696969696969,0.0,-0.5420858193495102,0.5630655453153867,2,2023,1.3784722222222223,0.06,0,2285
9,-2.470543647262605,10.8,-11.25,0.0,0.9259698894240366,0.5630655453153867,2,2023,1.3784722222222223,0.06,0,2285
1,3.6519062801447633,1.2666666666666666,-2.4056603773584904,55.0,3.496298277412063,0.4064689507074358,3,2023,2.542994281045752,0.0860655737704918,0,785
7,0.2478880469417456,3.2,-7.6923076923076925,1.0,1.5985155876558543,0.4064689507074358,3,2023,2.542994281045752,0.0778688524590164,-1,785
4,0.3878666054212425,8.466666666666667,-5.470588235294118,0.0,1.946268953333793,0.4064689507074358,3,2023,2.542994281045752,0.0317460317460317,0,785
9,3.6519062801447633,6.133333333333334,-4.672727272727273,55.0,1.219911858783124,0.4064689507074358,3,2023,2.542994281045752,0.0860655737704918,0,785
3,0.3878666054212425,10.533333333333331,-10.557692307692308,0.0,-0.7450615419738791,0.4064689507074358,3,2023,2.542994281045752,0.0317460317460317,0,785
8,3.42831666647891,3.6666666666666665,-5.363636363636363,14.0,1.0062536266222,0.4064689507074358,3,2023,2.542994281045752,0.0573770491803278,-1,785
13,-0.304063112282236,9.4,-9.5625,1.0,0.8981274890672372,0.4064689507074358,3,2023,2.542994281045752,0.0873015873015873,2,785
5,4.269367796424594,3.8,-3.008695652173913,49.0,1.74411235305538,0.4064689507074358,3,2023,2.542994281045752,0.0286885245901639,0,785
16,-1.4201010445356852,11.733333333333333,-12.470588235294118,1.0,-1.0877853129350727,0.4064689507074358,3,2023,2.542994281045752,0.08125,0,785
12,-0.304063112282236,8.866666666666667,-8.764705882352942,1.0,1.0131568072167627,0.4064689507074358,3,2023,2.542994281045752,0.0873015873015873,2,785
19,-3.3098258522500115,12.666666666666666,-15.0,0.0,-1.0452145673334563,0.4064689507074358,2,2023,2.542994281045752,0.0696721311475409,0,785
11,-3.599310364753641,13.2,-14.11111111111111,0.0,-0.5893574709918327,0.4064689507074358,3,2023,2.542994281045752,0.0696721311475409,0,785
17,-1.4201010445356852,11.866666666666667,-12.75,1.0,0.0198732544998976,0.4064689507074358,3,2023,2.542994281045752,0.08125,0,785
10,0.2478880469417456,5.533333333333333,-9.5625,1.0,-0.0215432830586085,0.4064689507074358,3,2023,2.542994281045752,0.0778688524590164,0,785
3,3.656014900732195,1.0,-2.392523364485981,56.0,3.505963532133017,0.6308099783300692,2,2023,1.8930164308732231,0.0853658536585365,-1,620
1,3.43123107596476,3.933333333333333,-5.023529411764706,14.0,1.0708893350102175,0.6308099783300692,2,2023,1.8930164308732231,0.056910569105691,0,620
12,3.656014900732195,5.6,-4.660714285714286,56.0,1.223568736268517,0.6308099783300692,2,2023,1.8930164308732231,0.0853658536585365,-1,620
17,-0.3127160058769622,9.266666666666667,-8.788461538461538,1.0,0.9936147508074314,0.6308099783300692,2,2023,1.8930164308732231,0.0859375,-1,620
14,0.4776742118364652,8.6,-10.452830188679243,0.0,-0.7293833301976099,0.6308099783300692,3,2023,1.8930164308732231,0.03125,5,620
2,3.43123107596476,4.533333333333333,-5.375,14.0,0.9861743999315742,0.6308099783300692,2,2023,1.8930164308732231,0.056910569105691,10,620
11,4.2536769684378015,5.0,-3.0517241379310347,49.0,1.6896862295182913,0.6308099783300692,1,2023,1.8930164308732231,0.0284552845528455,-1,620
4,4.2536769684378015,5.4,-5.2631578947368425,49.0,-0.2065659791812767,0.6308099783300692,2,2023,1.8930164308732231,0.0284552845528455,-1,620
10,0.4776742118364652,6.8,-5.333333333333333,0.0,1.9930948267479551,0.6308099783300692,2,2023,1.8930164308732231,0.03125,-1,620
19,0.2414015608092898,8.066666666666666,-9.823529411764708,1.0,-0.1896168008151926,0.6308099783300692,1,2023,1.8930164308732231,0.0772357723577235,-1,620
5,-0.3127160058769622,8.733333333333333,-9.411764705882351,1.0,0.9464429004234512,0.6308099783300692,2,2023,1.8930164308732231,0.0859375,-1,620
6,-3.297986503812617,9.933333333333334,-11.78125,0.0,0.6043786595116853,0.6308099783300692,2,2023,1.8930164308732231,0.0691056910569105,-1,620
9,-3.584073200458077,13.933333333333334,-12.807692307692308,0.0,-0.0410914985070437,0.6308099783300692,2,2023,1.8930164308732231,0.0691056910569105,-1,620
15,-1.46646465271221,12.2,-12.8,1.0,-0.0151248779315273,0.6308099783300692,2,2023,1.8930164308732231,0.0802469135802469,-1,620
18,-2.5227819397068707,12.466666666666669,-13.0,0.0,-0.5458323795299611,0.6308099783300692,1,2023,1.8930164308732231,0.0588235294117647,-1,620
7,-3.297986503812617,12.0,-14.692307692307692,0.0,-0.9223210320977472,0.6308099783300692,2,2023,1.8930164308732231,0.0691056910569105,-1,620
8,-2.5227819397068707,12.066666666666666,-11.363636363636363,0.0,0.8751393055522593,0.6308099783300692,2,2023,1.8930164308732231,0.0588235294117647,-1,620
1,3.6765769211264905,1.0,-2.3796296296296298,57.0,3.5163443976675133,0.3998882959605879,2,2023,1.3542886628335544,0.0846774193548387,0,3
2,3.446334585602129,3.2666666666666666,-4.988372093023256,14.0,1.1140874557833258,0.3998882959605879,2,2023,1.3542886628335544,0.0564516129032258,0,3
4,4.255021203400941,6.266666666666667,-5.333333333333333,49.0,-0.238391874943927,0.3998882959605879,2,2023,1.3542886628335544,0.0282258064516129,0,3
9,3.6765769211264905,4.733333333333333,-4.631578947368421,57.0,1.2489302692269113,0.3998882959605879,2,2023,1.3542886628335544,0.0846774193548387,0,3
5,0.2734915808663695,2.933333333333333,-7.630434782608695,1.0,1.6593168925088484,0.3998882959605879,2,2023,1.3542886628335544,0.0766129032258064,0,3
3,0.2734915808663695,9.133333333333333,-9.833333333333334,1.0,-0.2162154689372046,0.3998882959605879,2,2023,1.3542886628335544,0.0766129032258064,0,3
7,0.4976608042160531,7.066666666666666,-5.526315789473684,0.0,1.9493042196888968,0.3998882959605879,2,2023,1.3542886628335544,0.0307692307692307,0,3
6,-1.4877721359593448,10.6,-12.403846153846152,1.0,-0.9717577407420664,0.3998882959605879,2,2023,1.3542886628335544,0.0792682926829268,0,3
11,4.255021203400941,5.733333333333333,-3.0854700854700856,49.0,1.6510405438812157,0.3998882959605879,2,2023,1.3542886628335544,0.0282258064516129,0,3
13,0.4976608042160531,6.933333333333334,-10.351851851851851,0.0,-0.6554295679845146,0.3998882959605879,1,2023,1.3542886628335544,0.0307692307692307,0,3
15,-1.4877721359593448,12.6,-13.0,1.0,-0.0748596959004642,0.3998882959605879,2,2023,1.3542886628335544,0.0792682926829268,0,3
12,-0.2896623823903568,7.533333333333333,-8.69811320754717,1.0,1.0697898036728462,0.3998882959605879,2,2023,1.3542886628335544,0.0846153846153846,0,3
10,-0.2896623823903568,9.333333333333334,-9.5,1.0,0.9261440433628896,0.3998882959605879,2,2023,1.3542886628335544,0.0846153846153846,0,3
14,-3.2965480031161127,10.666666666666666,-11.787878787878787,0.0,0.6137777716272926,0.3998882959605879,2,2023,1.3542886628335544,0.0685483870967741,0,3
8,-3.576732411499898,12.733333333333333,-14.0,0.0,-0.5613735369532441,0.3998882959605879,2,2023,1.3542886628335544,0.0685483870967741,0,3
20,-3.2965480031161127,13.0,-14.785714285714286,0.0,-1.0034344293274178,0.3998882959605879,2,2023,1.3542886628335544,0.0685483870967741,0,3
19,-2.589685443806663,13.4,-13.057142857142855,0.0,-0.5436699071916794,0.3998882959605879,2,2023,1.3542886628335544,0.058252427184466,0,3
18,-2.589685443806663,13.8,-11.529411764705882,0.0,0.8268524383658755,0.3998882959605879,1,2023,1.3542886628335544,0.058252427184466,0,3
17,-3.576732411499898,13.533333333333331,-12.810126582278482,0.0,-0.0343405443019343,0.3998882959605879,2,2023,1.3542886628335544,0.0685483870967741,0,3
1,3.679241761354218,1.0,-2.36697247706422,58.0,3.3358690161054474,0.5149071748575729,3,2024,2.4424019607843137,0.084,0,7
5,3.679241761354218,4.133333333333334,-4.620689655172414,58.0,1.1638532465930398,0.5149071748575729,3,2024,2.4424019607843137,0.084,0,7
4,3.314062082354514,5.2,-5.385964912280702,14.0,0.954580104431036,0.5149071748575729,3,2024,2.4424019607843137,0.056,0,7
2,3.314062082354514,2.7333333333333334,-4.954022988505747,14.0,1.1598385124494195,0.5149071748575729,3,2024,2.4424019607843137,0.056,0,7
3,4.129290314701509,5.266666666666667,-5.275,49.0,-0.1596586947071041,0.5149071748575729,3,2024,2.4424019607843137,0.028,0,7
7,0.3121781628276513,3.6666666666666665,-7.602150537634409,1.0,1.5469686007872252,0.5149071748575729,3,2024,2.4424019607843137,0.076,0,7
9,4.129290314701509,7.066666666666666,-3.135593220338983,49.0,1.5746382927123488,0.5149071748575729,3,2024,2.4424019607843137,0.028,0,7
8,0.3121781628276513,8.666666666666666,-9.63157894736842,1.0,-0.1342057217020515,0.5149071748575729,3,2024,2.4424019607843137,0.076,0,7
6,0.4386403503628951,6.666666666666667,-5.6,0.0,1.806833600423562,0.5149071748575729,3,2024,2.4424019607843137,0.0303030303030303,0,7
12,0.4386403503628951,7.333333333333333,-10.345454545454546,0.0,-0.6221686502933592,0.5149071748575729,3,2024,2.4424019607843137,0.0303030303030303,0,7
17,-0.6157098462636477,14.8,0.0,0.0,-0.6178056895728078,0.5149071748575729,3,2024,2.4424019607843137,0.119047619047619,0,7
15,-3.5480833609009994,15.8,-12.9,0.0,-0.2103933490631763,0.5149071748575729,3,2024,2.4424019607843137,0.068,0,7
14,0.0,11.933333333333334,0.0,0.0,-0.1219029325111759,0.5149071748575729,3,2024,2.4424019607843137,0.0,0,7
11,0.0,9.533333333333331,0.0,0.0,-0.9260036578679164,0.5149071748575729,3,2024,2.4424019607843137,0.0,0,7
13,-3.316008250668114,11.733333333333333,-11.852941176470589,0.0,0.5084186620360619,0.5149071748575729,3,2024,2.4424019607843137,0.068,0,7
10,-3.5480833609009994,13.333333333333334,-14.05,0.0,-0.5801203275325689,0.5149071748575729,3,2024,2.4424019607843137,0.068,0,7
19,-0.2534448384806264,8.866666666666667,-8.75925925925926,1.0,0.8990068234004528,0.5149071748575729,3,2024,2.4424019607843137,0.0833333333333333,0,7
20,-0.2534448384806264,10.533333333333331,-9.68421052631579,1.0,0.735264949875534,0.5149071748575729,3,2024,2.4424019607843137,0.0833333333333333,0,7
16,-0.6157098462636477,16.0,0.0,0.0,0.6977995289813953,0.5149071748575729,3,2024,2.4424019607843137,0.119047619047619,0,7
18,-3.316008250668114,14.066666666666666,-14.866666666666667,0.0,-0.9713442316214762,0.5149071748575729,3,2024,2.4424019607843137,0.068,0,7
1,3.793820265488421,1.0,-2.3545454545454545,59.0,3.3625193388074823,0.9174181464389376,2,2024,1.655270655270655,0.0833333333333333,0,15
3,3.793820265488421,3.1333333333333333,-4.576271186440678,59.0,1.2303015794681986,0.9174181464389376,2,2024,1.655270655270655,0.0833333333333333,0,15
2,3.389971830884851,3.0,-4.943181818181818,14.0,1.2406416662301187,0.9174181464389376,2,2024,1.655270655270655,0.0555555555555555,0,15
5,0.428164669102413,8.666666666666666,-9.55,1.0,-0.0760870821911284,0.9174181464389376,2,2024,1.655270655270655,0.0753968253968253,0,15
4,0.4518906531356636,7.466666666666667,-5.761904761904762,0.0,1.896645739609588,0.9174181464389376,2,2024,1.655270655270655,0.0298507462686567,0,15
7,4.280547612148862,5.2,-5.2682926829268295,49.0,-0.1380325272321652,0.9174181464389376,2,2024,1.655270655270655,0.0277777777777777,0,15
11,3.389971830884851,0.0,0.0,14.0,0.0,0.9174181464389376,3,2024,1.655270655270655,0.0555555555555555,0,15
6,0.428164669102413,4.533333333333333,-7.585106382978723,1.0,1.5766704313914044,0.9174181464389376,2,2024,1.655270655270655,0.0753968253968253,0,15
8,4.280547612148862,7.333333333333333,-3.168067226890756,49.0,1.4914428232031245,0.9174181464389376,2,2024,1.655270655270655,0.0277777777777777,0,15
15,-3.4851544603472293,14.2,-14.142857142857142,0.0,-0.6122262101562305,0.9174181464389376,2,2024,1.655270655270655,0.0674603174603174,0,15
12,-3.2998333776730275,12.933333333333334,-11.942857142857145,0.0,0.5034845725683056,0.9174181464389376,2,2024,1.655270655270655,0.0674603174603174,0,15
13,-3.4851544603472293,14.733333333333333,-12.88888888888889,0.0,-0.1393043793926662,0.9174181464389376,2,2024,1.655270655270655,0.0674603174603174,0,15
17,-0.3758013708211266,11.666666666666666,-8.909090909090908,1.0,0.8933816007437824,0.9174181464389376,2,2024,1.655270655270655,0.0820895522388059,0,15
19,-3.2998333776730275,16.266666666666666,-15.1875,0.0,-1.1885443337695047,0.9174181464389376,2,2024,1.655270655270655,0.0674603174603174,0,15
9,-0.5094471845817966,10.733333333333333,-14.0,0.0,-1.0434858230396014,0.9174181464389376,2,2024,1.655270655270655,0.0,0,15
14,-0.5094471845817966,12.266666666666667,-13.0,0.0,-0.183183143236604,0.9174181464389376,2,2024,1.655270655270655,0.0,0,15
16,-1.1230945818930351,17.6,-19.0,0.0,0.5003121405988281,0.9174181464389376,3,2024,1.655270655270655,0.1136363636363636,0,15
20,-1.1230945818930351,13.933333333333334,-11.0,0.0,-0.6385552247274886,0.9174181464389376,2,2024,1.655270655270655,0.1136363636363636,0,15
2,3.440127429152035,4.533333333333333,-5.344827586206897,14.0,1.0437939207598028,0.4490508193377452,2,2024,1.8612745098039216,0.0551181102362204,0,13
5,3.440127429152035,2.933333333333333,-4.921348314606742,14.0,1.3519108713264454,0.4490508193377452,2,2024,1.8612745098039216,0.0551181102362204,-1,13
4,0.5725871587469701,5.866666666666666,-7.589473684210526,1.0,1.535077373191125,0.4490508193377452,2,2024,1.8612745098039216,0.0748031496062992,-1,13
6,0.5725871587469701,6.933333333333334,-9.285714285714286,1.0,0.1038001226617151,0.4490508193377452,2,2024,1.8612745098039216,0.0748031496062992,-1,13
3,3.886547277358064,2.6666666666666665,-4.533333333333333,60.0,1.2958778635195474,0.4490508193377452,2,2024,1.8612745098039216,0.0826771653543307,3,13
9,0.5376394803594844,8.133333333333333,-10.339285714285714,0.0,-0.5300224065899349,0.4490508193377452,2,2024,1.8612745098039216,0.0294117647058823,0,13
8,-1.1099995928106108,12.333333333333334,-14.5,0.0,-1.1033152167958291,0.4490508193377452,2,2024,1.8612745098039216,0.0,0,13
10,0.5376394803594844,6.866666666666666,-5.727272727272728,0.0,1.9810980080293703,0.4490508193377452,1,2024,1.8612745098039216,0.0294117647058823,0,13
16,-3.3574840637419165,13.066666666666666,-13.954545454545457,0.0,-0.5092987038500026,0.4490508193377452,1,2024,1.8612745098039216,0.0669291338582677,0,13
14,-3.3574840637419165,13.866666666666667,-12.878048780487806,0.0,-0.130068228676976,0.4490508193377452,2,2024,1.8612745098039216,0.0669291338582677,0,13
12,-3.202422158486005,12.666666666666666,-11.916666666666666,0.0,0.5443297110950547,0.4490508193377452,2,2024,1.8612745098039216,0.0669291338582677,0,13
18,-1.1099995928106108,13.733333333333333,-14.5,0.0,-0.284636483854102,0.4490508193377452,3,2024,1.8612745098039216,0.0,0,13
17,-0.3569008370336644,13.333333333333334,-10.1,1.0,0.6353928769934979,0.4490508193377452,2,2024,1.8612745098039216,0.0808823529411764,0,13
13,-1.7384443205607705,17.8,-18.0,0.0,0.3610159929354899,0.4490508193377452,2,2024,1.8612745098039216,0.108695652173913,0,13
19,-1.7384443205607705,15.266666666666667,-14.5,0.0,-0.8433840322066306,0.4490508193377452,3,2024,1.8612745098039216,0.108695652173913,0,13
15,-0.3569008370336644,12.466666666666669,-8.982142857142858,1.0,0.8763101129124872,0.4490508193377452,2,2024,1.8612745098039216,0.0808823529411764,0,13
1,3.8705107416231312,1.0,-2.3423423423423424,60.0,3.3934842188066714,0.5128723845323394,2,2024,1.8058823529411767,0.08203125,0,44
2,3.8705107416231312,3.333333333333333,-4.540983606557377,60.0,1.2907233252476047,0.5128723845323394,2,2024,1.8058823529411767,0.08203125,0,44
4,3.482217316375458,3.4,-5.271186440677966,15.0,1.075858751196791,0.5128723845323394,2,2024,1.8058823529411767,0.0546875,0,44
8,3.482217316375458,2.6666666666666665,-4.888888888888889,15.0,1.3721310488204002,0.5128723845323394,2,2024,1.8058823529411767,0.0546875,0,44
3,0.6194018494231815,5.133333333333334,-7.541666666666667,1.0,1.5655453658245209,0.5128723845323394,2,2024,1.8058823529411767,0.07421875,0,44
5,0.5410578028668567,7.333333333333333,-5.826086956521739,0.0,1.9923889552695504,0.5128723845323394,3,2024,1.8058823529411767,0.0289855072463768,0,44
9,4.41228112232371,5.4,-5.285714285714286,49.0,-0.1762304005782002,0.5128723845323394,2,2024,1.8058823529411767,0.02734375,0,44
6,0.6194018494231815,5.466666666666667,-9.045454545454543,1.0,0.2557896731067063,0.5128723845323394,2,2024,1.8058823529411767,0.07421875,0,44
7,4.41228112232371,8.133333333333333,-3.216666666666667,49.0,1.3668821747318862,0.5128723845323394,2,2024,1.8058823529411767,0.02734375,0,44
10,-0.8511341873456235,10.8,-12.0,0.0,-0.978531314759324,0.5128723845323394,2,2024,1.8058823529411767,0.0,0,44
12,-3.2970724252437247,11.666666666666666,-13.73913043478261,0.0,-0.417499057649216,0.5128723845323394,3,2024,1.8058823529411767,0.06640625,0,44
16,0.5410578028668567,7.666666666666667,-10.263157894736842,0.0,-0.4704710615384567,0.5128723845323394,3,2024,1.8058823529411767,0.0289855072463768,0,44
18,-3.2970724252437247,12.466666666666669,-12.843373493975903,0.0,-0.1168416799937819,0.5128723845323394,2,2024,1.8058823529411767,0.06640625,0,44
13,-1.975494933243152,16.666666666666668,-16.666666666666668,0.0,0.2899397963457701,0.5128723845323394,3,2024,1.8058823529411767,0.1041666666666666,0,44
15,-0.4698905927245163,14.066666666666666,-9.105263157894736,1.0,0.806805656186891,0.5128723845323394,3,2024,1.8058823529411767,0.0797101449275362,0,44
17,-0.4698905927245163,13.666666666666666,-10.238095238095235,1.0,0.6177631587067391,0.5128723845323394,3,2024,1.8058823529411767,0.0797101449275362,0,44
19,-3.2021408139165093,16.066666666666666,-15.117647058823527,0.0,-1.1851468260612097,0.5128723845323394,3,2024,1.8058823529411767,0.0666666666666666,0,44
1,3.90987303993232,1.0,-2.330357142857143,61.0,3.396765302802081,0.5375006108676688,2,2024,1.6191950464396283,0.0813953488372093,0,5
4,0.636852765009752,5.2,-7.515463917525773,1.0,1.6063021677054683,0.5375006108676688,2,2024,1.6191950464396283,0.0736434108527131,0,5
2,3.90987303993232,2.933333333333333,-4.5,61.0,1.3205383132765045,0.5375006108676688,2,2024,1.6191950464396283,0.0813953488372093,0,5
6,3.507356178494112,3.1333333333333333,-4.87912087912088,15.0,1.3844693893342888,0.5375006108676688,2,2024,1.6191950464396283,0.0542635658914728,0,5
7,3.507356178494112,3.066666666666667,-5.233333333333333,15.0,1.1076774221766672,0.5375006108676688,2,2024,1.6191950464396283,0.0542635658914728,0,5
8,4.403245556869796,5.866666666666666,-5.325581395348837,49.0,-0.1863348085436347,0.5375006108676688,2,2024,1.6191950464396283,0.0271317829457364,0,5
3,0.5253917711177938,6.8,-5.833333333333333,0.0,2.085617911050079,0.5375006108676688,2,2024,1.6191950464396283,0.0285714285714285,0,5
5,0.636852765009752,6.0,-9.0,1.0,0.2879887751683661,0.5375006108676688,2,2024,1.6191950464396283,0.0736434108527131,0,5
18,4.403245556869796,8.466666666666667,-3.2644628099173554,49.0,1.3043339885202276,0.5375006108676688,3,2024,1.6191950464396283,0.0271317829457364,0,5
9,-3.259474919696624,11.2,-13.625,0.0,-0.3570555726504392,0.5375006108676688,2,2024,1.6191950464396283,0.065891472868217,0,5
13,-0.613563128139195,14.933333333333334,-9.20689655172414,1.0,0.8066540318795831,0.5375006108676688,2,2024,1.6191950464396283,0.0785714285714285,0,5
14,-3.206482943034149,12.266666666666667,-11.891891891891891,0.0,0.5719830918545418,0.5375006108676688,2,2024,1.6191950464396283,0.0661478599221789,0,5
15,-0.613563128139195,14.866666666666667,-10.5,1.0,0.549027415631933,0.5375006108676688,2,2024,1.6191950464396283,0.0785714285714285,0,5
16,-2.076006480102003,15.266666666666667,-14.666666666666666,0.0,-0.9249515517051714,0.5375006108676688,2,2024,1.6191950464396283,0.1,0,5
11,0.5253917711177938,9.266666666666667,-10.29310344827586,0.0,-0.4910957948830343,0.5375006108676688,3,2024,1.6191950464396283,0.0285714285714285,0,5
17,-3.259474919696624,12.333333333333334,-12.845238095238097,0.0,-0.1312509769006198,0.5375006108676688,1,2024,1.6191950464396283,0.065891472868217,0,5
20,-3.206482943034149,16.6,-15.22222222222222,0.0,-1.287998359905888,0.5375006108676688,3,2024,1.6191950464396283,0.0661478599221789,0,5
5,0.6675856323882803,4.066666666666666,-7.459183673469388,1.0,1.685043062301382,0.5546654442271182,2,2024,1.1333333333333333,0.073076923076923,0,2
1,3.937635015849397,1.0,-2.31858407079646,62.0,3.408923957535951,0.5546654442271182,2,2024,1.1333333333333333,0.0807692307692307,0,2
2,3.5160392386310884,3.466666666666667,-4.869565217391305,15.0,1.4062623897409987,0.5546654442271182,2,2024,1.1333333333333333,0.0538461538461538,0,2
4,3.937635015849397,2.933333333333333,-4.476190476190476,62.0,1.337589275035797,0.5546654442271182,2,2024,1.1333333333333333,0.0807692307692307,0,2
3,3.5160392386310884,3.466666666666667,-5.229508196721311,15.0,1.112569023911801,0.5546654442271182,2,2024,1.1333333333333333,0.0538461538461538,0,2
8,4.388009769409491,8.733333333333333,-3.3114754098360657,49.0,1.249858233414169,0.5546654442271182,1,2024,1.1333333333333333,0.0269230769230769,0,2
10,-0.7413320830320704,10.6,-11.5,0.0,-0.9635593360652602,0.5546654442271182,2,2024,1.1333333333333333,0.0,0,2
7,4.388009769409491,5.933333333333334,-5.340909090909091,49.0,-0.1738115343268477,0.5546654442271182,2,2024,1.1333333333333333,0.0269230769230769,0,2
15,0.4841466120433396,6.8,-5.88,0.0,2.135182578833972,0.5546654442271182,1,2024,1.1333333333333333,0.028169014084507,0,2
13,-0.6695680925812384,13.733333333333333,-9.23728813559322,1.0,0.8300494355292874,0.5546654442271182,2,2024,1.1333333333333333,0.0774647887323943,0,2
9,-3.227856887984347,10.466666666666669,-13.48,0.0,-0.2703067761877835,0.5546654442271182,2,2024,1.1333333333333333,0.0653846153846153,0,2
12,-0.6695680925812384,14.466666666666669,-10.608695652173912,1.0,0.5120716642333462,0.5546654442271182,2,2024,1.1333333333333333,0.0774647887323943,0,2
6,0.6675856323882803,6.666666666666667,-8.958333333333334,1.0,0.3089129291084709,0.5546654442271182,2,2024,1.1333333333333333,0.073076923076923,0,2
20,-2.117233636989148,14.866666666666667,-14.5,0.0,-0.9499505582542392,0.5546654442271182,2,2024,1.1333333333333333,0.0961538461538461,-1,2
18,-0.7413320830320704,13.266666666666667,-13.666666666666666,0.0,-0.3528570673904421,0.5546654442271182,1,2024,1.1333333333333333,0.0,2,2
16,-2.117233636989148,15.6,-16.0,0.0,0.2716928906710697,0.5546654442271182,3,2024,1.1333333333333333,0.0961538461538461,0,2
11,0.4841466120433396,11.4,-10.372881355932204,0.0,-0.5490272161186239,0.5546654442271182,2,2024,1.1333333333333333,0.028169014084507,0,2
14,-3.209703503916661,12.066666666666666,-11.894736842105264,0.0,0.589312907520624,0.5546654442271182,2,2024,1.1333333333333333,0.0656370656370656,0,2
19,-3.227856887984347,13.2,-12.882352941176473,0.0,-0.2037213755701667,0.5546654442271182,1,2024,1.1333333333333333,0.0653846153846153,-1,2
1,3.985985172222772,1.3333333333333333,-2.3157894736842106,62.0,3.400906699643077,0.5797627325089321,2,2024,2.061574074074074,0.0801526717557251,0,26
3,0.7109935930477777,2.8,-7.393939393939394,2.0,1.7805675363656572,0.5797627325089321,2,2024,2.061574074074074,0.0725190839694656,-1,26
4,3.531049330213999,3.333333333333333,-4.849462365591398,15.0,1.4599479337911094,0.5797627325089321,2,2024,2.061574074074074,0.0534351145038167,-1,26
2,0.7109935930477777,8.866666666666667,-9.12,2.0,0.1646767706515302,0.5797627325089321,2,2024,2.061574074074074,0.0725190839694656,3,26
5,3.531049330213999,3.933333333333333,-5.225806451612903,15.0,1.1237125555344951,0.5797627325089321,2,2024,2.061574074074074,0.0534351145038167,-1,26
8,4.402546849647748,7.866666666666666,-3.333333333333333,49.0,1.234132772133634,0.5797627325089321,2,2024,2.061574074074074,0.0267175572519083,0,26
6,4.402546849647748,6.8,-5.4,49.0,-0.198992565750933,0.5797627325089321,2,2024,2.061574074074074,0.0267175572519083,0,26
11,3.985985172222772,3.333333333333333,-4.46875,62.0,1.3351387146292042,0.5797627325089321,1,2024,2.061574074074074,0.0801526717557251,0,26
13,0.418349351397279,13.533333333333331,-10.483333333333333,0.0,-0.6108209994637891,0.5797627325089321,2,2024,2.061574074074074,0.0277777777777777,0,26
7,-0.7126512879596564,9.333333333333334,-10.6,0.0,-0.8276199153665965,0.5797627325089321,2,2024,2.061574074074074,0.0,0,26
10,-3.2088833299917128,10.4,-13.384615384615383,0.0,-0.200317363430741,0.5797627325089321,2,2024,2.061574074074074,0.0648854961832061,0,26
18,-3.2088833299917128,15.333333333333334,-12.953488372093023,0.0,-0.3118178516158358,0.5797627325089321,2,2024,2.061574074074074,0.0648854961832061,0,26
9,-0.7126512879596564,13.866666666666667,-14.0,0.0,-0.4335543342065193,0.5797627325089321,2,2024,2.061574074074074,0.0,0,26
12,-0.6886977891106197,12.266666666666667,-9.25,1.0,0.8592577328393981,0.5797627325089321,2,2024,2.061574074074074,0.0763888888888889,0,26
17,-2.302999409535789,14.533333333333331,-14.4,0.0,-0.9584994070174648,0.5797627325089321,1,2024,2.061574074074074,0.0925925925925925,0,26
15,-0.6886977891106197,13.6,-10.666666666666666,1.0,0.5142894496659871,0.5797627325089321,3,2024,2.061574074074074,0.0763888888888889,0,26
20,-3.213981175245402,16.733333333333334,-15.31578947368421,0.0,-1.3626791180582094,0.5797627325089321,1,2024,2.061574074074074,0.0651340996168582,-1,26
16,-2.302999409535789,15.4,-16.0,0.0,0.2158450197620594,0.5797627325089321,2,2024,2.061574074074074,0.0925925925925925,0,26
19,0.418349351397279,7.466666666666667,-6.0,0.0,2.1558778715984808,0.5797627325089321,3,2024,2.061574074074074,0.0277777777777777,1,26
1,3.544171924206896,3.2666666666666666,-4.829787234042553,15.0,1.5196803007164874,0.5052725817207598,2,2024,1.6563467492260062,0.053030303030303,0,7
2,0.8047036368876637,7.733333333333333,-8.923076923076923,2.0,0.2848291437032014,0.5052725817207598,2,2024,1.6563467492260062,0.0719696969696969,0,7
3,3.544171924206896,4.466666666666667,-5.222222222222222,15.0,1.1318071719133205,0.5052725817207598,2,2024,1.6563467492260062,0.053030303030303,0,7
4,0.8047036368876637,2.2,-7.34,2.0,1.817386196324648,0.5052725817207598,2,2024,1.6563467492260062,0.0719696969696969,0,7
5,4.442503428994583,7.0,-5.434782608695652,49.0,-0.2191561832308488,0.5052725817207598,1,2024,1.6563467492260062,0.0265151515151515,0,7
6,3.988468811511522,1.2666666666666666,-2.3043478260869565,63.0,3.450396093156004,0.5052725817207598,1,2024,1.6563467492260062,0.0795454545454545,0,7
7,4.442503428994583,7.2,-3.3548387096774195,49.0,1.200980493198011,0.5052725817207598,1,2024,1.6563467492260062,0.0265151515151515,0,7
8,-0.7086249774702684,9.133333333333333,-10.5,0.0,-0.7998595164347283,0.5052725817207598,2,2024,1.6563467492260062,0.0,0,7
9,-3.2076743337772893,13.866666666666667,-12.051282051282053,0.0,0.5085382082465264,0.5052725817207598,2,2024,1.6563467492260062,0.0646387832699619,0,7
10,-0.7136286276884333,14.133333333333333,-10.88,1.0,0.4320345969289725,0.5052725817207598,1,2024,1.6563467492260062,0.0753424657534246,0,7
14,0.2929328942305553,11.466666666666669,-6.481481481481482,0.0,2.014947244807056,0.5052725817207598,1,2024,1.6563467492260062,0.0273972602739726,0,7
12,-0.7086249774702684,13.733333333333333,-13.8,0.0,-0.4915243205978619,0.5052725817207598,2,2024,1.6563467492260062,0.0,0,7
17,-2.552460224783396,16.066666666666666,-16.333333333333332,0.0,0.1300913720763349,0.5052725817207598,1,2024,1.6563467492260062,0.0892857142857142,0,7
13,0.2929328942305553,12.533333333333331,-10.459016393442624,0.0,-0.483674479287329,0.5052725817207598,1,2024,1.6563467492260062,0.0273972602739726,0,7
15,-3.2076743337772893,16.8,-15.4,0.0,-1.4412989493980262,0.5052725817207598,1,2024,1.6563467492260062,0.0646387832699619,0,7
18,-2.552460224783396,14.733333333333333,-14.5,0.0,-0.9779836242840771,0.5052725817207598,2,2024,1.6563467492260062,0.0892857142857142,0,7
2,3.963517957740016,2.8666666666666667,-2.336206896551724,63.0,3.4107534637530903,0.4894451875082848,0,2024,1.4566993464052287,0.0789473684210526,0,7
3,0.8633840433869311,2.6666666666666665,-7.306930693069307,2.0,1.815132370124645,0.4894451875082848,0,2024,1.4566993464052287,0.0714285714285714,0,7
1,4.443277590369515,6.4,-5.425531914893617,49.0,-0.2171787319864512,0.4894451875082848,0,2024,1.4566993464052287,0.0263157894736842,0,7
7,4.443277590369515,6.933333333333334,-3.384,49.0,1.1530260416624047,0.4894451875082848,0,2024,1.4566993464052287,0.0263157894736842,0,7
4,0.8633840433869311,5.933333333333334,-8.666666666666666,2.0,0.4525392090423748,0.4894451875082848,0,2024,1.4566993464052287,0.0714285714285714,0,7
6,0.2290429127605268,11.866666666666667,-6.642857142857143,0.0,1.968002519974496,0.4894451875082848,0,2024,1.4566993464052287,0.027027027027027,0,7
9,0.2290429127605268,13.266666666666667,-10.516129032258064,0.0,-0.5139845617301319,0.4894451875082848,0,2024,1.4566993464052287,0.027027027027027,0,7
5,-0.6051747780483853,13.133333333333333,-13.5,0.0,-0.5448779072003553,0.4894451875082848,0,2024,1.4566993464052287,0.0,0,7
15,-0.7048431892977315,12.8,-10.846153846153848,1.0,0.4419017670350254,0.4894451875082848,0,2024,1.4566993464052287,0.0743243243243243,0,7
18,-0.7048431892977315,12.6,-9.327868852459016,1.0,0.8083801174445927,0.4894451875082848,0,2024,1.4566993464052287,0.0743243243243243,0,7
19,-3.1617073572144103,10.666666666666666,-13.296296296296296,0.0,-0.1514511224770185,0.4894451875082848,0,2024,1.4566993464052287,0.0639097744360902,-2,7
14,-3.1617073572144103,14.666666666666666,-12.942528735632184,0.0,-0.3026567176603971,0.4894451875082848,0,2024,1.4566993464052287,0.0639097744360902,0,7
17,-2.6496780638918933,15.133333333333333,-15.857142857142858,0.0,0.1175117295872462,0.4894451875082848,0,2024,1.4566993464052287,0.0862068965517241,2,7
8,-0.6051747780483853,8.533333333333333,-10.142857142857142,0.0,-0.7252609813837237,0.4894451875082848,0,2024,1.4566993464052287,0.0,0,7
20,-2.6496780638918933,15.0,-14.714285714285714,0.0,-1.0388678947143886,0.4894451875082848,0,2024,1.4566993464052287,0.0862068965517241,0,7
2,3.9559617347253817,2.466666666666667,-2.324786324786325,64.0,3.4296367142328323,0.3454912114595075,3,2024,2.003627123363965,0.0783582089552238,0,109
1,0.8709320011727879,2.4,-7.254901960784314,2.0,1.8803280144053205,0.3454912114595075,3,2024,2.003627123363965,0.0708955223880597,0,109
3,4.462529807013033,5.8,-3.388888888888889,49.0,1.1304279387397411,0.3454912114595075,3,2024,2.003627123363965,0.0261194029850746,0,109
4,4.462529807013033,5.2,-5.375,49.0,-0.1880392182555729,0.3454912114595075,3,2024,2.003627123363965,0.0261194029850746,0,109
5,3.568048651183617,2.533333333333333,-4.789473684210527,16.0,1.5529441231253498,0.3454912114595075,3,2024,2.003627123363965,0.0522388059701492,0,109
6,3.568048651183617,4.2,-5.1875,16.0,1.127079652333132,0.3454912114595075,3,2024,2.003627123363965,0.0522388059701492,0,109
10,0.8709320011727879,5.266666666666667,-8.535714285714286,2.0,0.5474910951761419,0.3454912114595075,3,2024,2.003627123363965,0.0708955223880597,-1,109
8,3.9559617347253817,4.933333333333334,-4.523076923076923,64.0,1.3103477299511954,0.3454912114595075,3,2024,2.003627123363965,0.0783582089552238,3,109
7,-0.6982854922061197,11.333333333333334,-10.77777777777778,1.0,0.4427024302278603,0.3454912114595075,3,2024,2.003627123363965,0.0733333333333333,0,109
9,-0.6982854922061197,11.533333333333331,-9.338709677419354,1.0,0.7918800276286786,0.3454912114595075,3,2024,2.003627123363965,0.0733333333333333,-1,109
13,-3.1437852053226973,10.866666666666667,-13.214285714285714,0.0,-0.1132907574693793,0.3454912114595075,3,2024,2.003627123363965,0.0634328358208955,0,109
11,0.2661074122752121,10.4,-6.620689655172414,0.0,1.9706470456228533,0.3454912114595075,3,2024,2.003627123363965,0.0266666666666666,-1,109
15,-2.7022810443038208,15.066666666666666,-14.75,0.0,-1.0756919821971864,0.3454912114595075,3,2024,2.003627123363965,0.0833333333333333,0,109
14,0.2661074122752121,11.133333333333333,-10.46031746031746,0.0,-0.4932127979484808,0.3454912114595075,3,2024,2.003627123363965,0.0266666666666666,0,109
18,-0.5833081651995045,11.266666666666667,-12.714285714285714,0.0,-0.4997035739743635,0.3454912114595075,3,2024,2.003627123363965,0.0,0,109
12,-2.7022810443038208,14.466666666666669,-15.5,0.0,0.0953620696839875,0.3454912114595075,3,2024,2.003627123363965,0.0833333333333333,0,109
16,-3.1437852053226973,14.0,-12.931818181818182,0.0,-0.3001159170792914,0.3454912114595075,3,2024,2.003627123363965,0.0634328358208955,0,109
19,-3.21094819351932,12.4,-11.975,0.0,0.5756208913908398,0.3454912114595075,2,2024,2.003627123363965,0.0636704119850187,1,109
17,-0.5833081651995045,10.4,-10.625,0.0,-0.8050579456613746,0.3454912114595075,3,2024,2.003627123363965,0.0,0,109
20,-3.21094819351932,16.133333333333333,-15.38095238095238,0.0,-1.4665266121149372,0.3454912114595075,3,2024,2.003627123363965,0.0636704119850187,-1,109
3,4.517369812516832,4.6,-5.346938775510204,49.0,-0.1432402649896528,0.2990226586368086,2,2024,1.760539857888929,0.0259259259259259,0,678
7,0.9373056246431768,5.466666666666667,-8.482758620689655,2.0,0.5772546981543256,0.2990226586368086,2,2024,1.760539857888929,0.0703703703703703,0,678
4,3.5837617504541948,4.8,-5.2,16.0,1.1324568908156731,0.2990226586368086,2,2024,1.760539857888929,0.0518518518518518,0,678
5,4.517369812516832,4.666666666666667,-3.3858267716535435,49.0,1.1419498500378036,0.2990226586368086,2,2024,1.760539857888929,0.0259259259259259,0,678
1,3.977855607599498,2.066666666666667,-2.3135593220338984,65.0,3.4733312155412297,0.2990226586368086,2,2024,1.760539857888929,0.0777777777777777,0,678
9,-3.105224741036059,10.933333333333334,-13.137931034482758,0.0,-0.0514646823038659,0.2990226586368086,2,2024,1.760539857888929,0.0629629629629629,0,678
8,3.977855607599498,6.133333333333334,-4.575757575757576,65.0,1.2750960272240583,0.2990226586368086,2,2024,1.760539857888929,0.0777777777777777,0,678
12,-3.105224741036059,14.866666666666667,-12.97752808988764,0.0,-0.3639710428418067,0.2990226586368086,2,2024,1.760539857888929,0.0629629629629629,0,678
11,-0.9442687322249254,12.266666666666667,-13.0,0.0,-0.5196823741127361,0.2990226586368086,2,2024,1.760539857888929,0.0,0,678
13,-0.6311062753468045,10.333333333333334,-10.714285714285714,1.0,0.4430128694889195,0.2990226586368086,2,2024,1.760539857888929,0.0723684210526315,0,678
6,3.5837617504541948,3.2,-4.791666666666667,16.0,1.5780203546076117,0.2990226586368086,2,2024,1.760539857888929,0.0518518518518518,0,678
10,-0.6311062753468045,10.866666666666667,-9.34920634920635,1.0,0.775942265654431,0.2990226586368086,2,2024,1.760539857888929,0.0723684210526315,0,678
17,0.2208704003408785,11.666666666666666,-10.515625,0.0,-0.4905722177002991,0.2990226586368086,2,2024,1.760539857888929,0.0263157894736842,0,678
14,-0.9442687322249254,13.466666666666669,-11.555555555555555,0.0,-0.9065182652199392,0.2990226586368086,2,2024,1.760539857888929,0.0,0,678
16,-3.254711906188464,14.333333333333334,-12.121951219512194,0.0,0.5227511402129938,0.2990226586368086,2,2024,1.760539857888929,0.0631970260223048,0,678
18,-2.7552287638742787,14.866666666666667,-15.555555555555555,0.0,0.0540975538558728,0.2990226586368086,2,2024,1.760539857888929,0.0806451612903225,0,678
20,-2.7552287638742787,14.466666666666669,-14.555555555555555,0.0,-1.0338694263569552,0.2990226586368086,1,2024,1.760539857888929,0.0806451612903225,0,678
15,0.2208704003408785,10.933333333333334,-6.8,0.0,1.924936258639972,0.2990226586368086,2,2024,1.760539857888929,0.0263157894736842,0,678
19,-3.254711906188464,17.466666666666665,-15.590909090909092,0.0,-1.5988635465455867,0.2990226586368086,2,2024,1.760539857888929,0.0631970260223048,0,678
2,0.9373056246431768,2.333333333333333,-7.203883495145631,2.0,1.9429137050893224,0.2990226586368086,2,2024,1.760539857888929,0.0703703703703703,0,678
2,4.582469467827749,4.266666666666667,-3.390625,50.0,1.1126264397395658,0.5534562512421003,2,2024,1.850656051894442,0.025735294117647,0,145
4,3.9649640655444167,3.0,-2.3361344537815127,65.0,3.4690796341603334,0.5534562512421003,2,2024,1.850656051894442,0.0772058823529411,0,145
3,0.9278982494803156,8.266666666666667,-7.326923076923077,2.0,1.775356843064,0.5534562512421003,2,2024,1.850656051894442,0.0698529411764705,0,145
5,0.9278982494803156,4.066666666666666,-8.266666666666667,2.0,0.786041647536765,0.5534562512421003,2,2024,1.850656051894442,0.0698529411764705,0,145
7,3.5640498175276023,4.2,-5.166666666666667,16.0,1.2051773311662144,0.5534562512421003,2,2024,1.850656051894442,0.0514705882352941,0,145
6,-3.0020613010233377,9.333333333333334,-12.9,0.0,0.0810496124249319,0.5534562512421003,2,2024,1.850656051894442,0.0625,0,145
8,0.0995567973454694,11.933333333333334,-10.553846153846154,0.0,-0.430217376564865,0.5534562512421003,2,2024,1.850656051894442,0.0259740259740259,0,145
10,0.0995567973454694,13.133333333333333,-7.161290322580645,0.0,1.8054516336881408,0.5534562512421003,2,2024,1.850656051894442,0.0259740259740259,0,145
9,-3.295475816342763,14.8,-12.19047619047619,0.0,0.5231435574206351,0.5534562512421003,2,2024,1.850656051894442,0.062730627306273,0,145
13,-0.91930656283764,14.266666666666667,-11.8,0.0,-0.9574772203649964,0.5534562512421003,2,2024,1.850656051894442,0.0,0,145
12,-3.295475816342763,18.066666666666663,-15.73913043478261,0.0,-1.6970917987549945,0.5534562512421003,2,2024,1.850656051894442,0.062730627306273,0,145
17,-3.0020613010233377,12.466666666666669,-12.922222222222222,0.0,-0.3240021865098,0.5534562512421003,2,2024,1.850656051894442,0.0625,0,145
15,-0.91930656283764,11.066666666666666,-12.555555555555555,0.0,-0.4537365904355013,0.5534562512421003,2,2024,1.850656051894442,0.0,0,145
11,3.5640498175276023,5.8,-4.855670103092783,16.0,1.522617335922228,0.5534562512421003,2,2024,1.850656051894442,0.0514705882352941,0,145
16,-2.889428740723457,15.133333333333333,-15.6,0.0,0.0039625594209053,0.5534562512421003,2,2024,1.850656051894442,0.078125,0,145
18,-0.583410957082364,11.2,-9.390625,1.0,0.7265771340892911,0.5534562512421003,3,2024,1.850656051894442,0.0714285714285714,0,145
19,3.9649640655444167,6.8,-4.611940298507463,65.0,1.269302437234702,0.5534562512421003,1,2024,1.850656051894442,0.0772058823529411,1,145
14,-2.889428740723457,15.266666666666667,-14.8,0.0,-1.0864517221899228,0.5534562512421003,3,2024,1.850656051894442,0.078125,0,145
2,0.9701008884693254,4.066666666666666,-8.129032258064516,2.0,0.8768451744729828,0.2950523858645612,2,2024,2.056719853933476,0.0693430656934306,0,264
1,0.9701008884693254,7.266666666666667,-7.285714285714286,2.0,1.807179852177181,0.2950523858645612,2,2024,2.056719853933476,0.0693430656934306,0,264
5,4.613299553188795,3.0,-3.372093023255814,51.0,1.1366797080841704,0.2950523858645612,2,2024,2.056719853933476,0.0255474452554744,0,264
6,3.531656520300182,8.933333333333334,-4.948979591836735,16.0,1.4146407534279064,0.2950523858645612,2,2024,2.056719853933476,0.0510948905109489,0,264
3,3.874077416466777,2.7333333333333334,-2.333333333333333,65.0,3.558024264707897,0.2950523858645612,2,2024,2.056719853933476,0.0766423357664233,0,264
4,3.531656520300182,4.4,-5.164179104477612,16.0,1.2278830212176888,0.2950523858645612,2,2024,2.056719853933476,0.0510948905109489,0,264
16,3.874077416466777,10.466666666666669,-4.794117647058823,65.0,1.140578223854463,0.2950523858645612,1,2024,2.056719853933476,0.0766423357664233,0,264
17,4.613299553188795,3.1333333333333333,-5.26,51.0,-0.101438572561156,0.2950523858645612,1,2024,2.056719853933476,0.0255474452554744,0,264
10,-0.9142948240299033,13.266666666666667,-11.636363636363637,0.0,-0.9048658546900448,0.2950523858645612,2,2024,2.056719853933476,0.0,0,264
8,0.1183197808822154,10.466666666666669,-10.5,0.0,-0.3931070979478726,0.2950523858645612,3,2024,2.056719853933476,0.0256410256410256,0,264
7,0.1183197808822154,11.4,-7.1875,0.0,1.810847561087685,0.2950523858645612,3,2024,2.056719853933476,0.0256410256410256,0,264
9,-0.9142948240299033,11.6,-12.6,0.0,-0.488745859738807,0.2950523858645612,2,2024,2.056719853933476,0.0,0,264
11,-2.930556516097366,8.0,-12.67741935483871,0.0,0.1982898370591346,0.2950523858645612,2,2024,2.056719853933476,0.0620437956204379,0,264
13,-3.2488387371822665,13.0,-12.116279069767442,0.0,0.5842438516283586,0.2950523858645612,3,2024,2.056719853933476,0.0622710622710622,0,264
15,-2.930556516097366,11.933333333333334,-12.912087912087912,0.0,-0.3545728804916752,0.2950523858645612,3,2024,2.056719853933476,0.0620437956204379,0,264
12,-3.0110378750294955,15.066666666666666,-15.545454545454543,0.0,-0.0282906941147379,0.2950523858645612,2,2024,2.056719853933476,0.0757575757575757,0,264
14,-3.2488387371822665,15.866666666666667,-15.541666666666666,0.0,-1.5931175633116053,0.2950523858645612,2,2024,2.056719853933476,0.0622710622710622,0,264
19,-0.6204469540212956,12.8,-9.492307692307692,1.0,0.6490889781885845,0.2950523858645612,2,2024,2.056719853933476,0.0705128205128205,0,264
18,-3.0110378750294955,16.2,-15.090909090909092,0.0,-1.1635173717616536,0.2950523858645612,2,2024,2.056719853933476,0.0757575757575757,0,264
4,4.611679258351938,2.7333333333333334,-3.3692307692307693,51.0,1.1662227431646346,0.5619480423449619,2,2024,1.6222358387799565,0.0253623188405797,-1,401
6,1.0434003588950689,3.066666666666667,-7.90625,3.0,1.0247464640083754,0.5619480423449619,2,2024,1.6222358387799565,0.0688405797101449,-1,401
2,3.537381282867869,8.0,-4.9393939393939394,16.0,1.4433770426703842,0.5619480423449619,2,2024,1.6222358387799565,0.0507246376811594,-1,401
1,3.862642685754792,3.4,-2.355371900826446,65.0,3.543124065399873,0.5619480423449619,2,2024,1.6222358387799565,0.0760869565217391,10,401
5,1.0434003588950689,5.866666666666666,-7.235849056603773,3.0,1.8325853678864703,0.5619480423449619,2,2024,1.6222358387799565,0.0688405797101449,-1,401
8,3.537381282867869,4.933333333333334,-5.176470588235294,16.0,1.2115679959649028,0.5619480423449619,1,2024,1.6222358387799565,0.0507246376811594,-1,401
3,3.862642685754792,9.866666666666667,-4.826086956521739,65.0,1.126850687790124,0.5619480423449619,2,2024,1.6222358387799565,0.0760869565217391,-1,401
9,0.0915647694569876,11.4,-7.303030303030303,0.0,1.788982790367842,0.5619480423449619,2,2024,1.6222358387799565,0.0253164556962025,-1,401
10,-0.6490943796514224,14.666666666666666,-9.62121212121212,1.0,0.5409605338853083,0.5619480423449619,2,2024,1.6222358387799565,0.0696202531645569,-1,401
13,-0.8433783813229544,11.8,-12.545454545454543,0.0,-0.5312441707418187,0.5619480423449619,3,2024,1.6222358387799565,0.0,0,401
15,0.0915647694569876,10.133333333333333,-10.492537313432836,0.0,-0.3602986732303137,0.5619480423449619,2,2024,1.6222358387799565,0.0253164556962025,0,401
11,-3.2550867541855943,13.066666666666666,-12.159090909090908,0.0,0.5740197614119167,0.5619480423449619,2,2024,1.6222358387799565,0.0618181818181818,-1,401
12,-0.6490943796514224,9.933333333333334,-10.689655172413794,1.0,0.4909268445730783,0.5619480423449619,2,2024,1.6222358387799565,0.0696202531645569,0,401
17,-2.929017215685195,12.866666666666667,-12.934782608695652,0.0,-0.3768303854485628,0.5619480423449619,2,2024,1.6222358387799565,0.0615942028985507,0,401
14,-3.1735959233027056,15.533333333333331,-15.583333333333334,0.0,-0.046894565452929,0.5619480423449619,2,2024,1.6222358387799565,0.0735294117647058,0,401
18,-0.8433783813229544,11.933333333333334,-11.416666666666666,0.0,-0.8472347774010922,0.5619480423449619,2,2024,1.6222358387799565,0.0,2,401
19,-3.2550867541855943,16.066666666666666,-15.6,0.0,-1.6487735091789593,0.5619480423449619,2,2024,1.6222358387799565,0.0618181818181818,-1,401
16,-2.929017215685195,9.333333333333334,-12.6875,0.0,0.1969678527109176,0.5619480423449619,2,2024,1.6222358387799565,0.0615942028985507,0,401
1,1.073943969931692,5.6,-7.214953271028038,3.0,1.8423782884509723,0.3390185008395622,2,2024,3.593681917211329,0.0683453237410072,0,3
2,3.847409021218176,3.8,-2.3688524590163933,65.0,3.54096684534095,0.3390185008395622,2,2024,3.593681917211329,0.0755395683453237,0,3
6,3.546003368797748,6.666666666666667,-4.92,16.0,1.47334727490237,0.3390185008395622,2,2024,3.593681917211329,0.0503597122302158,0,3
3,1.073943969931692,2.466666666666667,-7.727272727272727,3.0,1.1621218156962476,0.3390185008395622,2,2024,3.593681917211329,0.0683453237410072,0,3
10,3.546003368797748,5.4,-5.188405797101449,16.0,1.1948738132358163,0.3390185008395622,2,2024,3.593681917211329,0.0503597122302158,0,3
5,3.847409021218176,9.066666666666666,-4.857142857142857,65.0,1.1110501843646243,0.3390185008395622,2,2024,3.593681917211329,0.0755395683453237,0,3
4,4.632424764494925,4.466666666666667,-5.313725490196078,52.0,-0.137485730065915,0.3390185008395622,2,2024,3.593681917211329,0.0251798561151079,0,3
11,4.632424764494925,2.066666666666667,-3.351145038167939,52.0,1.1981293389173446,0.3390185008395622,3,2024,3.593681917211329,0.0251798561151079,3,3
9,-0.6654047331591904,10.666666666666666,-10.766666666666667,1.0,0.4389486041645493,0.3390185008395622,2,2024,3.593681917211329,0.06875,0,3
7,0.0925983270823556,10.4,-7.323529411764706,0.0,1.7989504548848747,0.3390185008395622,2,2024,3.593681917211329,0.025,0,3
13,-2.972611747937403,12.2,-12.848484848484848,0.0,0.1125316645902893,0.3390185008395622,2,2024,3.593681917211329,0.0611510791366906,-1,3
15,-0.8936820822898088,11.333333333333334,-12.333333333333334,0.0,-0.5086439131943187,0.3390185008395622,2,2024,3.593681917211329,0.0,-2,3
8,0.0925983270823556,10.4,-10.5,0.0,-0.3687636334734001,0.3390185008395622,2,2024,3.593681917211329,0.025,0,3
10,-3.2556362129316985,12.733333333333333,-12.155555555555557,0.0,0.5933642951547051,0.3390185008395622,2,2024,3.593681917211329,0.0613718411552346,9,3
16,-0.6654047331591904,13.266666666666667,-9.611940298507465,1.0,0.575134765570617,0.3390185008395622,2,2024,3.593681917211329,0.06875,-1,3
20,-3.2556362129316985,16.266666666666666,-15.653846153846152,0.0,-1.708478708611097,0.3390185008395622,2,2024,3.593681917211329,0.0613718411552346,-2,3
12,-0.8936820822898088,12.866666666666667,-11.76923076923077,0.0,-0.941587509740154,0.3390185008395622,3,2024,3.593681917211329,0.0,-1,3
14,-2.972611747937403,13.266666666666667,-12.946236559139784,0.0,-0.3485700617458227,0.3390185008395622,1,2024,3.593681917211329,0.0611510791366906,6,3
17,-3.2098308289154565,15.466666666666669,-15.538461538461538,0.0,-0.0711920473495656,0.3390185008395622,3,2024,3.593681917211329,0.0714285714285714,-1,3
18,-3.2098308289154565,17.266666666666666,-15.416666666666666,0.0,-1.2290026677881738,0.3390185008395622,2,2024,3.593681917211329,0.0714285714285714,-1,3
4,3.5671081640049334,5.2,-4.900990099009901,16.0,1.5219044134419646,0.3945136148577071,2,2024,1.4687091503267975,0.05,0,162
2,1.1243296329073462,2.7333333333333334,-7.617647058823529,4.0,1.2453341691381483,0.3945136148577071,2,2024,1.4687091503267975,0.0678571428571428,0,162
1,1.1243296329073462,3.8,-7.157407407407407,4.0,1.914579702771636,0.3945136148577071,2,2024,1.4687091503267975,0.0678571428571428,0,162
5,3.5671081640049334,5.333333333333333,-5.185714285714286,16.0,1.205054751638906,0.3945136148577071,2,2024,1.4687091503267975,0.05,0,162
6,4.650169814247728,3.933333333333333,-3.386363636363636,52.0,1.158049822781784,0.3945136148577071,2,2024,1.4687091503267975,0.025,0,162
7,3.865402021561232,3.333333333333333,-2.365853658536585,65.0,3.561956579289416,0.3945136148577071,1,2024,1.4687091503267975,0.075,0,162
3,4.650169814247728,5.4,-5.346153846153846,52.0,-0.148426414915669,0.3945136148577071,2,2024,1.4687091503267975,0.025,0,162
8,3.865402021561232,8.0,-4.873239436619718,65.0,1.1087867860295004,0.3945136148577071,1,2024,1.4687091503267975,0.075,0,162
9,-3.239997626626609,12.866666666666667,-12.195652173913045,0.0,0.5822499860925849,0.3945136148577071,2,2024,1.4687091503267975,0.060931899641577,0,162
13,-2.951954609219316,14.866666666666667,-13.0,0.0,-0.4208053220296621,0.3945136148577071,2,2024,1.4687091503267975,0.0607142857142857,0,162
11,0.0764969103614624,9.933333333333334,-7.4,0.0,1.7955411757678674,0.3945136148577071,2,2024,1.4687091503267975,0.0246913580246913,0,162
18,-3.239997626626609,0.0,0.0,0.0,0.0,0.3945136148577071,2,2024,1.4687091503267975,0.060931899641577,0,162
12,-1.0057218216269397,11.4,-12.307692307692308,0.0,-0.4906139144395238,0.3945136148577071,2,2024,1.4687091503267975,0.0,0,162
15,-0.6484665830015955,13.933333333333334,-9.691176470588236,1.0,0.5079649573331622,0.3945136148577071,1,2024,1.4687091503267975,0.0679012345679012,0,162
14,-0.6484665830015955,10.266666666666667,-10.709677419354838,1.0,0.461325288309822,0.3945136148577071,2,2024,1.4687091503267975,0.0679012345679012,0,162
19,-3.4215853674546164,16.6,-15.785714285714286,0.0,-0.1104039062018197,0.3945136148577071,1,2024,1.4687091503267975,0.0694444444444444,0,162
10,-2.951954609219316,12.266666666666667,-12.794117647058824,0.0,0.1633696799967833,0.3945136148577071,2,2024,1.4687091503267975,0.0607142857142857,0,162
20,-3.4215853674546164,18.466666666666665,-15.76923076923077,0.0,-1.2942347682165145,0.3945136148577071,2,2024,1.4687091503267975,0.0694444444444444,0,162
17,0.0764969103614624,11.066666666666666,-10.53623188405797,0.0,-0.3743168247652177,0.3945136148577071,1,2024,1.4687091503267975,0.0246913580246913,0,162
2,1.1770139589064492,2.533333333333333,-7.457142857142857,4.0,1.355374950850067,0.7626703882487831,2,2024,1.990534188034188,0.0673758865248227,0,0
1,3.5916803786251528,3.2,-4.862745098039215,17.0,1.5734319620172217,0.7626703882487831,2,2024,1.990534188034188,0.0496453900709219,0,0
5,4.660915984270685,6.2,-5.377358490566038,52.0,-0.1826884125261773,0.7626703882487831,2,2024,1.990534188034188,0.0248226950354609,0,0
16,1.1770139589064492,2.7333333333333334,-7.119266055045872,4.0,1.93549776414039,0.7626703882487831,1,2024,1.990534188034188,0.0673758865248227,-1,0
6,3.8444241634824223,4.133333333333334,-2.3951612903225805,65.0,3.5424039081804244,0.7626703882487831,2,2024,1.990534188034188,0.0744680851063829,0,0
8,0.000678290225283,9.933333333333334,-7.5,0.0,1.812667113713001,0.7626703882487831,2,2024,1.990534188034188,0.024390243902439,-1,0
10,-3.1805857512181746,11.6,-12.127659574468083,0.0,0.6223564395397851,0.7626703882487831,1,2024,1.990534188034188,0.0604982206405693,-1,0
9,-3.1805857512181746,12.0,-12.0,0.0,0.1161453397011834,0.7626703882487831,2,2024,1.990534188034188,0.0604982206405693,-1,0
7,4.660915984270685,4.466666666666667,-3.398496240601504,52.0,1.1477014503174123,0.7626703882487831,2,2024,1.990534188034188,0.0248226950354609,12,0
11,-2.964349710669103,7.0,0.0,0.0,-0.0454411229243141,0.7626703882487831,2,2024,1.990534188034188,0.0602836879432624,-1,0
13,-2.964349710669103,14.333333333333334,-12.914285714285716,0.0,0.0907104692357304,0.7626703882487831,2,2024,1.990534188034188,0.0602836879432624,-1,0
15,-0.7108347767713081,11.933333333333334,-10.84375,1.0,0.4164195780573122,0.7626703882487831,1,2024,1.990534188034188,0.0670731707317073,3,0
15,-1.022375270369136,12.0,-12.357142857142858,0.0,-0.5252522051531024,0.7626703882487831,1,2024,1.990534188034188,0.0,-1,0
18,-3.524286853030009,18.666666666666668,-15.928571428571429,0.0,-1.3374815727712313,0.7626703882487831,1,2024,1.990534188034188,0.0675675675675675,-1,0
19,-0.7108347767713081,13.933333333333334,-9.753623188405795,1.0,0.4988997760617263,0.7626703882487831,1,2024,1.990534188034188,0.0670731707317073,1,0
17,-3.524286853030009,16.533333333333335,-15.8,0.0,-0.1268695274442527,0.7626703882487831,2,2024,1.990534188034188,0.0675675675675675,-1,0
1,1.206674294823755,3.1333333333333333,-7.090909090909091,5.0,1.930079043720487,0.6994627158573958,2,2024,1.4184431667403803,0.0669014084507042,0,0
2,3.8201095605584494,4.533333333333333,-2.416,65.0,3.5102394692688925,0.6994627158573958,2,2024,1.4184431667403803,0.0739436619718309,0,0
5,1.206674294823755,2.0,-7.277777777777778,5.0,1.4729479161362986,0.6994627158573958,2,2024,1.4184431667403803,0.0669014084507042,0,0
4,4.684154767933792,5.4,-5.333333333333333,52.0,-0.197355523711846,0.6994627158573958,2,2024,1.4184431667403803,0.0246478873239436,0,0
9,3.589474617631662,2.2,-4.834951456310679,17.0,1.597727731308629,0.6994627158573958,2,2024,1.4184431667403803,0.0492957746478873,0,0
3,4.684154767933792,6.266666666666667,-3.4402985074626864,52.0,1.0426693465139398,0.6994627158573958,3,2024,1.4184431667403803,0.0246478873239436,0,0
10,3.589474617631662,5.0,-5.169014084507042,17.0,1.1841979726936782,0.6994627158573958,2,2024,1.4184431667403803,0.0492957746478873,0,0
7,0.0062919656145615,8.733333333333333,-7.45945945945946,0.0,1.842519494127364,0.6994627158573958,2,2024,1.4184431667403803,0.0240963855421686,0,0
6,-2.9042828058471115,13.666666666666666,-12.86111111111111,0.0,0.0720361375202688,0.6994627158573958,2,2024,1.4184431667403803,0.0598591549295774,0,0
13,3.8201095605584494,7.733333333333333,-4.916666666666667,65.0,1.0812219942183574,0.6994627158573958,2,2024,1.4184431667403803,0.0739436619718309,0,0
12,-3.09659095476939,9.77777777777778,-10.0,0.0,0.5282248175345282,0.6994627158573958,2,2024,1.4184431667403803,0.0600706713780918,0,0
8,-1.058159069658878,14.0,-12.142857142857142,0.0,-1.0107097691012596,0.6994627158573958,2,2024,1.4184431667403803,0.0,0,0
15,-0.7748526080114256,14.133333333333333,-9.82857142857143,1.0,0.4500957224232779,0.6994627158573958,2,2024,1.4184431667403803,0.0662650602409638,0,0
17,0.0062919656145615,13.8,-10.657142857142857,0.0,-0.4768277949158296,0.6994627158573958,1,2024,1.4184431667403803,0.0240963855421686,0,0
20,-3.561926798349248,17.2,-15.8,0.0,-1.3212551955265033,0.6994627158573958,1,2024,1.4184431667403803,0.0657894736842105,0,0
19,-3.561926798349248,16.466666666666665,-15.8125,0.0,-0.175427418368691,0.6994627158573958,1,2024,1.4184431667403803,0.0657894736842105,0,0
18,-0.7748526080114256,12.2,-10.87878787878788,1.0,0.4042714777192913,0.6994627158573958,2,2024,1.4184431667403803,0.0662650602409638,0,0
16,-1.058159069658878,12.333333333333334,-12.4,0.0,-0.5682849160111152,0.6994627158573958,3,2024,1.4184431667403803,0.0,0,0
4,3.587548560025122,3.0,-4.836538461538462,17.0,1.607433057487497,0.4966665766607311,2,2024,1.860812324929972,0.0489510489510489,0,150
3,3.587548560025122,5.6,-5.194444444444445,17.0,1.1600052746574845,0.4966665766607311,2,2024,1.860812324929972,0.0489510489510489,0,150
2,3.808723556881408,3.733333333333333,-2.412698412698413,65.0,3.538615880628002,0.4966665766607311,2,2024,1.860812324929972,0.0734265734265734,0,150
1,1.277559156328536,2.466666666666667,-7.036036036036036,6.0,1.959443941346841,0.4966665766607311,2,2024,1.860812324929972,0.0664335664335664,0,150
5,1.277559156328536,2.333333333333333,-7.162162162162162,6.0,1.5304200724137889,0.4966665766607311,2,2024,1.860812324929972,0.0664335664335664,0,150
6,4.712197816939859,5.0,-5.3090909090909095,52.0,-0.1882088298759106,0.4966665766607311,1,2024,1.860812324929972,0.0244755244755244,14,150
10,3.808723556881408,8.066666666666666,-4.986301369863014,65.0,1.0250309337331884,0.4966665766607311,2,2024,1.860812324929972,0.0734265734265734,-1,150
12,-2.8659462913496183,12.0,-12.756756756756756,0.0,0.1312369214402522,0.4966665766607311,2,2024,1.860812324929972,0.0594405594405594,-1,150
15,-1.178273071064899,12.733333333333333,0.0,0.0,-0.3235132463240658,0.4966665766607311,1,2024,1.860812324929972,0.0,4,150
17,-3.0703662097583924,10.25,-10.333333333333334,0.0,0.6515242840908643,0.4966665766607311,1,2024,1.860812324929972,0.0596491228070175,-2,150
9,-2.8659462913496183,13.733333333333333,-12.968421052631578,0.0,-0.4364503271621952,0.4966665766607311,2,2024,1.860812324929972,0.0594405594405594,-1,150
7,-0.8573347249478783,13.933333333333334,-11.058823529411764,1.0,0.3457287259494201,0.4966665766607311,2,2024,1.860812324929972,0.0654761904761904,-1,150
8,-0.0193105488975424,8.333333333333334,-7.473684210526316,0.0,1.888089919807848,0.4966665766607311,2,2024,1.860812324929972,0.0238095238095238,-1,150
11,-1.178273071064899,13.6,-12.133333333333333,0.0,-0.9783489962559992,0.4966665766607311,2,2024,1.860812324929972,0.0,-1,150
14,-0.0193105488975424,14.466666666666669,-10.704225352112676,0.0,-0.5059827302384468,0.4966665766607311,1,2024,1.860812324929972,0.0238095238095238,-1,150
16,-3.0703662097583924,10.066666666666666,-12.020833333333334,0.0,0.643108518723946,0.4966665766607311,2,2024,1.860812324929972,0.0596491228070175,-2,150
18,-3.5954874498693163,16.333333333333332,-15.823529411764708,0.0,-0.2021931009829814,0.4966665766607311,2,2024,1.860812324929972,0.0641025641025641,-2,150
13,-0.8573347249478783,13.733333333333333,-9.873239436619718,1.0,0.4773855584817085,0.4966665766607311,2,2024,1.860812324929972,0.0654761904761904,-1,150
20,-3.5954874498693163,16.266666666666666,-15.75,0.0,-1.309827851493018,0.4966665766607311,2,2024,1.860812324929972,0.0641025641025641,-2,150
1,3.61237225378677,4.4,-5.1506849315068495,18.0,1.1868510749211303,0.5630655453153867,2,2024,1.5161111111111112,0.0486111111111111,0,2285
3,1.2951114848627945,2.8666666666666667,-7.008928571428571,6.0,1.9815543861774607,0.5630655453153867,2,2024,1.5161111111111112,0.0659722222222222,0,2285
4,3.61237225378677,2.4,-4.8,18.0,1.6449209657608843,0.5630655453153867,2,2024,1.5161111111111112,0.0486111111111111,0,2285
6,4.719750581168131,6.533333333333333,-3.45925925925926,52.0,0.9971507085675422,0.5630655453153867,2,2024,1.5161111111111112,0.0243055555555555,0,2285
5,4.719750581168131,5.066666666666666,-5.321428571428571,52.0,-0.2038483561310911,0.5630655453153867,2,2024,1.5161111111111112,0.0243055555555555,0,2285
2,3.810102226412357,3.466666666666667,-2.417322834645669,65.0,3.532482714783268,0.5630655453153867,2,2024,1.5161111111111112,0.0729166666666666,0,2285
7,-2.8230589659243472,12.8,-12.947916666666666,0.0,-0.4330446154552104,0.5630655453153867,2,2024,1.5161111111111112,0.0590277777777777,0,2285
17,1.2951114848627945,3.2,-7.105263157894737,6.0,1.5682416264884302,0.5630655453153867,2,2024,1.5161111111111112,0.0659722222222222,0,2285
10,-2.8230589659243472,10.266666666666667,-12.63157894736842,0.0,0.1978690589704797,0.5630655453153867,2,2024,1.5161111111111112,0.0590277777777777,0,2285
8,-0.8938311812801828,13.533333333333331,-11.085714285714284,1.0,0.3342014101217112,0.5630655453153867,2,2024,1.5161111111111112,0.0647058823529411,0,2285
14,-0.0927018289714877,15.0,-10.76388888888889,0.0,-0.5211986462377486,0.5630655453153867,2,2024,1.5161111111111112,0.0235294117647058,0,2285
16,-3.0574641188956755,10.142857142857142,-10.25,0.0,0.8263006079125843,0.5630655453153867,1,2024,1.5161111111111112,0.0592334494773519,0,2285
21,-0.8938311812801828,15.333333333333334,-9.98611111111111,1.0,0.3868486807748736,0.5630655453153867,1,2024,1.5161111111111112,0.0647058823529411,0,2285
15,-3.714722009550742,16.533333333333335,-15.88888888888889,0.0,-0.2273574807064607,0.5630655453153867,1,2024,1.5161111111111112,0.0625,0,2285
20,-3.714722009550742,16.866666666666667,-15.941176470588236,0.0,-1.3618414518151123,0.5630655453153867,1,2024,1.5161111111111112,0.0625,-1,2285
12,-1.1380919890213363,11.666666666666666,-9.0,0.0,-0.1553334407401507,0.5630655453153867,1,2024,1.5161111111111112,0.0,0,2285
18,3.810102226412357,7.866666666666666,-5.013513513513513,65.0,0.9958831386502148,0.5630655453153867,1,2024,1.5161111111111112,0.0729166666666666,0,2285
17,3.7312784458915487,4.266666666666667,-2.4453125,65.0,3.569221094235161,0.4228231006910817,0,2024,2.8486811391223155,0.0724137931034482,0,785
4,-0.8953013364122281,14.666666666666666,-10.027397260273972,1.0,0.3620783047191517,0.4228231006910817,0,2024,2.8486811391223155,0.063953488372093,0,785
13,-0.8953013364122281,12.533333333333331,-11.055555555555555,1.0,0.3586503349621665,0.4228231006910817,0,2024,2.8486811391223155,0.063953488372093,0,785
2,4.732945308227522,4.933333333333334,-5.315789473684211,52.0,-0.194038979003584,0.4228231006910817,0,2024,2.8486811391223155,0.0241379310344827,0,785
6,3.6528057207967657,2.6,-4.783018867924528,19.0,1.6475376603630316,0.4228231006910817,0,2024,2.8486811391223155,0.0482758620689655,0,785
1,1.29149328014137,2.6666666666666665,-6.964601769911504,6.0,2.060250571728764,0.4228231006910817,0,2024,2.8486811391223155,0.0655172413793103,0,785
3,-1.2545293025043085,14.0,-12.25,0.0,-0.9852804737701996,0.4228231006910817,0,2024,2.8486811391223155,0.0,0,785
8,1.29149328014137,4.866666666666666,-7.128205128205129,6.0,1.56331793968944,0.4228231006910817,0,2024,2.8486811391223155,0.0655172413793103,0,785
5,-1.2545293025043085,13.2,-12.5,0.0,-0.4286120279472426,0.4228231006910817,0,2024,2.8486811391223155,0.0,0,785
14,4.732945308227522,5.933333333333334,-3.463235294117647,52.0,1.001590553200768,0.4228231006910817,0,2024,2.8486811391223155,0.0241379310344827,0,785
12,3.7312784458915487,11.0,-5.173333333333333,65.0,0.8943418002140437,0.4228231006910817,0,2024,2.8486811391223155,0.0724137931034482,0,785
15,-2.765293948161988,8.666666666666666,-10.0,0.0,0.1910487149935149,0.4228231006910817,0,2024,2.8486811391223155,0.0586206896551724,0,785
11,-3.703411450302828,15.6,-15.789473684210526,0.0,-0.2258081525028425,0.4228231006910817,0,2024,2.8486811391223155,0.0609756097560975,0,785
9,-0.0825913421343994,9.8,-7.615384615384615,0.0,1.866041458566135,0.4228231006910817,0,2024,2.8486811391223155,0.0232558139534883,0,785
19,-3.703411450302828,16.133333333333333,-15.88888888888889,0.0,-1.35672202139376,0.4228231006910817,0,2024,2.8486811391223155,0.0609756097560975,0,785
1,4.708090219772949,4.6,-5.293103448275862,52.0,-0.1697691288777143,0.7208126829380532,2,2024,1.588235294117647,0.023972602739726,0,620
10,4.708090219772949,7.133333333333334,-3.510948905109489,52.0,0.930140296370803,0.7208126829380532,2,2024,1.588235294117647,0.023972602739726,0,620
2,3.6362715301621806,3.1333333333333333,-5.094594594594595,19.0,1.221999017191922,0.7208126829380532,2,2024,1.588235294117647,0.047945205479452,0,620
4,3.6362715301621806,3.466666666666667,-4.785046728971962,19.0,1.637773770027771,0.7208126829380532,2,2024,1.588235294117647,0.047945205479452,0,620
5,3.685454814924873,3.1333333333333333,-2.434108527131783,66.0,3.611716854740733,0.7208126829380532,2,2024,1.588235294117647,0.071917808219178,0,620
6,1.2928899782371357,3.733333333333333,-6.956140350877193,6.0,2.0483072219510747,0.7208126829380532,2,2024,1.588235294117647,0.0650684931506849,0,620
8,1.2928899782371357,6.266666666666667,-7.15,6.0,1.5269290046151225,0.7208126829380532,2,2024,1.588235294117647,0.0650684931506849,0,620
9,-2.77014884319992,9.533333333333331,-12.538461538461538,0.0,0.2277520535543253,0.7208126829380532,2,2024,1.588235294117647,0.0582191780821917,0,620
7,-1.113712856681107,11.8,-11.941176470588236,0.0,-0.9191572147723108,0.7208126829380532,2,2024,1.588235294117647,0.0,0,620
16,3.685454814924873,11.466666666666669,-5.25,66.0,0.83054299750826,0.7208126829380532,1,2024,1.588235294117647,0.071917808219178,-1,620
17,-0.1217221738745968,11.266666666666667,-7.775,0.0,1.74671722424791,0.7208126829380532,3,2024,1.588235294117647,0.0229885057471264,-1,620
12,-2.77014884319992,10.6,-12.88659793814433,0.0,-0.3805634965294681,0.7208126829380532,2,2024,1.588235294117647,0.0582191780821917,0,620
13,-3.699030970992472,15.733333333333333,-15.842105263157896,0.0,-1.36607869755021,0.7208126829380532,2,2024,1.588235294117647,0.0595238095238095,0,620
14,-3.0802299103593094,10.733333333333333,-10.6,0.0,0.8507053350591163,0.7208126829380532,1,2024,1.588235294117647,0.0584192439862542,6,620
20,-0.1217221738745968,13.866666666666667,-10.767123287671232,0.0,-0.5183198688279169,0.7208126829380532,2,2024,1.588235294117647,0.0229885057471264,-2,620
15,-1.113712856681107,12.066666666666666,-11.333333333333334,0.0,-0.2826488055163731,0.7208126829380532,2,2024,1.588235294117647,0.0,-1,620
11,-0.7747490232456146,10.466666666666669,-9.91891891891892,1.0,0.3796914665594339,0.7208126829380532,2,2024,1.588235294117647,0.0632183908045977,0,620
19,-3.699030970992472,14.666666666666666,-15.65,0.0,-0.2209262732719589,0.7208126829380532,1,2024,1.588235294117647,0.0595238095238095,0,620
1,3.657758303145212,3.6666666666666665,-2.453846153846154,66.0,3.621872675942519,0.535016018935178,2,2024,2.30718954248366,0.0714285714285714,1,20
5,3.6551935558363127,3.733333333333333,-4.777777777777778,19.0,1.64791089215163,0.535016018935178,2,2024,2.30718954248366,0.0476190476190476,0,20
4,1.2957934056513902,6.933333333333334,-7.146341463414634,6.0,1.5431645760696246,0.535016018935178,2,2024,2.30718954248366,0.064625850340136,0,20
2,4.772200999560339,3.466666666666667,-5.220338983050848,53.0,-0.1283502761194533,0.535016018935178,2,2024,2.30718954248366,0.0238095238095238,-1,20
11,-0.7989637074704495,9.133333333333333,-10.83783783783784,1.0,0.4468380090086676,0.535016018935178,2,2024,2.30718954248366,0.0625,0,20
7,3.6551935558363127,2.8666666666666667,-5.066666666666666,19.0,1.2536583691183318,0.535016018935178,2,2024,2.30718954248366,0.0476190476190476,0,20
8,-0.1647725160549955,11.466666666666669,-7.853658536585366,0.0,1.751933592037764,0.535016018935178,2,2024,2.30718954248366,0.0227272727272727,0,20
12,-3.717433463896285,14.866666666666667,-15.7,0.0,-1.3125518780651928,0.535016018935178,2,2024,2.30718954248366,0.0581395348837209,0,20
10,-2.7227798357678616,10.6,-12.877551020408164,0.0,-0.3863981386884837,0.535016018935178,2,2024,2.30718954248366,0.0578231292517006,0,20
3,1.2957934056513902,4.6,-6.947826086956522,6.0,2.069806162980276,0.535016018935178,2,2024,2.30718954248366,0.064625850340136,0,20
13,-3.717433463896285,15.6,-15.761904761904765,0.0,-0.2772753332851994,0.535016018935178,2,2024,2.30718954248366,0.0581395348837209,0,20
6,4.772200999560339,5.533333333333333,-3.5,53.0,0.9197155522558876,0.535016018935178,2,2024,2.30718954248366,0.0238095238095238,0,20
14,-1.1530837055559573,10.4,-11.77777777777778,0.0,-0.8300163596947548,0.535016018935178,2,2024,2.30718954248366,0.0,0,20
17,-1.1530837055559573,13.266666666666667,-12.5,0.0,-0.5175532547912215,0.535016018935178,2,2024,2.30718954248366,0.0,0,20
16,-3.094876397676262,11.666666666666666,-12.10204081632653,0.0,0.6208306308005141,0.535016018935178,2,2024,2.30718954248366,0.0580204778156996,0,20
1,1.2948228935503372,6.666666666666667,-6.974137931034483,6.0,2.0186437643074884,0.3671799959932963,2,2024,1.4355914295542778,0.0641891891891891,0,3
3,3.661293228632771,3.733333333333333,-5.078947368421052,19.0,1.2287737771348068,0.3671799959932963,2,2024,1.4355914295542778,0.0472972972972973,0,3
14,3.661293228632771,3.2,-4.752293577981652,19.0,1.6658531116119693,0.3671799959932963,2,2024,1.4355914295542778,0.0472972972972973,5,3
18,4.746788590514687,7.466666666666667,-3.5611510791366907,53.0,0.8369225094591539,0.3671799959932963,1,2024,1.4355914295542778,0.0236486486486486,-2,3
7,4.746788590514687,3.466666666666667,-5.2,53.0,-0.0950686313715998,0.3671799959932963,2,2024,1.4355914295542778,0.0236486486486486,-1,3
5,3.658208703745725,2.8666666666666667,-2.442748091603053,67.0,3.634505491034634,0.3671799959932963,2,2024,1.4355914295542778,0.0709459459459459,-1,3
6,-0.756227864712563,7.2,-10.68421052631579,1.0,0.5009080420520419,0.3671799959932963,2,2024,1.4355914295542778,0.0617977528089887,-1,3
4,-2.715921652453116,8.6,-12.425,0.0,0.2841681527183988,0.3671799959932963,2,2024,1.4355914295542778,0.0574324324324324,3,3
8,-0.1478358940440949,10.333333333333334,-7.833333333333333,0.0,1.744528063427356,0.3671799959932963,2,2024,1.4355914295542778,0.0224719101123595,0,3
2,1.2948228935503372,5.866666666666666,-7.047619047619048,6.0,1.625187654412847,0.3671799959932963,2,2024,1.4355914295542778,0.0641891891891891,0,3
16,-3.1229150105734536,12.8,-12.16,0.0,0.5888328276422501,0.3671799959932963,2,2024,1.4355914295542778,0.0576271186440678,2,3
11,-1.222907865729398,10.8,-11.842105263157896,0.0,-0.8196783458243626,0.3671799959932963,2,2024,1.4355914295542778,0.0,0,3
17,-3.590323666216076,12.4,-15.333333333333334,0.0,-1.221357761485457,0.3671799959932963,2,2024,1.4355914295542778,0.0568181818181818,-2,3
13,-0.1478358940440949,14.066666666666666,-10.824324324324325,0.0,-0.5558689279318269,0.3671799959932963,2,2024,1.4355914295542778,0.0224719101123595,0,3
20,-0.756227864712563,0.0,0.0,1.0,0.0,0.3671799959932963,2,2024,1.4355914295542778,0.0617977528089887,-3,3
15,-2.715921652453116,9.733333333333333,-12.83838383838384,0.0,-0.333674576383109,0.3671799959932963,2,2024,1.4355914295542778,0.0574324324324324,-1,3
