season,round,race_name,driver_id,constructor_id,grid_position,finish_position,status,points,laps,RaceID,grid_position_zero_flag,fastf1_laps_count,fastf1_avg_lap_time,fastf1_best_lap_time,fastf1_avg_sector1,fastf1_avg_sector2,fastf1_avg_sector3,fastf1_first_compound,fastf1_main_compound,fastf1_max_tyre_life,fastf1_stints_count,fastf1_pit_in_count,fastf1_pit_out_count
2018,1,Australian Grand Prix,vettel,ferrari,3,1,Finished,25.0,58,vettel_2018_1,0,58.0,92.6428103448276,86.469,30.73735087719298,24.595103448275864,36.78740350877193,ULTRASOFT,SOFT,32.0,2.0,1.0,1.0
2018,1,Australian Grand Prix,hamilton,mercedes,1,2,Finished,18.0,58,hamilton_2018_1,0,58.0,92.72963793103449,86.444,30.868649122807017,24.644758620689654,37.147603448275866,ULTRASOFT,SOFT,39.0,2.0,1.0,1.0
2018,1,Australian Grand Prix,raikkonen,ferrari,2,3,Finished,15.0,58,raikkonen_2018_1,0,58.0,92.75158620689655,86.373,30.885719298245615,24.58144827586207,37.20877586206896,ULTRASOFT,SOFT,40.0,2.0,1.0,1.0
2018,1,Australian Grand Prix,ricciardo,red_bull,8,4,Finished,12.0,58,ricciardo_2018_1,0,58.0,92.76468965517242,85.945,30.96221052631579,24.600741379310346,37.0808275862069,SUPERSOFT,SOFT,32.0,2.0,1.0,1.0
2018,1,Australian Grand Prix,alonso,mclaren,10,5,Finished,10.0,58,alonso_2018_1,0,58.0,93.12360344827586,86.978,30.921877192982457,24.802206896551724,37.26529310344828,ULTRASOFT,SOFT,32.0,2.0,1.0,1.0
2018,1,Australian Grand Prix,max_verstappen,red_bull,4,6,Finished,8.0,58,max_verstappen_2018_1,0,58.0,93.14186206896552,86.88,31.036807017543858,24.686413793103448,37.32241379310344,SUPERSOFT,SOFT,37.0,2.0,1.0,1.0
2018,1,Australian Grand Prix,hulkenberg,renault,7,7,Finished,6.0,58,hulkenberg_2018_1,0,58.0,93.20610344827585,87.081,30.877140350877195,24.66251724137931,37.551965517241385,ULTRASOFT,SOFT,34.0,2.0,1.0,1.0
2018,1,Australian Grand Prix,bottas,mercedes,15,8,Finished,4.0,58,bottas_2018_1,0,58.0,93.23486206896553,87.019,31.006175438596493,24.69487931034483,37.37194827586207,ULTRASOFT,SUPERSOFT,33.0,2.0,1.0,1.0
2018,1,Australian Grand Prix,vandoorne,mclaren,11,9,Finished,2.0,58,vandoorne_2018_1,0,58.0,93.24489655172414,86.958,30.96521052631579,24.85003448275862,37.29003448275862,ULTRASOFT,SUPERSOFT,33.0,2.0,1.0,1.0
2018,1,Australian Grand Prix,sainz,renault,9,10,Finished,1.0,58,sainz_2018_1,0,58.0,93.43112068965517,87.944,31.003947368421052,24.852,37.44836206896552,ULTRASOFT,SOFT,36.0,2.0,1.0,1.0
2018,1,Australian Grand Prix,perez,force_india,12,11,Finished,0.0,58,perez_2018_1,0,58.0,93.45,87.633,31.030298245614038,24.667706896551724,37.60429310344828,ULTRASOFT,SOFT,34.0,2.0,1.0,1.0
2018,1,Australian Grand Prix,ocon,force_india,14,12,Finished,0.0,58,ocon_2018_1,0,58.0,93.68208620689654,87.6,31.059333333333335,24.752379310344825,37.713775862068964,ULTRASOFT,SOFT,35.0,2.0,1.0,1.0
2018,1,Australian Grand Prix,leclerc,sauber,18,13,Finished,0.0,58,leclerc_2018_1,0,58.0,93.94900000000001,88.759,30.975736842105263,24.883655172413793,37.89972413793104,SUPERSOFT,ULTRASOFT,31.0,3.0,2.0,2.0
2018,1,Australian Grand Prix,stroll,williams,13,14,Finished,0.0,58,stroll_2018_1,0,58.0,93.99260344827586,88.511,31.15859649122807,24.980517241379314,37.703568965517235,SUPERSOFT,ULTRASOFT,29.0,3.0,2.0,2.0
2018,1,Australian Grand Prix,brendon_hartley,toro_rosso,16,15,+1 Lap,0.0,57,brendon_hartley_2018_1,0,57.0,94.66243859649123,88.176,31.27407142857143,24.9160701754386,38.293894736842105,SOFT,ULTRASOFT,33.0,2.0,2.0,2.0
2018,1,Australian Grand Prix,grosjean,haas,6,16,Wheel,0.0,24,grosjean_2018_1,0,24.0,91.36991666666667,88.805,30.168000000000003,24.090958333333333,36.82666666666667,ULTRASOFT,ULTRASOFT,26.0,1.0,1.0,0.0
2018,1,Australian Grand Prix,kevin_magnussen,haas,5,17,Wheel,0.0,22,kevin_magnussen_2018_1,0,22.0,91.43031818181818,89.534,30.135428571428573,24.130499999999998,36.88636363636363,ULTRASOFT,ULTRASOFT,24.0,1.0,1.0,0.0
2018,1,Australian Grand Prix,gasly,toro_rosso,20,18,Engine,0.0,13,gasly_2018_1,0,14.0,93.18853846153846,90.649,30.60823076923077,24.58064285714286,37.09830769230769,ULTRASOFT,ULTRASOFT,13.0,1.0,1.0,0.0
2018,1,Australian Grand Prix,ericsson,sauber,17,19,Steering,0.0,5,ericsson_2018_1,0,6.0,95.0192,92.21,30.872000000000003,24.680833333333336,37.391200000000005,SUPERSOFT,SUPERSOFT,5.0,1.0,1.0,0.0
2018,1,Australian Grand Prix,sirotkin,williams,19,20,Brakes,0.0,4,sirotkin_2018_1,0,5.0,96.53675,92.573,31.107333333333333,25.179000000000002,37.5315,SUPERSOFT,SUPERSOFT,4.0,1.0,0.0,0.0
2018,2,Bahrain Grand Prix,vettel,ferrari,1,1,Finished,25.0,57,vettel_2018_2,0,57.0,96.88858928571429,94.453,31.1384,41.791125,23.96026785714286,SUPERSOFT,SOFT,39.0,2.0,1.0,1.0
2018,2,Bahrain Grand Prix,bottas,mercedes,3,2,Finished,18.0,57,bottas_2018_2,0,57.0,96.90201785714285,93.74,31.04809090909091,41.91933928571429,23.91801785714286,SUPERSOFT,MEDIUM,37.0,2.0,1.0,1.0
2018,2,Bahrain Grand Prix,hamilton,mercedes,9,3,Finished,15.0,57,hamilton_2018_2,0,57.0,97.01046428571429,93.953,31.006327272727273,41.926607142857144,24.003232142857144,SOFT,MEDIUM,31.0,2.0,1.0,1.0
2018,2,Bahrain Grand Prix,gasly,toro_rosso,5,4,Finished,12.0,57,gasly_2018_2,0,57.0,97.98323214285713,94.863,31.81910909090909,42.07155357142857,24.057089285714284,SUPERSOFT,SUPERSOFT,26.0,3.0,2.0,2.0
2018,2,Bahrain Grand Prix,kevin_magnussen,haas,6,5,Finished,10.0,57,kevin_magnussen_2018_2,0,57.0,98.19273684210526,94.327,31.728145454545455,42.31760714285714,24.111232142857144,SUPERSOFT,SOFT,30.0,3.0,2.0,2.0
2018,2,Bahrain Grand Prix,hulkenberg,renault,7,6,Finished,8.0,57,hulkenberg_2018_2,0,57.0,98.61340350877192,94.667,31.739945454545452,42.434107142857144,24.402785714285717,SUPERSOFT,SUPERSOFT,24.0,3.0,2.0,2.0
2018,2,Bahrain Grand Prix,alonso,mclaren,13,7,+1 Lap,6.0,56,alonso_2018_2,0,56.0,98.63482142857143,94.168,31.921907407407407,42.20663636363637,24.44818181818182,SOFT,MEDIUM,25.0,3.0,2.0,2.0
2018,2,Bahrain Grand Prix,vandoorne,mclaren,14,8,+1 Lap,4.0,56,vandoorne_2018_2,0,56.0,98.805875,95.131,32.035472727272726,42.19550909090909,24.50067272727273,SUPERSOFT,MEDIUM,28.0,3.0,2.0,2.0
2018,2,Bahrain Grand Prix,ericsson,sauber,17,9,+1 Lap,2.0,56,ericsson_2018_2,0,56.0,98.88492857142856,95.093,31.703333333333333,42.54078181818182,24.560654545454547,SOFT,MEDIUM,33.0,2.0,1.0,1.0
2018,2,Bahrain Grand Prix,ocon,force_india,8,10,+1 Lap,1.0,56,ocon_2018_2,0,56.0,98.994375,95.043,31.87462962962963,42.593272727272726,24.491727272727275,SUPERSOFT,SOFT,21.0,3.0,2.0,2.0
2018,2,Bahrain Grand Prix,sainz,renault,10,11,+1 Lap,0.0,56,sainz_2018_2,0,56.0,99.1125892857143,95.535,31.89437037037037,42.5994,24.54887272727273,SUPERSOFT,SOFT,40.0,3.0,2.0,2.0
2018,2,Bahrain Grand Prix,leclerc,sauber,19,12,+1 Lap,0.0,56,leclerc_2018_2,0,56.0,99.20669642857142,95.058,32.02337037037037,42.55427272727273,24.552436363636364,SOFT,MEDIUM,31.0,3.0,2.0,2.0
2018,2,Bahrain Grand Prix,grosjean,haas,16,13,+1 Lap,0.0,56,grosjean_2018_2,0,56.0,99.26867857142858,94.053,32.237,42.39803636363636,24.576,SUPERSOFT,SUPERSOFT,17.0,4.0,3.0,3.0
2018,2,Bahrain Grand Prix,stroll,williams,20,14,+1 Lap,0.0,56,stroll_2018_2,0,55.0,99.15269090909091,95.266,31.704277777777776,42.71154545454546,24.646629629629633,SOFT,MEDIUM,26.0,3.0,2.0,2.0
2018,2,Bahrain Grand Prix,sirotkin,williams,18,15,+1 Lap,0.0,56,sirotkin_2018_2,0,56.0,99.63705357142858,94.563,32.19042592592592,42.768254545454546,24.616345454545456,SOFT,SOFT,21.0,3.0,2.0,2.0
2018,2,Bahrain Grand Prix,perez,force_india,12,16,+1 Lap,0.0,56,perez_2018_2,0,56.0,99.13339285714287,95.075,31.85798181818182,42.61205454545455,24.541490909090907,SOFT,SUPERSOFT,24.0,3.0,2.0,2.0
2018,2,Bahrain Grand Prix,brendon_hartley,toro_rosso,11,17,+1 Lap,0.0,56,brendon_hartley_2018_2,0,56.0,99.133875,94.689,32.16748148148148,42.55290909090909,24.35841818181818,SUPERSOFT,SUPERSOFT,22.0,3.0,2.0,2.0
2018,2,Bahrain Grand Prix,raikkonen,ferrari,2,18,Wheel,0.0,35,raikkonen_2018_2,0,34.0,98.16364705882353,94.337,31.59587878787879,42.21155882352941,24.329705882352943,SUPERSOFT,SUPERSOFT,21.0,2.0,2.0,1.0
2018,2,Bahrain Grand Prix,max_verstappen,red_bull,15,19,Puncture,0.0,3,max_verstappen_2018_2,0,4.0,115.883,103.654,48.2915,55.315666666666665,36.66166666666666,SOFT,SUPERSOFT,2.0,2.0,1.0,1.0
2018,2,Bahrain Grand Prix,ricciardo,red_bull,4,20,Electrical,0.0,1,ricciardo_2018_2,0,2.0,98.684,98.684,,41.585,23.559,,,,0.0,0.0,0.0
2018,3,Chinese Grand Prix,ricciardo,red_bull,6,1,Finished,25.0,56,ricciardo_2018_3,0,56.0,100.4982962962963,95.785,27.679290909090913,30.408785714285717,44.303125,ULTRASOFT,ULTRASOFT,49.0,2.0,2.0,2.0
2018,3,Chinese Grand Prix,bottas,mercedes,3,2,Finished,18.0,56,bottas_2018_3,0,56.0,100.4470925925926,96.987,27.51310909090909,30.67105357142857,44.39142857142857,SOFT,SOFT,49.0,2.0,1.0,1.0
2018,3,Chinese Grand Prix,raikkonen,ferrari,2,3,Finished,15.0,56,raikkonen_2018_3,0,56.0,101.617,96.456,27.41163636363636,30.628375000000002,44.533125,SOFT,SOFT,49.0,2.0,1.0,1.0
2018,3,Chinese Grand Prix,hamilton,mercedes,4,4,Finished,12.0,56,hamilton_2018_3,0,56.0,100.73324074074074,96.878,27.36198181818182,30.778660714285714,44.55825,SOFT,SOFT,48.0,2.0,1.0,1.0
2018,3,Chinese Grand Prix,max_verstappen,red_bull,5,5,Finished,10.0,56,max_verstappen_2018_3,0,56.0,100.5494074074074,96.206,27.632272727272728,30.49430357142857,44.464017857142856,ULTRASOFT,ULTRASOFT,48.0,3.0,2.0,2.0
2018,3,Chinese Grand Prix,hulkenberg,renault,7,6,Finished,8.0,56,hulkenberg_2018_3,0,56.0,101.92961818181819,96.881,27.656200000000002,30.725625,44.382428571428576,ULTRASOFT,ULTRASOFT,48.0,3.0,2.0,2.0
2018,3,Chinese Grand Prix,alonso,mclaren,13,7,Finished,6.0,56,alonso_2018_3,0,56.0,102.98248214285715,97.234,27.350472727272727,31.058017857142858,44.50335714285715,SOFT,SOFT,46.0,2.0,1.0,1.0
2018,3,Chinese Grand Prix,vettel,ferrari,1,8,Finished,4.0,56,vettel_2018_3,0,56.0,100.9647037037037,97.479,27.5948,30.78848214285714,44.67239285714286,SOFT,SOFT,47.0,2.0,1.0,1.0
2018,3,Chinese Grand Prix,sainz,renault,9,9,Finished,2.0,56,sainz_2018_3,0,56.0,102.203,97.754,27.696018181818182,30.976107142857142,44.35782142857143,ULTRASOFT,ULTRASOFT,48.0,3.0,2.0,2.0
2018,3,Chinese Grand Prix,kevin_magnussen,haas,11,10,Finished,1.0,56,kevin_magnussen_2018_3,0,56.0,103.14239285714287,98.152,27.538654545454545,30.90725,44.63223214285715,SOFT,SOFT,49.0,2.0,1.0,1.0
2018,3,Chinese Grand Prix,ocon,force_india,12,11,Finished,0.0,56,ocon_2018_3,0,56.0,103.2219642857143,97.985,27.588018181818178,31.095125,44.47246428571429,SOFT,SOFT,45.0,3.0,2.0,2.0
2018,3,Chinese Grand Prix,perez,force_india,8,12,Finished,0.0,56,perez_2018_3,0,56.0,103.23401785714285,97.673,27.633054545454545,31.186035714285712,44.36341071428571,ULTRASOFT,ULTRASOFT,48.0,3.0,2.0,2.0
2018,3,Chinese Grand Prix,vandoorne,mclaren,14,13,Finished,0.0,56,vandoorne_2018_3,0,56.0,103.31701785714286,98.137,27.481018181818182,31.04782142857143,44.71232142857143,SOFT,SOFT,45.0,2.0,1.0,1.0
2018,3,Chinese Grand Prix,stroll,williams,18,14,Finished,0.0,56,stroll_2018_3,0,56.0,103.42625,98.5,27.537127272727272,31.092303571428573,44.725160714285714,SOFT,SOFT,45.0,2.0,1.0,1.0
2018,3,Chinese Grand Prix,sirotkin,williams,16,15,Finished,0.0,56,sirotkin_2018_3,0,56.0,103.475375,98.624,27.942854545454544,30.954089285714286,44.5075,SOFT,SOFT,45.0,3.0,2.0,2.0
2018,3,Chinese Grand Prix,ericsson,sauber,20,16,Finished,0.0,56,ericsson_2018_3,0,56.0,101.60718518518517,98.386,27.70810909090909,30.94716071428571,44.81558928571429,SOFT,SOFT,45.0,2.0,1.0,1.0
2018,3,Chinese Grand Prix,grosjean,haas,10,17,Finished,0.0,56,grosjean_2018_3,0,56.0,103.60135714285715,97.41,27.964836363636365,30.924196428571427,44.66491071428572,ULTRASOFT,ULTRASOFT,48.0,2.0,2.0,2.0
2018,3,Chinese Grand Prix,gasly,toro_rosso,17,18,Finished,0.0,56,gasly_2018_3,0,56.0,102.36129090909091,98.367,27.962127272727272,31.007875000000002,44.38332142857143,MEDIUM,MEDIUM,45.0,3.0,2.0,2.0
2018,3,Chinese Grand Prix,leclerc,sauber,19,19,Finished,0.0,56,leclerc_2018_3,0,56.0,101.8797037037037,98.808,27.982345454545456,31.026946428571428,44.80948214285714,SOFT,SOFT,45.0,2.0,1.0,1.0
2018,3,Chinese Grand Prix,brendon_hartley,toro_rosso,15,20,Collision damage,0.0,51,brendon_hartley_2018_3,0,51.0,102.23510204081633,99.376,28.12414,30.998686274509804,45.209117647058825,ULTRASOFT,ULTRASOFT,45.0,2.0,3.0,2.0
2018,4,Azerbaijan Grand Prix,hamilton,mercedes,2,1,Finished,25.0,51,hamilton_2018_4,0,51.0,109.16035,105.412,42.78336,48.73552941176471,30.524450980392157,SUPERSOFT,SUPERSOFT,26.0,3.0,2.0,2.0
2018,4,Azerbaijan Grand Prix,raikkonen,ferrari,6,2,Finished,18.0,51,raikkonen_2018_4,0,51.0,111.07514634146342,106.523,42.873999999999995,49.07094117647059,30.0691568627451,SOFT,ULTRASOFT,49.0,2.0,2.0,2.0
2018,4,Azerbaijan Grand Prix,perez,force_india,8,3,Finished,15.0,51,perez_2018_4,0,51.0,111.08578048780487,106.206,43.0824,49.31372549019608,29.618529411764708,ULTRASOFT,SOFT,38.0,3.0,2.0,2.0
2018,4,Azerbaijan Grand Prix,vettel,ferrari,1,4,Finished,12.0,51,vettel_2018_4,0,51.0,108.9749,105.53,42.6808,48.67082352941176,30.83456862745098,SUPERSOFT,SUPERSOFT,32.0,3.0,2.0,2.0
2018,4,Azerbaijan Grand Prix,sainz,renault,9,5,Finished,10.0,51,sainz_2018_4,0,51.0,111.4448292682927,106.856,42.908159999999995,48.9801568627451,30.176019607843138,ULTRASOFT,SOFT,25.0,3.0,2.0,2.0
2018,4,Azerbaijan Grand Prix,leclerc,sauber,13,6,Finished,8.0,51,leclerc_2018_4,0,51.0,111.90134146341464,107.403,42.863224489795925,49.173450980392154,30.125215686274508,SUPERSOFT,SUPERSOFT,23.0,3.0,2.0,2.0
2018,4,Azerbaijan Grand Prix,alonso,mclaren,12,7,Finished,6.0,51,alonso_2018_4,0,51.0,112.77453658536587,107.449,42.83224,49.15513725490196,30.0621568627451,SOFT,SOFT,39.0,2.0,2.0,2.0
2018,4,Azerbaijan Grand Prix,stroll,williams,10,8,Finished,4.0,51,stroll_2018_4,0,51.0,111.97097560975611,106.815,42.98808,49.10988235294117,30.095666666666666,SUPERSOFT,SUPERSOFT,22.0,3.0,2.0,2.0
2018,4,Azerbaijan Grand Prix,vandoorne,mclaren,16,9,Finished,2.0,51,vandoorne_2018_4,0,51.0,114.66486046511628,107.666,43.11262,48.86394117647059,30.19147058823529,SUPERSOFT,ULTRASOFT,16.0,5.0,4.0,4.0
2018,4,Azerbaijan Grand Prix,brendon_hartley,toro_rosso,19,10,Finished,1.0,51,brendon_hartley_2018_4,0,51.0,114.05440476190476,108.288,42.42285714285714,49.68066666666667,30.093098039215686,ULTRASOFT,ULTRASOFT,21.0,3.0,3.0,3.0
2018,4,Azerbaijan Grand Prix,ericsson,sauber,18,11,Finished,0.0,51,ericsson_2018_4,0,51.0,118.32676086956522,107.925,43.780860000000004,48.515647058823525,29.805960784313726,SOFT,ULTRASOFT,18.0,4.0,4.0,4.0
2018,4,Azerbaijan Grand Prix,gasly,toro_rosso,17,12,Finished,0.0,51,gasly_2018_4,0,51.0,113.91669047619048,108.035,42.844139999999996,49.40607843137255,30.147019607843138,ULTRASOFT,SOFT,27.0,3.0,2.0,2.0
2018,4,Azerbaijan Grand Prix,kevin_magnussen,haas,15,13,Finished,0.0,51,kevin_magnussen_2018_4,0,51.0,115.56711627906978,108.155,42.87132653061225,49.44878431372549,30.071176470588238,SOFT,SOFT,38.0,2.0,2.0,2.0
2018,4,Azerbaijan Grand Prix,bottas,mercedes,3,14,Puncture,0.0,48,bottas_2018_4,0,49.0,108.56137837837838,105.149,43.054744680851066,49.361916666666666,30.5354375,SUPERSOFT,SUPERSOFT,43.0,2.0,1.0,1.0
2018,4,Azerbaijan Grand Prix,grosjean,haas,20,15,Accident,0.0,42,grosjean_2018_4,0,43.0,111.81013513513514,106.88,41.813121951219514,47.217,28.88252380952381,SOFT,SUPERSOFT,38.0,3.0,2.0,2.0
2018,4,Azerbaijan Grand Prix,max_verstappen,red_bull,5,16,Collision,0.0,39,max_verstappen_2018_4,0,40.0,109.74674285714286,105.771,41.14613157894737,45.87646153846154,28.684717948717946,SUPERSOFT,SUPERSOFT,41.0,2.0,1.0,1.0
2018,4,Azerbaijan Grand Prix,ricciardo,red_bull,4,17,Collision,0.0,39,ricciardo_2018_4,0,40.0,109.72739999999999,105.419,41.244815789473684,46.04282051282051,28.451641025641027,SUPERSOFT,SUPERSOFT,40.0,2.0,1.0,1.0
2018,4,Azerbaijan Grand Prix,hulkenberg,renault,14,18,Accident,0.0,10,hulkenberg_2018_4,0,11.0,119.44633333333333,108.867,48.846666666666664,55.011199999999995,35.033100000000005,ULTRASOFT,ULTRASOFT,13.0,1.0,0.0,0.0
2018,4,Azerbaijan Grand Prix,ocon,force_india,7,19,Collision,0.0,0,ocon_2018_4,0,1.0,,,,,,ULTRASOFT,ULTRASOFT,4.0,1.0,0.0,0.0
2018,4,Azerbaijan Grand Prix,sirotkin,williams,11,20,Collision,0.0,0,sirotkin_2018_4,0,1.0,,,,,,SUPERSOFT,SUPERSOFT,1.0,1.0,0.0,0.0
2018,5,Spanish Grand Prix,hamilton,mercedes,1,1,Finished,25.0,66,hamilton_2018_5,0,66.0,85.75664615384615,79.133,25.406169230769233,32.23762121212121,29.15519696969697,SOFT,MEDIUM,41.0,2.0,1.0,1.0
2018,5,Spanish Grand Prix,bottas,mercedes,2,2,Finished,18.0,66,bottas_2018_5,0,66.0,86.06884615384615,79.478,25.414646153846153,32.344439393939396,29.333954545454546,SOFT,MEDIUM,47.0,2.0,1.0,1.0
2018,5,Spanish Grand Prix,max_verstappen,red_bull,5,3,Finished,15.0,66,max_verstappen_2018_5,0,66.0,86.16466153846153,79.422,25.679615384615385,32.52140909090909,28.973757575757578,SOFT,SOFT,36.0,2.0,1.0,1.0
2018,5,Spanish Grand Prix,vettel,ferrari,3,4,Finished,12.0,66,vettel_2018_5,0,66.0,86.17709230769232,79.128,25.77272307692308,32.30754545454545,29.13039393939394,SOFT,MEDIUM,25.0,3.0,2.0,2.0
2018,5,Spanish Grand Prix,ricciardo,red_bull,6,5,Finished,10.0,66,ricciardo_2018_5,0,66.0,86.51683076923076,78.441,25.82636923076923,32.58257575757575,29.113545454545452,SOFT,MEDIUM,35.0,2.0,1.0,1.0
2018,5,Spanish Grand Prix,kevin_magnussen,haas,7,6,+1 Lap,8.0,65,kevin_magnussen_2018_5,0,65.0,87.379828125,80.246,26.079375,32.92570769230769,29.364984615384614,SOFT,MEDIUM,35.0,2.0,1.0,1.0
2018,5,Spanish Grand Prix,sainz,renault,9,7,+1 Lap,6.0,65,sainz_2018_5,0,65.0,87.95315625,81.324,26.078,33.21523076923077,29.633892307692307,SOFT,MEDIUM,40.0,2.0,1.0,1.0
2018,5,Spanish Grand Prix,alonso,mclaren,8,8,+1 Lap,4.0,65,alonso_2018_5,0,65.0,88.0100625,80.727,25.868234375,33.26364615384615,29.81003076923077,SUPERSOFT,MEDIUM,44.0,2.0,1.0,1.0
2018,5,Spanish Grand Prix,perez,force_india,15,9,+2 Laps,2.0,64,perez_2018_5,0,64.0,88.51044444444445,81.128,26.09631746031746,33.5788125,29.754921875,SOFT,SOFT,30.0,3.0,2.0,2.0
2018,5,Spanish Grand Prix,leclerc,sauber,14,10,+2 Laps,1.0,64,leclerc_2018_5,0,64.0,88.55585714285715,82.122,26.081190476190475,33.55478125,29.910390625,SOFT,MEDIUM,44.0,2.0,1.0,1.0
2018,5,Spanish Grand Prix,stroll,williams,18,11,+2 Laps,0.0,64,stroll_2018_5,0,64.0,88.66655555555556,82.095,26.063650793650794,33.66753125,29.867984375,SOFT,MEDIUM,44.0,2.0,1.0,1.0
2018,5,Spanish Grand Prix,brendon_hartley,toro_rosso,20,12,+2 Laps,0.0,64,brendon_hartley_2018_5,0,64.0,88.85739682539682,81.439,26.110206349206347,33.5483125,30.02559375,SOFT,MEDIUM,31.0,3.0,2.0,2.0
2018,5,Spanish Grand Prix,ericsson,sauber,17,13,+2 Laps,0.0,64,ericsson_2018_5,0,64.0,88.94446031746033,82.487,26.12011111111111,33.591578125,30.0056875,MEDIUM,MEDIUM,34.0,2.0,1.0,1.0
2018,5,Spanish Grand Prix,sirotkin,williams,19,14,+3 Laps,0.0,63,sirotkin_2018_5,0,63.0,91.07001587301588,82.68,26.449516129032258,33.918507936507936,30.501380952380952,SOFT,MEDIUM,22.0,4.0,3.0,3.0
2018,5,Spanish Grand Prix,vandoorne,mclaren,11,15,Gearbox,0.0,45,vandoorne_2018_5,0,46.0,91.4019090909091,82.594,27.2756,34.65175555555555,30.605844444444443,SOFT,SOFT,36.0,2.0,2.0,1.0
2018,5,Spanish Grand Prix,ocon,force_india,13,16,Oil leak,0.0,38,ocon_2018_5,0,39.0,91.15867567567568,82.117,28.08535135135135,34.40931578947369,30.289684210526318,SOFT,SOFT,28.0,2.0,1.0,1.0
2018,5,Spanish Grand Prix,raikkonen,ferrari,4,17,Turbo,0.0,25,raikkonen_2018_5,0,25.0,93.94525,81.531,29.430374999999998,35.48856,31.53408,SOFT,SOFT,27.0,1.0,1.0,0.0
2018,5,Spanish Grand Prix,grosjean,haas,10,18,Collision,0.0,0,grosjean_2018_5,0,1.0,,,,,,SOFT,SOFT,5.0,1.0,0.0,0.0
2018,5,Spanish Grand Prix,gasly,toro_rosso,12,19,Collision,0.0,0,gasly_2018_5,0,1.0,,,,,,SOFT,SOFT,1.0,1.0,0.0,0.0
2018,5,Spanish Grand Prix,hulkenberg,renault,16,20,Collision,0.0,0,hulkenberg_2018_5,0,1.0,,,,,,SOFT,SOFT,1.0,1.0,0.0,0.0
2018,6,Monaco Grand Prix,ricciardo,red_bull,1,1,Finished,25.0,78,ricciardo_2018_6,0,78.0,79.1641923076923,75.562,21.270064935064937,36.64347435897436,21.207346153846153,HYPERSOFT,ULTRASOFT,61.0,2.0,1.0,1.0
2018,6,Monaco Grand Prix,vettel,ferrari,2,2,Finished,18.0,78,vettel_2018_6,0,78.0,79.25824358974359,76.065,21.034896103896102,36.81265384615385,21.353705128205128,HYPERSOFT,ULTRASOFT,62.0,2.0,1.0,1.0
2018,6,Monaco Grand Prix,hamilton,mercedes,3,3,Finished,15.0,78,hamilton_2018_6,0,78.0,79.38230769230769,76.27,20.900324675324676,36.90962820512821,21.505025641025643,HYPERSOFT,ULTRASOFT,71.0,2.0,1.0,1.0
2018,6,Monaco Grand Prix,raikkonen,ferrari,4,4,Finished,12.0,78,raikkonen_2018_6,0,78.0,79.39658974358974,76.392,20.85881818181818,36.96012820512821,21.50396153846154,HYPERSOFT,ULTRASOFT,61.0,2.0,1.0,1.0
2018,6,Monaco Grand Prix,bottas,mercedes,5,5,Finished,10.0,78,bottas_2018_6,0,78.0,79.4055,76.312,20.74635064935065,37.15234615384615,21.425115384615385,HYPERSOFT,SUPERSOFT,61.0,2.0,1.0,1.0
2018,6,Monaco Grand Prix,ocon,force_india,6,6,Finished,8.0,78,ocon_2018_6,0,78.0,79.46761538461539,77.027,20.967363636363636,36.88405128205128,21.531230769230767,HYPERSOFT,SUPERSOFT,55.0,2.0,1.0,1.0
2018,6,Monaco Grand Prix,gasly,toro_rosso,10,7,Finished,6.0,78,gasly_2018_6,0,78.0,79.4761282051282,77.099,20.763363636363636,36.998423076923075,21.606858974358975,HYPERSOFT,SUPERSOFT,41.0,2.0,1.0,1.0
2018,6,Monaco Grand Prix,hulkenberg,renault,11,8,Finished,4.0,78,hulkenberg_2018_6,0,78.0,79.48264102564102,76.061,20.786103896103896,37.02526923076923,21.558743589743592,ULTRASOFT,ULTRASOFT,49.0,2.0,1.0,1.0
2018,6,Monaco Grand Prix,max_verstappen,red_bull,20,9,Finished,2.0,78,max_verstappen_2018_6,0,78.0,79.48876923076922,74.26,20.826818181818183,36.9879358974359,21.532307692307693,ULTRASOFT,ULTRASOFT,46.0,2.0,1.0,1.0
2018,6,Monaco Grand Prix,sainz,renault,8,10,Finished,1.0,78,sainz_2018_6,0,78.0,80.04897435897435,77.491,20.909,37.408243589743584,21.634346153846156,HYPERSOFT,ULTRASOFT,62.0,2.0,1.0,1.0
2018,6,Monaco Grand Prix,ericsson,sauber,16,11,Finished,0.0,78,ericsson_2018_6,0,78.0,80.05988461538462,76.936,21.155805194805197,37.233,21.54021794871795,ULTRASOFT,SUPERSOFT,61.0,2.0,1.0,1.0
2018,6,Monaco Grand Prix,perez,force_india,9,12,Finished,0.0,78,perez_2018_6,0,78.0,80.06753846153846,77.546,21.12962337662338,37.22212820512821,21.616,HYPERSOFT,SUPERSOFT,57.0,2.0,1.0,1.0
2018,6,Monaco Grand Prix,kevin_magnussen,haas,19,13,Finished,0.0,78,kevin_magnussen_2018_6,0,78.0,80.12346153846154,77.476,21.194376623376623,37.29711538461539,21.490166666666667,ULTRASOFT,SUPERSOFT,62.0,2.0,1.0,1.0
2018,6,Monaco Grand Prix,vandoorne,mclaren,12,14,+1 Lap,0.0,77,vandoorne_2018_6,0,77.0,80.19531168831169,76.864,21.164578947368422,37.318090909090905,21.594064935064935,ULTRASOFT,SUPERSOFT,52.0,3.0,2.0,2.0
2018,6,Monaco Grand Prix,grosjean,haas,18,15,+1 Lap,0.0,77,grosjean_2018_6,0,77.0,80.58506493506493,74.822,21.247552631578948,37.35075324675324,21.83984415584416,ULTRASOFT,SUPERSOFT,54.0,3.0,2.0,2.0
2018,6,Monaco Grand Prix,sirotkin,williams,13,16,+1 Lap,0.0,77,sirotkin_2018_6,0,77.0,80.8627012987013,75.325,21.124,37.4972987012987,22.127207792207795,HYPERSOFT,ULTRASOFT,30.0,4.0,3.0,3.0
2018,6,Monaco Grand Prix,stroll,williams,17,17,+2 Laps,0.0,76,stroll_2018_6,0,76.0,81.67786842105264,74.944,21.083586666666665,37.88306578947368,22.573697368421055,ULTRASOFT,HYPERSOFT,26.0,4.0,3.0,3.0
2018,6,Monaco Grand Prix,leclerc,sauber,14,18,Collision,0.0,70,leclerc_2018_6,0,71.0,79.66074285714286,77.71,20.952884057971016,37.15475714285714,21.417485714285714,ULTRASOFT,SUPERSOFT,57.0,2.0,1.0,1.0
2018,6,Monaco Grand Prix,brendon_hartley,toro_rosso,15,19,Collision,0.0,70,brendon_hartley_2018_6,0,71.0,79.63727142857144,77.172,20.883971428571428,37.20677464788732,21.55277142857143,HYPERSOFT,ULTRASOFT,58.0,2.0,2.0,1.0
2018,6,Monaco Grand Prix,alonso,mclaren,7,20,Gearbox,0.0,52,alonso_2018_6,0,53.0,79.68798076923076,77.018,20.738235294117647,37.23803846153846,21.572115384615383,HYPERSOFT,SUPERSOFT,34.0,2.0,1.0,1.0
2018,7,Canadian Grand Prix,vettel,ferrari,1,1,Finished,25.0,68,vettel_2018_7,0,70.0,78.03325714285714,73.964,21.467144927536232,25.05517142857143,31.454985714285716,ULTRASOFT,ULTRASOFT,38.0,2.0,1.0,1.0
2018,7,Canadian Grand Prix,bottas,mercedes,2,2,Finished,18.0,68,bottas_2018_7,0,70.0,78.11578571428572,73.992,21.509434782608697,24.95942857142857,31.57655714285714,ULTRASOFT,ULTRASOFT,38.0,2.0,1.0,1.0
2018,7,Canadian Grand Prix,max_verstappen,red_bull,3,3,Finished,15.0,68,max_verstappen_2018_7,0,70.0,78.11745714285713,73.864,21.48495652173913,24.987914285714286,31.563585714285715,HYPERSOFT,SUPERSOFT,54.0,2.0,1.0,1.0
2018,7,Canadian Grand Prix,ricciardo,red_bull,6,4,Finished,12.0,68,ricciardo_2018_7,0,70.0,78.28490000000001,73.835,21.5986231884058,25.1315,31.461342857142856,HYPERSOFT,SUPERSOFT,53.0,2.0,1.0,1.0
2018,7,Canadian Grand Prix,hamilton,mercedes,4,5,Finished,10.0,68,hamilton_2018_7,0,70.0,78.33984285714286,74.183,21.650753623188407,25.030285714285714,31.572314285714285,ULTRASOFT,SUPERSOFT,54.0,2.0,1.0,1.0
2018,7,Canadian Grand Prix,raikkonen,ferrari,5,6,Finished,8.0,68,raikkonen_2018_7,0,70.0,78.42450000000001,74.075,21.8334347826087,25.117800000000003,31.378585714285716,ULTRASOFT,SUPERSOFT,38.0,2.0,1.0,1.0
2018,7,Canadian Grand Prix,hulkenberg,renault,7,7,+1 Lap,6.0,67,hulkenberg_2018_7,0,69.0,79.52398550724638,75.488,22.049794117647057,25.491942028985505,31.878478260869564,HYPERSOFT,SUPERSOFT,56.0,2.0,1.0,1.0
2018,7,Canadian Grand Prix,sainz,renault,9,8,+1 Lap,4.0,67,sainz_2018_7,0,69.0,79.57914492753623,75.666,22.125514705882352,25.518304347826085,31.829,HYPERSOFT,SUPERSOFT,55.0,2.0,1.0,1.0
2018,7,Canadian Grand Prix,ocon,force_india,8,9,+1 Lap,2.0,67,ocon_2018_7,0,69.0,79.60095652173914,75.498,22.14813235294118,25.642028985507245,31.710753623188406,HYPERSOFT,SUPERSOFT,58.0,2.0,1.0,1.0
2018,7,Canadian Grand Prix,leclerc,sauber,13,10,+1 Lap,1.0,67,leclerc_2018_7,0,69.0,79.74392753623188,75.351,22.0685,25.731753623188407,31.82639130434783,ULTRASOFT,SUPERSOFT,50.0,2.0,1.0,1.0
2018,7,Canadian Grand Prix,gasly,toro_rosso,16,11,+1 Lap,0.0,67,gasly_2018_7,0,69.0,79.81808695652174,75.699,22.27945588235294,25.61495652173913,31.77572463768116,HYPERSOFT,SUPERSOFT,46.0,2.0,1.0,1.0
2018,7,Canadian Grand Prix,grosjean,haas,20,12,+1 Lap,0.0,67,grosjean_2018_7,0,69.0,79.82360869565217,75.47,22.196867647058824,25.626724637681157,31.84417391304348,ULTRASOFT,ULTRASOFT,47.0,2.0,1.0,1.0
2018,7,Canadian Grand Prix,kevin_magnussen,haas,11,13,+1 Lap,0.0,67,kevin_magnussen_2018_7,0,69.0,79.87555072463769,75.401,22.144088235294117,25.64385507246377,31.96691304347826,ULTRASOFT,SUPERSOFT,47.0,2.0,1.0,1.0
2018,7,Canadian Grand Prix,perez,force_india,10,14,+1 Lap,0.0,67,perez_2018_7,0,69.0,79.8471884057971,75.1,22.235558823529413,25.59155072463768,31.908246376811594,HYPERSOFT,SUPERSOFT,35.0,3.0,2.0,2.0
2018,7,Canadian Grand Prix,ericsson,sauber,19,15,+2 Laps,0.0,66,ericsson_2018_7,0,68.0,80.50670588235295,76.403,22.422447761194032,25.87655882352941,32.04720588235294,SUPERSOFT,SUPERSOFT,67.0,1.0,1.0,1.0
2018,7,Canadian Grand Prix,vandoorne,mclaren,15,16,+2 Laps,0.0,66,vandoorne_2018_7,0,68.0,80.5319411764706,75.765,22.186850746268657,25.803161764705884,32.402058823529416,SUPERSOFT,SUPERSOFT,47.0,2.0,2.0,2.0
2018,7,Canadian Grand Prix,sirotkin,williams,18,17,+2 Laps,0.0,66,sirotkin_2018_7,0,68.0,80.86325,75.924,22.12336923076923,25.472166666666666,32.16726470588235,SUPERSOFT,ULTRASOFT,42.0,2.0,1.0,1.0
2018,7,Canadian Grand Prix,alonso,mclaren,14,18,Exhaust,0.0,40,alonso_2018_7,0,41.0,82.119675,76.18,22.72695,26.635756097560975,32.723924999999994,ULTRASOFT,SUPERSOFT,23.0,2.0,2.0,2.0
2018,7,Canadian Grand Prix,brendon_hartley,toro_rosso,12,19,Collision,0.0,0,brendon_hartley_2018_7,0,1.0,,,,,,HYPERSOFT,HYPERSOFT,1.0,1.0,0.0,0.0
2018,7,Canadian Grand Prix,stroll,williams,17,20,Collision,0.0,0,stroll_2018_7,0,1.0,,,,,,ULTRASOFT,ULTRASOFT,1.0,1.0,0.0,0.0
2018,8,French Grand Prix,hamilton,mercedes,1,1,Finished,25.0,53,hamilton_2018_8,0,53.0,101.00761538461538,94.509,25.880307692307692,30.85467924528302,45.27598113207547,SUPERSOFT,SUPERSOFT,34.0,2.0,1.0,1.0
2018,8,French Grand Prix,max_verstappen,red_bull,4,2,Finished,18.0,53,max_verstappen_2018_8,0,53.0,101.14817307692307,94.275,25.927673076923078,30.73767924528302,45.45998113207547,SUPERSOFT,SOFT,28.0,2.0,1.0,1.0
2018,8,French Grand Prix,raikkonen,ferrari,6,3,Finished,15.0,53,raikkonen_2018_8,0,53.0,101.49730769230769,94.398,25.905134615384615,31.013716981132077,45.51166037735849,ULTRASOFT,ULTRASOFT,36.0,2.0,1.0,1.0
2018,8,French Grand Prix,ricciardo,red_bull,5,4,Finished,12.0,53,ricciardo_2018_8,0,53.0,101.68736538461539,95.382,25.90626923076923,30.936981132075474,45.77790566037736,SUPERSOFT,SUPERSOFT,32.0,2.0,1.0,1.0
2018,8,French Grand Prix,vettel,ferrari,3,5,Finished,10.0,53,vettel_2018_8,0,53.0,102.31542307692308,94.485,25.597557692307696,31.154999999999998,46.32639622641509,SOFT,SOFT,39.0,2.0,2.0,2.0
2018,8,French Grand Prix,kevin_magnussen,haas,9,6,Finished,8.0,53,kevin_magnussen_2018_8,0,53.0,102.54725,95.425,26.212173076923076,31.431150943396226,45.816169811320755,ULTRASOFT,ULTRASOFT,30.0,2.0,1.0,1.0
2018,8,French Grand Prix,bottas,mercedes,2,7,Finished,6.0,53,bottas_2018_8,0,53.0,102.66511538461539,94.225,25.644653846153844,31.076264150943395,45.18009615384615,SOFT,SOFT,38.0,2.0,2.0,2.0
2018,8,French Grand Prix,sainz,renault,7,8,Finished,4.0,53,sainz_2018_8,0,53.0,102.69449999999999,95.638,26.09590384615385,31.464283018867924,46.06692452830189,ULTRASOFT,SOFT,28.0,2.0,1.0,1.0
2018,8,French Grand Prix,hulkenberg,renault,12,9,Finished,2.0,53,hulkenberg_2018_8,0,53.0,102.75078846153846,95.873,26.182057692307694,31.39469811320755,46.091584905660376,SOFT,SOFT,36.0,2.0,1.0,1.0
2018,8,French Grand Prix,leclerc,sauber,8,10,Finished,1.0,53,leclerc_2018_8,0,53.0,102.82103846153846,95.977,26.40671153846154,31.24309433962264,46.07716981132076,ULTRASOFT,ULTRASOFT,33.0,2.0,1.0,1.0
2018,8,French Grand Prix,grosjean,haas,10,11,+1 Lap,0.0,52,grosjean_2018_8,0,52.0,103.18599999999999,95.695,26.418686274509806,31.528846153846153,46.16828846153847,ULTRASOFT,ULTRASOFT,36.0,2.0,1.0,1.0
2018,8,French Grand Prix,vandoorne,mclaren,17,12,+1 Lap,0.0,52,vandoorne_2018_8,0,52.0,102.7289,96.675,26.200333333333337,31.652423076923075,46.538673076923075,SUPERSOFT,SUPERSOFT,39.0,2.0,1.0,1.0
2018,8,French Grand Prix,ericsson,sauber,15,13,+1 Lap,0.0,52,ericsson_2018_8,0,52.0,103.86750980392158,96.494,26.44535294117647,31.65992307692308,46.68673076923077,SUPERSOFT,SUPERSOFT,34.0,2.0,1.0,1.0
2018,8,French Grand Prix,brendon_hartley,toro_rosso,20,14,+1 Lap,0.0,52,brendon_hartley_2018_8,0,52.0,103.16434,96.839,26.105901960784315,31.83857692307692,46.82480769230769,ULTRASOFT,ULTRASOFT,37.0,2.0,1.0,1.0
2018,8,French Grand Prix,sirotkin,williams,18,15,+1 Lap,0.0,52,sirotkin_2018_8,0,52.0,104.30978431372549,98.3,26.073058823529415,31.708346153846154,47.24948076923077,SOFT,SOFT,51.0,1.0,1.0,1.0
2018,8,French Grand Prix,alonso,mclaren,16,16,Wheel,0.0,50,alonso_2018_8,0,51.0,104.31202040816326,95.133,26.33556,31.99921568627451,47.12972,SOFT,SOFT,45.0,2.0,3.0,2.0
2018,8,French Grand Prix,stroll,williams,19,17,Puncture,0.0,48,stroll_2018_8,0,49.0,103.77497872340426,98.319,26.03963829787234,31.7801875,46.75975,SOFT,SOFT,48.0,1.0,1.0,1.0
2018,8,French Grand Prix,perez,force_india,13,18,Engine,0.0,27,perez_2018_8,0,28.0,106.24253846153846,98.319,27.53040740740741,32.65207142857143,47.623925925925924,SOFT,SOFT,27.0,1.0,1.0,0.0
2018,8,French Grand Prix,ocon,force_india,11,19,Collision,0.0,0,ocon_2018_8,0,1.0,,,,,,ULTRASOFT,ULTRASOFT,1.0,1.0,0.0,0.0
2018,8,French Grand Prix,gasly,toro_rosso,14,20,Collision,0.0,0,gasly_2018_8,0,1.0,,,,,,SUPERSOFT,SUPERSOFT,1.0,1.0,0.0,0.0
2018,9,Austrian Grand Prix,max_verstappen,red_bull,4,1,Finished,25.0,71,max_verstappen_2018_9,0,71.0,69.23977464788733,67.442,17.604042857142854,30.529704225352113,21.059450704225352,SUPERSOFT,SOFT,56.0,2.0,1.0,1.0
2018,9,Austrian Grand Prix,raikkonen,ferrari,3,2,Finished,18.0,71,raikkonen_2018_9,0,71.0,69.26095774647888,66.957,17.545414285714287,30.611577464788734,21.057985915492957,ULTRASOFT,SOFT,56.0,2.0,1.0,1.0
2018,9,Austrian Grand Prix,vettel,ferrari,6,3,Finished,15.0,71,vettel_2018_9,0,71.0,69.28457746478873,67.082,17.623314285714287,30.53885915492958,21.061211267605636,ULTRASOFT,SOFT,56.0,2.0,1.0,1.0
2018,9,Austrian Grand Prix,grosjean,haas,5,4,+1 Lap,12.0,70,grosjean_2018_9,0,70.0,70.53494285714285,69.071,18.015159420289855,31.036499999999997,21.435757142857142,ULTRASOFT,SOFT,55.0,2.0,1.0,1.0
2018,9,Austrian Grand Prix,kevin_magnussen,haas,8,5,+1 Lap,10.0,70,kevin_magnussen_2018_9,0,70.0,70.55749999999999,68.476,18.007028985507244,30.960214285714287,21.53537142857143,ULTRASOFT,SOFT,42.0,2.0,1.0,1.0
2018,9,Austrian Grand Prix,ocon,force_india,11,6,+1 Lap,8.0,70,ocon_2018_9,0,70.0,70.7135,68.85,17.804710144927537,31.16335714285714,21.680028571428572,SUPERSOFT,SOFT,55.0,2.0,1.0,1.0
2018,9,Austrian Grand Prix,perez,force_india,16,7,+1 Lap,6.0,70,perez_2018_9,0,70.0,70.7349,68.504,17.81004347826087,31.2301,21.624185714285716,SUPERSOFT,SOFT,43.0,2.0,1.0,1.0
2018,9,Austrian Grand Prix,alonso,mclaren,13,8,+1 Lap,4.0,70,alonso_2018_9,0,70.0,70.94518571428571,68.661,17.822434782608696,31.287828571428573,21.711757142857145,SUPERSOFT,SOFT,55.0,2.0,1.0,2.0
2018,9,Austrian Grand Prix,leclerc,sauber,18,9,+1 Lap,2.0,70,leclerc_2018_9,0,70.0,71.0067,69.006,17.851926470588236,31.201941176470587,21.752840579710142,SUPERSOFT,SOFT,55.0,2.0,1.0,1.0
2018,9,Austrian Grand Prix,ericsson,sauber,20,10,+1 Lap,1.0,70,ericsson_2018_9,0,70.0,71.01447142857143,68.216,17.81453623188406,31.298800000000004,21.8203,SOFT,SOFT,44.0,2.0,1.0,1.0
2018,9,Austrian Grand Prix,gasly,toro_rosso,12,11,+1 Lap,0.0,70,gasly_2018_9,0,70.0,71.10457142857142,69.295,17.893652173913043,31.347057142857143,21.798257142857143,SUPERSOFT,SOFT,55.0,2.0,1.0,1.0
2018,9,Austrian Grand Prix,sainz,renault,9,12,+1 Lap,0.0,70,sainz_2018_9,0,70.0,71.17630000000001,68.766,18.188130434782607,31.2499,21.68062857142857,ULTRASOFT,SUPERSOFT,36.0,3.0,2.0,2.0
2018,9,Austrian Grand Prix,sirotkin,williams,17,13,+2 Laps,0.0,69,sirotkin_2018_9,0,69.0,71.76897101449276,68.971,18.278264705882354,31.435057971014498,21.986565217391306,SUPERSOFT,SOFT,36.0,3.0,2.0,2.0
2018,9,Austrian Grand Prix,stroll,williams,14,14,+2 Laps,0.0,69,stroll_2018_9,0,69.0,71.65057971014494,69.203,18.22258823529412,31.517666666666667,21.848449275362317,ULTRASOFT,SOFT,50.0,3.0,2.0,2.0
2018,9,Austrian Grand Prix,vandoorne,mclaren,15,15,Collision damage,0.0,65,vandoorne_2018_9,0,65.0,72.75213846153846,68.894,18.915515625,31.702769230769228,22.073892307692308,SOFT,SOFT,39.0,2.0,3.0,2.0
2018,9,Austrian Grand Prix,hamilton,mercedes,2,16,Fuel pressure,0.0,62,hamilton_2018_9,0,63.0,69.92987096774193,67.241,17.79260655737705,30.878500000000003,21.212403225806455,SUPERSOFT,SUPERSOFT,27.0,3.0,2.0,2.0
2018,9,Austrian Grand Prix,brendon_hartley,toro_rosso,19,17,Hydraulics,0.0,54,brendon_hartley_2018_9,0,55.0,71.7286111111111,69.171,17.708132075471696,31.47283333333333,22.432462962962965,SUPERSOFT,SUPERSOFT,54.0,1.0,0.0,0.0
2018,9,Austrian Grand Prix,ricciardo,red_bull,7,18,Exhaust,0.0,53,ricciardo_2018_9,0,54.0,70.2691320754717,67.591,18.1265,30.720471698113208,21.358735849056604,SUPERSOFT,SUPERSOFT,34.0,3.0,2.0,2.0
2018,9,Austrian Grand Prix,bottas,mercedes,1,19,Hydraulics,0.0,13,bottas_2018_9,0,14.0,69.786,69.044,17.374583333333334,30.878153846153847,21.242153846153847,SUPERSOFT,SUPERSOFT,16.0,1.0,0.0,0.0
2018,9,Austrian Grand Prix,hulkenberg,renault,10,20,Engine,0.0,11,hulkenberg_2018_9,0,12.0,71.81218181818181,70.38,17.520699999999998,31.565181818181816,22.320545454545456,ULTRASOFT,ULTRASOFT,14.0,1.0,0.0,0.0
2018,10,British Grand Prix,vettel,ferrari,2,1,Finished,25.0,52,vettel_2018_10,0,52.0,97.84977551020408,90.696,32.472686274509805,41.23278846153846,27.263692307692306,SOFT,SOFT,21.0,3.0,2.0,2.0
2018,10,British Grand Prix,hamilton,mercedes,1,2,Finished,18.0,52,hamilton_2018_10,0,52.0,101.00092307692307,91.245,32.226627450980395,41.3655,27.24211538461538,SOFT,MEDIUM,28.0,2.0,1.0,1.0
2018,10,British Grand Prix,raikkonen,ferrari,3,3,Finished,15.0,52,raikkonen_2018_10,0,52.0,101.02761538461537,90.795,32.49449019607843,41.334096153846154,27.153826923076924,SOFT,SOFT,20.0,3.0,2.0,2.0
2018,10,British Grand Prix,bottas,mercedes,4,4,Finished,12.0,52,bottas_2018_10,0,52.0,100.16786274509803,91.377,32.24392156862745,41.328788461538466,27.54982692307692,SOFT,MEDIUM,31.0,2.0,1.0,1.0
2018,10,British Grand Prix,ricciardo,red_bull,6,5,Finished,10.0,52,ricciardo_2018_10,0,52.0,101.14007692307692,91.589,32.54486274509804,41.37492307692308,27.180307692307693,SOFT,SOFT,22.0,3.0,2.0,2.0
2018,10,British Grand Prix,hulkenberg,renault,11,6,Finished,8.0,52,hulkenberg_2018_10,0,52.0,101.50007692307692,93.405,32.25192156862745,41.48238461538461,27.707346153846153,MEDIUM,HARD,32.0,2.0,1.0,1.0
2018,10,British Grand Prix,ocon,force_india,10,7,Finished,6.0,52,ocon_2018_10,0,52.0,101.53296153846154,93.606,32.246235294117646,41.4571923076923,27.754269230769232,SOFT,MEDIUM,33.0,2.0,1.0,1.0
2018,10,British Grand Prix,alonso,mclaren,13,8,Finished,4.0,52,alonso_2018_10,0,52.0,101.55575,93.482,32.432686274509805,41.442269230769234,27.593999999999998,SOFT,SOFT,22.0,3.0,2.0,2.0
2018,10,British Grand Prix,kevin_magnussen,haas,7,9,Finished,2.0,52,kevin_magnussen_2018_10,0,52.0,101.59561538461539,93.604,32.22843137254902,41.57871153846153,27.709134615384617,SOFT,MEDIUM,27.0,2.0,1.0,1.0
2018,10,British Grand Prix,perez,force_india,12,10,Finished,1.0,52,perez_2018_10,0,52.0,101.62484615384616,93.472,32.462117647058825,41.38734615384615,27.377846153846153,SOFT,SOFT,23.0,3.0,2.0,2.0
2018,10,British Grand Prix,vandoorne,mclaren,17,11,Finished,0.0,52,vandoorne_2018_10,0,52.0,101.64534615384615,93.551,32.77306,41.441372549019604,27.44623076923077,SOFT,SOFT,20.0,3.0,2.0,2.0
2018,10,British Grand Prix,stroll,williams,19,12,Finished,0.0,52,stroll_2018_10,0,52.0,101.69019230769231,93.869,32.39107843137255,41.51611538461539,27.640903846153847,MEDIUM,MEDIUM,29.0,2.0,1.0,2.0
2018,10,British Grand Prix,gasly,toro_rosso,14,13,Finished,0.0,52,gasly_2018_10,0,52.0,101.61371153846153,93.465,32.74549019607843,41.32357692307692,27.468999999999998,SOFT,SOFT,23.0,3.0,2.0,2.0
2018,10,British Grand Prix,sirotkin,williams,18,14,Finished,0.0,52,sirotkin_2018_10,0,52.0,101.88263461538462,94.62,32.42250980392157,41.60786538461538,27.72501923076923,SOFT,MEDIUM,31.0,2.0,1.0,2.0
2018,10,British Grand Prix,max_verstappen,red_bull,5,15,Brakes,0.0,46,max_verstappen_2018_10,0,47.0,102.62345652173913,92.007,32.99797777777778,41.720565217391304,27.87,SOFT,SOFT,19.0,3.0,2.0,2.0
2018,10,British Grand Prix,grosjean,haas,8,16,Collision,0.0,37,grosjean_2018_10,0,38.0,100.46378378378378,94.391,32.06469444444444,41.03808108108108,27.23437837837838,SOFT,SOFT,28.0,2.0,1.0,1.0
2018,10,British Grand Prix,sainz,renault,16,17,Collision,0.0,37,sainz_2018_10,0,38.0,100.46900000000001,94.602,32.383250000000004,40.85318918918919,27.12435135135135,MEDIUM,MEDIUM,16.0,3.0,2.0,2.0
2018,10,British Grand Prix,ericsson,sauber,15,18,Accident,0.0,31,ericsson_2018_10,0,32.0,96.5741935483871,93.675,30.907633333333333,39.257129032258064,26.206225806451613,SOFT,SOFT,23.0,2.0,1.0,1.0
2018,10,British Grand Prix,leclerc,sauber,9,19,Tyre,0.0,18,leclerc_2018_10,0,18.0,95.9375,95.209,30.08523529411765,39.247388888888885,26.2685,SOFT,SOFT,22.0,1.0,1.0,0.0
2018,10,British Grand Prix,brendon_hartley,toro_rosso,0,20,Power Unit,0.0,1,brendon_hartley_2018_10,1,1.0,174.472,174.472,,46.262,30.246,,,,0.0,1.0,1.0
2018,11,German Grand Prix,hamilton,mercedes,14,1,Finished,25.0,67,hamilton_2018_11,0,67.0,82.83350746268657,75.545,18.38039393939394,38.78883582089552,25.55810447761194,SOFT,SOFT,41.0,2.0,1.0,1.0
2018,11,German Grand Prix,bottas,mercedes,2,2,Finished,18.0,67,bottas_2018_11,0,67.0,82.90119402985074,75.721,18.651530303030302,38.731402985074624,25.47962686567164,ULTRASOFT,ULTRASOFT,30.0,3.0,2.0,2.0
2018,11,German Grand Prix,raikkonen,ferrari,3,3,Finished,15.0,67,raikkonen_2018_11,0,67.0,82.93398507462688,75.99,18.49262121212121,38.72697014925373,25.665552238805972,ULTRASOFT,SOFT,39.0,3.0,2.0,2.0
2018,11,German Grand Prix,max_verstappen,red_bull,4,4,Finished,12.0,67,max_verstappen_2018_11,0,67.0,82.94774626865672,75.852,18.54440909090909,38.83791044776119,25.510462686567166,ULTRASOFT,ULTRASOFT,31.0,4.0,3.0,3.0
2018,11,German Grand Prix,hulkenberg,renault,7,5,Finished,10.0,67,hulkenberg_2018_11,0,67.0,83.23065671641791,77.91,18.73080303030303,38.64971641791045,25.781179104477612,ULTRASOFT,MEDIUM,33.0,4.0,3.0,3.0
2018,11,German Grand Prix,grosjean,haas,6,6,Finished,8.0,67,grosjean_2018_11,0,67.0,83.26441791044776,76.716,18.906984848484846,38.59811940298508,25.68785074626866,ULTRASOFT,ULTRASOFT,30.0,4.0,3.0,3.0
2018,11,German Grand Prix,perez,force_india,10,7,Finished,6.0,67,perez_2018_11,0,67.0,83.2895671641791,77.867,18.60527272727273,38.77153731343284,25.829492537313435,ULTRASOFT,SOFT,45.0,2.0,1.0,1.0
2018,11,German Grand Prix,ocon,force_india,15,8,Finished,4.0,67,ocon_2018_11,0,67.0,83.3073880597015,77.941,18.5324696969697,38.61437313432836,26.062567164179104,ULTRASOFT,SOFT,42.0,2.0,1.0,1.0
2018,11,German Grand Prix,ericsson,sauber,13,9,Finished,2.0,67,ericsson_2018_11,0,67.0,83.31652238805971,77.745,18.477818181818183,38.733925373134326,26.010955223880597,SOFT,SOFT,37.0,2.0,1.0,1.0
2018,11,German Grand Prix,brendon_hartley,toro_rosso,17,10,Finished,1.0,67,brendon_hartley_2018_11,0,67.0,83.3439104477612,77.681,18.519045454545456,38.72465671641791,25.99261194029851,SOFT,SOFT,27.0,3.0,2.0,2.0
2018,11,German Grand Prix,kevin_magnussen,haas,5,11,Finished,0.0,67,kevin_magnussen_2018_11,0,67.0,83.35468656716418,77.697,19.098772727272728,38.45210447761194,25.746671641791046,ULTRASOFT,MEDIUM,31.0,4.0,3.0,3.0
2018,11,German Grand Prix,sainz,renault,8,12,Finished,0.0,67,sainz_2018_11,0,67.0,83.32707462686567,77.43,18.78872727272727,38.45308955223881,26.010253731343283,ULTRASOFT,MEDIUM,30.0,4.0,3.0,3.0
2018,11,German Grand Prix,vandoorne,mclaren,19,13,Finished,0.0,67,vandoorne_2018_11,0,67.0,83.52928358208955,77.537,18.786772727272727,38.99358208955224,25.636805970149254,SOFT,SOFT,28.0,3.0,2.0,2.0
2018,11,German Grand Prix,gasly,toro_rosso,16,14,+1 Lap,0.0,66,gasly_2018_11,0,66.0,84.6740909090909,77.762,18.933923076923076,39.01721212121212,26.615863636363635,SOFT,SOFT,42.0,3.0,2.0,2.0
2018,11,German Grand Prix,leclerc,sauber,9,15,+1 Lap,0.0,66,leclerc_2018_11,0,66.0,84.70124242424242,77.852,19.132578125,38.92173846153846,26.344515151515154,ULTRASOFT,ULTRASOFT,27.0,4.0,3.0,3.0
2018,11,German Grand Prix,alonso,mclaren,11,16,Retired,0.0,65,alonso_2018_11,0,65.0,84.8137846153846,77.741,19.25153125,39.14655384615384,26.337630769230767,SOFT,SOFT,30.0,4.0,4.0,3.0
2018,11,German Grand Prix,stroll,williams,18,17,Engine,0.0,53,stroll_2018_11,0,53.0,84.08443396226416,78.861,18.68575,39.010698113207546,26.25881132075472,SOFT,SOFT,26.0,3.0,3.0,2.0
2018,11,German Grand Prix,vettel,ferrari,1,18,Accident,0.0,51,vettel_2018_11,0,52.0,79.092,77.29,17.56974,37.123745098039215,24.34086274509804,ULTRASOFT,SOFT,27.0,2.0,1.0,1.0
2018,11,German Grand Prix,sirotkin,williams,12,19,Engine,0.0,51,sirotkin_2018_11,0,51.0,82.33921568627451,78.934,18.29548,38.2698431372549,25.64286274509804,SOFT,SOFT,27.0,2.0,2.0,1.0
2018,11,German Grand Prix,ricciardo,red_bull,20,20,Engine,0.0,27,ricciardo_2018_11,0,28.0,80.25403703703704,78.262,17.541115384615384,37.46018518518518,24.92125925925926,MEDIUM,MEDIUM,27.0,1.0,0.0,0.0
2018,12,Hungarian Grand Prix,hamilton,mercedes,1,1,Finished,25.0,70,hamilton_2018_12,0,70.0,83.37752857142857,81.107,29.956840579710143,29.829071428571428,23.545099999999998,ULTRASOFT,SOFT,45.0,2.0,1.0,1.0
2018,12,Hungarian Grand Prix,vettel,ferrari,4,2,Finished,18.0,70,vettel_2018_12,0,70.0,83.62214285714286,80.056,29.854999999999997,30.04575714285714,23.66172857142857,SOFT,SOFT,38.0,2.0,1.0,1.0
2018,12,Hungarian Grand Prix,raikkonen,ferrari,3,3,Finished,15.0,70,raikkonen_2018_12,0,70.0,83.66468571428572,80.292,30.05595652173913,29.959342857142857,23.588885714285713,ULTRASOFT,SOFT,32.0,3.0,2.0,2.0
2018,12,Hungarian Grand Prix,ricciardo,red_bull,12,4,Finished,12.0,70,ricciardo_2018_12,0,70.0,84.04065714285714,80.012,29.938057971014494,30.293742857142856,23.69608571428571,SOFT,SOFT,43.0,2.0,1.0,1.0
2018,12,Hungarian Grand Prix,bottas,mercedes,2,5,Finished,10.0,70,bottas_2018_12,0,70.0,84.09181428571428,81.736,30.080289855072465,30.16625714285714,23.796214285714285,ULTRASOFT,SOFT,55.0,2.0,1.0,1.0
2018,12,Hungarian Grand Prix,gasly,toro_rosso,6,6,Finished,8.0,70,gasly_2018_12,0,70.0,84.42428571428572,81.685,30.412724637681162,30.226871428571428,23.709985714285715,ULTRASOFT,SOFT,38.0,2.0,1.0,1.0
2018,12,Hungarian Grand Prix,kevin_magnussen,haas,9,7,+1 Lap,6.0,69,kevin_magnussen_2018_12,0,69.0,84.65776811594203,81.302,30.22770588235294,30.47514492753623,23.873985507246378,ULTRASOFT,SOFT,38.0,2.0,1.0,1.0
2018,12,Hungarian Grand Prix,alonso,mclaren,11,8,+1 Lap,4.0,69,alonso_2018_12,0,69.0,85.19073913043478,82.09,30.487088235294117,30.524710144927536,24.086130434782607,SOFT,SOFT,38.0,2.0,1.0,1.0
2018,12,Hungarian Grand Prix,sainz,renault,5,9,+1 Lap,2.0,69,sainz_2018_12,0,69.0,85.36991304347826,82.774,30.288926470588233,30.728753623188407,24.268782608695652,SOFT,MEDIUM,44.0,2.0,1.0,1.0
2018,12,Hungarian Grand Prix,grosjean,haas,10,10,+1 Lap,1.0,69,grosjean_2018_12,0,69.0,85.37746376811594,82.606,30.24169117647059,30.931782608695652,24.10336231884058,ULTRASOFT,SOFT,40.0,2.0,1.0,1.0
2018,12,Hungarian Grand Prix,brendon_hartley,toro_rosso,8,11,+1 Lap,0.0,69,brendon_hartley_2018_12,0,69.0,85.39710144927535,82.612,30.439220588235298,30.797811594202898,24.073376811594205,ULTRASOFT,MEDIUM,45.0,2.0,1.0,1.0
2018,12,Hungarian Grand Prix,hulkenberg,renault,13,12,+1 Lap,0.0,69,hulkenberg_2018_12,0,69.0,85.48727536231884,81.261,30.473720588235295,30.801434782608695,24.12352173913043,SOFT,MEDIUM,27.0,3.0,2.0,2.0
2018,12,Hungarian Grand Prix,ocon,force_india,18,13,+1 Lap,0.0,69,ocon_2018_12,0,69.0,85.61202898550724,82.876,30.189720588235293,31.14140579710145,24.173971014492754,SOFT,SOFT,38.0,2.0,1.0,1.0
2018,12,Hungarian Grand Prix,perez,force_india,19,14,+1 Lap,0.0,69,perez_2018_12,0,69.0,85.75236231884057,83.263,30.30622058823529,31.0905652173913,24.24378260869565,ULTRASOFT,SOFT,47.0,2.0,1.0,1.0
2018,12,Hungarian Grand Prix,ericsson,sauber,14,15,+2 Laps,0.0,68,ericsson_2018_12,0,68.0,86.43713235294118,83.671,30.621910447761195,31.32545588235294,24.365514705882354,ULTRASOFT,MEDIUM,62.0,2.0,1.0,1.0
2018,12,Hungarian Grand Prix,sirotkin,williams,20,16,+2 Laps,0.0,68,sirotkin_2018_12,0,68.0,86.57813235294118,83.708,30.66620895522388,31.36633823529412,24.436029411764707,SOFT,MEDIUM,37.0,2.0,1.0,1.0
2018,12,Hungarian Grand Prix,stroll,williams,15,17,+2 Laps,0.0,68,stroll_2018_12,0,68.0,86.58855882352941,82.66,30.708208955223878,31.170485294117643,24.545117647058824,MEDIUM,MEDIUM,46.0,2.0,1.0,2.0
2018,12,Hungarian Grand Prix,vandoorne,mclaren,16,18,Gearbox,0.0,49,vandoorne_2018_12,0,50.0,85.59006122448979,83.077,30.56025,30.852979591836736,24.037367346938773,SOFT,SOFT,39.0,2.0,1.0,1.0
2018,12,Hungarian Grand Prix,max_verstappen,red_bull,7,19,Power loss,0.0,5,max_verstappen_2018_12,0,6.0,85.61179999999999,83.985,29.98225,30.7834,23.835,ULTRASOFT,ULTRASOFT,5.0,1.0,0.0,0.0
2018,12,Hungarian Grand Prix,leclerc,sauber,17,20,Suspension,0.0,0,leclerc_2018_12,0,1.0,,,,,,SOFT,SOFT,1.0,1.0,0.0,0.0
2018,13,Belgian Grand Prix,vettel,ferrari,2,1,Finished,25.0,44,vettel_2018_13,0,44.0,109.3138292682927,106.644,33.36618604651163,49.63988636363637,30.94177272727273,SUPERSOFT,SOFT,24.0,2.0,2.0,2.0
2018,13,Belgian Grand Prix,hamilton,mercedes,1,2,Finished,18.0,44,hamilton_2018_13,0,44.0,109.61302439024391,106.721,33.32246511627907,49.88943181818181,30.984704545454544,SUPERSOFT,SOFT,24.0,2.0,2.0,2.0
2018,13,Belgian Grand Prix,max_verstappen,red_bull,7,3,Finished,15.0,44,max_verstappen_2018_13,0,44.0,110.15924390243903,106.946,33.37706976744186,50.26879545454546,31.002386363636365,SUPERSOFT,SUPERSOFT,28.0,3.0,2.0,2.0
2018,13,Belgian Grand Prix,bottas,mercedes,19,4,Finished,12.0,44,bottas_2018_13,0,44.0,111.23007317073171,106.286,33.3203488372093,50.78090909090909,31.185454545454547,SOFT,SUPERSOFT,27.0,3.0,3.0,3.0
2018,13,Belgian Grand Prix,perez,force_india,4,5,Finished,10.0,44,perez_2018_13,0,44.0,111.09085365853659,108.08,33.433116279069765,51.1125,31.015363636363634,SUPERSOFT,SUPERSOFT,28.0,2.0,2.0,2.0
2018,13,Belgian Grand Prix,ocon,force_india,3,6,Finished,8.0,44,ocon_2018_13,0,44.0,111.30456097560976,108.078,33.452441860465115,51.29504545454545,31.00906818181818,SUPERSOFT,SUPERSOFT,27.0,2.0,2.0,2.0
2018,13,Belgian Grand Prix,grosjean,haas,5,7,Finished,6.0,44,grosjean_2018_13,0,44.0,111.51417073170732,108.283,33.785767441860465,50.700500000000005,31.41168181818182,SUPERSOFT,SUPERSOFT,26.0,2.0,2.0,2.0
2018,13,Belgian Grand Prix,kevin_magnussen,haas,9,8,Finished,4.0,44,kevin_magnussen_2018_13,0,44.0,111.57373170731708,107.937,33.74488372093023,50.82870454545455,31.352681818181818,SUPERSOFT,SUPERSOFT,29.0,2.0,2.0,2.0
2018,13,Belgian Grand Prix,gasly,toro_rosso,10,9,Finished,2.0,44,gasly_2018_13,0,44.0,112.06800000000001,108.588,33.71548837209303,51.20586363636364,31.40384090909091,SUPERSOFT,SUPERSOFT,25.0,2.0,2.0,2.0
2018,13,Belgian Grand Prix,ericsson,sauber,13,10,+1 Lap,1.0,43,ericsson_2018_13,0,43.0,112.35707500000001,108.694,33.90221428571429,51.309395348837214,31.464813953488374,SOFT,SOFT,26.0,2.0,2.0,2.0
2018,13,Belgian Grand Prix,sainz,renault,14,11,+1 Lap,0.0,43,sainz_2018_13,0,43.0,112.81985,108.67,33.66207142857143,51.90279069767442,31.371023255813952,MEDIUM,MEDIUM,22.0,2.0,2.0,2.0
2018,13,Belgian Grand Prix,sirotkin,williams,16,12,+1 Lap,0.0,43,sirotkin_2018_13,0,43.0,112.755375,109.113,33.83978571428571,51.61393023255814,31.557790697674417,SOFT,SOFT,24.0,2.0,2.0,2.0
2018,13,Belgian Grand Prix,stroll,williams,17,13,+1 Lap,0.0,43,stroll_2018_13,0,43.0,112.83137500000001,109.287,33.704095238095235,51.90558139534884,31.44004651162791,SOFT,SOFT,23.0,2.0,2.0,2.0
2018,13,Belgian Grand Prix,brendon_hartley,toro_rosso,11,14,+1 Lap,0.0,43,brendon_hartley_2018_13,0,43.0,113.304475,108.756,34.18778571428571,51.61004651162791,31.629627906976747,SOFT,SOFT,31.0,2.0,2.0,2.0
2018,13,Belgian Grand Prix,vandoorne,mclaren,18,15,+1 Lap,0.0,43,vandoorne_2018_13,0,43.0,113.567725,108.956,34.043261904761906,51.66753488372093,31.81479069767442,SOFT,MEDIUM,26.0,3.0,3.0,3.0
2018,13,Belgian Grand Prix,ricciardo,red_bull,8,16,Retired,0.0,28,ricciardo_2018_13,0,28.0,113.01344444444443,109.242,31.361230769230772,51.174142857142854,31.049964285714285,SOFT,SOFT,27.0,1.0,2.0,1.0
2018,13,Belgian Grand Prix,raikkonen,ferrari,6,17,Brakes,0.0,8,raikkonen_2018_13,0,8.0,140.7404,114.32,45.595571428571425,57.86900000000001,39.924,MEDIUM,MEDIUM,7.0,2.0,3.0,2.0
2018,13,Belgian Grand Prix,leclerc,sauber,12,18,Accident,0.0,0,leclerc_2018_13,0,1.0,,,,,,SOFT,SOFT,1.0,1.0,0.0,0.0
2018,13,Belgian Grand Prix,alonso,mclaren,15,19,Accident,0.0,0,alonso_2018_13,0,1.0,,,,,,SOFT,SOFT,1.0,1.0,0.0,0.0
2018,13,Belgian Grand Prix,hulkenberg,renault,20,20,Accident,0.0,0,hulkenberg_2018_13,0,1.0,,,,,,SOFT,SOFT,1.0,1.0,0.0,0.0
2018,14,Italian Grand Prix,hamilton,mercedes,3,1,Finished,25.0,53,hamilton_2018_14,0,53.0,87.06573584905661,82.497,28.741307692307693,29.349018867924528,28.9551320754717,SUPERSOFT,SUPERSOFT,30.0,2.0,1.0,1.0
2018,14,Italian Grand Prix,raikkonen,ferrari,1,2,Finished,18.0,53,raikkonen_2018_14,0,53.0,87.22998113207548,83.515,29.00130769230769,29.381,28.837075471698114,SUPERSOFT,SOFT,33.0,2.0,1.0,1.0
2018,14,Italian Grand Prix,bottas,mercedes,4,3,Finished,15.0,53,bottas_2018_14,0,53.0,87.3311320754717,82.907,28.854846153846154,29.482735849056603,28.947396226415094,SUPERSOFT,SUPERSOFT,38.0,2.0,1.0,1.0
2018,14,Italian Grand Prix,vettel,ferrari,2,4,Finished,12.0,53,vettel_2018_14,0,53.0,87.3704716981132,82.505,28.938653846153844,29.329264150943395,29.087849056603773,SOFT,SOFT,28.0,2.0,2.0,2.0
2018,14,Italian Grand Prix,max_verstappen,red_bull,5,5,Finished,10.0,53,max_verstappen_2018_14,0,53.0,87.31494339622641,83.609,28.894576923076922,29.354943396226414,29.029188679245284,SUPERSOFT,SOFT,28.0,2.0,1.0,1.0
2018,14,Italian Grand Prix,ocon,force_india,8,6,Finished,8.0,53,ocon_2018_14,0,53.0,88.15556603773585,84.179,28.912980769230767,29.83922641509434,29.35333962264151,SUPERSOFT,SUPERSOFT,40.0,2.0,1.0,1.0
2018,14,Italian Grand Prix,perez,force_india,14,7,Finished,6.0,53,perez_2018_14,0,53.0,88.1728679245283,83.529,28.86928846153846,29.795301886792455,29.430056603773583,SUPERSOFT,SUPERSOFT,38.0,2.0,1.0,1.0
2018,14,Italian Grand Prix,sainz,renault,7,8,Finished,4.0,53,sainz_2018_14,0,53.0,88.5400754716981,84.056,29.22103846153846,29.776603773584906,29.501207547169813,SUPERSOFT,SUPERSOFT,41.0,2.0,1.0,1.0
2018,14,Italian Grand Prix,stroll,williams,10,9,+1 Lap,2.0,52,stroll_2018_14,0,52.0,88.75432692307693,84.58,29.367117647058823,29.80480769230769,29.537596153846152,SUPERSOFT,SUPERSOFT,37.0,2.0,1.0,1.0
2018,14,Italian Grand Prix,sirotkin,williams,12,10,+1 Lap,1.0,52,sirotkin_2018_14,0,52.0,88.85876923076923,83.768,29.344039215686276,29.968173076923076,29.495442307692308,SUPERSOFT,SUPERSOFT,36.0,2.0,1.0,1.0
2018,14,Italian Grand Prix,leclerc,sauber,15,11,+1 Lap,0.0,52,leclerc_2018_14,0,52.0,88.96630769230768,84.504,29.235843137254903,29.957019230769234,29.690903846153844,SOFT,SOFT,33.0,2.0,1.0,1.0
2018,14,Italian Grand Prix,vandoorne,mclaren,17,12,+1 Lap,0.0,52,vandoorne_2018_14,0,52.0,89.17682692307692,84.772,29.306490196078432,30.08798076923077,29.698903846153847,SUPERSOFT,SOFT,28.0,2.0,1.0,1.0
2018,14,Italian Grand Prix,hulkenberg,renault,20,13,+1 Lap,0.0,52,hulkenberg_2018_14,0,52.0,89.19928846153847,84.059,29.356372549019607,29.944673076923078,29.813673076923074,SOFT,SOFT,40.0,2.0,2.0,2.0
2018,14,Italian Grand Prix,gasly,toro_rosso,9,14,+1 Lap,0.0,52,gasly_2018_14,0,52.0,89.25063461538463,84.767,29.319176470588236,30.17275,29.701192307692306,SUPERSOFT,SUPERSOFT,36.0,2.0,1.0,1.0
2018,14,Italian Grand Prix,ericsson,sauber,18,15,+1 Lap,0.0,52,ericsson_2018_14,0,52.0,89.31053846153847,83.768,29.615313725490196,30.133038461538458,29.41596153846154,SUPERSOFT,SUPERSOFT,41.0,2.0,2.0,2.0
2018,14,Italian Grand Prix,kevin_magnussen,haas,11,16,+1 Lap,0.0,52,kevin_magnussen_2018_14,0,52.0,90.3485,85.692,30.118392156862747,30.295692307692306,29.881346153846152,SOFT,MEDIUM,49.0,2.0,1.0,1.0
2018,14,Italian Grand Prix,ricciardo,red_bull,19,17,Engine,0.0,23,ricciardo_2018_14,0,24.0,91.69869565217392,85.229,29.96631818181818,30.552695652173913,31.006608695652176,SUPERSOFT,SUPERSOFT,23.0,1.0,1.0,1.0
2018,14,Italian Grand Prix,alonso,mclaren,13,18,Engine,0.0,9,alonso_2018_14,0,9.0,102.53655555555555,87.009,32.879375,33.44311111111111,36.272777777777776,SUPERSOFT,SUPERSOFT,8.0,1.0,1.0,0.0
2018,14,Italian Grand Prix,brendon_hartley,toro_rosso,16,19,Brakes,0.0,0,brendon_hartley_2018_14,0,1.0,,,,,,SUPERSOFT,SUPERSOFT,1.0,1.0,0.0,0.0
2018,14,Italian Grand Prix,grosjean,haas,6,20,Disqualified,0.0,53,grosjean_2018_14,0,53.0,88.12837735849057,84.243,29.297307692307694,29.546000000000003,29.247962264150946,SUPERSOFT,SOFT,30.0,2.0,1.0,1.0
2018,15,Singapore Grand Prix,hamilton,mercedes,1,1,Finished,25.0,61,hamilton_2018_15,0,61.0,106.56096551724139,102.913,30.044800000000002,42.08824590163934,37.228,HYPERSOFT,SOFT,46.0,2.0,1.0,1.0
2018,15,Singapore Grand Prix,max_verstappen,red_bull,2,2,Finished,18.0,61,max_verstappen_2018_15,0,61.0,106.72201724137932,103.345,30.0706,42.06550819672131,37.35081967213115,HYPERSOFT,SOFT,44.0,2.0,1.0,1.0
2018,15,Singapore Grand Prix,vettel,ferrari,3,3,Finished,15.0,61,vettel_2018_15,0,61.0,107.25115517241379,104.669,30.0429,42.500918032786885,37.45203278688525,HYPERSOFT,ULTRASOFT,47.0,2.0,1.0,1.0
2018,15,Singapore Grand Prix,bottas,mercedes,4,4,Finished,12.0,61,bottas_2018_15,0,61.0,107.47749999999999,104.72,30.216633333333334,42.49704918032787,37.47234426229508,HYPERSOFT,SOFT,45.0,2.0,1.0,1.0
2018,15,Singapore Grand Prix,raikkonen,ferrari,5,5,Finished,10.0,61,raikkonen_2018_15,0,61.0,107.51494827586207,104.715,30.016166666666667,42.62762295081967,37.54873770491803,HYPERSOFT,SOFT,39.0,2.0,1.0,1.0
2018,15,Singapore Grand Prix,ricciardo,red_bull,6,6,Finished,8.0,61,ricciardo_2018_15,0,61.0,107.53003448275862,103.12,30.171333333333333,42.48124590163935,37.547721311475414,HYPERSOFT,ULTRASOFT,34.0,2.0,1.0,1.0
2018,15,Singapore Grand Prix,alonso,mclaren,11,7,Finished,6.0,61,alonso_2018_15,0,61.0,108.38624137931035,103.164,30.54303333333333,42.81314754098361,37.629934426229504,ULTRASOFT,ULTRASOFT,37.0,2.0,1.0,1.0
2018,15,Singapore Grand Prix,sainz,renault,12,8,+1 Lap,4.0,60,sainz_2018_15,0,60.0,108.86110526315788,105.211,30.708881355932206,42.9448,37.8247,ULTRASOFT,ULTRASOFT,36.0,2.0,1.0,1.0
2018,15,Singapore Grand Prix,leclerc,sauber,13,9,+1 Lap,2.0,60,leclerc_2018_15,0,60.0,109.21821052631579,105.203,30.653661016949155,43.09343333333334,37.948616666666666,ULTRASOFT,ULTRASOFT,37.0,2.0,1.0,1.0
2018,15,Singapore Grand Prix,hulkenberg,renault,10,10,+1 Lap,1.0,60,hulkenberg_2018_15,0,60.0,109.36500000000001,106.093,30.774084745762714,43.162349999999996,37.995983333333335,HYPERSOFT,ULTRASOFT,45.0,2.0,1.0,1.0
2018,15,Singapore Grand Prix,ericsson,sauber,14,11,+1 Lap,0.0,60,ericsson_2018_15,0,60.0,109.72371929824563,105.169,30.697152542372883,43.26971666666667,38.18278333333333,ULTRASOFT,ULTRASOFT,55.0,2.0,1.0,1.0
2018,15,Singapore Grand Prix,vandoorne,mclaren,18,12,+1 Lap,0.0,60,vandoorne_2018_15,0,60.0,110.49443103448276,105.555,30.859101694915253,43.40558333333333,37.88641666666667,ULTRASOFT,ULTRASOFT,57.0,2.0,1.0,1.0
2018,15,Singapore Grand Prix,gasly,toro_rosso,15,13,+1 Lap,0.0,60,gasly_2018_15,0,60.0,109.8089298245614,106.063,30.784152542372883,43.351816666666664,38.1824,HYPERSOFT,ULTRASOFT,34.0,2.0,1.0,1.0
2018,15,Singapore Grand Prix,stroll,williams,20,14,+1 Lap,0.0,60,stroll_2018_15,0,60.0,110.67699999999999,106.033,30.898627118644068,43.547450000000005,37.898066666666665,SOFT,SOFT,39.0,2.0,1.0,1.0
2018,15,Singapore Grand Prix,grosjean,haas,8,15,+1 Lap,0.0,60,grosjean_2018_15,0,60.0,109.7091052631579,105.904,30.761406779661016,43.40595,38.137283333333336,HYPERSOFT,SOFT,44.0,2.0,1.0,1.0
2018,15,Singapore Grand Prix,perez,force_india,7,16,+1 Lap,0.0,60,perez_2018_15,0,60.0,110.17380701754387,105.389,31.254,43.024816666666666,38.49056666666667,HYPERSOFT,SOFT,27.0,4.0,3.0,3.0
2018,15,Singapore Grand Prix,brendon_hartley,toro_rosso,17,17,+1 Lap,0.0,60,brendon_hartley_2018_15,0,60.0,110.6102105263158,104.889,31.32998305084746,43.4424,38.194716666666665,HYPERSOFT,HYPERSOFT,24.0,3.0,2.0,2.0
2018,15,Singapore Grand Prix,kevin_magnussen,haas,16,18,+2 Laps,0.0,59,kevin_magnussen_2018_15,0,59.0,110.89087500000001,101.905,31.454689655172416,43.46849152542373,38.358254237288136,ULTRASOFT,ULTRASOFT,25.0,3.0,3.0,3.0
2018,15,Singapore Grand Prix,sirotkin,williams,19,19,+2 Laps,0.0,59,sirotkin_2018_15,0,59.0,112.55643859649122,105.902,31.366844827586206,44.142677966101694,38.811694915254236,ULTRASOFT,SOFT,55.0,3.0,2.0,2.0
2018,15,Singapore Grand Prix,ocon,force_india,9,20,Collision,0.0,0,ocon_2018_15,0,1.0,,,,,,HYPERSOFT,HYPERSOFT,4.0,1.0,0.0,0.0
2018,16,Russian Grand Prix,hamilton,mercedes,2,1,Finished,25.0,53,hamilton_2018_16,0,53.0,98.96567924528301,95.916,35.659076923076924,33.97545283018868,29.293603773584906,ULTRASOFT,SOFT,39.0,2.0,1.0,1.0
2018,16,Russian Grand Prix,bottas,mercedes,1,2,Finished,18.0,53,bottas_2018_16,0,53.0,99.01369811320754,95.861,35.70917307692308,33.84116981132075,29.439056603773583,ULTRASOFT,SOFT,41.0,2.0,1.0,1.0
2018,16,Russian Grand Prix,vettel,ferrari,3,3,Finished,15.0,53,vettel_2018_16,0,53.0,99.10694339622641,95.99,35.65067307692308,33.91373584905661,29.498584905660376,ULTRASOFT,SOFT,40.0,2.0,1.0,1.0
2018,16,Russian Grand Prix,raikkonen,ferrari,4,4,Finished,12.0,53,raikkonen_2018_16,0,53.0,99.27781132075472,96.611,35.775519230769234,33.98309433962264,29.468264150943394,ULTRASOFT,SOFT,35.0,2.0,1.0,1.0
2018,16,Russian Grand Prix,max_verstappen,red_bull,19,5,Finished,10.0,53,max_verstappen_2018_16,0,53.0,99.55088679245283,96.283,36.15223076923077,34.096673076923075,29.124692307692307,SOFT,SOFT,42.0,2.0,1.0,1.0
2018,16,Russian Grand Prix,ricciardo,red_bull,18,6,Finished,8.0,53,ricciardo_2018_16,0,53.0,100.48362264150943,96.345,36.42471153846154,34.39754716981132,29.544490566037734,SOFT,SOFT,38.0,2.0,1.0,1.0
2018,16,Russian Grand Prix,leclerc,sauber,7,7,Finished,6.0,53,leclerc_2018_16,0,53.0,100.82209433962264,98.107,36.42067307692308,34.62909433962265,29.71347169811321,HYPERSOFT,SOFT,43.0,2.0,1.0,1.0
2018,16,Russian Grand Prix,kevin_magnussen,haas,5,8,+1 Lap,4.0,52,kevin_magnussen_2018_16,0,52.0,101.13040384615384,98.015,36.64823529411765,34.77473076923077,29.66201923076923,HYPERSOFT,SOFT,43.0,2.0,1.0,1.0
2018,16,Russian Grand Prix,ocon,force_india,6,9,+1 Lap,2.0,52,ocon_2018_16,0,52.0,101.20748076923077,98.366,36.28507843137255,34.84221153846154,30.01526923076923,HYPERSOFT,SOFT,42.0,2.0,1.0,1.0
2018,16,Russian Grand Prix,perez,force_india,8,10,+1 Lap,1.0,52,perez_2018_16,0,52.0,101.286,98.3,36.318666666666665,34.86303846153846,30.02834615384615,HYPERSOFT,SOFT,40.0,2.0,1.0,1.0
2018,16,Russian Grand Prix,grosjean,haas,9,11,+1 Lap,0.0,52,grosjean_2018_16,0,52.0,101.58698076923078,98.244,36.65960784313725,34.82390384615385,30.028,HYPERSOFT,SOFT,44.0,2.0,1.0,1.0
2018,16,Russian Grand Prix,hulkenberg,renault,12,12,+1 Lap,0.0,52,hulkenberg_2018_16,0,52.0,101.66819230769231,99.108,36.685196078431375,34.81201923076923,30.07755769230769,SOFT,SOFT,34.0,2.0,1.0,1.0
2018,16,Russian Grand Prix,ericsson,sauber,10,13,+1 Lap,0.0,52,ericsson_2018_16,0,52.0,102.009,97.931,36.852117647058826,34.715384615384615,30.369807692307692,HYPERSOFT,SOFT,26.0,3.0,2.0,2.0
2018,16,Russian Grand Prix,alonso,mclaren,16,14,+1 Lap,0.0,52,alonso_2018_16,0,52.0,102.38182692307691,99.59,36.91392156862745,35.11848076923077,30.24565384615385,ULTRASOFT,SOFT,47.0,2.0,1.0,1.0
2018,16,Russian Grand Prix,stroll,williams,14,15,+1 Lap,0.0,52,stroll_2018_16,0,52.0,102.39980769230769,99.435,36.45237254901961,35.246538461538464,30.604711538461537,ULTRASOFT,SOFT,45.0,2.0,1.0,1.0
2018,16,Russian Grand Prix,vandoorne,mclaren,15,16,+2 Laps,0.0,51,vandoorne_2018_16,0,51.0,102.96374509803921,99.922,37.07304,35.27927450980392,30.503549019607846,ULTRASOFT,SOFT,40.0,2.0,1.0,1.0
2018,16,Russian Grand Prix,sainz,renault,11,17,+2 Laps,0.0,51,sainz_2018_16,0,51.0,103.0444705882353,99.731,36.94714,35.36711764705882,30.648019607843136,SOFT,SOFT,31.0,2.0,1.0,1.0
2018,16,Russian Grand Prix,sirotkin,williams,13,18,+2 Laps,0.0,51,sirotkin_2018_16,0,51.0,103.06719607843137,99.838,36.603719999999996,35.53456862745098,30.823392156862745,ULTRASOFT,SOFT,41.0,2.0,1.0,1.0
2018,16,Russian Grand Prix,gasly,toro_rosso,17,19,Brakes,0.0,4,gasly_2018_16,0,4.0,115.279,104.071,41.723333333333336,39.0565,34.198,SOFT,SOFT,3.0,1.0,1.0,0.0
2018,16,Russian Grand Prix,brendon_hartley,toro_rosso,20,20,Brakes,0.0,4,brendon_hartley_2018_16,0,4.0,109.78166666666668,105.852,49.675666666666665,40.82875,36.58175,HYPERSOFT,HYPERSOFT,2.0,2.0,2.0,1.0
2018,17,Japanese Grand Prix,hamilton,mercedes,1,1,Finished,25.0,53,hamilton_2018_17,0,53.0,98.81249056603774,92.785,35.62457692307692,44.17388679245283,19.037056603773586,SOFT,MEDIUM,29.0,2.0,1.0,1.0
2018,17,Japanese Grand Prix,bottas,mercedes,2,2,Finished,18.0,53,bottas_2018_17,0,53.0,99.05624528301887,93.11,35.576884615384614,44.398962264150946,19.082886792452832,SOFT,MEDIUM,30.0,2.0,1.0,1.0
2018,17,Japanese Grand Prix,max_verstappen,red_bull,3,3,Finished,15.0,53,max_verstappen_2018_17,0,53.0,99.08220754716982,93.367,35.710365384615386,44.27416981132075,19.094207547169812,SUPERSOFT,SOFT,32.0,2.0,1.0,1.0
2018,17,Japanese Grand Prix,ricciardo,red_bull,15,4,Finished,12.0,53,ricciardo_2018_17,0,53.0,99.18032075471697,93.187,35.860903846153846,44.180830188679245,19.043301886792452,SOFT,MEDIUM,30.0,2.0,1.0,1.0
2018,17,Japanese Grand Prix,raikkonen,ferrari,4,5,Finished,10.0,53,raikkonen_2018_17,0,53.0,99.77471698113209,94.223,35.95148076923077,44.55447169811321,19.25922641509434,SUPERSOFT,MEDIUM,36.0,2.0,1.0,1.0
2018,17,Japanese Grand Prix,vettel,ferrari,8,6,Finished,8.0,53,vettel_2018_17,0,53.0,100.13084905660378,92.318,36.26001923076923,44.61750943396227,19.228641509433963,SUPERSOFT,SOFT,28.0,2.0,1.0,1.0
2018,17,Japanese Grand Prix,perez,force_india,9,7,Finished,6.0,53,perez_2018_17,0,53.0,100.31020754716981,94.073,36.59936538461538,44.439452830188685,19.22996226415094,SUPERSOFT,SOFT,29.0,2.0,1.0,1.0
2018,17,Japanese Grand Prix,grosjean,haas,5,8,Finished,4.0,53,grosjean_2018_17,0,53.0,100.4577358490566,94.786,36.31623076923077,44.758905660377366,19.362339622641507,SOFT,SOFT,31.0,2.0,1.0,1.0
2018,17,Japanese Grand Prix,ocon,force_india,11,9,Finished,2.0,53,ocon_2018_17,0,53.0,100.47390566037737,94.67,36.70911538461539,44.41916981132075,19.30124528301887,SUPERSOFT,MEDIUM,28.0,2.0,1.0,1.0
2018,17,Japanese Grand Prix,sainz,renault,13,10,+1 Lap,1.0,52,sainz_2018_17,0,52.0,100.8866153846154,94.197,36.59162745098039,44.78603846153846,19.44294230769231,SOFT,SOFT,31.0,2.0,1.0,1.0
2018,17,Japanese Grand Prix,gasly,toro_rosso,7,11,+1 Lap,0.0,52,gasly_2018_17,0,52.0,101.13374999999999,94.133,36.634392156862745,44.923846153846156,19.543211538461538,SUPERSOFT,SUPERSOFT,31.0,2.0,1.0,1.0
2018,17,Japanese Grand Prix,ericsson,sauber,20,12,+1 Lap,0.0,52,ericsson_2018_17,0,52.0,100.52225490196079,96.294,36.711627450980394,45.236826923076926,19.481115384615386,SOFT,MEDIUM,47.0,2.0,1.0,1.0
2018,17,Japanese Grand Prix,brendon_hartley,toro_rosso,6,13,+1 Lap,0.0,52,brendon_hartley_2018_17,0,52.0,101.55392307692308,94.857,36.95192156862745,45.05523076923077,19.49482692307692,SUPERSOFT,SUPERSOFT,30.0,2.0,1.0,1.0
2018,17,Japanese Grand Prix,alonso,mclaren,18,14,+1 Lap,0.0,52,alonso_2018_17,0,52.0,101.56034615384615,93.943,37.151823529411764,45.06253846153846,19.26426923076923,SOFT,MEDIUM,26.0,2.0,1.0,1.0
2018,17,Japanese Grand Prix,vandoorne,mclaren,19,15,+1 Lap,0.0,52,vandoorne_2018_17,0,52.0,101.57626923076924,95.023,36.87450980392157,45.328826923076925,19.26523076923077,SOFT,MEDIUM,29.0,2.0,1.0,1.0
2018,17,Japanese Grand Prix,sirotkin,williams,17,16,+1 Lap,0.0,52,sirotkin_2018_17,0,52.0,100.66109803921569,93.985,37.333254901960785,45.02869230769231,19.164884615384615,SOFT,MEDIUM,34.0,3.0,2.0,2.0
2018,17,Japanese Grand Prix,stroll,williams,14,17,+1 Lap,0.0,52,stroll_2018_17,0,52.0,101.7124423076923,93.354,37.396803921568626,44.917942307692314,19.314365384615385,SOFT,MEDIUM,25.0,3.0,2.0,2.0
2018,17,Japanese Grand Prix,leclerc,sauber,10,18,Mechanical,0.0,38,leclerc_2018_17,0,39.0,101.65762162162162,94.515,38.36845945945946,45.20018421052632,19.463,SOFT,MEDIUM,31.0,3.0,2.0,2.0
2018,17,Japanese Grand Prix,hulkenberg,renault,16,19,Engine,0.0,37,hulkenberg_2018_17,0,37.0,103.39416216216216,94.934,37.988416666666666,45.67086486486487,19.628405405405406,MEDIUM,MEDIUM,29.0,2.0,2.0,1.0
2018,17,Japanese Grand Prix,kevin_magnussen,haas,12,20,Collision damage,0.0,8,kevin_magnussen_2018_17,0,8.0,116.38533333333334,99.908,48.68242857142857,53.38375,25.763125,SOFT,MEDIUM,6.0,2.0,2.0,1.0
2018,18,United States Grand Prix,raikkonen,ferrari,2,1,Finished,25.0,56,raikkonen_2018_18,0,56.0,101.04719642857143,98.482,27.473945454545454,39.955375000000004,33.62701785714286,ULTRASOFT,SOFT,35.0,2.0,1.0,1.0
2018,18,United States Grand Prix,max_verstappen,red_bull,18,2,Finished,18.0,56,max_verstappen_2018_18,0,56.0,101.07007142857142,98.246,27.290218181818183,40.08848214285714,33.60601785714285,SOFT,SUPERSOFT,34.0,2.0,1.0,1.0
2018,18,United States Grand Prix,hamilton,mercedes,1,3,Finished,15.0,56,hamilton_2018_18,0,56.0,101.08901785714285,97.392,27.52761818181818,39.96892857142858,33.587875000000004,SUPERSOFT,SOFT,26.0,3.0,2.0,2.0
2018,18,United States Grand Prix,vettel,ferrari,5,4,Finished,12.0,56,vettel_2018_18,0,56.0,101.37258928571428,98.28,27.30301818181818,39.932375,34.10494642857143,SUPERSOFT,SOFT,30.0,2.0,1.0,1.0
2018,18,United States Grand Prix,bottas,mercedes,3,5,Finished,10.0,56,bottas_2018_18,0,56.0,101.48905357142857,98.47,27.42467272727273,40.21039285714286,33.83878571428571,SUPERSOFT,SOFT,33.0,2.0,1.0,1.0
2018,18,United States Grand Prix,hulkenberg,renault,7,6,Finished,8.0,56,hulkenberg_2018_18,0,56.0,102.60451785714285,99.548,27.804836363636365,40.481249999999996,34.28869642857143,ULTRASOFT,SOFT,33.0,2.0,1.0,1.0
2018,18,United States Grand Prix,sainz,renault,11,7,Finished,6.0,56,sainz_2018_18,0,56.0,102.74351785714285,99.858,27.793836363636366,40.50857142857143,34.40121428571429,SUPERSOFT,SOFT,32.0,2.0,1.0,1.0
2018,18,United States Grand Prix,perez,force_india,10,8,Finished,4.0,56,perez_2018_18,0,56.0,102.91189090909091,99.569,27.619407407407408,40.4205,34.772035714285714,ULTRASOFT,SOFT,31.0,2.0,1.0,1.0
2018,18,United States Grand Prix,brendon_hartley,toro_rosso,20,9,+1 Lap,2.0,55,brendon_hartley_2018_18,0,55.0,103.45445454545454,99.915,27.93735185185185,40.83638181818182,34.585618181818184,SUPERSOFT,SOFT,28.0,2.0,1.0,1.0
2018,18,United States Grand Prix,ericsson,sauber,16,10,+1 Lap,1.0,55,ericsson_2018_18,0,55.0,103.4778909090909,100.098,27.701444444444444,40.999872727272724,34.683490909090914,SOFT,SOFT,30.0,2.0,1.0,1.0
2018,18,United States Grand Prix,vandoorne,mclaren,17,11,+1 Lap,0.0,55,vandoorne_2018_18,0,55.0,103.50303636363637,99.24,28.070055555555555,40.82343636363636,34.5296,SUPERSOFT,SOFT,30.0,3.0,2.0,2.0
2018,18,United States Grand Prix,gasly,toro_rosso,19,12,+1 Lap,0.0,55,gasly_2018_18,0,55.0,103.92401818181818,99.646,28.160074074074075,41.09403636363636,34.58765454545454,SUPERSOFT,SOFT,26.0,3.0,2.0,2.0
2018,18,United States Grand Prix,sirotkin,williams,14,13,+1 Lap,0.0,55,sirotkin_2018_18,0,55.0,104.14798181818182,100.522,28.181981481481483,41.01499999999999,34.886981818181816,SUPERSOFT,SUPERSOFT,26.0,3.0,2.0,2.0
2018,18,United States Grand Prix,stroll,williams,15,14,+2 Laps,0.0,54,stroll_2018_18,0,54.0,105.19433333333333,100.433,28.935115384615383,41.074150943396226,34.77372222222222,SUPERSOFT,SOFT,35.0,4.0,3.0,3.0
2018,18,United States Grand Prix,leclerc,sauber,9,15,Collision damage,0.0,31,leclerc_2018_18,0,31.0,106.21658064516129,101.982,28.843533333333333,42.102451612903224,35.21796774193549,ULTRASOFT,SOFT,27.0,3.0,2.0,1.0
2018,18,United States Grand Prix,ricciardo,red_bull,4,16,Battery,0.0,8,ricciardo_2018_18,0,9.0,101.60875,100.933,27.157999999999998,40.5225,33.7305,SUPERSOFT,SUPERSOFT,12.0,1.0,0.0,0.0
2018,18,United States Grand Prix,grosjean,haas,8,17,Collision damage,0.0,2,grosjean_2018_18,0,2.0,139.5125,129.819,62.323,45.39,47.565,ULTRASOFT,ULTRASOFT,5.0,1.0,2.0,1.0
2018,18,United States Grand Prix,alonso,mclaren,13,18,Collision,0.0,1,alonso_2018_18,0,1.0,133.811,133.811,,44.635,36.37,SUPERSOFT,SUPERSOFT,1.0,1.0,1.0,0.0
2018,18,United States Grand Prix,ocon,force_india,6,19,Disqualified,0.0,56,ocon_2018_18,0,56.0,102.82019642857142,99.992,27.505709090909093,40.63403571428571,34.63283928571429,ULTRASOFT,SOFT,34.0,2.0,1.0,1.0
2018,18,United States Grand Prix,kevin_magnussen,haas,12,20,Disqualified,0.0,56,kevin_magnussen_2018_18,0,56.0,102.84464285714286,98.963,27.570436363636365,40.69982142857143,34.50875,SUPERSOFT,SUPERSOFT,30.0,2.0,1.0,1.0
2018,19,Mexican Grand Prix,max_verstappen,red_bull,2,1,Finished,25.0,71,max_verstappen_2018_19,0,71.0,83.22325352112675,79.186,29.70224285714286,32.100535211267605,21.40076056338028,ULTRASOFT,SUPERSOFT,35.0,3.0,2.0,2.0
2018,19,Mexican Grand Prix,vettel,ferrari,4,2,Finished,18.0,71,vettel_2018_19,0,71.0,83.46714084507043,79.522,29.471014285714286,32.43640845070423,21.51929577464789,ULTRASOFT,ULTRASOFT,30.0,3.0,2.0,2.0
2018,19,Mexican Grand Prix,raikkonen,ferrari,6,3,Finished,15.0,71,raikkonen_2018_19,0,71.0,83.92626760563381,80.334,29.490114285714284,32.712859154929575,21.672915492957745,ULTRASOFT,SUPERSOFT,54.0,2.0,1.0,1.0
2018,19,Mexican Grand Prix,hamilton,mercedes,3,4,Finished,12.0,71,hamilton_2018_19,0,71.0,84.33223943661972,80.728,30.047485714285717,32.63430985915493,21.628267605633802,ULTRASOFT,SUPERSOFT,36.0,3.0,2.0,2.0
2018,19,Mexican Grand Prix,bottas,mercedes,5,5,+1 Lap,10.0,70,bottas_2018_19,0,70.0,84.59214285714286,78.741,30.24421739130435,32.46037142857143,21.857914285714287,ULTRASOFT,SUPERSOFT,37.0,4.0,3.0,3.0
2018,19,Mexican Grand Prix,hulkenberg,renault,7,6,+2 Laps,8.0,69,hulkenberg_2018_19,0,69.0,85.92431884057972,80.637,30.05510294117647,33.83510144927536,21.988739130434784,HYPERSOFT,SUPERSOFT,57.0,2.0,1.0,1.0
2018,19,Mexican Grand Prix,leclerc,sauber,9,7,+2 Laps,6.0,69,leclerc_2018_19,0,69.0,86.09191304347826,80.537,30.00245588235294,33.86773913043478,22.16063768115942,HYPERSOFT,SUPERSOFT,56.0,2.0,1.0,1.0
2018,19,Mexican Grand Prix,vandoorne,mclaren,15,8,+2 Laps,4.0,69,vandoorne_2018_19,0,69.0,86.39369565217392,81.921,30.324882352941177,33.80944927536232,22.182376811594203,ULTRASOFT,SUPERSOFT,57.0,2.0,1.0,1.0
2018,19,Mexican Grand Prix,ericsson,sauber,10,9,+2 Laps,2.0,69,ericsson_2018_19,0,69.0,86.54920289855073,82.44,30.291661764705882,34.10228985507246,22.095420289855074,HYPERSOFT,SUPERSOFT,53.0,2.0,1.0,1.0
2018,19,Mexican Grand Prix,gasly,toro_rosso,20,10,+2 Laps,1.0,69,gasly_2018_19,0,69.0,86.56640579710145,82.755,30.55758823529412,33.71763768115942,22.215797101449276,HYPERSOFT,SUPERSOFT,43.0,3.0,2.0,2.0
2018,19,Mexican Grand Prix,ocon,force_india,11,11,+2 Laps,0.0,69,ocon_2018_19,0,69.0,86.63220289855073,82.629,30.57623529411765,33.725855072463766,22.27678260869565,SUPERSOFT,ULTRASOFT,42.0,3.0,2.0,2.0
2018,19,Mexican Grand Prix,stroll,williams,17,12,+2 Laps,0.0,69,stroll_2018_19,0,69.0,86.67856521739131,82.983,30.56820588235294,33.71431884057971,22.33013043478261,ULTRASOFT,SUPERSOFT,46.0,3.0,2.0,2.0
2018,19,Mexican Grand Prix,sirotkin,williams,19,13,+2 Laps,0.0,69,sirotkin_2018_19,0,69.0,86.69046376811593,82.64,30.319088235294117,34.09537681159421,22.203797101449275,ULTRASOFT,SUPERSOFT,58.0,2.0,1.0,1.0
2018,19,Mexican Grand Prix,brendon_hartley,toro_rosso,14,14,+2 Laps,0.0,69,brendon_hartley_2018_19,0,69.0,86.65791304347826,82.438,30.569088235294117,33.76050724637681,22.260710144927536,SUPERSOFT,SUPERSOFT,45.0,3.0,2.0,2.0
2018,19,Mexican Grand Prix,kevin_magnussen,haas,16,15,+2 Laps,0.0,69,kevin_magnussen_2018_19,0,69.0,86.83656521739131,81.874,30.362602941176473,34.04592753623188,22.363579710144926,SUPERSOFT,SUPERSOFT,43.0,2.0,1.0,1.0
2018,19,Mexican Grand Prix,grosjean,haas,18,16,+3 Laps,0.0,68,grosjean_2018_19,0,68.0,86.92738235294118,81.37,30.620880597014928,33.848985294117654,22.37620588235294,SUPERSOFT,SUPERSOFT,44.0,3.0,2.0,2.0
2018,19,Mexican Grand Prix,ricciardo,red_bull,1,17,Engine,0.0,61,ricciardo_2018_19,0,62.0,83.16047540983607,79.462,29.45915,32.32929508196721,21.328081967213112,ULTRASOFT,SUPERSOFT,50.0,2.0,1.0,1.0
2018,19,Mexican Grand Prix,perez,force_india,13,18,Brakes,0.0,38,perez_2018_19,0,38.0,87.60718421052631,83.545,30.51994594594595,34.41626315789474,22.562631578947368,SUPERSOFT,SUPERSOFT,30.0,2.0,2.0,1.0
2018,19,Mexican Grand Prix,sainz,renault,8,19,Suspension,0.0,28,sainz_2018_19,0,29.0,85.68710714285714,82.386,30.213037037037036,33.38117857142857,22.00014285714286,HYPERSOFT,SUPERSOFT,18.0,2.0,1.0,1.0
2018,19,Mexican Grand Prix,alonso,mclaren,12,20,Engine,0.0,3,alonso_2018_19,0,4.0,87.98533333333334,84.197,29.6735,34.239333333333335,22.42,ULTRASOFT,ULTRASOFT,4.0,1.0,0.0,0.0
2018,20,Brazilian Grand Prix,hamilton,mercedes,1,1,Finished,25.0,71,hamilton_2018_20,0,71.0,73.64881690140845,71.795,19.0048,37.855154929577466,16.73176056338028,SUPERSOFT,MEDIUM,52.0,2.0,1.0,1.0
2018,20,Brazilian Grand Prix,max_verstappen,red_bull,5,2,Finished,18.0,71,max_verstappen_2018_20,0,71.0,73.66950704225351,71.578,19.235657142857143,37.56122535211268,16.807267605633804,SUPERSOFT,SOFT,38.0,2.0,1.0,1.0
2018,20,Brazilian Grand Prix,raikkonen,ferrari,4,3,Finished,15.0,71,raikkonen_2018_20,0,71.0,73.71591549295775,71.769,19.032785714285716,37.92438028169014,16.691084507042255,SOFT,MEDIUM,40.0,2.0,1.0,1.0
2018,20,Brazilian Grand Prix,ricciardo,red_bull,11,4,Finished,12.0,71,ricciardo_2018_20,0,71.0,73.72195774647888,71.343,19.0018,37.834042253521126,16.793295774647888,SUPERSOFT,SUPERSOFT,42.0,2.0,1.0,1.0
2018,20,Brazilian Grand Prix,bottas,mercedes,3,5,Finished,10.0,71,bottas_2018_20,0,71.0,73.97195774647888,70.54,19.317771428571426,37.85591549295775,16.744605633802816,SUPERSOFT,MEDIUM,41.0,3.0,2.0,2.0
2018,20,Brazilian Grand Prix,vettel,ferrari,2,6,Finished,8.0,71,vettel_2018_20,0,71.0,74.02905633802817,70.831,19.3432,37.79240845070422,16.835408450704225,SOFT,SOFT,30.0,3.0,2.0,2.0
2018,20,Brazilian Grand Prix,leclerc,sauber,7,7,Finished,6.0,71,leclerc_2018_20,0,71.0,74.27133802816901,72.082,19.208885714285714,38.15594366197183,16.835281690140846,SUPERSOFT,MEDIUM,40.0,2.0,1.0,1.0
2018,20,Brazilian Grand Prix,grosjean,haas,8,8,Finished,4.0,71,grosjean_2018_20,0,71.0,74.3703661971831,72.362,19.256342857142858,38.11105633802817,16.930422535211267,SUPERSOFT,MEDIUM,39.0,2.0,1.0,1.0
2018,20,Brazilian Grand Prix,kevin_magnussen,haas,10,9,Finished,2.0,71,kevin_magnussen_2018_20,0,71.0,74.39328169014084,72.206,19.285171428571427,38.126070422535214,16.899211267605633,SOFT,SOFT,41.0,2.0,1.0,1.0
2018,20,Brazilian Grand Prix,perez,force_india,12,10,+1 Lap,1.0,70,perez_2018_20,0,70.0,74.82694285714287,72.472,19.29249275362319,38.54408571428572,16.901542857142857,SUPERSOFT,SUPERSOFT,39.0,2.0,1.0,1.0
2018,20,Brazilian Grand Prix,brendon_hartley,toro_rosso,16,11,+1 Lap,0.0,70,brendon_hartley_2018_20,0,70.0,75.54991428571428,72.949,19.496246376811595,38.90072857142857,17.05522857142857,MEDIUM,MEDIUM,49.0,2.0,1.0,1.0
2018,20,Brazilian Grand Prix,sainz,renault,15,12,+1 Lap,0.0,70,sainz_2018_20,0,70.0,75.56221428571428,72.169,19.579985507246377,38.88921428571428,17.004614285714286,SOFT,SOFT,25.0,3.0,2.0,2.0
2018,20,Brazilian Grand Prix,gasly,toro_rosso,9,13,+1 Lap,0.0,70,gasly_2018_20,0,70.0,75.6114,73.822,19.615724637681158,38.871385714285715,17.0424,SUPERSOFT,MEDIUM,48.0,2.0,1.0,1.0
2018,20,Brazilian Grand Prix,vandoorne,mclaren,20,14,+1 Lap,0.0,70,vandoorne_2018_20,0,70.0,75.63331428571429,72.968,19.45213043478261,38.952685714285714,17.12202857142857,SOFT,MEDIUM,42.0,2.0,1.0,1.0
2018,20,Brazilian Grand Prix,ocon,force_india,18,15,+1 Lap,0.0,70,ocon_2018_20,0,70.0,75.65215714285713,72.352,19.883811594202896,38.73752857142857,16.929828571428573,SOFT,SOFT,40.0,3.0,2.0,2.0
2018,20,Brazilian Grand Prix,sirotkin,williams,14,16,+2 Laps,0.0,69,sirotkin_2018_20,0,69.0,76.02869565217391,74.262,19.507455882352943,39.34368115942029,17.084840579710146,SOFT,MEDIUM,53.0,2.0,1.0,1.0
2018,20,Brazilian Grand Prix,alonso,mclaren,17,17,+2 Laps,0.0,69,alonso_2018_20,0,69.0,75.97769565217392,72.643,19.8735,38.834710144927534,17.179275362318844,SOFT,MEDIUM,39.0,3.0,2.0,2.0
2018,20,Brazilian Grand Prix,stroll,williams,19,18,+2 Laps,0.0,69,stroll_2018_20,0,69.0,76.29240579710145,71.751,19.827132352941174,39.19486956521739,17.172405797101447,SOFT,MEDIUM,48.0,3.0,2.0,2.0
2018,20,Brazilian Grand Prix,hulkenberg,renault,13,19,Overheating,0.0,32,hulkenberg_2018_20,0,32.0,76.02306451612904,74.029,21.7495,39.1048064516129,17.518290322580647,SOFT,SOFT,32.0,1.0,1.0,0.0
2018,20,Brazilian Grand Prix,ericsson,sauber,6,20,Collision,0.0,20,ericsson_2018_20,0,20.0,79.12835,75.281,20.56736842105263,40.3714,17.963,SUPERSOFT,SUPERSOFT,23.0,2.0,2.0,1.0
2018,21,Abu Dhabi Grand Prix,hamilton,mercedes,1,1,Finished,25.0,55,hamilton_2018_21,0,55.0,105.61146153846154,101.357,19.17862962962963,45.84014545454546,43.70463636363637,ULTRASOFT,SUPERSOFT,48.0,2.0,1.0,1.0
2018,21,Abu Dhabi Grand Prix,vettel,ferrari,3,2,Finished,18.0,55,vettel_2018_21,0,55.0,105.79913461538462,100.867,19.019722222222224,45.80261818181818,43.921600000000005,ULTRASOFT,SUPERSOFT,40.0,2.0,1.0,1.0
2018,21,Abu Dhabi Grand Prix,max_verstappen,red_bull,6,3,Finished,15.0,55,max_verstappen_2018_21,0,55.0,106.1014423076923,101.909,19.126555555555555,46.01587272727273,43.74578181818182,HYPERSOFT,SUPERSOFT,38.0,2.0,1.0,1.0
2018,21,Abu Dhabi Grand Prix,ricciardo,red_bull,5,4,Finished,12.0,55,ricciardo_2018_21,0,55.0,106.10323076923078,101.249,19.118277777777777,46.108909090909094,43.737109090909094,ULTRASOFT,ULTRASOFT,37.0,2.0,1.0,1.0
2018,21,Abu Dhabi Grand Prix,bottas,mercedes,2,5,Finished,10.0,55,bottas_2018_21,0,55.0,106.66973076923077,100.953,19.459648148148148,45.999,44.127236363636364,ULTRASOFT,ULTRASOFT,24.0,3.0,2.0,2.0
2018,21,Abu Dhabi Grand Prix,sainz,renault,11,6,Finished,8.0,55,sainz_2018_21,0,55.0,107.27661538461538,101.351,19.220296296296297,46.50649090909091,44.24125454545454,ULTRASOFT,ULTRASOFT,37.0,2.0,1.0,1.0
2018,21,Abu Dhabi Grand Prix,leclerc,sauber,8,7,Finished,6.0,55,leclerc_2018_21,0,55.0,107.5365,102.876,19.305962962962962,46.11825454545454,44.90621818181818,HYPERSOFT,SUPERSOFT,48.0,2.0,1.0,1.0
2018,21,Abu Dhabi Grand Prix,perez,force_india,14,8,Finished,4.0,55,perez_2018_21,0,55.0,107.62251923076923,102.816,19.33394444444444,46.41709090909091,44.562,ULTRASOFT,SUPERSOFT,29.0,2.0,1.0,1.0
2018,21,Abu Dhabi Grand Prix,grosjean,haas,7,9,+1 Lap,2.0,54,grosjean_2018_21,0,54.0,108.3547450980392,103.195,19.236245283018867,46.671925925925926,45.21157407407408,HYPERSOFT,SUPERSOFT,47.0,2.0,1.0,1.0
2018,21,Abu Dhabi Grand Prix,kevin_magnussen,haas,13,10,+1 Lap,1.0,54,kevin_magnussen_2018_21,0,54.0,108.57056862745098,102.822,19.30422641509434,47.04044444444445,44.75490740740741,SUPERSOFT,SUPERSOFT,41.0,2.0,1.0,1.0
2018,21,Abu Dhabi Grand Prix,alonso,mclaren,15,11,+1 Lap,0.0,54,alonso_2018_21,0,54.0,108.58235294117647,102.393,19.340867924528304,46.88938888888889,44.92440740740741,ULTRASOFT,SUPERSOFT,27.0,2.0,1.0,1.0
2018,21,Abu Dhabi Grand Prix,brendon_hartley,toro_rosso,16,12,+1 Lap,0.0,54,brendon_hartley_2018_21,0,54.0,109.05301960784313,104.174,19.741716981132075,46.813944444444445,45.00487037037037,ULTRASOFT,SUPERSOFT,52.0,2.0,1.0,1.0
2018,21,Abu Dhabi Grand Prix,stroll,williams,20,13,+1 Lap,0.0,54,stroll_2018_21,0,54.0,109.04856862745098,104.033,19.476264150943397,47.00955555555556,45.08690740740741,SUPERSOFT,SUPERSOFT,40.0,2.0,1.0,1.0
2018,21,Abu Dhabi Grand Prix,vandoorne,mclaren,18,14,+1 Lap,0.0,54,vandoorne_2018_21,0,54.0,109.10982352941176,103.249,19.39920754716981,47.16474074074075,45.0192037037037,SUPERSOFT,SUPERSOFT,35.0,2.0,1.0,1.0
2018,21,Abu Dhabi Grand Prix,sirotkin,williams,19,15,+1 Lap,0.0,54,sirotkin_2018_21,0,54.0,109.43019607843136,103.831,19.483056603773587,47.20905555555556,45.183018518518516,SUPERSOFT,SUPERSOFT,35.0,2.0,1.0,1.0
2018,21,Abu Dhabi Grand Prix,gasly,toro_rosso,17,16,Engine,0.0,46,gasly_2018_21,0,47.0,109.23751162790697,103.988,19.7046,47.259565217391305,45.29671739130435,SUPERSOFT,SUPERSOFT,29.0,2.0,1.0,1.0
2018,21,Abu Dhabi Grand Prix,ocon,force_india,9,17,Engine,0.0,44,ocon_2018_21,0,45.0,108.97334146341464,103.591,19.71390909090909,46.92293333333334,45.51644444444444,HYPERSOFT,SUPERSOFT,27.0,2.0,2.0,1.0
2018,21,Abu Dhabi Grand Prix,ericsson,sauber,12,18,Power loss,0.0,24,ericsson_2018_21,0,25.0,112.06738095238094,106.077,19.956652173913042,49.688500000000005,47.927083333333336,SUPERSOFT,SUPERSOFT,25.0,1.0,0.0,0.0
2018,21,Abu Dhabi Grand Prix,raikkonen,ferrari,4,19,Power loss,0.0,6,raikkonen_2018_21,0,7.0,121.76766666666667,105.198,23.775000000000002,57.192,59.62366666666667,ULTRASOFT,ULTRASOFT,11.0,1.0,1.0,0.0
2018,21,Abu Dhabi Grand Prix,hulkenberg,renault,10,20,Collision,0.0,0,hulkenberg_2018_21,0,1.0,,,,,,HYPERSOFT,HYPERSOFT,4.0,1.0,0.0,0.0
2019,1,Australian Grand Prix,bottas,mercedes,2,1,Finished,26.0,58,bottas_2019_1,0,58.0,88.40215517241379,85.58,29.478157894736842,23.435758620689654,35.39836206896552,SOFT,MEDIUM,35.0,2.0,1.0,1.0
2019,1,Australian Grand Prix,hamilton,mercedes,1,2,Finished,18.0,58,hamilton_2019_1,0,58.0,88.76225862068966,86.057,29.603736842105263,23.53805172413793,35.523637931034486,SOFT,MEDIUM,43.0,2.0,1.0,1.0
2019,1,Australian Grand Prix,max_verstappen,red_bull,4,3,Finished,15.0,58,max_verstappen_2019_1,0,58.0,88.79043103448276,86.256,29.709526315789475,23.456637931034482,35.502310344827585,SOFT,MEDIUM,33.0,2.0,1.0,1.0
2019,1,Australian Grand Prix,vettel,ferrari,3,4,Finished,12.0,58,vettel_2019_1,0,58.0,89.38679310344828,87.954,29.82478947368421,23.74851724137931,35.70887931034483,SOFT,MEDIUM,44.0,2.0,1.0,1.0
2019,1,Australian Grand Prix,leclerc,ferrari,5,5,Finished,10.0,58,leclerc_2019_1,0,58.0,89.40612068965518,86.926,29.852946428571432,23.75098275862069,35.66844827586207,SOFT,HARD,31.0,2.0,1.0,1.0
2019,1,Australian Grand Prix,kevin_magnussen,haas,7,6,Finished,8.0,58,kevin_magnussen_2019_1,0,58.0,89.9048448275862,88.182,30.001228070175436,23.85808620689655,35.91441379310345,SOFT,MEDIUM,44.0,2.0,1.0,1.0
2019,1,Australian Grand Prix,hulkenberg,renault,11,7,+1 Lap,6.0,57,hulkenberg_2019_1,0,57.0,90.04428070175439,88.444,30.112607142857144,23.789789473684213,35.987736842105264,SOFT,HARD,44.0,2.0,1.0,1.0
2019,1,Australian Grand Prix,raikkonen,alfa,9,8,+1 Lap,4.0,57,raikkonen_2019_1,0,57.0,90.06507017543859,88.27,29.954,23.822649122807018,36.12559649122807,SOFT,MEDIUM,45.0,2.0,1.0,1.0
2019,1,Australian Grand Prix,stroll,racing_point,16,9,+1 Lap,2.0,57,stroll_2019_1,0,57.0,90.07826315789474,87.568,30.05919642857143,23.80021052631579,36.035210526315794,MEDIUM,HARD,30.0,2.0,1.0,1.0
2019,1,Australian Grand Prix,kvyat,toro_rosso,15,10,+1 Lap,1.0,57,kvyat_2019_1,0,57.0,90.09052631578948,87.448,30.210125,23.759491228070175,35.92073684210526,MEDIUM,HARD,32.0,2.0,1.0,1.0
2019,1,Australian Grand Prix,gasly,red_bull,17,11,+1 Lap,0.0,57,gasly_2019_1,0,57.0,90.09640350877193,87.229,30.088,23.856666666666666,35.94147368421053,MEDIUM,MEDIUM,37.0,2.0,1.0,1.0
2019,1,Australian Grand Prix,norris,mclaren,8,12,+1 Lap,0.0,57,norris_2019_1,0,57.0,90.79401754385965,88.555,30.34980357142857,24.024315789473683,36.257964912280706,SOFT,HARD,42.0,2.0,1.0,1.0
2019,1,Australian Grand Prix,perez,racing_point,10,13,+1 Lap,0.0,57,perez_2019_1,0,57.0,90.80331578947369,88.485,30.288714285714285,24.021,36.31921052631579,SOFT,HARD,44.0,2.0,1.0,1.0
2019,1,Australian Grand Prix,albon,toro_rosso,13,14,+1 Lap,0.0,57,albon_2019_1,0,57.0,90.81573684210527,88.188,30.348053571428572,23.949140350877194,36.349526315789475,SOFT,MEDIUM,43.0,2.0,1.0,1.0
2019,1,Australian Grand Prix,giovinazzi,alfa,14,15,+1 Lap,0.0,57,giovinazzi_2019_1,0,57.0,91.19056140350877,88.479,30.398678571428572,24.12177192982456,36.48361403508772,MEDIUM,SOFT,30.0,2.0,1.0,1.0
2019,1,Australian Grand Prix,russell,williams,19,16,+2 Laps,0.0,56,russell_2019_1,0,56.0,92.44651785714287,88.713,30.784145454545452,24.32894642857143,37.12385714285715,MEDIUM,MEDIUM,26.0,3.0,2.0,2.0
2019,1,Australian Grand Prix,kubica,williams,20,17,+3 Laps,0.0,55,kubica_2019_1,0,55.0,94.16747272727274,89.284,31.181148148148147,24.631327272727273,38.0978,HARD,MEDIUM,27.0,4.0,3.0,3.0
2019,1,Australian Grand Prix,grosjean,haas,6,18,Wheel,0.0,29,grosjean_2019_1,0,30.0,91.72075862068965,88.462,30.519857142857145,24.042344827586206,36.889310344827585,SOFT,MEDIUM,18.0,2.0,1.0,1.0
2019,1,Australian Grand Prix,ricciardo,renault,12,19,Damage,0.0,28,ricciardo_2019_1,0,29.0,92.83292857142858,89.848,30.461535714285713,24.313620689655174,37.55489285714286,SOFT,HARD,28.0,2.0,2.0,1.0
2019,1,Australian Grand Prix,sainz,mclaren,18,20,Engine,0.0,9,sainz_2019_1,0,10.0,92.77033333333333,90.899,30.709625,24.220555555555556,36.657222222222224,SOFT,SOFT,10.0,1.0,0.0,0.0
2019,2,Bahrain Grand Prix,hamilton,mercedes,3,1,Finished,25.0,57,hamilton_2019_2,0,57.0,98.37644642857143,93.528,31.827625,43.15168421052632,24.318508771929825,SOFT,SOFT,23.0,3.0,2.0,2.0
2019,2,Bahrain Grand Prix,bottas,mercedes,4,2,Finished,18.0,57,bottas_2019_2,0,57.0,99.37324561403508,94.209,31.75319642857143,43.3589298245614,24.242561403508773,SOFT,SOFT,27.0,3.0,2.0,2.0
2019,2,Bahrain Grand Prix,leclerc,ferrari,1,3,Finished,16.0,57,leclerc_2019_2,0,57.0,99.42852631578947,93.411,31.955107142857145,43.024421052631574,24.43263157894737,SOFT,MEDIUM,23.0,3.0,2.0,2.0
2019,2,Bahrain Grand Prix,max_verstappen,red_bull,5,4,Finished,12.0,57,max_verstappen_2019_2,0,57.0,99.43338596491228,95.311,31.880589285714287,43.11463157894737,24.406807017543862,SOFT,MEDIUM,25.0,3.0,2.0,2.0
2019,2,Bahrain Grand Prix,vettel,ferrari,2,5,Finished,10.0,57,vettel_2019_2,0,57.0,99.95373684210527,94.895,32.528017857142856,42.942280701754385,24.48757894736842,SOFT,SOFT,22.0,4.0,3.0,3.0
2019,2,Bahrain Grand Prix,norris,mclaren,9,6,Finished,8.0,57,norris_2019_2,0,57.0,100.12366666666667,95.777,32.01141071428571,43.50642105263158,24.55254385964912,SOFT,SOFT,26.0,3.0,2.0,2.0
2019,2,Bahrain Grand Prix,raikkonen,alfa,8,7,Finished,6.0,57,raikkonen_2019_2,0,57.0,100.15377192982457,95.589,32.10141071428571,43.45443859649122,24.54915789473684,SOFT,SOFT,27.0,3.0,2.0,2.0
2019,2,Bahrain Grand Prix,gasly,red_bull,13,8,Finished,4.0,57,gasly_2019_2,0,57.0,100.34015789473685,95.291,32.225517857142854,43.649719298245614,24.404421052631577,SOFT,SOFT,30.0,3.0,2.0,2.0
2019,2,Bahrain Grand Prix,albon,toro_rosso,12,9,Finished,2.0,57,albon_2019_2,0,57.0,100.42091228070176,96.752,32.208125,43.527842105263154,24.606719298245615,SOFT,MEDIUM,32.0,3.0,2.0,2.0
2019,2,Bahrain Grand Prix,perez,racing_point,14,10,Finished,1.0,57,perez_2019_2,0,57.0,100.43843859649122,96.33,32.159392857142855,43.51261403508772,24.712070175438598,SOFT,MEDIUM,25.0,3.0,2.0,2.0
2019,2,Bahrain Grand Prix,giovinazzi,alfa,16,11,Finished,0.0,57,giovinazzi_2019_2,0,57.0,100.45428070175439,95.237,32.17710714285714,43.58154385964912,24.604491228070174,SOFT,SOFT,25.0,3.0,2.0,2.0
2019,2,Bahrain Grand Prix,kvyat,toro_rosso,15,12,+1 Lap,0.0,56,kvyat_2019_2,0,56.0,101.12323214285713,94.934,32.28067272727272,43.91658928571429,24.843500000000002,SOFT,SOFT,26.0,3.0,2.0,2.0
2019,2,Bahrain Grand Prix,kevin_magnussen,haas,6,13,+1 Lap,0.0,56,kevin_magnussen_2019_2,0,56.0,101.1400357142857,95.892,32.393145454545454,43.86960714285714,24.83730357142857,SOFT,MEDIUM,28.0,3.0,2.0,2.0
2019,2,Bahrain Grand Prix,stroll,racing_point,18,14,+1 Lap,0.0,56,stroll_2019_2,0,56.0,101.45542857142857,97.037,32.450945454545455,44.04169642857143,24.83805357142857,SOFT,MEDIUM,33.0,3.0,2.0,2.0
2019,2,Bahrain Grand Prix,russell,williams,19,15,+1 Lap,0.0,56,russell_2019_2,0,56.0,102.16098214285715,97.313,32.79870909090909,44.39044642857142,24.87169642857143,SOFT,MEDIUM,30.0,3.0,2.0,2.0
2019,2,Bahrain Grand Prix,kubica,williams,20,16,+2 Laps,0.0,55,kubica_2019_2,0,55.0,102.9466,97.903,32.74366666666666,44.65589090909091,25.458963636363634,MEDIUM,MEDIUM,29.0,3.0,2.0,2.0
2019,2,Bahrain Grand Prix,hulkenberg,renault,17,17,Engine,0.0,53,hulkenberg_2019_2,0,54.0,98.5642641509434,95.215,31.604884615384613,42.779245283018874,24.094528301886793,SOFT,SOFT,22.0,3.0,2.0,2.0
2019,2,Bahrain Grand Prix,ricciardo,renault,10,18,Out of fuel,0.0,53,ricciardo_2019_2,0,54.0,98.80154716981131,96.697,31.48078846153846,43.0901320754717,24.163905660377356,SOFT,MEDIUM,30.0,2.0,1.0,1.0
2019,2,Bahrain Grand Prix,sainz,mclaren,7,19,Collision damage,0.0,53,sainz_2019_2,0,53.0,100.3045283018868,95.586,32.51025,43.120056603773584,24.646396226415096,SOFT,MEDIUM,20.0,4.0,4.0,3.0
2019,2,Bahrain Grand Prix,grosjean,haas,11,20,Retired,0.0,16,grosjean_2019_2,0,16.0,103.047625,97.262,33.08213333333333,43.9228125,25.4144375,SOFT,MEDIUM,15.0,2.0,2.0,1.0
2019,3,Chinese Grand Prix,hamilton,mercedes,2,1,Finished,25.0,56,hamilton_2019_3,0,56.0,98.68482142857144,95.892,26.768036363636362,29.06755357142857,42.83626785714286,MEDIUM,MEDIUM,25.0,3.0,2.0,2.0
2019,3,Chinese Grand Prix,bottas,mercedes,1,2,Finished,18.0,56,bottas_2019_3,0,56.0,98.80182142857143,94.872,26.75390909090909,29.12733928571429,42.896821428571435,MEDIUM,MEDIUM,24.0,3.0,2.0,2.0
2019,3,Chinese Grand Prix,vettel,ferrari,3,3,Finished,15.0,56,vettel_2019_3,0,56.0,98.93025,94.836,26.68789090909091,29.07005357142857,43.12621428571429,MEDIUM,MEDIUM,21.0,3.0,2.0,2.0
2019,3,Chinese Grand Prix,max_verstappen,red_bull,5,4,Finished,12.0,56,max_verstappen_2019_3,0,56.0,99.17816071428571,96.143,26.748963636363637,29.176964285714288,43.20455357142857,MEDIUM,MEDIUM,22.0,3.0,2.0,2.0
2019,3,Chinese Grand Prix,leclerc,ferrari,4,5,Finished,10.0,56,leclerc_2019_3,0,56.0,99.24332142857143,94.86,26.836527272727274,29.125535714285714,43.24839285714285,MEDIUM,MEDIUM,25.0,3.0,2.0,2.0
2019,3,Chinese Grand Prix,gasly,red_bull,6,6,Finished,9.0,56,gasly_2019_3,0,56.0,100.2795892857143,94.742,27.26441818181818,29.426267857142857,43.546732142857145,SOFT,SOFT,22.0,4.0,3.0,3.0
2019,3,Chinese Grand Prix,ricciardo,renault,7,7,+1 Lap,6.0,55,ricciardo_2019_3,0,55.0,100.71627272727274,98.632,26.907222222222224,29.877036363636364,43.87712727272728,SOFT,HARD,37.0,2.0,1.0,1.0
2019,3,Chinese Grand Prix,perez,racing_point,12,8,+1 Lap,4.0,55,perez_2019_3,0,55.0,100.75241818181817,98.702,26.949592592592595,29.9282,43.81305454545454,MEDIUM,HARD,35.0,2.0,1.0,1.0
2019,3,Chinese Grand Prix,raikkonen,alfa,13,9,+1 Lap,2.0,55,raikkonen_2019_3,0,55.0,100.87389090909092,97.812,26.921481481481482,29.952236363636363,43.922799999999995,MEDIUM,HARD,30.0,2.0,1.0,1.0
2019,3,Chinese Grand Prix,albon,toro_rosso,0,10,+1 Lap,1.0,55,albon_2019_3,1,55.0,101.10281818181818,98.901,26.849777777777778,30.10930909090909,43.97432727272728,SOFT,HARD,36.0,2.0,1.0,2.0
2019,3,Chinese Grand Prix,grosjean,haas,10,11,+1 Lap,0.0,55,grosjean_2019_3,0,55.0,101.12136363636364,96.873,27.158018518518517,29.87490909090909,44.02356363636363,SOFT,HARD,27.0,3.0,2.0,2.0
2019,3,Chinese Grand Prix,stroll,racing_point,16,12,+1 Lap,0.0,55,stroll_2019_3,0,55.0,101.24172727272727,96.678,27.24237037037037,29.873272727272727,44.04138181818182,MEDIUM,HARD,24.0,3.0,2.0,2.0
2019,3,Chinese Grand Prix,kevin_magnussen,haas,9,13,+1 Lap,0.0,55,kevin_magnussen_2019_3,0,55.0,101.25772727272728,97.471,27.210592592592594,29.783,44.2054,SOFT,HARD,24.0,3.0,2.0,2.0
2019,3,Chinese Grand Prix,sainz,mclaren,14,14,+1 Lap,0.0,55,sainz_2019_3,0,55.0,101.43816363636364,97.502,27.57501851851852,29.762054545454546,44.029709090909094,MEDIUM,HARD,35.0,3.0,2.0,2.0
2019,3,Chinese Grand Prix,giovinazzi,alfa,19,15,+1 Lap,0.0,55,giovinazzi_2019_3,0,55.0,101.49327272727272,98.048,27.433296296296295,29.818509090909092,44.15627272727273,SOFT,MEDIUM,25.0,3.0,2.0,2.0
2019,3,Chinese Grand Prix,russell,williams,17,16,+2 Laps,0.0,54,russell_2019_3,0,54.0,102.7936111111111,97.283,27.616490566037736,30.328907407407407,44.77125925925926,MEDIUM,HARD,27.0,3.0,2.0,2.0
2019,3,Chinese Grand Prix,kubica,williams,18,17,+2 Laps,0.0,54,kubica_2019_3,0,54.0,103.09109259259259,99.772,27.44779245283019,30.64459259259259,44.902759259259255,MEDIUM,HARD,28.0,2.0,1.0,1.0
2019,3,Chinese Grand Prix,norris,mclaren,15,18,Collision,0.0,50,norris_2019_3,0,50.0,103.0186,98.346,28.35151020408163,30.288020000000003,44.31926000000001,MEDIUM,MEDIUM,18.0,4.0,4.0,3.0
2019,3,Chinese Grand Prix,kvyat,toro_rosso,11,19,Collision,0.0,41,kvyat_2019_3,0,41.0,103.00670731707316,97.975,28.417,30.225121951219514,44.29168292682927,MEDIUM,MEDIUM,25.0,4.0,4.0,3.0
2019,3,Chinese Grand Prix,hulkenberg,renault,8,20,Power Unit,0.0,16,hulkenberg_2019_3,0,16.0,104.37075,99.677,28.380200000000002,30.454625,45.417375,SOFT,SOFT,14.0,2.0,2.0,1.0
2019,4,Azerbaijan Grand Prix,bottas,mercedes,1,1,Finished,25.0,51,bottas_2019_4,0,51.0,108.09690196078431,104.024,38.677260000000004,43.33664705882353,26.019509803921572,SOFT,MEDIUM,39.0,2.0,1.0,1.0
2019,4,Azerbaijan Grand Prix,hamilton,mercedes,2,2,Finished,18.0,51,hamilton_2019_4,0,51.0,108.1267843137255,104.166,38.74342,43.34876470588235,25.95750980392157,SOFT,MEDIUM,38.0,2.0,1.0,1.0
2019,4,Azerbaijan Grand Prix,vettel,ferrari,3,3,Finished,15.0,51,vettel_2019_4,0,51.0,108.32707843137254,104.629,38.6881,43.46237254901961,26.088666666666665,SOFT,MEDIUM,40.0,2.0,1.0,1.0
2019,4,Azerbaijan Grand Prix,max_verstappen,red_bull,4,4,Finished,12.0,51,max_verstappen_2019_4,0,51.0,108.43990196078433,104.794,39.02158,43.3276862745098,25.983352941176474,SOFT,MEDIUM,37.0,2.0,1.0,1.0
2019,4,Azerbaijan Grand Prix,leclerc,ferrari,8,5,Finished,11.0,51,leclerc_2019_4,0,51.0,109.45194117647058,103.009,39.236219999999996,43.70319607843137,26.35888235294118,MEDIUM,MEDIUM,34.0,3.0,2.0,2.0
2019,4,Azerbaijan Grand Prix,perez,racing_point,5,6,Finished,8.0,51,perez_2019_4,0,51.0,109.59525490196079,105.524,39.05602,44.25437254901961,26.188999999999997,SOFT,MEDIUM,41.0,2.0,1.0,1.0
2019,4,Azerbaijan Grand Prix,sainz,mclaren,9,7,Finished,6.0,51,sainz_2019_4,0,51.0,109.74054901960784,105.807,39.26262,44.316764705882356,26.022666666666666,SOFT,MEDIUM,39.0,2.0,1.0,1.0
2019,4,Azerbaijan Grand Prix,norris,mclaren,7,8,Finished,4.0,51,norris_2019_4,0,51.0,109.24402,105.394,39.45938,44.35364705882353,26.136313725490197,SOFT,MEDIUM,30.0,3.0,2.0,2.0
2019,4,Azerbaijan Grand Prix,stroll,racing_point,13,9,Finished,2.0,51,stroll_2019_4,0,51.0,110.13250980392156,106.009,39.48348,44.49080392156863,25.998490196078432,SOFT,MEDIUM,41.0,2.0,1.0,1.0
2019,4,Azerbaijan Grand Prix,raikkonen,alfa,0,10,+1 Lap,1.0,50,raikkonen_2019_4,1,50.0,110.564,106.479,39.66855102040817,44.49886000000001,26.15348,SOFT,MEDIUM,44.0,2.0,1.0,2.0
2019,4,Azerbaijan Grand Prix,albon,toro_rosso,11,11,+1 Lap,0.0,50,albon_2019_4,0,50.0,110.61798,105.754,39.75765306122449,44.70866,25.99088,SOFT,MEDIUM,38.0,2.0,1.0,1.0
2019,4,Azerbaijan Grand Prix,giovinazzi,alfa,17,12,+1 Lap,0.0,50,giovinazzi_2019_4,0,50.0,110.66784,105.969,39.99983673469388,44.60418,25.883499999999998,SOFT,MEDIUM,43.0,2.0,1.0,1.0
2019,4,Azerbaijan Grand Prix,kevin_magnussen,haas,12,13,+1 Lap,0.0,50,kevin_magnussen_2019_4,0,50.0,111.22322,106.682,40.10661224489796,44.65128,26.299960000000002,SOFT,MEDIUM,32.0,3.0,2.0,2.0
2019,4,Azerbaijan Grand Prix,hulkenberg,renault,15,14,+1 Lap,0.0,50,hulkenberg_2019_4,0,50.0,111.7225,107.407,40.229104166666666,44.69404,26.60838,SOFT,MEDIUM,26.0,3.0,2.0,2.0
2019,4,Azerbaijan Grand Prix,russell,williams,16,15,+2 Laps,0.0,49,russell_2019_4,0,49.0,111.8895,107.251,40.29075,45.43685714285714,26.84257142857143,MEDIUM,MEDIUM,25.0,3.0,2.0,2.0
2019,4,Azerbaijan Grand Prix,kubica,williams,0,16,+2 Laps,0.0,49,kubica_2019_4,1,49.0,113.4525306122449,107.709,40.872791666666664,45.415795918367344,26.905551020408165,MEDIUM,MEDIUM,23.0,4.0,3.0,4.0
2019,4,Azerbaijan Grand Prix,gasly,red_bull,0,17,Transmission,0.0,38,gasly_2019_4,1,39.0,108.45073684210526,105.712,38.50610810810811,43.80728947368421,25.727763157894735,MEDIUM,MEDIUM,39.0,1.0,0.0,1.0
2019,4,Azerbaijan Grand Prix,grosjean,haas,14,18,Brakes,0.0,38,grosjean_2019_4,0,38.0,112.33028947368422,108.517,40.09543243243243,45.46313157894737,26.515947368421052,MEDIUM,MEDIUM,34.0,2.0,2.0,1.0
2019,4,Azerbaijan Grand Prix,kvyat,toro_rosso,6,19,Collision,0.0,33,kvyat_2019_4,0,33.0,111.86469696969696,107.681,40.68003125,44.70409090909091,26.33118181818182,SOFT,MEDIUM,28.0,2.0,2.0,1.0
2019,4,Azerbaijan Grand Prix,ricciardo,renault,10,20,Collision,0.0,31,ricciardo_2019_4,0,31.0,110.39863333333332,106.767,41.33433333333333,44.56012903225807,26.1658064516129,SOFT,MEDIUM,21.0,2.0,2.0,1.0
2019,5,Spanish Grand Prix,hamilton,mercedes,2,1,Finished,26.0,66,hamilton_2019_5,0,66.0,86.07138461538462,78.492,25.173369230769232,32.39963636363637,29.523727272727275,SOFT,SOFT,30.0,3.0,2.0,2.0
2019,5,Spanish Grand Prix,bottas,mercedes,1,2,Finished,18.0,66,bottas_2019_5,0,66.0,87.18965151515151,78.737,25.087707692307692,32.42698484848485,29.62609090909091,SOFT,SOFT,29.0,3.0,2.0,2.0
2019,5,Spanish Grand Prix,max_verstappen,red_bull,4,3,Finished,15.0,66,max_verstappen_2019_5,0,66.0,87.24427272727273,79.769,25.083553846153848,32.4979393939394,29.609727272727273,SOFT,SOFT,23.0,3.0,2.0,2.0
2019,5,Spanish Grand Prix,vettel,ferrari,3,4,Finished,12.0,66,vettel_2019_5,0,66.0,87.26681818181818,79.82,25.05590769230769,32.38277272727272,29.771212121212123,SOFT,MEDIUM,26.0,3.0,2.0,2.0
2019,5,Spanish Grand Prix,leclerc,ferrari,5,5,Finished,10.0,66,leclerc_2019_5,0,66.0,87.33036363636364,80.002,24.99867692307692,32.450303030303026,29.814666666666668,SOFT,SOFT,28.0,3.0,2.0,2.0
2019,5,Spanish Grand Prix,gasly,red_bull,6,6,Finished,8.0,66,gasly_2019_5,0,66.0,87.42453030303031,80.536,25.406292307692304,32.434878787878795,29.519454545454547,SOFT,SOFT,25.0,3.0,2.0,2.0
2019,5,Spanish Grand Prix,kevin_magnussen,haas,8,7,Finished,6.0,66,kevin_magnussen_2019_5,0,66.0,87.55457575757576,80.77,25.054246153846154,32.495969696969695,29.929924242424242,SOFT,SOFT,26.0,3.0,2.0,2.0
2019,5,Spanish Grand Prix,sainz,mclaren,12,8,Finished,4.0,66,sainz_2019_5,0,66.0,87.61795454545454,80.859,24.91566153846154,32.64077272727273,29.9805,SOFT,SOFT,24.0,3.0,2.0,2.0
2019,5,Spanish Grand Prix,kvyat,toro_rosso,9,9,Finished,2.0,66,kvyat_2019_5,0,66.0,87.62877272727272,80.726,25.067553846153846,32.501106060606055,29.986363636363635,SOFT,MEDIUM,24.0,3.0,2.0,2.0
2019,5,Spanish Grand Prix,grosjean,haas,7,10,Finished,1.0,66,grosjean_2019_5,0,66.0,87.65278787878788,81.057,25.389215384615383,32.372469696969695,29.827439393939393,SOFT,SOFT,29.0,3.0,2.0,2.0
2019,5,Spanish Grand Prix,albon,toro_rosso,11,11,Finished,0.0,66,albon_2019_5,0,66.0,86.45247692307693,81.028,25.503800000000002,32.386590909090906,29.69789393939394,SOFT,MEDIUM,25.0,3.0,2.0,2.0
2019,5,Spanish Grand Prix,ricciardo,renault,13,12,Finished,0.0,66,ricciardo_2019_5,0,66.0,87.68486363636363,80.615,25.288046153846153,32.610424242424244,29.704272727272727,SOFT,SOFT,27.0,3.0,2.0,2.0
2019,5,Spanish Grand Prix,hulkenberg,renault,0,13,Finished,0.0,66,hulkenberg_2019_5,1,66.0,87.72248484848485,81.282,25.116676923076923,32.71459090909091,29.741196969696972,MEDIUM,MEDIUM,35.0,2.0,1.0,2.0
2019,5,Spanish Grand Prix,raikkonen,alfa,14,14,Finished,0.0,66,raikkonen_2019_5,0,66.0,87.76130303030303,81.382,25.03970769230769,32.8335,29.789863636363638,MEDIUM,MEDIUM,28.0,3.0,2.0,2.0
2019,5,Spanish Grand Prix,perez,racing_point,15,15,Finished,0.0,66,perez_2019_5,0,66.0,87.83818181818181,81.859,25.235184615384615,32.78187878787878,29.733378787878788,SOFT,SOFT,24.0,3.0,2.0,2.0
2019,5,Spanish Grand Prix,giovinazzi,alfa,18,16,Finished,0.0,66,giovinazzi_2019_5,0,66.0,87.85051515151515,81.833,24.986953846153845,32.70428787878788,30.05709090909091,SOFT,HARD,35.0,3.0,2.0,2.0
2019,5,Spanish Grand Prix,russell,williams,19,17,+1 Lap,0.0,65,russell_2019_5,0,65.0,89.38812307692308,82.382,25.650828125,33.34006153846153,30.298861538461537,MEDIUM,MEDIUM,32.0,3.0,2.0,2.0
2019,5,Spanish Grand Prix,kubica,williams,17,18,+1 Lap,0.0,65,kubica_2019_5,0,65.0,89.50021538461539,83.202,25.6520625,33.42769230769231,30.321046153846154,MEDIUM,MEDIUM,31.0,3.0,2.0,2.0
2019,5,Spanish Grand Prix,stroll,racing_point,16,19,Collision,0.0,44,stroll_2019_5,0,45.0,85.0343181818182,83.226,24.120906976744187,31.586113636363635,29.16784090909091,MEDIUM,SOFT,23.0,2.0,1.0,1.0
2019,5,Spanish Grand Prix,norris,mclaren,10,20,Collision,0.0,44,norris_2019_5,0,45.0,85.04761363636364,82.561,24.068186046511627,31.617545454545454,29.18538636363636,SOFT,SOFT,26.0,2.0,1.0,1.0
2019,6,Monaco Grand Prix,hamilton,mercedes,1,1,Finished,25.0,78,hamilton_2019_6,0,78.0,79.59534615384615,76.167,20.716389610389612,37.40684615384615,21.422705128205127,SOFT,MEDIUM,67.0,2.0,1.0,1.0
2019,6,Monaco Grand Prix,vettel,ferrari,4,2,Finished,18.0,78,vettel_2019_6,0,78.0,79.62870512820513,76.277,20.765597402597404,37.3165641025641,21.46974358974359,SOFT,HARD,67.0,2.0,1.0,1.0
2019,6,Monaco Grand Prix,bottas,mercedes,2,3,Finished,15.0,78,bottas_2019_6,0,78.0,79.63588461538461,75.163,20.738207792207792,37.174128205128206,21.665166666666668,SOFT,HARD,66.0,3.0,2.0,2.0
2019,6,Monaco Grand Prix,max_verstappen,red_bull,3,4,Finished,12.0,78,max_verstappen_2019_6,0,78.0,79.60223076923077,76.229,20.792506493506494,37.29470512820513,21.44603846153846,SOFT,HARD,67.0,2.0,1.0,1.0
2019,6,Monaco Grand Prix,gasly,red_bull,8,5,Finished,11.0,78,gasly_2019_6,0,78.0,79.72285897435897,74.279,21.008857142857142,36.85832051282051,21.763474358974356,SOFT,SOFT,35.0,3.0,2.0,2.0
2019,6,Monaco Grand Prix,sainz,mclaren,9,6,Finished,8.0,78,sainz_2019_6,0,78.0,80.28065384615384,75.891,21.052948051948054,37.3925,21.73703846153846,SOFT,MEDIUM,48.0,2.0,1.0,1.0
2019,6,Monaco Grand Prix,kvyat,toro_rosso,7,7,Finished,6.0,78,kvyat_2019_6,0,78.0,80.29501282051282,76.288,20.957246753246753,37.39046153846154,21.844666666666665,SOFT,MEDIUM,46.0,2.0,1.0,1.0
2019,6,Monaco Grand Prix,albon,toro_rosso,10,8,Finished,4.0,78,albon_2019_6,0,78.0,80.30303846153846,75.607,21.152363636363635,37.33128205128205,21.716384615384616,SOFT,SOFT,45.0,2.0,1.0,1.0
2019,6,Monaco Grand Prix,ricciardo,renault,6,9,Finished,2.0,78,ricciardo_2019_6,0,78.0,80.37603846153846,75.697,21.26864935064935,37.404538461538465,21.624153846153845,SOFT,MEDIUM,67.0,2.0,1.0,1.0
2019,6,Monaco Grand Prix,grosjean,haas,13,10,Finished,1.0,78,grosjean_2019_6,0,78.0,80.31373076923076,76.746,21.103077922077922,37.34274358974359,21.752192307692308,SOFT,SOFT,50.0,2.0,1.0,1.0
2019,6,Monaco Grand Prix,norris,mclaren,12,11,Finished,0.0,78,norris_2019_6,0,78.0,80.45176923076923,76.413,21.11248051948052,37.45908974358974,21.76574358974359,MEDIUM,MEDIUM,47.0,2.0,1.0,1.0
2019,6,Monaco Grand Prix,perez,racing_point,16,12,+1 Lap,0.0,77,perez_2019_6,0,77.0,80.73889610389611,76.613,21.318039473684212,37.40125974025974,21.885987012987012,MEDIUM,HARD,66.0,2.0,1.0,1.0
2019,6,Monaco Grand Prix,hulkenberg,renault,11,13,+1 Lap,0.0,77,hulkenberg_2019_6,0,77.0,80.77723376623376,76.276,21.19625,37.642116883116884,21.8307012987013,MEDIUM,HARD,68.0,2.0,1.0,1.0
2019,6,Monaco Grand Prix,kevin_magnussen,haas,5,14,+1 Lap,0.0,77,kevin_magnussen_2019_6,0,77.0,80.72667532467533,76.992,21.32042105263158,37.618272727272725,21.701961038961038,SOFT,MEDIUM,66.0,2.0,1.0,1.0
2019,6,Monaco Grand Prix,russell,williams,19,15,+1 Lap,0.0,77,russell_2019_6,0,77.0,80.97105194805195,77.038,21.231802631578947,37.518064935064935,22.069584415584416,MEDIUM,HARD,67.0,2.0,1.0,1.0
2019,6,Monaco Grand Prix,stroll,racing_point,17,16,+1 Lap,0.0,77,stroll_2019_6,0,77.0,81.06098701298701,76.379,21.205407894736844,37.72855844155844,21.998025974025975,MEDIUM,MEDIUM,40.0,2.0,1.0,1.0
2019,6,Monaco Grand Prix,raikkonen,alfa,14,17,+1 Lap,0.0,77,raikkonen_2019_6,0,77.0,81.26076623376623,76.436,21.389565789473682,37.891922077922075,21.85005194805195,SOFT,SOFT,46.0,2.0,1.0,1.0
2019,6,Monaco Grand Prix,kubica,williams,20,18,+1 Lap,0.0,77,kubica_2019_6,0,77.0,81.65590909090909,77.388,21.345973684210527,37.811220779220776,22.35768831168831,MEDIUM,HARD,56.0,2.0,1.0,1.0
2019,6,Monaco Grand Prix,giovinazzi,alfa,18,19,+2 Laps,0.0,76,giovinazzi_2019_6,0,76.0,81.76838157894737,76.299,21.387373333333336,37.803065789473685,22.43336842105263,SOFT,SOFT,44.0,2.0,1.0,1.0
2019,6,Monaco Grand Prix,leclerc,ferrari,15,20,Collision,0.0,16,leclerc_2019_6,0,17.0,90.65025,79.151,22.7130625,40.843,26.6870625,MEDIUM,MEDIUM,9.0,3.0,3.0,2.0
2019,7,Canadian Grand Prix,hamilton,mercedes,2,1,Finished,25.0,70,hamilton_2019_7,0,70.0,76.38691428571428,74.813,21.12555072463768,24.339257142857143,30.84704285714286,MEDIUM,HARD,42.0,2.0,1.0,1.0
2019,7,Canadian Grand Prix,vettel,ferrari,1,2,Finished,18.0,70,vettel_2019_7,0,70.0,76.36774285714286,74.875,21.183202898550725,24.3277,30.79261428571429,MEDIUM,HARD,44.0,2.0,1.0,1.0
2019,7,Canadian Grand Prix,leclerc,ferrari,3,3,Finished,15.0,70,leclerc_2019_7,0,70.0,76.454,74.356,21.20850724637681,24.397442857142856,30.76102857142857,MEDIUM,HARD,38.0,2.0,1.0,1.0
2019,7,Canadian Grand Prix,bottas,mercedes,6,4,Finished,13.0,70,bottas_2019_7,0,70.0,77.1161,73.078,21.281898550724637,24.46282857142857,31.257085714285715,MEDIUM,HARD,37.0,3.0,2.0,2.0
2019,7,Canadian Grand Prix,max_verstappen,red_bull,9,5,Finished,10.0,70,max_verstappen_2019_7,0,70.0,77.21055714285714,74.767,21.466347826086956,24.59734285714286,31.026828571428574,HARD,HARD,48.0,2.0,1.0,1.0
2019,7,Canadian Grand Prix,ricciardo,renault,4,6,+1 Lap,8.0,69,ricciardo_2019_7,0,69.0,77.53850724637681,76.075,21.547382352941177,24.610057971014495,31.28785507246377,SOFT,HARD,61.0,2.0,1.0,1.0
2019,7,Canadian Grand Prix,hulkenberg,renault,7,7,+1 Lap,6.0,69,hulkenberg_2019_7,0,69.0,77.54433333333334,75.995,21.534455882352944,24.633246376811595,31.26833333333333,SOFT,HARD,53.0,2.0,1.0,1.0
2019,7,Canadian Grand Prix,gasly,red_bull,5,8,+1 Lap,4.0,69,gasly_2019_7,0,69.0,77.69021739130434,76.157,21.602999999999998,24.723072463768116,31.263391304347827,SOFT,HARD,62.0,2.0,1.0,1.0
2019,7,Canadian Grand Prix,stroll,racing_point,17,9,+1 Lap,2.0,69,stroll_2019_7,0,69.0,77.9581304347826,76.043,21.656,24.85131884057971,31.28878260869565,HARD,HARD,45.0,2.0,1.0,1.0
2019,7,Canadian Grand Prix,kvyat,toro_rosso,10,10,+1 Lap,1.0,69,kvyat_2019_7,0,69.0,77.9941884057971,76.198,21.61035294117647,24.85849275362319,31.398217391304346,MEDIUM,HARD,57.0,2.0,1.0,1.0
2019,7,Canadian Grand Prix,sainz,mclaren,11,11,+1 Lap,0.0,69,sainz_2019_7,0,69.0,78.02560869565217,76.471,21.717867647058824,24.933999999999997,31.24260869565217,SOFT,HARD,65.0,2.0,1.0,1.0
2019,7,Canadian Grand Prix,perez,racing_point,15,12,+1 Lap,0.0,69,perez_2019_7,0,69.0,78.14491304347825,76.314,21.71435294117647,24.900985507246375,31.392565217391304,MEDIUM,HARD,58.0,2.0,1.0,1.0
2019,7,Canadian Grand Prix,giovinazzi,alfa,12,13,+1 Lap,0.0,69,giovinazzi_2019_7,0,69.0,78.47779710144927,76.365,21.935117647058824,24.954347826086956,31.44940579710145,HARD,MEDIUM,36.0,2.0,1.0,1.0
2019,7,Canadian Grand Prix,grosjean,haas,14,14,+1 Lap,0.0,69,grosjean_2019_7,0,69.0,78.50198550724637,76.245,21.74639705882353,25.060159420289857,31.51653623188406,MEDIUM,HARD,35.0,2.0,1.0,1.0
2019,7,Canadian Grand Prix,raikkonen,alfa,16,15,+1 Lap,0.0,69,raikkonen_2019_7,0,69.0,78.51010144927537,75.442,21.737426470588236,24.970739130434783,31.63040579710145,MEDIUM,HARD,52.0,3.0,2.0,2.0
2019,7,Canadian Grand Prix,russell,williams,18,16,+2 Laps,0.0,68,russell_2019_7,0,68.0,79.40870588235295,77.241,22.12802985074627,25.377117647058824,31.73911764705882,MEDIUM,HARD,59.0,2.0,1.0,1.0
2019,7,Canadian Grand Prix,kevin_magnussen,haas,0,17,+2 Laps,0.0,68,kevin_magnussen_2019_7,1,68.0,79.53479411764705,77.309,22.07758208955224,25.403970588235296,31.807911764705885,HARD,HARD,39.0,2.0,1.0,2.0
2019,7,Canadian Grand Prix,kubica,williams,19,18,+3 Laps,0.0,67,kubica_2019_7,0,67.0,80.2410447761194,77.285,22.414045454545455,25.449865671641792,32.217194029850745,MEDIUM,HARD,29.0,3.0,2.0,2.0
2019,7,Canadian Grand Prix,albon,toro_rosso,13,19,Collision damage,0.0,59,albon_2019_7,0,60.0,79.4305593220339,77.151,21.973033898305086,25.237683333333333,32.05706779661017,MEDIUM,HARD,59.0,2.0,2.0,1.0
2019,7,Canadian Grand Prix,norris,mclaren,8,20,Suspension,0.0,8,norris_2019_7,0,9.0,80.77562499999999,78.023,22.07614285714286,25.46675,32.294125,SOFT,SOFT,12.0,1.0,0.0,0.0
2019,8,French Grand Prix,hamilton,mercedes,1,1,Finished,25.0,53,hamilton_2019_8,0,53.0,95.68298113207548,92.764,24.01998076923077,29.2311320754717,42.32037735849057,MEDIUM,HARD,29.0,2.0,1.0,1.0
2019,8,French Grand Prix,bottas,mercedes,2,2,Finished,18.0,53,bottas_2019_8,0,53.0,96.02366037735848,93.586,24.12640384615385,29.281528301886794,42.486150943396225,MEDIUM,HARD,30.0,2.0,1.0,1.0
2019,8,French Grand Prix,leclerc,ferrari,3,3,Finished,15.0,53,leclerc_2019_8,0,53.0,96.04118867924528,93.828,24.148788461538462,29.33766037735849,42.40875471698113,MEDIUM,HARD,32.0,2.0,1.0,1.0
2019,8,French Grand Prix,max_verstappen,red_bull,4,4,Finished,12.0,53,max_verstappen_2019_8,0,53.0,96.34156603773584,94.162,24.168134615384613,29.471698113207548,42.54720754716981,MEDIUM,HARD,33.0,2.0,1.0,1.0
2019,8,French Grand Prix,vettel,ferrari,7,5,Finished,11.0,53,vettel_2019_8,0,53.0,96.86781132075471,92.74,24.422173076923077,29.365528301886794,42.903924528301886,MEDIUM,HARD,28.0,3.0,2.0,2.0
2019,8,French Grand Prix,sainz,mclaren,6,6,Finished,8.0,53,sainz_2019_8,0,53.0,97.48415094339623,94.561,24.679538461538463,29.712471698113205,42.93760377358491,MEDIUM,HARD,34.0,2.0,1.0,1.0
2019,8,French Grand Prix,raikkonen,alfa,12,7,+1 Lap,6.0,52,raikkonen_2019_8,0,52.0,97.68828846153846,94.95,24.581196078431375,29.684826923076926,43.21261538461538,HARD,HARD,31.0,2.0,1.0,1.0
2019,8,French Grand Prix,hulkenberg,renault,13,8,+1 Lap,4.0,52,hulkenberg_2019_8,0,52.0,97.69905769230769,94.754,24.668999999999997,29.53417307692308,42.89486274509804,HARD,HARD,34.0,2.0,1.0,1.0
2019,8,French Grand Prix,norris,mclaren,5,9,+1 Lap,2.0,52,norris_2019_8,0,52.0,97.73446153846155,95.197,24.729529411764705,29.679673076923077,43.15838461538461,MEDIUM,HARD,34.0,2.0,1.0,1.0
2019,8,French Grand Prix,gasly,red_bull,9,10,+1 Lap,1.0,52,gasly_2019_8,0,52.0,97.83503846153847,95.15,24.649274509803924,29.72848076923077,43.27325,SOFT,HARD,35.0,2.0,1.0,1.0
2019,8,French Grand Prix,ricciardo,renault,8,11,+1 Lap,0.0,52,ricciardo_2019_8,0,52.0,97.67051923076923,94.873,24.625980392156862,29.57548076923077,43.267307692307696,MEDIUM,HARD,36.0,2.0,1.0,1.0
2019,8,French Grand Prix,perez,racing_point,14,12,+1 Lap,0.0,52,perez_2019_8,0,52.0,97.93296153846154,95.014,24.66264705882353,29.625057692307692,43.431250000000006,MEDIUM,HARD,34.0,2.0,1.0,1.0
2019,8,French Grand Prix,stroll,racing_point,17,13,+1 Lap,0.0,52,stroll_2019_8,0,52.0,97.97853846153846,94.924,24.775411764705883,29.653153846153845,43.32726923076923,HARD,HARD,39.0,2.0,1.0,1.0
2019,8,French Grand Prix,kvyat,toro_rosso,19,14,+1 Lap,0.0,52,kvyat_2019_8,0,52.0,98.21367307692307,95.225,24.714764705882352,29.61157692307692,43.64396153846154,HARD,HARD,32.0,2.0,1.0,1.0
2019,8,French Grand Prix,albon,toro_rosso,11,15,+1 Lap,0.0,52,albon_2019_8,0,52.0,98.25973076923077,95.029,24.76058823529412,29.71425,43.56557692307692,MEDIUM,HARD,27.0,2.0,1.0,1.0
2019,8,French Grand Prix,giovinazzi,alfa,10,16,+1 Lap,0.0,52,giovinazzi_2019_8,0,52.0,98.59078846153845,95.115,24.76094117647059,30.000307692307693,43.638903846153845,SOFT,HARD,27.0,3.0,2.0,2.0
2019,8,French Grand Prix,kevin_magnussen,haas,15,17,+1 Lap,0.0,52,kevin_magnussen_2019_8,0,52.0,98.6883076923077,95.692,24.894313725490193,30.20525,43.373999999999995,MEDIUM,HARD,36.0,2.0,1.0,1.0
2019,8,French Grand Prix,kubica,williams,18,18,+2 Laps,0.0,51,kubica_2019_8,0,51.0,100.09043137254902,96.608,25.29108,30.311470588235295,44.26296078431373,MEDIUM,HARD,27.0,2.0,1.0,1.0
2019,8,French Grand Prix,russell,williams,20,19,+2 Laps,0.0,51,russell_2019_8,0,51.0,100.2683137254902,95.83,25.29174,30.193450980392157,44.54250980392157,MEDIUM,MEDIUM,25.0,3.0,2.0,2.0
2019,8,French Grand Prix,grosjean,haas,16,20,Retired,0.0,44,grosjean_2019_8,0,45.0,98.74561363636363,95.691,24.932000000000002,29.93908888888889,43.5705,HARD,HARD,31.0,2.0,2.0,1.0
2019,9,Austrian Grand Prix,max_verstappen,red_bull,2,1,Finished,26.0,71,max_verstappen_2019_9,0,71.0,69.32143661971831,67.475,17.580142857142857,30.741267605633805,20.941535211267606,MEDIUM,HARD,40.0,2.0,1.0,1.0
2019,9,Austrian Grand Prix,leclerc,ferrari,1,2,Finished,18.0,71,leclerc_2019_9,0,71.0,69.35980281690141,67.994,17.63772857142857,30.76432394366197,20.923830985915494,SOFT,HARD,49.0,2.0,1.0,1.0
2019,9,Austrian Grand Prix,bottas,mercedes,3,3,Finished,15.0,71,bottas_2019_9,0,71.0,69.58847887323944,68.565,17.678771428571427,30.83032394366197,21.03854929577465,MEDIUM,HARD,50.0,2.0,1.0,1.0
2019,9,Austrian Grand Prix,vettel,ferrari,9,4,Finished,12.0,71,vettel_2019_9,0,71.0,69.5976338028169,67.676,17.892376811594204,30.646157142857145,21.0103661971831,SOFT,SOFT,29.0,3.0,2.0,2.0
2019,9,Austrian Grand Prix,hamilton,mercedes,4,5,Finished,10.0,71,hamilton_2019_9,0,71.0,69.6426338028169,68.05,17.809371428571428,30.83908450704225,20.94850704225352,MEDIUM,HARD,41.0,2.0,1.0,1.0
2019,9,Austrian Grand Prix,norris,mclaren,5,6,+1 Lap,8.0,70,norris_2019_9,0,70.0,70.3327,68.699,17.776695652173913,31.112899999999996,21.395028571428572,SOFT,MEDIUM,45.0,2.0,1.0,1.0
2019,9,Austrian Grand Prix,gasly,red_bull,8,7,+1 Lap,6.0,70,gasly_2019_9,0,70.0,70.41477142857143,68.79,17.72605797101449,31.263357142857142,21.363814285714287,SOFT,HARD,45.0,2.0,1.0,1.0
2019,9,Austrian Grand Prix,sainz,mclaren,19,8,+1 Lap,4.0,70,sainz_2019_9,0,70.0,70.57434285714285,68.117,17.7814347826087,31.28965714285714,21.419214285714286,MEDIUM,MEDIUM,41.0,2.0,1.0,1.0
2019,9,Austrian Grand Prix,raikkonen,alfa,6,9,+1 Lap,2.0,70,raikkonen_2019_9,0,70.0,70.60447142857143,69.126,17.90795652173913,31.142942857142856,21.504242857142856,SOFT,HARD,47.0,2.0,1.0,1.0
2019,9,Austrian Grand Prix,giovinazzi,alfa,7,10,+1 Lap,1.0,70,giovinazzi_2019_9,0,70.0,70.61392857142857,69.051,17.839521739130433,31.322485714285715,21.394,SOFT,HARD,46.0,2.0,1.0,1.0
2019,9,Austrian Grand Prix,perez,racing_point,13,11,+1 Lap,0.0,70,perez_2019_9,0,70.0,70.65321428571428,69.061,17.777478260869565,31.41202857142857,21.394971428571427,MEDIUM,HARD,42.0,2.0,1.0,1.0
2019,9,Austrian Grand Prix,ricciardo,renault,12,12,+1 Lap,0.0,70,ricciardo_2019_9,0,70.0,70.66980000000001,68.019,17.81295652173913,31.353242857142856,21.432014285714285,MEDIUM,MEDIUM,46.0,2.0,1.0,1.0
2019,9,Austrian Grand Prix,hulkenberg,renault,15,13,+1 Lap,0.0,70,hulkenberg_2019_9,0,70.0,70.69447142857143,69.248,17.808246376811596,31.257542857142855,21.550357142857145,MEDIUM,HARD,44.0,2.0,1.0,1.0
2019,9,Austrian Grand Prix,stroll,racing_point,14,14,+1 Lap,0.0,70,stroll_2019_9,0,70.0,70.80772857142857,69.288,17.867927536231882,31.395514285714288,21.46888571428571,MEDIUM,HARD,45.0,2.0,1.0,1.0
2019,9,Austrian Grand Prix,albon,toro_rosso,18,15,+1 Lap,0.0,70,albon_2019_9,0,70.0,70.83164285714285,68.946,17.86210144927536,31.477899999999998,21.405742857142858,MEDIUM,HARD,35.0,2.0,1.0,1.0
2019,9,Austrian Grand Prix,grosjean,haas,11,16,+1 Lap,0.0,70,grosjean_2019_9,0,70.0,70.9451142857143,68.987,18.153739130434783,31.342485714285715,21.378814285714288,MEDIUM,HARD,36.0,2.0,1.0,1.0
2019,9,Austrian Grand Prix,kvyat,toro_rosso,16,17,+1 Lap,0.0,70,kvyat_2019_9,0,70.0,71.25311428571429,69.498,18.047710144927535,31.503228571428572,21.619028571428572,MEDIUM,HARD,38.0,2.0,1.0,1.0
2019,9,Austrian Grand Prix,russell,williams,0,18,+2 Laps,0.0,69,russell_2019_9,1,69.0,71.56278260869566,69.926,17.98955882352941,31.6946231884058,21.73991304347826,MEDIUM,HARD,42.0,2.0,1.0,2.0
2019,9,Austrian Grand Prix,kevin_magnussen,haas,10,19,+2 Laps,0.0,69,kevin_magnussen_2019_9,0,69.0,71.87960869565218,68.903,18.660926470588237,31.530942028985503,21.629565217391306,SOFT,HARD,51.0,4.0,3.0,3.0
2019,9,Austrian Grand Prix,kubica,williams,17,20,+3 Laps,0.0,68,kubica_2019_9,0,68.0,72.56414705882354,70.964,18.23144776119403,32.09666176470588,22.159676470588234,MEDIUM,HARD,49.0,2.0,1.0,1.0
2019,10,British Grand Prix,hamilton,mercedes,2,1,Finished,26.0,52,hamilton_2019_10,0,52.0,92.1337843137255,87.369,29.815529411764707,37.97226923076923,25.798480769230768,MEDIUM,HARD,32.0,2.0,1.0,1.0
2019,10,British Grand Prix,bottas,mercedes,1,2,Finished,18.0,52,bottas_2019_10,0,52.0,94.10346153846154,87.406,30.321156862745095,37.86313461538462,25.89403846153846,MEDIUM,MEDIUM,29.0,3.0,2.0,2.0
2019,10,British Grand Prix,leclerc,ferrari,3,3,Finished,15.0,52,leclerc_2019_10,0,52.0,94.20325000000001,89.313,30.181039215686273,38.13173076923077,25.848134615384616,SOFT,HARD,31.0,3.0,2.0,2.0
2019,10,British Grand Prix,gasly,red_bull,5,4,Finished,12.0,52,gasly_2019_10,0,52.0,94.29123076923078,89.544,29.840392156862748,38.398788461538466,25.973403846153847,MEDIUM,HARD,52.0,2.0,1.0,1.0
2019,10,British Grand Prix,max_verstappen,red_bull,4,5,Finished,10.0,52,max_verstappen_2019_10,0,52.0,94.38288461538461,89.272,30.03890196078431,38.19084615384615,26.101826923076924,MEDIUM,HARD,32.0,3.0,2.0,2.0
2019,10,British Grand Prix,sainz,mclaren,13,6,Finished,8.0,52,sainz_2019_10,0,52.0,94.65559615384616,89.757,30.026823529411764,38.50598076923077,26.02615384615385,MEDIUM,HARD,32.0,2.0,1.0,1.0
2019,10,British Grand Prix,ricciardo,renault,7,7,Finished,6.0,52,ricciardo_2019_10,0,52.0,94.67025,89.624,30.271980392156866,38.471096153846155,25.85198076923077,SOFT,HARD,32.0,3.0,2.0,2.0
2019,10,British Grand Prix,raikkonen,alfa,12,8,Finished,4.0,52,raikkonen_2019_10,0,52.0,94.88446153846154,90.034,30.414960784313724,38.430807692307695,25.934846153846156,MEDIUM,HARD,35.0,2.0,1.0,1.0
2019,10,British Grand Prix,kvyat,toro_rosso,17,9,Finished,2.0,52,kvyat_2019_10,0,52.0,94.90715384615383,89.91,30.632470588235297,38.39546153846154,25.76276923076923,SOFT,HARD,31.0,3.0,2.0,2.0
2019,10,British Grand Prix,hulkenberg,renault,10,10,Finished,1.0,52,hulkenberg_2019_10,0,52.0,95.02278846153847,89.949,30.20292156862745,38.61011538461538,26.127769230769232,SOFT,HARD,40.0,2.0,1.0,1.0
2019,10,British Grand Prix,norris,mclaren,8,11,Finished,0.0,52,norris_2019_10,0,52.0,95.0525576923077,89.636,30.539803921568627,38.37655769230769,26.06971153846154,SOFT,MEDIUM,22.0,3.0,2.0,2.0
2019,10,British Grand Prix,albon,toro_rosso,9,12,Finished,0.0,52,albon_2019_10,0,52.0,95.07825,90.872,30.185764705882352,38.58730769230769,26.217403846153847,SOFT,MEDIUM,39.0,2.0,1.0,1.0
2019,10,British Grand Prix,stroll,racing_point,18,13,Finished,0.0,52,stroll_2019_10,0,52.0,95.18342307692309,89.39,30.821941176470585,38.38573076923077,25.86798076923077,MEDIUM,HARD,26.0,3.0,2.0,2.0
2019,10,British Grand Prix,russell,williams,19,14,+1 Lap,0.0,51,russell_2019_10,0,51.0,95.76192156862746,91.013,30.64112,38.828529411764706,26.16939215686274,MEDIUM,HARD,30.0,2.0,1.0,1.0
2019,10,British Grand Prix,kubica,williams,20,15,+1 Lap,0.0,51,kubica_2019_10,0,51.0,95.97329411764706,91.509,30.58818,39.024843137254905,26.223803921568628,MEDIUM,HARD,31.0,2.0,1.0,1.0
2019,10,British Grand Prix,vettel,ferrari,6,16,+1 Lap,0.0,51,vettel_2019_10,0,51.0,95.78260784313724,88.733,30.808580000000003,38.65717647058824,26.268980392156863,SOFT,SOFT,23.0,3.0,2.0,2.0
2019,10,British Grand Prix,perez,racing_point,15,17,+1 Lap,0.0,51,perez_2019_10,0,51.0,96.17205882352941,89.456,31.39748,38.59823529411765,26.083078431372552,MEDIUM,SOFT,22.0,4.0,3.0,3.0
2019,10,British Grand Prix,giovinazzi,alfa,11,18,Spun off,0.0,18,giovinazzi_2019_10,0,19.0,93.93261111111111,92.464,29.562058823529412,38.11227777777778,25.916666666666668,MEDIUM,MEDIUM,19.0,1.0,0.0,0.0
2019,10,British Grand Prix,grosjean,haas,14,19,Collision,0.0,9,grosjean_2019_10,0,9.0,103.07566666666668,94.35,33.576499999999996,41.81188888888889,27.409444444444446,SOFT,HARD,8.0,2.0,2.0,1.0
2019,10,British Grand Prix,kevin_magnussen,haas,16,20,Collision,0.0,6,kevin_magnussen_2019_10,0,6.0,112.91633333333333,93.425,35.94,47.22333333333333,29.69966666666667,SOFT,HARD,5.0,2.0,2.0,1.0
2019,11,German Grand Prix,max_verstappen,red_bull,2,1,Finished,26.0,64,max_verstappen_2019_11,0,65.0,97.988671875,76.645,22.44330158730159,43.935375,31.511578125,WET,INTERMEDIATE,22.0,6.0,5.0,5.0
2019,11,German Grand Prix,vettel,ferrari,20,2,Finished,18.0,64,vettel_2019_11,0,64.0,98.10325,76.794,22.232063492063492,43.685390625,32.021859375,WET,INTERMEDIATE,21.0,6.0,5.0,5.0
2019,11,German Grand Prix,kvyat,toro_rosso,14,3,Finished,15.0,64,kvyat_2019_11,0,64.0,98.1184375,77.708,22.346746031746033,44.04375,31.54340625,WET,INTERMEDIATE,22.0,5.0,4.0,4.0
2019,11,German Grand Prix,stroll,racing_point,15,4,Finished,12.0,64,stroll_2019_11,0,64.0,97.2774761904762,77.831,22.526714285714284,43.94475,31.507125,WET,INTERMEDIATE,20.0,6.0,5.0,5.0
2019,11,German Grand Prix,sainz,mclaren,7,5,Finished,10.0,64,sainz_2019_11,0,64.0,98.13840625,77.841,21.741047619047617,43.9469375,32.322828125,WET,INTERMEDIATE,24.0,4.0,3.0,3.0
2019,11,German Grand Prix,albon,toro_rosso,16,6,Finished,8.0,64,albon_2019_11,0,64.0,98.145734375,77.85,22.046714285714284,44.090984375,31.82728125,WET,INTERMEDIATE,25.0,5.0,4.0,4.0
2019,11,German Grand Prix,grosjean,haas,6,7,Finished,6.0,64,grosjean_2019_11,0,64.0,97.40387301587302,78.811,22.53631746031746,44.0816875,31.5228125,WET,INTERMEDIATE,24.0,6.0,5.0,5.0
2019,11,German Grand Prix,kevin_magnussen,haas,12,8,Finished,4.0,64,kevin_magnussen_2019_11,0,64.0,98.281875,79.062,22.946777777777775,43.896578125,31.303359375,WET,INTERMEDIATE,15.0,7.0,6.0,6.0
2019,11,German Grand Prix,hamilton,mercedes,1,9,Finished,2.0,64,hamilton_2019_11,0,64.0,96.14209677419356,77.485,23.62169841269841,43.324171875,31.3050625,WET,INTERMEDIATE,25.0,7.0,6.0,6.0
2019,11,German Grand Prix,kubica,williams,18,10,Finished,1.0,64,kubica_2019_11,0,64.0,98.37909375,79.563,22.807920634920634,43.943953125,31.4324375,WET,INTERMEDIATE,16.0,6.0,5.0,5.0
2019,11,German Grand Prix,russell,williams,17,11,Finished,0.0,64,russell_2019_11,0,64.0,98.401234375,79.3,22.777444444444445,43.972234375,31.4884375,WET,INTERMEDIATE,17.0,6.0,5.0,5.0
2019,11,German Grand Prix,raikkonen,alfa,5,12,Finished,0.0,64,raikkonen_2019_11,0,64.0,98.179515625,77.746,22.496507936507935,43.69071875,31.907578125,WET,INTERMEDIATE,23.0,5.0,4.0,4.0
2019,11,German Grand Prix,giovinazzi,alfa,11,13,Finished,0.0,64,giovinazzi_2019_11,0,64.0,98.2050625,77.507,22.41463492063492,43.90590625,31.733453125,WET,INTERMEDIATE,23.0,5.0,4.0,4.0
2019,11,German Grand Prix,gasly,red_bull,4,14,Collision,0.0,61,gasly_2019_11,0,62.0,99.14218032786884,77.495,22.6129,44.36427868852459,32.03037704918033,WET,INTERMEDIATE,23.0,5.0,4.0,4.0
2019,11,German Grand Prix,bottas,mercedes,3,15,Accident,0.0,56,bottas_2019_11,0,57.0,98.90226785714286,78.272,22.76390909090909,44.04389285714286,32.00794642857143,WET,INTERMEDIATE,23.0,5.0,4.0,4.0
2019,11,German Grand Prix,hulkenberg,renault,9,16,Accident,0.0,39,hulkenberg_2019_11,0,40.0,101.27007692307691,89.576,23.273868421052633,45.353,32.47225641025641,WET,INTERMEDIATE,14.0,4.0,3.0,3.0
2019,11,German Grand Prix,leclerc,ferrari,10,17,Accident,0.0,27,leclerc_2019_11,0,27.0,96.37981481481482,87.697,21.952384615384613,42.95114814814815,31.13837037037037,WET,INTERMEDIATE,12.0,3.0,3.0,2.0
2019,11,German Grand Prix,norris,mclaren,19,18,Power loss,0.0,25,norris_2019_11,0,25.0,99.1796,91.081,22.540333333333333,44.086040000000004,32.06304,WET,INTERMEDIATE,19.0,2.0,2.0,1.0
2019,11,German Grand Prix,ricciardo,renault,13,19,Exhaust,0.0,13,ricciardo_2019_11,0,14.0,102.48261538461537,92.654,23.777666666666665,45.559230769230766,32.473615384615385,WET,INTERMEDIATE,11.0,2.0,1.0,1.0
2019,11,German Grand Prix,perez,racing_point,8,20,Spun off,0.0,1,perez_2019_11,0,2.0,112.843,112.843,,47.172,34.137,WET,WET,2.0,1.0,0.0,0.0
2019,12,Hungarian Grand Prix,hamilton,mercedes,3,1,Finished,25.0,70,hamilton_2019_12,0,70.0,81.4828,78.528,29.64385507246377,28.909828571428573,22.863028571428572,MEDIUM,MEDIUM,34.0,3.0,2.0,2.0
2019,12,Hungarian Grand Prix,max_verstappen,red_bull,1,2,Finished,19.0,70,max_verstappen_2019_12,0,70.0,81.73702857142857,77.103,29.753797101449276,28.997500000000002,22.932357142857143,MEDIUM,HARD,42.0,3.0,2.0,2.0
2019,12,Hungarian Grand Prix,vettel,ferrari,5,3,Finished,15.0,70,vettel_2019_12,0,70.0,82.36041428571428,79.786,29.546043478260867,29.468585714285712,23.266542857142856,MEDIUM,MEDIUM,42.0,2.0,1.0,1.0
2019,12,Hungarian Grand Prix,leclerc,ferrari,4,4,Finished,12.0,70,leclerc_2019_12,0,70.0,82.41494285714286,80.493,29.62168115942029,29.414728571428572,23.30442857142857,MEDIUM,HARD,43.0,2.0,1.0,1.0
2019,12,Hungarian Grand Prix,sainz,mclaren,8,5,+1 Lap,10.0,69,sainz_2019_12,0,69.0,83.05972463768116,81.002,29.83841176470588,29.718710144927535,23.42160869565217,SOFT,HARD,40.0,2.0,1.0,1.0
2019,12,Hungarian Grand Prix,gasly,red_bull,6,6,+1 Lap,8.0,69,gasly_2019_12,0,69.0,83.07991304347826,81.045,29.738720588235292,29.85995652173913,23.388246376811594,MEDIUM,HARD,41.0,2.0,1.0,1.0
2019,12,Hungarian Grand Prix,raikkonen,alfa,10,7,+1 Lap,6.0,69,raikkonen_2019_12,0,69.0,83.11866666666667,80.88,29.869573529411767,29.838159420289855,23.322710144927537,SOFT,MEDIUM,40.0,2.0,1.0,1.0
2019,12,Hungarian Grand Prix,bottas,mercedes,2,8,+1 Lap,4.0,69,bottas_2019_12,0,69.0,83.12933333333334,79.331,30.05948529411765,29.628028985507246,23.371463768115945,MEDIUM,HARD,41.0,3.0,2.0,2.0
2019,12,Hungarian Grand Prix,norris,mclaren,7,9,+1 Lap,2.0,69,norris_2019_12,0,69.0,83.20560869565217,81.188,29.81070588235294,29.812608695652177,23.497014492753625,SOFT,HARD,41.0,2.0,1.0,1.0
2019,12,Hungarian Grand Prix,albon,toro_rosso,12,10,+1 Lap,1.0,69,albon_2019_12,0,69.0,83.6278695652174,80.621,30.00404411764706,29.99060869565217,23.533898550724636,MEDIUM,HARD,41.0,2.0,1.0,1.0
2019,12,Hungarian Grand Prix,perez,racing_point,16,11,+1 Lap,0.0,69,perez_2019_12,0,69.0,83.78791304347826,81.734,30.010470588235293,30.109884057971012,23.566666666666666,MEDIUM,HARD,51.0,2.0,1.0,1.0
2019,12,Hungarian Grand Prix,hulkenberg,renault,11,12,+1 Lap,0.0,69,hulkenberg_2019_12,0,69.0,83.79713043478262,81.65,30.132676470588233,30.037202898550724,23.53276811594203,MEDIUM,MEDIUM,36.0,2.0,1.0,1.0
2019,12,Hungarian Grand Prix,kevin_magnussen,haas,14,13,+1 Lap,0.0,69,kevin_magnussen_2019_12,0,69.0,83.80810144927537,81.008,30.118176470588235,29.989768115942027,23.588521739130435,MEDIUM,MEDIUM,38.0,2.0,1.0,1.0
2019,12,Hungarian Grand Prix,ricciardo,renault,20,14,+1 Lap,0.0,69,ricciardo_2019_12,0,69.0,83.8114927536232,80.839,29.955411764705882,30.186942028985506,23.543434782608696,HARD,HARD,46.0,2.0,1.0,1.0
2019,12,Hungarian Grand Prix,kvyat,toro_rosso,13,15,+2 Laps,0.0,68,kvyat_2019_12,0,68.0,83.95564705882353,81.932,30.134671641791044,30.06591176470588,23.649941176470588,MEDIUM,HARD,47.0,2.0,1.0,1.0
2019,12,Hungarian Grand Prix,russell,williams,15,16,+2 Laps,0.0,68,russell_2019_12,0,68.0,84.76030882352941,82.386,30.35326865671642,30.43783823529412,23.860617647058824,MEDIUM,HARD,52.0,2.0,1.0,1.0
2019,12,Hungarian Grand Prix,stroll,racing_point,18,17,+2 Laps,0.0,68,stroll_2019_12,0,68.0,84.81575,80.603,30.405388059701494,30.379691176470587,23.91680882352941,MEDIUM,HARD,34.0,3.0,2.0,2.0
2019,12,Hungarian Grand Prix,giovinazzi,alfa,17,18,+2 Laps,0.0,68,giovinazzi_2019_12,0,68.0,84.95088235294118,83.134,30.2635223880597,30.594294117647056,23.97448529411765,MEDIUM,HARD,53.0,2.0,1.0,1.0
2019,12,Hungarian Grand Prix,kubica,williams,19,19,+3 Laps,0.0,67,kubica_2019_12,0,67.0,85.28468656716417,83.436,30.421075757575757,30.645716417910446,24.08992537313433,MEDIUM,HARD,49.0,2.0,1.0,1.0
2019,12,Hungarian Grand Prix,grosjean,haas,9,20,Water pressure,0.0,49,grosjean_2019_12,0,49.0,85.03818367346939,82.809,30.35835416666667,30.56132653061224,23.993755102040815,SOFT,HARD,30.0,2.0,2.0,1.0
2019,13,Belgian Grand Prix,leclerc,ferrari,1,1,Finished,25.0,44,leclerc_2019_13,0,44.0,109.52912195121952,106.664,33.04806976744186,50.126886363636366,31.031227272727275,SOFT,MEDIUM,24.0,2.0,1.0,1.0
2019,13,Belgian Grand Prix,hamilton,mercedes,3,2,Finished,18.0,44,hamilton_2019_13,0,44.0,109.60529268292683,106.58,33.32841860465116,49.83222727272727,31.06097727272727,SOFT,MEDIUM,27.0,2.0,1.0,1.0
2019,13,Belgian Grand Prix,bottas,mercedes,4,3,Finished,15.0,44,bottas_2019_13,0,44.0,109.90775609756098,106.465,33.341906976744184,50.032840909090915,31.103863636363634,SOFT,SOFT,28.0,2.0,1.0,1.0
2019,13,Belgian Grand Prix,vettel,ferrari,2,4,Finished,13.0,44,vettel_2019_13,0,44.0,110.21695121951218,106.409,33.400976744186046,50.17602272727272,31.22690909090909,SOFT,SOFT,18.0,3.0,2.0,2.0
2019,13,Belgian Grand Prix,albon,red_bull,17,5,Finished,10.0,44,albon_2019_13,0,44.0,111.85151219512196,107.507,33.18660465116279,51.51713636363636,31.24070454545455,MEDIUM,MEDIUM,23.0,2.0,1.0,1.0
2019,13,Belgian Grand Prix,perez,racing_point,7,6,Finished,8.0,44,perez_2019_13,0,44.0,111.82078048780488,108.781,33.33909302325581,51.45875,31.25677272727273,SOFT,MEDIUM,29.0,2.0,1.0,1.0
2019,13,Belgian Grand Prix,kvyat,toro_rosso,19,7,Finished,6.0,44,kvyat_2019_13,0,44.0,112.02212195121952,108.143,33.411720930232555,51.25281818181818,31.48809090909091,MEDIUM,MEDIUM,24.0,2.0,1.0,1.0
2019,13,Belgian Grand Prix,hulkenberg,renault,12,8,Finished,4.0,44,hulkenberg_2019_13,0,44.0,112.48887804878048,108.349,33.56295348837209,51.641954545454546,31.311363636363637,SOFT,SOFT,20.0,3.0,2.0,2.0
2019,13,Belgian Grand Prix,gasly,toro_rosso,13,9,Finished,2.0,44,gasly_2019_13,0,44.0,112.44909756097562,109.7,33.360813953488375,51.770295454545455,31.48243181818182,SOFT,MEDIUM,31.0,2.0,1.0,1.0
2019,13,Belgian Grand Prix,stroll,racing_point,16,10,Finished,1.0,44,stroll_2019_13,0,44.0,112.47878048780488,108.357,33.48460465116279,51.69479545454545,31.435772727272727,SOFT,SOFT,16.0,3.0,2.0,2.0
2019,13,Belgian Grand Prix,norris,mclaren,11,11,Engine,0.0,43,norris_2019_13,0,44.0,111.28444999999999,108.321,33.459833333333336,50.97806976744186,31.33718604651163,SOFT,MEDIUM,25.0,2.0,1.0,1.0
2019,13,Belgian Grand Prix,kevin_magnussen,haas,8,12,+1 Lap,0.0,43,kevin_magnussen_2019_13,0,43.0,112.637325,108.677,33.86421428571428,51.45593023255814,31.636906976744186,SOFT,SOFT,28.0,2.0,1.0,1.0
2019,13,Belgian Grand Prix,grosjean,haas,9,13,+1 Lap,0.0,43,grosjean_2019_13,0,43.0,112.77435,109.274,33.628238095238096,51.91851162790698,31.583651162790698,SOFT,MEDIUM,27.0,2.0,1.0,1.0
2019,13,Belgian Grand Prix,ricciardo,renault,10,14,+1 Lap,0.0,43,ricciardo_2019_13,0,43.0,113.33562500000001,110.451,33.049261904761906,52.65427906976744,31.541372093023256,SOFT,MEDIUM,42.0,2.0,1.0,1.0
2019,13,Belgian Grand Prix,russell,williams,14,15,+1 Lap,0.0,43,russell_2019_13,0,43.0,113.458375,108.86,34.01724390243903,51.654095238095245,31.84327906976744,MEDIUM,MEDIUM,30.0,2.0,1.0,1.0
2019,13,Belgian Grand Prix,raikkonen,alfa,6,16,+1 Lap,0.0,43,raikkonen_2019_13,0,43.0,113.89417499999999,108.753,33.86990476190476,52.09123255813954,31.72862790697674,SOFT,MEDIUM,30.0,4.0,3.0,3.0
2019,13,Belgian Grand Prix,kubica,williams,0,17,+1 Lap,0.0,43,kubica_2019_13,1,43.0,113.91945000000001,109.22,34.23997619047619,51.64058139534884,31.92174418604651,MEDIUM,MEDIUM,31.0,2.0,1.0,2.0
2019,13,Belgian Grand Prix,giovinazzi,alfa,18,18,Accident,0.0,42,giovinazzi_2019_13,0,43.0,112.33233333333334,107.56,33.514634146341464,51.70814285714286,31.394333333333332,MEDIUM,MEDIUM,29.0,2.0,1.0,1.0
2019,13,Belgian Grand Prix,sainz,mclaren,15,19,Power loss,0.0,1,sainz_2019_13,0,1.0,194.682,194.682,,71.639,60.928,SOFT,SOFT,1.0,1.0,1.0,0.0
2019,13,Belgian Grand Prix,max_verstappen,red_bull,5,20,Accident,0.0,0,max_verstappen_2019_13,0,1.0,,,,,,SOFT,SOFT,4.0,1.0,0.0,0.0
2019,14,Italian Grand Prix,leclerc,ferrari,1,1,Finished,25.0,53,leclerc_2019_14,0,53.0,85.40877358490566,83.009,28.447192307692305,28.73552830188679,28.206226415094342,SOFT,HARD,33.0,2.0,1.0,1.0
2019,14,Italian Grand Prix,bottas,mercedes,3,2,Finished,18.0,53,bottas_2019_14,0,53.0,85.4245283018868,82.859,28.753057692307696,28.657075471698114,27.99041509433962,SOFT,SOFT,30.0,2.0,1.0,1.0
2019,14,Italian Grand Prix,hamilton,mercedes,2,3,Finished,16.0,53,hamilton_2019_14,0,53.0,86.07290566037734,81.779,29.09373076923077,28.797849056603773,28.166188679245284,SOFT,MEDIUM,30.0,3.0,2.0,2.0
2019,14,Italian Grand Prix,ricciardo,renault,5,4,Finished,12.0,53,ricciardo_2019_14,0,53.0,86.26754716981132,83.466,28.746096153846153,28.947867924528303,28.531377358490566,SOFT,SOFT,33.0,2.0,1.0,1.0
2019,14,Italian Grand Prix,hulkenberg,renault,6,5,Finished,10.0,53,hulkenberg_2019_14,0,53.0,86.50622641509433,83.641,28.816346153846155,28.84911320754717,28.810811320754716,SOFT,SOFT,32.0,2.0,1.0,1.0
2019,14,Italian Grand Prix,albon,red_bull,8,6,Finished,8.0,53,albon_2019_14,0,53.0,86.52792452830188,83.364,28.676538461538463,29.107867924528303,28.68958490566038,SOFT,MEDIUM,29.0,2.0,1.0,1.0
2019,14,Italian Grand Prix,perez,racing_point,18,7,Finished,6.0,53,perez_2019_14,0,53.0,86.8012641509434,83.77,28.33661538461539,29.409943396226417,28.928981132075474,MEDIUM,MEDIUM,28.0,2.0,1.0,1.0
2019,14,Italian Grand Prix,max_verstappen,red_bull,19,8,Finished,4.0,53,max_verstappen_2019_14,0,53.0,86.81428301886793,83.143,28.976134615384616,29.10269811320755,28.573962264150946,MEDIUM,MEDIUM,27.0,3.0,2.0,2.0
2019,14,Italian Grand Prix,giovinazzi,alfa,10,9,+1 Lap,2.0,52,giovinazzi_2019_14,0,52.0,87.10717307692309,84.503,28.830490196078433,29.283788461538464,28.942807692307692,SOFT,MEDIUM,31.0,2.0,1.0,1.0
2019,14,Italian Grand Prix,norris,mclaren,16,10,+1 Lap,1.0,52,norris_2019_14,0,52.0,87.13625,84.044,28.575882352941175,29.638365384615383,28.828884615384617,MEDIUM,HARD,29.0,2.0,1.0,1.0
2019,14,Italian Grand Prix,gasly,toro_rosso,17,11,+1 Lap,0.0,52,gasly_2019_14,0,52.0,87.17123076923076,83.885,28.695039215686275,29.254269230769232,29.138749999999998,MEDIUM,MEDIUM,28.0,2.0,1.0,1.0
2019,14,Italian Grand Prix,stroll,racing_point,9,12,+1 Lap,0.0,52,stroll_2019_14,0,52.0,87.41888461538461,84.165,28.859745098039216,29.398153846153846,29.11380769230769,SOFT,MEDIUM,30.0,3.0,2.0,2.0
2019,14,Italian Grand Prix,vettel,ferrari,4,13,+1 Lap,0.0,52,vettel_2019_14,0,52.0,87.80676923076923,82.799,29.68462745098039,28.991769230769233,29.117692307692305,SOFT,HARD,35.0,4.0,3.0,3.0
2019,14,Italian Grand Prix,russell,williams,14,14,+1 Lap,0.0,52,russell_2019_14,0,52.0,87.83528846153847,84.842,29.19021568627451,29.590019230769233,28.974826923076925,MEDIUM,HARD,29.0,2.0,1.0,1.0
2019,14,Italian Grand Prix,raikkonen,alfa,0,15,+1 Lap,0.0,52,raikkonen_2019_14,1,52.0,88.30509615384615,84.419,29.606098039215688,29.248826923076926,29.293653846153845,MEDIUM,MEDIUM,26.0,3.0,2.0,3.0
2019,14,Italian Grand Prix,grosjean,haas,13,16,+1 Lap,0.0,52,grosjean_2019_14,0,52.0,88.68153846153845,84.985,29.769039215686274,29.404115384615384,29.417384615384613,SOFT,SOFT,23.0,3.0,2.0,2.0
2019,14,Italian Grand Prix,kubica,williams,15,17,+2 Laps,0.0,51,kubica_2019_14,0,51.0,89.29380392156864,84.989,29.91952,29.920431372549018,29.394019607843138,MEDIUM,MEDIUM,29.0,3.0,2.0,2.0
2019,14,Italian Grand Prix,kevin_magnussen,haas,11,18,Hydraulics,0.0,43,kevin_magnussen_2019_14,0,43.0,88.61655813953489,84.443,29.48411904761905,29.609930232558142,29.459046511627907,SOFT,SOFT,20.0,3.0,3.0,2.0
2019,14,Italian Grand Prix,kvyat,toro_rosso,12,19,Engine,0.0,29,kvyat_2019_14,0,30.0,87.66196551724138,85.772,29.212464285714287,29.294034482758622,29.048310344827584,MEDIUM,MEDIUM,28.0,2.0,1.0,1.0
2019,14,Italian Grand Prix,sainz,mclaren,7,20,Wheel,0.0,27,sainz_2019_14,0,27.0,86.49725925925925,85.637,28.283884615384615,29.317703703703703,28.78562962962963,SOFT,SOFT,30.0,1.0,1.0,0.0
2019,15,Singapore Grand Prix,vettel,ferrari,3,1,Finished,25.0,61,vettel_2019_15,0,61.0,108.84605660377359,104.802,31.252599999999997,45.02072131147541,40.33349180327868,SOFT,HARD,42.0,2.0,1.0,1.0
2019,15,Singapore Grand Prix,leclerc,ferrari,1,2,Finished,18.0,61,leclerc_2019_15,0,61.0,108.99911320754718,104.723,31.16635,45.15932786885246,40.3442786885246,SOFT,HARD,41.0,2.0,1.0,1.0
2019,15,Singapore Grand Prix,max_verstappen,red_bull,4,3,Finished,15.0,61,max_verstappen_2019_15,0,61.0,109.19864150943397,105.176,31.2388,45.06127868852459,40.355754098360656,SOFT,HARD,42.0,2.0,1.0,1.0
2019,15,Singapore Grand Prix,hamilton,mercedes,2,4,Finished,12.0,61,hamilton_2019_15,0,61.0,109.49635849056604,104.914,31.233783333333335,45.1694262295082,40.28034426229508,SOFT,HARD,35.0,2.0,1.0,1.0
2019,15,Singapore Grand Prix,bottas,mercedes,5,5,Finished,10.0,61,bottas_2019_15,0,61.0,109.75545283018867,103.534,31.109383333333334,45.1034262295082,40.47301639344262,SOFT,HARD,39.0,2.0,1.0,1.0
2019,15,Singapore Grand Prix,albon,red_bull,6,6,Finished,8.0,61,albon_2019_15,0,61.0,110.6814074074074,105.26,31.254883333333332,45.1754262295082,40.33772131147541,SOFT,HARD,41.0,2.0,1.0,1.0
2019,15,Singapore Grand Prix,norris,mclaren,9,7,Finished,6.0,61,norris_2019_15,0,61.0,110.94412962962963,105.716,31.154249999999998,45.33467213114754,40.31054098360656,SOFT,HARD,41.0,2.0,1.0,1.0
2019,15,Singapore Grand Prix,gasly,toro_rosso,11,8,Finished,4.0,61,gasly_2019_15,0,61.0,111.24466666666667,105.769,31.111083333333333,45.44452459016394,40.24527868852459,HARD,HARD,32.0,2.0,1.0,1.0
2019,15,Singapore Grand Prix,hulkenberg,renault,8,9,Finished,2.0,61,hulkenberg_2019_15,0,61.0,111.043,105.765,31.220433333333336,45.33377049180328,40.28295081967214,SOFT,HARD,35.0,3.0,2.0,2.0
2019,15,Singapore Grand Prix,giovinazzi,alfa,10,10,Finished,1.0,61,giovinazzi_2019_15,0,61.0,112.17761818181819,105.63,31.471349999999997,45.25331147540984,40.12318032786885,MEDIUM,MEDIUM,34.0,3.0,2.0,2.0
2019,15,Singapore Grand Prix,grosjean,haas,17,11,Finished,0.0,61,grosjean_2019_15,0,61.0,112.26732727272726,106.274,31.9538,45.33160655737705,39.82114754098361,MEDIUM,SOFT,26.0,3.0,2.0,2.0
2019,15,Singapore Grand Prix,sainz,mclaren,7,12,Finished,0.0,61,sainz_2019_15,0,61.0,112.28381818181818,105.969,31.894566666666666,45.35519672131147,39.866672131147546,SOFT,HARD,34.0,3.0,2.0,2.0
2019,15,Singapore Grand Prix,stroll,racing_point,16,13,Finished,0.0,61,stroll_2019_15,0,61.0,112.66258181818182,104.896,31.9595,45.05715,39.91175,MEDIUM,MEDIUM,31.0,4.0,3.0,3.0
2019,15,Singapore Grand Prix,ricciardo,renault,20,14,Finished,0.0,61,ricciardo_2019_15,0,61.0,112.14648148148147,105.915,31.112333333333332,45.6376393442623,40.387,MEDIUM,MEDIUM,34.0,2.0,1.0,1.0
2019,15,Singapore Grand Prix,kvyat,toro_rosso,14,15,Finished,0.0,61,kvyat_2019_15,0,61.0,111.47522222222223,104.371,31.656799999999997,45.51411475409836,40.000672131147546,MEDIUM,SOFT,25.0,3.0,2.0,2.0
2019,15,Singapore Grand Prix,kubica,williams,19,16,Finished,0.0,61,kubica_2019_15,0,61.0,113.86039285714286,106.793,31.923533333333335,45.120737704918035,40.25880327868852,MEDIUM,MEDIUM,23.0,3.0,2.0,2.0
2019,15,Singapore Grand Prix,kevin_magnussen,haas,13,17,Finished,0.0,61,kevin_magnussen_2019_15,0,61.0,112.37964814814815,102.301,31.826199999999996,45.62698360655738,40.524836065573766,MEDIUM,HARD,38.0,3.0,2.0,2.0
2019,15,Singapore Grand Prix,raikkonen,alfa,12,18,Collision,0.0,49,raikkonen_2019_15,0,50.0,111.86281395348837,107.062,31.719395833333333,45.83991836734694,40.35257142857143,MEDIUM,HARD,35.0,2.0,1.0,1.0
2019,15,Singapore Grand Prix,perez,racing_point,15,19,Engine,0.0,42,perez_2019_15,0,43.0,111.52843589743591,106.683,31.037439024390245,44.62395238095238,39.24816666666667,MEDIUM,HARD,30.0,2.0,1.0,1.0
2019,15,Singapore Grand Prix,russell,williams,18,20,Collision,0.0,34,russell_2019_15,0,35.0,111.06182352941175,108.285,30.580818181818184,42.57461764705882,37.69376470588235,MEDIUM,HARD,34.0,2.0,1.0,1.0
2019,16,Russian Grand Prix,hamilton,mercedes,2,1,Finished,26.0,53,hamilton_2019_16,0,53.0,100.05997916666666,95.761,38.44423076923077,36.75667924528302,30.822301886792456,MEDIUM,MEDIUM,31.0,2.0,1.0,1.0
2019,16,Russian Grand Prix,bottas,mercedes,4,2,Finished,18.0,53,bottas_2019_16,0,53.0,101.38557142857142,96.316,38.261442307692306,36.86015094339623,30.95533962264151,MEDIUM,MEDIUM,31.0,2.0,1.0,1.0
2019,16,Russian Grand Prix,leclerc,ferrari,1,3,Finished,15.0,53,leclerc_2019_16,0,53.0,100.186125,96.193,38.32651923076923,36.72888679245283,31.076603773584903,SOFT,SOFT,25.0,3.0,2.0,2.0
2019,16,Russian Grand Prix,max_verstappen,red_bull,9,4,Finished,12.0,53,max_verstappen_2019_16,0,53.0,102.93336,96.937,38.16340384615385,37.11937735849057,30.960490566037734,SOFT,SOFT,31.0,2.0,1.0,1.0
2019,16,Russian Grand Prix,albon,red_bull,0,5,Finished,10.0,53,albon_2019_16,1,53.0,102.82767346938775,96.762,38.33525,37.26018867924528,30.985283018867925,MEDIUM,MEDIUM,29.0,2.0,1.0,2.0
2019,16,Russian Grand Prix,sainz,mclaren,5,6,Finished,8.0,53,sainz_2019_16,0,53.0,103.52808,98.02,38.529423076923074,37.06918867924528,31.28452830188679,SOFT,MEDIUM,32.0,2.0,1.0,1.0
2019,16,Russian Grand Prix,perez,racing_point,11,7,Finished,6.0,53,perez_2019_16,0,53.0,103.81657999999999,98.043,38.51851923076923,37.250037735849055,31.14030188679245,SOFT,MEDIUM,30.0,2.0,1.0,1.0
2019,16,Russian Grand Prix,norris,mclaren,7,8,Finished,4.0,53,norris_2019_16,0,53.0,103.93134,98.301,38.57115384615385,37.299037735849055,31.2198679245283,SOFT,MEDIUM,33.0,2.0,1.0,1.0
2019,16,Russian Grand Prix,kevin_magnussen,haas,13,9,Finished,2.0,53,kevin_magnussen_2019_16,0,53.0,103.82368000000001,98.13,38.6245576923077,37.368811320754716,31.00390566037736,SOFT,SOFT,27.0,2.0,1.0,1.0
2019,16,Russian Grand Prix,hulkenberg,renault,6,10,Finished,1.0,53,hulkenberg_2019_16,0,53.0,104.19018,98.519,38.56625,37.236716981132076,31.311584905660375,SOFT,SOFT,27.0,3.0,2.0,2.0
2019,16,Russian Grand Prix,stroll,racing_point,14,11,Finished,0.0,53,stroll_2019_16,0,53.0,104.15578,98.611,38.40280769230769,37.2991320754717,31.392377358490567,MEDIUM,MEDIUM,27.0,2.0,1.0,1.0
2019,16,Russian Grand Prix,kvyat,toro_rosso,19,12,Finished,0.0,53,kvyat_2019_16,0,53.0,104.37701999999999,98.228,38.51484615384615,37.34375471698113,31.255811320754717,HARD,HARD,27.0,3.0,2.0,2.0
2019,16,Russian Grand Prix,raikkonen,alfa,15,13,Finished,0.0,53,raikkonen_2019_16,0,53.0,104.4149,98.589,38.82967307692308,37.090150943396225,31.314339622641512,MEDIUM,MEDIUM,27.0,3.0,2.0,2.0
2019,16,Russian Grand Prix,gasly,toro_rosso,16,14,Finished,0.0,53,gasly_2019_16,0,53.0,105.45400000000001,98.606,38.26992307692308,37.524660377358494,31.462962264150946,MEDIUM,SOFT,27.0,2.0,1.0,1.0
2019,16,Russian Grand Prix,giovinazzi,alfa,12,15,Finished,0.0,53,giovinazzi_2019_16,0,53.0,105.38568627450981,98.696,38.51673076923077,37.42669811320755,31.389037735849055,SOFT,MEDIUM,26.0,3.0,2.0,2.0
2019,16,Russian Grand Prix,kubica,williams,18,16,Brakes,0.0,28,kubica_2019_16,0,28.0,107.42896153846154,102.327,39.3965925925926,38.65239285714286,32.61325,MEDIUM,MEDIUM,26.0,3.0,3.0,2.0
2019,16,Russian Grand Prix,russell,williams,17,17,Brakes,0.0,27,russell_2019_16,0,27.0,105.17371999999999,101.705,38.34630769230769,38.275555555555556,31.989407407407406,MEDIUM,MEDIUM,27.0,1.0,1.0,0.0
2019,16,Russian Grand Prix,vettel,ferrari,3,18,Power loss,0.0,26,vettel_2019_16,0,26.0,100.20437500000001,98.245,37.59344,36.41726923076923,30.984576923076926,SOFT,SOFT,29.0,1.0,1.0,0.0
2019,16,Russian Grand Prix,ricciardo,renault,10,19,Collision,0.0,24,ricciardo_2019_16,0,24.0,109.23200000000001,101.284,37.815347826086956,38.09829166666667,32.441625,SOFT,MEDIUM,23.0,2.0,2.0,1.0
2019,16,Russian Grand Prix,grosjean,haas,8,20,Collision,0.0,0,grosjean_2019_16,0,1.0,,,,,,SOFT,SOFT,4.0,1.0,0.0,0.0
2019,17,Japanese Grand Prix,bottas,mercedes,3,1,Finished,25.0,52,bottas_2019_17,0,53.0,94.36811320754717,91.862,34.06825,41.985849056603776,18.304905660377358,SOFT,SOFT,20.0,3.0,2.0,2.0
2019,17,Japanese Grand Prix,vettel,ferrari,1,2,Finished,18.0,52,vettel_2019_17,0,53.0,94.58275471698114,92.122,34.10742307692308,42.02745283018868,18.42567924528302,SOFT,SOFT,22.0,3.0,2.0,2.0
2019,17,Japanese Grand Prix,hamilton,mercedes,4,3,Finished,16.0,52,hamilton_2019_17,0,53.0,94.59049056603774,90.983,34.11430769230769,42.0932641509434,18.327811320754716,SOFT,SOFT,24.0,3.0,2.0,2.0
2019,17,Japanese Grand Prix,albon,red_bull,6,4,Finished,12.0,52,albon_2019_17,0,53.0,95.5219245283019,92.775,34.47226923076923,42.420094339622636,18.552603773584906,SOFT,SOFT,22.0,3.0,2.0,2.0
2019,17,Japanese Grand Prix,sainz,mclaren,7,5,Finished,10.0,52,sainz_2019_17,0,53.0,95.6715283018868,93.563,34.27342307692308,42.74007547169812,18.59401886792453,SOFT,MEDIUM,29.0,2.0,1.0,1.0
2019,17,Japanese Grand Prix,leclerc,ferrari,2,6,+1 Lap,8.0,51,leclerc_2019_17,0,52.0,96.22036538461538,91.611,35.13111764705882,42.38463461538462,18.67648076923077,SOFT,SOFT,22.0,4.0,3.0,3.0
2019,17,Japanese Grand Prix,gasly,toro_rosso,9,7,+1 Lap,6.0,51,gasly_2019_17,0,52.0,96.70338461538462,95.321,35.11496078431372,42.916057692307696,18.595711538461536,SOFT,MEDIUM,34.0,2.0,1.0,1.0
2019,17,Japanese Grand Prix,perez,racing_point,17,8,+1 Lap,4.0,51,perez_2019_17,0,52.0,96.66990196078432,92.621,34.93136,42.9943725490196,18.645176470588236,SOFT,SOFT,22.0,3.0,2.0,2.0
2019,17,Japanese Grand Prix,stroll,racing_point,12,9,+1 Lap,2.0,51,stroll_2019_17,0,52.0,96.74057692307693,94.713,34.79060784313725,43.109557692307696,18.748903846153844,SOFT,MEDIUM,34.0,2.0,1.0,1.0
2019,17,Japanese Grand Prix,kvyat,toro_rosso,14,10,+1 Lap,1.0,51,kvyat_2019_17,0,52.0,96.76651923076923,93.239,34.91658823529412,43.03963461538462,18.68096153846154,SOFT,SOFT,27.0,2.0,1.0,1.0
2019,17,Japanese Grand Prix,norris,mclaren,8,11,+1 Lap,0.0,51,norris_2019_17,0,52.0,96.94017307692307,94.116,35.09496078431373,42.92028846153846,18.863134615384617,SOFT,HARD,28.0,3.0,2.0,2.0
2019,17,Japanese Grand Prix,raikkonen,alfa,13,12,+1 Lap,0.0,51,raikkonen_2019_17,0,52.0,97.18130769230768,93.19,35.19076470588235,43.11896153846154,18.753326923076923,MEDIUM,HARD,21.0,3.0,2.0,2.0
2019,17,Japanese Grand Prix,grosjean,haas,10,13,+1 Lap,0.0,51,grosjean_2019_17,0,52.0,97.39755769230769,94.988,34.96670588235294,43.333942307692304,18.978192307692307,SOFT,HARD,36.0,2.0,1.0,1.0
2019,17,Japanese Grand Prix,giovinazzi,alfa,11,14,+1 Lap,0.0,51,giovinazzi_2019_17,0,52.0,97.64049999999999,92.369,35.381137254901965,43.28946153846154,18.87103846153846,MEDIUM,HARD,31.0,3.0,2.0,2.0
2019,17,Japanese Grand Prix,kevin_magnussen,haas,19,15,+1 Lap,0.0,51,kevin_magnussen_2019_17,0,52.0,97.71232692307693,91.732,35.375921568627454,43.290173076923075,18.94498076923077,MEDIUM,HARD,30.0,3.0,2.0,2.0
2019,17,Japanese Grand Prix,russell,williams,18,16,+2 Laps,0.0,50,russell_2019_17,0,51.0,98.10249019607843,95.458,35.31714,43.516078431372556,19.132803921568627,MEDIUM,HARD,26.0,2.0,1.0,1.0
2019,17,Japanese Grand Prix,kubica,williams,0,17,+2 Laps,0.0,50,kubica_2019_17,1,51.0,99.82327450980392,96.332,36.12652,44.27335294117647,19.259156862745098,MEDIUM,MEDIUM,22.0,3.0,2.0,3.0
2019,17,Japanese Grand Prix,max_verstappen,red_bull,5,18,Brakes,0.0,14,max_verstappen_2019_17,0,14.0,98.42999999999999,97.249,35.025769230769235,43.807,19.021714285714285,SOFT,SOFT,17.0,1.0,1.0,0.0
2019,17,Japanese Grand Prix,ricciardo,renault,16,19,Disqualified,0.0,51,ricciardo_2019_17,0,52.0,96.37613461538461,93.481,34.733980392156866,42.95661538461539,18.55476923076923,MEDIUM,MEDIUM,29.0,2.0,1.0,1.0
2019,17,Japanese Grand Prix,hulkenberg,renault,15,20,Disqualified,0.0,51,hulkenberg_2019_17,0,52.0,96.71273076923077,94.921,35.04558823529412,43.016942307692304,18.559326923076924,SOFT,MEDIUM,33.0,2.0,1.0,1.0
2019,18,Mexican Grand Prix,hamilton,mercedes,3,1,Finished,25.0,71,hamilton_2019_18,0,71.0,81.81554929577464,79.461,29.017414285714285,31.47435211267606,21.263267605633803,MEDIUM,HARD,48.0,2.0,1.0,1.0
2019,18,Mexican Grand Prix,vettel,ferrari,2,2,Finished,18.0,71,vettel_2019_18,0,71.0,81.84042253521127,79.381,28.989414285714286,31.56102857142857,21.275,MEDIUM,MEDIUM,40.0,2.0,1.0,1.0
2019,18,Mexican Grand Prix,bottas,mercedes,6,3,Finished,15.0,71,bottas_2019_18,0,71.0,81.86559154929579,79.494,28.96717142857143,31.470394366197183,21.36129577464789,MEDIUM,MEDIUM,39.0,2.0,1.0,1.0
2019,18,Mexican Grand Prix,leclerc,ferrari,1,4,Finished,13.0,71,leclerc_2019_18,0,71.0,81.90523943661972,79.232,29.277414285714283,31.43318309859155,21.173591549295775,MEDIUM,MEDIUM,28.0,3.0,2.0,2.0
2019,18,Mexican Grand Prix,albon,red_bull,5,5,Finished,10.0,71,albon_2019_18,0,71.0,82.11694366197183,79.325,29.3938,31.482943661971834,21.200901408450704,MEDIUM,MEDIUM,30.0,3.0,2.0,2.0
2019,18,Mexican Grand Prix,max_verstappen,red_bull,4,6,Finished,8.0,71,max_verstappen_2019_18,0,71.0,82.78466197183099,80.406,29.198757142857144,32.130225352112674,21.38961971830986,MEDIUM,HARD,66.0,2.0,1.0,1.0
2019,18,Mexican Grand Prix,perez,racing_point,11,7,Finished,6.0,71,perez_2019_18,0,71.0,82.85525352112676,80.485,29.179485714285715,32.103647887323945,21.501098591549294,MEDIUM,HARD,51.0,2.0,1.0,1.0
2019,18,Mexican Grand Prix,ricciardo,renault,13,8,Finished,4.0,71,ricciardo_2019_18,0,71.0,82.87081690140846,80.146,29.168942857142856,32.11778873239437,21.509591549295774,HARD,HARD,50.0,2.0,1.0,1.0
2019,18,Mexican Grand Prix,gasly,toro_rosso,10,9,+1 Lap,2.0,70,gasly_2019_18,0,70.0,83.31701428571428,79.53,29.439449275362318,32.25834285714286,21.554357142857143,SOFT,HARD,40.0,3.0,2.0,2.0
2019,18,Mexican Grand Prix,hulkenberg,renault,12,10,+1 Lap,1.0,70,hulkenberg_2019_18,0,70.0,83.37878571428571,80.791,29.338884057971015,32.33548571428571,21.628257142857144,MEDIUM,HARD,52.0,2.0,1.0,1.0
2019,18,Mexican Grand Prix,kvyat,toro_rosso,9,11,+1 Lap,0.0,70,kvyat_2019_18,0,70.0,83.27315714285714,79.905,29.42395652173913,32.07437142857143,21.712985714285715,SOFT,HARD,34.0,3.0,2.0,2.0
2019,18,Mexican Grand Prix,stroll,racing_point,16,12,+1 Lap,0.0,70,stroll_2019_18,0,70.0,83.44592857142857,80.922,29.37871014492754,32.33275714285715,21.655742857142858,MEDIUM,MEDIUM,37.0,2.0,1.0,1.0
2019,18,Mexican Grand Prix,sainz,mclaren,7,13,+1 Lap,0.0,70,sainz_2019_18,0,70.0,83.48901428571428,80.311,29.680086956521738,32.22035714285715,21.537314285714288,SOFT,MEDIUM,35.0,3.0,2.0,2.0
2019,18,Mexican Grand Prix,giovinazzi,alfa,15,14,+1 Lap,0.0,70,giovinazzi_2019_18,0,70.0,83.78794285714285,81.014,29.751217391304344,32.319742857142856,21.64112857142857,MEDIUM,HARD,49.0,2.0,1.0,1.0
2019,18,Mexican Grand Prix,kevin_magnussen,haas,17,15,+2 Laps,0.0,69,kevin_magnussen_2019_18,0,69.0,84.20998550724639,81.682,29.565161764705884,32.62546376811594,21.93286956521739,MEDIUM,HARD,41.0,2.0,1.0,1.0
2019,18,Mexican Grand Prix,russell,williams,19,16,+2 Laps,0.0,69,russell_2019_18,0,69.0,84.87094202898551,81.286,29.59210294117647,33.03508695652174,22.157478260869564,MEDIUM,HARD,47.0,2.0,1.0,1.0
2019,18,Mexican Grand Prix,grosjean,haas,18,17,+2 Laps,0.0,69,grosjean_2019_18,0,69.0,84.93907246376811,81.581,29.812176470588238,32.913710144927535,22.118710144927537,MEDIUM,MEDIUM,37.0,2.0,1.0,1.0
2019,18,Mexican Grand Prix,kubica,williams,20,18,+2 Laps,0.0,69,kubica_2019_18,0,69.0,85.07384057971015,80.696,30.07164705882353,32.8244347826087,22.08795652173913,MEDIUM,HARD,39.0,3.0,2.0,2.0
2019,18,Mexican Grand Prix,raikkonen,alfa,14,19,Overheating,0.0,58,raikkonen_2019_18,0,58.0,84.40146551724138,80.082,29.751842105263158,32.41843103448276,22.129293103448276,MEDIUM,HARD,37.0,3.0,3.0,2.0
2019,18,Mexican Grand Prix,norris,mclaren,8,20,Withdrew,0.0,48,norris_2019_18,0,48.0,84.29676595744681,81.643,29.566499999999998,32.597500000000004,22.051416666666668,SOFT,HARD,36.0,2.0,2.0,1.0
2019,19,United States Grand Prix,bottas,mercedes,1,1,Finished,25.0,56,bottas_2019_19,0,56.0,100.63666071428572,96.957,27.69958181818182,40.154892857142855,32.78905357142857,MEDIUM,MEDIUM,21.0,3.0,2.0,2.0
2019,19,United States Grand Prix,hamilton,mercedes,5,2,Finished,18.0,56,hamilton_2019_19,0,56.0,100.71073214285715,98.446,27.429018181818183,40.305285714285716,32.950535714285714,MEDIUM,HARD,32.0,2.0,1.0,1.0
2019,19,United States Grand Prix,max_verstappen,red_bull,3,3,Finished,15.0,56,max_verstappen_2019_19,0,56.0,100.72598214285713,98.214,27.652654545454546,40.18907142857143,32.88021428571428,MEDIUM,MEDIUM,22.0,3.0,2.0,2.0
2019,19,United States Grand Prix,leclerc,ferrari,4,4,Finished,13.0,56,leclerc_2019_19,0,56.0,101.56949999999999,96.169,27.971600000000002,40.48094642857143,33.08960714285714,MEDIUM,HARD,23.0,3.0,2.0,2.0
2019,19,United States Grand Prix,albon,red_bull,6,5,Finished,10.0,56,albon_2019_19,0,56.0,102.03019642857143,98.029,28.456436363636364,40.45016071428571,33.06733928571428,SOFT,MEDIUM,20.0,4.0,3.0,3.0
2019,19,United States Grand Prix,ricciardo,renault,9,6,Finished,8.0,56,ricciardo_2019_19,0,56.0,102.25033928571429,100.564,27.966963636363637,40.60171428571429,33.64416071428572,SOFT,HARD,35.0,2.0,1.0,1.0
2019,19,United States Grand Prix,norris,mclaren,8,7,Finished,6.0,56,norris_2019_19,0,56.0,102.25744642857144,98.074,28.256054545454546,40.4718,33.449600000000004,SOFT,HARD,23.0,3.0,2.0,2.0
2019,19,United States Grand Prix,sainz,mclaren,7,8,+1 Lap,4.0,55,sainz_2019_19,0,55.0,102.62183636363636,100.844,28.0685,40.66187272727272,33.83398181818182,SOFT,HARD,37.0,2.0,1.0,1.0
2019,19,United States Grand Prix,hulkenberg,renault,11,9,+1 Lap,2.0,55,hulkenberg_2019_19,0,55.0,102.693,98.437,28.249111111111112,40.62907272727273,33.73992727272727,HARD,HARD,27.0,3.0,2.0,2.0
2019,19,United States Grand Prix,perez,racing_point,0,10,+1 Lap,1.0,55,perez_2019_19,1,55.0,102.80645454545454,100.165,27.965407407407408,40.800763636363634,33.92292727272727,MEDIUM,HARD,31.0,2.0,1.0,2.0
2019,19,United States Grand Prix,raikkonen,alfa,17,11,+1 Lap,0.0,55,raikkonen_2019_19,0,55.0,102.82327272727272,99.608,28.267685185185183,40.930090909090914,33.55449090909091,SOFT,SOFT,22.0,3.0,2.0,2.0
2019,19,United States Grand Prix,kvyat,toro_rosso,13,12,+1 Lap,0.0,55,kvyat_2019_19,0,55.0,102.77127272727273,98.969,28.354925925925926,40.58758181818182,33.7472,HARD,HARD,21.0,3.0,2.0,2.0
2019,19,United States Grand Prix,stroll,racing_point,14,13,+1 Lap,0.0,55,stroll_2019_19,0,55.0,103.22863636363635,100.38,28.467407407407407,40.750963636363636,33.91969090909091,MEDIUM,SOFT,26.0,3.0,2.0,2.0
2019,19,United States Grand Prix,giovinazzi,alfa,16,14,+1 Lap,0.0,55,giovinazzi_2019_19,0,55.0,103.44441818181818,99.964,28.513314814814816,40.96127272727273,33.88632727272727,MEDIUM,HARD,22.0,3.0,2.0,2.0
2019,19,United States Grand Prix,grosjean,haas,15,15,+1 Lap,0.0,55,grosjean_2019_19,0,55.0,103.76154545454546,101.27,28.245018518518517,41.36870909090909,34.06681818181818,MEDIUM,HARD,32.0,2.0,1.0,1.0
2019,19,United States Grand Prix,gasly,toro_rosso,10,16,Suspension,0.0,54,gasly_2019_19,0,54.0,103.5385,100.85,28.534490566037736,40.77766666666667,34.180314814814814,SOFT,HARD,34.0,3.0,3.0,2.0
2019,19,United States Grand Prix,russell,williams,18,17,+2 Laps,0.0,54,russell_2019_19,0,54.0,104.78031481481482,101.239,28.90575471698113,41.45455555555555,34.33098148148148,MEDIUM,HARD,23.0,3.0,2.0,2.0
2019,19,United States Grand Prix,kevin_magnussen,haas,12,18,Brakes,0.0,52,kevin_magnussen_2019_19,0,53.0,103.72925000000001,100.347,28.659607843137255,41.13034615384615,33.87665384615384,MEDIUM,HARD,23.0,3.0,2.0,2.0
2019,19,United States Grand Prix,kubica,williams,19,19,Oil leak,0.0,31,kubica_2019_19,0,31.0,106.32545161290322,103.83,29.057633333333335,42.11758064516129,35.01767741935484,MEDIUM,HARD,20.0,2.0,2.0,1.0
2019,19,United States Grand Prix,vettel,ferrari,2,20,Suspension,0.0,7,vettel_2019_19,0,8.0,103.30428571428571,102.165,27.800857142857144,41.10071428571428,34.24914285714286,MEDIUM,MEDIUM,11.0,1.0,1.0,0.0
2019,20,Brazilian Grand Prix,max_verstappen,red_bull,1,1,Finished,25.0,71,max_verstappen_2019_20,0,71.0,78.79828169014084,70.862,20.704,39.71656338028169,18.35643661971831,SOFT,SOFT,24.0,4.0,3.0,3.0
2019,20,Brazilian Grand Prix,gasly,toro_rosso,6,2,Finished,18.0,71,gasly_2019_20,0,71.0,78.88387323943662,72.425,20.426242857142856,40.305169014084505,18.104394366197184,SOFT,SOFT,26.0,3.0,2.0,2.0
2019,20,Brazilian Grand Prix,sainz,mclaren,20,3,Finished,15.0,71,sainz_2019_20,0,71.0,78.92357746478872,73.158,20.139157142857144,40.64719718309859,18.044619718309857,SOFT,MEDIUM,42.0,2.0,1.0,1.0
2019,20,Brazilian Grand Prix,raikkonen,alfa,8,4,Finished,12.0,71,raikkonen_2019_20,0,71.0,78.93140845070423,73.135,20.40347142857143,40.36157746478873,18.105647887323943,SOFT,SOFT,27.0,3.0,2.0,2.0
2019,20,Brazilian Grand Prix,giovinazzi,alfa,12,5,Finished,10.0,71,giovinazzi_2019_20,0,71.0,78.94195774647888,73.02,20.384742857142857,40.41018309859155,18.082661971830984,SOFT,SOFT,28.0,3.0,2.0,2.0
2019,20,Brazilian Grand Prix,ricciardo,renault,11,6,Finished,8.0,71,ricciardo_2019_20,0,71.0,78.94674647887324,72.733,20.494271428571427,40.38925352112676,17.99805633802817,MEDIUM,SOFT,34.0,3.0,2.0,2.0
2019,20,Brazilian Grand Prix,hamilton,mercedes,3,7,Finished,6.0,71,hamilton_2019_20,0,71.0,78.88474647887324,71.082,20.6628,39.83533802816902,18.356943661971833,SOFT,SOFT,25.0,4.0,3.0,3.0
2019,20,Brazilian Grand Prix,norris,mclaren,10,8,Finished,4.0,71,norris_2019_20,0,71.0,78.95608450704225,72.328,20.286188405797102,40.59847142857143,18.05832857142857,SOFT,SOFT,27.0,3.0,2.0,2.0
2019,20,Brazilian Grand Prix,perez,racing_point,15,9,Finished,2.0,71,perez_2019_20,0,71.0,78.96066197183099,72.84,20.35272857142857,40.397732394366194,18.13438028169014,SOFT,SOFT,29.0,3.0,2.0,2.0
2019,20,Brazilian Grand Prix,kvyat,toro_rosso,16,10,Finished,1.0,71,kvyat_2019_20,0,71.0,78.96632394366198,72.385,20.291014285714287,40.637056338028174,17.955788732394367,MEDIUM,SOFT,25.0,3.0,2.0,2.0
2019,20,Brazilian Grand Prix,kevin_magnussen,haas,9,11,Finished,0.0,71,kevin_magnussen_2019_20,0,71.0,79.05168115942028,73.262,21.497202898550725,40.317957142857146,18.24462857142857,SOFT,SOFT,30.0,3.0,2.0,2.0
2019,20,Brazilian Grand Prix,russell,williams,18,12,Finished,0.0,71,russell_2019_20,0,71.0,78.98981690140845,73.752,20.35534285714286,40.39456338028169,18.146380281690142,MEDIUM,MEDIUM,31.0,4.0,3.0,3.0
2019,20,Brazilian Grand Prix,grosjean,haas,7,13,Finished,0.0,71,grosjean_2019_20,0,71.0,78.99894366197184,73.619,20.404357142857144,40.256098591549296,18.283718309859154,SOFT,MEDIUM,39.0,3.0,2.0,2.0
2019,20,Brazilian Grand Prix,albon,red_bull,5,14,Finished,0.0,71,albon_2019_20,0,71.0,79.00852112676057,71.087,20.370114285714283,40.1274647887324,18.465830985915495,SOFT,SOFT,27.0,3.0,2.0,2.0
2019,20,Brazilian Grand Prix,hulkenberg,renault,13,15,Finished,0.0,71,hulkenberg_2019_20,0,71.0,78.98221126760563,72.934,20.594028571428574,40.29287323943662,18.021521126760565,MEDIUM,MEDIUM,27.0,4.0,3.0,3.0
2019,20,Brazilian Grand Prix,kubica,williams,19,16,+1 Lap,0.0,70,kubica_2019_20,0,70.0,80.181,74.553,21.142202898550725,40.65894285714286,18.3014,MEDIUM,MEDIUM,20.0,5.0,4.0,4.0
2019,20,Brazilian Grand Prix,vettel,ferrari,2,17,Collision,0.0,65,vettel_2019_20,0,66.0,77.00533846153846,71.384,20.04434375,39.3722,17.544384615384615,SOFT,SOFT,28.0,3.0,2.0,2.0
2019,20,Brazilian Grand Prix,leclerc,ferrari,14,18,Collision,0.0,65,leclerc_2019_20,0,66.0,77.01232307692308,71.423,20.02971875,39.45410769230769,17.447184615384614,MEDIUM,MEDIUM,32.0,3.0,2.0,2.0
2019,20,Brazilian Grand Prix,stroll,racing_point,17,19,Suspension,0.0,65,stroll_2019_20,0,66.0,77.29555384615385,72.603,19.986953125,39.81378461538462,17.40356923076923,SOFT,SOFT,28.0,3.0,2.0,2.0
2019,20,Brazilian Grand Prix,bottas,mercedes,4,20,Power Unit,0.0,51,bottas_2019_20,0,52.0,74.51331372549019,70.698,19.61762,37.79062745098039,17.034823529411764,SOFT,SOFT,29.0,3.0,2.0,2.0
2019,21,Abu Dhabi Grand Prix,hamilton,mercedes,1,1,Finished,26.0,55,hamilton_2019_21,0,55.0,102.64936363636365,99.283,18.262685185185184,43.76087272727273,40.59012727272727,MEDIUM,HARD,29.0,2.0,1.0,1.0
2019,21,Abu Dhabi Grand Prix,max_verstappen,red_bull,2,2,Finished,18.0,55,max_verstappen_2019_21,0,55.0,102.95430909090909,101.119,18.221759259259258,43.797163636363635,40.89396363636364,MEDIUM,HARD,30.0,2.0,1.0,1.0
2019,21,Abu Dhabi Grand Prix,leclerc,ferrari,3,3,Finished,15.0,55,leclerc_2019_21,0,55.0,103.43909090909091,100.442,18.500703703703703,43.7972,41.09352727272727,MEDIUM,HARD,26.0,3.0,2.0,2.0
2019,21,Abu Dhabi Grand Prix,bottas,mercedes,20,4,Finished,12.0,55,bottas_2019_21,0,55.0,103.45625454545454,99.715,18.239907407407408,43.88729090909091,41.20845454545455,MEDIUM,MEDIUM,32.0,2.0,1.0,1.0
2019,21,Abu Dhabi Grand Prix,vettel,ferrari,4,5,Finished,10.0,55,vettel_2019_21,0,55.0,103.81949090909092,100.128,18.656296296296293,43.76510909090909,41.34790909090909,SOFT,HARD,26.0,3.0,2.0,2.0
2019,21,Abu Dhabi Grand Prix,albon,red_bull,5,6,Finished,8.0,55,albon_2019_21,0,55.0,103.90763636363637,102.219,18.26274074074074,44.17343636363637,41.41058181818182,MEDIUM,HARD,42.0,2.0,1.0,1.0
2019,21,Abu Dhabi Grand Prix,perez,racing_point,10,7,+1 Lap,6.0,54,perez_2019_21,0,54.0,105.01144444444445,102.639,18.466943396226416,44.21809259259259,42.23572222222222,MEDIUM,MEDIUM,37.0,2.0,1.0,1.0
2019,21,Abu Dhabi Grand Prix,norris,mclaren,6,8,+1 Lap,4.0,54,norris_2019_21,0,54.0,105.03664814814816,103.026,18.579886792452832,44.299679245283016,42.106188679245285,SOFT,HARD,46.0,2.0,1.0,1.0
2019,21,Abu Dhabi Grand Prix,kvyat,toro_rosso,13,9,+1 Lap,2.0,54,kvyat_2019_21,0,54.0,105.05992592592592,102.222,18.607660377358492,44.16855555555555,42.17775925925926,HARD,HARD,40.0,2.0,1.0,1.0
2019,21,Abu Dhabi Grand Prix,sainz,mclaren,8,10,+1 Lap,1.0,54,sainz_2019_21,0,54.0,105.1265925925926,101.294,18.71815094339623,44.05372549019607,42.32503921568628,SOFT,HARD,29.0,3.0,2.0,2.0
2019,21,Abu Dhabi Grand Prix,ricciardo,renault,7,11,+1 Lap,0.0,54,ricciardo_2019_21,0,54.0,105.14327777777778,101.19,19.035377358490567,43.93464814814815,42.10168518518518,SOFT,HARD,31.0,3.0,2.0,2.0
2019,21,Abu Dhabi Grand Prix,hulkenberg,renault,9,12,+1 Lap,0.0,54,hulkenberg_2019_21,0,54.0,105.16840740740741,103.274,18.64322641509434,44.225462962962965,42.21857407407407,SOFT,MEDIUM,36.0,2.0,1.0,1.0
2019,21,Abu Dhabi Grand Prix,raikkonen,alfa,17,13,+1 Lap,0.0,54,raikkonen_2019_21,0,54.0,105.30546296296296,103.142,18.495509433962265,44.36183333333334,42.33831481481482,MEDIUM,HARD,32.0,2.0,1.0,1.0
2019,21,Abu Dhabi Grand Prix,kevin_magnussen,haas,14,14,+1 Lap,0.0,54,kevin_magnussen_2019_21,0,54.0,105.58324074074073,103.79,18.43667924528302,44.69207407407407,42.36648148148148,MEDIUM,HARD,35.0,2.0,1.0,1.0
2019,21,Abu Dhabi Grand Prix,grosjean,haas,15,15,+1 Lap,0.0,54,grosjean_2019_21,0,54.0,105.93457407407406,103.666,18.662169811320755,44.53459259259259,42.622759259259254,MEDIUM,HARD,37.0,2.0,1.0,1.0
2019,21,Abu Dhabi Grand Prix,giovinazzi,alfa,16,16,+1 Lap,0.0,54,giovinazzi_2019_21,0,54.0,106.15707407407407,103.256,19.013471698113207,44.4942962962963,42.555,SOFT,MEDIUM,28.0,3.0,2.0,2.0
2019,21,Abu Dhabi Grand Prix,russell,williams,18,17,+1 Lap,0.0,54,russell_2019_21,0,54.0,106.36109259259258,103.074,18.672830188679246,44.67933333333334,42.886185185185184,HARD,HARD,32.0,2.0,1.0,1.0
2019,21,Abu Dhabi Grand Prix,gasly,toro_rosso,11,18,+2 Laps,0.0,53,gasly_2019_21,0,53.0,105.29726923076922,102.414,19.756173076923076,44.52233962264151,42.314811320754714,MEDIUM,HARD,52.0,2.0,1.0,1.0
2019,21,Abu Dhabi Grand Prix,kubica,williams,19,19,+2 Laps,0.0,53,kubica_2019_21,0,53.0,106.97118867924529,104.5,18.83155769230769,44.863113207547165,43.155018867924525,HARD,MEDIUM,29.0,2.0,1.0,1.0
2019,21,Abu Dhabi Grand Prix,stroll,racing_point,12,20,Brakes,0.0,45,stroll_2019_21,0,45.0,106.95397777777778,103.326,19.353522727272725,44.52482222222222,42.976222222222226,MEDIUM,SOFT,22.0,3.0,3.0,2.0
2020,1,Austrian Grand Prix,bottas,mercedes,1,1,Finished,25.0,71,bottas_2020_1,0,68.0,77.28198507462686,67.657,19.513446153846154,34.05024242424242,23.830212121212124,SOFT,HARD,46.0,3.0,2.0,2.0
2020,1,Austrian Grand Prix,leclerc,ferrari,7,2,Finished,18.0,71,leclerc_2020_1,0,66.0,77.35977272727273,67.901,19.403938461538463,34.08318181818182,23.87443076923077,SOFT,HARD,25.0,4.0,3.0,3.0
2020,1,Austrian Grand Prix,norris,mclaren,3,3,Finished,16.0,71,norris_2020_1,0,66.0,77.42278787878787,67.475,19.445507692307693,34.06789393939393,23.926415384615385,SOFT,HARD,25.0,4.0,3.0,3.0
2020,1,Austrian Grand Prix,hamilton,mercedes,5,4,Finished,12.0,71,hamilton_2020_1,0,66.0,77.40769696969697,67.712,19.190375,34.37712307692308,23.935815384615385,SOFT,HARD,45.0,3.0,2.0,2.0
2020,1,Austrian Grand Prix,sainz,mclaren,8,5,Finished,10.0,71,sainz_2020_1,0,66.0,77.45319696969698,67.974,19.415399999999998,34.08325757575757,23.953338461538465,SOFT,HARD,26.0,4.0,3.0,3.0
2020,1,Austrian Grand Prix,perez,racing_point,6,6,Finished,8.0,71,perez_2020_1,0,66.0,77.49086363636364,68.305,19.25743076923077,34.29369696969697,23.94166153846154,SOFT,MEDIUM,45.0,3.0,2.0,2.0
2020,1,Austrian Grand Prix,gasly,alphatauri,12,7,Finished,6.0,71,gasly_2020_1,0,66.0,77.53686363636363,69.025,19.497153846153847,34.1505,23.87746153846154,MEDIUM,HARD,45.0,3.0,2.0,2.0
2020,1,Austrian Grand Prix,ocon,renault,14,8,Finished,4.0,71,ocon_2020_1,0,66.0,77.50027272727273,68.912,19.104,34.27967692307693,24.133984615384616,MEDIUM,HARD,45.0,3.0,2.0,2.0
2020,1,Austrian Grand Prix,giovinazzi,alfa,18,9,Finished,2.0,71,giovinazzi_2020_1,0,66.0,77.55839393939394,68.796,19.471061538461537,34.01107692307692,24.0902,MEDIUM,HARD,30.0,4.0,3.0,3.0
2020,1,Austrian Grand Prix,vettel,ferrari,11,10,Finished,1.0,71,vettel_2020_1,0,66.0,77.64287878787879,68.623,19.638661538461538,34.150651515151516,23.854630769230766,MEDIUM,HARD,25.0,4.0,3.0,3.0
2020,1,Austrian Grand Prix,latifi,williams,20,11,Finished,0.0,71,latifi_2020_1,0,67.0,77.66481818181818,69.662,19.76953846153846,34.02051515151515,23.8114696969697,MEDIUM,HARD,25.0,4.0,3.0,3.0
2020,1,Austrian Grand Prix,kvyat,alphatauri,13,12,Suspension,0.0,69,kvyat_2020_1,0,65.0,77.96240625,69.135,19.702984126984127,34.120515625,24.132285714285715,MEDIUM,HARD,25.0,4.0,3.0,3.0
2020,1,Austrian Grand Prix,albon,red_bull,4,13,Electronics,0.0,67,albon_2020_1,0,63.0,78.24327419354839,68.432,19.67745,34.56727868852459,24.111475409836064,SOFT,SOFT,25.0,4.0,3.0,3.0
2020,1,Austrian Grand Prix,raikkonen,alfa,19,14,Wheel,0.0,53,raikkonen_2020_1,0,49.0,75.56174468085106,69.031,18.95044680851064,33.02760416666667,23.400333333333332,MEDIUM,HARD,27.0,3.0,2.0,2.0
2020,1,Austrian Grand Prix,russell,williams,17,15,Fuel pressure,0.0,49,russell_2020_1,0,45.0,74.34632558139535,69.317,18.61620930232558,32.80118181818182,22.752454545454547,MEDIUM,HARD,25.0,2.0,1.0,1.0
2020,1,Austrian Grand Prix,grosjean,haas,15,16,Brakes,0.0,49,grosjean_2020_1,0,44.0,75.82711363636363,70.228,18.743627906976744,34.04488636363636,22.932159090909092,MEDIUM,HARD,25.0,2.0,2.0,1.0
2020,1,Austrian Grand Prix,kevin_magnussen,haas,16,17,Brakes,0.0,24,kevin_magnussen_2020_1,0,20.0,71.85952631578948,70.72,17.80011111111111,31.819777777777777,22.00888888888889,MEDIUM,MEDIUM,20.0,1.0,0.0,0.0
2020,1,Austrian Grand Prix,stroll,racing_point,9,18,Engine,0.0,20,stroll_2020_1,0,15.0,72.34753333333333,70.326,18.000714285714285,31.912133333333333,22.238857142857142,SOFT,SOFT,18.0,1.0,1.0,0.0
2020,1,Austrian Grand Prix,ricciardo,renault,10,19,Overheating,0.0,17,ricciardo_2020_1,0,12.0,73.8795,70.61,17.474,32.59666666666667,23.54609090909091,SOFT,SOFT,15.0,1.0,1.0,0.0
2020,1,Austrian Grand Prix,max_verstappen,red_bull,2,20,Electronics,0.0,11,max_verstappen_2020_1,0,10.0,76.8227,69.351,20.269222222222222,33.0026,23.4871,MEDIUM,MEDIUM,15.0,1.0,1.0,0.0
2020,2,Styrian Grand Prix,hamilton,mercedes,1,1,Finished,25.0,71,hamilton_2020_2,0,71.0,70.00961971830986,66.719,17.75837142857143,30.98638028169014,21.232070422535212,SOFT,MEDIUM,44.0,2.0,1.0,1.0
2020,2,Styrian Grand Prix,bottas,mercedes,4,2,Finished,18.0,71,bottas_2020_2,0,71.0,70.20284507042254,67.534,17.742914285714285,31.102042253521127,21.311422535211268,SOFT,MEDIUM,37.0,2.0,1.0,1.0
2020,2,Styrian Grand Prix,max_verstappen,red_bull,2,3,Finished,15.0,71,max_verstappen_2020_2,0,71.0,70.48423943661972,66.145,18.088114285714283,31.002408450704223,21.357507042253523,SOFT,MEDIUM,44.0,3.0,2.0,2.0
2020,2,Styrian Grand Prix,albon,red_bull,6,4,Finished,12.0,71,albon_2020_2,0,71.0,70.6349718309859,67.109,17.874042857142857,31.22780281690141,21.484394366197183,SOFT,MEDIUM,36.0,2.0,1.0,1.0
2020,2,Styrian Grand Prix,norris,mclaren,9,5,Finished,10.0,71,norris_2020_2,0,71.0,70.87539436619718,67.193,17.860685714285715,31.34101408450704,21.60829577464789,SOFT,SOFT,39.0,2.0,1.0,1.0
2020,2,Styrian Grand Prix,perez,racing_point,17,6,Finished,8.0,71,perez_2020_2,0,71.0,70.88830985915493,67.188,17.799457142857143,31.344788732394367,21.668676056338025,SOFT,SOFT,38.0,2.0,1.0,1.0
2020,2,Styrian Grand Prix,stroll,racing_point,12,7,Finished,6.0,71,stroll_2020_2,0,71.0,70.88923943661972,67.833,17.7493,31.401,21.670028169014085,SOFT,MEDIUM,38.0,2.0,1.0,1.0
2020,2,Styrian Grand Prix,ricciardo,renault,8,8,Finished,4.0,71,ricciardo_2020_2,0,71.0,70.89118309859155,67.832,17.792257142857142,31.398352112676054,21.640647887323944,MEDIUM,MEDIUM,37.0,2.0,1.0,1.0
2020,2,Styrian Grand Prix,sainz,mclaren,3,9,+1 Lap,3.0,70,sainz_2020_2,0,70.0,71.28179999999999,65.619,18.27708695652174,31.373028571428573,21.597985714285713,SOFT,SOFT,34.0,3.0,2.0,2.0
2020,2,Styrian Grand Prix,kvyat,alphatauri,13,10,+1 Lap,1.0,70,kvyat_2020_2,0,70.0,71.44191428571429,68.378,18.101014492753624,31.481914285714286,21.789785714285717,MEDIUM,MEDIUM,36.0,2.0,1.0,1.0
2020,2,Styrian Grand Prix,raikkonen,alfa,16,11,+1 Lap,0.0,70,raikkonen_2020_2,0,70.0,71.55431428571428,68.382,17.954260869565218,31.564242857142855,21.960957142857144,MEDIUM,MEDIUM,44.0,2.0,1.0,1.0
2020,2,Styrian Grand Prix,kevin_magnussen,haas,15,12,+1 Lap,0.0,70,kevin_magnussen_2020_2,0,70.0,71.55818571428571,68.009,17.90376811594203,31.640714285714285,21.94437142857143,SOFT,MEDIUM,39.0,2.0,1.0,1.0
2020,2,Styrian Grand Prix,grosjean,haas,0,13,+1 Lap,0.0,70,grosjean_2020_2,1,70.0,71.56597142857143,68.047,17.919521739130435,31.700300000000002,21.802785714285715,SOFT,SOFT,37.0,2.0,1.0,2.0
2020,2,Styrian Grand Prix,giovinazzi,alfa,19,14,+1 Lap,0.0,70,giovinazzi_2020_2,0,70.0,71.6339,68.512,18.01705797101449,31.641671428571428,21.8993,MEDIUM,MEDIUM,39.0,2.0,1.0,1.0
2020,2,Styrian Grand Prix,gasly,alphatauri,7,15,+1 Lap,0.0,70,gasly_2020_2,0,70.0,71.84528571428571,67.827,18.26023188405797,31.596457142857144,21.929828571428573,SOFT,SOFT,25.0,3.0,2.0,2.0
2020,2,Styrian Grand Prix,russell,williams,11,16,+2 Laps,0.0,69,russell_2020_2,0,69.0,72.07,68.601,17.994367647058823,31.895426470588237,22.002235294117646,SOFT,MEDIUM,35.0,2.0,1.0,1.0
2020,2,Styrian Grand Prix,latifi,williams,18,17,+2 Laps,0.0,69,latifi_2020_2,0,69.0,72.142,68.806,18.195835820895525,31.859985507246375,21.99305797101449,MEDIUM,SOFT,37.0,2.0,1.0,1.0
2020,2,Styrian Grand Prix,ocon,renault,5,18,Overheating,0.0,25,ocon_2020_2,0,25.0,74.39816,69.321,18.118375,33.084360000000004,23.071080000000002,SOFT,SOFT,25.0,1.0,1.0,0.0
2020,2,Styrian Grand Prix,leclerc,ferrari,14,19,Collision damage,0.0,4,leclerc_2020_2,0,4.0,104.27550000000001,92.548,34.55166666666667,39.77125,32.873,SOFT,HARD,3.0,2.0,2.0,1.0
2020,2,Styrian Grand Prix,vettel,ferrari,10,20,Collision damage,0.0,1,vettel_2020_2,0,1.0,101.037,101.037,,39.412,38.926,MEDIUM,MEDIUM,1.0,1.0,1.0,0.0
2020,3,Hungarian Grand Prix,hamilton,mercedes,1,1,Finished,26.0,70,hamilton_2020_3,0,70.0,82.4639,76.627,30.23457971014493,28.95082857142857,23.183285714285713,INTERMEDIATE,MEDIUM,34.0,4.0,3.0,3.0
2020,3,Hungarian Grand Prix,max_verstappen,red_bull,7,2,Finished,18.0,70,max_verstappen_2020_3,0,70.0,82.58821428571429,79.184,29.960318840579713,29.24477142857143,23.257442857142856,INTERMEDIATE,HARD,34.0,3.0,2.0,2.0
2020,3,Hungarian Grand Prix,bottas,mercedes,2,3,Finished,15.0,70,bottas_2020_3,0,70.0,82.59892857142857,77.665,30.19386956521739,29.154942857142856,23.103199999999998,INTERMEDIATE,MEDIUM,31.0,4.0,3.0,3.0
2020,3,Hungarian Grand Prix,stroll,racing_point,3,4,Finished,12.0,70,stroll_2020_3,0,70.0,83.28645714285715,78.973,30.32850724637681,29.36094285714286,23.48624285714286,INTERMEDIATE,MEDIUM,32.0,4.0,3.0,3.0
2020,3,Hungarian Grand Prix,albon,red_bull,13,5,Finished,10.0,70,albon_2020_3,0,70.0,83.5827,79.44,30.196086956521743,29.70084285714286,23.515600000000003,INTERMEDIATE,HARD,36.0,3.0,2.0,2.0
2020,3,Hungarian Grand Prix,vettel,ferrari,5,6,+1 Lap,8.0,69,vettel_2020_3,0,69.0,83.73856521739131,80.363,30.42951470588235,29.583565217391307,23.597289855072464,INTERMEDIATE,HARD,40.0,3.0,2.0,2.0
2020,3,Hungarian Grand Prix,perez,racing_point,4,7,+1 Lap,6.0,69,perez_2020_3,0,69.0,83.7550579710145,80.09,30.14444117647059,29.752318840579708,23.704579710144927,INTERMEDIATE,HARD,34.0,3.0,2.0,2.0
2020,3,Hungarian Grand Prix,ricciardo,renault,11,8,+1 Lap,4.0,69,ricciardo_2020_3,0,69.0,83.76882608695652,79.532,30.2535,29.763391304347827,23.59246376811594,INTERMEDIATE,MEDIUM,39.0,3.0,2.0,2.0
2020,3,Hungarian Grand Prix,sainz,mclaren,9,9,+1 Lap,2.0,69,sainz_2020_3,0,69.0,83.97779710144927,79.457,30.34164705882353,29.813188405797103,23.664652173913044,INTERMEDIATE,MEDIUM,37.0,3.0,2.0,2.0
2020,3,Hungarian Grand Prix,kevin_magnussen,haas,0,10,+1 Lap,1.0,69,kevin_magnussen_2020_3,1,69.0,83.94776811594203,80.477,30.257382352941175,29.83328985507246,23.54617391304348,MEDIUM,HARD,67.0,2.0,1.0,2.0
2020,3,Hungarian Grand Prix,leclerc,ferrari,6,11,+1 Lap,0.0,69,leclerc_2020_3,0,69.0,84.24582608695653,80.821,30.600941176470588,29.88059420289855,23.629884057971015,INTERMEDIATE,HARD,49.0,3.0,2.0,2.0
2020,3,Hungarian Grand Prix,kvyat,alphatauri,17,12,+1 Lap,0.0,69,kvyat_2020_3,0,69.0,84.31626086956521,80.946,30.49383823529412,29.911623188405798,23.73759420289855,INTERMEDIATE,HARD,51.0,3.0,2.0,2.0
2020,3,Hungarian Grand Prix,norris,mclaren,8,13,+1 Lap,0.0,69,norris_2020_3,0,69.0,84.32697101449276,79.945,30.337999999999997,29.96291304347826,23.84314492753623,INTERMEDIATE,HARD,34.0,3.0,2.0,2.0
2020,3,Hungarian Grand Prix,ocon,renault,14,14,+1 Lap,0.0,69,ocon_2020_3,0,69.0,84.33966666666666,80.261,30.388044117647063,29.961202898550724,23.798072463768115,INTERMEDIATE,HARD,38.0,3.0,2.0,2.0
2020,3,Hungarian Grand Prix,raikkonen,alfa,20,15,+1 Lap,0.0,69,raikkonen_2020_3,0,69.0,84.43591304347827,80.232,30.500573529411767,30.057913043478262,23.6921884057971,INTERMEDIATE,HARD,36.0,3.0,2.0,2.0
2020,3,Hungarian Grand Prix,grosjean,haas,0,16,+1 Lap,0.0,69,grosjean_2020_3,1,69.0,84.41879710144927,80.889,30.332132352941176,29.994507246376813,23.76314492753623,MEDIUM,HARD,66.0,2.0,1.0,2.0
2020,3,Hungarian Grand Prix,giovinazzi,alfa,19,17,+1 Lap,0.0,69,giovinazzi_2020_3,0,69.0,84.73491304347826,80.096,30.724147058823533,29.90140579710145,23.918565217391304,INTERMEDIATE,HARD,29.0,4.0,3.0,3.0
2020,3,Hungarian Grand Prix,russell,williams,12,18,+1 Lap,0.0,69,russell_2020_3,0,69.0,84.75136231884058,79.984,30.709529411764706,29.93504347826087,23.921391304347825,INTERMEDIATE,MEDIUM,31.0,4.0,3.0,3.0
2020,3,Hungarian Grand Prix,latifi,williams,15,19,+5 Laps,0.0,65,latifi_2020_3,0,65.0,87.787921875,81.198,32.676,31.85221538461538,24.916969230769233,INTERMEDIATE,MEDIUM,27.0,6.0,5.0,5.0
2020,3,Hungarian Grand Prix,gasly,alphatauri,10,20,Engine,0.0,15,gasly_2020_3,0,15.0,91.35153333333332,83.939,33.12592857142857,32.2842,25.307533333333332,INTERMEDIATE,SOFT,12.0,2.0,2.0,1.0
2020,4,British Grand Prix,hamilton,mercedes,1,1,Finished,25.0,52,hamilton_2020_4,0,52.0,94.48141304347827,89.238,32.38986274509804,41.530980769230766,27.650115384615386,MEDIUM,HARD,39.0,2.0,1.0,1.0
2020,4,British Grand Prix,max_verstappen,red_bull,3,2,Finished,19.0,52,max_verstappen_2020_4,0,52.0,94.77019565217391,87.097,32.72119607843137,41.27351923076923,27.67105769230769,MEDIUM,HARD,37.0,3.0,2.0,2.0
2020,4,British Grand Prix,leclerc,ferrari,4,3,Finished,15.0,52,leclerc_2020_4,0,52.0,96.41602127659574,89.813,32.37286274509804,41.67182692307692,27.855615384615383,MEDIUM,HARD,39.0,2.0,1.0,1.0
2020,4,British Grand Prix,ricciardo,renault,8,4,Finished,12.0,52,ricciardo_2020_4,0,52.0,97.54170833333335,89.482,32.35166666666667,41.85086538461538,27.710634615384613,SOFT,HARD,40.0,2.0,1.0,1.0
2020,4,British Grand Prix,norris,mclaren,5,5,Finished,10.0,52,norris_2020_4,0,52.0,97.61110416666666,90.058,32.473,41.14086274509804,27.607686274509803,SOFT,HARD,40.0,2.0,1.0,1.0
2020,4,British Grand Prix,ocon,renault,9,6,Finished,8.0,52,ocon_2020_4,0,52.0,97.67627083333333,89.491,32.49354901960785,41.1405294117647,27.641000000000002,SOFT,HARD,40.0,2.0,1.0,1.0
2020,4,British Grand Prix,gasly,alphatauri,11,7,Finished,6.0,52,gasly_2020_4,0,52.0,97.78699999999999,89.603,32.63941176470588,41.71957692307693,27.758596153846156,MEDIUM,HARD,40.0,2.0,1.0,1.0
2020,4,British Grand Prix,albon,red_bull,12,8,Finished,4.0,52,albon_2020_4,0,52.0,96.67074468085106,88.689,33.06786274509804,41.44315384615384,27.628653846153846,MEDIUM,MEDIUM,25.0,3.0,2.0,2.0
2020,4,British Grand Prix,stroll,racing_point,6,9,Finished,2.0,52,stroll_2020_4,0,52.0,97.905125,90.475,32.479803921568625,41.445960784313726,27.579254901960784,MEDIUM,HARD,39.0,2.0,1.0,1.0
2020,4,British Grand Prix,vettel,ferrari,10,10,Finished,1.0,52,vettel_2020_4,0,52.0,97.99839583333333,90.537,32.60821568627451,41.85307692307693,27.876557692307692,SOFT,HARD,40.0,2.0,1.0,1.0
2020,4,British Grand Prix,bottas,mercedes,2,11,Finished,0.0,52,bottas_2020_4,0,52.0,95.46760869565217,89.265,33.05525490196079,41.55738461538461,27.763096153846156,MEDIUM,HARD,37.0,3.0,2.0,2.0
2020,4,British Grand Prix,russell,williams,20,12,Finished,0.0,52,russell_2020_4,0,52.0,97.07153191489361,90.862,32.858294117647056,41.723903846153846,27.89692307692308,MEDIUM,HARD,40.0,2.0,1.0,1.0
2020,4,British Grand Prix,sainz,mclaren,7,13,Finished,0.0,52,sainz_2020_4,0,52.0,98.25364583333334,89.948,33.03892156862745,41.504134615384615,28.035173076923076,SOFT,HARD,38.0,3.0,2.0,2.0
2020,4,British Grand Prix,giovinazzi,alfa,15,14,Finished,0.0,52,giovinazzi_2020_4,0,52.0,98.15508333333334,90.977,32.61343137254902,41.94176923076923,27.889884615384613,MEDIUM,HARD,40.0,2.0,1.0,1.0
2020,4,British Grand Prix,latifi,williams,18,15,Finished,0.0,52,latifi_2020_4,0,52.0,97.13738297872341,90.501,32.91286274509804,41.69325,27.936865384615388,MEDIUM,HARD,40.0,2.0,1.0,1.0
2020,4,British Grand Prix,grosjean,haas,17,16,Finished,0.0,52,grosjean_2020_4,0,52.0,97.19648936170212,89.782,32.86278431372549,41.585884615384614,28.09307692307692,MEDIUM,MEDIUM,36.0,2.0,1.0,1.0
2020,4,British Grand Prix,raikkonen,alfa,16,17,+1 Lap,0.0,51,raikkonen_2020_4,0,51.0,97.76235555555554,89.973,33.79786,42.13466666666667,28.34272549019608,MEDIUM,HARD,35.0,3.0,2.0,2.0
2020,4,British Grand Prix,kvyat,alphatauri,19,18,Accident,0.0,11,kvyat_2020_4,0,12.0,107.75630000000001,92.443,35.8041,45.87954545454546,30.367727272727276,MEDIUM,MEDIUM,12.0,1.0,0.0,0.0
2020,4,British Grand Prix,kevin_magnussen,haas,14,19,Collision,0.0,1,kevin_magnussen_2020_4,0,2.0,103.754,103.754,,40.57,28.184,MEDIUM,MEDIUM,2.0,1.0,0.0,0.0
2020,4,British Grand Prix,hulkenberg,racing_point,13,20,Power Unit,0.0,0,hulkenberg_2020_4,0,1.0,,,,,,HARD,HARD,1.0,1.0,0.0,0.0
2020,5,70th Anniversary Grand Prix,max_verstappen,red_bull,4,1,Finished,25.0,52,max_verstappen_2020_5,0,52.0,91.96140384615386,89.465,29.691352941176472,37.11373076923077,25.10659615384615,HARD,HARD,29.0,3.0,2.0,2.0
2020,5,70th Anniversary Grand Prix,hamilton,mercedes,2,2,Finished,19.0,52,hamilton_2020_5,0,52.0,92.17921153846153,88.451,29.822039215686274,37.23375,25.09796153846154,MEDIUM,HARD,27.0,3.0,2.0,2.0
2020,5,70th Anniversary Grand Prix,bottas,mercedes,1,3,Finished,15.0,52,bottas_2020_5,0,52.0,92.33123076923077,89.765,29.81729411764706,37.335442307692304,25.15298076923077,MEDIUM,HARD,20.0,3.0,2.0,2.0
2020,5,70th Anniversary Grand Prix,leclerc,ferrari,8,4,Finished,12.0,52,leclerc_2020_5,0,52.0,92.52465384615385,90.552,29.28149019607843,37.707730769230764,25.448442307692307,MEDIUM,HARD,34.0,2.0,1.0,1.0
2020,5,70th Anniversary Grand Prix,albon,red_bull,9,5,Finished,10.0,52,albon_2020_5,0,52.0,92.71421153846154,89.477,29.74294117647059,37.49671153846154,25.390326923076923,MEDIUM,HARD,24.0,3.0,2.0,2.0
2020,5,70th Anniversary Grand Prix,stroll,racing_point,6,6,Finished,8.0,52,stroll_2020_5,0,52.0,92.7794423076923,90.379,29.91758823529412,37.40544230769231,25.402173076923077,MEDIUM,HARD,21.0,3.0,2.0,2.0
2020,5,70th Anniversary Grand Prix,hulkenberg,racing_point,3,7,Finished,6.0,52,hulkenberg_2020_5,0,52.0,93.03738461538462,90.087,30.26729411764706,37.39634615384615,25.32696153846154,MEDIUM,HARD,18.0,4.0,3.0,3.0
2020,5,70th Anniversary Grand Prix,ocon,renault,14,8,Finished,4.0,52,ocon_2020_5,0,52.0,93.20703846153846,90.575,29.726705882352938,37.81694230769231,25.564500000000002,MEDIUM,HARD,30.0,2.0,1.0,1.0
2020,5,70th Anniversary Grand Prix,norris,mclaren,10,9,Finished,2.0,52,norris_2020_5,0,52.0,93.22186538461538,90.698,30.018196078431373,37.614865384615385,25.513884615384615,MEDIUM,HARD,23.0,3.0,2.0,2.0
2020,5,70th Anniversary Grand Prix,kvyat,alphatauri,16,10,Finished,1.0,52,kvyat_2020_5,0,52.0,93.30119230769232,90.738,29.961470588235297,37.76267307692308,25.46821153846154,HARD,HARD,19.0,3.0,2.0,2.0
2020,5,70th Anniversary Grand Prix,gasly,alphatauri,7,11,Finished,0.0,52,gasly_2020_5,0,52.0,93.31990384615385,90.092,29.975490196078432,37.90538461538461,25.37275,MEDIUM,HARD,29.0,3.0,2.0,2.0
2020,5,70th Anniversary Grand Prix,vettel,ferrari,11,12,Finished,0.0,52,vettel_2020_5,0,52.0,93.37236538461539,90.785,29.706392156862748,37.96455769230769,25.48948076923077,HARD,HARD,23.0,3.0,2.0,2.0
2020,5,70th Anniversary Grand Prix,sainz,mclaren,12,13,Finished,0.0,52,sainz_2020_5,0,52.0,93.38582692307692,90.556,30.011627450980395,37.70636538461538,25.58032692307692,HARD,HARD,22.0,3.0,2.0,2.0
2020,5,70th Anniversary Grand Prix,ricciardo,renault,5,14,+1 Lap,0.0,51,ricciardo_2020_5,0,51.0,93.89498039215687,91.168,30.534940000000002,37.927921568627454,25.384098039215687,MEDIUM,MEDIUM,17.0,4.0,3.0,3.0
2020,5,70th Anniversary Grand Prix,raikkonen,alfa,20,15,+1 Lap,0.0,51,raikkonen_2020_5,0,51.0,94.21641176470588,91.756,29.95526,38.38043137254902,25.748745098039215,HARD,HARD,26.0,2.0,1.0,1.0
2020,5,70th Anniversary Grand Prix,grosjean,haas,13,16,+1 Lap,0.0,51,grosjean_2020_5,0,51.0,94.25896078431373,90.793,30.2042,38.22180392156863,25.716764705882355,MEDIUM,HARD,22.0,3.0,2.0,2.0
2020,5,70th Anniversary Grand Prix,giovinazzi,alfa,19,17,+1 Lap,0.0,51,giovinazzi_2020_5,0,51.0,94.3726862745098,91.826,30.17102,38.25241176470588,25.8356862745098,MEDIUM,HARD,26.0,3.0,2.0,2.0
2020,5,70th Anniversary Grand Prix,russell,williams,15,18,+1 Lap,0.0,51,russell_2020_5,0,51.0,94.38998039215687,91.408,30.52326,38.171254901960786,25.577470588235293,MEDIUM,HARD,17.0,4.0,3.0,3.0
2020,5,70th Anniversary Grand Prix,latifi,williams,18,19,+1 Lap,0.0,51,latifi_2020_5,0,51.0,94.40188235294117,89.95,30.441619999999997,38.169,25.672607843137254,MEDIUM,HARD,20.0,4.0,3.0,3.0
2020,5,70th Anniversary Grand Prix,kevin_magnussen,haas,17,20,Retired,0.0,43,kevin_magnussen_2020_5,0,43.0,95.24102325581396,91.83,30.515833333333333,38.766860465116274,25.84732558139535,MEDIUM,HARD,23.0,3.0,3.0,2.0
2020,6,Spanish Grand Prix,hamilton,mercedes,1,1,Finished,25.0,66,hamilton_2020_6,0,66.0,83.41331818181817,79.822,23.940153846153844,30.927,28.509363636363634,SOFT,MEDIUM,27.0,3.0,2.0,2.0
2020,6,Spanish Grand Prix,max_verstappen,red_bull,3,2,Finished,18.0,66,max_verstappen_2020_6,0,66.0,83.77963636363637,81.477,24.04213846153846,31.044545454545457,28.64728787878788,SOFT,MEDIUM,25.0,3.0,2.0,2.0
2020,6,Spanish Grand Prix,bottas,mercedes,2,3,Finished,16.0,66,bottas_2020_6,0,66.0,84.09137878787878,78.183,24.12952307692308,31.08119696969697,28.818,SOFT,SOFT,26.0,4.0,3.0,3.0
2020,6,Spanish Grand Prix,stroll,racing_point,5,4,+1 Lap,12.0,65,stroll_2020_6,0,65.0,85.02652307692308,82.024,24.2775625,31.504815384615387,29.187,SOFT,SOFT,30.0,3.0,2.0,2.0
2020,6,Spanish Grand Prix,perez,racing_point,4,5,+1 Lap,10.0,65,perez_2020_6,0,65.0,84.99175384615384,82.515,24.024921875,31.719846153846152,29.179092307692308,SOFT,MEDIUM,36.0,2.0,1.0,1.0
2020,6,Spanish Grand Prix,sainz,mclaren,7,6,+1 Lap,8.0,65,sainz_2020_6,0,65.0,85.093,81.771,24.1361875,31.49643076923077,29.383415384615386,SOFT,SOFT,25.0,3.0,2.0,2.0
2020,6,Spanish Grand Prix,vettel,ferrari,11,7,+1 Lap,6.0,65,vettel_2020_6,0,65.0,85.28943076923078,82.707,24.1240625,31.6702,29.395938461538464,MEDIUM,SOFT,39.0,2.0,1.0,1.0
2020,6,Spanish Grand Prix,albon,red_bull,6,8,+1 Lap,4.0,65,albon_2020_6,0,65.0,85.30781538461538,82.194,24.322703125,31.629153846153844,29.286015384615386,SOFT,MEDIUM,26.0,3.0,2.0,2.0
2020,6,Spanish Grand Prix,gasly,alphatauri,10,9,+1 Lap,2.0,65,gasly_2020_6,0,65.0,85.31687692307692,82.543,24.28290625,31.709630769230774,29.245507692307694,SOFT,MEDIUM,24.0,3.0,2.0,2.0
2020,6,Spanish Grand Prix,norris,mclaren,8,10,+1 Lap,1.0,65,norris_2020_6,0,65.0,85.32544615384616,82.392,24.16496875,31.613492307692308,29.45433846153846,SOFT,SOFT,26.0,3.0,2.0,2.0
2020,6,Spanish Grand Prix,ricciardo,renault,13,11,+1 Lap,0.0,65,ricciardo_2020_6,0,65.0,85.34069230769231,82.464,24.04646875,31.769000000000002,29.42196923076923,MEDIUM,MEDIUM,35.0,2.0,1.0,1.0
2020,6,Spanish Grand Prix,kvyat,alphatauri,12,12,+1 Lap,0.0,65,kvyat_2020_6,0,65.0,85.35381538461537,82.336,24.191875,31.67946153846154,29.379415384615385,SOFT,MEDIUM,24.0,3.0,2.0,2.0
2020,6,Spanish Grand Prix,ocon,renault,15,13,+1 Lap,0.0,65,ocon_2020_6,0,65.0,85.55703076923078,82.174,24.11459375,31.943492307692303,29.38636923076923,MEDIUM,MEDIUM,34.0,2.0,1.0,1.0
2020,6,Spanish Grand Prix,raikkonen,alfa,14,14,+1 Lap,0.0,65,raikkonen_2020_6,0,65.0,85.64126153846153,81.888,24.265515625,31.799246153846155,29.471184615384615,MEDIUM,MEDIUM,27.0,3.0,2.0,2.0
2020,6,Spanish Grand Prix,kevin_magnussen,haas,16,15,+1 Lap,0.0,65,kevin_magnussen_2020_6,0,65.0,85.75953846153845,83.474,24.291484375,31.880876923076926,29.481938461538462,SOFT,MEDIUM,38.0,2.0,1.0,1.0
2020,6,Spanish Grand Prix,giovinazzi,alfa,20,16,+1 Lap,0.0,65,giovinazzi_2020_6,0,65.0,85.77029230769232,81.801,24.344671875,31.772876923076925,29.534615384615385,MEDIUM,MEDIUM,24.0,3.0,2.0,2.0
2020,6,Spanish Grand Prix,russell,williams,18,17,+1 Lap,0.0,65,russell_2020_6,0,65.0,85.91778461538462,82.503,24.500734375,31.83816923076923,29.469538461538463,SOFT,MEDIUM,30.0,3.0,2.0,2.0
2020,6,Spanish Grand Prix,latifi,williams,19,18,+2 Laps,0.0,64,latifi_2020_6,0,64.0,86.051515625,82.03,24.46115873015873,31.890078125,29.577859375,MEDIUM,MEDIUM,28.0,3.0,2.0,2.0
2020,6,Spanish Grand Prix,grosjean,haas,17,19,+2 Laps,0.0,64,grosjean_2020_6,0,64.0,86.4835625,80.409,24.54403174603175,31.981593750000002,29.84346875,MEDIUM,MEDIUM,33.0,3.0,2.0,2.0
2020,6,Spanish Grand Prix,leclerc,ferrari,9,20,Electronics,0.0,38,leclerc_2020_6,0,38.0,87.67463157894737,83.968,24.60508108108108,31.97936842105263,30.956578947368417,SOFT,SOFT,32.0,2.0,2.0,1.0
2020,7,Belgian Grand Prix,hamilton,mercedes,1,1,Finished,25.0,44,hamilton_2020_7,0,44.0,109.02304999999998,107.758,33.08609302325581,50.733045454545454,30.89709090909091,MEDIUM,HARD,33.0,2.0,1.0,1.0
2020,7,Belgian Grand Prix,bottas,mercedes,2,2,Finished,18.0,44,bottas_2020_7,0,44.0,109.27404999999999,107.983,33.1006511627907,50.87486363636364,30.92875,MEDIUM,HARD,33.0,2.0,1.0,1.0
2020,7,Belgian Grand Prix,max_verstappen,red_bull,3,3,Finished,15.0,44,max_verstappen_2020_7,0,44.0,109.54572499999999,108.305,33.06509302325581,51.21159090909091,30.782181818181815,MEDIUM,HARD,33.0,2.0,1.0,1.0
2020,7,Belgian Grand Prix,ricciardo,renault,4,4,Finished,13.0,44,ricciardo_2020_7,0,44.0,109.78614999999999,107.483,32.992395348837206,51.28406818181818,30.859136363636363,SOFT,HARD,33.0,2.0,1.0,1.0
2020,7,Belgian Grand Prix,ocon,renault,6,5,Finished,10.0,44,ocon_2020_7,0,44.0,110.380775,108.54,33.09527906976744,51.583068181818184,30.94877272727273,SOFT,HARD,33.0,2.0,1.0,1.0
2020,7,Belgian Grand Prix,albon,red_bull,5,6,Finished,8.0,44,albon_2020_7,0,44.0,110.4757,108.736,33.28151162790698,51.43172727272727,30.9625,SOFT,MEDIUM,33.0,2.0,1.0,1.0
2020,7,Belgian Grand Prix,norris,mclaren,10,7,Finished,6.0,44,norris_2020_7,0,44.0,110.8106,108.552,32.88155813953488,51.791068181818176,30.990204545454546,SOFT,HARD,33.0,2.0,1.0,1.0
2020,7,Belgian Grand Prix,gasly,alphatauri,12,8,Finished,4.0,44,gasly_2020_7,0,44.0,110.78865,107.839,32.92467441860465,51.83865909090909,30.98215909090909,HARD,HARD,26.0,2.0,1.0,1.0
2020,7,Belgian Grand Prix,stroll,racing_point,9,9,Finished,2.0,44,stroll_2020_7,0,44.0,110.8028,109.136,33.173488372093026,51.68372727272727,31.031590909090912,SOFT,HARD,33.0,2.0,1.0,1.0
2020,7,Belgian Grand Prix,perez,racing_point,8,10,Finished,1.0,44,perez_2020_7,0,44.0,110.98085,108.389,32.96972093023256,51.84231818181818,31.07659090909091,SOFT,HARD,26.0,2.0,1.0,1.0
2020,7,Belgian Grand Prix,kvyat,alphatauri,11,11,Finished,0.0,44,kvyat_2020_7,0,44.0,111.536825,109.832,32.8343488372093,52.215,31.20809090909091,MEDIUM,HARD,33.0,2.0,1.0,1.0
2020,7,Belgian Grand Prix,raikkonen,alfa,16,12,Finished,0.0,44,raikkonen_2020_7,0,44.0,111.824,109.822,33.0353023255814,51.95838636363636,31.26068181818182,MEDIUM,HARD,34.0,2.0,1.0,1.0
2020,7,Belgian Grand Prix,vettel,ferrari,14,13,Finished,0.0,44,vettel_2020_7,0,44.0,111.7055,109.958,33.203883720930236,51.93095454545455,31.188045454545453,MEDIUM,HARD,33.0,2.0,1.0,1.0
2020,7,Belgian Grand Prix,leclerc,ferrari,13,14,Finished,0.0,44,leclerc_2020_7,0,44.0,111.75562500000001,107.84,33.6533023255814,51.59611363636363,31.141022727272727,SOFT,MEDIUM,20.0,3.0,2.0,2.0
2020,7,Belgian Grand Prix,grosjean,haas,17,15,Finished,0.0,44,grosjean_2020_7,0,44.0,112.98319512195121,110.018,32.993883720930235,52.151500000000006,31.233068181818183,MEDIUM,HARD,34.0,2.0,1.0,1.0
2020,7,Belgian Grand Prix,latifi,williams,19,16,Finished,0.0,44,latifi_2020_7,0,44.0,113.85107142857143,108.048,33.4383023255814,51.60813636363636,31.373,MEDIUM,MEDIUM,20.0,3.0,2.0,2.0
2020,7,Belgian Grand Prix,kevin_magnussen,haas,20,17,Finished,0.0,44,kevin_magnussen_2020_7,0,44.0,114.04873809523808,108.083,33.55832558139535,51.59879545454546,31.44231818181818,MEDIUM,HARD,25.0,3.0,2.0,2.0
2020,7,Belgian Grand Prix,giovinazzi,alfa,18,18,Accident,0.0,9,giovinazzi_2020_7,0,10.0,113.72800000000001,111.793,31.653375,51.37033333333333,30.078444444444447,MEDIUM,MEDIUM,10.0,1.0,0.0,0.0
2020,7,Belgian Grand Prix,russell,williams,15,19,Debris,0.0,9,russell_2020_7,0,10.0,113.97533333333334,111.754,31.782249999999998,51.51211111111111,30.131999999999998,MEDIUM,MEDIUM,10.0,1.0,0.0,0.0
2020,7,Belgian Grand Prix,sainz,mclaren,7,20,Exhaust,0.0,0,sainz_2020_7,0,1.0,,,,,,SOFT,SOFT,4.0,1.0,0.0,0.0
2020,8,Italian Grand Prix,gasly,alphatauri,10,1,Finished,25.0,53,gasly_2020_8,0,53.0,89.82058823529412,84.037,30.395588235294117,30.74854716981132,31.230811320754714,SOFT,MEDIUM,27.0,3.0,2.0,2.0
2020,8,Italian Grand Prix,sainz,mclaren,3,2,Finished,18.0,53,sainz_2020_8,0,53.0,89.7351568627451,83.882,30.28021568627451,30.72430188679245,31.43,SOFT,MEDIUM,31.0,3.0,2.0,2.0
2020,8,Italian Grand Prix,stroll,racing_point,8,3,Finished,15.0,53,stroll_2020_8,0,53.0,89.92294117647059,83.897,29.98462745098039,30.989132075471698,31.44956603773585,SOFT,MEDIUM,29.0,2.0,1.0,1.0
2020,8,Italian Grand Prix,norris,mclaren,6,4,Finished,12.0,53,norris_2020_8,0,53.0,89.87601960784313,84.232,30.380470588235294,30.821037735849057,31.374283018867924,SOFT,MEDIUM,31.0,3.0,2.0,2.0
2020,8,Italian Grand Prix,bottas,mercedes,2,5,Finished,10.0,53,bottas_2020_8,0,53.0,89.86856862745098,83.961,30.046254901960783,31.09011320754717,31.467301886792455,SOFT,MEDIUM,31.0,3.0,2.0,2.0
2020,8,Italian Grand Prix,ricciardo,renault,7,6,Finished,8.0,53,ricciardo_2020_8,0,53.0,89.84770588235294,83.898,29.971254901960787,30.983226415094343,31.674056603773586,SOFT,MEDIUM,31.0,3.0,2.0,2.0
2020,8,Italian Grand Prix,hamilton,mercedes,1,7,Finished,7.0,53,hamilton_2020_8,0,53.0,88.97278,82.746,30.925156862745098,30.581264150943397,31.25654716981132,SOFT,HARD,27.0,4.0,3.0,3.0
2020,8,Italian Grand Prix,ocon,renault,12,8,Finished,4.0,53,ocon_2020_8,0,53.0,90.01282352941176,84.49,30.22523529411765,30.899358490566037,31.680377358490563,SOFT,SOFT,30.0,3.0,2.0,2.0
2020,8,Italian Grand Prix,kvyat,alphatauri,11,9,Finished,2.0,53,kvyat_2020_8,0,53.0,90.08250980392157,84.479,30.120215686274513,31.10675471698113,31.64864150943396,HARD,MEDIUM,31.0,3.0,2.0,2.0
2020,8,Italian Grand Prix,perez,racing_point,4,10,Finished,1.0,53,perez_2020_8,0,53.0,90.08450980392158,84.336,30.166784313725493,31.028490566037735,31.753452830188678,SOFT,MEDIUM,31.0,3.0,2.0,2.0
2020,8,Italian Grand Prix,latifi,williams,20,11,Finished,0.0,53,latifi_2020_8,0,53.0,90.33037254901961,84.999,30.72970588235294,30.994283018867925,31.320452830188678,MEDIUM,MEDIUM,27.0,3.0,2.0,2.0
2020,8,Italian Grand Prix,grosjean,haas,16,12,Finished,0.0,53,grosjean_2020_8,0,53.0,90.26266666666666,84.785,30.180137254901958,31.003943396226415,31.895150943396224,MEDIUM,HARD,31.0,3.0,2.0,2.0
2020,8,Italian Grand Prix,raikkonen,alfa,14,13,Finished,0.0,53,raikkonen_2020_8,0,53.0,90.5279019607843,84.835,30.529745098039218,30.984716981132078,31.541924528301887,MEDIUM,SOFT,27.0,3.0,2.0,2.0
2020,8,Italian Grand Prix,russell,williams,19,14,Finished,0.0,53,russell_2020_8,0,53.0,90.32382352941177,84.421,30.347215686274513,31.13139622641509,31.642056603773586,MEDIUM,MEDIUM,27.0,3.0,2.0,2.0
2020,8,Italian Grand Prix,albon,red_bull,9,15,Finished,0.0,53,albon_2020_8,0,53.0,90.32690196078431,84.888,30.183764705882353,31.19279245283019,31.761037735849058,SOFT,HARD,27.0,3.0,2.0,2.0
2020,8,Italian Grand Prix,giovinazzi,alfa,18,16,Finished,0.0,53,giovinazzi_2020_8,0,53.0,90.88286274509804,84.856,29.81196,30.8851320754717,31.765018867924528,MEDIUM,SOFT,27.0,4.0,3.0,3.0
2020,8,Italian Grand Prix,max_verstappen,red_bull,5,17,Power Unit,0.0,30,max_verstappen_2020_8,0,30.0,94.47139285714286,85.539,32.01567857142857,32.7873,34.473733333333335,SOFT,SOFT,25.0,3.0,3.0,2.0
2020,8,Italian Grand Prix,leclerc,ferrari,13,18,Accident,0.0,23,leclerc_2020_8,0,24.0,92.50773913043477,86.026,30.142130434782608,30.834958333333333,31.258304347826087,SOFT,SOFT,17.0,2.0,2.0,2.0
2020,8,Italian Grand Prix,kevin_magnussen,haas,15,19,Power Unit,0.0,17,kevin_magnussen_2020_8,0,18.0,89.16776470588236,85.787,30.521411764705885,29.20127777777778,29.121000000000002,MEDIUM,HARD,17.0,2.0,2.0,1.0
2020,8,Italian Grand Prix,vettel,ferrari,17,20,Brakes,0.0,6,vettel_2020_8,0,6.0,98.14166666666667,87.107,29.249000000000002,32.99816666666667,35.07833333333333,HARD,HARD,6.0,1.0,1.0,0.0
2020,9,Tuscan Grand Prix,hamilton,mercedes,1,1,Finished,26.0,59,hamilton_2020_9,0,59.0,89.82703636363637,78.833,33.647561403508774,26.143169491525427,33.12096428571429,SOFT,MEDIUM,24.0,6.0,5.0,5.0
2020,9,Tuscan Grand Prix,bottas,mercedes,2,2,Finished,18.0,59,bottas_2020_9,0,59.0,90.09256363636364,79.432,33.432767857142856,26.052067796610167,33.77443859649123,SOFT,MEDIUM,23.0,6.0,5.0,5.0
2020,9,Tuscan Grand Prix,albon,red_bull,4,3,Finished,15.0,59,albon_2020_9,0,59.0,90.69049090909091,80.039,34.45851724137931,25.901389830508474,33.56433928571429,SOFT,SOFT,26.0,6.0,5.0,5.0
2020,9,Tuscan Grand Prix,ricciardo,renault,8,4,Finished,12.0,59,ricciardo_2020_9,0,59.0,90.68374545454544,80.426,34.29394827586207,26.092491525423732,33.575125,SOFT,SOFT,21.0,6.0,5.0,5.0
2020,9,Tuscan Grand Prix,perez,racing_point,7,5,Finished,10.0,59,perez_2020_9,0,59.0,91.19474545454545,80.632,33.99782456140351,26.23837931034483,33.46903571428572,SOFT,SOFT,23.0,6.0,5.0,5.0
2020,9,Tuscan Grand Prix,norris,mclaren,11,6,Finished,8.0,59,norris_2020_9,0,59.0,91.44650909090909,81.198,34.060105263157894,26.083948275862067,33.75001785714286,SOFT,SOFT,24.0,6.0,5.0,5.0
2020,9,Tuscan Grand Prix,kvyat,alphatauri,12,7,Finished,6.0,59,kvyat_2020_9,0,59.0,91.74538181818183,81.458,34.49477586206896,26.5773220338983,34.74959649122807,MEDIUM,SOFT,22.0,6.0,5.0,5.0
2020,9,Tuscan Grand Prix,leclerc,ferrari,5,8,Finished,4.0,59,leclerc_2020_9,0,59.0,91.82038181818181,81.229,34.86574137931034,26.35286440677966,34.987929824561405,SOFT,SOFT,25.0,6.0,5.0,5.0
2020,9,Tuscan Grand Prix,raikkonen,alfa,13,9,Finished,2.0,59,raikkonen_2020_9,0,59.0,92.40874074074074,81.164,34.93868421052632,26.476423728813558,35.593438596491225,MEDIUM,MEDIUM,26.0,7.0,6.0,6.0
2020,9,Tuscan Grand Prix,vettel,ferrari,14,10,Finished,1.0,59,vettel_2020_9,0,59.0,92.3734181818182,81.202,34.716913793103444,26.208779661016948,35.08459649122807,SOFT,SOFT,23.0,7.0,6.0,6.0
2020,9,Tuscan Grand Prix,russell,williams,18,11,Finished,0.0,59,russell_2020_9,0,59.0,92.34243636363637,81.645,34.689912280701755,26.07601724137931,34.839140350877194,MEDIUM,MEDIUM,21.0,6.0,5.0,5.0
2020,9,Tuscan Grand Prix,grosjean,haas,15,12,Finished,0.0,59,grosjean_2020_9,0,59.0,93.07631481481482,82.263,34.76566666666667,26.457983050847456,35.33480701754386,MEDIUM,SOFT,20.0,6.0,5.0,5.0
2020,9,Tuscan Grand Prix,stroll,racing_point,6,13,Puncture,0.0,42,stroll_2020_9,0,43.0,92.816575,82.068,35.175609756097565,26.638714285714286,34.343048780487806,SOFT,SOFT,24.0,4.0,3.0,3.0
2020,9,Tuscan Grand Prix,ocon,renault,10,14,Brakes,0.0,7,ocon_2020_9,0,8.0,134.15442857142858,123.478,51.677571428571426,38.885625,45.24928571428571,SOFT,SOFT,11.0,2.0,2.0,1.0
2020,9,Tuscan Grand Prix,latifi,williams,19,15,Collision,0.0,6,latifi_2020_9,0,7.0,134.8285,129.418,51.7946,39.940333333333335,44.43666666666667,MEDIUM,MEDIUM,7.0,1.0,0.0,0.0
2020,9,Tuscan Grand Prix,kevin_magnussen,haas,20,16,Collision,0.0,5,kevin_magnussen_2020_9,0,6.0,135.31459999999998,128.433,52.06725,40.117200000000004,44.9554,SOFT,SOFT,6.0,1.0,0.0,0.0
2020,9,Tuscan Grand Prix,giovinazzi,alfa,17,17,Collision,0.0,5,giovinazzi_2020_9,0,6.0,135.7092,130.612,52.345749999999995,40.379200000000004,44.5006,SOFT,SOFT,6.0,1.0,0.0,0.0
2020,9,Tuscan Grand Prix,sainz,mclaren,9,18,Collision,0.0,5,sainz_2020_9,0,6.0,135.89079999999998,134.103,51.0875,39.995,45.0986,SOFT,SOFT,9.0,1.0,0.0,0.0
2020,9,Tuscan Grand Prix,max_verstappen,red_bull,3,19,Collision,0.0,0,max_verstappen_2020_9,0,1.0,,,,,,SOFT,SOFT,4.0,1.0,0.0,0.0
2020,9,Tuscan Grand Prix,gasly,alphatauri,16,20,Collision,0.0,0,gasly_2020_9,0,1.0,,,,,,SOFT,SOFT,1.0,1.0,0.0,0.0
2020,10,Russian Grand Prix,bottas,mercedes,3,1,Finished,26.0,53,bottas_2020_10,0,53.0,100.73569387755101,97.03,38.715826923076925,36.54701886792453,31.17337735849057,MEDIUM,HARD,29.0,2.0,1.0,1.0
2020,10,Russian Grand Prix,max_verstappen,red_bull,2,2,Finished,18.0,53,max_verstappen_2020_10,0,53.0,100.90167346938775,97.332,39.094692307692306,36.47433962264151,31.004396226415093,MEDIUM,HARD,28.0,2.0,1.0,1.0
2020,10,Russian Grand Prix,hamilton,mercedes,1,3,Finished,15.0,53,hamilton_2020_10,0,53.0,101.18738775510204,98.075,39.30921153846154,36.42798113207547,31.152924528301888,SOFT,HARD,37.0,2.0,1.0,1.0
2020,10,Russian Grand Prix,perez,racing_point,4,4,Finished,12.0,53,perez_2020_10,0,53.0,101.41404081632653,98.141,39.20486538461539,36.74841509433962,31.03033962264151,SOFT,HARD,33.0,2.0,1.0,1.0
2020,10,Russian Grand Prix,ricciardo,renault,5,5,Finished,10.0,53,ricciardo_2020_10,0,53.0,101.73044897959184,97.886,39.23303846153846,36.764226415094335,31.322415094339622,SOFT,HARD,38.0,2.0,1.0,1.0
2020,10,Russian Grand Prix,leclerc,ferrari,10,6,Finished,8.0,53,leclerc_2020_10,0,53.0,102.11871428571429,99.053,39.29732692307692,36.93220754716981,31.33443396226415,MEDIUM,MEDIUM,28.0,2.0,1.0,1.0
2020,10,Russian Grand Prix,ocon,renault,7,7,Finished,6.0,53,ocon_2020_10,0,53.0,102.14138775510204,99.216,39.227634615384616,36.7796037735849,31.695886792452832,SOFT,HARD,35.0,2.0,1.0,1.0
2020,10,Russian Grand Prix,kvyat,alphatauri,11,8,Finished,4.0,53,kvyat_2020_10,0,53.0,102.31573469387756,99.133,39.08148076923077,36.79433962264151,31.786641509433963,HARD,HARD,30.0,2.0,1.0,1.0
2020,10,Russian Grand Prix,gasly,alphatauri,9,9,Finished,2.0,53,gasly_2020_10,0,53.0,102.66793877551021,97.231,39.52040384615385,36.82649056603774,31.741603773584906,SOFT,HARD,24.0,3.0,2.0,2.0
2020,10,Russian Grand Prix,albon,red_bull,15,10,Finished,1.0,53,albon_2020_10,0,53.0,103.01551020408164,98.377,39.23746153846154,37.33483018867925,31.51332075471698,SOFT,HARD,26.0,3.0,2.0,2.0
2020,10,Russian Grand Prix,giovinazzi,alfa,17,11,+1 Lap,0.0,52,giovinazzi_2020_10,0,52.0,103.28502083333332,99.766,39.50262745098039,37.53996153846154,31.601288461538463,MEDIUM,HARD,36.0,2.0,1.0,1.0
2020,10,Russian Grand Prix,kevin_magnussen,haas,18,12,+1 Lap,0.0,52,kevin_magnussen_2020_10,0,52.0,103.27185416666667,100.38,39.546254901960786,37.58759615384616,31.567788461538463,MEDIUM,HARD,33.0,2.0,1.0,1.0
2020,10,Russian Grand Prix,vettel,ferrari,14,13,+1 Lap,0.0,52,vettel_2020_10,0,52.0,103.36389583333333,99.588,39.564882352941176,37.53151923076923,31.602576923076924,MEDIUM,MEDIUM,30.0,2.0,1.0,1.0
2020,10,Russian Grand Prix,raikkonen,alfa,19,14,+1 Lap,0.0,52,raikkonen_2020_10,0,52.0,103.474125,98.858,39.64280392156863,37.66032692307692,31.40071153846154,HARD,HARD,35.0,2.0,1.0,1.0
2020,10,Russian Grand Prix,norris,mclaren,8,15,+1 Lap,0.0,52,norris_2020_10,0,52.0,103.77852083333333,97.377,39.72670588235294,37.46361538461538,31.68696153846154,SOFT,HARD,46.0,3.0,2.0,2.0
2020,10,Russian Grand Prix,latifi,williams,20,16,+1 Lap,0.0,52,latifi_2020_10,0,52.0,104.24604166666667,101.044,39.85786274509804,37.82380769230769,31.752942307692308,MEDIUM,HARD,35.0,2.0,1.0,1.0
2020,10,Russian Grand Prix,grosjean,haas,16,17,+1 Lap,0.0,52,grosjean_2020_10,0,52.0,104.13639583333334,99.614,40.07094117647059,37.56419230769231,31.84875,MEDIUM,MEDIUM,25.0,3.0,2.0,2.0
2020,10,Russian Grand Prix,russell,williams,13,18,+1 Lap,0.0,52,russell_2020_10,0,52.0,104.85075,97.352,40.21945098039216,37.58396153846154,32.1875,MEDIUM,MEDIUM,38.0,4.0,3.0,3.0
2020,10,Russian Grand Prix,sainz,mclaren,6,19,Accident,0.0,0,sainz_2020_10,0,1.0,,,,,,SOFT,SOFT,4.0,1.0,0.0,0.0
2020,10,Russian Grand Prix,stroll,racing_point,12,20,Collision,0.0,0,stroll_2020_10,0,1.0,,,,,,MEDIUM,MEDIUM,1.0,1.0,0.0,0.0
2020,11,Eifel Grand Prix,hamilton,mercedes,2,1,Finished,25.0,60,hamilton_2020_11,0,60.0,92.57838596491227,88.145,31.463677966101695,39.74095,24.608,SOFT,SOFT,29.0,3.0,2.0,2.0
2020,11,Eifel Grand Prix,max_verstappen,red_bull,3,2,Finished,19.0,60,max_verstappen_2020_11,0,60.0,92.85242105263157,88.139,31.308254237288136,39.7407,24.8295,SOFT,SOFT,29.0,3.0,2.0,2.0
2020,11,Eifel Grand Prix,ricciardo,renault,6,3,Finished,15.0,60,ricciardo_2020_11,0,60.0,96.0709,89.584,31.475271186440676,39.840466666666664,24.71238333333333,SOFT,SOFT,28.0,3.0,2.0,2.0
2020,11,Eifel Grand Prix,perez,racing_point,9,4,Finished,12.0,60,perez_2020_11,0,60.0,96.09518333333334,89.7,31.514610169491526,39.89136666666666,24.635116666666665,SOFT,SOFT,31.0,3.0,2.0,2.0
2020,11,Eifel Grand Prix,sainz,mclaren,10,5,Finished,10.0,60,sainz_2020_11,0,60.0,96.19243333333334,90.129,31.485118644067796,39.94206666666666,24.707533333333334,SOFT,SOFT,31.0,3.0,2.0,2.0
2020,11,Eifel Grand Prix,gasly,alphatauri,12,6,Finished,8.0,60,gasly_2020_11,0,60.0,96.20678333333333,90.11,31.54622033898305,40.0344,24.542066666666667,MEDIUM,MEDIUM,30.0,3.0,2.0,2.0
2020,11,Eifel Grand Prix,leclerc,ferrari,4,7,Finished,6.0,60,leclerc_2020_11,0,60.0,96.34091666666667,90.712,31.557813559322035,40.03995,24.712566666666664,SOFT,MEDIUM,30.0,3.0,2.0,2.0
2020,11,Eifel Grand Prix,hulkenberg,racing_point,20,8,Finished,4.0,60,hulkenberg_2020_11,0,60.0,96.37061666666666,90.733,31.5605593220339,40.197633333333336,24.51425,SOFT,SOFT,29.0,3.0,2.0,2.0
2020,11,Eifel Grand Prix,grosjean,haas,16,9,Finished,2.0,60,grosjean_2020_11,0,60.0,96.47869999999999,91.562,31.704203389830507,39.98863333333334,24.6783,MEDIUM,HARD,32.0,2.0,1.0,1.0
2020,11,Eifel Grand Prix,giovinazzi,alfa,14,10,Finished,1.0,60,giovinazzi_2020_11,0,60.0,96.4946,90.909,31.73028813559322,40.0411,24.6547,SOFT,MEDIUM,24.0,3.0,2.0,2.0
2020,11,Eifel Grand Prix,vettel,ferrari,11,11,Finished,0.0,60,vettel_2020_11,0,60.0,96.50751666666666,90.408,31.831050847457625,39.8303,24.77508333333333,MEDIUM,HARD,30.0,3.0,2.0,2.0
2020,11,Eifel Grand Prix,raikkonen,alfa,19,12,Finished,0.0,60,raikkonen_2020_11,0,60.0,96.51861666666667,90.512,31.891237288135596,39.88995,24.64043333333333,SOFT,MEDIUM,34.0,3.0,2.0,2.0
2020,11,Eifel Grand Prix,kevin_magnussen,haas,15,13,Finished,0.0,60,kevin_magnussen_2020_11,0,60.0,96.65376666666666,90.456,31.76193220338983,39.95223333333333,24.85335,SOFT,MEDIUM,26.0,3.0,2.0,2.0
2020,11,Eifel Grand Prix,latifi,williams,18,14,Finished,0.0,60,latifi_2020_11,0,60.0,96.73483333333334,91.377,31.858203389830507,39.893950000000004,24.887600000000003,SOFT,MEDIUM,27.0,3.0,2.0,2.0
2020,11,Eifel Grand Prix,kvyat,alphatauri,13,15,Finished,0.0,60,kvyat_2020_11,0,60.0,96.75381666666667,92.214,31.92779661016949,40.00246666666667,24.7396,MEDIUM,HARD,27.0,3.0,2.0,2.0
2020,11,Eifel Grand Prix,norris,mclaren,8,16,Power Unit,0.0,42,norris_2020_11,0,43.0,94.6559761904762,92.328,30.99965853658537,39.34395238095238,24.230309523809524,SOFT,SOFT,32.0,2.0,1.0,1.0
2020,11,Eifel Grand Prix,albon,red_bull,5,17,Radiator,0.0,23,albon_2020_11,0,23.0,95.93630434782608,92.33,31.69363636363636,39.536130434782606,24.591347826086956,SOFT,MEDIUM,16.0,2.0,2.0,1.0
2020,11,Eifel Grand Prix,ocon,renault,7,18,Gearbox,0.0,22,ocon_2020_11,0,22.0,95.92459090909091,93.189,30.64633333333333,40.276318181818176,24.815454545454543,SOFT,SOFT,25.0,1.0,1.0,0.0
2020,11,Eifel Grand Prix,bottas,mercedes,1,19,Power Unit,0.0,18,bottas_2020_11,0,18.0,96.65427777777778,91.884,31.742058823529412,39.690777777777775,25.233111111111114,SOFT,SOFT,16.0,2.0,2.0,1.0
2020,11,Eifel Grand Prix,russell,williams,17,20,Collision,0.0,12,russell_2020_11,0,13.0,98.12108333333333,94.526,33.211181818181814,39.9975,24.58375,SOFT,SOFT,11.0,2.0,1.0,1.0
2020,12,Portuguese Grand Prix,hamilton,mercedes,1,1,Finished,26.0,66,hamilton_2020_12,0,66.0,81.77012121212123,78.75,23.89027692307692,31.363469696969698,26.457272727272727,MEDIUM,MEDIUM,45.0,2.0,1.0,1.0
2020,12,Portuguese Grand Prix,bottas,mercedes,2,2,Finished,18.0,66,bottas_2020_12,0,66.0,82.15787878787879,79.345,24.096661538461536,31.419272727272727,26.576772727272726,MEDIUM,MEDIUM,44.0,2.0,1.0,1.0
2020,12,Portuguese Grand Prix,max_verstappen,red_bull,3,3,Finished,15.0,66,max_verstappen_2020_12,0,66.0,82.2929696969697,79.854,24.20223076923077,31.413363636363638,26.595060606060603,SOFT,MEDIUM,43.0,2.0,1.0,1.0
2020,12,Portuguese Grand Prix,leclerc,ferrari,4,4,Finished,12.0,66,leclerc_2020_12,0,66.0,82.75969696969698,80.408,24.310138461538465,31.63172727272727,26.732075757575757,MEDIUM,MEDIUM,39.0,2.0,1.0,1.0
2020,12,Portuguese Grand Prix,gasly,alphatauri,9,5,+1 Lap,10.0,65,gasly_2020_12,0,65.0,83.29021538461538,80.551,24.495296875,31.953415384615386,26.730353846153847,SOFT,MEDIUM,37.0,2.0,1.0,1.0
2020,12,Portuguese Grand Prix,sainz,mclaren,7,6,+1 Lap,8.0,65,sainz_2020_12,0,65.0,83.312,80.268,24.502671875,31.83266153846154,26.895984615384616,SOFT,MEDIUM,39.0,2.0,1.0,1.0
2020,12,Portuguese Grand Prix,perez,racing_point,5,7,+1 Lap,6.0,65,perez_2020_12,0,65.0,83.3367076923077,80.802,24.714078125,31.58078461538462,26.813553846153848,SOFT,MEDIUM,44.0,3.0,2.0,2.0
2020,12,Portuguese Grand Prix,ocon,renault,11,8,+1 Lap,4.0,65,ocon_2020_12,0,65.0,83.36087692307693,80.859,24.477828125,31.90949230769231,26.858523076923078,MEDIUM,MEDIUM,53.0,2.0,1.0,1.0
2020,12,Portuguese Grand Prix,ricciardo,renault,10,9,+1 Lap,2.0,65,ricciardo_2020_12,0,65.0,83.37155384615384,80.906,24.591578125,31.86532307692308,26.813492307692307,SOFT,MEDIUM,51.0,2.0,1.0,1.0
2020,12,Portuguese Grand Prix,vettel,ferrari,15,10,+1 Lap,1.0,65,vettel_2020_12,0,65.0,83.38909230769231,80.731,24.402828125,31.96275384615385,26.897907692307694,MEDIUM,HARD,38.0,2.0,1.0,1.0
2020,12,Portuguese Grand Prix,raikkonen,alfa,16,11,+1 Lap,0.0,65,raikkonen_2020_12,0,65.0,83.48938461538462,81.058,24.557953125,31.936861538461542,26.872476923076924,SOFT,MEDIUM,54.0,2.0,1.0,1.0
2020,12,Portuguese Grand Prix,albon,red_bull,6,12,+1 Lap,0.0,65,albon_2020_12,0,65.0,83.58536923076923,79.89,24.75115625,31.87709230769231,26.86570769230769,SOFT,SOFT,32.0,3.0,2.0,2.0
2020,12,Portuguese Grand Prix,norris,mclaren,8,13,+1 Lap,0.0,65,norris_2020_12,0,65.0,83.80673846153846,79.36,24.955515625,31.851061538461536,26.9182,SOFT,HARD,25.0,3.0,2.0,2.0
2020,12,Portuguese Grand Prix,russell,williams,14,14,+1 Lap,0.0,65,russell_2020_12,0,65.0,83.9237076923077,80.882,24.557671875,32.28430769230769,26.94713846153846,MEDIUM,MEDIUM,36.0,2.0,1.0,1.0
2020,12,Portuguese Grand Prix,giovinazzi,alfa,17,15,+1 Lap,0.0,65,giovinazzi_2020_12,0,65.0,84.11724615384615,81.893,24.722375,32.21173846153846,27.060723076923075,MEDIUM,HARD,37.0,2.0,1.0,1.0
2020,12,Portuguese Grand Prix,kevin_magnussen,haas,19,16,+1 Lap,0.0,65,kevin_magnussen_2020_12,0,65.0,84.16730769230769,81.46,24.802078125,32.183092307692306,27.034676923076923,HARD,MEDIUM,34.0,2.0,1.0,1.0
2020,12,Portuguese Grand Prix,grosjean,haas,18,17,+1 Lap,0.0,65,grosjean_2020_12,0,65.0,84.13033846153846,81.664,24.72134375,32.22163076923077,27.050907692307693,MEDIUM,HARD,39.0,2.0,1.0,1.0
2020,12,Portuguese Grand Prix,latifi,williams,20,18,+2 Laps,0.0,64,latifi_2020_12,0,64.0,84.39184375,81.859,24.611619047619048,32.382140625,27.237796875,MEDIUM,HARD,40.0,2.0,1.0,1.0
2020,12,Portuguese Grand Prix,kvyat,alphatauri,13,19,+2 Laps,0.0,64,kvyat_2020_12,0,64.0,84.815140625,80.449,25.090412698412695,32.449859375,27.121640625,MEDIUM,HARD,31.0,3.0,2.0,2.0
2020,12,Portuguese Grand Prix,stroll,racing_point,12,20,Collision damage,0.0,51,stroll_2020_12,0,51.0,85.38225490196078,81.694,25.69542,32.17764705882353,27.37892156862745,MEDIUM,MEDIUM,18.0,3.0,3.0,2.0
2020,13,Emilia Romagna Grand Prix,hamilton,mercedes,2,1,Finished,26.0,63,hamilton_2020_13,0,63.0,84.32428571428572,75.484,27.29987096774194,29.18042857142857,27.813603174603177,MEDIUM,MEDIUM,33.0,3.0,2.0,2.0
2020,13,Emilia Romagna Grand Prix,bottas,mercedes,1,2,Finished,18.0,63,bottas_2020_13,0,63.0,84.41607936507936,75.902,27.40075806451613,29.099555555555554,27.911920634920634,MEDIUM,HARD,32.0,3.0,2.0,2.0
2020,13,Emilia Romagna Grand Prix,ricciardo,renault,5,3,Finished,15.0,63,ricciardo_2020_13,0,63.0,84.5515873015873,77.552,27.349564516129032,29.388412698412697,27.774301587301586,SOFT,HARD,49.0,2.0,1.0,1.0
2020,13,Emilia Romagna Grand Prix,kvyat,alphatauri,8,4,Finished,12.0,63,kvyat_2020_13,0,63.0,84.56461904761905,77.666,27.347532258064515,29.315587301587303,27.836396825396825,SOFT,HARD,37.0,3.0,2.0,2.0
2020,13,Emilia Romagna Grand Prix,leclerc,ferrari,7,5,Finished,10.0,63,leclerc_2020_13,0,63.0,84.62763492063492,78.173,27.31435483870968,29.465095238095238,27.79368253968254,SOFT,HARD,50.0,2.0,1.0,1.0
2020,13,Emilia Romagna Grand Prix,perez,racing_point,11,6,Finished,8.0,63,perez_2020_13,0,63.0,84.63622222222223,78.084,27.299951612903225,29.287825396825397,27.972238095238094,MEDIUM,MEDIUM,27.0,3.0,2.0,2.0
2020,13,Emilia Romagna Grand Prix,sainz,mclaren,10,7,Finished,6.0,63,sainz_2020_13,0,63.0,84.64539682539683,78.118,27.344516129032257,29.39352380952381,27.83663492063492,SOFT,MEDIUM,34.0,3.0,2.0,2.0
2020,13,Emilia Romagna Grand Prix,norris,mclaren,9,8,Finished,4.0,63,norris_2020_13,0,63.0,84.6596984126984,78.069,27.472693548387095,29.183968253968253,27.937285714285714,SOFT,MEDIUM,40.0,3.0,2.0,2.0
2020,13,Emilia Romagna Grand Prix,raikkonen,alfa,18,9,Finished,2.0,63,raikkonen_2020_13,0,63.0,84.67704761904763,78.088,27.209758064516127,29.54036507936508,27.827666666666666,MEDIUM,MEDIUM,48.0,2.0,1.0,1.0
2020,13,Emilia Romagna Grand Prix,giovinazzi,alfa,20,10,Finished,1.0,63,giovinazzi_2020_13,0,63.0,84.74330158730159,78.794,27.315322580645162,29.40077777777778,27.92463492063492,SOFT,MEDIUM,53.0,2.0,1.0,1.0
2020,13,Emilia Romagna Grand Prix,latifi,williams,19,11,Finished,0.0,63,latifi_2020_13,0,63.0,84.755,78.719,27.166370967741937,29.427571428571426,28.037031746031747,MEDIUM,MEDIUM,34.0,2.0,1.0,1.0
2020,13,Emilia Romagna Grand Prix,vettel,ferrari,14,12,Finished,0.0,63,vettel_2020_13,0,63.0,84.77592063492064,77.767,27.423774193548386,29.390206349206352,27.86793650793651,MEDIUM,MEDIUM,39.0,3.0,2.0,2.0
2020,13,Emilia Romagna Grand Prix,stroll,racing_point,15,13,Finished,0.0,63,stroll_2020_13,0,63.0,84.78719047619047,78.36,27.67732258064516,28.936873015873015,28.058984126984125,MEDIUM,HARD,28.0,4.0,3.0,3.0
2020,13,Emilia Romagna Grand Prix,grosjean,haas,16,14,Finished,0.0,63,grosjean_2020_13,0,63.0,84.76769841269841,78.822,27.349370967741937,29.261777777777777,28.047682539682537,MEDIUM,HARD,41.0,3.0,2.0,2.0
2020,13,Emilia Romagna Grand Prix,albon,red_bull,6,15,Finished,0.0,63,albon_2020_13,0,63.0,85.23355555555555,76.177,27.64083606557377,29.416919354838708,27.989015873015873,SOFT,HARD,45.0,3.0,2.0,2.0
2020,13,Emilia Romagna Grand Prix,russell,williams,13,16,Accident,0.0,51,russell_2020_13,0,52.0,82.04213725490197,78.811,26.44202,28.039235294117645,27.43805882352941,MEDIUM,HARD,41.0,2.0,1.0,1.0
2020,13,Emilia Romagna Grand Prix,max_verstappen,red_bull,3,17,Puncture,0.0,50,max_verstappen_2020_13,0,51.0,79.67296,77.637,25.628999999999998,27.481579999999997,26.506680000000003,MEDIUM,HARD,33.0,2.0,1.0,1.0
2020,13,Emilia Romagna Grand Prix,kevin_magnussen,haas,17,18,Illness,0.0,47,kevin_magnussen_2020_13,0,47.0,82.02065957446808,79.273,26.421652173913042,28.250851063829785,27.2018085106383,MEDIUM,MEDIUM,27.0,2.0,2.0,1.0
2020,13,Emilia Romagna Grand Prix,ocon,renault,12,19,Gearbox,0.0,27,ocon_2020_13,0,28.0,82.16651851851852,79.606,26.647961538461537,28.07274074074074,27.237222222222222,MEDIUM,HARD,15.0,2.0,1.0,1.0
2020,13,Emilia Romagna Grand Prix,gasly,alphatauri,4,20,Water pressure,0.0,8,gasly_2020_13,0,8.0,82.098375,80.403,25.714857142857145,28.207124999999998,27.60025,SOFT,SOFT,11.0,1.0,1.0,0.0
2020,14,Turkish Grand Prix,hamilton,mercedes,6,1,Finished,25.0,58,hamilton_2020_14,0,58.0,105.85022413793104,99.413,40.2249298245614,36.46760344827587,28.96356896551724,WET,INTERMEDIATE,53.0,2.0,1.0,1.0
2020,14,Turkish Grand Prix,perez,racing_point,3,2,Finished,18.0,58,perez_2020_14,0,58.0,106.39562068965517,100.392,40.444175438596496,36.54158620689655,29.25341379310345,WET,INTERMEDIATE,48.0,2.0,1.0,1.0
2020,14,Turkish Grand Prix,vettel,ferrari,11,3,Finished,15.0,58,vettel_2020_14,0,58.0,106.40125862068966,99.662,40.587298245614036,36.69006896551724,28.909189655172412,WET,INTERMEDIATE,25.0,3.0,2.0,2.0
2020,14,Turkish Grand Prix,leclerc,ferrari,12,4,Finished,12.0,58,leclerc_2020_14,0,58.0,106.4339827586207,99.961,40.44661403508772,36.585379310344834,29.070310344827586,WET,INTERMEDIATE,28.0,3.0,2.0,2.0
2020,14,Turkish Grand Prix,sainz,mclaren,15,5,Finished,10.0,58,sainz_2020_14,0,58.0,106.44268965517242,98.754,40.55419298245614,36.4286551724138,29.17748275862069,WET,INTERMEDIATE,25.0,3.0,2.0,2.0
2020,14,Turkish Grand Prix,max_verstappen,red_bull,2,6,Finished,8.0,58,max_verstappen_2020_14,0,58.0,106.62389655172413,98.431,40.85842105263158,36.10777586206897,29.44141379310345,WET,INTERMEDIATE,33.0,4.0,3.0,3.0
2020,14,Turkish Grand Prix,albon,red_bull,4,7,Finished,6.0,58,albon_2020_14,0,58.0,106.65167241379311,99.099,40.65252631578947,36.50810344827586,29.25151724137931,WET,INTERMEDIATE,24.0,3.0,2.0,2.0
2020,14,Turkish Grand Prix,norris,mclaren,14,8,Finished,5.0,58,norris_2020_14,0,58.0,106.90641379310345,96.806,40.44019298245614,36.93798275862069,29.18046551724138,WET,INTERMEDIATE,27.0,3.0,2.0,2.0
2020,14,Turkish Grand Prix,stroll,racing_point,1,9,Finished,2.0,58,stroll_2020_14,0,58.0,107.09768965517242,99.921,40.82282456140351,36.754413793103446,29.408396551724135,WET,INTERMEDIATE,27.0,3.0,2.0,2.0
2020,14,Turkish Grand Prix,ricciardo,renault,5,10,Finished,1.0,58,ricciardo_2020_14,0,58.0,107.49608620689655,100.677,40.5640350877193,37.287965517241375,29.384068965517244,WET,INTERMEDIATE,26.0,3.0,2.0,2.0
2020,14,Turkish Grand Prix,ocon,renault,7,11,+1 Lap,0.0,57,ocon_2020_14,0,57.0,107.776350877193,101.006,40.945125000000004,37.058807017543856,29.457333333333334,WET,INTERMEDIATE,47.0,3.0,2.0,2.0
2020,14,Turkish Grand Prix,kvyat,alphatauri,16,12,+1 Lap,0.0,57,kvyat_2020_14,0,57.0,107.93336842105263,101.019,40.90282142857143,37.311701754385965,29.41138596491228,WET,INTERMEDIATE,49.0,2.0,1.0,1.0
2020,14,Turkish Grand Prix,gasly,alphatauri,19,13,+1 Lap,0.0,57,gasly_2020_14,0,57.0,107.95812280701755,99.586,40.99251785714286,37.298807017543865,29.353684210526318,WET,INTERMEDIATE,24.0,3.0,2.0,2.0
2020,14,Turkish Grand Prix,bottas,mercedes,9,14,+1 Lap,0.0,57,bottas_2020_14,0,57.0,108.62328070175438,98.193,41.568125,37.476122807017546,29.244122807017543,WET,INTERMEDIATE,42.0,3.0,2.0,2.0
2020,14,Turkish Grand Prix,raikkonen,alfa,8,15,+1 Lap,0.0,57,raikkonen_2020_14,0,57.0,109.1520701754386,99.743,42.043107142857146,37.326824561403505,29.530508771929824,WET,INTERMEDIATE,23.0,4.0,3.0,3.0
2020,14,Turkish Grand Prix,russell,williams,0,16,+1 Lap,0.0,57,russell_2020_14,1,57.0,109.43236842105263,100.814,41.173785714285714,37.920614035087716,29.92159649122807,INTERMEDIATE,INTERMEDIATE,32.0,3.0,2.0,3.0
2020,14,Turkish Grand Prix,kevin_magnussen,haas,13,17,Withdrew,0.0,55,kevin_magnussen_2020_14,0,55.0,108.31498148148148,100.948,40.90735849056604,37.284836363636366,29.81027272727273,WET,INTERMEDIATE,26.0,3.0,3.0,2.0
2020,14,Turkish Grand Prix,grosjean,haas,17,18,Collision damage,0.0,49,grosjean_2020_14,0,49.0,111.80373469387754,103.281,42.57639583333333,38.683795918367345,30.18461224489796,WET,INTERMEDIATE,28.0,3.0,3.0,2.0
2020,14,Turkish Grand Prix,latifi,williams,0,19,Collision damage,0.0,39,latifi_2020_14,1,39.0,116.40438461538461,103.495,43.88144736842105,40.956051282051284,31.051102564102564,INTERMEDIATE,INTERMEDIATE,30.0,3.0,3.0,3.0
2020,14,Turkish Grand Prix,giovinazzi,alfa,10,20,Gearbox,0.0,11,giovinazzi_2020_14,0,12.0,121.19572727272727,111.122,46.579899999999995,42.39863636363636,31.196818181818184,WET,WET,19.0,2.0,1.0,1.0
2020,15,Bahrain Grand Prix,hamilton,mercedes,1,1,Finished,25.0,57,hamilton_2020_15,0,57.0,100.76845283018868,92.864,34.011,45.434736842105266,25.923912280701753,MEDIUM,MEDIUM,22.0,4.0,3.0,3.0
2020,15,Bahrain Grand Prix,max_verstappen,red_bull,3,2,Finished,19.0,57,max_verstappen_2020_15,0,57.0,101.8662962962963,92.014,34.3262,45.051649122807014,26.020298245614033,MEDIUM,MEDIUM,20.0,5.0,4.0,4.0
2020,15,Bahrain Grand Prix,albon,red_bull,4,3,Finished,15.0,57,albon_2020_15,0,57.0,102.02696296296297,93.684,33.79472727272727,45.469701754385966,26.2590701754386,MEDIUM,MEDIUM,23.0,4.0,3.0,3.0
2020,15,Bahrain Grand Prix,norris,mclaren,9,4,Finished,12.0,57,norris_2020_15,0,57.0,102.47509259259259,93.588,33.65301818181818,45.545298245614035,26.552456140350877,MEDIUM,MEDIUM,21.0,4.0,3.0,3.0
2020,15,Bahrain Grand Prix,sainz,mclaren,15,5,Finished,10.0,57,sainz_2020_15,0,57.0,102.69513207547169,93.411,33.232018181818184,45.67466666666667,26.85,SOFT,SOFT,20.0,4.0,3.0,3.0
2020,15,Bahrain Grand Prix,gasly,alphatauri,8,6,Finished,8.0,57,gasly_2020_15,0,57.0,102.18788888888888,94.817,33.22114545454546,45.74068421052632,26.580157894736843,MEDIUM,HARD,32.0,3.0,2.0,2.0
2020,15,Bahrain Grand Prix,ricciardo,renault,6,7,Finished,6.0,57,ricciardo_2020_15,0,57.0,102.21514814814816,92.827,33.686127272727276,45.68119298245614,26.34873684210526,MEDIUM,HARD,21.0,4.0,3.0,3.0
2020,15,Bahrain Grand Prix,bottas,mercedes,2,8,Finished,4.0,57,bottas_2020_15,0,57.0,102.1415,93.352,34.02561818181818,45.676719298245615,26.13845614035088,MEDIUM,MEDIUM,34.0,5.0,4.0,4.0
2020,15,Bahrain Grand Prix,ocon,renault,7,9,Finished,2.0,57,ocon_2020_15,0,57.0,102.49724074074074,94.354,33.64816363636364,45.70345614035088,26.40977192982456,MEDIUM,MEDIUM,37.0,4.0,3.0,3.0
2020,15,Bahrain Grand Prix,leclerc,ferrari,12,10,+1 Lap,1.0,56,leclerc_2020_15,0,56.0,102.2583137254902,93.625,34.019703703703705,46.33264285714286,27.032839285714285,HARD,HARD,24.0,4.0,3.0,3.0
2020,15,Bahrain Grand Prix,kvyat,alphatauri,10,11,+1 Lap,0.0,56,kvyat_2020_15,0,56.0,104.56616981132075,94.141,33.88238888888889,46.41005357142858,27.22003571428571,MEDIUM,HARD,23.0,4.0,3.0,3.0
2020,15,Bahrain Grand Prix,russell,williams,14,12,+1 Lap,0.0,56,russell_2020_15,0,56.0,104.40686792452831,95.042,33.653666666666666,46.659464285714286,27.10469642857143,MEDIUM,MEDIUM,19.0,4.0,3.0,3.0
2020,15,Bahrain Grand Prix,vettel,ferrari,11,13,+1 Lap,0.0,56,vettel_2020_15,0,56.0,104.3148679245283,93.861,33.908462962962965,46.51251785714286,27.261214285714285,MEDIUM,HARD,22.0,4.0,3.0,3.0
2020,15,Bahrain Grand Prix,latifi,williams,20,14,+1 Lap,0.0,56,latifi_2020_15,0,56.0,104.4302641509434,94.591,33.489111111111114,46.557678571428575,27.35755357142857,HARD,MEDIUM,20.0,4.0,3.0,3.0
2020,15,Bahrain Grand Prix,raikkonen,alfa,17,15,+1 Lap,0.0,56,raikkonen_2020_15,0,56.0,104.54796226415095,93.573,33.7855,46.28017857142857,27.472535714285716,MEDIUM,MEDIUM,23.0,4.0,3.0,3.0
2020,15,Bahrain Grand Prix,giovinazzi,alfa,16,16,+1 Lap,0.0,56,giovinazzi_2020_15,0,56.0,104.14988679245282,94.536,33.76888888888889,46.65239285714286,27.130892857142857,MEDIUM,HARD,33.0,4.0,3.0,3.0
2020,15,Bahrain Grand Prix,kevin_magnussen,haas,18,17,+1 Lap,0.0,56,kevin_magnussen_2020_15,0,56.0,105.33368518518519,95.241,33.947981481481484,46.619875,27.255571428571425,MEDIUM,HARD,28.0,5.0,4.0,4.0
2020,15,Bahrain Grand Prix,perez,racing_point,5,18,Engine,0.0,53,perez_2020_15,0,54.0,100.39294,93.629,33.70590196078431,44.873867924528305,25.68569811320755,MEDIUM,HARD,24.0,4.0,3.0,3.0
2020,15,Bahrain Grand Prix,stroll,racing_point,13,19,Collision,0.0,2,stroll_2020_15,0,3.0,165.807,165.807,,79.062,55.785,MEDIUM,MEDIUM,7.0,2.0,1.0,1.0
2020,15,Bahrain Grand Prix,grosjean,haas,19,20,Collision,0.0,0,grosjean_2020_15,0,1.0,,,,,,HARD,HARD,1.0,1.0,0.0,0.0
2020,16,Sakhir Grand Prix,perez,racing_point,5,1,Finished,25.0,87,perez_2020_16,0,87.0,62.93234482758621,56.789,21.96789534883721,22.305,18.646574712643677,SOFT,MEDIUM,46.0,3.0,2.0,2.0
2020,16,Sakhir Grand Prix,ocon,renault,11,2,Finished,18.0,87,ocon_2020_16,0,87.0,63.05324137931034,57.35,21.899476744186046,22.572459770114943,18.55512643678161,MEDIUM,HARD,46.0,2.0,1.0,1.0
2020,16,Sakhir Grand Prix,stroll,racing_point,10,3,Finished,15.0,87,stroll_2020_16,0,87.0,63.06877011494253,57.388,21.90643023255814,22.72586206896552,18.413425287356322,SOFT,MEDIUM,45.0,2.0,1.0,1.0
2020,16,Sakhir Grand Prix,sainz,mclaren,8,4,Finished,12.0,87,sainz_2020_16,0,87.0,63.076942528735636,57.165,22.090965116279072,22.404298850574712,18.565045977011497,SOFT,MEDIUM,32.0,3.0,2.0,2.0
2020,16,Sakhir Grand Prix,ricciardo,renault,7,5,Finished,10.0,87,ricciardo_2020_16,0,87.0,63.08556321839081,56.979,22.07603488372093,22.405954022988507,18.588620689655173,SOFT,HARD,32.0,3.0,2.0,2.0
2020,16,Sakhir Grand Prix,albon,red_bull,12,6,Finished,8.0,87,albon_2020_16,0,87.0,63.09144827586207,57.056,21.91822093023256,22.40113793103448,18.738390804597703,MEDIUM,MEDIUM,47.0,3.0,2.0,2.0
2020,16,Sakhir Grand Prix,kvyat,alphatauri,6,7,Finished,6.0,87,kvyat_2020_16,0,87.0,63.09940229885058,57.001,22.035337209302327,22.413551724137932,18.63273563218391,SOFT,HARD,34.0,3.0,2.0,2.0
2020,16,Sakhir Grand Prix,bottas,mercedes,1,8,Finished,4.0,87,bottas_2020_16,0,87.0,63.109229885057466,56.563,22.27081395348837,22.333252873563218,18.49605747126437,MEDIUM,MEDIUM,53.0,3.0,2.0,2.0
2020,16,Sakhir Grand Prix,russell,mercedes,2,9,Finished,3.0,87,russell_2020_16,0,87.0,63.14563218390805,55.404,22.44410465116279,22.086275862068966,18.622218390804598,MEDIUM,MEDIUM,49.0,5.0,4.0,4.0
2020,16,Sakhir Grand Prix,norris,mclaren,19,10,Finished,1.0,87,norris_2020_16,0,87.0,63.1569540229885,57.27,21.944372093023254,22.35226436781609,18.82225287356322,SOFT,MEDIUM,34.0,3.0,2.0,2.0
2020,16,Sakhir Grand Prix,gasly,alphatauri,9,11,Finished,0.0,87,gasly_2020_16,0,87.0,63.168287356321834,57.22,22.02720930232558,22.454862068965518,18.66564367816092,SOFT,HARD,36.0,3.0,2.0,2.0
2020,16,Sakhir Grand Prix,vettel,ferrari,13,12,Finished,0.0,87,vettel_2020_16,0,87.0,63.192241379310346,56.905,22.217686046511627,22.25587356321839,18.687632183908047,MEDIUM,SOFT,33.0,4.0,3.0,3.0
2020,16,Sakhir Grand Prix,giovinazzi,alfa,14,13,Finished,0.0,87,giovinazzi_2020_16,0,87.0,63.209482758620695,56.887,21.95186046511628,22.593954022988505,18.627666666666666,MEDIUM,MEDIUM,33.0,3.0,2.0,2.0
2020,16,Sakhir Grand Prix,raikkonen,alfa,18,14,Finished,0.0,87,raikkonen_2020_16,0,87.0,63.2329540229885,57.375,22.226383720930233,22.346827586206896,18.589919540229886,MEDIUM,HARD,31.0,4.0,3.0,3.0
2020,16,Sakhir Grand Prix,kevin_magnussen,haas,15,15,Finished,0.0,87,kevin_magnussen_2020_16,0,87.0,63.30441379310345,57.516,22.131267441860466,22.41726436781609,18.724505747126436,SOFT,SOFT,36.0,3.0,2.0,2.0
2020,16,Sakhir Grand Prix,aitken,williams,17,16,Finished,0.0,87,aitken_2020_16,0,87.0,63.319402298850584,57.392,22.402872093023255,22.308406976744184,18.239151162790698,MEDIUM,MEDIUM,31.0,4.0,3.0,3.0
2020,16,Sakhir Grand Prix,pietro_fittipaldi,haas,20,17,Finished,0.0,87,pietro_fittipaldi_2020_16,0,87.0,63.355999999999995,57.742,22.287093023255814,22.305988505747127,18.70596551724138,SOFT,SOFT,31.0,4.0,3.0,3.0
2020,16,Sakhir Grand Prix,latifi,williams,16,18,Engine,0.0,52,latifi_2020_16,0,53.0,63.07011538461539,58.206,21.943921568627452,22.590384615384615,18.466730769230768,SOFT,SOFT,27.0,2.0,1.0,1.0
2020,16,Sakhir Grand Prix,max_verstappen,red_bull,3,19,Accident,0.0,0,max_verstappen_2020_16,0,1.0,,,,,,SOFT,SOFT,4.0,1.0,0.0,0.0
2020,16,Sakhir Grand Prix,leclerc,ferrari,4,20,Collision,0.0,0,leclerc_2020_16,0,1.0,,,,,,SOFT,SOFT,4.0,1.0,0.0,0.0
2020,17,Abu Dhabi Grand Prix,max_verstappen,red_bull,1,1,Finished,25.0,55,max_verstappen_2020_17,0,55.0,102.16655769230769,100.958,18.581333333333333,44.78416363636364,41.85296363636364,MEDIUM,HARD,45.0,2.0,1.0,1.0
2020,17,Abu Dhabi Grand Prix,bottas,mercedes,2,2,Finished,18.0,55,bottas_2020_17,0,55.0,102.55140384615385,101.131,18.500777777777778,45.00125454545454,41.99545454545454,MEDIUM,HARD,45.0,2.0,1.0,1.0
2020,17,Abu Dhabi Grand Prix,hamilton,mercedes,3,3,Finished,15.0,55,hamilton_2020_17,0,55.0,102.71515384615385,101.42,18.44211111111111,44.8759090909091,42.21443636363636,MEDIUM,HARD,45.0,2.0,1.0,1.0
2020,17,Abu Dhabi Grand Prix,albon,red_bull,5,4,Finished,12.0,55,albon_2020_17,0,55.0,103.70481132075471,101.227,18.58737037037037,44.75949090909091,42.20861818181818,SOFT,HARD,45.0,2.0,1.0,1.0
2020,17,Abu Dhabi Grand Prix,norris,mclaren,4,5,Finished,10.0,55,norris_2020_17,0,55.0,104.5402641509434,101.964,18.65451851851852,45.127818181818185,42.517981818181816,SOFT,HARD,45.0,2.0,1.0,1.0
2020,17,Abu Dhabi Grand Prix,sainz,mclaren,6,6,Finished,8.0,55,sainz_2020_17,0,55.0,105.49,101.947,18.65062962962963,45.28518181818182,42.445654545454545,MEDIUM,HARD,45.0,2.0,1.0,1.0
2020,17,Abu Dhabi Grand Prix,ricciardo,renault,11,7,Finished,7.0,55,ricciardo_2020_17,0,55.0,105.74912962962964,100.926,19.019000000000002,45.126836363636365,42.365345454545455,HARD,HARD,39.0,2.0,1.0,1.0
2020,17,Abu Dhabi Grand Prix,gasly,alphatauri,9,8,Finished,4.0,55,gasly_2020_17,0,55.0,105.92627777777778,102.474,18.836111111111112,45.08583636363636,42.87994545454546,SOFT,HARD,45.0,2.0,1.0,1.0
2020,17,Abu Dhabi Grand Prix,ocon,renault,10,9,Finished,2.0,55,ocon_2020_17,0,55.0,106.19277777777778,102.894,18.8655,45.34769090909091,42.79852727272727,MEDIUM,HARD,45.0,2.0,1.0,1.0
2020,17,Abu Dhabi Grand Prix,stroll,racing_point,8,10,Finished,1.0,55,stroll_2020_17,0,55.0,106.14994444444444,101.866,18.697092592592593,45.48418181818182,42.86458181818182,SOFT,HARD,45.0,2.0,1.0,1.0
2020,17,Abu Dhabi Grand Prix,kvyat,alphatauri,7,11,+1 Lap,0.0,54,kvyat_2020_17,0,54.0,106.22296226415094,102.704,18.871169811320755,45.1885925925926,43.123999999999995,SOFT,HARD,44.0,2.0,1.0,1.0
2020,17,Abu Dhabi Grand Prix,raikkonen,alfa,15,12,+1 Lap,0.0,54,raikkonen_2020_17,0,54.0,106.33733962264151,102.148,18.983641509433962,45.305537037037034,42.917,MEDIUM,HARD,44.0,2.0,1.0,1.0
2020,17,Abu Dhabi Grand Prix,leclerc,ferrari,12,13,+1 Lap,0.0,54,leclerc_2020_17,0,54.0,107.4577962962963,101.908,19.1351320754717,45.19953703703704,43.04351851851852,MEDIUM,HARD,32.0,2.0,1.0,1.0
2020,17,Abu Dhabi Grand Prix,vettel,ferrari,13,14,+1 Lap,0.0,54,vettel_2020_17,0,54.0,107.62733333333334,101.475,19.186905660377356,45.36446296296296,42.991814814814816,HARD,HARD,35.0,2.0,1.0,1.0
2020,17,Abu Dhabi Grand Prix,russell,williams,16,15,+1 Lap,0.0,54,russell_2020_17,0,54.0,106.89790566037736,103.328,19.00690566037736,45.411833333333334,43.27987037037037,MEDIUM,HARD,44.0,2.0,1.0,1.0
2020,17,Abu Dhabi Grand Prix,giovinazzi,alfa,14,16,+1 Lap,0.0,54,giovinazzi_2020_17,0,54.0,107.82187037037038,101.675,19.078603773584906,45.452333333333335,43.19405555555555,MEDIUM,HARD,27.0,2.0,1.0,1.0
2020,17,Abu Dhabi Grand Prix,latifi,williams,18,17,+1 Lap,0.0,54,latifi_2020_17,0,54.0,107.08262264150943,102.497,19.306173076923077,45.239703703703704,43.19966666666667,MEDIUM,MEDIUM,24.0,3.0,2.0,2.0
2020,17,Abu Dhabi Grand Prix,kevin_magnussen,haas,20,18,+1 Lap,0.0,54,kevin_magnussen_2020_17,0,54.0,108.89605555555555,101.999,19.519169811320758,45.85048148148148,43.42637037037037,HARD,HARD,31.0,3.0,2.0,2.0
2020,17,Abu Dhabi Grand Prix,pietro_fittipaldi,haas,17,19,+2 Laps,0.0,53,pietro_fittipaldi_2020_17,0,53.0,108.36032692307693,101.707,20.23476923076923,45.50643396226415,43.58066037735849,MEDIUM,HARD,24.0,4.0,3.0,3.0
2020,17,Abu Dhabi Grand Prix,perez,racing_point,19,20,Transmission,0.0,8,perez_2020_17,0,9.0,106.629375,103.263,18.40957142857143,44.46175,42.891375,HARD,HARD,9.0,1.0,0.0,0.0
2021,1,Bahrain Grand Prix,hamilton,mercedes,2,1,Finished,25.0,56,hamilton_2021_1,0,57.0,97.5862,94.015,32.000654545454545,42.09439285714286,24.533339285714284,MEDIUM,HARD,29.0,3.0,2.0,2.0
2021,1,Bahrain Grand Prix,max_verstappen,red_bull,1,2,Finished,18.0,56,max_verstappen_2021_1,0,56.0,97.5752909090909,93.228,32.05449090909091,41.96669642857143,24.634767857142858,MEDIUM,MEDIUM,22.0,3.0,2.0,2.0
2021,1,Bahrain Grand Prix,bottas,mercedes,3,3,Finished,16.0,56,bottas_2021_1,0,56.0,98.31056363636364,92.09,32.425036363636366,42.151428571428575,24.719339285714284,MEDIUM,HARD,24.0,4.0,3.0,3.0
2021,1,Bahrain Grand Prix,norris,mclaren,7,4,Finished,12.0,56,norris_2021_1,0,56.0,98.51447272727273,94.396,32.27661818181818,42.254875000000006,24.908714285714286,SOFT,HARD,23.0,3.0,2.0,2.0
2021,1,Bahrain Grand Prix,perez,red_bull,0,5,Finished,10.0,56,perez_2021_1,1,56.0,99.57042857142858,93.97,32.253181818181815,42.11060714285714,24.99444642857143,MEDIUM,HARD,36.0,3.0,3.0,4.0
2021,1,Bahrain Grand Prix,leclerc,ferrari,4,6,Finished,8.0,56,leclerc_2021_1,0,56.0,98.68725454545455,94.988,32.27189090909091,42.47201785714286,24.93780357142857,SOFT,HARD,24.0,3.0,2.0,2.0
2021,1,Bahrain Grand Prix,ricciardo,mclaren,6,7,Finished,6.0,56,ricciardo_2021_1,0,56.0,98.8882909090909,94.932,32.25205454545455,42.52730357142857,25.006125,SOFT,HARD,24.0,3.0,2.0,2.0
2021,1,Bahrain Grand Prix,sainz,ferrari,8,8,Finished,4.0,56,sainz_2021_1,0,56.0,99.83923214285714,94.509,32.1398,42.573875,25.070910714285713,SOFT,MEDIUM,22.0,3.0,2.0,2.0
2021,1,Bahrain Grand Prix,tsunoda,alphatauri,13,9,Finished,2.0,56,tsunoda_2021_1,0,56.0,100.17123214285714,94.761,32.16796363636364,42.758375,25.17073214285714,MEDIUM,HARD,23.0,3.0,2.0,2.0
2021,1,Bahrain Grand Prix,stroll,aston_martin,10,10,Finished,1.0,56,stroll_2021_1,0,56.0,100.18946428571428,94.865,32.39876363636364,42.66907142857143,25.075660714285714,SOFT,HARD,28.0,3.0,2.0,2.0
2021,1,Bahrain Grand Prix,raikkonen,alfa,14,11,Finished,0.0,56,raikkonen_2021_1,0,56.0,100.22787500000001,95.192,32.25303636363636,42.837714285714284,25.078196428571427,MEDIUM,MEDIUM,27.0,3.0,2.0,2.0
2021,1,Bahrain Grand Prix,giovinazzi,alfa,12,12,+1 Lap,0.0,55,giovinazzi_2021_1,0,55.0,100.53263636363637,95.122,32.471518518518515,43.06463636363636,24.941472727272725,MEDIUM,MEDIUM,25.0,3.0,2.0,2.0
2021,1,Bahrain Grand Prix,ocon,alpine,16,13,+1 Lap,0.0,55,ocon_2021_1,0,55.0,100.72718181818182,95.25,32.439314814814814,43.00047272727272,25.223163636363637,SOFT,HARD,24.0,3.0,2.0,2.0
2021,1,Bahrain Grand Prix,russell,williams,15,14,+1 Lap,0.0,55,russell_2021_1,0,55.0,100.76098181818182,95.036,32.387425925925925,43.206436363636364,25.101254545454545,SOFT,MEDIUM,23.0,3.0,2.0,2.0
2021,1,Bahrain Grand Prix,vettel,aston_martin,20,15,+1 Lap,0.0,55,vettel_2021_1,0,55.0,100.95343636363637,95.566,32.323462962962964,43.128890909090906,25.423690909090908,MEDIUM,HARD,31.0,2.0,1.0,1.0
2021,1,Bahrain Grand Prix,mick_schumacher,haas,18,16,+1 Lap,0.0,55,mick_schumacher_2021_1,0,55.0,101.83098181818181,96.134,32.870777777777775,43.47570909090909,25.40818181818182,MEDIUM,MEDIUM,22.0,3.0,2.0,2.0
2021,1,Bahrain Grand Prix,gasly,alphatauri,5,17,Retired,0.0,52,gasly_2021_1,0,52.0,100.18149019607844,94.09,33.10062745098039,42.80563461538462,25.270596153846153,MEDIUM,HARD,23.0,4.0,4.0,3.0
2021,1,Bahrain Grand Prix,latifi,williams,17,18,Retired,0.0,51,latifi_2021_1,0,51.0,102.55860784313725,96.602,33.11448,43.8873137254902,25.485392156862744,SOFT,MEDIUM,19.0,3.0,3.0,2.0
2021,1,Bahrain Grand Prix,alonso,alpine,9,19,Brakes,0.0,32,alonso_2021_1,0,32.0,102.29045161290323,96.063,33.421516129032256,43.922625,26.41515625,SOFT,MEDIUM,18.0,3.0,3.0,2.0
2021,1,Bahrain Grand Prix,mazepin,haas,19,20,Accident,0.0,0,mazepin_2021_1,0,1.0,,,,,,MEDIUM,MEDIUM,1.0,1.0,0.0,0.0
2021,2,Emilia Romagna Grand Prix,max_verstappen,red_bull,3,1,Finished,25.0,63,max_verstappen_2021_2,0,63.0,90.0299677419355,77.524,29.2362131147541,31.262412698412696,30.29850793650794,INTERMEDIATE,MEDIUM,35.0,3.0,2.0,2.0
2021,2,Emilia Romagna Grand Prix,hamilton,mercedes,1,2,Finished,19.0,63,hamilton_2021_2,0,63.0,89.36118644067797,76.702,30.532475409836067,32.34525396825397,30.43580952380952,INTERMEDIATE,MEDIUM,31.0,5.0,4.0,4.0
2021,2,Emilia Romagna Grand Prix,norris,mclaren,7,3,Finished,15.0,63,norris_2021_2,0,63.0,91.26569354838709,78.259,29.524032786885247,31.827460317460314,30.49036507936508,INTERMEDIATE,SOFT,32.0,3.0,2.0,2.0
2021,2,Emilia Romagna Grand Prix,leclerc,ferrari,4,4,Finished,12.0,63,leclerc_2021_2,0,63.0,90.71095161290322,78.379,29.17660655737705,31.749444444444443,30.45149206349206,INTERMEDIATE,MEDIUM,35.0,3.0,2.0,2.0
2021,2,Emilia Romagna Grand Prix,sainz,ferrari,11,5,Finished,10.0,63,sainz_2021_2,0,63.0,91.44651612903226,78.49,29.37404918032787,31.991031746031744,30.574174603174605,INTERMEDIATE,MEDIUM,36.0,3.0,2.0,2.0
2021,2,Emilia Romagna Grand Prix,ricciardo,mclaren,6,6,Finished,8.0,63,ricciardo_2021_2,0,63.0,92.00691935483871,79.341,29.729262295081966,32.056269841269845,30.7014126984127,INTERMEDIATE,SOFT,32.0,3.0,2.0,2.0
2021,2,Emilia Romagna Grand Prix,gasly,alphatauri,5,7,Finished,6.0,63,gasly_2021_2,0,63.0,93.36167213114754,78.782,31.06777049180328,32.28952380952381,31.098825396825394,WET,MEDIUM,36.0,5.0,4.0,4.0
2021,2,Emilia Romagna Grand Prix,stroll,aston_martin,10,8,Finished,4.0,63,stroll_2021_2,0,63.0,92.33852459016393,78.994,30.864262295081968,32.033031746031746,30.939492063492064,INTERMEDIATE,MEDIUM,36.0,4.0,3.0,3.0
2021,2,Emilia Romagna Grand Prix,ocon,alpine,9,9,Finished,2.0,63,ocon_2021_2,0,63.0,92.0426,79.417,30.995131147540985,32.05352380952381,31.101936507936507,WET,MEDIUM,34.0,6.0,5.0,5.0
2021,2,Emilia Romagna Grand Prix,alonso,alpine,15,10,Finished,1.0,63,alonso_2021_2,0,63.0,92.93013114754099,79.396,30.95898360655738,32.066968253968255,30.946793650793648,INTERMEDIATE,MEDIUM,34.0,4.0,3.0,3.0
2021,2,Emilia Romagna Grand Prix,perez,red_bull,2,11,Finished,0.0,63,perez_2021_2,0,63.0,92.04198387096774,78.334,30.159032786885245,31.992174603174604,30.530015873015873,INTERMEDIATE,SOFT,32.0,3.0,2.0,2.0
2021,2,Emilia Romagna Grand Prix,tsunoda,alphatauri,20,12,Finished,0.0,63,tsunoda_2021_2,0,63.0,92.78165573770491,78.353,30.93404918032787,31.900507936507935,31.124761904761904,INTERMEDIATE,SOFT,30.0,4.0,3.0,3.0
2021,2,Emilia Romagna Grand Prix,raikkonen,alfa,16,13,Finished,0.0,63,raikkonen_2021_2,0,63.0,92.58003278688524,79.422,29.869633333333333,31.848555555555556,31.05536507936508,INTERMEDIATE,MEDIUM,37.0,4.0,3.0,3.0
2021,2,Emilia Romagna Grand Prix,giovinazzi,alfa,17,14,+1 Lap,0.0,62,giovinazzi_2021_2,0,62.0,93.42033333333333,79.47,31.353483333333333,31.967354838709678,31.27064516129032,INTERMEDIATE,MEDIUM,35.0,5.0,4.0,4.0
2021,2,Emilia Romagna Grand Prix,vettel,aston_martin,0,15,Gearbox,0.0,61,vettel_2021_2,1,61.0,94.40061016949151,79.074,31.946610169491525,31.793400000000002,31.034483333333334,INTERMEDIATE,SOFT,29.0,6.0,6.0,6.0
2021,2,Emilia Romagna Grand Prix,mick_schumacher,haas,18,16,+2 Laps,0.0,61,mick_schumacher_2021_2,0,61.0,94.37689830508475,79.193,32.10477966101695,32.06544262295082,31.373426229508198,WET,MEDIUM,30.0,5.0,4.0,4.0
2021,2,Emilia Romagna Grand Prix,mazepin,haas,19,17,+2 Laps,0.0,61,mazepin_2021_2,0,61.0,96.98161666666667,80.402,31.91784745762712,33.23470491803279,32.044327868852456,WET,MEDIUM,30.0,5.0,4.0,4.0
2021,2,Emilia Romagna Grand Prix,bottas,mercedes,8,18,Collision,0.0,30,bottas_2021_2,0,31.0,101.96483333333335,88.485,32.542482758620686,35.4455,33.66223333333333,INTERMEDIATE,INTERMEDIATE,28.0,2.0,1.0,1.0
2021,2,Emilia Romagna Grand Prix,russell,williams,12,19,Collision,0.0,30,russell_2021_2,0,31.0,101.98156666666667,86.543,32.45089655172414,35.4467,33.75456666666667,INTERMEDIATE,INTERMEDIATE,26.0,2.0,1.0,1.0
2021,2,Emilia Romagna Grand Prix,latifi,williams,14,20,Collision,0.0,0,latifi_2021_2,0,1.0,,,,,,INTERMEDIATE,INTERMEDIATE,1.0,1.0,0.0,0.0
2021,3,Portuguese Grand Prix,hamilton,mercedes,2,1,Finished,25.0,66,hamilton_2021_3,0,66.0,85.93062121212121,80.933,25.47736923076923,32.61071212121212,27.828681818181817,MEDIUM,MEDIUM,41.0,4.0,3.0,3.0
2021,3,Portuguese Grand Prix,max_verstappen,red_bull,3,2,Finished,18.0,66,max_verstappen_2021_3,0,66.0,86.37225757575759,79.849,25.74083076923077,32.65601515151515,27.957939393939395,MEDIUM,MEDIUM,40.0,5.0,4.0,4.0
2021,3,Portuguese Grand Prix,bottas,mercedes,1,3,Finished,16.0,66,bottas_2021_3,0,66.0,86.43865151515152,79.865,25.819584615384613,32.654984848484844,27.968075757575757,MEDIUM,MEDIUM,40.0,5.0,4.0,4.0
2021,3,Portuguese Grand Prix,perez,red_bull,4,4,Finished,12.0,66,perez_2021_3,0,66.0,86.53266666666667,80.643,25.72826153846154,32.777712121212126,27.993469696969697,MEDIUM,MEDIUM,57.0,4.0,3.0,3.0
2021,3,Portuguese Grand Prix,norris,mclaren,7,5,Finished,10.0,66,norris_2021_3,0,66.0,86.70893939393939,81.696,25.80989230769231,32.78268181818182,28.080742424242423,SOFT,MEDIUM,44.0,4.0,3.0,3.0
2021,3,Portuguese Grand Prix,leclerc,ferrari,8,6,Finished,8.0,66,leclerc_2021_3,0,66.0,86.77578787878788,81.496,25.776323076923077,32.89474242424242,28.056530303030303,MEDIUM,HARD,41.0,4.0,3.0,3.0
2021,3,Portuguese Grand Prix,ocon,alpine,6,7,Finished,6.0,66,ocon_2021_3,0,66.0,86.89651515151515,81.886,25.794092307692306,33.02784848484849,28.03666666666667,SOFT,HARD,44.0,4.0,3.0,3.0
2021,3,Portuguese Grand Prix,alonso,alpine,13,8,Finished,4.0,66,alonso_2021_3,0,66.0,86.91256060606061,81.032,25.669430769230768,33.01046969696969,28.169757575757576,MEDIUM,MEDIUM,40.0,4.0,3.0,3.0
2021,3,Portuguese Grand Prix,ricciardo,mclaren,16,9,Finished,2.0,66,ricciardo_2021_3,0,66.0,87.07257575757576,81.987,25.86909230769231,32.99193939393939,28.136333333333333,MEDIUM,MEDIUM,41.0,4.0,3.0,3.0
2021,3,Portuguese Grand Prix,gasly,alphatauri,9,10,Finished,1.0,66,gasly_2021_3,0,66.0,87.08915151515151,82.014,25.818523076923075,33.07216666666667,28.14451515151515,SOFT,MEDIUM,42.0,4.0,3.0,3.0
2021,3,Portuguese Grand Prix,sainz,ferrari,5,11,Finished,0.0,66,sainz_2021_3,0,66.0,87.1269090909091,82.325,25.86309230769231,33.12133333333333,28.11510606060606,SOFT,MEDIUM,45.0,4.0,3.0,3.0
2021,3,Portuguese Grand Prix,giovinazzi,alfa,12,12,+1 Lap,0.0,65,giovinazzi_2021_3,0,65.0,87.29789230769231,82.167,25.91065625,33.11730769230769,28.19810769230769,MEDIUM,HARD,43.0,4.0,3.0,3.0
2021,3,Portuguese Grand Prix,vettel,aston_martin,10,13,+1 Lap,0.0,65,vettel_2021_3,0,65.0,87.37890769230769,82.416,25.924265625,33.121753846153844,28.27736923076923,SOFT,MEDIUM,43.0,4.0,3.0,3.0
2021,3,Portuguese Grand Prix,stroll,aston_martin,17,14,+1 Lap,0.0,65,stroll_2021_3,0,65.0,87.38976923076923,81.97,25.770578125,33.24929230769231,28.28623076923077,SOFT,SOFT,39.0,4.0,3.0,3.0
2021,3,Portuguese Grand Prix,tsunoda,alphatauri,14,15,+1 Lap,0.0,65,tsunoda_2021_3,0,65.0,87.63903076923077,82.058,26.01371875,33.271292307692306,28.288076923076922,MEDIUM,HARD,44.0,4.0,3.0,3.0
2021,3,Portuguese Grand Prix,russell,williams,11,16,+1 Lap,0.0,65,russell_2021_3,0,65.0,88.2979076923077,82.654,26.143671875,33.72447692307692,28.373476923076925,MEDIUM,HARD,37.0,4.0,3.0,3.0
2021,3,Portuguese Grand Prix,mick_schumacher,haas,19,17,+2 Laps,0.0,64,mick_schumacher_2021_3,0,64.0,88.732046875,82.755,26.121222222222222,33.839421875,28.689046875,MEDIUM,HARD,32.0,4.0,3.0,3.0
2021,3,Portuguese Grand Prix,latifi,williams,18,18,+2 Laps,0.0,64,latifi_2021_3,0,64.0,88.78,83.155,26.164,33.96559375,28.567109375,MEDIUM,HARD,40.0,4.0,3.0,3.0
2021,3,Portuguese Grand Prix,mazepin,haas,20,19,+2 Laps,0.0,64,mazepin_2021_3,0,64.0,89.70865625,83.641,26.94136507936508,33.830484375,28.858890625,MEDIUM,MEDIUM,31.0,5.0,4.0,4.0
2021,3,Portuguese Grand Prix,raikkonen,alfa,15,20,Collision damage,0.0,1,raikkonen_2021_3,0,2.0,93.673,93.673,,35.394,28.293,SOFT,SOFT,2.0,1.0,0.0,0.0
2021,4,Spanish Grand Prix,hamilton,mercedes,1,1,Finished,25.0,66,hamilton_2021_4,0,66.0,84.66181818181819,80.665,24.18136923076923,31.689500000000002,28.736575757575757,SOFT,MEDIUM,32.0,3.0,2.0,2.0
2021,4,Spanish Grand Prix,max_verstappen,red_bull,2,2,Finished,19.0,66,max_verstappen_2021_4,0,66.0,84.90183333333333,78.149,24.44613846153846,31.69657575757576,28.722727272727273,SOFT,MEDIUM,36.0,3.0,2.0,2.0
2021,4,Spanish Grand Prix,bottas,mercedes,3,3,Finished,15.0,66,bottas_2021_4,0,66.0,85.065,79.43,24.192923076923076,31.91328787878788,28.894454545454547,SOFT,SOFT,30.0,3.0,2.0,2.0
2021,4,Spanish Grand Prix,leclerc,ferrari,4,4,Finished,12.0,66,leclerc_2021_4,0,66.0,85.48933333333333,80.459,24.507892307692305,31.976484848484848,28.949136363636363,SOFT,SOFT,31.0,3.0,2.0,2.0
2021,4,Spanish Grand Prix,perez,red_bull,8,5,Finished,10.0,66,perez_2021_4,0,66.0,85.6265303030303,79.483,24.40447692307692,32.069787878787885,29.081424242424244,SOFT,SOFT,30.0,3.0,2.0,2.0
2021,4,Spanish Grand Prix,ricciardo,mclaren,7,6,Finished,8.0,66,ricciardo_2021_4,0,66.0,85.77951515151516,81.853,24.423553846153844,32.09648484848485,29.193409090909093,SOFT,SOFT,28.0,3.0,2.0,2.0
2021,4,Spanish Grand Prix,sainz,ferrari,6,7,Finished,6.0,66,sainz_2021_4,0,66.0,85.79318181818182,81.568,24.303123076923075,32.1525,29.256803030303033,SOFT,SOFT,25.0,3.0,2.0,2.0
2021,4,Spanish Grand Prix,norris,mclaren,9,8,+1 Lap,4.0,65,norris_2021_4,0,65.0,86.34253846153847,81.279,24.531671875,32.277353846153844,29.451646153846152,SOFT,SOFT,28.0,3.0,2.0,2.0
2021,4,Spanish Grand Prix,ocon,alpine,5,9,+1 Lap,2.0,65,ocon_2021_4,0,65.0,86.55755384615385,83.311,24.4866875,32.5704,29.43029230769231,SOFT,MEDIUM,42.0,2.0,1.0,1.0
2021,4,Spanish Grand Prix,gasly,alphatauri,12,10,+1 Lap,1.0,65,gasly_2021_4,0,65.0,86.56047692307692,81.375,24.64109375,32.353307692307695,29.478092307692307,SOFT,SOFT,29.0,3.0,2.0,2.0
2021,4,Spanish Grand Prix,stroll,aston_martin,11,11,+1 Lap,0.0,65,stroll_2021_4,0,65.0,86.64103076923078,82.607,24.6653125,32.40809230769231,29.48023076923077,SOFT,SOFT,29.0,3.0,2.0,2.0
2021,4,Spanish Grand Prix,raikkonen,alfa,17,12,+1 Lap,0.0,65,raikkonen_2021_4,0,65.0,86.65886153846154,82.868,24.475859375,32.728492307692306,29.354369230769233,MEDIUM,MEDIUM,37.0,2.0,1.0,1.0
2021,4,Spanish Grand Prix,vettel,aston_martin,13,13,+1 Lap,0.0,65,vettel_2021_4,0,65.0,86.72378461538462,82.82,24.582515625,32.44429230769231,29.604384615384618,SOFT,SOFT,30.0,3.0,2.0,2.0
2021,4,Spanish Grand Prix,russell,williams,15,14,+1 Lap,0.0,65,russell_2021_4,0,65.0,86.8684923076923,83.208,24.604015625,32.49073846153846,29.672538461538462,SOFT,MEDIUM,37.0,3.0,2.0,2.0
2021,4,Spanish Grand Prix,giovinazzi,alfa,14,15,+1 Lap,0.0,65,giovinazzi_2021_4,0,65.0,85.737015625,82.802,25.2330625,32.31889230769231,29.257753846153843,SOFT,SOFT,34.0,3.0,2.0,2.0
2021,4,Spanish Grand Prix,latifi,williams,19,16,+1 Lap,0.0,65,latifi_2021_4,0,65.0,87.04418461538462,82.905,25.00734375,32.45158461538462,29.480046153846153,SOFT,MEDIUM,23.0,4.0,3.0,3.0
2021,4,Spanish Grand Prix,alonso,alpine,10,17,+1 Lap,0.0,65,alonso_2021_4,0,65.0,87.04913846153846,81.182,24.820921875,32.54127692307692,29.604476923076923,SOFT,MEDIUM,40.0,3.0,2.0,2.0
2021,4,Spanish Grand Prix,mick_schumacher,haas,18,18,+2 Laps,0.0,64,mick_schumacher_2021_4,0,64.0,87.3655,82.637,24.853587301587304,32.82696875,29.58525,SOFT,MEDIUM,27.0,3.0,2.0,2.0
2021,4,Spanish Grand Prix,mazepin,haas,20,19,+2 Laps,0.0,64,mazepin_2021_4,0,64.0,88.14459375,84.04,24.95536507936508,33.29384375,29.78915625,SOFT,MEDIUM,22.0,3.0,2.0,2.0
2021,4,Spanish Grand Prix,tsunoda,alphatauri,16,20,Electrical,0.0,6,tsunoda_2021_4,0,7.0,88.1965,84.825,24.0726,33.082166666666666,29.8275,SOFT,SOFT,7.0,1.0,0.0,0.0
2021,5,Monaco Grand Prix,max_verstappen,red_bull,2,1,Finished,25.0,78,max_verstappen_2021_5,0,78.0,76.11307692307692,74.649,20.02867105263158,35.59234615384615,20.219987012987016,SOFT,HARD,44.0,2.0,1.0,1.0
2021,5,Monaco Grand Prix,sainz,ferrari,4,2,Finished,18.0,78,sainz_2021_5,0,78.0,76.22805128205128,74.621,19.947259740259742,35.57608974358974,20.621384615384617,SOFT,HARD,46.0,2.0,1.0,1.0
2021,5,Monaco Grand Prix,norris,mclaren,5,3,Finished,15.0,78,norris_2021_5,0,78.0,76.36214102564102,74.67,20.000194805194806,35.702179487179485,20.571141025641026,SOFT,HARD,48.0,2.0,1.0,1.0
2021,5,Monaco Grand Prix,perez,red_bull,9,4,Finished,12.0,78,perez_2021_5,0,78.0,76.37576923076924,74.552,20.129077922077922,35.53419230769231,20.60079487179487,SOFT,HARD,43.0,2.0,1.0,1.0
2021,5,Monaco Grand Prix,vettel,aston_martin,8,5,Finished,10.0,78,vettel_2021_5,0,78.0,76.78732051282051,75.316,20.266883116883115,35.620871794871796,20.793628205128204,SOFT,HARD,47.0,2.0,1.0,1.0
2021,5,Monaco Grand Prix,gasly,alphatauri,6,6,Finished,8.0,78,gasly_2021_5,0,78.0,76.80405128205129,75.412,20.231077922077922,35.59778205128205,20.881589743589743,SOFT,HARD,48.0,2.0,1.0,1.0
2021,5,Monaco Grand Prix,hamilton,mercedes,7,7,Finished,7.0,78,hamilton_2021_5,0,78.0,76.98783333333334,72.909,20.209558441558443,35.637166666666666,21.039512820512822,SOFT,SOFT,38.0,3.0,2.0,2.0
2021,5,Monaco Grand Prix,stroll,aston_martin,13,8,+1 Lap,4.0,77,stroll_2021_5,0,77.0,77.16879220779221,74.674,20.28946052631579,35.98285714285714,20.77244155844156,HARD,HARD,58.0,2.0,1.0,1.0
2021,5,Monaco Grand Prix,ocon,alpine,11,9,+1 Lap,2.0,77,ocon_2021_5,0,77.0,77.64812987012986,75.316,20.481394736842105,35.9797012987013,21.07314285714286,SOFT,MEDIUM,40.0,2.0,1.0,1.0
2021,5,Monaco Grand Prix,giovinazzi,alfa,10,10,+1 Lap,1.0,77,giovinazzi_2021_5,0,77.0,77.65353246753247,75.331,20.508697368421053,36.053597402597404,20.975,SOFT,HARD,44.0,2.0,1.0,1.0
2021,5,Monaco Grand Prix,raikkonen,alfa,14,11,+1 Lap,0.0,77,raikkonen_2021_5,0,77.0,77.6710909090909,74.971,20.401236842105263,36.12501298701299,21.01648051948052,MEDIUM,MEDIUM,43.0,2.0,1.0,1.0
2021,5,Monaco Grand Prix,ricciardo,mclaren,12,12,+1 Lap,0.0,77,ricciardo_2021_5,0,77.0,77.69901298701298,74.578,20.436868421052633,36.20676623376623,20.9232987012987,MEDIUM,HARD,41.0,2.0,1.0,1.0
2021,5,Monaco Grand Prix,alonso,alpine,17,13,+1 Lap,0.0,77,alonso_2021_5,0,77.0,77.70535064935065,75.026,20.469618421052633,36.08253246753247,21.01631168831169,MEDIUM,MEDIUM,45.0,2.0,1.0,1.0
2021,5,Monaco Grand Prix,russell,williams,15,14,+1 Lap,0.0,77,russell_2021_5,0,77.0,78.03403896103896,75.539,20.404223684210525,36.386623376623376,21.10184415584416,MEDIUM,HARD,46.0,2.0,1.0,1.0
2021,5,Monaco Grand Prix,latifi,williams,18,15,+1 Lap,0.0,77,latifi_2021_5,0,77.0,78.04811688311688,75.573,20.48807894736842,36.384935064935064,21.030506493506493,MEDIUM,MEDIUM,43.0,2.0,1.0,1.0
2021,5,Monaco Grand Prix,tsunoda,alphatauri,16,16,+1 Lap,0.0,77,tsunoda_2021_5,0,77.0,78.05797402597402,74.037,20.461342105263157,36.26611688311688,21.18035064935065,HARD,HARD,64.0,2.0,1.0,1.0
2021,5,Monaco Grand Prix,mazepin,haas,19,17,+3 Laps,0.0,75,mazepin_2021_5,0,75.0,79.66484,76.866,21.002675675675675,37.1272,21.381413333333334,SOFT,HARD,41.0,2.0,1.0,1.0
2021,5,Monaco Grand Prix,mick_schumacher,haas,20,18,+3 Laps,0.0,75,mick_schumacher_2021_5,0,75.0,79.68425333333334,76.425,20.940851351351352,37.04302666666666,21.542306666666665,SOFT,HARD,38.0,2.0,1.0,1.0
2021,5,Monaco Grand Prix,bottas,mercedes,3,19,Wheel nut,0.0,29,bottas_2021_5,0,30.0,76.79299999999999,75.706,20.23048275862069,35.818599999999996,20.556172413793103,SOFT,SOFT,35.0,1.0,1.0,0.0
2021,5,Monaco Grand Prix,leclerc,ferrari,1,20,Driveshaft,0.0,0,leclerc_2021_5,0,1.0,,,,,,SOFT,SOFT,5.0,1.0,0.0,0.0
2021,6,Azerbaijan Grand Prix,perez,red_bull,6,1,Finished,25.0,51,perez_2021_6,0,51.0,108.29547727272728,104.687,41.43065306122449,45.63988235294118,30.584392156862748,SOFT,HARD,35.0,4.0,3.0,3.0
2021,6,Azerbaijan Grand Prix,vettel,aston_martin,11,2,Finished,18.0,51,vettel_2021_6,0,51.0,109.01661363636363,104.89,41.867938775510204,46.0561568627451,29.751117647058823,SOFT,HARD,30.0,4.0,3.0,3.0
2021,6,Azerbaijan Grand Prix,gasly,alphatauri,4,3,Finished,15.0,51,gasly_2021_6,0,51.0,108.98313636363636,105.22,41.611224489795916,45.868862745098035,30.25949019607843,SOFT,HARD,37.0,4.0,3.0,3.0
2021,6,Azerbaijan Grand Prix,leclerc,ferrari,1,4,Finished,12.0,51,leclerc_2021_6,0,51.0,109.1019090909091,105.382,41.577612244897956,46.04517647058824,30.166901960784312,SOFT,HARD,39.0,4.0,3.0,3.0
2021,6,Azerbaijan Grand Prix,norris,mclaren,9,5,Finished,10.0,51,norris_2021_6,0,51.0,109.60720454545454,105.326,41.76079591836735,46.1811568627451,29.7438431372549,SOFT,HARD,41.0,4.0,3.0,3.0
2021,6,Azerbaijan Grand Prix,alonso,alpine,8,6,Finished,8.0,51,alonso_2021_6,0,51.0,112.03967391304347,105.624,41.51130612244898,46.43723529411765,29.778,SOFT,HARD,27.0,5.0,4.0,4.0
2021,6,Azerbaijan Grand Prix,tsunoda,alphatauri,7,7,Finished,6.0,51,tsunoda_2021_6,0,51.0,109.30702272727272,104.939,41.95024489795918,45.976176470588236,29.843274509803923,SOFT,HARD,39.0,4.0,3.0,3.0
2021,6,Azerbaijan Grand Prix,sainz,ferrari,5,8,Finished,4.0,51,sainz_2021_6,0,51.0,110.06727272727272,105.7,41.47948979591837,46.42774509803922,29.860666666666667,SOFT,HARD,38.0,4.0,3.0,3.0
2021,6,Azerbaijan Grand Prix,ricciardo,mclaren,13,9,Finished,2.0,51,ricciardo_2021_6,0,51.0,110.86342222222223,105.713,41.627326530612244,46.418254901960786,29.722372549019607,SOFT,HARD,37.0,4.0,3.0,3.0
2021,6,Azerbaijan Grand Prix,raikkonen,alfa,14,10,Finished,1.0,51,raikkonen_2021_6,0,51.0,112.14832608695653,105.601,41.30461224489796,46.48076470588235,29.928529411764707,MEDIUM,HARD,35.0,4.0,3.0,3.0
2021,6,Azerbaijan Grand Prix,giovinazzi,alfa,20,11,Finished,0.0,51,giovinazzi_2021_6,0,51.0,112.08421739130435,105.575,41.47259183673469,46.51101960784314,29.710588235294118,SOFT,HARD,32.0,5.0,4.0,4.0
2021,6,Azerbaijan Grand Prix,bottas,mercedes,10,12,Finished,0.0,51,bottas_2021_6,0,51.0,109.6235,105.665,41.45185714285714,45.95433333333333,30.052411764705884,SOFT,HARD,36.0,4.0,3.0,3.0
2021,6,Azerbaijan Grand Prix,mick_schumacher,haas,17,13,Finished,0.0,51,mick_schumacher_2021_6,0,51.0,112.25644444444444,107.624,40.78541666666667,45.84511764705883,29.867058823529412,SOFT,HARD,26.0,6.0,5.0,5.0
2021,6,Azerbaijan Grand Prix,mazepin,haas,18,14,Finished,0.0,51,mazepin_2021_6,0,51.0,113.93344444444445,107.747,42.430187499999995,46.55664705882353,30.89386274509804,SOFT,SOFT,25.0,7.0,6.0,6.0
2021,6,Azerbaijan Grand Prix,hamilton,mercedes,2,15,Finished,0.0,51,hamilton_2021_6,0,51.0,108.56404545454546,104.769,41.66844897959184,46.05462745098039,30.31662745098039,SOFT,HARD,37.0,4.0,3.0,3.0
2021,6,Azerbaijan Grand Prix,latifi,williams,16,16,Finished,0.0,51,latifi_2021_6,0,51.0,112.04052173913043,106.608,40.92079591836735,46.23305882352941,29.953960784313725,MEDIUM,HARD,39.0,3.0,2.0,2.0
2021,6,Azerbaijan Grand Prix,russell,williams,15,17,Gearbox,0.0,48,russell_2021_6,0,48.0,111.72859090909091,105.959,40.85521276595745,46.366958333333336,29.3255625,MEDIUM,HARD,33.0,4.0,4.0,3.0
2021,6,Azerbaijan Grand Prix,max_verstappen,red_bull,3,18,Accident,0.0,45,max_verstappen_2021_6,0,46.0,107.44317073170731,104.481,39.940363636363635,45.00553333333333,29.11351111111111,SOFT,HARD,34.0,2.0,1.0,1.0
2021,6,Azerbaijan Grand Prix,stroll,aston_martin,19,19,Accident,0.0,29,stroll_2021_6,0,30.0,108.1124827586207,106.207,38.28989285714285,43.685655172413796,25.754275862068965,HARD,HARD,30.0,1.0,0.0,0.0
2021,6,Azerbaijan Grand Prix,ocon,alpine,12,20,Turbo,0.0,3,ocon_2021_6,0,3.0,120.56833333333334,110.85,39.5355,45.63933333333333,32.931000000000004,SOFT,SOFT,3.0,1.0,1.0,0.0
2021,7,French Grand Prix,max_verstappen,red_bull,1,1,Finished,26.0,53,max_verstappen_2021_7,0,53.0,98.9767924528302,96.404,25.084038461538462,29.306320754716978,44.45883018867925,MEDIUM,MEDIUM,24.0,3.0,2.0,2.0
2021,7,French Grand Prix,hamilton,mercedes,2,2,Finished,18.0,53,hamilton_2021_7,0,53.0,99.03158490566038,97.41,25.119307692307693,29.53043396226415,44.27618867924528,MEDIUM,HARD,34.0,2.0,1.0,1.0
2021,7,French Grand Prix,perez,red_bull,4,3,Finished,15.0,53,perez_2021_7,0,53.0,99.14303773584906,96.693,25.23096153846154,29.503094339622642,44.26743396226415,MEDIUM,HARD,29.0,2.0,1.0,1.0
2021,7,French Grand Prix,bottas,mercedes,3,4,Finished,12.0,53,bottas_2021_7,0,53.0,99.25260377358491,96.96,25.27248076923077,29.47960377358491,44.36711320754717,MEDIUM,HARD,36.0,2.0,1.0,1.0
2021,7,French Grand Prix,norris,mclaren,8,5,Finished,10.0,53,norris_2021_7,0,53.0,100.18494339622642,97.425,25.330192307692307,29.88145283018868,44.786792452830184,MEDIUM,HARD,29.0,2.0,1.0,1.0
2021,7,French Grand Prix,ricciardo,mclaren,10,6,Finished,8.0,53,ricciardo_2021_7,0,53.0,100.40805660377359,98.324,25.388749999999998,29.92645283018868,44.91847169811321,MEDIUM,HARD,37.0,2.0,1.0,1.0
2021,7,French Grand Prix,gasly,alphatauri,6,7,Finished,6.0,53,gasly_2021_7,0,53.0,100.422,98.103,25.474230769230772,29.829056603773587,44.95943396226415,MEDIUM,HARD,36.0,2.0,1.0,1.0
2021,7,French Grand Prix,alonso,alpine,9,8,Finished,4.0,53,alonso_2021_7,0,53.0,100.4427358490566,97.646,25.437846153846156,29.86281132075472,44.975735849056605,MEDIUM,HARD,35.0,2.0,1.0,1.0
2021,7,French Grand Prix,vettel,aston_martin,12,9,Finished,2.0,53,vettel_2021_7,0,53.0,100.47992452830188,97.138,25.466923076923077,29.708622641509436,45.11064150943396,HARD,HARD,37.0,2.0,1.0,1.0
2021,7,French Grand Prix,stroll,aston_martin,19,10,Finished,1.0,53,stroll_2021_7,0,53.0,100.71162264150944,97.828,25.652884615384615,29.755754716981134,45.09475471698113,HARD,HARD,34.0,2.0,1.0,1.0
2021,7,French Grand Prix,sainz,ferrari,5,11,Finished,0.0,53,sainz_2021_7,0,53.0,100.85107547169811,98.931,25.52269230769231,30.04235849056604,45.14041509433962,MEDIUM,HARD,36.0,2.0,1.0,1.0
2021,7,French Grand Prix,russell,williams,14,12,+1 Lap,0.0,52,russell_2021_7,0,52.0,101.03498076923077,98.314,25.678960784313723,29.861307692307694,45.28888461538462,MEDIUM,HARD,35.0,2.0,1.0,1.0
2021,7,French Grand Prix,tsunoda,alphatauri,0,13,+1 Lap,0.0,52,tsunoda_2021_7,1,52.0,101.11809615384615,98.98,25.687039215686273,29.994057692307692,45.204173076923084,MEDIUM,HARD,37.0,2.0,1.0,2.0
2021,7,French Grand Prix,ocon,alpine,11,14,+1 Lap,0.0,52,ocon_2021_7,0,52.0,101.1324423076923,98.645,25.67607843137255,30.03048076923077,45.248519230769226,HARD,HARD,28.0,2.0,1.0,1.0
2021,7,French Grand Prix,giovinazzi,alfa,13,15,+1 Lap,0.0,52,giovinazzi_2021_7,0,52.0,101.21857692307692,98.702,25.674647058823528,30.058653846153845,45.294384615384615,HARD,HARD,28.0,2.0,1.0,1.0
2021,7,French Grand Prix,leclerc,ferrari,7,16,+1 Lap,0.0,52,leclerc_2021_7,0,52.0,101.28161538461539,97.681,25.679156862745096,30.01269230769231,45.423884615384615,MEDIUM,MEDIUM,24.0,3.0,2.0,2.0
2021,7,French Grand Prix,raikkonen,alfa,17,17,+1 Lap,0.0,52,raikkonen_2021_7,0,52.0,101.31642307692307,97.992,25.671999999999997,30.216903846153848,45.22809615384615,HARD,HARD,33.0,2.0,1.0,1.0
2021,7,French Grand Prix,latifi,williams,16,18,+1 Lap,0.0,52,latifi_2021_7,0,52.0,101.33117307692306,98.313,25.82550980392157,29.992365384615386,45.315769230769234,MEDIUM,HARD,34.0,2.0,1.0,1.0
2021,7,French Grand Prix,mick_schumacher,haas,15,19,+1 Lap,0.0,52,mick_schumacher_2021_7,0,52.0,101.92128846153847,98.847,25.853450980392157,30.373211538461536,45.486480769230766,MEDIUM,HARD,37.0,2.0,1.0,1.0
2021,7,French Grand Prix,mazepin,haas,18,20,+1 Lap,0.0,52,mazepin_2021_7,0,52.0,102.19234615384616,99.317,25.962666666666667,30.417057692307694,45.59838461538462,HARD,HARD,31.0,2.0,1.0,1.0
2021,8,Styrian Grand Prix,max_verstappen,red_bull,1,1,Finished,25.0,71,max_verstappen_2021_8,0,71.0,69.56232394366198,68.017,17.637514285714285,30.797014084507044,21.089056338028172,MEDIUM,HARD,42.0,2.0,1.0,1.0
2021,8,Styrian Grand Prix,hamilton,mercedes,2,2,Finished,19.0,71,hamilton_2021_8,0,71.0,70.06574647887324,67.058,17.94012857142857,31.023352112676054,21.06360563380282,MEDIUM,HARD,41.0,3.0,2.0,2.0
2021,8,Styrian Grand Prix,bottas,mercedes,5,3,Finished,15.0,71,bottas_2021_8,0,71.0,70.22298591549296,68.619,17.74214285714286,31.19519718309859,21.238014084507043,MEDIUM,HARD,44.0,2.0,1.0,1.0
2021,8,Styrian Grand Prix,perez,red_bull,4,4,Finished,12.0,71,perez_2021_8,0,71.0,70.23040845070423,67.894,17.950757142857146,31.008957746478874,21.228464788732396,SOFT,HARD,29.0,3.0,2.0,2.0
2021,8,Styrian Grand Prix,norris,mclaren,3,5,+1 Lap,10.0,70,norris_2021_8,0,70.0,70.63258571428571,68.903,17.92227536231884,31.335885714285716,21.33167142857143,SOFT,HARD,39.0,2.0,1.0,1.0
2021,8,Styrian Grand Prix,sainz,ferrari,12,6,+1 Lap,8.0,70,sainz_2021_8,0,70.0,70.73204285714286,68.609,17.738101449275362,31.40827142857143,21.511599999999998,MEDIUM,MEDIUM,41.0,2.0,1.0,1.0
2021,8,Styrian Grand Prix,leclerc,ferrari,7,7,+1 Lap,6.0,70,leclerc_2021_8,0,70.0,70.91081428571428,68.738,18.12236231884058,31.3353,21.3978,SOFT,HARD,36.0,3.0,2.0,2.0
2021,8,Styrian Grand Prix,stroll,aston_martin,9,8,+1 Lap,4.0,70,stroll_2021_8,0,70.0,72.19070588235294,69.787,20.036757575757576,31.55754411764706,21.61708695652174,SOFT,HARD,42.0,2.0,1.0,1.0
2021,8,Styrian Grand Prix,alonso,alpine,8,9,+1 Lap,2.0,70,alonso_2021_8,0,70.0,71.14427142857143,69.749,17.844115942028985,31.65812857142857,21.582128571428573,SOFT,HARD,43.0,2.0,1.0,1.0
2021,8,Styrian Grand Prix,tsunoda,alphatauri,11,10,+1 Lap,1.0,70,tsunoda_2021_8,0,70.0,71.1539142857143,69.65,17.688985507246375,31.829171428571428,21.568514285714286,SOFT,HARD,44.0,2.0,1.0,1.0
2021,8,Styrian Grand Prix,raikkonen,alfa,18,11,+1 Lap,0.0,70,raikkonen_2021_8,0,70.0,71.18868571428571,69.128,17.784391304347828,31.655842857142858,21.6687,HARD,HARD,36.0,2.0,1.0,1.0
2021,8,Styrian Grand Prix,vettel,aston_martin,14,12,+1 Lap,0.0,70,vettel_2021_8,0,70.0,71.26014285714285,69.821,17.740333333333336,31.833,21.6108,MEDIUM,HARD,43.0,2.0,1.0,1.0
2021,8,Styrian Grand Prix,ricciardo,mclaren,13,13,+1 Lap,0.0,70,ricciardo_2021_8,0,70.0,71.27865714285714,69.305,17.750463768115942,31.853185714285715,21.602414285714286,MEDIUM,MEDIUM,41.0,2.0,1.0,1.0
2021,8,Styrian Grand Prix,ocon,alpine,17,14,+1 Lap,0.0,70,ocon_2021_8,0,70.0,71.29941428571428,69.576,17.874724637681158,31.725185714285715,21.624057142857144,MEDIUM,MEDIUM,36.0,2.0,1.0,1.0
2021,8,Styrian Grand Prix,giovinazzi,alfa,15,15,+1 Lap,0.0,70,giovinazzi_2021_8,0,70.0,71.39924285714285,69.723,17.816971014492754,31.808371428571427,21.698657142857144,MEDIUM,HARD,47.0,2.0,1.0,1.0
2021,8,Styrian Grand Prix,mick_schumacher,haas,19,16,+2 Laps,0.0,69,mick_schumacher_2021_8,0,69.0,72.20088405797101,70.005,17.984250000000003,32.16678260869565,21.968695652173913,MEDIUM,HARD,36.0,2.0,1.0,1.0
2021,8,Styrian Grand Prix,latifi,williams,16,17,+3 Laps,0.0,68,latifi_2021_8,0,68.0,72.68279411764706,70.104,18.307641791044777,32.260867647058824,22.041852941176472,MEDIUM,HARD,43.0,3.0,2.0,2.0
2021,8,Styrian Grand Prix,mazepin,haas,20,18,+3 Laps,0.0,68,mazepin_2021_8,0,68.0,72.80616176470589,70.951,18.200014925373136,32.427058823529414,22.09783823529412,MEDIUM,HARD,47.0,2.0,1.0,1.0
2021,8,Styrian Grand Prix,russell,williams,10,19,Engine,0.0,36,russell_2021_8,0,36.0,74.0403888888889,70.499,19.65462857142857,32.190194444444444,22.120194444444444,MEDIUM,MEDIUM,25.0,3.0,3.0,2.0
2021,8,Styrian Grand Prix,gasly,alphatauri,6,20,Collision,0.0,1,gasly_2021_8,0,1.0,123.661,123.661,,51.869,49.376,SOFT,SOFT,4.0,1.0,1.0,0.0
2021,9,Austrian Grand Prix,max_verstappen,red_bull,1,1,Finished,26.0,71,max_verstappen_2021_9,0,71.0,70.90905633802817,66.2,17.973642857142856,31.083450704225356,21.822084507042252,MEDIUM,HARD,35.0,3.0,2.0,2.0
2021,9,Austrian Grand Prix,bottas,mercedes,5,2,Finished,18.0,71,bottas_2021_9,0,71.0,71.16219718309858,68.374,17.8915,31.290197183098588,21.930788732394365,MEDIUM,HARD,41.0,2.0,1.0,1.0
2021,9,Austrian Grand Prix,norris,mclaren,2,3,Finished,15.0,71,norris_2021_9,0,71.0,71.19101408450705,68.471,17.958685714285714,31.41091549295775,21.787633802816902,MEDIUM,HARD,41.0,2.0,1.0,1.0
2021,9,Austrian Grand Prix,hamilton,mercedes,4,4,Finished,12.0,71,hamilton_2021_9,0,71.0,71.56330985915493,68.126,18.14247142857143,31.415704225352112,21.963338028169012,MEDIUM,HARD,34.0,3.0,2.0,2.0
2021,9,Austrian Grand Prix,sainz,ferrari,10,5,Finished,10.0,71,sainz_2021_9,0,71.0,71.71390140845071,67.762,17.84015714285714,31.592253521126764,22.21574647887324,HARD,HARD,48.0,2.0,1.0,1.0
2021,9,Austrian Grand Prix,perez,red_bull,3,6,Finished,8.0,71,perez_2021_9,0,71.0,71.58391549295774,68.192,17.67647142857143,31.739225352112676,22.123591549295774,MEDIUM,HARD,39.0,2.0,1.0,1.0
2021,9,Austrian Grand Prix,ricciardo,mclaren,13,7,Finished,6.0,71,ricciardo_2021_9,0,71.0,71.75969014084507,68.82,17.87572857142857,31.742394366197182,22.073591549295774,MEDIUM,HARD,42.0,2.0,1.0,1.0
2021,9,Austrian Grand Prix,leclerc,ferrari,12,8,Finished,4.0,71,leclerc_2021_9,0,71.0,71.77095774647887,68.698,17.831071428571427,31.673323943661973,22.19960563380282,MEDIUM,HARD,37.0,2.0,1.0,1.0
2021,9,Austrian Grand Prix,gasly,alphatauri,6,9,Finished,2.0,71,gasly_2021_9,0,71.0,71.78009859154929,68.146,18.138042857142857,31.46314084507042,22.13150704225352,SOFT,HARD,32.0,3.0,2.0,2.0
2021,9,Austrian Grand Prix,alonso,alpine,14,10,+1 Lap,1.0,70,alonso_2021_9,0,70.0,72.07981428571428,68.405,17.91227536231884,31.723657142857142,22.374828571428573,MEDIUM,HARD,38.0,2.0,1.0,1.0
2021,9,Austrian Grand Prix,russell,williams,8,11,+1 Lap,0.0,70,russell_2021_9,0,70.0,72.16027142857143,68.9,17.87331884057971,31.936685714285716,22.287457142857143,MEDIUM,HARD,40.0,2.0,1.0,1.0
2021,9,Austrian Grand Prix,tsunoda,alphatauri,7,12,+1 Lap,0.0,70,tsunoda_2021_9,0,70.0,72.24231428571427,68.455,18.205028985507244,31.684171428571425,22.299842857142856,SOFT,HARD,39.0,3.0,2.0,2.0
2021,9,Austrian Grand Prix,stroll,aston_martin,9,13,+1 Lap,0.0,70,stroll_2021_9,0,70.0,72.33742857142857,68.659,18.183942028985506,31.68445714285714,22.410928571428574,SOFT,HARD,32.0,3.0,2.0,2.0
2021,9,Austrian Grand Prix,giovinazzi,alfa,15,14,+1 Lap,0.0,70,giovinazzi_2021_9,0,70.0,72.45087142857142,69.042,18.204492753623185,31.845785714285714,22.333814285714286,MEDIUM,HARD,41.0,3.0,2.0,2.0
2021,9,Austrian Grand Prix,raikkonen,alfa,16,15,+1 Lap,0.0,70,raikkonen_2021_9,0,70.0,72.5634,68.52,17.999202898550724,31.99472857142857,22.499185714285716,HARD,HARD,37.0,2.0,1.0,1.0
2021,9,Austrian Grand Prix,latifi,williams,18,16,+1 Lap,0.0,70,latifi_2021_9,0,70.0,72.54062857142857,68.874,18.001391304347827,32.07527142857143,22.383728571428573,MEDIUM,HARD,37.0,2.0,1.0,1.0
2021,9,Austrian Grand Prix,vettel,aston_martin,11,17,Collision,0.0,69,vettel_2021_9,0,70.0,72.20415942028986,68.42,18.10855072463768,32.15284285714286,22.359942028985508,SOFT,HARD,32.0,3.0,3.0,2.0
2021,9,Austrian Grand Prix,mick_schumacher,haas,19,18,+2 Laps,0.0,69,mick_schumacher_2021_9,0,69.0,73.05082608695652,69.394,18.115735294117645,32.12195652173913,22.738492753623188,MEDIUM,HARD,35.0,2.0,1.0,1.0
2021,9,Austrian Grand Prix,mazepin,haas,20,19,+2 Laps,0.0,69,mazepin_2021_9,0,69.0,73.79097101449275,69.757,18.55930882352941,32.24017391304348,22.91717391304348,MEDIUM,HARD,27.0,3.0,2.0,2.0
2021,9,Austrian Grand Prix,ocon,alpine,17,20,Collision,0.0,0,ocon_2021_9,0,1.0,,,,,,MEDIUM,MEDIUM,1.0,1.0,0.0,0.0
2021,10,British Grand Prix,hamilton,mercedes,2,1,Finished,25.0,52,hamilton_2021_10,0,52.0,93.03512244897958,89.699,31.441959999999998,38.72271153846154,26.922826923076926,MEDIUM,MEDIUM,25.0,3.0,2.0,2.0
2021,10,British Grand Prix,leclerc,ferrari,4,2,Finished,18.0,52,leclerc_2021_10,0,52.0,93.07944897959183,90.569,31.495140000000003,38.74223076923077,26.90951923076923,MEDIUM,MEDIUM,27.0,3.0,2.0,2.0
2021,10,British Grand Prix,bottas,mercedes,3,3,Finished,15.0,52,bottas_2021_10,0,52.0,93.23591836734694,90.524,31.30174,38.93194230769231,27.069134615384616,MEDIUM,HARD,30.0,3.0,2.0,2.0
2021,10,British Grand Prix,norris,mclaren,5,4,Finished,12.0,52,norris_2021_10,0,52.0,93.65691836734695,91.418,31.43942,38.94028846153846,27.258173076923075,MEDIUM,HARD,31.0,3.0,2.0,2.0
2021,10,British Grand Prix,ricciardo,mclaren,6,5,Finished,10.0,52,ricciardo_2021_10,0,52.0,93.9225306122449,91.284,31.46774,39.099,27.373865384615385,MEDIUM,HARD,32.0,3.0,2.0,2.0
2021,10,British Grand Prix,sainz,ferrari,10,6,Finished,8.0,52,sainz_2021_10,0,52.0,94.96722,91.223,31.27584,39.110403846153844,27.542807692307694,MEDIUM,MEDIUM,26.0,3.0,2.0,2.0
2021,10,British Grand Prix,alonso,alpine,7,7,Finished,6.0,52,alonso_2021_10,0,52.0,95.56702,91.698,31.48962,39.24482692307692,27.752403846153847,MEDIUM,HARD,28.0,3.0,2.0,2.0
2021,10,British Grand Prix,stroll,aston_martin,14,8,Finished,4.0,52,stroll_2021_10,0,52.0,95.45263999999999,91.992,30.921440000000004,38.43764,26.29802,MEDIUM,HARD,31.0,3.0,2.0,2.0
2021,10,British Grand Prix,ocon,alpine,9,9,Finished,2.0,52,ocon_2021_10,0,52.0,95.52948,92.21,31.1732,39.49780769230769,27.755980769230767,MEDIUM,HARD,33.0,3.0,2.0,2.0
2021,10,British Grand Prix,tsunoda,alphatauri,16,10,Finished,1.0,52,tsunoda_2021_10,0,52.0,95.44432,90.826,30.70218,39.63775,27.99557692307692,MEDIUM,MEDIUM,30.0,3.0,2.0,2.0
2021,10,British Grand Prix,gasly,alphatauri,11,11,Finished,0.0,52,gasly_2021_10,0,52.0,95.58684,90.266,31.319740000000003,39.43063461538462,27.80594230769231,MEDIUM,MEDIUM,28.0,4.0,3.0,3.0
2021,10,British Grand Prix,russell,williams,12,12,+1 Lap,0.0,51,russell_2021_10,0,51.0,95.7386530612245,92.049,30.85534693877551,39.70829411764706,28.188039215686274,MEDIUM,HARD,33.0,3.0,2.0,2.0
2021,10,British Grand Prix,giovinazzi,alfa,15,13,+1 Lap,0.0,51,giovinazzi_2021_10,0,51.0,95.86681632653061,92.346,31.093877551020405,39.706450980392155,28.02741176470588,MEDIUM,HARD,28.0,3.0,2.0,2.0
2021,10,British Grand Prix,latifi,williams,17,14,+1 Lap,0.0,51,latifi_2021_10,0,51.0,95.7654693877551,92.477,30.839775510204078,39.67452941176471,28.211529411764705,MEDIUM,HARD,32.0,3.0,2.0,2.0
2021,10,British Grand Prix,raikkonen,alfa,13,15,+1 Lap,0.0,51,raikkonen_2021_10,0,51.0,96.12759183673471,91.895,31.544551020408164,39.43174,27.42744,MEDIUM,HARD,33.0,3.0,2.0,2.0
2021,10,British Grand Prix,perez,red_bull,0,16,+1 Lap,0.0,51,perez_2021_10,1,51.0,95.68369387755102,88.617,31.119918367346937,39.47488235294118,28.20594117647059,HARD,MEDIUM,20.0,5.0,4.0,5.0
2021,10,British Grand Prix,mazepin,haas,19,17,+1 Lap,0.0,51,mazepin_2021_10,0,51.0,96.79289795918368,92.909,30.945163265306125,40.16149019607843,28.77343137254902,MEDIUM,HARD,26.0,3.0,2.0,2.0
2021,10,British Grand Prix,mick_schumacher,haas,18,18,+1 Lap,0.0,51,mick_schumacher_2021_10,0,51.0,97.09667346938775,92.862,31.228102040816324,40.32929411764706,28.445470588235295,MEDIUM,HARD,27.0,3.0,2.0,2.0
2021,10,British Grand Prix,vettel,aston_martin,8,19,Retired,0.0,40,vettel_2021_10,0,40.0,95.6275945945946,93.059,31.973105263157898,40.652725,28.444725,MEDIUM,HARD,24.0,3.0,3.0,2.0
2021,10,British Grand Prix,max_verstappen,red_bull,1,20,Collision,0.0,0,max_verstappen_2021_10,0,1.0,,,,,,MEDIUM,MEDIUM,1.0,1.0,0.0,0.0
2021,11,Hungarian Grand Prix,ocon,alpine,8,1,Finished,25.0,70,ocon_2021_11,0,70.0,84.15729411764706,81.421,31.20305882352941,30.31095714285714,24.316814285714283,INTERMEDIATE,MEDIUM,34.0,4.0,3.0,3.0
2021,11,Hungarian Grand Prix,hamilton,mercedes,1,2,Finished,18.0,70,hamilton_2021_11,0,70.0,83.97120588235295,78.715,31.05611764705882,30.380142857142857,24.449185714285715,INTERMEDIATE,MEDIUM,28.0,5.0,4.0,4.0
2021,11,Hungarian Grand Prix,sainz,ferrari,15,3,Finished,15.0,70,sainz_2021_11,0,70.0,84.40711764705883,81.423,31.15335294117647,30.4794,24.434885714285713,INTERMEDIATE,HARD,38.0,4.0,3.0,3.0
2021,11,Hungarian Grand Prix,alonso,alpine,9,4,Finished,12.0,70,alonso_2021_11,0,70.0,84.37027941176471,80.359,31.22433823529412,30.426085714285716,24.463585714285713,INTERMEDIATE,MEDIUM,36.0,4.0,3.0,3.0
2021,11,Hungarian Grand Prix,gasly,alphatauri,5,5,Finished,11.0,70,gasly_2021_11,0,70.0,85.14202941176471,78.394,31.43260294117647,30.843242857142858,24.540085714285716,INTERMEDIATE,HARD,38.0,5.0,4.0,4.0
2021,11,Hungarian Grand Prix,tsunoda,alphatauri,16,6,Finished,8.0,70,tsunoda_2021_11,0,70.0,85.31864705882353,82.45,31.553235294117645,31.05725714285714,24.35132857142857,INTERMEDIATE,HARD,48.0,4.0,3.0,3.0
2021,11,Hungarian Grand Prix,latifi,williams,18,7,Finished,6.0,70,latifi_2021_11,0,70.0,85.35536764705883,82.831,31.389352941176472,31.095442857142856,24.496057142857143,INTERMEDIATE,HARD,47.0,4.0,3.0,3.0
2021,11,Hungarian Grand Prix,russell,williams,17,8,Finished,4.0,70,russell_2021_11,0,70.0,85.31989705882353,82.112,31.20255882352941,31.165057142857144,24.656642857142856,INTERMEDIATE,HARD,49.0,4.0,3.0,3.0
2021,11,Hungarian Grand Prix,max_verstappen,red_bull,3,9,Finished,2.0,70,max_verstappen_2021_11,0,70.0,85.29720588235294,80.945,31.23894117647059,31.114428571428576,24.758557142857143,INTERMEDIATE,MEDIUM,35.0,6.0,5.0,5.0
2021,11,Hungarian Grand Prix,raikkonen,alfa,13,10,+1 Lap,1.0,69,raikkonen_2021_11,0,69.0,85.67376119402985,81.518,31.630447761194027,31.149695652173914,24.60336231884058,INTERMEDIATE,HARD,38.0,5.0,4.0,4.0
2021,11,Hungarian Grand Prix,ricciardo,mclaren,11,11,+1 Lap,0.0,69,ricciardo_2021_11,0,69.0,85.99071641791045,82.802,31.15941791044776,31.330550724637682,24.992202898550726,INTERMEDIATE,HARD,49.0,4.0,3.0,3.0
2021,11,Hungarian Grand Prix,mick_schumacher,haas,20,12,+1 Lap,0.0,69,mick_schumacher_2021_11,0,69.0,86.0221343283582,82.711,31.570358208955223,31.27772463768116,24.86617391304348,INTERMEDIATE,HARD,35.0,4.0,3.0,3.0
2021,11,Hungarian Grand Prix,giovinazzi,alfa,0,13,+1 Lap,0.0,69,giovinazzi_2021_11,1,69.0,86.39352238805971,82.736,31.67137313432836,30.857101449275362,25.072289855072466,MEDIUM,HARD,36.0,6.0,5.0,6.0
2021,11,Hungarian Grand Prix,mazepin,haas,19,14,Collision,0.0,3,mazepin_2021_11,0,3.0,137.794,137.794,62.914,52.91466666666667,47.454,INTERMEDIATE,INTERMEDIATE,1.0,3.0,3.0,2.0
2021,11,Hungarian Grand Prix,norris,mclaren,6,15,Collision,0.0,2,norris_2021_11,0,2.0,142.425,142.425,72.798,52.068,53.346000000000004,INTERMEDIATE,INTERMEDIATE,1.0,2.0,2.0,1.0
2021,11,Hungarian Grand Prix,bottas,mercedes,2,16,Collision,0.0,0,bottas_2021_11,0,1.0,,,,,,INTERMEDIATE,INTERMEDIATE,1.0,1.0,0.0,0.0
2021,11,Hungarian Grand Prix,perez,red_bull,4,17,Collision,0.0,0,perez_2021_11,0,1.0,,,,,,INTERMEDIATE,INTERMEDIATE,1.0,1.0,0.0,0.0
2021,11,Hungarian Grand Prix,leclerc,ferrari,7,18,Collision,0.0,0,leclerc_2021_11,0,1.0,,,,,,INTERMEDIATE,INTERMEDIATE,1.0,1.0,0.0,0.0
2021,11,Hungarian Grand Prix,stroll,aston_martin,12,19,Collision,0.0,0,stroll_2021_11,0,1.0,,,,,,INTERMEDIATE,INTERMEDIATE,1.0,1.0,0.0,0.0
2021,11,Hungarian Grand Prix,vettel,aston_martin,10,20,Disqualified,0.0,70,vettel_2021_11,0,70.0,84.20141176470588,81.459,31.025338235294118,30.576814285714285,24.26397142857143,INTERMEDIATE,HARD,34.0,4.0,3.0,3.0
2021,12,Belgian Grand Prix,max_verstappen,red_bull,1,1,Finished,12.5,1,max_verstappen_2021_12,0,3.0,207.071,207.071,53.216499999999996,94.087,54.76333333333333,WET,WET,4.0,1.0,1.0,1.0
2021,12,Belgian Grand Prix,russell,williams,2,2,Finished,9.0,1,russell_2021_12,0,3.0,209.066,209.066,53.277,93.943,55.044333333333334,WET,WET,3.0,1.0,1.0,1.0
2021,12,Belgian Grand Prix,hamilton,mercedes,3,3,Finished,7.5,1,hamilton_2021_12,0,3.0,209.672,209.672,54.561499999999995,93.444,55.20433333333333,UNKNOWN,UNKNOWN,3.0,1.0,1.0,1.0
2021,12,Belgian Grand Prix,ricciardo,mclaren,4,4,Finished,6.0,1,ricciardo_2021_12,0,3.0,211.567,211.567,54.6455,92.78233333333333,56.34966666666667,UNKNOWN,UNKNOWN,3.0,1.0,1.0,1.0
2021,12,Belgian Grand Prix,vettel,aston_martin,5,5,Finished,5.0,1,vettel_2021_12,0,3.0,214.55,214.55,53.611,93.55533333333334,57.133,UNKNOWN,UNKNOWN,5.0,1.0,1.0,1.0
2021,12,Belgian Grand Prix,gasly,alphatauri,6,6,Finished,4.0,1,gasly_2021_12,0,3.0,217.248,217.248,53.1085,92.62599999999999,59.073,UNKNOWN,UNKNOWN,3.0,1.0,1.0,1.0
2021,12,Belgian Grand Prix,ocon,alpine,8,7,Finished,3.0,1,ocon_2021_12,0,3.0,218.65,218.65,56.7435,89.34933333333333,59.026,UNKNOWN,UNKNOWN,3.0,1.0,1.0,1.0
2021,12,Belgian Grand Prix,leclerc,ferrari,9,8,Finished,2.0,1,leclerc_2021_12,0,3.0,219.679,219.679,57.6135,87.49166666666667,59.845333333333336,UNKNOWN,UNKNOWN,3.0,1.0,1.0,1.0
2021,12,Belgian Grand Prix,latifi,williams,10,9,Finished,1.0,1,latifi_2021_12,0,3.0,222.556,222.556,56.585499999999996,87.08133333333335,60.18633333333333,WET,WET,3.0,1.0,1.0,1.0
2021,12,Belgian Grand Prix,sainz,ferrari,11,10,Finished,0.5,1,sainz_2021_12,0,3.0,223.237,223.237,58.0545,85.356,60.463,UNKNOWN,UNKNOWN,3.0,1.0,1.0,1.0
2021,12,Belgian Grand Prix,alonso,alpine,12,11,Finished,0.0,1,alonso_2021_12,0,3.0,227.661,227.661,56.589,84.789,62.09433333333334,UNKNOWN,UNKNOWN,3.0,1.0,1.0,1.0
2021,12,Belgian Grand Prix,bottas,mercedes,13,12,Finished,0.0,1,bottas_2021_12,0,3.0,229.485,229.485,57.6155,83.27033333333333,62.32966666666667,UNKNOWN,UNKNOWN,3.0,1.0,1.0,1.0
2021,12,Belgian Grand Prix,giovinazzi,alfa,14,13,Finished,0.0,1,giovinazzi_2021_12,0,3.0,231.234,231.234,57.4035,82.74966666666667,63.10933333333333,WET,WET,3.0,1.0,1.0,1.0
2021,12,Belgian Grand Prix,norris,mclaren,15,14,Finished,0.0,1,norris_2021_12,0,3.0,234.181,234.181,58.715,79.01533333333333,65.89800000000001,UNKNOWN,UNKNOWN,3.0,1.0,1.0,1.0
2021,12,Belgian Grand Prix,tsunoda,alphatauri,16,15,Finished,0.0,1,tsunoda_2021_12,0,3.0,235.4,235.4,60.1155,78.92166666666667,66.33533333333334,UNKNOWN,UNKNOWN,3.0,1.0,1.0,1.0
2021,12,Belgian Grand Prix,mick_schumacher,haas,17,16,Finished,0.0,1,mick_schumacher_2021_12,0,3.0,236.578,236.578,59.951,79.01633333333332,68.51766666666667,WET,WET,6.0,1.0,1.0,1.0
2021,12,Belgian Grand Prix,mazepin,haas,18,17,Finished,0.0,1,mazepin_2021_12,0,3.0,239.064,239.064,60.0875,78.071,70.809,WET,WET,7.0,1.0,1.0,1.0
2021,12,Belgian Grand Prix,raikkonen,alfa,0,18,Finished,0.0,1,raikkonen_2021_12,1,3.0,243.125,243.125,61.6705,76.78766666666667,58.6725,WET,WET,3.0,1.0,1.0,1.0
2021,12,Belgian Grand Prix,perez,red_bull,0,19,Finished,0.0,1,perez_2021_12,1,3.0,245.276,245.276,63.343,76.181,56.5535,UNKNOWN,UNKNOWN,3.0,1.0,1.0,1.0
2021,12,Belgian Grand Prix,stroll,aston_martin,19,20,Finished,0.0,1,stroll_2021_12,0,3.0,241.179,241.179,60.1455,77.67,73.53433333333334,UNKNOWN,UNKNOWN,3.0,1.0,1.0,1.0
2021,13,Dutch Grand Prix,max_verstappen,red_bull,1,1,Finished,25.0,72,max_verstappen_2021_13,0,72.0,75.07493055555557,73.275,26.266676056338028,25.861472222222222,22.907902777777778,SOFT,HARD,32.0,3.0,2.0,2.0
2021,13,Dutch Grand Prix,hamilton,mercedes,2,2,Finished,19.0,72,hamilton_2021_13,0,72.0,75.36565277777778,71.097,26.460211267605633,25.997458333333334,22.85361111111111,SOFT,MEDIUM,36.0,4.0,3.0,3.0
2021,13,Dutch Grand Prix,bottas,mercedes,3,3,Finished,15.0,72,bottas_2021_13,0,72.0,75.85909722222222,72.549,26.512197183098593,26.271208333333334,23.016041666666666,SOFT,MEDIUM,36.0,3.0,2.0,2.0
2021,13,Dutch Grand Prix,gasly,alphatauri,4,4,+1 Lap,12.0,71,gasly_2021_13,0,71.0,76.29835211267606,74.818,26.1997,26.862901408450707,23.165394366197184,SOFT,MEDIUM,47.0,2.0,1.0,1.0
2021,13,Dutch Grand Prix,leclerc,ferrari,5,5,+1 Lap,10.0,71,leclerc_2021_13,0,71.0,76.36866197183099,74.78,26.500657142857143,26.517577464788733,23.278464788732393,SOFT,HARD,37.0,2.0,1.0,1.0
2021,13,Dutch Grand Prix,alonso,alpine,9,6,+1 Lap,8.0,71,alonso_2021_13,0,71.0,76.77273239436619,74.323,26.534914285714287,26.862985915492956,23.288338028169015,SOFT,MEDIUM,38.0,2.0,1.0,1.0
2021,13,Dutch Grand Prix,sainz,ferrari,6,7,+1 Lap,6.0,71,sainz_2021_13,0,71.0,76.80135211267606,75.26,26.6757,26.741450704225354,23.302507042253524,SOFT,HARD,40.0,2.0,1.0,1.0
2021,13,Dutch Grand Prix,perez,red_bull,0,8,+1 Lap,4.0,71,perez_2021_13,1,71.0,76.80956338028169,73.461,26.770285714285716,26.447492957746476,23.333183098591547,HARD,MEDIUM,39.0,3.0,2.0,3.0
2021,13,Dutch Grand Prix,ocon,alpine,8,9,+1 Lap,2.0,71,ocon_2021_13,0,71.0,76.82345070422535,74.675,26.481099999999998,26.97145070422535,23.282070422535213,SOFT,MEDIUM,40.0,2.0,1.0,1.0
2021,13,Dutch Grand Prix,norris,mclaren,13,10,+1 Lap,1.0,71,norris_2021_13,0,71.0,76.8693661971831,74.236,26.588857142857144,26.788323943661972,23.386845070422535,MEDIUM,MEDIUM,42.0,2.0,1.0,1.0
2021,13,Dutch Grand Prix,ricciardo,mclaren,10,11,+1 Lap,0.0,71,ricciardo_2021_13,0,71.0,77.04678873239436,74.92,26.802557142857143,26.772774647887324,23.384338028169015,SOFT,HARD,41.0,2.0,1.0,1.0
2021,13,Dutch Grand Prix,stroll,aston_martin,12,12,+2 Laps,0.0,70,stroll_2021_13,0,70.0,77.46738571428571,75.611,26.720072463768116,27.146871428571426,23.50402857142857,SOFT,HARD,43.0,2.0,1.0,1.0
2021,13,Dutch Grand Prix,vettel,aston_martin,15,13,+2 Laps,0.0,70,vettel_2021_13,0,70.0,77.49915714285714,73.958,26.98172463768116,26.972885714285717,23.439614285714285,SOFT,HARD,34.0,3.0,2.0,2.0
2021,13,Dutch Grand Prix,giovinazzi,alfa,7,14,+2 Laps,0.0,70,giovinazzi_2021_13,0,70.0,77.61674285714285,75.125,26.946159420289856,27.146514285714286,23.440971428571427,SOFT,HARD,37.0,3.0,2.0,2.0
2021,13,Dutch Grand Prix,kubica,alfa,16,15,+2 Laps,0.0,70,kubica_2021_13,0,70.0,78.08361428571429,75.442,27.005246376811595,27.327014285714288,23.641042857142857,MEDIUM,MEDIUM,40.0,2.0,1.0,1.0
2021,13,Dutch Grand Prix,latifi,williams,0,16,+2 Laps,0.0,70,latifi_2021_13,1,70.0,78.11064285714285,75.79,26.82014492753623,27.4144,23.592385714285715,MEDIUM,HARD,47.0,2.0,1.0,2.0
2021,13,Dutch Grand Prix,russell,williams,11,17,Gearbox,0.0,69,russell_2021_13,0,69.0,78.19201449275361,75.628,26.989970588235295,27.319985507246376,23.79060869565217,MEDIUM,HARD,41.0,3.0,3.0,2.0
2021,13,Dutch Grand Prix,mick_schumacher,haas,17,18,+3 Laps,0.0,69,mick_schumacher_2021_13,0,69.0,79.24921739130434,75.927,27.709352941176473,27.47027536231884,23.96214492753623,SOFT,MEDIUM,39.0,3.0,2.0,2.0
2021,13,Dutch Grand Prix,tsunoda,alphatauri,14,19,Power Unit,0.0,48,tsunoda_2021_13,0,48.0,78.26412499999999,75.783,27.037,27.32104166666667,23.7636875,SOFT,SOFT,31.0,2.0,2.0,1.0
2021,13,Dutch Grand Prix,mazepin,haas,18,20,Hydraulics,0.0,41,mazepin_2021_13,0,41.0,79.20370731707317,76.066,27.398200000000003,27.589829268292682,24.027341463414633,MEDIUM,MEDIUM,33.0,2.0,2.0,1.0
2021,14,Italian Grand Prix,ricciardo,mclaren,2,1,Finished,26.0,53,ricciardo_2021_14,0,53.0,87.77742857142857,84.812,30.172865384615385,31.708056603773585,30.853283018867923,MEDIUM,HARD,31.0,2.0,1.0,1.0
2021,14,Italian Grand Prix,norris,mclaren,3,2,Finished,18.0,53,norris_2021_14,0,53.0,89.1795,84.971,30.014115384615383,31.795905660377358,30.943735849056605,MEDIUM,HARD,29.0,2.0,1.0,1.0
2021,14,Italian Grand Prix,bottas,mercedes,19,3,Finished,15.0,53,bottas_2021_14,0,53.0,90.3833137254902,84.827,29.735980769230768,31.897716981132074,31.09969811320755,HARD,MEDIUM,27.0,2.0,1.0,1.0
2021,14,Italian Grand Prix,leclerc,ferrari,5,4,Finished,12.0,53,leclerc_2021_14,0,53.0,87.71097959183673,85.319,30.07038461538462,31.57233962264151,31.195283018867922,MEDIUM,HARD,27.0,2.0,1.0,1.0
2021,14,Italian Grand Prix,perez,red_bull,8,5,Finished,10.0,53,perez_2021_14,0,53.0,90.14727450980394,85.156,29.894403846153846,31.790509433962264,31.06779245283019,MEDIUM,HARD,27.0,2.0,1.0,1.0
2021,14,Italian Grand Prix,sainz,ferrari,6,6,Finished,8.0,53,sainz_2021_14,0,53.0,90.48729411764705,85.559,30.02475,31.69681132075472,31.1728679245283,MEDIUM,HARD,27.0,2.0,1.0,1.0
2021,14,Italian Grand Prix,stroll,aston_martin,9,7,Finished,6.0,53,stroll_2021_14,0,53.0,90.61945098039214,85.853,30.380576923076923,31.674641509433965,30.928905660377357,MEDIUM,HARD,30.0,2.0,1.0,1.0
2021,14,Italian Grand Prix,alonso,alpine,10,8,Finished,4.0,53,alonso_2021_14,0,53.0,90.6776862745098,85.472,30.179884615384616,31.808849056603773,31.015962264150943,MEDIUM,HARD,28.0,2.0,1.0,1.0
2021,14,Italian Grand Prix,russell,williams,14,9,Finished,2.0,53,russell_2021_14,0,53.0,90.68282352941178,85.835,30.10023076923077,31.95001886792453,30.99043396226415,MEDIUM,HARD,27.0,2.0,1.0,1.0
2021,14,Italian Grand Prix,ocon,alpine,12,10,Finished,1.0,53,ocon_2021_14,0,53.0,90.6901568627451,85.566,30.213423076923075,31.799566037735847,31.05398113207547,MEDIUM,HARD,27.0,2.0,1.0,1.0
2021,14,Italian Grand Prix,latifi,williams,13,11,Finished,0.0,53,latifi_2021_14,0,53.0,90.77005882352941,85.953,30.311365384615385,31.859528301886794,30.95509433962264,MEDIUM,HARD,30.0,2.0,1.0,1.0
2021,14,Italian Grand Prix,vettel,aston_martin,11,12,Finished,0.0,53,vettel_2021_14,0,53.0,92.04692307692306,85.938,30.472846153846152,31.64822641509434,31.031754716981133,MEDIUM,MEDIUM,27.0,3.0,2.0,2.0
2021,14,Italian Grand Prix,giovinazzi,alfa,7,13,Finished,0.0,53,giovinazzi_2021_14,0,53.0,92.10063461538462,85.718,30.480384615384615,31.753075471698114,30.986830188679242,MEDIUM,MEDIUM,28.0,3.0,2.0,2.0
2021,14,Italian Grand Prix,kubica,alfa,17,14,Finished,0.0,53,kubica_2021_14,0,53.0,90.91874509803921,85.849,30.09128846153846,31.83666037735849,31.295622641509436,HARD,MEDIUM,27.0,2.0,1.0,1.0
2021,14,Italian Grand Prix,mick_schumacher,haas,18,15,Finished,0.0,53,mick_schumacher_2021_14,0,53.0,92.5578076923077,86.707,30.263826923076923,31.572245283018866,31.781716981132075,MEDIUM,HARD,30.0,2.0,1.0,1.0
2021,14,Italian Grand Prix,mazepin,haas,16,16,Power Unit,0.0,41,mazepin_2021_14,0,42.0,94.47240000000001,87.202,31.110475,32.2339512195122,32.549780487804874,MEDIUM,MEDIUM,24.0,4.0,3.0,3.0
2021,14,Italian Grand Prix,hamilton,mercedes,4,17,Collision,0.0,25,hamilton_2021_14,0,25.0,87.6894,85.87,28.329625000000004,29.78352,29.5068,HARD,HARD,25.0,1.0,1.0,0.0
2021,14,Italian Grand Prix,max_verstappen,red_bull,1,18,Collision,0.0,25,max_verstappen_2021_14,0,26.0,88.54992,85.173,29.554041666666667,29.50308,29.47432,MEDIUM,MEDIUM,23.0,2.0,1.0,1.0
2021,14,Italian Grand Prix,gasly,alphatauri,0,19,Suspension,0.0,3,gasly_2021_14,1,3.0,106.783,89.005,28.5365,33.17966666666667,42.09733333333333,HARD,HARD,3.0,1.0,1.0,1.0
2021,14,Italian Grand Prix,tsunoda,alphatauri,0,20,Brakes,0.0,0,tsunoda_2021_14,1,1.0,,,,,,MEDIUM,MEDIUM,1.0,1.0,0.0,0.0
2021,15,Russian Grand Prix,hamilton,mercedes,4,1,Finished,25.0,53,hamilton_2021_15,0,53.0,102.6603962264151,97.575,36.95386538461538,35.54643396226415,30.10322641509434,MEDIUM,MEDIUM,26.0,3.0,2.0,2.0
2021,15,Russian Grand Prix,max_verstappen,red_bull,20,2,Finished,18.0,53,max_verstappen_2021_15,0,53.0,103.66550943396226,98.396,37.004711538461535,35.747849056603776,30.792283018867924,HARD,HARD,26.0,3.0,2.0,2.0
2021,15,Russian Grand Prix,sainz,ferrari,2,3,Finished,15.0,53,sainz_2021_15,0,53.0,103.83916981132074,99.294,37.52534615384615,35.84658490566038,30.461396226415093,MEDIUM,HARD,34.0,3.0,2.0,2.0
2021,15,Russian Grand Prix,ricciardo,mclaren,5,4,Finished,12.0,53,ricciardo_2021_15,0,53.0,103.8982641509434,99.124,37.38984615384615,35.87909433962265,30.57647169811321,MEDIUM,HARD,26.0,3.0,2.0,2.0
2021,15,Russian Grand Prix,bottas,mercedes,16,5,Finished,10.0,53,bottas_2021_15,0,53.0,103.9346037735849,98.216,37.13811538461538,35.751849056603774,30.9487358490566,HARD,HARD,28.0,3.0,2.0,2.0
2021,15,Russian Grand Prix,alonso,alpine,6,6,Finished,8.0,53,alonso_2021_15,0,53.0,104.19475471698114,98.686,37.36159615384615,36.23967924528302,30.54671698113208,HARD,HARD,36.0,3.0,2.0,2.0
2021,15,Russian Grand Prix,norris,mclaren,1,7,Finished,7.0,53,norris_2021_15,0,53.0,102.63738461538462,97.423,37.502442307692306,36.40677358490566,30.375,MEDIUM,MEDIUM,28.0,3.0,2.0,2.0
2021,15,Russian Grand Prix,raikkonen,alfa,13,8,Finished,4.0,53,raikkonen_2021_15,0,53.0,104.33879245283019,100.289,37.46134615384615,35.97647169811321,30.83056603773585,MEDIUM,HARD,32.0,3.0,2.0,2.0
2021,15,Russian Grand Prix,perez,red_bull,8,9,Finished,2.0,53,perez_2021_15,0,53.0,104.35994339622641,99.215,37.465673076923075,36.14424528301887,30.69196226415094,HARD,HARD,36.0,3.0,2.0,2.0
2021,15,Russian Grand Prix,russell,williams,3,10,Finished,1.0,53,russell_2021_15,0,53.0,104.55758490566038,100.596,37.469307692307694,36.05043396226415,31.003490566037733,MEDIUM,HARD,34.0,3.0,2.0,2.0
2021,15,Russian Grand Prix,stroll,aston_martin,7,11,Finished,0.0,53,stroll_2021_15,0,53.0,104.66413207547168,100.464,37.75459615384615,36.158,30.714264150943396,MEDIUM,HARD,36.0,3.0,2.0,2.0
2021,15,Russian Grand Prix,vettel,aston_martin,10,12,+1 Lap,0.0,52,vettel_2021_15,0,52.0,103.58172549019608,99.251,37.60852941176471,36.380730769230766,30.60801923076923,MEDIUM,MEDIUM,26.0,3.0,2.0,2.0
2021,15,Russian Grand Prix,gasly,alphatauri,11,13,+1 Lap,0.0,52,gasly_2021_15,0,52.0,103.84325490196079,98.279,37.330254901960785,36.489576923076925,31.440115384615385,HARD,HARD,33.0,3.0,2.0,2.0
2021,15,Russian Grand Prix,ocon,alpine,9,14,+1 Lap,0.0,52,ocon_2021_15,0,52.0,104.02417647058824,100.598,37.740235294117646,36.80498076923077,30.99219230769231,MEDIUM,HARD,35.0,3.0,2.0,2.0
2021,15,Russian Grand Prix,leclerc,ferrari,19,15,+1 Lap,0.0,52,leclerc_2021_15,0,52.0,103.90870588235295,98.994,37.53062745098039,37.036019230769234,31.09180769230769,HARD,HARD,35.0,3.0,2.0,2.0
2021,15,Russian Grand Prix,giovinazzi,alfa,17,16,+1 Lap,0.0,52,giovinazzi_2021_15,0,52.0,104.925,99.058,38.0888431372549,36.97790384615384,31.044865384615385,HARD,HARD,36.0,3.0,2.0,2.0
2021,15,Russian Grand Prix,tsunoda,alphatauri,12,17,+1 Lap,0.0,52,tsunoda_2021_15,0,52.0,106.5863076923077,99.96,38.180313725490194,36.81292307692308,31.505134615384616,MEDIUM,HARD,34.0,4.0,3.0,3.0
2021,15,Russian Grand Prix,mazepin,haas,15,18,+2 Laps,0.0,51,mazepin_2021_15,0,51.0,107.0004705882353,101.713,38.37276,37.0861568627451,31.477764705882354,MEDIUM,HARD,32.0,3.0,2.0,2.0
2021,15,Russian Grand Prix,latifi,williams,18,19,Accident,0.0,47,latifi_2021_15,0,47.0,103.43434042553191,100.0,36.73645652173913,35.90436170212766,30.665276595744682,MEDIUM,HARD,34.0,2.0,2.0,1.0
2021,15,Russian Grand Prix,mick_schumacher,haas,14,20,Oil leak,0.0,32,mick_schumacher_2021_15,0,32.0,104.44296875,100.276,37.32687096774194,35.92215625,31.0154375,MEDIUM,MEDIUM,20.0,2.0,2.0,1.0
2021,16,Turkish Grand Prix,bottas,mercedes,1,1,Finished,26.0,58,bottas_2021_16,0,58.0,94.20867241379311,90.432,35.26582456140351,33.12946551724138,25.791999999999998,INTERMEDIATE,INTERMEDIATE,37.0,2.0,1.0,1.0
2021,16,Turkish Grand Prix,max_verstappen,red_bull,2,2,Finished,18.0,58,max_verstappen_2021_16,0,58.0,94.46012068965517,92.759,35.387719298245614,33.0271724137931,26.007724137931035,INTERMEDIATE,INTERMEDIATE,36.0,2.0,1.0,1.0
2021,16,Turkish Grand Prix,perez,red_bull,6,3,Finished,15.0,58,perez_2021_16,0,58.0,94.78575862068965,92.459,35.43414035087719,33.1208275862069,26.163793103448278,INTERMEDIATE,INTERMEDIATE,37.0,2.0,1.0,1.0
2021,16,Turkish Grand Prix,leclerc,ferrari,3,4,Finished,12.0,58,leclerc_2021_16,0,58.0,94.86063793103449,92.737,35.59168421052632,33.08141379310345,26.13758620689655,INTERMEDIATE,INTERMEDIATE,47.0,2.0,1.0,1.0
2021,16,Turkish Grand Prix,hamilton,mercedes,11,5,Finished,10.0,58,hamilton_2021_16,0,58.0,94.92956896551723,92.763,35.614526315789476,33.21896551724138,25.9806724137931,INTERMEDIATE,INTERMEDIATE,50.0,2.0,1.0,1.0
2021,16,Turkish Grand Prix,gasly,alphatauri,4,6,Finished,8.0,58,gasly_2021_16,0,58.0,94.9723275862069,92.814,35.47940350877193,33.34024137931034,26.07,INTERMEDIATE,INTERMEDIATE,39.0,2.0,1.0,1.0
2021,16,Turkish Grand Prix,norris,mclaren,7,7,Finished,6.0,58,norris_2021_16,0,58.0,95.02268965517241,92.446,35.58740350877193,33.11677586206896,26.23094827586207,INTERMEDIATE,INTERMEDIATE,34.0,2.0,1.0,1.0
2021,16,Turkish Grand Prix,sainz,ferrari,19,8,Finished,4.0,58,sainz_2021_16,0,58.0,95.09705172413793,91.921,35.7359649122807,33.184137931034485,26.012396551724137,INTERMEDIATE,INTERMEDIATE,36.0,2.0,1.0,1.0
2021,16,Turkish Grand Prix,stroll,aston_martin,8,9,Finished,2.0,58,stroll_2021_16,0,58.0,95.62277586206896,92.608,35.97005263157895,33.57244827586207,25.98896551724138,INTERMEDIATE,INTERMEDIATE,39.0,2.0,1.0,1.0
2021,16,Turkish Grand Prix,ocon,alpine,12,10,+1 Lap,1.0,57,ocon_2021_16,0,57.0,96.04977192982457,94.584,35.962267857142855,33.51822807017544,26.4469298245614,INTERMEDIATE,INTERMEDIATE,57.0,1.0,0.0,0.0
2021,16,Turkish Grand Prix,giovinazzi,alfa,16,11,+1 Lap,0.0,57,giovinazzi_2021_16,0,57.0,96.06301754385964,92.904,36.00744642857143,33.7320701754386,26.194719298245612,INTERMEDIATE,INTERMEDIATE,40.0,2.0,1.0,1.0
2021,16,Turkish Grand Prix,raikkonen,alfa,17,12,+1 Lap,0.0,57,raikkonen_2021_16,0,57.0,96.15131578947368,92.586,35.95180357142857,33.78242105263158,26.272,INTERMEDIATE,INTERMEDIATE,37.0,2.0,1.0,1.0
2021,16,Turkish Grand Prix,ricciardo,mclaren,20,13,+1 Lap,0.0,57,ricciardo_2021_16,0,57.0,96.1960350877193,93.255,36.06946428571429,33.531561403508775,26.432333333333332,INTERMEDIATE,INTERMEDIATE,36.0,2.0,1.0,1.0
2021,16,Turkish Grand Prix,tsunoda,alphatauri,9,14,+1 Lap,0.0,57,tsunoda_2021_16,0,57.0,96.28998245614036,92.844,36.03603571428572,33.79536842105263,26.36063157894737,INTERMEDIATE,INTERMEDIATE,35.0,2.0,1.0,1.0
2021,16,Turkish Grand Prix,russell,williams,13,15,+1 Lap,0.0,57,russell_2021_16,0,57.0,96.35471929824561,93.399,36.31155357142857,33.530701754385966,26.371070175438597,INTERMEDIATE,INTERMEDIATE,35.0,2.0,1.0,1.0
2021,16,Turkish Grand Prix,alonso,alpine,5,16,+1 Lap,0.0,57,alonso_2021_16,0,57.0,96.39663157894738,93.252,36.123089285714286,33.64515789473684,26.47238596491228,INTERMEDIATE,INTERMEDIATE,30.0,2.0,1.0,1.0
2021,16,Turkish Grand Prix,latifi,williams,15,17,+1 Lap,0.0,57,latifi_2021_16,0,57.0,96.49331578947368,93.672,36.135803571428575,33.801508771929825,26.401140350877192,INTERMEDIATE,INTERMEDIATE,34.0,2.0,1.0,1.0
2021,16,Turkish Grand Prix,vettel,aston_martin,10,18,+1 Lap,0.0,57,vettel_2021_16,0,57.0,95.71278571428572,92.73,36.46635714285714,33.71740350877193,26.561508771929827,INTERMEDIATE,INTERMEDIATE,36.0,3.0,2.0,2.0
2021,16,Turkish Grand Prix,mick_schumacher,haas,14,19,+2 Laps,0.0,56,mick_schumacher_2021_16,0,56.0,97.91766071428572,94.209,36.83389090909091,34.265589285714285,26.69255357142857,INTERMEDIATE,INTERMEDIATE,39.0,2.0,1.0,1.0
2021,16,Turkish Grand Prix,mazepin,haas,18,20,+2 Laps,0.0,56,mazepin_2021_16,0,56.0,98.34876785714286,95.438,36.859109090909094,34.52194642857143,26.811285714285713,INTERMEDIATE,INTERMEDIATE,35.0,2.0,1.0,1.0
2021,17,United States Grand Prix,max_verstappen,red_bull,1,1,Finished,25.0,56,max_verstappen_2021_17,0,56.0,101.36699999999999,99.096,27.92054545454545,40.493339285714285,32.949803571428575,MEDIUM,HARD,27.0,3.0,2.0,2.0
2021,17,United States Grand Prix,hamilton,mercedes,2,2,Finished,19.0,56,hamilton_2021_17,0,56.0,101.39080357142858,98.485,27.92141818181818,40.437892857142856,33.040125,MEDIUM,HARD,24.0,3.0,2.0,2.0
2021,17,United States Grand Prix,perez,red_bull,3,3,Finished,15.0,56,perez_2021_17,0,56.0,102.12098214285713,99.566,28.0646,40.69348214285714,33.34958928571429,MEDIUM,MEDIUM,26.0,3.0,2.0,2.0
2021,17,United States Grand Prix,leclerc,ferrari,4,4,Finished,12.0,56,leclerc_2021_17,0,56.0,102.29996428571428,99.303,27.98030909090909,40.73966071428571,33.55323214285714,MEDIUM,HARD,24.0,3.0,2.0,2.0
2021,17,United States Grand Prix,ricciardo,mclaren,6,5,Finished,10.0,56,ricciardo_2021_17,0,56.0,102.73939285714286,100.345,28.00092727272727,40.99364285714285,33.71301785714286,MEDIUM,HARD,26.0,3.0,2.0,2.0
2021,17,United States Grand Prix,bottas,mercedes,9,6,Finished,8.0,56,bottas_2021_17,0,56.0,102.79785714285715,100.147,28.14136363636364,40.89408928571429,33.71078571428571,MEDIUM,HARD,22.0,3.0,2.0,2.0
2021,17,United States Grand Prix,sainz,ferrari,5,7,Finished,6.0,56,sainz_2021_17,0,56.0,102.858875,100.377,28.15769090909091,40.93357142857143,33.73871428571429,SOFT,HARD,27.0,3.0,2.0,2.0
2021,17,United States Grand Prix,norris,mclaren,7,8,Finished,4.0,56,norris_2021_17,0,56.0,102.87405357142858,100.228,28.090163636363638,41.01853571428571,33.73057142857143,MEDIUM,HARD,26.0,3.0,2.0,2.0
2021,17,United States Grand Prix,tsunoda,alphatauri,10,9,+1 Lap,2.0,55,tsunoda_2021_17,0,55.0,103.81965454545455,101.151,28.355703703703707,41.56272727272727,33.85727272727272,SOFT,HARD,23.0,3.0,2.0,2.0
2021,17,United States Grand Prix,vettel,aston_martin,18,10,+1 Lap,1.0,55,vettel_2021_17,0,55.0,103.85670909090909,100.481,28.575833333333335,41.33090909090909,33.86529090909091,MEDIUM,MEDIUM,23.0,3.0,2.0,2.0
2021,17,United States Grand Prix,giovinazzi,alfa,12,11,+1 Lap,0.0,55,giovinazzi_2021_17,0,55.0,104.02932727272727,100.792,28.61672222222222,41.27687272727273,34.07876363636364,MEDIUM,HARD,29.0,3.0,2.0,2.0
2021,17,United States Grand Prix,stroll,aston_martin,13,12,+1 Lap,0.0,55,stroll_2021_17,0,55.0,104.28714545454545,101.189,28.522425925925926,41.457927272727275,34.163672727272726,MEDIUM,MEDIUM,21.0,3.0,2.0,2.0
2021,17,United States Grand Prix,raikkonen,alfa,15,13,+1 Lap,0.0,55,raikkonen_2021_17,0,55.0,104.34898181818183,101.34,28.60743396226415,41.44057407407408,34.049654545454544,MEDIUM,MEDIUM,24.0,3.0,2.0,2.0
2021,17,United States Grand Prix,russell,williams,20,14,+1 Lap,0.0,55,russell_2021_17,0,55.0,104.39547272727273,101.12,28.57885185185185,41.659763636363635,34.07741818181818,MEDIUM,HARD,24.0,3.0,2.0,2.0
2021,17,United States Grand Prix,latifi,williams,14,15,+1 Lap,0.0,55,latifi_2021_17,0,55.0,104.9729090909091,101.818,28.75572222222222,41.60294545454545,34.46043636363636,MEDIUM,HARD,30.0,3.0,2.0,2.0
2021,17,United States Grand Prix,mick_schumacher,haas,16,16,+2 Laps,0.0,54,mick_schumacher_2021_17,0,54.0,105.22525925925926,101.395,28.900528301886794,41.87388888888889,34.37909259259259,MEDIUM,MEDIUM,23.0,3.0,2.0,2.0
2021,17,United States Grand Prix,mazepin,haas,17,17,+2 Laps,0.0,54,mazepin_2021_17,0,54.0,106.84564814814814,102.886,29.665886792452827,42.52231481481481,34.587555555555554,MEDIUM,MEDIUM,23.0,4.0,3.0,3.0
2021,17,United States Grand Prix,alonso,alpine,19,18,Rear wing,0.0,49,alonso_2021_17,0,49.0,104.27089795918366,100.067,28.797020833333335,41.246102040816325,34.1279387755102,MEDIUM,HARD,21.0,4.0,4.0,3.0
2021,17,United States Grand Prix,ocon,alpine,11,19,Mechanical,0.0,40,ocon_2021_17,0,40.0,106.166775,102.194,29.37733333333333,41.74085,34.975975,MEDIUM,HARD,22.0,3.0,3.0,2.0
2021,17,United States Grand Prix,gasly,alphatauri,8,20,Suspension,0.0,14,gasly_2021_17,0,14.0,109.07442857142857,102.015,29.874153846153845,43.23321428571428,35.82285714285714,MEDIUM,MEDIUM,13.0,2.0,2.0,1.0
2021,18,Mexico City Grand Prix,max_verstappen,red_bull,3,1,Finished,25.0,71,max_verstappen_2021_18,0,71.0,83.36740845070423,78.999,29.934485714285717,31.817428571428568,21.3091,MEDIUM,HARD,60.0,2.0,1.0,1.0
2021,18,Mexico City Grand Prix,hamilton,mercedes,2,2,Finished,18.0,71,hamilton_2021_18,0,71.0,83.60057746478873,79.82,29.84407142857143,32.09381690140845,21.631676056338026,MEDIUM,HARD,42.0,2.0,1.0,1.0
2021,18,Mexico City Grand Prix,perez,red_bull,4,3,Finished,15.0,71,perez_2021_18,0,71.0,83.6174366197183,79.468,29.88682857142857,32.11633802816902,21.57914084507042,MEDIUM,MEDIUM,43.0,2.0,1.0,1.0
2021,18,Mexico City Grand Prix,gasly,alphatauri,5,4,Finished,12.0,71,gasly_2021_18,0,71.0,84.2666338028169,80.51,30.084771428571432,32.45278873239437,21.69629577464789,MEDIUM,HARD,40.0,2.0,1.0,1.0
2021,18,Mexico City Grand Prix,leclerc,ferrari,8,5,Finished,10.0,71,leclerc_2021_18,0,71.0,84.50877464788732,80.665,30.02874285714286,32.569267605633804,21.849845070422536,MEDIUM,HARD,41.0,2.0,1.0,1.0
2021,18,Mexico City Grand Prix,sainz,ferrari,6,6,+1 Lap,8.0,70,sainz_2021_18,0,70.0,84.5930857142857,80.081,30.058072463768116,32.63008571428571,21.829142857142855,MEDIUM,MEDIUM,47.0,2.0,1.0,1.0
2021,18,Mexico City Grand Prix,vettel,aston_martin,9,7,+1 Lap,6.0,70,vettel_2021_18,0,70.0,84.70205714285714,80.46,30.170782608695653,32.50035714285715,21.949914285714286,MEDIUM,HARD,37.0,2.0,1.0,1.0
2021,18,Mexico City Grand Prix,raikkonen,alfa,10,8,+1 Lap,4.0,70,raikkonen_2021_18,0,70.0,84.77492857142857,80.713,29.928753623188403,32.77952857142857,21.979342857142857,MEDIUM,HARD,38.0,2.0,1.0,1.0
2021,18,Mexico City Grand Prix,alonso,alpine,12,9,+1 Lap,2.0,70,alonso_2021_18,0,70.0,84.89678571428571,80.711,30.277449275362315,32.51642857142857,22.005142857142857,MEDIUM,MEDIUM,39.0,2.0,1.0,1.0
2021,18,Mexico City Grand Prix,norris,mclaren,18,10,+1 Lap,1.0,70,norris_2021_18,0,70.0,84.93302857142857,80.617,30.044333333333338,32.65382857142857,22.10607142857143,MEDIUM,MEDIUM,47.0,2.0,1.0,1.0
2021,18,Mexico City Grand Prix,giovinazzi,alfa,11,11,+1 Lap,0.0,70,giovinazzi_2021_18,0,70.0,85.42978571428571,81.523,30.196362318840578,33.094342857142856,22.070814285714288,MEDIUM,HARD,54.0,2.0,1.0,1.0
2021,18,Mexico City Grand Prix,ricciardo,mclaren,7,12,+1 Lap,0.0,70,ricciardo_2021_18,0,70.0,85.44250000000001,81.069,30.451115942028984,32.8405,22.075657142857143,MEDIUM,HARD,37.0,3.0,2.0,2.0
2021,18,Mexico City Grand Prix,ocon,alpine,19,13,+1 Lap,0.0,70,ocon_2021_18,0,70.0,85.60655714285714,81.348,30.35250724637681,33.02921428571429,22.11707142857143,SOFT,HARD,56.0,2.0,1.0,1.0
2021,18,Mexico City Grand Prix,stroll,aston_martin,20,14,+2 Laps,0.0,69,stroll_2021_18,0,69.0,85.89908695652174,80.93,30.522441176470586,33.02727536231884,22.217753623188408,MEDIUM,MEDIUM,37.0,3.0,2.0,2.0
2021,18,Mexico City Grand Prix,bottas,mercedes,1,15,+2 Laps,0.0,69,bottas_2021_18,0,69.0,86.26114492753624,77.774,30.908794117647055,32.90971014492754,22.28231884057971,MEDIUM,HARD,39.0,5.0,4.0,4.0
2021,18,Mexico City Grand Prix,russell,williams,16,16,+2 Laps,0.0,69,russell_2021_18,0,69.0,86.34620289855073,82.016,30.691147058823532,33.36530434782609,22.215304347826088,MEDIUM,HARD,54.0,2.0,1.0,1.0
2021,18,Mexico City Grand Prix,latifi,williams,13,17,+2 Laps,0.0,69,latifi_2021_18,0,69.0,86.55617391304348,81.546,30.94861764705882,33.1432463768116,22.388043478260872,MEDIUM,HARD,38.0,3.0,2.0,2.0
2021,18,Mexico City Grand Prix,mazepin,haas,15,18,+3 Laps,0.0,68,mazepin_2021_18,0,68.0,87.7412205882353,81.402,31.073194029850747,33.95979411764706,22.636176470588236,MEDIUM,HARD,45.0,3.0,2.0,2.0
2021,18,Mexico City Grand Prix,mick_schumacher,haas,14,19,Collision,0.0,0,mick_schumacher_2021_18,0,1.0,,,,,,MEDIUM,MEDIUM,1.0,1.0,0.0,0.0
2021,18,Mexico City Grand Prix,tsunoda,alphatauri,17,20,Collision,0.0,0,tsunoda_2021_18,0,1.0,,,,,,SOFT,SOFT,4.0,1.0,0.0,0.0
2021,19,São Paulo Grand Prix,hamilton,mercedes,10,1,Finished,25.0,71,hamilton_2021_19,0,71.0,78.06832394366197,71.982,20.3806,39.56384507042253,18.055225352112675,MEDIUM,HARD,28.0,5.0,4.0,4.0
2021,19,São Paulo Grand Prix,max_verstappen,red_bull,2,2,Finished,18.0,71,max_verstappen_2021_19,0,71.0,78.21615492957746,72.486,20.491071428571427,39.3823661971831,18.3052676056338,MEDIUM,HARD,31.0,5.0,4.0,4.0
2021,19,São Paulo Grand Prix,bottas,mercedes,1,3,Finished,15.0,71,bottas_2021_19,0,71.0,78.2595352112676,72.526,20.39597142857143,39.60171830985916,18.216676056338027,MEDIUM,HARD,30.0,5.0,4.0,4.0
2021,19,São Paulo Grand Prix,perez,red_bull,4,4,Finished,13.0,71,perez_2021_19,0,71.0,78.63085915492958,71.01,20.66314285714286,39.540352112676054,18.385169014084507,MEDIUM,HARD,28.0,6.0,5.0,5.0
2021,19,São Paulo Grand Prix,leclerc,ferrari,6,5,Finished,10.0,71,leclerc_2021_19,0,71.0,78.76574647887324,72.822,20.460114285714287,39.86856338028169,18.382971830985916,MEDIUM,MEDIUM,44.0,5.0,4.0,4.0
2021,19,São Paulo Grand Prix,sainz,ferrari,3,6,Finished,8.0,71,sainz_2021_19,0,71.0,78.79818309859155,72.71,20.530471428571428,39.822295774647884,18.392929577464788,MEDIUM,MEDIUM,27.0,5.0,4.0,4.0
2021,19,São Paulo Grand Prix,gasly,alphatauri,7,7,+1 Lap,6.0,70,gasly_2021_19,0,70.0,79.24347142857143,73.227,20.562927536231886,40.18912857142857,18.435371428571425,MEDIUM,HARD,26.0,5.0,4.0,4.0
2021,19,São Paulo Grand Prix,ocon,alpine,8,8,+1 Lap,4.0,70,ocon_2021_19,0,70.0,79.4767,74.43,20.569710144927534,40.28765714285714,18.549928571428573,MEDIUM,HARD,40.0,4.0,3.0,3.0
2021,19,São Paulo Grand Prix,alonso,alpine,12,9,+1 Lap,2.0,70,alonso_2021_19,0,70.0,79.48371428571429,73.922,20.51627536231884,40.268571428571434,18.624614285714284,MEDIUM,HARD,36.0,4.0,3.0,3.0
2021,19,São Paulo Grand Prix,norris,mclaren,5,10,+1 Lap,1.0,70,norris_2021_19,0,70.0,79.52652857142857,73.761,20.932304347826086,40.11402857142857,18.244285714285713,MEDIUM,HARD,36.0,6.0,5.0,5.0
2021,19,São Paulo Grand Prix,vettel,aston_martin,9,11,+1 Lap,0.0,70,vettel_2021_19,0,70.0,79.54492857142857,73.634,20.760492753623186,40.305885714285715,18.4197,MEDIUM,MEDIUM,30.0,5.0,4.0,4.0
2021,19,São Paulo Grand Prix,raikkonen,alfa,0,12,+1 Lap,0.0,70,raikkonen_2021_19,1,70.0,79.6277,72.621,20.85885507246377,40.10304285714286,18.423457142857142,MEDIUM,MEDIUM,28.0,5.0,4.0,5.0
2021,19,São Paulo Grand Prix,russell,williams,17,13,+1 Lap,0.0,70,russell_2021_19,0,70.0,80.01341428571429,74.355,20.83831884057971,40.78782857142858,18.300657142857144,MEDIUM,HARD,35.0,5.0,4.0,4.0
2021,19,São Paulo Grand Prix,giovinazzi,alfa,13,14,+1 Lap,0.0,70,giovinazzi_2021_19,0,70.0,80.04875714285716,74.227,20.84955072463768,40.711557142857146,18.41244285714286,MEDIUM,MEDIUM,29.0,5.0,4.0,4.0
2021,19,São Paulo Grand Prix,tsunoda,alphatauri,15,15,+1 Lap,0.0,70,tsunoda_2021_19,0,70.0,80.10931428571429,74.204,21.43868115942029,40.23701428571428,18.3642,SOFT,HARD,35.0,6.0,5.0,5.0
2021,19,São Paulo Grand Prix,latifi,williams,16,16,+1 Lap,0.0,70,latifi_2021_19,0,70.0,80.16661428571427,74.616,20.943898550724636,40.72804285714286,18.410557142857144,MEDIUM,HARD,31.0,5.0,4.0,4.0
2021,19,São Paulo Grand Prix,mazepin,haas,19,17,+2 Laps,0.0,69,mazepin_2021_19,0,69.0,80.84157971014493,74.954,21.009676470588232,41.10178260869566,18.643260869565218,MEDIUM,HARD,35.0,4.0,3.0,3.0
2021,19,São Paulo Grand Prix,mick_schumacher,haas,18,18,+2 Laps,0.0,69,mick_schumacher_2021_19,0,69.0,81.38297101449275,73.793,21.491529411764706,41.053695652173914,18.767449275362317,MEDIUM,MEDIUM,32.0,6.0,5.0,5.0
2021,19,São Paulo Grand Prix,ricciardo,mclaren,11,19,Power loss,0.0,49,ricciardo_2021_19,0,49.0,81.37783673469389,74.443,21.227208333333333,40.981530612244896,19.081938775510203,MEDIUM,MEDIUM,30.0,4.0,4.0,3.0
2021,19,São Paulo Grand Prix,stroll,aston_martin,14,20,Collision damage,0.0,47,stroll_2021_19,0,47.0,82.16448936170214,75.344,21.46330434782609,41.406574468085104,19.193659574468086,MEDIUM,HARD,27.0,4.0,4.0,3.0
2021,20,Qatar Grand Prix,hamilton,mercedes,1,1,Finished,25.0,57,hamilton_2021_20,0,57.0,88.92054385964911,85.084,29.02807142857143,29.224245614035087,30.574736842105263,MEDIUM,MEDIUM,24.0,3.0,2.0,2.0
2021,20,Qatar Grand Prix,max_verstappen,red_bull,7,2,Finished,19.0,57,max_verstappen_2021_20,0,57.0,89.37217543859649,83.196,29.124464285714286,29.420859649122807,30.69956140350877,MEDIUM,MEDIUM,24.0,4.0,3.0,3.0
2021,20,Qatar Grand Prix,alonso,alpine,3,3,Finished,15.0,57,alonso_2021_20,0,57.0,89.96364912280701,86.682,29.498589285714285,29.84005263157895,30.51977192982456,SOFT,HARD,34.0,2.0,1.0,1.0
2021,20,Qatar Grand Prix,perez,red_bull,11,4,Finished,12.0,57,perez_2021_20,0,57.0,90.01363157894737,85.613,29.67532142857143,29.572807017543862,30.613052631578945,MEDIUM,MEDIUM,22.0,3.0,2.0,2.0
2021,20,Qatar Grand Prix,ocon,alpine,9,5,Finished,10.0,57,ocon_2021_20,0,57.0,90.33405263157896,87.061,29.53610714285714,29.982035087719296,30.683877192982457,SOFT,HARD,33.0,2.0,1.0,1.0
2021,20,Qatar Grand Prix,stroll,aston_martin,12,6,Finished,8.0,57,stroll_2021_20,0,57.0,90.34640350877193,87.356,29.779910714285712,29.884894736842107,30.52445614035088,MEDIUM,HARD,34.0,2.0,1.0,1.0
2021,20,Qatar Grand Prix,sainz,ferrari,5,7,Finished,6.0,57,sainz_2021_20,0,57.0,90.35757894736841,86.57,29.645017857142857,29.97410526315789,30.602263157894736,MEDIUM,HARD,30.0,2.0,1.0,1.0
2021,20,Qatar Grand Prix,leclerc,ferrari,13,8,Finished,4.0,57,leclerc_2021_20,0,57.0,90.3788947368421,86.555,29.759821428571428,30.00722807017544,30.43733333333333,MEDIUM,HARD,30.0,2.0,1.0,1.0
2021,20,Qatar Grand Prix,norris,mclaren,4,9,+1 Lap,2.0,56,norris_2021_20,0,56.0,90.52117857142856,85.746,29.662963636363635,29.869339285714286,30.862107142857145,SOFT,SOFT,28.0,3.0,2.0,2.0
2021,20,Qatar Grand Prix,vettel,aston_martin,10,10,+1 Lap,1.0,56,vettel_2021_20,0,56.0,90.60833928571428,86.434,29.710945454545456,30.144732142857144,30.558982142857143,SOFT,MEDIUM,30.0,2.0,1.0,1.0
2021,20,Qatar Grand Prix,gasly,alphatauri,2,11,+1 Lap,0.0,56,gasly_2021_20,0,56.0,90.70821428571428,87.019,29.741327272727272,29.935482142857143,30.91994642857143,SOFT,MEDIUM,26.0,3.0,2.0,2.0
2021,20,Qatar Grand Prix,ricciardo,mclaren,14,12,+1 Lap,0.0,56,ricciardo_2021_20,0,56.0,91.10841071428571,87.198,30.11147272727273,30.238410714285717,30.576857142857143,MEDIUM,HARD,30.0,2.0,1.0,1.0
2021,20,Qatar Grand Prix,tsunoda,alphatauri,8,13,+1 Lap,0.0,56,tsunoda_2021_20,0,56.0,91.11423214285715,87.043,29.999836363636362,29.997857142857146,30.97717857142857,SOFT,MEDIUM,25.0,3.0,2.0,2.0
2021,20,Qatar Grand Prix,raikkonen,alfa,16,14,+1 Lap,0.0,56,raikkonen_2021_20,0,56.0,91.16439285714286,86.358,30.03169090909091,30.156678571428575,30.807714285714287,SOFT,HARD,26.0,3.0,2.0,2.0
2021,20,Qatar Grand Prix,giovinazzi,alfa,18,15,+1 Lap,0.0,56,giovinazzi_2021_20,0,56.0,91.60024999999999,87.823,30.103363636363635,30.35717857142857,30.964035714285718,SOFT,MEDIUM,24.0,3.0,2.0,2.0
2021,20,Qatar Grand Prix,mick_schumacher,haas,19,16,+1 Lap,0.0,56,mick_schumacher_2021_20,0,56.0,91.62842857142857,88.412,29.975163636363636,30.512410714285714,30.947535714285713,SOFT,MEDIUM,36.0,2.0,1.0,1.0
2021,20,Qatar Grand Prix,russell,williams,15,17,+2 Laps,0.0,55,russell_2021_20,0,55.0,92.48198181818182,85.768,30.048333333333336,30.394654545454543,31.85958181818182,SOFT,HARD,32.0,3.0,2.0,2.0
2021,20,Qatar Grand Prix,mazepin,haas,20,18,+2 Laps,0.0,55,mazepin_2021_20,0,55.0,92.8882909090909,87.34,30.605314814814818,31.029745454545456,31.054381818181817,MEDIUM,MEDIUM,31.0,2.0,1.0,1.0
2021,20,Qatar Grand Prix,latifi,williams,17,19,Puncture,0.0,50,latifi_2021_20,0,51.0,91.19662,88.732,29.814755102040817,30.43882,30.71988,SOFT,HARD,33.0,2.0,1.0,1.0
2021,20,Qatar Grand Prix,bottas,mercedes,6,20,Damage,0.0,48,bottas_2021_20,0,49.0,89.53842553191488,87.246,29.627208333333332,29.996755102040815,31.002916666666668,MEDIUM,MEDIUM,36.0,2.0,2.0,1.0
2021,21,Saudi Arabian Grand Prix,hamilton,mercedes,1,1,Finished,26.0,50,hamilton_2021_21,0,50.0,97.34811627906977,90.734,38.817239130434785,33.68684,34.943760000000005,MEDIUM,HARD,40.0,4.0,3.0,3.0
2021,21,Saudi Arabian Grand Prix,max_verstappen,red_bull,3,2,Finished,18.0,50,max_verstappen_2021_21,0,50.0,97.68348837209304,91.488,38.53334782608696,33.81366,34.88774,MEDIUM,MEDIUM,35.0,3.0,2.0,2.0
2021,21,Saudi Arabian Grand Prix,bottas,mercedes,2,3,Finished,15.0,50,bottas_2021_21,0,50.0,99.27225,91.408,38.44310869565218,33.861959999999996,35.677420000000005,MEDIUM,MEDIUM,35.0,4.0,3.0,3.0
2021,21,Saudi Arabian Grand Prix,ocon,alpine,9,4,Finished,12.0,50,ocon_2021_21,0,50.0,98.57027906976744,91.797,38.258391304347825,34.12666,35.448,MEDIUM,HARD,37.0,3.0,2.0,2.0
2021,21,Saudi Arabian Grand Prix,ricciardo,mclaren,11,5,Finished,10.0,50,ricciardo_2021_21,0,50.0,98.83997674418605,92.716,39.82925531914894,34.041219999999996,35.71192,HARD,MEDIUM,37.0,3.0,2.0,2.0
2021,21,Saudi Arabian Grand Prix,gasly,alphatauri,6,6,Finished,8.0,50,gasly_2021_21,0,50.0,99.93597727272727,92.297,39.27255319148936,34.209520000000005,36.08826,MEDIUM,HARD,37.0,3.0,2.0,2.0
2021,21,Saudi Arabian Grand Prix,leclerc,ferrari,4,7,Finished,6.0,50,leclerc_2021_21,0,50.0,99.61145454545455,91.601,39.54363829787234,34.0737,36.05192,MEDIUM,HARD,40.0,4.0,3.0,3.0
2021,21,Saudi Arabian Grand Prix,sainz,ferrari,15,8,Finished,4.0,50,sainz_2021_21,0,50.0,100.03690909090909,91.851,39.351829787234045,34.18114,36.12884,HARD,MEDIUM,40.0,3.0,2.0,2.0
2021,21,Saudi Arabian Grand Prix,giovinazzi,alfa,10,9,Finished,2.0,50,giovinazzi_2021_21,0,50.0,100.35797727272728,92.865,39.41787234042553,34.28174,36.23066,MEDIUM,HARD,37.0,3.0,2.0,2.0
2021,21,Saudi Arabian Grand Prix,norris,mclaren,7,10,Finished,1.0,50,norris_2021_21,0,50.0,99.67572727272727,91.914,38.86248936170213,34.647600000000004,36.25354,SOFT,HARD,40.0,4.0,3.0,3.0
2021,21,Saudi Arabian Grand Prix,stroll,aston_martin,18,11,Finished,0.0,50,stroll_2021_21,0,50.0,102.07802222222223,92.804,38.63959574468085,34.86652,37.03378,MEDIUM,MEDIUM,35.0,4.0,3.0,3.0
2021,21,Saudi Arabian Grand Prix,latifi,williams,16,12,Finished,0.0,50,latifi_2021_21,0,50.0,100.9099090909091,92.751,38.74478723404255,34.91132,36.94072,MEDIUM,HARD,38.0,4.0,3.0,3.0
2021,21,Saudi Arabian Grand Prix,alonso,alpine,13,13,+1 Lap,0.0,49,alonso_2021_21,0,49.0,101.62562790697675,91.633,40.2474347826087,34.803224489795916,36.44657142857143,MEDIUM,HARD,34.0,5.0,4.0,4.0
2021,21,Saudi Arabian Grand Prix,tsunoda,alphatauri,8,14,+1 Lap,0.0,49,tsunoda_2021_21,0,49.0,100.0935238095238,92.506,41.20278260869565,34.28120408163265,36.08873469387755,MEDIUM,HARD,28.0,4.0,3.0,3.0
2021,21,Saudi Arabian Grand Prix,raikkonen,alfa,12,15,+1 Lap,0.0,49,raikkonen_2021_21,0,49.0,102.10018604651162,92.778,41.0740652173913,34.50751020408163,36.33369387755102,MEDIUM,MEDIUM,28.0,4.0,3.0,3.0
2021,21,Saudi Arabian Grand Prix,vettel,aston_martin,17,16,Collision damage,0.0,44,vettel_2021_21,0,44.0,102.67934210526316,94.03,40.405341463414636,35.631840909090904,37.12854545454545,HARD,MEDIUM,29.0,3.0,3.0,2.0
2021,21,Saudi Arabian Grand Prix,perez,red_bull,5,17,Collision,0.0,14,perez_2021_21,0,15.0,98.1371,94.138,41.378166666666665,37.31128571428571,41.622,MEDIUM,MEDIUM,17.0,3.0,2.0,2.0
2021,21,Saudi Arabian Grand Prix,mazepin,haas,20,18,Collision,0.0,14,mazepin_2021_21,0,15.0,106.72381818181817,97.043,40.48008333333333,37.091142857142856,43.562571428571424,MEDIUM,MEDIUM,13.0,2.0,1.0,1.0
2021,21,Saudi Arabian Grand Prix,russell,williams,14,19,Collision,0.0,14,russell_2021_21,0,15.0,106.90781818181819,96.13,41.222249999999995,37.059357142857145,43.54221428571429,MEDIUM,MEDIUM,9.0,3.0,2.0,2.0
2021,21,Saudi Arabian Grand Prix,mick_schumacher,haas,19,20,Accident,0.0,8,mick_schumacher_2021_21,0,9.0,98.543,96.043,36.585,30.824125000000002,30.138375,MEDIUM,MEDIUM,9.0,1.0,0.0,0.0
2021,22,Abu Dhabi Grand Prix,max_verstappen,red_bull,1,1,Finished,26.0,58,max_verstappen_2021_22,0,58.0,92.4019298245614,86.103,19.592070175438597,39.41877586206897,34.3706724137931,SOFT,HARD,23.0,4.0,3.0,3.0
2021,22,Abu Dhabi Grand Prix,hamilton,mercedes,2,2,Finished,18.0,58,hamilton_2021_22,0,58.0,92.41259649122807,86.615,19.049245614035087,39.809275862068965,34.56043103448276,MEDIUM,HARD,45.0,2.0,1.0,1.0
2021,22,Abu Dhabi Grand Prix,sainz,ferrari,5,3,Finished,15.0,58,sainz_2021_22,0,58.0,93.49168965517241,87.618,19.25598245614035,39.939241379310346,34.24956896551724,SOFT,HARD,39.0,2.0,1.0,1.0
2021,22,Abu Dhabi Grand Prix,tsunoda,alphatauri,8,4,Finished,12.0,58,tsunoda_2021_22,0,58.0,93.50063793103449,87.496,19.343122807017544,39.64744827586207,34.45293103448276,MEDIUM,HARD,30.0,3.0,2.0,2.0
2021,22,Abu Dhabi Grand Prix,gasly,alphatauri,12,5,Finished,10.0,58,gasly_2021_22,0,58.0,93.51510344827587,87.342,19.395719298245616,39.230034482758626,34.81341379310344,HARD,HARD,36.0,3.0,2.0,2.0
2021,22,Abu Dhabi Grand Prix,bottas,mercedes,6,6,Finished,8.0,58,bottas_2021_22,0,58.0,93.5311724137931,86.862,19.056684210526317,39.69798275862069,34.71596551724138,MEDIUM,MEDIUM,35.0,2.0,1.0,1.0
2021,22,Abu Dhabi Grand Prix,norris,mclaren,3,7,Finished,6.0,58,norris_2021_22,0,58.0,93.41061403508772,86.762,19.606543859649125,40.16715517241379,34.61344827586207,SOFT,HARD,31.0,3.0,2.0,2.0
2021,22,Abu Dhabi Grand Prix,alonso,alpine,11,8,Finished,4.0,58,alonso_2021_22,0,58.0,93.45671929824562,87.607,19.28277192982456,40.18943103448276,34.92148275862069,HARD,HARD,37.0,2.0,1.0,1.0
2021,22,Abu Dhabi Grand Prix,ocon,alpine,9,9,Finished,2.0,58,ocon_2021_22,0,58.0,93.50573684210526,88.249,19.439298245614033,39.992120689655174,35.010586206896555,SOFT,HARD,44.0,2.0,1.0,1.0
2021,22,Abu Dhabi Grand Prix,leclerc,ferrari,7,10,Finished,1.0,58,leclerc_2021_22,0,58.0,93.53885964912281,88.338,19.601894736842105,39.85282758620689,35.041586206896554,SOFT,MEDIUM,28.0,3.0,2.0,2.0
2021,22,Abu Dhabi Grand Prix,vettel,aston_martin,15,11,Finished,0.0,58,vettel_2021_22,0,58.0,93.58505263157895,88.303,19.483035087719298,39.96851724137931,35.02384482758621,MEDIUM,HARD,35.0,2.0,1.0,1.0
2021,22,Abu Dhabi Grand Prix,ricciardo,mclaren,10,12,+1 Lap,0.0,57,ricciardo_2021_22,0,57.0,94.11425,88.723,19.849142857142855,39.86219298245614,35.33642105263158,SOFT,HARD,34.0,3.0,2.0,2.0
2021,22,Abu Dhabi Grand Prix,stroll,aston_martin,13,13,+1 Lap,0.0,57,stroll_2021_22,0,57.0,95.1811754385965,88.567,19.586214285714284,40.39657894736842,35.113491228070174,MEDIUM,HARD,31.0,3.0,2.0,2.0
2021,22,Abu Dhabi Grand Prix,mick_schumacher,haas,19,14,+1 Lap,0.0,57,mick_schumacher_2021_22,0,57.0,95.19205263157895,89.457,19.68255357142857,40.35184210526315,35.06317543859649,SOFT,HARD,42.0,3.0,2.0,2.0
2021,22,Abu Dhabi Grand Prix,perez,red_bull,4,15,Engine,0.0,55,perez_2021_22,0,55.0,91.86492727272727,86.419,19.136296296296294,39.080636363636366,33.606,SOFT,HARD,24.0,4.0,4.0,3.0
2021,22,Abu Dhabi Grand Prix,latifi,williams,16,16,Accident,0.0,50,latifi_2021_22,0,51.0,92.30982,89.293,18.89251020408163,39.1689,34.13236,MEDIUM,MEDIUM,28.0,2.0,1.0,1.0
2021,22,Abu Dhabi Grand Prix,giovinazzi,alfa,14,17,Gearbox,0.0,33,giovinazzi_2021_22,0,34.0,91.52418181818182,89.442,18.9788125,38.610424242424244,33.781333333333336,MEDIUM,HARD,17.0,2.0,1.0,1.0
2021,22,Abu Dhabi Grand Prix,russell,williams,17,18,Gearbox,0.0,26,russell_2021_22,0,26.0,92.18372,90.647,18.4516,40.66907692307692,35.65426923076923,MEDIUM,MEDIUM,26.0,1.0,1.0,0.0
2021,22,Abu Dhabi Grand Prix,raikkonen,alfa,18,19,Brakes,0.0,25,raikkonen_2021_22,0,25.0,94.54444,89.698,19.262875,40.48544,34.56756,MEDIUM,MEDIUM,21.0,2.0,2.0,1.0
2021,22,Abu Dhabi Grand Prix,mazepin,haas,20,20,Illness,0.0,0,mazepin_2021_22,0,,,,,,,,,,,,
2022,1,Bahrain Grand Prix,leclerc,ferrari,1,1,Finished,26.0,57,leclerc_2022_1,0,57.0,100.69770909090909,94.57,33.48401785714286,43.87371929824562,25.34580701754386,SOFT,SOFT,19.0,4.0,3.0,3.0
2022,1,Bahrain Grand Prix,sainz,ferrari,3,2,Finished,18.0,57,sainz_2022_1,0,57.0,102.79266666666666,95.74,33.387482142857145,43.98566666666667,25.411157894736842,SOFT,SOFT,19.0,4.0,3.0,3.0
2022,1,Bahrain Grand Prix,hamilton,mercedes,5,3,Finished,15.0,57,hamilton_2022_1,0,57.0,102.86419298245615,96.228,33.448410714285714,43.94224561403509,25.455929824561405,SOFT,SOFT,17.0,4.0,3.0,3.0
2022,1,Bahrain Grand Prix,russell,mercedes,9,4,Finished,12.0,57,russell_2022_1,0,57.0,102.04010714285714,96.302,33.44146428571428,43.95764912280701,25.463333333333335,SOFT,SOFT,19.0,4.0,3.0,3.0
2022,1,Bahrain Grand Prix,kevin_magnussen,haas,7,5,Finished,10.0,57,kevin_magnussen_2022_1,0,57.0,102.95329824561404,96.623,33.276446428571425,44.217982456140355,25.43517543859649,SOFT,SOFT,23.0,4.0,3.0,3.0
2022,1,Bahrain Grand Prix,bottas,alfa,6,6,Finished,8.0,57,bottas_2022_1,0,57.0,102.97724561403508,96.599,33.16201785714286,44.381701754385965,25.37457894736842,SOFT,MEDIUM,22.0,4.0,3.0,3.0
2022,1,Bahrain Grand Prix,ocon,alpine,11,7,Finished,6.0,57,ocon_2022_1,0,57.0,103.03521052631578,97.11,33.48501785714286,44.08714035087719,25.412561403508775,SOFT,SOFT,17.0,4.0,3.0,3.0
2022,1,Bahrain Grand Prix,tsunoda,alphatauri,16,8,Finished,4.0,57,tsunoda_2022_1,0,57.0,103.0521052631579,97.104,33.4325,44.152631578947364,25.398245614035087,SOFT,SOFT,16.0,4.0,3.0,3.0
2022,1,Bahrain Grand Prix,alonso,alpine,8,9,Finished,2.0,57,alonso_2022_1,0,57.0,103.08726315789474,96.733,33.59135714285714,44.109824561403514,25.341859649122807,SOFT,SOFT,17.0,4.0,3.0,3.0
2022,1,Bahrain Grand Prix,zhou,alfa,15,10,Finished,1.0,57,zhou_2022_1,0,57.0,102.16107142857143,96.685,33.39460714285714,44.24647368421053,25.358894736842103,SOFT,MEDIUM,22.0,4.0,3.0,3.0
2022,1,Bahrain Grand Prix,mick_schumacher,haas,12,11,Finished,0.0,57,mick_schumacher_2022_1,0,57.0,103.26592982456141,96.956,33.11598214285714,44.48956140350877,25.604701754385967,SOFT,SOFT,24.0,3.0,2.0,2.0
2022,1,Bahrain Grand Prix,stroll,aston_martin,19,12,Finished,0.0,57,stroll_2022_1,0,57.0,103.49924561403509,97.146,33.680732142857146,44.39885964912281,25.342824561403507,SOFT,SOFT,20.0,4.0,3.0,3.0
2022,1,Bahrain Grand Prix,albon,williams,14,13,Finished,0.0,57,albon_2022_1,0,57.0,103.64063157894736,97.355,33.60964285714285,44.659894736842105,25.31580701754386,SOFT,MEDIUM,22.0,4.0,3.0,3.0
2022,1,Bahrain Grand Prix,ricciardo,mclaren,18,14,Finished,0.0,57,ricciardo_2022_1,0,57.0,103.65892982456141,97.261,33.71771428571429,44.36629824561403,25.503877192982458,MEDIUM,SOFT,17.0,4.0,3.0,3.0
2022,1,Bahrain Grand Prix,norris,mclaren,13,15,Finished,0.0,57,norris_2022_1,0,57.0,103.68278947368421,96.988,33.75444642857143,44.262578947368425,25.604701754385967,MEDIUM,MEDIUM,24.0,4.0,3.0,3.0
2022,1,Bahrain Grand Prix,latifi,williams,20,16,Finished,0.0,57,latifi_2022_1,0,57.0,103.77857894736842,98.251,33.56160714285714,44.664368421052636,25.468859649122805,SOFT,SOFT,18.0,4.0,3.0,3.0
2022,1,Bahrain Grand Prix,hulkenberg,aston_martin,17,17,Finished,0.0,57,hulkenberg_2022_1,0,57.0,103.81426315789474,98.201,33.73764285714286,44.33194736842105,25.67582456140351,SOFT,SOFT,19.0,4.0,3.0,3.0
2022,1,Bahrain Grand Prix,perez,red_bull,4,18,Fuel pressure,0.0,56,perez_2022_1,0,57.0,102.95580357142856,96.089,33.35987272727272,44.062892857142856,25.503964285714286,SOFT,SOFT,18.0,4.0,3.0,3.0
2022,1,Bahrain Grand Prix,max_verstappen,red_bull,2,19,Fuel pressure,0.0,54,max_verstappen_2022_1,0,54.0,102.75343396226415,95.44,33.72094339622642,44.04233333333333,25.901444444444447,SOFT,SOFT,17.0,4.0,4.0,3.0
2022,1,Bahrain Grand Prix,gasly,alphatauri,10,20,Power Unit,0.0,44,gasly_2022_1,0,45.0,100.78102272727273,97.324,32.808465116279066,43.31586363636364,24.59665909090909,SOFT,MEDIUM,18.0,3.0,2.0,2.0
2022,2,Saudi Arabian Grand Prix,max_verstappen,red_bull,4,1,Finished,25.0,50,max_verstappen_2022_2,0,50.0,96.88470212765958,91.772,36.841795918367346,31.69522,32.62674,MEDIUM,HARD,34.0,2.0,1.0,1.0
2022,2,Saudi Arabian Grand Prix,leclerc,ferrari,2,2,Finished,19.0,50,leclerc_2022_2,0,50.0,96.81834042553193,91.634,36.824285714285715,31.700239999999997,32.6675,MEDIUM,HARD,34.0,2.0,1.0,1.0
2022,2,Saudi Arabian Grand Prix,sainz,ferrari,3,3,Finished,15.0,50,sainz_2022_2,0,50.0,97.14925531914895,91.905,36.670204081632654,31.914299999999997,32.72666,MEDIUM,HARD,34.0,2.0,1.0,1.0
2022,2,Saudi Arabian Grand Prix,perez,red_bull,1,4,Finished,12.0,50,perez_2022_2,0,50.0,97.55534042553191,92.042,36.95173469387755,31.775,32.68612,MEDIUM,HARD,35.0,2.0,1.0,1.0
2022,2,Saudi Arabian Grand Prix,russell,mercedes,6,5,Finished,10.0,50,russell_2022_2,0,50.0,98.0222340425532,92.821,36.72212244897959,32.04614,33.01462,MEDIUM,HARD,34.0,2.0,1.0,1.0
2022,2,Saudi Arabian Grand Prix,ocon,alpine,5,6,Finished,8.0,50,ocon_2022_2,0,50.0,99.02940425531914,93.103,37.143918367346934,32.42034,32.705059999999996,MEDIUM,HARD,34.0,2.0,1.0,1.0
2022,2,Saudi Arabian Grand Prix,norris,mclaren,11,7,Finished,6.0,50,norris_2022_2,0,50.0,100.1001875,92.753,37.27224489795918,32.3434,32.60362,MEDIUM,HARD,34.0,2.0,1.0,1.0
2022,2,Saudi Arabian Grand Prix,gasly,alphatauri,9,8,Finished,4.0,50,gasly_2022_2,0,50.0,100.23285416666666,93.468,37.565551020408165,32.48344,32.318760000000005,MEDIUM,HARD,35.0,2.0,1.0,1.0
2022,2,Saudi Arabian Grand Prix,kevin_magnussen,haas,10,9,Finished,2.0,50,kevin_magnussen_2022_2,0,50.0,100.1476875,92.779,37.29612244897959,32.309740000000005,32.79402,HARD,HARD,39.0,2.0,1.0,1.0
2022,2,Saudi Arabian Grand Prix,hamilton,mercedes,15,10,Finished,1.0,50,hamilton_2022_2,0,50.0,100.37389583333334,92.997,37.22461224489796,32.38706,32.94574,HARD,HARD,41.0,2.0,1.0,1.0
2022,2,Saudi Arabian Grand Prix,zhou,alfa,12,11,Finished,0.0,50,zhou_2022_2,0,50.0,99.54617021276596,93.924,37.88016326530612,32.427620000000005,32.3873,MEDIUM,HARD,34.0,3.0,2.0,2.0
2022,2,Saudi Arabian Grand Prix,hulkenberg,aston_martin,17,12,Finished,0.0,50,hulkenberg_2022_2,0,50.0,99.7682765957447,93.651,37.849979591836735,32.32814,32.72798,HARD,HARD,38.0,2.0,1.0,1.0
2022,2,Saudi Arabian Grand Prix,stroll,aston_martin,13,13,+1 Lap,0.0,49,stroll_2022_2,0,49.0,101.48385106382979,94.446,38.16139583333334,32.72922448979592,32.578326530612244,MEDIUM,HARD,37.0,2.0,1.0,1.0
2022,2,Saudi Arabian Grand Prix,albon,williams,16,14,Collision damage,0.0,47,albon_2022_2,0,48.0,102.14371739130435,94.368,37.844195652173916,32.70295744680851,32.60627659574468,MEDIUM,HARD,35.0,2.0,1.0,1.0
2022,2,Saudi Arabian Grand Prix,bottas,alfa,8,15,Cooling system,0.0,36,bottas_2022_2,0,36.0,98.26928125,93.979,38.298342857142856,32.45697222222222,33.5725,MEDIUM,HARD,19.0,3.0,3.0,2.0
2022,2,Saudi Arabian Grand Prix,alonso,alpine,7,16,Water pump,0.0,35,alonso_2022_2,0,36.0,98.4550625,93.831,37.84426470588235,32.32145714285714,33.098971428571424,MEDIUM,HARD,20.0,2.0,1.0,1.0
2022,2,Saudi Arabian Grand Prix,ricciardo,mclaren,14,17,Gearbox,0.0,35,ricciardo_2022_2,0,36.0,100.43224242424243,94.487,37.909285714285716,32.42380555555556,32.99534285714286,MEDIUM,HARD,28.0,2.0,2.0,1.0
2022,2,Saudi Arabian Grand Prix,latifi,williams,18,18,Accident,0.0,14,latifi_2022_2,0,15.0,98.87614285714287,97.53,36.85030769230769,31.131071428571428,30.382642857142855,MEDIUM,MEDIUM,15.0,1.0,0.0,0.0
2022,2,Saudi Arabian Grand Prix,tsunoda,alphatauri,19,19,Power Unit,0.0,0,tsunoda_2022_2,0,,,,,,,,,,,,
2022,2,Saudi Arabian Grand Prix,mick_schumacher,haas,0,20,Withdrew,0.0,0,mick_schumacher_2022_2,1,,,,,,,,,,,,
2022,3,Australian Grand Prix,leclerc,ferrari,1,1,Finished,26.0,58,leclerc_2022_3,0,58.0,88.37974999999999,80.26,31.363508771929826,20.032293103448275,39.356655172413795,MEDIUM,HARD,36.0,2.0,1.0,1.0
2022,3,Australian Grand Prix,perez,red_bull,3,2,Finished,18.0,58,perez_2022_3,0,58.0,90.01012280701755,81.094,31.12735087719298,20.199603448275862,39.741258620689656,MEDIUM,HARD,38.0,2.0,1.0,1.0
2022,3,Australian Grand Prix,russell,mercedes,6,3,Finished,15.0,58,russell_2022_3,0,58.0,90.06177192982456,81.495,31.042754385964912,20.377396551724136,39.72389655172414,MEDIUM,HARD,35.0,2.0,1.0,1.0
2022,3,Australian Grand Prix,hamilton,mercedes,5,4,Finished,12.0,58,hamilton_2022_3,0,58.0,90.18107017543859,81.886,31.16085964912281,20.250793103448277,39.801896551724134,MEDIUM,HARD,36.0,2.0,1.0,1.0
2022,3,Australian Grand Prix,norris,mclaren,4,5,Finished,10.0,58,norris_2022_3,0,58.0,90.65154385964912,82.248,31.321421052631578,20.260810344827586,40.03556896551724,MEDIUM,HARD,38.0,2.0,1.0,1.0
2022,3,Australian Grand Prix,ricciardo,mclaren,7,6,Finished,8.0,58,ricciardo_2022_3,0,58.0,90.69157894736843,82.451,31.3529649122807,20.042706896551724,40.22377586206896,MEDIUM,HARD,37.0,2.0,1.0,1.0
2022,3,Australian Grand Prix,ocon,alpine,8,7,Finished,6.0,58,ocon_2022_3,0,58.0,91.86605172413793,82.469,31.343087719298246,20.17046551724138,40.23468965517242,MEDIUM,HARD,41.0,2.0,1.0,1.0
2022,3,Australian Grand Prix,bottas,alfa,12,8,Finished,4.0,58,bottas_2022_3,0,58.0,90.96036842105264,81.651,31.59701754385965,20.140758620689656,40.106344827586206,MEDIUM,HARD,36.0,2.0,1.0,1.0
2022,3,Australian Grand Prix,gasly,alphatauri,11,9,Finished,2.0,58,gasly_2022_3,0,58.0,91.09535087719298,82.731,31.49357894736842,20.211672413793103,40.28958620689655,MEDIUM,HARD,37.0,2.0,1.0,1.0
2022,3,Australian Grand Prix,albon,williams,20,10,Finished,1.0,58,albon_2022_3,0,58.0,92.17120689655172,82.589,31.55857894736842,19.977706896551727,40.454241379310346,HARD,HARD,57.0,2.0,1.0,1.0
2022,3,Australian Grand Prix,zhou,alfa,14,11,Finished,0.0,58,zhou_2022_3,0,58.0,92.21108620689655,82.541,31.617333333333335,20.305155172413794,40.13412068965517,MEDIUM,HARD,37.0,2.0,1.0,1.0
2022,3,Australian Grand Prix,stroll,aston_martin,19,12,Finished,0.0,58,stroll_2022_3,0,58.0,91.2201052631579,83.592,31.527701754385966,19.81853448275862,40.72124137931034,HARD,HARD,39.0,4.0,3.0,3.0
2022,3,Australian Grand Prix,mick_schumacher,haas,15,13,+1 Lap,0.0,57,mick_schumacher_2022_3,0,57.0,91.40289285714286,83.006,31.50017857142857,20.36594736842105,40.415368421052634,MEDIUM,HARD,43.0,2.0,1.0,1.0
2022,3,Australian Grand Prix,kevin_magnussen,haas,16,14,+1 Lap,0.0,57,kevin_magnussen_2022_3,0,57.0,91.36842857142857,83.071,31.55673214285714,20.374491228070177,40.372052631578946,HARD,HARD,39.0,2.0,1.0,1.0
2022,3,Australian Grand Prix,tsunoda,alphatauri,13,15,+1 Lap,0.0,57,tsunoda_2022_3,0,57.0,91.47360714285715,83.342,31.62248214285714,20.268719298245614,40.4789649122807,MEDIUM,HARD,39.0,2.0,1.0,1.0
2022,3,Australian Grand Prix,latifi,williams,18,16,+1 Lap,0.0,57,latifi_2022_3,0,57.0,92.57949122807017,83.882,31.562428571428573,20.143701754385965,40.69887719298245,MEDIUM,HARD,34.0,3.0,2.0,2.0
2022,3,Australian Grand Prix,alonso,alpine,10,17,+1 Lap,0.0,57,alonso_2022_3,0,57.0,91.784,80.846,31.712732142857142,20.368754385964913,40.72159649122807,HARD,HARD,39.0,3.0,2.0,2.0
2022,3,Australian Grand Prix,max_verstappen,red_bull,2,18,Fuel leak,0.0,38,max_verstappen_2022_3,0,39.0,91.534,81.677,32.50408108108108,20.953105263157894,41.36844736842105,MEDIUM,HARD,21.0,2.0,1.0,1.0
2022,3,Australian Grand Prix,vettel,aston_martin,17,19,Accident,0.0,22,vettel_2022_3,0,23.0,94.69745454545455,85.189,31.563285714285712,20.722590909090908,41.97954545454545,HARD,HARD,24.0,1.0,0.0,0.0
2022,3,Australian Grand Prix,sainz,ferrari,9,20,Spun off,0.0,1,sainz_2022_3,0,2.0,99.028,99.028,,18.971,40.172,HARD,HARD,2.0,1.0,0.0,0.0
2022,4,Emilia Romagna Grand Prix,max_verstappen,red_bull,1,1,Finished,26.0,63,max_verstappen_2022_4,0,63.0,87.74580952380953,78.446,28.42443548387097,29.695825396825395,29.556746031746034,INTERMEDIATE,MEDIUM,32.0,3.0,2.0,2.0
2022,4,Emilia Romagna Grand Prix,perez,red_bull,3,2,Finished,18.0,63,perez_2022_4,0,63.0,88.00814285714286,78.949,28.459225806451613,29.756587301587302,29.709825396825398,INTERMEDIATE,MEDIUM,32.0,3.0,2.0,2.0
2022,4,Emilia Romagna Grand Prix,norris,mclaren,5,3,Finished,15.0,63,norris_2022_4,0,63.0,88.29873015873015,80.903,28.264661290322582,30.118349206349205,29.81706349206349,INTERMEDIATE,MEDIUM,44.0,2.0,1.0,1.0
2022,4,Emilia Romagna Grand Prix,russell,mercedes,11,4,Finished,12.0,63,russell_2022_4,0,63.0,88.42050793650795,80.962,28.408870967741933,29.981920634920638,29.885984126984127,INTERMEDIATE,MEDIUM,45.0,2.0,1.0,1.0
2022,4,Emilia Romagna Grand Prix,bottas,alfa,7,5,Finished,10.0,63,bottas_2022_4,0,63.0,88.43122222222223,80.758,28.511225806451613,29.935936507936507,29.833190476190477,INTERMEDIATE,MEDIUM,45.0,2.0,1.0,1.0
2022,4,Emilia Romagna Grand Prix,leclerc,ferrari,2,6,Finished,8.0,63,leclerc_2022_4,0,63.0,88.63584126984126,78.574,28.965209677419356,29.79104761904762,29.781761904761904,INTERMEDIATE,MEDIUM,30.0,4.0,3.0,3.0
2022,4,Emilia Romagna Grand Prix,tsunoda,alphatauri,12,7,Finished,6.0,63,tsunoda_2022_4,0,63.0,88.71580952380953,80.544,28.388532258064515,30.08642857142857,30.06652380952381,INTERMEDIATE,MEDIUM,45.0,2.0,1.0,1.0
2022,4,Emilia Romagna Grand Prix,vettel,aston_martin,13,8,Finished,4.0,63,vettel_2022_4,0,63.0,88.87107936507935,81.211,28.41306451612903,30.116460317460316,30.179761904761907,INTERMEDIATE,MEDIUM,48.0,2.0,1.0,1.0
2022,4,Emilia Romagna Grand Prix,kevin_magnussen,haas,8,9,Finished,2.0,63,kevin_magnussen_2022_4,0,63.0,88.9404126984127,81.238,28.599564516129032,30.249,29.967444444444446,INTERMEDIATE,MEDIUM,47.0,2.0,1.0,1.0
2022,4,Emilia Romagna Grand Prix,stroll,aston_martin,15,10,+1 Lap,1.0,62,stroll_2022_4,0,62.0,89.31093548387098,81.75,28.518426229508197,30.257225806451615,30.36409677419355,INTERMEDIATE,MEDIUM,46.0,2.0,1.0,1.0
2022,4,Emilia Romagna Grand Prix,albon,williams,18,11,+1 Lap,0.0,62,albon_2022_4,0,62.0,88.39104918032787,81.757,28.405426229508198,30.617564516129033,30.16117741935484,INTERMEDIATE,MEDIUM,45.0,2.0,1.0,1.0
2022,4,Emilia Romagna Grand Prix,gasly,alphatauri,17,12,+1 Lap,0.0,62,gasly_2022_4,0,62.0,88.38901639344262,81.713,28.32877049180328,30.612193548387094,30.255451612903226,INTERMEDIATE,MEDIUM,45.0,2.0,1.0,1.0
2022,4,Emilia Romagna Grand Prix,hamilton,mercedes,14,13,+1 Lap,0.0,62,hamilton_2022_4,0,62.0,89.4075,81.419,28.45962295081967,30.45116129032258,30.310693548387096,INTERMEDIATE,MEDIUM,44.0,2.0,1.0,1.0
2022,4,Emilia Romagna Grand Prix,ocon,alpine,16,14,+1 Lap,0.0,62,ocon_2022_4,0,62.0,89.36033870967742,81.887,28.505245901639345,30.380129032258065,30.285564516129032,INTERMEDIATE,MEDIUM,44.0,2.0,1.0,1.0
2022,4,Emilia Romagna Grand Prix,zhou,alfa,0,15,+1 Lap,0.0,62,zhou_2022_4,1,62.0,89.53812903225806,81.286,28.602655737704918,30.38301612903226,30.258693548387097,INTERMEDIATE,MEDIUM,44.0,2.0,1.0,2.0
2022,4,Emilia Romagna Grand Prix,latifi,williams,19,16,+1 Lap,0.0,62,latifi_2022_4,0,62.0,88.57816393442623,81.338,28.661770491803278,30.423387096774192,30.28712903225806,INTERMEDIATE,MEDIUM,44.0,2.0,1.0,1.0
2022,4,Emilia Romagna Grand Prix,mick_schumacher,haas,10,17,+1 Lap,0.0,62,mick_schumacher_2022_4,0,62.0,88.87654098360656,78.999,29.067737704918034,30.21816129032258,30.34666129032258,INTERMEDIATE,MEDIUM,36.0,3.0,2.0,2.0
2022,4,Emilia Romagna Grand Prix,ricciardo,mclaren,6,18,+1 Lap,0.0,62,ricciardo_2022_4,0,62.0,89.18701639344263,81.577,29.266803278688528,30.221145161290323,30.326354838709676,INTERMEDIATE,HARD,32.0,4.0,3.0,3.0
2022,4,Emilia Romagna Grand Prix,alonso,alpine,9,19,Collision damage,0.0,6,alonso_2022_4,0,6.0,124.15316666666666,99.685,39.6002,39.988499999999995,44.80016666666666,INTERMEDIATE,INTERMEDIATE,6.0,1.0,1.0,0.0
2022,4,Emilia Romagna Grand Prix,sainz,ferrari,4,20,Collision,0.0,0,sainz_2022_4,0,1.0,,,,,,INTERMEDIATE,INTERMEDIATE,1.0,1.0,0.0,0.0
2022,5,Miami Grand Prix,max_verstappen,red_bull,3,1,Finished,26.0,57,max_verstappen_2022_5,0,57.0,94.91677358490566,91.361,33.603125,37.92436842105263,27.816578947368424,MEDIUM,HARD,31.0,2.0,1.0,1.0
2022,5,Miami Grand Prix,leclerc,ferrari,1,2,Finished,18.0,57,leclerc_2022_5,0,57.0,96.1480925925926,91.488,33.53301785714286,38.104368421052634,27.792912280701753,MEDIUM,HARD,33.0,2.0,1.0,1.0
2022,5,Miami Grand Prix,sainz,ferrari,2,3,Finished,15.0,57,sainz_2022_5,0,57.0,97.43456363636363,91.79,33.489982142857144,38.06484210526315,27.922421052631577,MEDIUM,HARD,30.0,2.0,1.0,1.0
2022,5,Miami Grand Prix,perez,red_bull,4,4,Finished,12.0,57,perez_2022_5,0,57.0,97.5192909090909,91.819,33.822232142857146,37.72198245614035,27.971280701754388,MEDIUM,MEDIUM,27.0,3.0,2.0,2.0
2022,5,Miami Grand Prix,russell,mercedes,12,5,Finished,10.0,57,russell_2022_5,0,57.0,97.76987272727273,92.195,33.466678571428574,38.125807017543856,27.98122807017544,HARD,HARD,40.0,2.0,1.0,1.0
2022,5,Miami Grand Prix,hamilton,mercedes,6,6,Finished,8.0,57,hamilton_2022_5,0,57.0,97.71621818181818,92.941,33.61341071428571,38.114017543859646,27.934350877192983,MEDIUM,HARD,35.0,2.0,1.0,1.0
2022,5,Miami Grand Prix,bottas,alfa,5,7,Finished,6.0,57,bottas_2022_5,0,57.0,97.82858181818182,93.184,33.70964285714286,38.095140350877195,27.952087719298245,MEDIUM,HARD,31.0,2.0,1.0,1.0
2022,5,Miami Grand Prix,ocon,alpine,20,8,Finished,4.0,57,ocon_2022_5,0,57.0,98.93751785714286,93.163,33.7765,37.96075438596491,27.986526315789472,HARD,HARD,41.0,2.0,1.0,1.0
2022,5,Miami Grand Prix,albon,williams,18,9,Finished,2.0,57,albon_2022_5,0,57.0,98.99976785714286,93.447,33.916446428571426,37.98552631578948,27.908842105263158,MEDIUM,HARD,41.0,2.0,1.0,1.0
2022,5,Miami Grand Prix,stroll,aston_martin,0,10,Finished,1.0,57,stroll_2022_5,1,57.0,99.08,93.312,33.95285714285714,37.949666666666666,27.84701754385965,HARD,HARD,42.0,2.0,1.0,2.0
2022,5,Miami Grand Prix,alonso,alpine,11,11,Finished,0.0,57,alonso_2022_5,0,57.0,98.93473214285714,93.331,33.670857142857145,38.0429649122807,28.0600350877193,MEDIUM,HARD,43.0,2.0,1.0,1.0
2022,5,Miami Grand Prix,tsunoda,alphatauri,9,12,Finished,0.0,57,tsunoda_2022_5,0,57.0,96.49224074074074,93.035,34.275357142857146,38.116473684210526,27.594403508771933,MEDIUM,HARD,30.0,3.0,2.0,2.0
2022,5,Miami Grand Prix,ricciardo,mclaren,14,13,Finished,0.0,57,ricciardo_2022_5,0,57.0,99.06775,93.265,33.82380357142857,38.207,27.867140350877193,MEDIUM,MEDIUM,30.0,3.0,2.0,2.0
2022,5,Miami Grand Prix,latifi,williams,19,14,Finished,0.0,57,latifi_2022_5,0,57.0,98.21087272727273,94.169,34.37280357142857,38.01628070175438,27.728578947368423,HARD,HARD,34.0,2.0,1.0,1.0
2022,5,Miami Grand Prix,mick_schumacher,haas,15,15,Finished,0.0,57,mick_schumacher_2022_5,0,57.0,99.74146428571429,92.528,34.19242857142857,38.13605263157895,28.225263157894734,MEDIUM,HARD,40.0,3.0,2.0,2.0
2022,5,Miami Grand Prix,kevin_magnussen,haas,16,16,Front wing,0.0,56,kevin_magnussen_2022_5,0,57.0,99.19743636363637,93.511,33.929375,37.986877192982455,28.158250000000002,MEDIUM,HARD,30.0,3.0,3.0,2.0
2022,5,Miami Grand Prix,vettel,aston_martin,0,17,Collision,0.0,54,vettel_2022_5,1,54.0,99.78715094339623,93.479,34.28196226415094,38.16168518518518,27.983833333333333,HARD,HARD,43.0,2.0,2.0,2.0
2022,5,Miami Grand Prix,gasly,alphatauri,7,18,Suspension,0.0,45,gasly_2022_5,0,45.0,97.57266666666666,94.487,35.289795454545455,38.57071111111111,28.018511111111113,MEDIUM,HARD,24.0,3.0,3.0,2.0
2022,5,Miami Grand Prix,norris,mclaren,8,19,Collision,0.0,39,norris_2022_5,0,40.0,96.13953846153846,93.411,32.84071052631579,36.442794871794874,26.69776923076923,MEDIUM,HARD,22.0,2.0,1.0,1.0
2022,5,Miami Grand Prix,zhou,alfa,17,20,Water leak,0.0,6,zhou_2022_5,0,6.0,102.17216666666667,95.731,33.2222,37.223166666666664,30.44666666666667,MEDIUM,MEDIUM,6.0,1.0,1.0,0.0
2022,6,Spanish Grand Prix,max_verstappen,red_bull,2,1,Finished,25.0,66,max_verstappen_2022_6,0,66.0,88.49204545454546,85.456,25.065246153846154,33.18777272727273,30.20209090909091,SOFT,MEDIUM,22.0,4.0,3.0,3.0
2022,6,Spanish Grand Prix,perez,red_bull,5,2,Finished,19.0,66,perez_2022_6,0,66.0,88.69010606060606,84.108,25.05689230769231,33.20490909090909,30.372666666666667,SOFT,MEDIUM,20.0,4.0,3.0,3.0
2022,6,Spanish Grand Prix,russell,mercedes,4,3,Finished,15.0,66,russell_2022_6,0,66.0,88.9909393939394,84.636,25.266323076923076,33.30372727272727,30.377333333333333,SOFT,MEDIUM,23.0,4.0,3.0,3.0
2022,6,Spanish Grand Prix,sainz,ferrari,3,4,Finished,12.0,66,sainz_2022_6,0,66.0,89.17701515151515,85.985,25.04006153846154,33.49648484848485,30.579333333333334,SOFT,MEDIUM,24.0,4.0,3.0,3.0
2022,6,Spanish Grand Prix,hamilton,mercedes,6,5,Finished,10.0,66,hamilton_2022_6,0,66.0,89.31831818181819,84.253,25.325492307692308,33.4344393939394,30.498924242424245,MEDIUM,SOFT,26.0,4.0,3.0,3.0
2022,6,Spanish Grand Prix,bottas,alfa,7,6,Finished,8.0,66,bottas_2022_6,0,66.0,89.40077272727272,86.395,25.092246153846155,33.529287878787876,30.70478787878788,SOFT,MEDIUM,32.0,3.0,2.0,2.0
2022,6,Spanish Grand Prix,ocon,alpine,12,7,Finished,6.0,66,ocon_2022_6,0,66.0,89.63442424242425,85.935,25.366753846153845,33.495954545454545,30.694621212121213,SOFT,SOFT,22.0,4.0,3.0,3.0
2022,6,Spanish Grand Prix,norris,mclaren,11,8,Finished,4.0,66,norris_2022_6,0,66.0,89.75318181818182,85.619,25.41756923076923,33.48869696969697,30.77077272727273,SOFT,SOFT,21.0,4.0,3.0,3.0
2022,6,Spanish Grand Prix,alonso,alpine,20,9,+1 Lap,2.0,65,alonso_2022_6,0,65.0,89.9588,86.599,25.502,33.637692307692305,30.723169230769233,SOFT,SOFT,22.0,4.0,3.0,3.0
2022,6,Spanish Grand Prix,tsunoda,alphatauri,13,10,+1 Lap,1.0,65,tsunoda_2022_6,0,65.0,90.01723076923076,86.828,25.57253125,33.622892307692304,30.741984615384617,SOFT,SOFT,23.0,4.0,3.0,3.0
2022,6,Spanish Grand Prix,vettel,aston_martin,16,11,+1 Lap,0.0,65,vettel_2022_6,0,65.0,90.26304615384615,87.629,25.39603125,33.986799999999995,30.789276923076926,SOFT,SOFT,24.0,3.0,2.0,2.0
2022,6,Spanish Grand Prix,ricciardo,mclaren,9,12,+1 Lap,0.0,65,ricciardo_2022_6,0,65.0,90.46387692307692,87.285,25.529218750000002,33.76376923076923,31.100538461538463,SOFT,SOFT,23.0,4.0,3.0,3.0
2022,6,Spanish Grand Prix,gasly,alphatauri,14,13,+1 Lap,0.0,65,gasly_2022_6,0,65.0,90.48341538461538,86.987,25.627640625,33.86856923076923,30.90356923076923,SOFT,SOFT,22.0,4.0,3.0,3.0
2022,6,Spanish Grand Prix,mick_schumacher,haas,10,14,+1 Lap,0.0,65,mick_schumacher_2022_6,0,65.0,90.52181538461538,87.447,25.38840625,33.92467692307692,31.1436,SOFT,MEDIUM,35.0,3.0,2.0,2.0
2022,6,Spanish Grand Prix,stroll,aston_martin,17,15,+1 Lap,0.0,65,stroll_2022_6,0,65.0,90.8124,86.876,25.937875000000002,33.8774,30.909815384615385,SOFT,SOFT,20.0,4.0,3.0,3.0
2022,6,Spanish Grand Prix,latifi,williams,19,16,+2 Laps,0.0,64,latifi_2022_6,0,64.0,91.327046875,87.246,25.760873015873013,34.136296875,31.325640625,SOFT,SOFT,24.0,4.0,3.0,3.0
2022,6,Spanish Grand Prix,kevin_magnussen,haas,8,17,+2 Laps,0.0,64,kevin_magnussen_2022_6,0,64.0,91.455171875,87.537,25.48230158730159,34.490515625,31.4213125,SOFT,HARD,35.0,3.0,2.0,2.0
2022,6,Spanish Grand Prix,albon,williams,18,18,+2 Laps,0.0,64,albon_2022_6,0,64.0,92.043796875,88.281,26.243873015873017,34.395078125,31.324484375,SOFT,SOFT,20.0,5.0,4.0,4.0
2022,6,Spanish Grand Prix,zhou,alfa,15,19,Power loss,0.0,28,zhou_2022_6,0,28.0,91.98467857142857,88.415,25.548333333333332,34.63335714285714,31.574178571428572,SOFT,MEDIUM,18.0,2.0,2.0,1.0
2022,6,Spanish Grand Prix,leclerc,ferrari,1,20,Turbo,0.0,27,leclerc_2022_6,0,27.0,89.69103703703703,87.03,25.15269230769231,33.32866666666667,31.13651851851852,SOFT,SOFT,21.0,2.0,2.0,1.0
2022,7,Monaco Grand Prix,perez,red_bull,3,1,Finished,25.0,64,perez_2022_7,0,64.0,89.4947741935484,76.028,24.08673015873016,41.57865625,24.69525396825397,INTERMEDIATE,MEDIUM,34.0,3.0,3.0,4.0
2022,7,Monaco Grand Prix,sainz,ferrari,2,2,Finished,18.0,64,sainz_2022_7,0,64.0,89.51753225806452,76.421,24.119825396825398,41.635953125,24.592714285714283,HARD,HARD,43.0,2.0,2.0,3.0
2022,7,Monaco Grand Prix,max_verstappen,red_bull,4,3,Finished,15.0,64,max_verstappen_2022_7,0,64.0,89.52037096774194,76.052,24.029190476190475,41.539125,24.72152380952381,INTERMEDIATE,MEDIUM,34.0,3.0,3.0,4.0
2022,7,Monaco Grand Prix,leclerc,ferrari,1,4,Finished,12.0,64,leclerc_2022_7,0,64.0,89.54141935483871,76.249,23.949079365079363,41.5464375,24.861809523809526,INTERMEDIATE,HARD,43.0,3.0,3.0,4.0
2022,7,Monaco Grand Prix,russell,mercedes,6,5,Finished,10.0,64,russell_2022_7,0,64.0,90.65820634920634,76.83,23.899126984126983,41.80003125,24.582730158730158,HARD,MEDIUM,34.0,2.0,2.0,3.0
2022,7,Monaco Grand Prix,norris,mclaren,5,6,Finished,9.0,64,norris_2022_7,0,64.0,90.58950793650794,74.693,23.662253968253967,41.72265625,24.87626984126984,INTERMEDIATE,HARD,29.0,4.0,4.0,5.0
2022,7,Monaco Grand Prix,alonso,alpine,7,7,Finished,6.0,64,alonso_2022_7,0,64.0,91.13414285714286,75.882,24.0334126984127,42.118765625,24.54569841269841,HARD,MEDIUM,34.0,2.0,2.0,3.0
2022,7,Monaco Grand Prix,hamilton,mercedes,8,8,Finished,4.0,64,hamilton_2022_7,0,64.0,91.15574603174603,77.203,23.930222222222223,41.899984375,24.84815873015873,INTERMEDIATE,MEDIUM,34.0,3.0,3.0,4.0
2022,7,Monaco Grand Prix,bottas,alfa,12,9,Finished,2.0,64,bottas_2022_7,0,64.0,91.48973015873015,77.6,23.85731746031746,42.073484375,24.701682539682537,HARD,HARD,44.0,2.0,2.0,3.0
2022,7,Monaco Grand Prix,vettel,aston_martin,9,10,Finished,1.0,64,vettel_2022_7,0,64.0,91.68304761904763,77.558,24.20563492063492,42.003421875,24.858238095238093,INTERMEDIATE,HARD,42.0,3.0,3.0,4.0
2022,7,Monaco Grand Prix,gasly,alphatauri,17,11,Finished,0.0,64,gasly_2022_7,0,64.0,90.65195161290323,77.344,23.887015873015873,41.643390625,25.138873015873017,INTERMEDIATE,HARD,42.0,3.0,3.0,4.0
2022,7,Monaco Grand Prix,ocon,alpine,10,12,Finished,0.0,64,ocon_2022_7,0,64.0,91.18044444444445,77.571,24.050412698412696,41.845296875,24.702301587301587,HARD,MEDIUM,34.0,2.0,2.0,3.0
2022,7,Monaco Grand Prix,ricciardo,mclaren,14,13,Finished,0.0,64,ricciardo_2022_7,0,64.0,91.7627142857143,77.532,24.114301587301586,42.09575,24.71663492063492,HARD,HARD,45.0,2.0,2.0,3.0
2022,7,Monaco Grand Prix,stroll,aston_martin,18,14,Finished,0.0,64,stroll_2022_7,0,64.0,91.49133333333333,77.672,24.20719047619048,41.378890625,24.956126984126985,WET,HARD,53.0,4.0,4.0,5.0
2022,7,Monaco Grand Prix,latifi,williams,19,15,+1 Lap,0.0,63,latifi_2022_7,0,63.0,92.03032258064516,78.579,24.051709677419353,41.56258730158731,25.369693548387097,INTERMEDIATE,MEDIUM,61.0,3.0,4.0,5.0
2022,7,Monaco Grand Prix,zhou,alfa,20,16,+1 Lap,0.0,63,zhou_2022_7,0,63.0,92.12858064516129,78.2,24.30133870967742,41.94468253968254,24.84632258064516,HARD,MEDIUM,34.0,2.0,2.0,3.0
2022,7,Monaco Grand Prix,tsunoda,alphatauri,11,17,+1 Lap,0.0,63,tsunoda_2022_7,0,63.0,92.49062903225806,75.334,24.5075,42.07901587301588,25.343064516129033,INTERMEDIATE,MEDIUM,27.0,4.0,4.0,5.0
2022,7,Monaco Grand Prix,albon,williams,16,18,Mechanical,0.0,48,albon_2022_7,0,49.0,95.88040425531915,78.023,25.224083333333336,43.46087755102041,26.152085106382977,HARD,MEDIUM,27.0,3.0,4.0,4.0
2022,7,Monaco Grand Prix,mick_schumacher,haas,15,19,Accident,0.0,24,mick_schumacher_2022_7,0,25.0,103.64608333333332,84.778,26.74326086956522,45.39325,28.983083333333337,INTERMEDIATE,HARD,21.0,2.0,2.0,3.0
2022,7,Monaco Grand Prix,kevin_magnussen,haas,13,20,Water pressure,0.0,19,kevin_magnussen_2022_7,0,20.0,105.01852631578947,93.754,26.80294736842105,47.1396,27.739105263157896,WET,WET,20.0,1.0,1.0,1.0
2022,8,Azerbaijan Grand Prix,max_verstappen,red_bull,3,1,Finished,25.0,51,max_verstappen_2022_8,0,51.0,109.64182000000001,106.05,39.911640000000006,44.558392156862745,26.167509803921565,MEDIUM,HARD,18.0,3.0,2.0,2.0
2022,8,Azerbaijan Grand Prix,perez,red_bull,2,2,Finished,19.0,51,perez_2022_8,0,51.0,110.04222,106.046,40.03098,44.49703921568628,26.55156862745098,MEDIUM,HARD,18.0,3.0,2.0,2.0
2022,8,Azerbaijan Grand Prix,russell,mercedes,5,3,Finished,15.0,51,russell_2022_8,0,51.0,110.54700000000001,107.177,40.01944,44.61539215686275,26.884313725490195,MEDIUM,HARD,24.0,3.0,2.0,2.0
2022,8,Azerbaijan Grand Prix,hamilton,mercedes,7,4,Finished,12.0,51,hamilton_2022_8,0,51.0,111.07112,107.044,40.206179999999996,45.01841176470588,26.78362745098039,MEDIUM,HARD,24.0,3.0,2.0,2.0
2022,8,Azerbaijan Grand Prix,gasly,alphatauri,6,5,Finished,10.0,51,gasly_2022_8,0,51.0,111.43078,108.519,40.29062,45.13182352941176,26.705764705882352,MEDIUM,HARD,42.0,2.0,1.0,1.0
2022,8,Azerbaijan Grand Prix,vettel,aston_martin,9,6,Finished,8.0,51,vettel_2022_8,0,51.0,111.56998,108.206,40.290259999999996,45.55360784313725,26.399490196078432,MEDIUM,HARD,43.0,2.0,1.0,1.0
2022,8,Azerbaijan Grand Prix,alonso,alpine,10,7,Finished,6.0,51,alonso_2022_8,0,51.0,111.64402,107.989,40.418820000000004,45.58480392156862,26.320568627450978,MEDIUM,HARD,33.0,2.0,1.0,1.0
2022,8,Azerbaijan Grand Prix,ricciardo,mclaren,12,8,Finished,4.0,51,ricciardo_2022_8,0,51.0,111.50908,108.276,40.25778,45.505352941176476,26.613,HARD,HARD,33.0,2.0,1.0,1.0
2022,8,Azerbaijan Grand Prix,norris,mclaren,11,9,Finished,2.0,51,norris_2022_8,0,51.0,112.51954901960785,107.997,40.3371,45.434705882352944,26.61723529411765,MEDIUM,HARD,31.0,2.0,1.0,1.0
2022,8,Azerbaijan Grand Prix,ocon,alpine,13,10,Finished,1.0,51,ocon_2022_8,0,51.0,111.96647999999999,108.297,40.64386,45.8831568627451,26.154254901960783,HARD,HARD,33.0,2.0,1.0,1.0
2022,8,Azerbaijan Grand Prix,bottas,alfa,15,11,+1 Lap,0.0,50,bottas_2022_8,0,50.0,111.45539583333334,108.179,40.66822448979592,45.63504,26.563139999999997,HARD,HARD,33.0,2.0,1.0,1.0
2022,8,Azerbaijan Grand Prix,albon,williams,17,12,+1 Lap,0.0,50,albon_2022_8,0,50.0,112.23095918367346,107.966,40.864612244897955,45.580659999999995,26.45304,MEDIUM,HARD,21.0,3.0,2.0,2.0
2022,8,Azerbaijan Grand Prix,tsunoda,alphatauri,8,13,+1 Lap,0.0,50,tsunoda_2022_8,0,50.0,112.31530612244897,107.523,40.98157142857143,45.2826,26.72402,MEDIUM,HARD,29.0,3.0,2.0,2.0
2022,8,Azerbaijan Grand Prix,mick_schumacher,haas,20,14,+1 Lap,0.0,50,mick_schumacher_2022_8,0,50.0,113.07691836734695,108.41,41.065612244897956,45.66244,26.94718,HARD,HARD,27.0,3.0,2.0,2.0
2022,8,Azerbaijan Grand Prix,latifi,williams,18,15,+1 Lap,0.0,50,latifi_2022_8,0,50.0,114.20869387755101,109.583,41.38181632653061,46.47888,26.888840000000002,MEDIUM,HARD,33.0,3.0,2.0,2.0
2022,8,Azerbaijan Grand Prix,stroll,aston_martin,19,16,Vibrations,0.0,46,stroll_2022_8,0,46.0,113.46486666666667,108.038,41.05762222222222,46.17286956521739,26.886195652173914,HARD,HARD,31.0,2.0,2.0,1.0
2022,8,Azerbaijan Grand Prix,kevin_magnussen,haas,16,17,Power Unit,0.0,31,kevin_magnussen_2022_8,0,32.0,112.62316129032259,108.789,40.66843333333333,45.43141935483871,26.23122580645161,MEDIUM,HARD,23.0,2.0,1.0,1.0
2022,8,Azerbaijan Grand Prix,zhou,alfa,14,18,Hydraulics,0.0,23,zhou_2022_8,0,23.0,114.38252173913042,108.723,41.030454545454546,45.94813043478261,27.08021739130435,MEDIUM,HARD,14.0,2.0,2.0,1.0
2022,8,Azerbaijan Grand Prix,leclerc,ferrari,1,19,Power Unit,0.0,21,leclerc_2022_8,0,21.0,112.38645,107.531,40.22463157894737,44.47185,28.488999999999997,MEDIUM,HARD,12.0,2.0,2.0,1.0
2022,8,Azerbaijan Grand Prix,sainz,ferrari,4,20,Hydraulics,0.0,8,sainz_2022_8,0,9.0,109.80575,108.978,39.044,44.373375,25.75875,MEDIUM,MEDIUM,9.0,1.0,0.0,0.0
2022,9,Canadian Grand Prix,max_verstappen,red_bull,1,1,Finished,25.0,70,max_verstappen_2022_9,0,70.0,82.59652857142856,75.839,22.80113043478261,26.201328571428572,33.53794285714286,MEDIUM,HARD,34.0,3.0,2.0,2.0
2022,9,Canadian Grand Prix,sainz,ferrari,3,2,Finished,19.0,70,sainz_2022_9,0,70.0,82.61071428571428,75.749,22.87444927536232,26.166985714285715,33.49631428571429,MEDIUM,HARD,29.0,3.0,2.0,2.0
2022,9,Canadian Grand Prix,hamilton,mercedes,4,3,Finished,15.0,70,hamilton_2022_9,0,70.0,82.69661428571429,76.167,22.763797101449274,26.421185714285713,33.424885714285715,MEDIUM,HARD,35.0,3.0,2.0,2.0
2022,9,Canadian Grand Prix,russell,mercedes,8,4,Finished,12.0,70,russell_2022_9,0,70.0,82.77242857142856,76.418,22.76010144927536,26.294485714285713,33.611085714285714,MEDIUM,HARD,26.0,3.0,2.0,2.0
2022,9,Canadian Grand Prix,leclerc,ferrari,19,5,Finished,10.0,70,leclerc_2022_9,0,70.0,82.8132142857143,75.901,23.180855072463768,26.354414285714284,33.13254285714285,HARD,HARD,41.0,2.0,1.0,1.0
2022,9,Canadian Grand Prix,ocon,alpine,7,6,Finished,8.0,70,ocon_2022_9,0,70.0,82.93781428571428,77.11,22.987304347826086,26.475257142857142,33.380585714285715,MEDIUM,MEDIUM,30.0,3.0,2.0,2.0
2022,9,Canadian Grand Prix,bottas,alfa,11,7,Finished,6.0,70,bottas_2022_9,0,70.0,82.9572,76.927,23.336,26.329085714285714,33.18015714285714,HARD,HARD,49.0,2.0,1.0,1.0
2022,9,Canadian Grand Prix,zhou,alfa,10,8,Finished,4.0,70,zhou_2022_9,0,70.0,82.98155714285714,76.578,23.31908695652174,26.37485714285714,33.181485714285714,MEDIUM,HARD,30.0,3.0,2.0,2.0
2022,9,Canadian Grand Prix,alonso,alpine,2,9,Finished,2.0,70,alonso_2022_9,0,70.0,82.95288571428571,77.01,22.90904347826087,26.434700000000003,33.54507142857143,MEDIUM,MEDIUM,28.0,3.0,2.0,2.0
2022,9,Canadian Grand Prix,stroll,aston_martin,17,10,Finished,1.0,70,stroll_2022_9,0,70.0,83.14255714285714,77.421,23.420985507246378,26.2826,33.30814285714286,HARD,HARD,47.0,2.0,1.0,1.0
2022,9,Canadian Grand Prix,ricciardo,mclaren,9,11,Finished,0.0,70,ricciardo_2022_9,0,70.0,83.21148571428571,77.932,23.231434782608698,26.400542857142856,33.47618571428571,MEDIUM,HARD,30.0,3.0,2.0,2.0
2022,9,Canadian Grand Prix,vettel,aston_martin,16,12,Finished,0.0,70,vettel_2022_9,0,70.0,83.2286,77.956,23.151333333333334,26.367214285714283,33.5798,MEDIUM,HARD,51.0,3.0,2.0,2.0
2022,9,Canadian Grand Prix,albon,williams,12,13,Finished,0.0,70,albon_2022_9,0,70.0,83.23785714285714,77.951,23.45675362318841,26.38725714285714,33.274385714285714,MEDIUM,HARD,30.0,3.0,2.0,2.0
2022,9,Canadian Grand Prix,gasly,alphatauri,15,14,Finished,0.0,70,gasly_2022_9,0,70.0,83.24199999999999,77.81,23.45840579710145,26.187528571428572,33.45655714285714,MEDIUM,HARD,34.0,3.0,2.0,2.0
2022,9,Canadian Grand Prix,norris,mclaren,14,15,Finished,0.0,70,norris_2022_9,0,70.0,83.27002857142857,77.495,23.232695652173913,26.306285714285714,33.604957142857145,HARD,HARD,28.0,3.0,2.0,2.0
2022,9,Canadian Grand Prix,latifi,williams,18,16,Finished,0.0,70,latifi_2022_9,0,70.0,83.45335714285714,78.54,23.606927536231883,26.410942857142857,33.28615714285714,MEDIUM,HARD,33.0,3.0,2.0,2.0
2022,9,Canadian Grand Prix,kevin_magnussen,haas,5,17,Finished,0.0,70,kevin_magnussen_2022_9,0,70.0,83.57052857142857,78.046,23.355014492753625,26.28282857142857,33.848885714285714,MEDIUM,HARD,63.0,2.0,1.0,1.0
2022,9,Canadian Grand Prix,tsunoda,alphatauri,20,18,Accident,0.0,47,tsunoda_2022_9,0,47.0,81.89663829787234,78.309,23.121239130434784,25.93676595744681,32.604404255319146,MEDIUM,HARD,38.0,2.0,2.0,1.0
2022,9,Canadian Grand Prix,mick_schumacher,haas,6,19,Engine,0.0,18,mick_schumacher_2022_9,0,19.0,82.86722222222221,78.967,23.30329411764706,26.661777777777775,32.532333333333334,MEDIUM,MEDIUM,19.0,1.0,0.0,0.0
2022,9,Canadian Grand Prix,perez,red_bull,13,20,Gearbox,0.0,7,perez_2022_9,0,8.0,81.366,78.844,22.607833333333332,25.905714285714286,31.597285714285714,HARD,HARD,8.0,1.0,0.0,0.0
2022,10,British Grand Prix,sainz,ferrari,1,1,Finished,25.0,52,sainz_2022_10,0,52.0,94.32280851063828,90.813,32.67136,40.34411538461538,27.300596153846154,MEDIUM,MEDIUM,19.0,4.0,3.0,3.0
2022,10,British Grand Prix,perez,red_bull,4,2,Finished,18.0,52,perez_2022_10,0,52.0,97.3095306122449,90.937,32.60452,40.089470588235294,26.638901960784313,MEDIUM,MEDIUM,35.0,4.0,3.0,3.0
2022,10,British Grand Prix,hamilton,mercedes,5,3,Finished,16.0,52,hamilton_2022_10,0,52.0,95.492125,90.51,32.5182,40.566250000000004,27.251461538461538,MEDIUM,MEDIUM,32.0,4.0,3.0,3.0
2022,10,British Grand Prix,leclerc,ferrari,3,4,Finished,12.0,52,leclerc_2022_10,0,52.0,95.70135416666666,91.282,32.30546,40.63961538461539,27.48878846153846,MEDIUM,HARD,27.0,3.0,2.0,2.0
2022,10,British Grand Prix,alonso,alpine,7,5,Finished,10.0,52,alonso_2022_10,0,52.0,98.37809999999999,91.609,32.107,40.63917307692308,27.42453846153846,MEDIUM,MEDIUM,32.0,4.0,3.0,3.0
2022,10,British Grand Prix,norris,mclaren,6,6,Finished,8.0,52,norris_2022_10,0,52.0,97.42567346938776,91.645,32.33868,40.79459615384615,27.206115384615387,MEDIUM,MEDIUM,34.0,4.0,3.0,3.0
2022,10,British Grand Prix,max_verstappen,red_bull,2,7,Finished,6.0,52,max_verstappen_2022_10,0,52.0,97.74702040816327,92.135,33.06114,40.53901923076923,27.080134615384615,SOFT,MEDIUM,16.0,5.0,4.0,4.0
2022,10,British Grand Prix,mick_schumacher,haas,19,8,Finished,4.0,52,mick_schumacher_2022_10,0,52.0,98.78227999999999,92.109,32.0686,40.20474509803922,26.82194117647059,MEDIUM,HARD,20.0,4.0,3.0,3.0
2022,10,British Grand Prix,vettel,aston_martin,18,9,Finished,2.0,52,vettel_2022_10,0,52.0,98.75674000000001,92.471,32.08042,40.03805882352941,27.042,SOFT,MEDIUM,35.0,4.0,3.0,3.0
2022,10,British Grand Prix,kevin_magnussen,haas,17,10,Finished,1.0,52,kevin_magnussen_2022_10,0,52.0,98.85244,92.661,31.90156,40.55346153846154,27.670846153846153,SOFT,MEDIUM,30.0,3.0,2.0,2.0
2022,10,British Grand Prix,stroll,aston_martin,20,11,Finished,0.0,52,stroll_2022_10,0,52.0,99.86974509803922,92.379,31.77074,40.34749019607843,27.024470588235296,MEDIUM,MEDIUM,26.0,4.0,3.0,3.0
2022,10,British Grand Prix,latifi,williams,10,12,Finished,0.0,52,latifi_2022_10,0,52.0,100.08972549019607,93.286,32.272600000000004,40.41886274509804,26.86105882352941,SOFT,SOFT,20.0,4.0,3.0,3.0
2022,10,British Grand Prix,ricciardo,mclaren,14,13,Finished,0.0,52,ricciardo_2022_10,0,52.0,98.92147999999999,92.644,32.544180000000004,40.6194423076923,27.21223076923077,MEDIUM,MEDIUM,20.0,5.0,4.0,4.0
2022,10,British Grand Prix,tsunoda,alphatauri,13,14,Finished,0.0,52,tsunoda_2022_10,0,52.0,101.23160784313725,93.832,32.30684,41.345711538461536,27.458192307692308,MEDIUM,SOFT,21.0,4.0,3.0,3.0
2022,10,British Grand Prix,ocon,alpine,15,15,Fuel pump,0.0,37,ocon_2022_10,0,38.0,101.55108333333334,93.537,31.559800000000003,39.29316666666667,27.92081081081081,MEDIUM,SOFT,21.0,3.0,2.0,2.0
2022,10,British Grand Prix,gasly,alphatauri,11,16,Collision damage,0.0,26,gasly_2022_10,0,26.0,100.90948,94.275,32.82833333333333,40.832884615384614,27.99846153846154,MEDIUM,SOFT,15.0,3.0,3.0,2.0
2022,10,British Grand Prix,bottas,alfa,12,17,Gearbox,0.0,20,bottas_2022_10,0,20.0,101.37231578947369,95.103,31.91144444444444,40.646842105263154,27.252,MEDIUM,MEDIUM,19.0,2.0,2.0,1.0
2022,10,British Grand Prix,russell,mercedes,8,18,Collision,0.0,0,russell_2022_10,0,1.0,,,,,,HARD,HARD,1.0,1.0,0.0,0.0
2022,10,British Grand Prix,zhou,alfa,9,19,Collision,0.0,0,zhou_2022_10,0,1.0,,,,,,MEDIUM,MEDIUM,1.0,1.0,0.0,0.0
2022,10,British Grand Prix,albon,williams,16,20,Collision,0.0,0,albon_2022_10,0,1.0,,,,,,SOFT,SOFT,1.0,1.0,0.0,0.0
2022,11,Austrian Grand Prix,leclerc,ferrari,2,1,Finished,25.0,71,leclerc_2022_11,0,71.0,71.32833802816901,67.583,18.371685714285714,31.43750704225352,21.485070422535212,MEDIUM,MEDIUM,32.0,3.0,3.0,3.0
2022,11,Austrian Grand Prix,max_verstappen,red_bull,1,2,Finished,19.0,71,max_verstappen_2022_11,0,71.0,71.34991549295775,67.275,18.370457142857145,31.47361971830986,21.477267605633802,MEDIUM,MEDIUM,35.0,3.0,3.0,3.0
2022,11,Austrian Grand Prix,hamilton,mercedes,8,3,Finished,15.0,71,hamilton_2022_11,0,71.0,71.90885915492959,69.0,18.317928571428574,31.751225352112677,21.783042253521128,MEDIUM,MEDIUM,43.0,2.0,2.0,2.0
2022,11,Austrian Grand Prix,russell,mercedes,4,4,Finished,12.0,71,russell_2022_11,0,71.0,72.15892957746479,69.075,18.582857142857144,31.78487323943662,21.749408450704227,MEDIUM,HARD,60.0,2.0,2.0,2.0
2022,11,Austrian Grand Prix,ocon,alpine,6,5,Finished,10.0,71,ocon_2022_11,0,71.0,72.29222535211267,69.559,18.421400000000002,31.85469014084507,21.96274647887324,MEDIUM,HARD,55.0,2.0,2.0,2.0
2022,11,Austrian Grand Prix,mick_schumacher,haas,9,6,+1 Lap,8.0,70,mick_schumacher_2022_11,0,70.0,72.42302857142857,69.625,18.361666666666665,32.05531428571428,21.946942857142858,MEDIUM,HARD,54.0,2.0,2.0,2.0
2022,11,Austrian Grand Prix,norris,mclaren,10,7,+1 Lap,6.0,70,norris_2022_11,0,70.0,72.46455714285715,69.304,18.46268115942029,32.05775714285714,21.8796,MEDIUM,HARD,56.0,2.0,2.0,2.0
2022,11,Austrian Grand Prix,kevin_magnussen,haas,7,8,+1 Lap,4.0,70,kevin_magnussen_2022_11,0,70.0,72.51325714285714,69.938,18.414420289855073,32.03935714285714,22.00532857142857,MEDIUM,HARD,55.0,2.0,2.0,2.0
2022,11,Austrian Grand Prix,ricciardo,mclaren,11,9,+1 Lap,2.0,70,ricciardo_2022_11,0,70.0,72.5808,69.924,18.434565217391302,32.10088571428571,21.984671428571428,MEDIUM,HARD,57.0,3.0,2.0,2.0
2022,11,Austrian Grand Prix,alonso,alpine,19,10,+1 Lap,1.0,70,alonso_2022_11,0,70.0,72.61052857142857,68.558,18.440289855072464,32.024300000000004,22.06797142857143,HARD,MEDIUM,31.0,3.0,3.0,3.0
2022,11,Austrian Grand Prix,bottas,alfa,0,11,+1 Lap,0.0,70,bottas_2022_11,1,70.0,72.63267142857143,69.266,18.28968115942029,32.12937142857143,22.086314285714284,MEDIUM,HARD,59.0,3.0,2.0,3.0
2022,11,Austrian Grand Prix,albon,williams,15,12,+1 Lap,0.0,70,albon_2022_11,0,70.0,72.69841428571429,69.669,18.259753623188406,32.243,22.1207,MEDIUM,HARD,57.0,3.0,2.0,2.0
2022,11,Austrian Grand Prix,stroll,aston_martin,12,13,+1 Lap,0.0,70,stroll_2022_11,0,70.0,72.76841428571429,70.004,18.374000000000002,32.25835714285714,22.068485714285714,MEDIUM,MEDIUM,43.0,2.0,2.0,2.0
2022,11,Austrian Grand Prix,zhou,alfa,13,14,+1 Lap,0.0,70,zhou_2022_11,0,70.0,72.79301428571429,69.38,18.430347826086955,32.31994285714286,21.9729,HARD,MEDIUM,46.0,2.0,2.0,2.0
2022,11,Austrian Grand Prix,gasly,alphatauri,14,15,+1 Lap,0.0,70,gasly_2022_11,0,70.0,72.82454285714286,70.104,18.45114492753623,32.2254,22.079942857142857,MEDIUM,HARD,57.0,3.0,2.0,2.0
2022,11,Austrian Grand Prix,tsunoda,alphatauri,16,16,+1 Lap,0.0,70,tsunoda_2022_11,0,70.0,72.92074285714286,70.023,18.38827536231884,32.3063,22.15095714285714,HARD,HARD,44.0,2.0,2.0,2.0
2022,11,Austrian Grand Prix,vettel,aston_martin,18,17,+1 Lap,0.0,70,vettel_2022_11,0,70.0,72.87348571428572,70.0,18.39914492753623,32.282042857142855,22.115057142857143,HARD,MEDIUM,52.0,2.0,2.0,2.0
2022,11,Austrian Grand Prix,sainz,ferrari,3,18,Power Unit,0.0,56,sainz_2022_11,0,57.0,71.16046428571428,68.649,18.280854545454545,31.39342857142857,21.429750000000002,MEDIUM,HARD,30.0,2.0,2.0,2.0
2022,11,Austrian Grand Prix,latifi,williams,17,19,Undertray,0.0,48,latifi_2022_11,0,48.0,73.47295833333334,70.89,18.467808510638296,32.46414583333333,22.431208333333334,MEDIUM,HARD,35.0,3.0,3.0,2.0
2022,11,Austrian Grand Prix,perez,red_bull,5,20,Collision damage,0.0,24,perez_2022_11,0,24.0,75.6965,71.843,18.917565217391303,33.361333333333334,23.303791666666665,MEDIUM,HARD,21.0,3.0,2.0,1.0
2022,12,French Grand Prix,max_verstappen,red_bull,2,1,Finished,25.0,53,max_verstappen_2022_12,0,53.0,99.86735294117646,97.491,25.676884615384616,30.551509433962263,45.59509433962264,MEDIUM,HARD,37.0,2.0,1.0,1.0
2022,12,French Grand Prix,hamilton,mercedes,4,2,Finished,18.0,53,hamilton_2022_12,0,53.0,100.92076923076924,97.668,25.622384615384615,30.948301886792454,45.438188679245286,MEDIUM,HARD,35.0,2.0,1.0,1.0
2022,12,French Grand Prix,russell,mercedes,6,3,Finished,15.0,53,russell_2022_12,0,53.0,101.07917307692308,97.548,25.64675,30.906320754716983,45.53803773584906,MEDIUM,HARD,36.0,2.0,1.0,1.0
2022,12,French Grand Prix,perez,red_bull,3,4,Finished,12.0,53,perez_2022_12,0,53.0,101.12650000000001,97.78,25.826076923076922,30.745962264150943,45.556867924528305,MEDIUM,HARD,35.0,2.0,1.0,1.0
2022,12,French Grand Prix,sainz,ferrari,19,5,Finished,11.0,53,sainz_2022_12,0,53.0,102.4713962264151,95.781,25.73290384615385,30.77039622641509,45.758320754716976,HARD,MEDIUM,24.0,3.0,2.0,2.0
2022,12,French Grand Prix,alonso,alpine,7,6,Finished,8.0,53,alonso_2022_12,0,53.0,101.75509615384615,98.16,25.84180769230769,31.120415094339624,45.64222641509434,MEDIUM,HARD,35.0,2.0,1.0,1.0
2022,12,French Grand Prix,norris,mclaren,5,7,Finished,6.0,53,norris_2022_12,0,53.0,102.9082641509434,98.985,25.880403846153847,31.05775471698113,45.82211320754717,MEDIUM,HARD,35.0,2.0,1.0,1.0
2022,12,French Grand Prix,ocon,alpine,10,8,Finished,4.0,53,ocon_2022_12,0,53.0,103.00133962264151,98.684,25.936519230769232,31.03543396226415,45.87192452830189,MEDIUM,HARD,35.0,2.0,1.0,1.0
2022,12,French Grand Prix,ricciardo,mclaren,9,9,Finished,2.0,53,ricciardo_2022_12,0,53.0,103.06573584905661,99.133,26.051096153846153,31.075716981132075,45.790603773584905,MEDIUM,HARD,35.0,2.0,1.0,1.0
2022,12,French Grand Prix,stroll,aston_martin,15,10,Finished,1.0,53,stroll_2022_12,0,53.0,103.10681132075472,99.185,26.02873076923077,31.10033962264151,45.806150943396226,MEDIUM,HARD,36.0,2.0,1.0,1.0
2022,12,French Grand Prix,vettel,aston_martin,12,11,Finished,0.0,53,vettel_2022_12,0,53.0,102.03311538461539,99.044,26.067365384615382,30.944037735849058,45.966811320754715,MEDIUM,HARD,35.0,2.0,1.0,1.0
2022,12,French Grand Prix,gasly,alphatauri,14,12,Finished,0.0,53,gasly_2022_12,0,53.0,103.16150943396227,98.786,25.984403846153846,31.232943396226414,45.765433962264154,HARD,MEDIUM,35.0,2.0,1.0,1.0
2022,12,French Grand Prix,albon,williams,13,13,Finished,0.0,53,albon_2022_12,0,53.0,103.22032075471698,99.199,25.919461538461537,31.225377358490565,45.8947358490566,MEDIUM,HARD,35.0,2.0,1.0,1.0
2022,12,French Grand Prix,bottas,alfa,11,14,Finished,0.0,53,bottas_2022_12,0,53.0,103.37316981132076,97.963,26.18815384615385,30.94798113207547,46.046301886792456,HARD,HARD,18.0,3.0,2.0,2.0
2022,12,French Grand Prix,mick_schumacher,haas,17,15,Finished,0.0,53,mick_schumacher_2022_12,0,53.0,103.44350943396228,99.068,25.970750000000002,31.05145283018868,46.234320754716975,MEDIUM,HARD,35.0,3.0,2.0,2.0
2022,12,French Grand Prix,zhou,alfa,16,16,+6 Laps,0.0,47,zhou_2022_12,0,48.0,104.49074468085105,99.368,26.256695652173914,31.159638297872338,46.844489361702124,MEDIUM,HARD,26.0,3.0,2.0,2.0
2022,12,French Grand Prix,latifi,williams,18,17,Collision damage,0.0,40,latifi_2022_12,0,41.0,103.61005128205127,99.65,26.586025,31.182536585365852,46.952175,MEDIUM,MEDIUM,19.0,3.0,3.0,2.0
2022,12,French Grand Prix,kevin_magnussen,haas,20,18,Collision damage,0.0,37,kevin_magnussen_2022_12,0,38.0,103.97886486486486,99.265,26.140333333333334,31.146405405405403,46.41567567567568,MEDIUM,HARD,20.0,3.0,3.0,2.0
2022,12,French Grand Prix,leclerc,ferrari,1,19,Accident,0.0,17,leclerc_2022_12,0,18.0,99.11423529411765,98.088,25.0816875,30.142117647058825,43.571176470588235,MEDIUM,MEDIUM,18.0,1.0,0.0,0.0
2022,12,French Grand Prix,tsunoda,alphatauri,8,20,Undertray,0.0,17,tsunoda_2022_12,0,18.0,104.39570588235293,100.216,26.788117647058826,32.03622222222222,46.13058823529412,MEDIUM,MEDIUM,11.0,2.0,2.0,1.0
2022,13,Hungarian Grand Prix,max_verstappen,red_bull,10,1,Finished,25.0,70,max_verstappen_2022_13,0,70.0,85.37017142857144,82.126,30.787260869565216,30.551042857142857,23.941157142857143,SOFT,MEDIUM,32.0,3.0,2.0,2.0
2022,13,Hungarian Grand Prix,hamilton,mercedes,7,2,Finished,19.0,70,hamilton_2022_13,0,70.0,85.48208571428572,81.386,30.94969565217391,30.633371428571426,23.8257,MEDIUM,MEDIUM,32.0,3.0,2.0,2.0
2022,13,Hungarian Grand Prix,russell,mercedes,1,3,Finished,15.0,70,russell_2022_13,0,70.0,85.54641428571428,82.766,31.031565217391304,30.554742857142855,23.910014285714286,SOFT,MEDIUM,31.0,3.0,2.0,2.0
2022,13,Hungarian Grand Prix,sainz,ferrari,2,4,Finished,12.0,70,sainz_2022_13,0,70.0,85.57844285714286,82.0,30.932710144927537,30.619542857142857,23.970457142857143,MEDIUM,MEDIUM,30.0,3.0,2.0,2.0
2022,13,Hungarian Grand Prix,perez,red_bull,11,5,Finished,10.0,70,perez_2022_13,0,70.0,85.59428571428572,81.94,30.83566666666667,30.71471428571429,23.95527142857143,SOFT,MEDIUM,28.0,3.0,2.0,2.0
2022,13,Hungarian Grand Prix,leclerc,ferrari,3,6,Finished,8.0,70,leclerc_2022_13,0,70.0,85.59941428571429,81.622,31.180855072463764,30.528214285714284,23.834742857142857,MEDIUM,MEDIUM,21.0,4.0,3.0,3.0
2022,13,Hungarian Grand Prix,norris,mclaren,4,7,Finished,6.0,70,norris_2022_13,0,70.0,86.48874285714287,83.043,31.390014492753625,30.879985714285716,24.155528571428572,SOFT,HARD,28.0,3.0,2.0,2.0
2022,13,Hungarian Grand Prix,alonso,alpine,6,8,+1 Lap,4.0,69,alonso_2022_13,0,69.0,86.72646376811595,83.979,31.176882352941174,31.17330434782609,24.294652173913047,MEDIUM,HARD,48.0,2.0,1.0,1.0
2022,13,Hungarian Grand Prix,ocon,alpine,5,9,+1 Lap,2.0,69,ocon_2022_13,0,69.0,86.76811594202898,84.149,31.183500000000002,31.17460869565218,24.335768115942027,MEDIUM,HARD,46.0,2.0,1.0,1.0
2022,13,Hungarian Grand Prix,vettel,aston_martin,18,10,+1 Lap,1.0,69,vettel_2022_13,0,69.0,86.7701884057971,82.824,31.15966176470588,31.17124637681159,24.313231884057974,SOFT,MEDIUM,32.0,3.0,2.0,2.0
2022,13,Hungarian Grand Prix,stroll,aston_martin,14,11,+1 Lap,0.0,69,stroll_2022_13,0,69.0,86.88049275362319,82.437,31.242867647058823,31.206130434782608,24.321710144927536,SOFT,SOFT,33.0,3.0,2.0,2.0
2022,13,Hungarian Grand Prix,gasly,alphatauri,0,12,+1 Lap,0.0,69,gasly_2022_13,1,69.0,87.06814492753624,83.199,31.180750000000003,31.290652173913042,24.443101449275364,SOFT,SOFT,30.0,3.0,2.0,3.0
2022,13,Hungarian Grand Prix,zhou,alfa,12,13,+1 Lap,0.0,69,zhou_2022_13,0,69.0,87.14676811594204,82.029,31.49795588235294,31.192840579710147,24.338405797101448,MEDIUM,MEDIUM,27.0,3.0,2.0,2.0
2022,13,Hungarian Grand Prix,mick_schumacher,haas,15,14,+1 Lap,0.0,69,mick_schumacher_2022_13,0,69.0,87.15092753623188,83.151,31.440323529411764,31.163942028985506,24.448101449275363,MEDIUM,MEDIUM,28.0,3.0,2.0,2.0
2022,13,Hungarian Grand Prix,ricciardo,mclaren,9,15,+1 Lap,0.0,69,ricciardo_2022_13,0,69.0,87.1354927536232,83.59,31.45075,31.22463768115942,24.365260869565216,SOFT,MEDIUM,31.0,3.0,2.0,2.0
2022,13,Hungarian Grand Prix,kevin_magnussen,haas,13,16,+1 Lap,0.0,69,kevin_magnussen_2022_13,0,69.0,87.56428985507246,83.511,31.758544117647062,31.292710144927536,24.427057971014495,MEDIUM,MEDIUM,32.0,4.0,3.0,3.0
2022,13,Hungarian Grand Prix,albon,williams,17,17,+1 Lap,0.0,69,albon_2022_13,0,69.0,87.57660869565217,83.047,31.673838235294117,31.33733333333333,24.455434782608695,SOFT,MEDIUM,29.0,4.0,3.0,3.0
2022,13,Hungarian Grand Prix,latifi,williams,19,18,+1 Lap,0.0,69,latifi_2022_13,0,69.0,87.75230434782608,82.478,31.573014705882354,31.506130434782605,24.54968115942029,MEDIUM,MEDIUM,21.0,4.0,3.0,3.0
2022,13,Hungarian Grand Prix,tsunoda,alphatauri,16,19,+2 Laps,0.0,68,tsunoda_2022_13,0,68.0,88.65795588235294,83.538,31.971373134328356,31.9075,24.668573529411763,SOFT,SOFT,20.0,4.0,3.0,3.0
2022,13,Hungarian Grand Prix,bottas,alfa,8,20,Power Unit,0.0,65,bottas_2022_13,0,66.0,86.48070769230769,84.002,31.0566875,31.030815384615384,24.280092307692307,MEDIUM,HARD,40.0,2.0,1.0,1.0
2022,14,Belgian Grand Prix,max_verstappen,red_bull,14,1,Finished,26.0,44,max_verstappen_2022_14,0,44.0,114.1045,109.354,33.45972093023256,51.66338636363636,31.91993181818182,SOFT,MEDIUM,15.0,3.0,2.0,2.0
2022,14,Belgian Grand Prix,perez,red_bull,2,2,Finished,18.0,44,perez_2022_14,0,44.0,114.24557142857144,110.764,33.71269767441861,51.711999999999996,32.05509090909091,MEDIUM,MEDIUM,17.0,3.0,2.0,2.0
2022,14,Belgian Grand Prix,sainz,ferrari,1,3,Finished,15.0,44,sainz_2022_14,0,44.0,114.3909761904762,111.977,33.93481395348837,51.70309090909091,32.07909090909091,SOFT,HARD,19.0,3.0,2.0,2.0
2022,14,Belgian Grand Prix,russell,mercedes,5,4,Finished,12.0,44,russell_2022_14,0,44.0,114.59483333333334,110.793,33.914697674418605,51.63186363636364,32.195977272727276,MEDIUM,MEDIUM,16.0,3.0,2.0,2.0
2022,14,Belgian Grand Prix,alonso,alpine,3,5,Finished,10.0,44,alonso_2022_14,0,44.0,115.7175,112.868,33.8643488372093,52.64772727272727,32.24256818181818,MEDIUM,MEDIUM,19.0,3.0,2.0,2.0
2022,14,Belgian Grand Prix,leclerc,ferrari,15,6,Finished,8.0,44,leclerc_2022_14,0,44.0,115.6982380952381,109.984,33.93883720930232,52.53927272727273,32.14727272727273,SOFT,MEDIUM,22.0,4.0,3.0,3.0
2022,14,Belgian Grand Prix,ocon,alpine,16,7,Finished,6.0,44,ocon_2022_14,0,44.0,115.9874761904762,111.717,33.63946511627907,52.898272727272726,32.19302272727273,MEDIUM,MEDIUM,20.0,3.0,2.0,2.0
2022,14,Belgian Grand Prix,vettel,aston_martin,10,8,Finished,4.0,44,vettel_2022_14,0,44.0,115.89685714285713,112.515,33.66962790697675,52.86931818181818,32.29159090909091,MEDIUM,MEDIUM,19.0,3.0,2.0,2.0
2022,14,Belgian Grand Prix,gasly,alphatauri,0,9,Finished,2.0,44,gasly_2022_14,1,44.0,115.72978048780489,113.002,33.623255813953485,53.303590909090914,32.11238636363636,MEDIUM,MEDIUM,22.0,3.0,2.0,3.0
2022,14,Belgian Grand Prix,albon,williams,6,10,Finished,1.0,44,albon_2022_14,0,44.0,116.50635714285714,113.055,33.722720930232555,53.409704545454545,32.23522727272727,MEDIUM,MEDIUM,18.0,3.0,2.0,2.0
2022,14,Belgian Grand Prix,stroll,aston_martin,9,11,Finished,0.0,44,stroll_2022_14,0,44.0,116.62254761904762,112.88,33.563511627906976,53.4915,32.34068181818182,MEDIUM,MEDIUM,18.0,3.0,2.0,2.0
2022,14,Belgian Grand Prix,norris,mclaren,17,12,Finished,0.0,44,norris_2022_14,0,44.0,116.72688095238097,111.678,33.60246511627907,53.621022727272724,32.16463636363636,MEDIUM,MEDIUM,16.0,3.0,2.0,2.0
2022,14,Belgian Grand Prix,tsunoda,alphatauri,0,13,Finished,0.0,44,tsunoda_2022_14,1,44.0,116.85340476190476,112.436,33.68676744186046,53.642022727272725,32.00706818181818,HARD,MEDIUM,18.0,3.0,2.0,3.0
2022,14,Belgian Grand Prix,zhou,alfa,18,14,Finished,0.0,44,zhou_2022_14,0,44.0,116.79599999999999,112.317,33.481,53.70968181818182,32.21870454545455,MEDIUM,MEDIUM,16.0,3.0,2.0,2.0
2022,14,Belgian Grand Prix,ricciardo,mclaren,7,15,Finished,0.0,44,ricciardo_2022_14,0,44.0,116.61833333333334,113.08,33.73706976744186,53.323499999999996,32.433727272727275,MEDIUM,MEDIUM,20.0,3.0,2.0,2.0
2022,14,Belgian Grand Prix,kevin_magnussen,haas,12,16,+1 Lap,0.0,43,kevin_magnussen_2022_14,0,43.0,116.96921951219512,113.332,33.99007142857143,53.202209302325585,32.58972093023256,MEDIUM,MEDIUM,16.0,3.0,2.0,2.0
2022,14,Belgian Grand Prix,mick_schumacher,haas,19,17,+1 Lap,0.0,43,mick_schumacher_2022_14,0,43.0,117.15739024390246,112.212,34.10597619047619,53.056186046511634,32.627720930232556,MEDIUM,MEDIUM,16.0,3.0,2.0,2.0
2022,14,Belgian Grand Prix,latifi,williams,11,18,+1 Lap,0.0,43,latifi_2022_14,0,43.0,116.503675,112.256,34.059309523809524,53.42030232558139,32.52327906976744,MEDIUM,HARD,19.0,4.0,3.0,3.0
2022,14,Belgian Grand Prix,bottas,alfa,13,19,Accident,0.0,1,bottas_2022_14,0,2.0,125.651,125.651,,55.363,32.345,SOFT,SOFT,2.0,1.0,0.0,0.0
2022,14,Belgian Grand Prix,hamilton,mercedes,4,20,Collision damage,0.0,0,hamilton_2022_14,0,1.0,,,,,,MEDIUM,MEDIUM,1.0,1.0,0.0,0.0
2022,15,Dutch Grand Prix,max_verstappen,red_bull,1,1,Finished,26.0,72,max_verstappen_2022_15,0,72.0,79.55160563380281,73.652,28.13,27.867680555555555,24.572583333333334,SOFT,SOFT,30.0,5.0,4.0,4.0
2022,15,Dutch Grand Prix,russell,mercedes,6,2,Finished,18.0,72,russell_2022_15,0,72.0,80.65061111111112,73.671,27.94838028169014,28.001916666666666,24.62975,MEDIUM,MEDIUM,31.0,4.0,3.0,3.0
2022,15,Dutch Grand Prix,leclerc,ferrari,2,3,Finished,15.0,72,leclerc_2022_15,0,72.0,80.74586111111111,74.413,28.107028169014082,28.10423611111111,24.500194444444443,SOFT,SOFT,28.0,5.0,4.0,4.0
2022,15,Dutch Grand Prix,hamilton,mercedes,4,4,Finished,12.0,72,hamilton_2022_15,0,72.0,80.77484722222222,73.854,28.109408450704226,28.020888888888887,24.592972222222222,MEDIUM,MEDIUM,29.0,4.0,3.0,3.0
2022,15,Dutch Grand Prix,perez,red_bull,5,5,Finished,10.0,72,perez_2022_15,0,72.0,80.84640277777777,74.404,28.090661971830986,28.09663888888889,24.603125,SOFT,MEDIUM,26.0,5.0,4.0,4.0
2022,15,Dutch Grand Prix,alonso,alpine,13,6,Finished,8.0,72,alonso_2022_15,0,72.0,80.85454166666666,74.144,28.162028169014082,28.13498611111111,24.470861111111113,SOFT,SOFT,35.0,4.0,3.0,3.0
2022,15,Dutch Grand Prix,norris,mclaren,7,7,Finished,6.0,72,norris_2022_15,0,72.0,80.86220833333333,74.706,28.199014084507045,28.094916666666666,24.50402777777778,MEDIUM,HARD,30.0,4.0,3.0,3.0
2022,15,Dutch Grand Prix,sainz,ferrari,3,8,Finished,4.0,72,sainz_2022_15,0,72.0,80.81512500000001,74.643,28.245732394366197,28.140763888888888,24.388222222222222,SOFT,MEDIUM,29.0,4.0,3.0,3.0
2022,15,Dutch Grand Prix,ocon,alpine,12,9,Finished,2.0,72,ocon_2022_15,0,72.0,80.88736111111112,75.084,28.155647887323944,28.15713888888889,24.500666666666667,SOFT,HARD,38.0,4.0,3.0,3.0
2022,15,Dutch Grand Prix,stroll,aston_martin,10,10,Finished,1.0,72,stroll_2022_15,0,72.0,80.906,75.043,28.16385915492958,28.17776388888889,24.493000000000002,SOFT,SOFT,23.0,5.0,4.0,4.0
2022,15,Dutch Grand Prix,gasly,alphatauri,11,11,Finished,0.0,72,gasly_2022_15,0,72.0,80.96919444444444,75.165,28.3179014084507,28.064333333333334,24.506958333333333,SOFT,SOFT,25.0,5.0,4.0,4.0
2022,15,Dutch Grand Prix,albon,williams,15,12,Finished,0.0,72,albon_2022_15,0,72.0,81.01615277777779,75.534,28.343985915492958,28.287319444444442,24.294527777777777,MEDIUM,MEDIUM,21.0,5.0,4.0,4.0
2022,15,Dutch Grand Prix,mick_schumacher,haas,8,13,Finished,0.0,72,mick_schumacher_2022_15,0,72.0,81.05233333333334,75.233,28.440746478873237,28.174722222222222,24.36273611111111,MEDIUM,MEDIUM,27.0,5.0,4.0,4.0
2022,15,Dutch Grand Prix,vettel,aston_martin,19,14,Finished,0.0,72,vettel_2022_15,0,72.0,81.02472222222222,74.862,28.316154929577465,28.2075,24.400152777777777,SOFT,SOFT,27.0,5.0,4.0,4.0
2022,15,Dutch Grand Prix,kevin_magnussen,haas,18,15,Finished,0.0,72,kevin_magnussen_2022_15,0,72.0,81.10613888888889,75.369,28.601478873239436,28.15886111111111,24.254291666666667,MEDIUM,MEDIUM,28.0,5.0,4.0,4.0
2022,15,Dutch Grand Prix,zhou,alfa,14,16,Finished,0.0,72,zhou_2022_15,0,72.0,81.11240277777777,75.94,28.502591549295776,28.175583333333336,24.349416666666666,SOFT,SOFT,28.0,5.0,4.0,4.0
2022,15,Dutch Grand Prix,ricciardo,mclaren,17,17,Finished,0.0,72,ricciardo_2022_15,0,72.0,81.11856944444445,75.577,28.596478873239434,28.072444444444443,24.360097222222223,SOFT,SOFT,20.0,6.0,5.0,5.0
2022,15,Dutch Grand Prix,latifi,williams,20,18,+1 Lap,0.0,71,latifi_2022_15,0,71.0,81.27287142857142,76.066,28.733485714285717,28.679591549295775,24.809154929577467,SOFT,SOFT,28.0,5.0,4.0,4.0
2022,15,Dutch Grand Prix,bottas,alfa,16,19,Engine,0.0,53,bottas_2022_15,0,54.0,80.00898113207546,76.844,28.078346153846155,27.752056603773582,24.039849056603774,SOFT,SOFT,20.0,3.0,2.0,2.0
2022,15,Dutch Grand Prix,tsunoda,alphatauri,9,20,Differential,0.0,43,tsunoda_2022_15,0,43.0,78.55780952380952,77.138,27.200634146341468,28.130093023255814,24.069488372093023,SOFT,MEDIUM,30.0,3.0,3.0,2.0
2022,16,Italian Grand Prix,max_verstappen,red_bull,7,1,Finished,25.0,53,max_verstappen_2022_16,0,53.0,91.08511320754717,84.745,30.01503846153846,30.891283018867927,30.158377358490565,SOFT,SOFT,25.0,3.0,2.0,2.0
2022,16,Italian Grand Prix,leclerc,ferrari,1,2,Finished,18.0,53,leclerc_2022_16,0,53.0,91.13126415094341,84.336,30.21,30.73343396226415,30.194943396226417,SOFT,SOFT,21.0,4.0,3.0,3.0
2022,16,Italian Grand Prix,russell,mercedes,2,3,Finished,15.0,53,russell_2022_16,0,53.0,89.93867307692307,85.288,29.969557692307692,31.22077358490566,29.952716981132074,SOFT,SOFT,24.0,3.0,2.0,2.0
2022,16,Italian Grand Prix,sainz,ferrari,18,4,Finished,12.0,53,sainz_2022_16,0,53.0,91.1806037735849,84.42,29.878423076923074,31.17422641509434,30.055528301886792,MEDIUM,MEDIUM,30.0,3.0,2.0,2.0
2022,16,Italian Grand Prix,hamilton,mercedes,19,5,Finished,10.0,53,hamilton_2022_16,0,53.0,91.18662264150943,84.434,29.737519230769234,31.452641509433963,29.87658490566038,MEDIUM,MEDIUM,33.0,2.0,1.0,1.0
2022,16,Italian Grand Prix,perez,red_bull,13,6,Finished,9.0,53,perez_2022_16,0,53.0,91.20003773584905,84.03,30.126615384615384,31.01132075471698,29.996169811320755,MEDIUM,HARD,35.0,3.0,2.0,2.0
2022,16,Italian Grand Prix,norris,mclaren,3,7,Finished,6.0,53,norris_2022_16,0,53.0,91.20222641509433,84.718,29.959403846153844,31.201584905660376,30.00766037735849,MEDIUM,MEDIUM,35.0,3.0,2.0,2.0
2022,16,Italian Grand Prix,gasly,alphatauri,5,8,Finished,4.0,53,gasly_2022_16,0,53.0,91.2057924528302,86.718,29.664442307692305,31.347735849056605,30.16847169811321,MEDIUM,HARD,36.0,2.0,1.0,1.0
2022,16,Italian Grand Prix,de_vries,williams,8,9,Finished,2.0,53,de_vries_2022_16,0,53.0,91.21949056603773,86.624,29.626346153846153,31.471037735849055,30.079735849056608,SOFT,MEDIUM,34.0,2.0,1.0,1.0
2022,16,Italian Grand Prix,zhou,alfa,9,10,Finished,1.0,53,zhou_2022_16,0,53.0,91.23435849056604,86.361,29.777076923076923,31.419622641509434,29.98879245283019,MEDIUM,HARD,35.0,2.0,1.0,1.0
2022,16,Italian Grand Prix,ocon,alpine,14,11,Finished,0.0,53,ocon_2022_16,0,53.0,91.24215094339623,86.593,29.958326923076925,31.29788679245283,29.919547169811324,SOFT,HARD,34.0,2.0,1.0,1.0
2022,16,Italian Grand Prix,mick_schumacher,haas,17,12,Finished,0.0,53,mick_schumacher_2022_16,0,53.0,91.24641509433962,85.298,29.963403846153845,31.4018679245283,29.79133962264151,MEDIUM,MEDIUM,33.0,2.0,1.0,1.0
2022,16,Italian Grand Prix,bottas,alfa,15,13,+1 Lap,0.0,52,bottas_2022_16,0,52.0,92.84476923076923,85.706,30.19166666666667,31.82319230769231,30.719134615384615,MEDIUM,MEDIUM,35.0,2.0,1.0,1.0
2022,16,Italian Grand Prix,tsunoda,alphatauri,20,14,+1 Lap,0.0,52,tsunoda_2022_16,0,52.0,92.86290384615384,86.857,30.31235294117647,31.660288461538464,30.80123076923077,MEDIUM,HARD,29.0,3.0,2.0,2.0
2022,16,Italian Grand Prix,latifi,williams,10,15,+1 Lap,0.0,52,latifi_2022_16,0,52.0,92.89044230769231,86.798,30.339882352941178,31.683423076923077,30.807576923076923,MEDIUM,HARD,32.0,3.0,2.0,2.0
2022,16,Italian Grand Prix,kevin_magnussen,haas,16,16,+1 Lap,0.0,52,kevin_magnussen_2022_16,0,52.0,92.92609615384616,86.798,30.742686274509804,31.71180769230769,30.421596153846153,MEDIUM,MEDIUM,24.0,3.0,2.0,2.0
2022,16,Italian Grand Prix,ricciardo,mclaren,4,17,Oil leak,0.0,45,ricciardo_2022_16,0,46.0,88.48853333333334,86.603,29.040295454545454,30.256288888888886,29.151555555555554,MEDIUM,HARD,27.0,2.0,1.0,1.0
2022,16,Italian Grand Prix,stroll,aston_martin,12,18,Engine,0.0,39,stroll_2022_16,0,39.0,89.49110256410256,87.467,29.09144736842105,30.549897435897435,29.74925641025641,MEDIUM,HARD,22.0,2.0,2.0,1.0
2022,16,Italian Grand Prix,alonso,alpine,6,19,Water pressure,0.0,31,alonso_2022_16,0,31.0,88.78448387096775,87.203,28.62203333333333,30.689258064516128,29.381032258064515,MEDIUM,MEDIUM,31.0,1.0,1.0,0.0
2022,16,Italian Grand Prix,vettel,aston_martin,11,20,Engine,0.0,10,vettel_2022_16,0,11.0,88.8225,87.501,28.196555555555555,30.5601,29.6449,MEDIUM,MEDIUM,12.0,1.0,0.0,0.0
2022,17,Singapore Grand Prix,perez,red_bull,2,1,Finished,25.0,59,perez_2022_17,0,59.0,117.18531372549019,108.165,33.73496551724138,47.48918644067797,43.080338983050844,INTERMEDIATE,INTERMEDIATE,35.0,2.0,1.0,1.0
2022,17,Singapore Grand Prix,leclerc,ferrari,1,2,Finished,18.0,59,leclerc_2022_17,0,59.0,118.34280769230769,108.753,33.75222413793103,47.66203389830508,43.00479661016949,INTERMEDIATE,INTERMEDIATE,34.0,2.0,1.0,1.0
2022,17,Singapore Grand Prix,sainz,ferrari,4,3,Finished,15.0,59,sainz_2022_17,0,59.0,118.13227450980392,108.414,33.460344827586205,47.91432203389831,43.158508474576266,INTERMEDIATE,INTERMEDIATE,35.0,2.0,1.0,1.0
2022,17,Singapore Grand Prix,norris,mclaren,6,4,Finished,12.0,59,norris_2022_17,0,59.0,119.79726415094339,109.212,33.08943103448276,48.178627118644066,43.42213559322034,INTERMEDIATE,INTERMEDIATE,36.0,2.0,1.0,1.0
2022,17,Singapore Grand Prix,ricciardo,mclaren,16,5,Finished,10.0,59,ricciardo_2022_17,0,59.0,121.35067924528302,111.006,32.855,49.015033898305084,43.30977966101695,INTERMEDIATE,INTERMEDIATE,36.0,2.0,1.0,1.0
2022,17,Singapore Grand Prix,stroll,aston_martin,11,6,Finished,8.0,59,stroll_2022_17,0,59.0,121.37049056603773,110.283,33.01946551724138,48.677169491525426,43.55052542372881,INTERMEDIATE,INTERMEDIATE,35.0,2.0,1.0,1.0
2022,17,Singapore Grand Prix,max_verstappen,red_bull,8,7,Finished,6.0,59,max_verstappen_2022_17,0,59.0,120.41553846153846,109.142,33.351224137931034,48.47615254237288,43.463338983050846,INTERMEDIATE,INTERMEDIATE,35.0,3.0,2.0,2.0
2022,17,Singapore Grand Prix,vettel,aston_martin,13,8,Finished,4.0,59,vettel_2022_17,0,59.0,121.10019230769231,110.669,33.11805172413793,48.66147457627119,43.553677966101695,INTERMEDIATE,INTERMEDIATE,34.0,2.0,1.0,1.0
2022,17,Singapore Grand Prix,hamilton,mercedes,3,9,Finished,2.0,59,hamilton_2022_17,0,59.0,119.84488235294117,110.622,33.4995,48.53769491525424,43.35108474576271,INTERMEDIATE,INTERMEDIATE,34.0,2.0,1.0,1.0
2022,17,Singapore Grand Prix,gasly,alphatauri,7,10,Finished,1.0,59,gasly_2022_17,0,59.0,121.21623076923076,110.569,33.21608620689655,48.74147457627118,43.545491525423735,INTERMEDIATE,INTERMEDIATE,36.0,2.0,1.0,1.0
2022,17,Singapore Grand Prix,bottas,alfa,15,11,Finished,0.0,59,bottas_2022_17,0,59.0,123.22375925925925,111.864,33.264603448275864,49.11137288135593,43.393966101694915,INTERMEDIATE,INTERMEDIATE,33.0,2.0,1.0,1.0
2022,17,Singapore Grand Prix,kevin_magnussen,haas,9,12,Finished,0.0,59,kevin_magnussen_2022_17,0,59.0,122.75868518518519,112.067,33.92070689655173,48.62638983050847,43.32683050847457,INTERMEDIATE,INTERMEDIATE,29.0,3.0,2.0,2.0
2022,17,Singapore Grand Prix,mick_schumacher,haas,12,13,+1 Lap,0.0,58,mick_schumacher_2022_17,0,58.0,122.96768,110.29,34.04157894736842,49.50705172413793,44.221431034482755,INTERMEDIATE,INTERMEDIATE,34.0,3.0,2.0,2.0
2022,17,Singapore Grand Prix,russell,mercedes,0,14,+2 Laps,0.0,57,russell_2022_17,1,57.0,124.81076923076922,106.458,35.07991071428571,49.11833333333333,44.33415789473684,INTERMEDIATE,INTERMEDIATE,21.0,5.0,4.0,5.0
2022,17,Singapore Grand Prix,tsunoda,alphatauri,10,15,Accident,0.0,34,tsunoda_2022_17,0,35.0,126.81873333333333,118.716,34.3759696969697,51.23197058823529,44.62691176470588,INTERMEDIATE,INTERMEDIATE,39.0,2.0,1.0,1.0
2022,17,Singapore Grand Prix,ocon,alpine,17,16,Engine,0.0,26,ocon_2022_17,0,27.0,127.64533333333334,121.105,33.76332,51.77092307692307,44.021307692307694,INTERMEDIATE,INTERMEDIATE,27.0,1.0,0.0,0.0
2022,17,Singapore Grand Prix,albon,williams,18,17,Collision damage,0.0,25,albon_2022_17,0,25.0,129.04478260869567,122.121,33.312374999999996,53.036319999999996,45.11728,INTERMEDIATE,INTERMEDIATE,25.0,1.0,1.0,0.0
2022,17,Singapore Grand Prix,alonso,alpine,5,18,Engine,0.0,20,alonso_2022_17,0,21.0,123.47755555555555,120.463,33.41621052631579,49.977850000000004,44.029700000000005,INTERMEDIATE,INTERMEDIATE,21.0,1.0,0.0,0.0
2022,17,Singapore Grand Prix,latifi,williams,19,19,Collision damage,0.0,7,latifi_2022_17,0,7.0,129.88183333333333,125.585,36.188833333333335,53.89214285714286,48.08814285714285,INTERMEDIATE,INTERMEDIATE,7.0,1.0,1.0,0.0
2022,17,Singapore Grand Prix,zhou,alfa,14,20,Collision,0.0,6,zhou_2022_17,0,7.0,129.93333333333334,125.556,32.714,51.06283333333334,44.42416666666667,INTERMEDIATE,INTERMEDIATE,7.0,1.0,0.0,0.0
2022,18,Japanese Grand Prix,max_verstappen,red_bull,1,1,Finished,25.0,28,max_verstappen_2022_18,0,29.0,109.07429166666667,104.911,42.388461538461534,52.255,23.219285714285714,INTERMEDIATE,INTERMEDIATE,22.0,3.0,2.0,2.0
2022,18,Japanese Grand Prix,perez,red_bull,4,2,Finished,18.0,28,perez_2022_18,0,28.0,110.33820833333334,106.12,42.50680769230769,52.93214285714286,23.354892857142858,INTERMEDIATE,INTERMEDIATE,21.0,3.0,2.0,2.0
2022,18,Japanese Grand Prix,leclerc,ferrari,2,3,Finished,15.0,28,leclerc_2022_18,0,28.0,110.26808333333334,104.489,42.644653846153844,52.961535714285716,23.25675,INTERMEDIATE,INTERMEDIATE,21.0,3.0,2.0,2.0
2022,18,Japanese Grand Prix,ocon,alpine,5,4,Finished,12.0,28,ocon_2022_18,0,28.0,111.05900000000001,106.559,42.31984615384616,53.409499999999994,23.43639285714286,INTERMEDIATE,INTERMEDIATE,21.0,3.0,2.0,2.0
2022,18,Japanese Grand Prix,hamilton,mercedes,6,5,Finished,10.0,28,hamilton_2022_18,0,28.0,111.22670833333332,105.53,42.21484615384615,53.42557142857142,23.56325,INTERMEDIATE,INTERMEDIATE,24.0,3.0,2.0,2.0
2022,18,Japanese Grand Prix,vettel,aston_martin,9,6,Finished,8.0,28,vettel_2022_18,0,28.0,112.04283333333332,106.964,41.88176923076923,52.88689285714286,23.77167857142857,INTERMEDIATE,INTERMEDIATE,23.0,3.0,2.0,2.0
2022,18,Japanese Grand Prix,alonso,alpine,7,7,Finished,6.0,28,alonso_2022_18,0,28.0,111.57175000000001,104.412,42.64246153846154,53.303178571428575,23.5195,INTERMEDIATE,INTERMEDIATE,14.0,4.0,3.0,3.0
2022,18,Japanese Grand Prix,russell,mercedes,8,8,Finished,4.0,28,russell_2022_18,0,28.0,111.73620833333332,107.004,42.42584615384615,53.68125,23.37957142857143,INTERMEDIATE,INTERMEDIATE,23.0,3.0,2.0,2.0
2022,18,Japanese Grand Prix,latifi,williams,20,9,Finished,2.0,28,latifi_2022_18,0,28.0,112.90708333333333,108.371,42.66115384615385,53.27139285714286,23.742250000000002,INTERMEDIATE,INTERMEDIATE,23.0,3.0,2.0,2.0
2022,18,Japanese Grand Prix,norris,mclaren,10,10,Finished,1.0,28,norris_2022_18,0,28.0,113.00266666666666,108.175,42.49853846153846,53.77453571428571,23.812428571428573,INTERMEDIATE,INTERMEDIATE,22.0,3.0,2.0,2.0
2022,18,Japanese Grand Prix,ricciardo,mclaren,11,11,Finished,0.0,28,ricciardo_2022_18,0,28.0,112.86104166666667,107.843,42.814115384615384,53.96903571428572,23.487464285714285,INTERMEDIATE,INTERMEDIATE,20.0,3.0,2.0,2.0
2022,18,Japanese Grand Prix,stroll,aston_martin,19,12,Finished,0.0,28,stroll_2022_18,0,28.0,113.05987499999999,105.205,43.04238461538462,53.64160714285714,23.665249999999997,INTERMEDIATE,INTERMEDIATE,12.0,4.0,3.0,3.0
2022,18,Japanese Grand Prix,tsunoda,alphatauri,13,13,Finished,0.0,28,tsunoda_2022_18,0,28.0,113.056625,105.893,43.230384615384615,53.7575,23.437428571428573,INTERMEDIATE,INTERMEDIATE,13.0,4.0,3.0,3.0
2022,18,Japanese Grand Prix,kevin_magnussen,haas,18,14,Finished,0.0,28,kevin_magnussen_2022_18,0,28.0,113.60416666666667,108.072,42.90684615384615,54.07925,23.746214285714284,INTERMEDIATE,INTERMEDIATE,21.0,3.0,2.0,2.0
2022,18,Japanese Grand Prix,bottas,alfa,12,15,Finished,0.0,28,bottas_2022_18,0,28.0,113.64166666666667,107.82,42.939,53.79367857142857,23.757035714285713,INTERMEDIATE,INTERMEDIATE,22.0,3.0,2.0,2.0
2022,18,Japanese Grand Prix,zhou,alfa,14,16,Finished,0.0,28,zhou_2022_18,0,28.0,114.03075,104.411,42.83538461538462,53.48464285714285,23.95939285714286,INTERMEDIATE,INTERMEDIATE,10.0,4.0,3.0,3.0
2022,18,Japanese Grand Prix,mick_schumacher,haas,15,17,Finished,0.0,28,mick_schumacher_2022_18,0,28.0,113.78825,106.545,42.85173076923077,54.23607142857143,23.93360714285714,INTERMEDIATE,INTERMEDIATE,17.0,3.0,2.0,2.0
2022,18,Japanese Grand Prix,gasly,alphatauri,17,18,Finished,0.0,28,gasly_2022_18,0,28.0,114.16808333333334,105.387,44.08688461538462,52.58221428571428,23.771214285714287,INTERMEDIATE,INTERMEDIATE,12.0,5.0,4.0,5.0
2022,18,Japanese Grand Prix,sainz,ferrari,3,19,Accident,0.0,0,sainz_2022_18,0,1.0,,,,,,INTERMEDIATE,INTERMEDIATE,1.0,1.0,0.0,0.0
2022,18,Japanese Grand Prix,albon,williams,16,20,Hydraulics,0.0,0,albon_2022_18,0,1.0,,,,,,INTERMEDIATE,INTERMEDIATE,1.0,1.0,0.0,0.0
2022,19,United States Grand Prix,max_verstappen,red_bull,2,1,Finished,25.0,56,max_verstappen_2022_19,0,56.0,102.95738,99.541,29.888345454545455,43.48725,36.161500000000004,MEDIUM,MEDIUM,22.0,3.0,2.0,2.0
2022,19,United States Grand Prix,hamilton,mercedes,3,2,Finished,18.0,56,hamilton_2022_19,0,56.0,103.15706,99.83,29.694581818181817,43.90341071428571,36.00928571428572,MEDIUM,HARD,22.0,3.0,2.0,2.0
2022,19,United States Grand Prix,leclerc,ferrari,12,3,Finished,15.0,56,leclerc_2022_19,0,56.0,103.09034,99.731,29.621945454545457,43.71501785714286,36.24175,MEDIUM,MEDIUM,21.0,3.0,2.0,2.0
2022,19,United States Grand Prix,perez,red_bull,9,4,Finished,12.0,56,perez_2022_19,0,56.0,103.41772,99.563,29.722145454545455,43.833125,36.057160714285715,MEDIUM,MEDIUM,24.0,3.0,2.0,2.0
2022,19,United States Grand Prix,russell,mercedes,4,5,Finished,11.0,56,russell_2022_19,0,56.0,104.32752,98.788,30.151218181818184,44.00066071428571,36.147125,MEDIUM,HARD,23.0,4.0,3.0,3.0
2022,19,United States Grand Prix,norris,mclaren,6,6,Finished,8.0,56,norris_2022_19,0,56.0,107.3623396226415,101.322,29.59296363636364,44.479125,36.36398214285715,MEDIUM,HARD,22.0,3.0,2.0,2.0
2022,19,United States Grand Prix,alonso,alpine,14,7,Finished,6.0,56,alonso_2022_19,0,56.0,106.30213461538462,101.804,29.90310909090909,44.546803571428576,35.98316071428572,HARD,HARD,34.0,3.0,2.0,2.0
2022,19,United States Grand Prix,vettel,aston_martin,10,8,Finished,4.0,56,vettel_2022_19,0,56.0,104.4283,101.538,30.1546,44.02673214285714,36.47542857142857,MEDIUM,MEDIUM,24.0,3.0,2.0,2.0
2022,19,United States Grand Prix,kevin_magnussen,haas,13,9,Finished,2.0,56,kevin_magnussen_2022_19,0,56.0,107.41815094339623,102.546,29.368599999999997,45.01026785714286,36.203267857142855,HARD,MEDIUM,38.0,2.0,1.0,1.0
2022,19,United States Grand Prix,tsunoda,alphatauri,19,10,Finished,1.0,56,tsunoda_2022_19,0,56.0,107.70283018867924,102.206,29.721054545454543,44.41794642857143,36.54483928571428,MEDIUM,MEDIUM,23.0,3.0,2.0,2.0
2022,19,United States Grand Prix,ocon,alpine,0,11,Finished,0.0,56,ocon_2022_19,1,56.0,107.64601886792452,101.243,29.54401818181818,44.917964285714284,36.167339285714284,HARD,HARD,27.0,3.0,2.0,3.0
2022,19,United States Grand Prix,zhou,alfa,18,12,Finished,0.0,56,zhou_2022_19,0,56.0,108.41075925925925,102.394,29.745036363636366,44.843357142857144,36.180142857142854,MEDIUM,HARD,33.0,3.0,2.0,2.0
2022,19,United States Grand Prix,albon,williams,8,13,Finished,0.0,56,albon_2022_19,0,56.0,107.64545283018867,102.471,29.852999999999998,44.76146428571428,36.18916071428571,MEDIUM,HARD,38.0,3.0,2.0,2.0
2022,19,United States Grand Prix,gasly,alphatauri,11,14,Finished,0.0,56,gasly_2022_19,0,56.0,106.01266666666666,101.674,29.882218181818182,44.49091071428571,36.366660714285715,MEDIUM,HARD,25.0,3.0,2.0,2.0
2022,19,United States Grand Prix,mick_schumacher,haas,16,15,Finished,0.0,56,mick_schumacher_2022_19,0,56.0,107.74545283018868,102.32,29.691545454545455,44.781464285714286,36.377375,HARD,HARD,23.0,3.0,2.0,2.0
2022,19,United States Grand Prix,ricciardo,mclaren,15,16,Finished,0.0,56,ricciardo_2022_19,0,56.0,108.8837962962963,102.42,30.06403636363636,44.959339285714286,36.040839285714284,MEDIUM,HARD,25.0,3.0,2.0,2.0
2022,19,United States Grand Prix,latifi,williams,17,17,Finished,0.0,56,latifi_2022_19,0,56.0,108.12381132075471,103.485,30.137072727272727,44.827035714285714,36.229571428571425,MEDIUM,HARD,38.0,3.0,2.0,2.0
2022,19,United States Grand Prix,stroll,aston_martin,5,18,Collision,0.0,21,stroll_2022_19,0,22.0,108.42915789473685,103.08,30.628750000000004,44.47561904761905,37.59095238095238,MEDIUM,MEDIUM,16.0,2.0,1.0,1.0
2022,19,United States Grand Prix,bottas,alfa,7,19,Spun off,0.0,16,bottas_2022_19,0,17.0,105.7689375,103.391,29.543333333333333,41.79275,34.34775,MEDIUM,MEDIUM,10.0,2.0,1.0,1.0
2022,19,United States Grand Prix,sainz,ferrari,1,20,Collision damage,0.0,1,sainz_2022_19,0,1.0,115.016,115.016,,43.367,35.142,MEDIUM,MEDIUM,1.0,1.0,1.0,0.0
2022,20,Mexico City Grand Prix,max_verstappen,red_bull,1,1,Finished,25.0,71,max_verstappen_2022_20,0,71.0,83.33421126760564,82.046,29.67852857142857,32.09801408450704,21.52650704225352,SOFT,MEDIUM,46.0,2.0,1.0,1.0
2022,20,Mexico City Grand Prix,hamilton,mercedes,3,2,Finished,18.0,71,hamilton_2022_20,0,71.0,83.54809859154929,82.062,29.62117142857143,32.2713661971831,21.614098591549293,MEDIUM,HARD,42.0,2.0,1.0,1.0
2022,20,Mexico City Grand Prix,perez,red_bull,4,3,Finished,15.0,71,perez_2022_20,0,71.0,83.5890985915493,81.775,29.445471428571427,32.337267605633805,21.757225352112673,SOFT,MEDIUM,48.0,2.0,1.0,1.0
2022,20,Mexico City Grand Prix,russell,mercedes,2,4,Finished,13.0,71,russell_2022_20,0,71.0,84.03042253521127,80.153,29.94845714285714,32.32615492957747,21.71380281690141,MEDIUM,HARD,35.0,3.0,2.0,2.0
2022,20,Mexico City Grand Prix,sainz,ferrari,5,5,Finished,10.0,71,sainz_2022_20,0,71.0,84.15284507042253,82.199,29.725942857142854,32.63612676056338,21.742084507042254,SOFT,MEDIUM,42.0,2.0,1.0,1.0
2022,20,Mexico City Grand Prix,leclerc,ferrari,7,6,Finished,8.0,71,leclerc_2022_20,0,71.0,84.30285915492958,82.603,29.798114285714284,32.69504225352112,21.76032394366197,SOFT,MEDIUM,43.0,2.0,1.0,1.0
2022,20,Mexico City Grand Prix,ricciardo,mclaren,11,7,+1 Lap,6.0,70,ricciardo_2022_20,0,70.0,84.84665714285714,82.022,29.696550724637678,33.05867142857143,22.012914285714285,MEDIUM,MEDIUM,44.0,2.0,1.0,1.0
2022,20,Mexico City Grand Prix,ocon,alpine,10,8,+1 Lap,4.0,70,ocon_2022_20,0,70.0,85.02082857142857,83.279,29.787,33.13064285714286,22.03774285714286,MEDIUM,HARD,37.0,2.0,1.0,1.0
2022,20,Mexico City Grand Prix,norris,mclaren,8,9,+1 Lap,2.0,70,norris_2022_20,0,70.0,85.08175714285714,83.402,29.843942028985506,33.15081428571428,22.020185714285713,MEDIUM,HARD,39.0,2.0,1.0,1.0
2022,20,Mexico City Grand Prix,bottas,alfa,6,10,+1 Lap,1.0,70,bottas_2022_20,0,70.0,85.13011428571428,83.363,29.91595652173913,33.08137142857143,22.072928571428573,MEDIUM,MEDIUM,39.0,2.0,1.0,1.0
2022,20,Mexico City Grand Prix,gasly,alphatauri,14,11,+1 Lap,0.0,70,gasly_2022_20,0,70.0,85.13904285714285,82.277,29.721623188405797,33.343114285714286,21.981314285714287,MEDIUM,MEDIUM,40.0,2.0,1.0,1.0
2022,20,Mexico City Grand Prix,albon,williams,17,12,+1 Lap,0.0,70,albon_2022_20,0,70.0,85.16617142857142,82.914,29.640159420289855,33.324799999999996,22.099514285714285,MEDIUM,MEDIUM,38.0,2.0,1.0,1.0
2022,20,Mexico City Grand Prix,zhou,alfa,12,13,+1 Lap,0.0,70,zhou_2022_20,0,70.0,85.32515714285715,82.26,30.003376811594205,33.25892857142857,21.9919,MEDIUM,MEDIUM,45.0,2.0,1.0,1.0
2022,20,Mexico City Grand Prix,vettel,aston_martin,16,14,+1 Lap,0.0,70,vettel_2022_20,0,70.0,85.37467142857143,83.086,30.01255072463768,33.305,21.97867142857143,SOFT,SOFT,38.0,2.0,1.0,1.0
2022,20,Mexico City Grand Prix,stroll,aston_martin,20,15,+1 Lap,0.0,70,stroll_2022_20,0,70.0,85.52402857142857,82.463,30.328115942028983,33.18358571428572,21.93322857142857,MEDIUM,SOFT,30.0,3.0,2.0,2.0
2022,20,Mexico City Grand Prix,mick_schumacher,haas,15,16,+1 Lap,0.0,70,mick_schumacher_2022_20,0,70.0,85.65161428571429,83.641,30.05259420289855,33.3885,22.125485714285716,SOFT,MEDIUM,46.0,2.0,1.0,1.0
2022,20,Mexico City Grand Prix,kevin_magnussen,haas,19,17,+1 Lap,0.0,70,kevin_magnussen_2022_20,0,70.0,85.6735,83.3,30.102246376811593,33.33658571428572,22.141342857142856,MEDIUM,MEDIUM,38.0,2.0,1.0,1.0
2022,20,Mexico City Grand Prix,latifi,williams,18,18,+2 Laps,0.0,69,latifi_2022_20,0,69.0,86.5456811594203,83.709,30.23533823529412,33.75331884057971,22.45673913043478,SOFT,SOFT,29.0,3.0,2.0,2.0
2022,20,Mexico City Grand Prix,alonso,alpine,9,19,Engine,0.0,63,alonso_2022_20,0,64.0,84.9216507936508,82.866,30.189129032258066,32.7918253968254,21.88290476190476,MEDIUM,MEDIUM,40.0,2.0,1.0,1.0
2022,20,Mexico City Grand Prix,tsunoda,alphatauri,13,20,Collision damage,0.0,50,tsunoda_2022_20,0,50.0,85.62700000000001,83.403,29.763653061224492,33.62072,22.14074,SOFT,SOFT,29.0,2.0,2.0,1.0
2022,21,São Paulo Grand Prix,russell,mercedes,1,1,Finished,26.0,71,russell_2022_21,0,71.0,83.29639436619718,73.785,21.49002857142857,42.23143661971831,19.556816901408453,SOFT,SOFT,31.0,3.0,2.0,2.0
2022,21,São Paulo Grand Prix,hamilton,mercedes,2,2,Finished,18.0,71,hamilton_2022_21,0,71.0,83.3179295774648,73.942,21.453614285714284,42.3639014084507,19.471098591549296,SOFT,SOFT,29.0,3.0,2.0,2.0
2022,21,São Paulo Grand Prix,sainz,ferrari,7,3,Finished,15.0,71,sainz_2022_21,0,71.0,83.35345070422535,73.953,21.685685714285714,42.191492957746476,19.429295774647887,MEDIUM,SOFT,24.0,4.0,3.0,3.0
2022,21,São Paulo Grand Prix,leclerc,ferrari,5,4,Finished,12.0,71,leclerc_2022_21,0,71.0,83.41528169014084,74.253,21.777771428571427,42.25564788732394,19.337521126760564,MEDIUM,SOFT,28.0,4.0,3.0,3.0
2022,21,São Paulo Grand Prix,alonso,alpine,17,5,Finished,10.0,71,alonso_2022_21,0,71.0,83.43105633802816,74.164,21.848857142857145,42.208098591549295,19.30142253521127,MEDIUM,MEDIUM,21.0,4.0,3.0,3.0
2022,21,São Paulo Grand Prix,max_verstappen,red_bull,3,6,Finished,8.0,71,max_verstappen_2022_21,0,71.0,83.43802816901409,74.195,21.951285714285714,42.22295774647887,19.232760563380282,SOFT,SOFT,32.0,4.0,3.0,3.0
2022,21,São Paulo Grand Prix,perez,red_bull,4,7,Finished,6.0,71,perez_2022_21,0,71.0,83.49470422535211,74.283,21.542185714285715,42.46633802816901,19.444647887323942,SOFT,MEDIUM,24.0,3.0,2.0,2.0
2022,21,São Paulo Grand Prix,ocon,alpine,16,8,Finished,4.0,71,ocon_2022_21,0,71.0,83.5596338028169,75.093,21.678514285714286,42.47832394366197,19.324957746478873,SOFT,SOFT,27.0,3.0,2.0,2.0
2022,21,São Paulo Grand Prix,bottas,alfa,14,9,Finished,2.0,71,bottas_2022_21,0,71.0,83.61402816901409,75.511,21.653100000000002,42.51642253521127,19.38105633802817,SOFT,SOFT,26.0,3.0,2.0,2.0
2022,21,São Paulo Grand Prix,stroll,aston_martin,15,10,Finished,1.0,71,stroll_2022_21,0,71.0,83.62811267605633,74.831,21.683728571428574,42.53864788732395,19.329521126760564,MEDIUM,MEDIUM,30.0,3.0,2.0,2.0
2022,21,São Paulo Grand Prix,vettel,aston_martin,9,11,Finished,0.0,71,vettel_2022_21,0,71.0,83.66516901408451,75.549,21.588171428571428,42.597394366197186,19.428422535211265,SOFT,MEDIUM,27.0,3.0,2.0,2.0
2022,21,São Paulo Grand Prix,zhou,alfa,13,12,Finished,0.0,71,zhou_2022_21,0,71.0,83.70942253521126,75.802,21.67477142857143,42.72830985915493,19.23323943661972,SOFT,SOFT,34.0,3.0,2.0,2.0
2022,21,São Paulo Grand Prix,mick_schumacher,haas,12,13,Finished,0.0,71,mick_schumacher_2022_21,0,71.0,83.71750704225353,75.251,21.772457142857142,42.52291549295774,19.36312676056338,MEDIUM,SOFT,29.0,3.0,2.0,2.0
2022,21,São Paulo Grand Prix,gasly,alphatauri,10,14,Finished,0.0,71,gasly_2022_21,0,71.0,83.6748028169014,75.327,21.91567142857143,42.460915492957746,19.24364788732394,SOFT,SOFT,22.0,4.0,3.0,3.0
2022,21,São Paulo Grand Prix,albon,williams,19,15,Finished,0.0,71,albon_2022_21,0,71.0,83.80366197183099,75.613,21.721471428571427,42.75366197183099,19.24542253521127,HARD,MEDIUM,24.0,4.0,3.0,3.0
2022,21,São Paulo Grand Prix,latifi,williams,18,16,Finished,0.0,71,latifi_2022_21,0,71.0,83.81805633802817,75.327,21.904642857142857,42.746014084507046,19.089591549295772,MEDIUM,MEDIUM,20.0,4.0,3.0,3.0
2022,21,São Paulo Grand Prix,tsunoda,alphatauri,0,17,+1 Lap,0.0,70,tsunoda_2022_21,1,70.0,84.94778571428571,75.508,22.132579710144928,43.22231428571428,19.349800000000002,MEDIUM,MEDIUM,20.0,4.0,3.0,4.0
2022,21,São Paulo Grand Prix,norris,mclaren,6,18,Gearbox,0.0,50,norris_2022_21,0,51.0,82.71164,75.855,21.623428571428573,42.046400000000006,18.9783,SOFT,SOFT,24.0,3.0,2.0,2.0
2022,21,São Paulo Grand Prix,kevin_magnussen,haas,8,19,Collision,0.0,0,kevin_magnussen_2022_21,0,1.0,,,,,,MEDIUM,MEDIUM,1.0,1.0,0.0,0.0
2022,21,São Paulo Grand Prix,ricciardo,mclaren,11,20,Collision,0.0,0,ricciardo_2022_21,0,1.0,,,,,,SOFT,SOFT,1.0,1.0,0.0,0.0
2022,22,Abu Dhabi Grand Prix,max_verstappen,red_bull,1,1,Finished,25.0,58,max_verstappen_2022_22,0,58.0,90.79162068965516,89.392,18.757561403508774,38.65468965517242,33.3493275862069,MEDIUM,HARD,38.0,2.0,1.0,1.0
2022,22,Abu Dhabi Grand Prix,leclerc,ferrari,3,2,Finished,18.0,58,leclerc_2022_22,0,58.0,90.94284482758621,89.719,18.720842105263156,38.80527586206897,33.37593103448276,MEDIUM,HARD,37.0,2.0,1.0,1.0
2022,22,Abu Dhabi Grand Prix,perez,red_bull,2,3,Finished,15.0,58,perez_2022_22,0,58.0,90.96563793103448,88.972,18.976298245614032,38.6425,33.31453448275862,MEDIUM,HARD,25.0,3.0,2.0,2.0
2022,22,Abu Dhabi Grand Prix,sainz,ferrari,4,4,Finished,12.0,58,sainz_2022_22,0,58.0,91.22079310344827,88.879,18.98042105263158,38.70018965517241,33.491,MEDIUM,HARD,22.0,3.0,2.0,2.0
2022,22,Abu Dhabi Grand Prix,russell,mercedes,6,5,Finished,10.0,58,russell_2022_22,0,58.0,91.41037931034482,88.836,19.113508771929826,38.86272413793103,33.37531034482759,MEDIUM,MEDIUM,24.0,3.0,2.0,2.0
2022,22,Abu Dhabi Grand Prix,norris,mclaren,7,6,Finished,9.0,58,norris_2022_22,0,58.0,91.7611724137931,88.391,18.981368421052633,39.11393103448276,33.610086206896554,MEDIUM,MEDIUM,27.0,3.0,2.0,2.0
2022,22,Abu Dhabi Grand Prix,ocon,alpine,8,7,Finished,6.0,58,ocon_2022_22,0,58.0,91.77851724137932,89.333,19.028385964912278,38.98244827586207,33.69781034482759,MEDIUM,HARD,27.0,3.0,2.0,2.0
2022,22,Abu Dhabi Grand Prix,stroll,aston_martin,14,8,Finished,4.0,58,stroll_2022_22,0,58.0,92.11801724137932,89.62,19.10705263157895,39.13203448275862,33.79091379310345,MEDIUM,MEDIUM,28.0,3.0,2.0,2.0
2022,22,Abu Dhabi Grand Prix,ricciardo,mclaren,13,9,Finished,2.0,58,ricciardo_2022_22,0,58.0,92.22727586206896,90.785,18.86208771929825,39.12141379310345,34.152775862068964,MEDIUM,HARD,39.0,2.0,1.0,1.0
2022,22,Abu Dhabi Grand Prix,vettel,aston_martin,9,10,Finished,1.0,58,vettel_2022_22,0,58.0,92.23813793103449,90.312,18.87342105263158,38.98232758620689,34.313896551724135,MEDIUM,HARD,34.0,2.0,1.0,1.0
2022,22,Abu Dhabi Grand Prix,tsunoda,alphatauri,11,11,Finished,0.0,58,tsunoda_2022_22,0,58.0,92.3325,89.489,19.202894736842108,38.92548275862069,34.130310344827585,MEDIUM,HARD,24.0,3.0,2.0,2.0
2022,22,Abu Dhabi Grand Prix,zhou,alfa,15,12,+1 Lap,0.0,57,zhou_2022_22,0,57.0,92.71866666666666,89.6,19.248625,39.249982456140344,34.12347368421052,MEDIUM,HARD,29.0,3.0,2.0,2.0
2022,22,Abu Dhabi Grand Prix,albon,williams,19,13,+1 Lap,0.0,57,albon_2022_22,0,57.0,92.7341052631579,89.939,19.28867857142857,38.83791228070175,34.50164912280702,MEDIUM,MEDIUM,23.0,3.0,2.0,2.0
2022,22,Abu Dhabi Grand Prix,gasly,alphatauri,17,14,+1 Lap,0.0,57,gasly_2022_22,0,57.0,92.7449649122807,91.018,18.98498214285714,39.165894736842105,34.48842105263158,SOFT,HARD,43.0,2.0,1.0,1.0
2022,22,Abu Dhabi Grand Prix,bottas,alfa,18,15,+1 Lap,0.0,57,bottas_2022_22,0,57.0,92.90556140350877,90.352,18.965339285714286,39.40236842105263,34.42828070175439,HARD,HARD,30.0,2.0,1.0,1.0
2022,22,Abu Dhabi Grand Prix,mick_schumacher,haas,12,16,+1 Lap,0.0,57,mick_schumacher_2022_22,0,57.0,93.06989473684212,89.833,19.367428571428572,39.48126315789473,34.14128070175439,MEDIUM,MEDIUM,23.0,3.0,2.0,2.0
2022,22,Abu Dhabi Grand Prix,kevin_magnussen,haas,16,17,+1 Lap,0.0,57,kevin_magnussen_2022_22,0,57.0,93.27442105263158,91.158,19.102035714285712,39.53431578947369,34.542280701754386,HARD,MEDIUM,29.0,2.0,1.0,1.0
2022,22,Abu Dhabi Grand Prix,hamilton,mercedes,5,18,Hydraulics,0.0,55,hamilton_2022_22,0,55.0,91.94521818181818,89.788,18.689592592592593,39.07292727272727,34.13049090909091,MEDIUM,HARD,37.0,2.0,2.0,1.0
2022,22,Abu Dhabi Grand Prix,latifi,williams,20,19,Collision damage,0.0,55,latifi_2022_22,0,55.0,94.4725090909091,90.309,19.547018518518517,39.537654545454544,35.27732727272727,MEDIUM,MEDIUM,23.0,3.0,3.0,2.0
2022,22,Abu Dhabi Grand Prix,alonso,alpine,10,20,Water leak,0.0,27,alonso_2022_22,0,27.0,93.09462962962962,90.579,19.291115384615384,39.059074074074076,34.59744444444444,MEDIUM,MEDIUM,19.0,2.0,2.0,1.0
2023,1,Bahrain Grand Prix,max_verstappen,red_bull,1,1,Finished,25.0,57,max_verstappen_2023_1,0,57.0,98.89010526315789,96.236,32.05853571428572,42.66322807017544,24.155982456140354,SOFT,SOFT,22.0,3.0,2.0,2.0
2023,1,Bahrain Grand Prix,perez,red_bull,2,2,Finished,18.0,57,perez_2023_1,0,57.0,99.10040350877193,96.344,31.969839285714283,42.895947368421055,24.202894736842108,SOFT,SOFT,23.0,3.0,2.0,2.0
2023,1,Bahrain Grand Prix,alonso,aston_martin,5,3,Finished,15.0,57,alonso_2023_1,0,57.0,99.56794736842104,96.156,32.23941071428571,43.03378947368421,24.243456140350876,SOFT,HARD,23.0,3.0,2.0,2.0
2023,1,Bahrain Grand Prix,sainz,ferrari,4,4,Finished,12.0,57,sainz_2023_1,0,57.0,99.73312280701755,97.13,32.21760714285714,43.22131578947368,24.261877192982453,SOFT,HARD,26.0,3.0,2.0,2.0
2023,1,Bahrain Grand Prix,hamilton,mercedes,7,5,Finished,10.0,57,hamilton_2023_1,0,57.0,99.78443859649123,96.546,32.114089285714286,43.33836842105263,24.290894736842105,SOFT,HARD,27.0,3.0,2.0,2.0
2023,1,Bahrain Grand Prix,stroll,aston_martin,8,6,Finished,8.0,57,stroll_2023_1,0,57.0,99.8462807017544,96.546,32.26476785714286,43.22289473684211,24.294526315789472,SOFT,HARD,27.0,3.0,2.0,2.0
2023,1,Bahrain Grand Prix,russell,mercedes,6,7,Finished,6.0,57,russell_2023_1,0,57.0,99.87033333333333,97.035,32.28130357142857,43.320035087719305,24.21924561403509,SOFT,HARD,26.0,3.0,2.0,2.0
2023,1,Bahrain Grand Prix,bottas,alfa,12,8,Finished,4.0,57,bottas_2023_1,0,57.0,100.16461403508771,97.379,32.41560714285715,43.13661403508772,24.552596491228073,SOFT,HARD,28.0,3.0,2.0,2.0
2023,1,Bahrain Grand Prix,gasly,alpine,20,9,Finished,2.0,57,gasly_2023_1,0,57.0,100.18401754385964,95.068,32.59210714285714,42.989315789473686,24.51238596491228,SOFT,HARD,17.0,4.0,3.0,3.0
2023,1,Bahrain Grand Prix,albon,williams,15,10,Finished,1.0,57,albon_2023_1,0,57.0,100.46508771929825,97.144,32.573589285714284,43.32152631578948,24.506,SOFT,SOFT,17.0,4.0,3.0,3.0
2023,1,Bahrain Grand Prix,tsunoda,alphatauri,14,11,Finished,0.0,57,tsunoda_2023_1,0,57.0,100.48431578947368,96.637,32.59673214285714,43.09529824561403,24.715350877192986,SOFT,HARD,20.0,4.0,3.0,3.0
2023,1,Bahrain Grand Prix,sargeant,williams,16,12,Lapped,0.0,56,sargeant_2023_1,0,56.0,100.67628571428573,96.037,32.624818181818185,43.379000000000005,24.597571428571428,SOFT,SOFT,18.0,4.0,3.0,3.0
2023,1,Bahrain Grand Prix,kevin_magnussen,haas,17,13,Lapped,0.0,56,kevin_magnussen_2023_1,0,56.0,100.95523214285716,96.471,32.77049090909091,43.43380357142858,24.66775,HARD,HARD,16.0,4.0,3.0,3.0
2023,1,Bahrain Grand Prix,de_vries,alphatauri,19,14,Lapped,0.0,56,de_vries_2023_1,0,56.0,101.05819642857143,97.709,32.60330909090909,43.734160714285714,24.625339285714286,SOFT,HARD,29.0,3.0,2.0,2.0
2023,1,Bahrain Grand Prix,hulkenberg,haas,10,15,Lapped,0.0,56,hulkenberg_2023_1,0,56.0,101.08298214285715,96.616,32.94641818181818,43.342642857142856,24.72735714285714,SOFT,HARD,19.0,4.0,3.0,3.0
2023,1,Bahrain Grand Prix,zhou,alfa,13,16,Lapped,0.0,56,zhou_2023_1,0,56.0,101.36401785714285,93.996,33.04245454545455,43.58205357142857,24.655285714285714,SOFT,SOFT,25.0,4.0,3.0,3.0
2023,1,Bahrain Grand Prix,norris,mclaren,11,17,Lapped,0.0,55,norris_2023_1,0,55.0,102.60676363636364,95.257,34.87611111111111,43.11307272727273,24.59689090909091,SOFT,SOFT,13.0,7.0,6.0,6.0
2023,1,Bahrain Grand Prix,ocon,alpine,9,18,Retired,0.0,41,ocon_2023_1,0,41.0,102.91624390243902,96.797,34.319125,43.672536585365854,24.882219512195125,SOFT,HARD,20.0,4.0,4.0,3.0
2023,1,Bahrain Grand Prix,leclerc,ferrari,3,19,Retired,0.0,39,leclerc_2023_1,0,40.0,99.64405128205128,97.17,32.46157894736842,42.94751282051282,24.206820512820514,SOFT,HARD,20.0,3.0,2.0,2.0
2023,1,Bahrain Grand Prix,piastri,mclaren,18,20,Retired,0.0,13,piastri_2023_1,0,13.0,103.27576923076923,100.691,32.117916666666666,45.14338461538462,25.602076923076922,SOFT,SOFT,13.0,1.0,1.0,0.0
2023,2,Saudi Arabian Grand Prix,perez,red_bull,1,1,Finished,25.0,50,perez_2023_2,0,50.0,94.24502083333334,92.188,35.805020408163266,30.837519999999998,30.83024,MEDIUM,HARD,32.0,2.0,1.0,1.0
2023,2,Saudi Arabian Grand Prix,max_verstappen,red_bull,15,2,Finished,19.0,50,max_verstappen_2023_2,0,50.0,94.92664583333334,91.906,35.950061224489794,30.551840000000002,30.96884,MEDIUM,HARD,32.0,2.0,1.0,1.0
2023,2,Saudi Arabian Grand Prix,alonso,aston_martin,2,3,Finished,15.0,50,alonso_2023_2,0,50.0,94.835875,92.24,36.003,30.77732,31.12774,MEDIUM,HARD,33.0,2.0,1.0,1.0
2023,2,Saudi Arabian Grand Prix,russell,mercedes,3,4,Finished,12.0,50,russell_2023_2,0,50.0,95.16035416666666,92.433,35.94389795918367,30.873260000000002,31.155140000000003,MEDIUM,HARD,32.0,2.0,1.0,1.0
2023,2,Saudi Arabian Grand Prix,hamilton,mercedes,7,5,Finished,10.0,50,hamilton_2023_2,0,50.0,95.643625,92.941,36.27683673469388,30.6781,31.09528,HARD,MEDIUM,32.0,2.0,1.0,1.0
2023,2,Saudi Arabian Grand Prix,sainz,ferrari,4,6,Finished,8.0,50,sainz_2023_2,0,50.0,97.04638775510205,92.822,36.07616326530612,30.84518,31.2445,MEDIUM,HARD,35.0,2.0,1.0,1.0
2023,2,Saudi Arabian Grand Prix,leclerc,ferrari,12,7,Finished,6.0,50,leclerc_2023_2,0,50.0,97.24300000000001,93.056,36.172877551020406,30.84516,31.239079999999998,SOFT,HARD,34.0,2.0,1.0,1.0
2023,2,Saudi Arabian Grand Prix,ocon,alpine,6,8,Finished,4.0,50,ocon_2023_2,0,50.0,97.4653469387755,93.222,36.144938775510205,30.93052,31.418940000000003,MEDIUM,HARD,34.0,2.0,1.0,1.0
2023,2,Saudi Arabian Grand Prix,gasly,alpine,9,9,Finished,2.0,50,gasly_2023_2,0,50.0,97.53079591836735,93.392,36.383326530612244,30.831460000000003,31.28038,MEDIUM,HARD,36.0,2.0,1.0,1.0
2023,2,Saudi Arabian Grand Prix,kevin_magnussen,haas,13,10,Finished,1.0,50,kevin_magnussen_2023_2,0,50.0,98.79440000000001,93.374,36.46583673469388,30.77368,31.4432,MEDIUM,HARD,42.0,2.0,1.0,1.0
2023,2,Saudi Arabian Grand Prix,tsunoda,alphatauri,16,11,Finished,0.0,50,tsunoda_2023_2,0,50.0,97.75483673469388,93.931,36.30614285714286,31.063000000000002,31.3437,MEDIUM,HARD,33.0,2.0,1.0,1.0
2023,2,Saudi Arabian Grand Prix,hulkenberg,haas,10,12,Finished,0.0,50,hulkenberg_2023_2,0,50.0,98.90964,93.78,36.61151020408163,30.73702,31.4586,MEDIUM,HARD,39.0,2.0,1.0,1.0
2023,2,Saudi Arabian Grand Prix,zhou,alfa,11,13,Finished,0.0,50,zhou_2023_2,0,50.0,99.01907999999999,93.894,36.91530612244898,30.7612,31.25148,MEDIUM,MEDIUM,32.0,3.0,2.0,2.0
2023,2,Saudi Arabian Grand Prix,de_vries,alphatauri,18,14,Finished,0.0,50,de_vries_2023_2,0,50.0,99.04744000000001,93.609,36.592897959183674,30.89888,31.407719999999998,MEDIUM,HARD,33.0,2.0,1.0,1.0
2023,2,Saudi Arabian Grand Prix,piastri,mclaren,8,15,Finished,0.0,50,piastri_2023_2,0,50.0,99.1983,94.287,36.86942857142857,30.78462,31.45956,MEDIUM,HARD,49.0,2.0,1.0,1.0
2023,2,Saudi Arabian Grand Prix,sargeant,williams,20,16,Finished,0.0,50,sargeant_2023_2,0,50.0,99.22373999999999,94.469,36.85524489795918,30.80236,31.41732,HARD,MEDIUM,32.0,2.0,1.0,1.0
2023,2,Saudi Arabian Grand Prix,norris,mclaren,19,17,Finished,0.0,50,norris_2023_2,0,50.0,99.22678,94.122,36.846265306122454,31.0174,31.226799999999997,SOFT,MEDIUM,31.0,3.0,2.0,2.0
2023,2,Saudi Arabian Grand Prix,bottas,alfa,14,18,Lapped,0.0,49,bottas_2023_2,0,49.0,99.02766666666668,94.384,37.200854166666666,31.338897959183672,31.44569387755102,MEDIUM,MEDIUM,18.0,4.0,3.0,3.0
2023,2,Saudi Arabian Grand Prix,albon,williams,17,19,Retired,0.0,27,albon_2023_2,0,27.0,100.94432,95.567,38.60223076923077,32.257703703703704,33.635777777777776,MEDIUM,MEDIUM,17.0,2.0,2.0,1.0
2023,2,Saudi Arabian Grand Prix,stroll,aston_martin,5,20,Retired,0.0,16,stroll_2023_2,0,17.0,97.324,95.14,36.7408,30.105125,30.358375,MEDIUM,MEDIUM,13.0,2.0,1.0,1.0
2023,3,Australian Grand Prix,max_verstappen,red_bull,1,1,Finished,25.0,58,max_verstappen_2023_3,0,58.0,85.46938461538463,80.342,31.402290909090908,21.803086206896552,39.35767857142857,MEDIUM,HARD,47.0,4.0,3.0,3.0
2023,3,Australian Grand Prix,hamilton,mercedes,3,2,Finished,18.0,58,hamilton_2023_3,0,58.0,87.48888679245283,80.613,31.075685185185186,21.636724137931036,40.12936842105264,MEDIUM,HARD,47.0,4.0,3.0,3.0
2023,3,Australian Grand Prix,alonso,aston_martin,4,3,Finished,15.0,58,alonso_2023_3,0,58.0,85.77373076923078,80.476,32.09949122807018,21.64446551724138,37.32930188679245,MEDIUM,HARD,47.0,4.0,3.0,3.0
2023,3,Australian Grand Prix,stroll,aston_martin,6,4,Finished,12.0,58,stroll_2023_3,0,58.0,86.12126923076923,80.934,32.07931578947368,21.48148275862069,37.523622641509434,MEDIUM,HARD,47.0,4.0,3.0,3.0
2023,3,Australian Grand Prix,perez,red_bull,20,5,Finished,11.0,58,perez_2023_3,0,58.0,86.38034615384616,80.235,31.691964912280703,21.168327586206896,39.01518518518519,HARD,HARD,48.0,6.0,5.0,6.0
2023,3,Australian Grand Prix,norris,mclaren,13,6,Finished,8.0,58,norris_2023_3,0,58.0,86.56167307692309,81.173,31.539473684210527,21.75,37.62758490566038,MEDIUM,HARD,47.0,4.0,3.0,3.0
2023,3,Australian Grand Prix,hulkenberg,haas,10,7,Finished,6.0,58,hulkenberg_2023_3,0,58.0,86.52936538461539,81.124,31.571684210526318,21.594827586206897,37.75211320754717,MEDIUM,HARD,47.0,4.0,3.0,3.0
2023,3,Australian Grand Prix,piastri,mclaren,16,8,Finished,4.0,58,piastri_2023_3,0,58.0,87.2793076923077,81.335,31.94201754385965,21.712706896551722,39.02733333333334,MEDIUM,HARD,46.0,5.0,4.0,4.0
2023,3,Australian Grand Prix,zhou,alfa,17,9,Finished,2.0,58,zhou_2023_3,0,58.0,87.85013461538462,81.819,32.22245614035088,21.285120689655173,39.400277777777774,SOFT,HARD,53.0,6.0,5.0,5.0
2023,3,Australian Grand Prix,tsunoda,alphatauri,12,10,Finished,1.0,58,tsunoda_2023_3,0,58.0,87.79834615384615,81.789,32.158368421052636,21.564,39.32844444444444,MEDIUM,HARD,46.0,5.0,4.0,4.0
2023,3,Australian Grand Prix,bottas,alfa,19,11,Finished,0.0,58,bottas_2023_3,0,58.0,87.86484313725491,82.233,31.939267857142855,21.356379310344828,40.56722222222223,SOFT,HARD,52.0,7.0,6.0,7.0
2023,3,Australian Grand Prix,sainz,ferrari,5,12,Finished,0.0,58,sainz_2023_3,0,58.0,86.09380769230769,80.467,31.721596491228073,21.407241379310342,38.81440740740741,MEDIUM,HARD,48.0,5.0,4.0,4.0
2023,3,Australian Grand Prix,gasly,alpine,9,13,Retired,0.0,56,gasly_2023_3,0,57.0,86.08175,80.995,31.06749090909091,20.70180357142857,37.28996153846154,SOFT,HARD,47.0,3.0,2.0,2.0
2023,3,Australian Grand Prix,ocon,alpine,11,14,Retired,0.0,56,ocon_2023_3,0,57.0,86.74915384615385,81.203,31.163345454545453,20.678571428571427,38.47290566037736,SOFT,HARD,54.0,4.0,3.0,3.0
2023,3,Australian Grand Prix,de_vries,alphatauri,15,15,Retired,0.0,56,de_vries_2023_3,0,57.0,88.39060784313726,81.183,31.573185185185185,20.897714285714283,40.32067924528302,HARD,MEDIUM,37.0,5.0,4.0,4.0
2023,3,Australian Grand Prix,sargeant,williams,18,16,Retired,0.0,56,sargeant_2023_3,0,57.0,88.2158431372549,81.456,31.260981481481483,20.52648214285714,40.6482641509434,HARD,MEDIUM,28.0,7.0,6.0,6.0
2023,3,Australian Grand Prix,kevin_magnussen,haas,14,17,Retired,0.0,52,kevin_magnussen_2023_3,0,53.0,87.23292,81.685,30.560823529411767,19.930038461538462,38.742411764705885,MEDIUM,HARD,46.0,3.0,2.0,2.0
2023,3,Australian Grand Prix,russell,mercedes,2,18,Retired,0.0,17,russell_2023_3,0,18.0,93.6108,82.68,33.5085,23.645647058823528,41.275999999999996,MEDIUM,HARD,11.0,3.0,2.0,2.0
2023,3,Australian Grand Prix,albon,williams,8,19,Retired,0.0,6,albon_2023_3,0,7.0,102.9735,83.349,36.6616,22.237333333333336,43.93566666666667,MEDIUM,MEDIUM,7.0,1.0,0.0,0.0
2023,3,Australian Grand Prix,leclerc,ferrari,7,20,Retired,0.0,0,leclerc_2023_3,0,1.0,,,,,,MEDIUM,MEDIUM,1.0,1.0,0.0,0.0
2023,4,Azerbaijan Grand Prix,perez,red_bull,3,1,Finished,25.0,51,perez_2023_4,0,51.0,106.54489795918367,104.589,38.696439999999996,43.936313725490194,26.359529411764708,MEDIUM,HARD,40.0,2.0,1.0,1.0
2023,4,Azerbaijan Grand Prix,max_verstappen,red_bull,2,2,Finished,18.0,51,max_verstappen_2023_4,0,51.0,105.89039583333334,104.232,38.82642,43.88698039215686,26.341627450980393,MEDIUM,HARD,41.0,2.0,1.0,1.0
2023,4,Azerbaijan Grand Prix,leclerc,ferrari,1,3,Finished,15.0,51,leclerc_2023_4,0,51.0,107.07857142857144,104.561,38.88982,44.192627450980396,26.362960784313724,MEDIUM,HARD,40.0,2.0,1.0,1.0
2023,4,Azerbaijan Grand Prix,alonso,aston_martin,6,4,Finished,12.0,51,alonso_2023_4,0,51.0,107.28244897959183,104.241,38.94474,44.26356862745098,26.184901960784316,MEDIUM,HARD,40.0,2.0,1.0,1.0
2023,4,Azerbaijan Grand Prix,sainz,ferrari,4,5,Finished,10.0,51,sainz_2023_4,0,51.0,106.84575,105.175,39.08806,44.45817647058824,26.332392156862745,MEDIUM,HARD,40.0,2.0,1.0,1.0
2023,4,Azerbaijan Grand Prix,hamilton,mercedes,5,6,Finished,8.0,51,hamilton_2023_4,0,51.0,109.08368,105.346,39.2108,44.46682352941176,26.205392156862743,MEDIUM,HARD,42.0,2.0,1.0,1.0
2023,4,Azerbaijan Grand Prix,stroll,aston_martin,9,7,Finished,6.0,51,stroll_2023_4,0,51.0,107.0551875,105.627,39.12796,44.62794117647059,26.210764705882355,MEDIUM,HARD,43.0,2.0,1.0,1.0
2023,4,Azerbaijan Grand Prix,russell,mercedes,11,8,Finished,5.0,51,russell_2023_4,0,51.0,107.59704166666667,103.37,39.56748,44.53580392156863,26.29878431372549,MEDIUM,HARD,38.0,3.0,2.0,2.0
2023,4,Azerbaijan Grand Prix,norris,mclaren,7,9,Finished,2.0,51,norris_2023_4,0,51.0,109.7893,105.738,39.43526,44.76939215686274,26.321411764705882,MEDIUM,HARD,42.0,2.0,1.0,1.0
2023,4,Azerbaijan Grand Prix,tsunoda,alphatauri,8,10,Finished,1.0,51,tsunoda_2023_4,0,51.0,109.88802,105.727,39.4589,44.81505882352942,26.302411764705884,MEDIUM,HARD,43.0,2.0,1.0,1.0
2023,4,Azerbaijan Grand Prix,piastri,mclaren,10,11,Finished,0.0,51,piastri_2023_4,0,51.0,109.96768,105.631,39.43784,44.866470588235295,26.315039215686273,MEDIUM,HARD,43.0,2.0,1.0,1.0
2023,4,Azerbaijan Grand Prix,albon,williams,12,12,Finished,0.0,51,albon_2023_4,0,51.0,110.80507843137255,105.925,39.680119999999995,44.8093137254902,26.166156862745098,MEDIUM,HARD,44.0,2.0,1.0,1.0
2023,4,Azerbaijan Grand Prix,kevin_magnussen,haas,16,13,Finished,0.0,51,kevin_magnussen_2023_4,0,51.0,109.52422,105.85,39.89096,44.872098039215686,25.905333333333335,MEDIUM,HARD,41.0,2.0,1.0,1.0
2023,4,Azerbaijan Grand Prix,gasly,alpine,17,14,Finished,0.0,51,gasly_2023_4,0,51.0,110.85819607843138,105.54,39.81918,44.64843137254902,26.216823529411766,MEDIUM,HARD,28.0,3.0,2.0,2.0
2023,4,Azerbaijan Grand Prix,ocon,alpine,19,15,Finished,0.0,51,ocon_2023_4,0,51.0,109.25804081632654,105.908,39.560120000000005,44.8336862745098,26.379745098039216,HARD,HARD,50.0,2.0,1.0,2.0
2023,4,Azerbaijan Grand Prix,sargeant,williams,14,16,Finished,0.0,51,sargeant_2023_4,0,51.0,110.17868,106.501,39.6373,45.01660784313726,26.22229411764706,MEDIUM,HARD,43.0,2.0,1.0,1.0
2023,4,Azerbaijan Grand Prix,hulkenberg,haas,20,17,Lapped,0.0,50,hulkenberg_2023_4,0,50.0,109.71264583333334,106.731,39.890959183673466,45.121520000000004,26.21518,HARD,HARD,49.0,2.0,1.0,2.0
2023,4,Azerbaijan Grand Prix,bottas,alfa,13,18,Lapped,0.0,50,bottas_2023_4,0,50.0,110.79430612244899,106.304,40.14028571428572,44.67572,26.620479999999997,MEDIUM,HARD,22.0,4.0,3.0,3.0
2023,4,Azerbaijan Grand Prix,zhou,alfa,15,19,Retired,0.0,36,zhou_2023_4,0,36.0,110.37823529411764,107.553,40.56031428571429,45.44202777777778,26.60686111111111,MEDIUM,HARD,25.0,2.0,2.0,1.0
2023,4,Azerbaijan Grand Prix,de_vries,alphatauri,18,20,Retired,0.0,9,de_vries_2023_4,0,10.0,110.62700000000001,108.781,38.957875,44.98911111111111,25.51033333333333,HARD,HARD,10.0,1.0,0.0,0.0
2023,5,Miami Grand Prix,max_verstappen,red_bull,9,1,Finished,26.0,57,max_verstappen_2023_5,0,57.0,92.24984210526316,89.708,31.52782142857143,34.796701754385964,25.789929824561405,HARD,HARD,45.0,2.0,1.0,1.0
2023,5,Miami Grand Prix,perez,red_bull,1,2,Finished,18.0,57,perez_2023_5,0,57.0,92.34429824561404,90.56,31.438982142857146,34.950929824561406,25.89505263157895,MEDIUM,HARD,37.0,2.0,1.0,1.0
2023,5,Miami Grand Prix,alonso,aston_martin,2,3,Finished,15.0,57,alonso_2023_5,0,57.0,92.71133333333334,90.519,31.662178571428573,35.09368421052632,25.888052631578947,MEDIUM,HARD,34.0,2.0,1.0,1.0
2023,5,Miami Grand Prix,russell,mercedes,6,4,Finished,12.0,57,russell_2023_5,0,57.0,92.83280701754387,91.015,31.727749999999997,35.03943859649123,25.96843859649123,MEDIUM,HARD,40.0,2.0,1.0,1.0
2023,5,Miami Grand Prix,sainz,ferrari,3,5,Finished,10.0,57,sainz_2023_5,0,57.0,92.9079298245614,91.362,31.78623214285714,35.1001403508772,25.94782456140351,MEDIUM,HARD,39.0,2.0,1.0,1.0
2023,5,Miami Grand Prix,hamilton,mercedes,13,6,Finished,8.0,57,hamilton_2023_5,0,57.0,93.14894736842105,90.669,31.843553571428572,35.17312280701754,25.979543859649123,HARD,HARD,37.0,2.0,1.0,1.0
2023,5,Miami Grand Prix,leclerc,ferrari,7,7,Finished,6.0,57,leclerc_2023_5,0,57.0,93.17945614035088,91.434,31.99523214285714,35.16166666666666,25.916491228070175,MEDIUM,HARD,40.0,2.0,1.0,1.0
2023,5,Miami Grand Prix,gasly,alpine,5,8,Finished,4.0,57,gasly_2023_5,0,57.0,93.22650877192983,91.971,31.923589285714286,35.17884210526316,26.042122807017545,MEDIUM,HARD,42.0,2.0,1.0,1.0
2023,5,Miami Grand Prix,ocon,alpine,8,9,Finished,2.0,57,ocon_2023_5,0,57.0,93.26954385964912,91.143,31.933946428571428,35.27328070175439,25.941578947368424,HARD,HARD,39.0,2.0,1.0,1.0
2023,5,Miami Grand Prix,kevin_magnussen,haas,4,10,Finished,1.0,57,kevin_magnussen_2023_5,0,57.0,93.35414035087719,91.691,31.90255357142857,35.35033333333333,25.99947368421053,MEDIUM,HARD,43.0,2.0,1.0,1.0
2023,5,Miami Grand Prix,tsunoda,alphatauri,17,11,Finished,0.0,57,tsunoda_2023_5,0,57.0,93.3780701754386,91.038,32.033410714285715,35.239666666666665,25.94033333333333,HARD,HARD,36.0,2.0,1.0,1.0
2023,5,Miami Grand Prix,stroll,aston_martin,18,12,Finished,0.0,57,stroll_2023_5,0,57.0,93.38587719298245,90.862,32.010732142857144,35.327017543859654,25.88652631578947,HARD,HARD,43.0,2.0,1.0,1.0
2023,5,Miami Grand Prix,bottas,alfa,10,13,Finished,0.0,57,bottas_2023_5,0,57.0,93.50663157894736,91.838,31.921839285714288,35.37370175438596,26.09719298245614,MEDIUM,HARD,42.0,2.0,1.0,1.0
2023,5,Miami Grand Prix,albon,williams,11,14,Finished,0.0,57,albon_2023_5,0,57.0,93.5281052631579,91.852,32.119392857142856,35.224315789473685,26.05226315789474,MEDIUM,HARD,35.0,2.0,1.0,1.0
2023,5,Miami Grand Prix,hulkenberg,haas,12,15,Finished,0.0,57,hulkenberg_2023_5,0,57.0,93.5647543859649,90.901,32.06892857142857,35.36882456140351,25.990701754385967,HARD,HARD,33.0,2.0,1.0,1.0
2023,5,Miami Grand Prix,zhou,alfa,14,16,Finished,0.0,57,zhou_2023_5,0,57.0,93.62598245614036,91.736,32.02073214285714,35.406456140350876,26.044543859649124,HARD,HARD,31.0,2.0,1.0,1.0
2023,5,Miami Grand Prix,norris,mclaren,16,17,Finished,0.0,57,norris_2023_5,0,57.0,93.78873684210525,92.401,31.907214285714286,35.50587719298246,26.196210526315788,SOFT,HARD,53.0,2.0,1.0,1.0
2023,5,Miami Grand Prix,de_vries,alphatauri,15,18,Finished,0.0,57,de_vries_2023_5,0,57.0,93.81035087719297,91.562,31.989964285714287,35.465315789473685,26.16975438596491,MEDIUM,HARD,42.0,2.0,1.0,1.0
2023,5,Miami Grand Prix,piastri,mclaren,19,19,Lapped,0.0,56,piastri_2023_5,0,56.0,94.26341071428571,92.006,32.081436363636364,35.598,26.435732142857145,SOFT,HARD,51.0,2.0,1.0,1.0
2023,5,Miami Grand Prix,sargeant,williams,20,20,Lapped,0.0,56,sargeant_2023_5,0,56.0,94.51123214285714,92.384,32.73112727272727,35.40008928571429,26.21192857142857,MEDIUM,HARD,54.0,2.0,1.0,1.0
2023,6,Monaco Grand Prix,max_verstappen,red_bull,1,1,Finished,25.0,78,max_verstappen_2023_6,0,78.0,83.74333333333333,76.604,22.00203896103896,39.65542307692308,22.037628205128204,MEDIUM,MEDIUM,55.0,2.0,1.0,1.0
2023,6,Monaco Grand Prix,alonso,aston_martin,2,2,Finished,18.0,78,alonso_2023_6,0,78.0,84.10129487179486,76.674,21.86412987012987,39.79333333333334,22.387064102564104,HARD,HARD,55.0,3.0,2.0,2.0
2023,6,Monaco Grand Prix,ocon,alpine,3,3,Finished,15.0,78,ocon_2023_6,0,78.0,84.21756410256411,76.528,22.09538961038961,39.6880641025641,22.372948717948717,MEDIUM,MEDIUM,32.0,3.0,2.0,2.0
2023,6,Monaco Grand Prix,hamilton,mercedes,5,4,Finished,13.0,78,hamilton_2023_6,0,78.0,84.2441282051282,75.65,22.08092207792208,39.75721794871795,22.3325,MEDIUM,MEDIUM,31.0,3.0,2.0,2.0
2023,6,Monaco Grand Prix,russell,mercedes,8,5,Finished,10.0,78,russell_2023_6,0,78.0,84.40082051282052,76.798,22.04905194805195,39.945884615384614,22.314205128205128,HARD,HARD,54.0,2.0,1.0,1.0
2023,6,Monaco Grand Prix,leclerc,ferrari,6,6,Finished,8.0,78,leclerc_2023_6,0,78.0,84.53679487179487,75.773,22.011142857142858,39.984833333333334,22.46074358974359,HARD,HARD,44.0,3.0,2.0,2.0
2023,6,Monaco Grand Prix,gasly,alpine,7,7,Finished,6.0,78,gasly_2023_6,0,78.0,84.54284615384616,75.831,22.107064935064933,39.78261538461538,22.567807692307692,HARD,HARD,47.0,3.0,2.0,2.0
2023,6,Monaco Grand Prix,sainz,ferrari,4,8,Finished,4.0,78,sainz_2023_6,0,78.0,84.55603846153846,76.449,22.074376623376626,39.868153846153845,22.546089743589743,HARD,HARD,33.0,3.0,2.0,2.0
2023,6,Monaco Grand Prix,norris,mclaren,10,9,Lapped,2.0,77,norris_2023_6,0,77.0,84.88364935064935,77.844,22.15746052631579,40.15157142857143,22.468961038961037,MEDIUM,MEDIUM,50.0,3.0,2.0,2.0
2023,6,Monaco Grand Prix,piastri,mclaren,11,10,Lapped,1.0,77,piastri_2023_6,0,77.0,85.01219480519481,77.513,22.13896052631579,40.27720779220779,22.482987012987014,HARD,HARD,54.0,2.0,1.0,1.0
2023,6,Monaco Grand Prix,bottas,alfa,15,11,Lapped,0.0,77,bottas_2023_6,0,77.0,85.20705194805196,77.824,22.320815789473684,40.39975324675325,22.35412987012987,HARD,HARD,51.0,2.0,1.0,1.0
2023,6,Monaco Grand Prix,de_vries,alphatauri,12,12,Lapped,0.0,77,de_vries_2023_6,0,77.0,85.57528571428571,77.561,22.421763157894738,40.49223376623377,22.549584415584416,MEDIUM,MEDIUM,53.0,2.0,1.0,1.0
2023,6,Monaco Grand Prix,zhou,alfa,19,13,Lapped,0.0,77,zhou_2023_6,0,77.0,85.76405194805196,76.926,22.293078947368418,40.37220779220779,22.955948051948052,SOFT,HARD,51.0,3.0,2.0,2.0
2023,6,Monaco Grand Prix,albon,williams,13,14,Lapped,0.0,77,albon_2023_6,0,77.0,85.8596103896104,76.672,22.48536842105263,40.56744155844156,22.69081818181818,MEDIUM,HARD,34.0,3.0,2.0,2.0
2023,6,Monaco Grand Prix,tsunoda,alphatauri,9,15,Lapped,0.0,76,tsunoda_2023_6,0,76.0,86.04638157894736,77.68,22.386013333333334,40.794421052631584,22.769052631578948,MEDIUM,MEDIUM,53.0,2.0,1.0,1.0
2023,6,Monaco Grand Prix,perez,red_bull,20,16,Lapped,0.0,76,perez_2023_6,0,76.0,86.59215789473684,76.269,22.397573333333334,40.4583552631579,23.594065789473685,MEDIUM,HARD,33.0,6.0,5.0,5.0
2023,6,Monaco Grand Prix,hulkenberg,haas,18,17,Lapped,0.0,76,hulkenberg_2023_6,0,76.0,86.58534210526315,76.991,22.476346666666668,40.691947368421054,23.28821052631579,MEDIUM,HARD,53.0,4.0,3.0,3.0
2023,6,Monaco Grand Prix,sargeant,williams,16,18,Lapped,0.0,76,sargeant_2023_6,0,76.0,86.90740789473683,77.302,22.89856,40.84877631578947,23.04111842105263,MEDIUM,SOFT,29.0,4.0,3.0,3.0
2023,6,Monaco Grand Prix,kevin_magnussen,haas,17,19,Retired,0.0,70,kevin_magnussen_2023_6,0,71.0,86.44544927536232,78.351,23.19997142857143,41.267563380281686,23.5526,HARD,HARD,56.0,2.0,2.0,1.0
2023,6,Monaco Grand Prix,stroll,aston_martin,14,20,Retired,0.0,53,stroll_2023_6,0,54.0,80.78247169811321,77.769,20.927192307692305,37.97815094339623,21.67501886792453,HARD,HARD,52.0,2.0,1.0,1.0
2023,7,Spanish Grand Prix,max_verstappen,red_bull,1,1,Finished,26.0,66,max_verstappen_2023_7,0,66.0,79.96878787878788,76.33,24.201338461538462,31.767954545454543,23.943075757575755,MEDIUM,HARD,26.0,3.0,2.0,2.0
2023,7,Spanish Grand Prix,hamilton,mercedes,4,2,Finished,18.0,66,hamilton_2023_7,0,66.0,80.33378787878787,76.676,24.26223076923077,31.938939393939393,24.064500000000002,SOFT,SOFT,27.0,3.0,2.0,2.0
2023,7,Spanish Grand Prix,russell,mercedes,12,3,Finished,15.0,66,russell_2023_7,0,66.0,80.4595303030303,77.875,24.26303076923077,32.013651515151516,24.096560606060606,SOFT,SOFT,25.0,3.0,2.0,2.0
2023,7,Spanish Grand Prix,perez,red_bull,11,4,Finished,12.0,66,perez_2023_7,0,66.0,80.51139393939394,76.666,24.215938461538464,32.1175,24.083000000000002,MEDIUM,MEDIUM,27.0,3.0,2.0,2.0
2023,7,Spanish Grand Prix,sainz,ferrari,2,5,Finished,10.0,66,sainz_2023_7,0,66.0,80.66118181818182,78.403,24.377353846153845,32.03421212121212,24.189545454545453,SOFT,MEDIUM,26.0,3.0,2.0,2.0
2023,7,Spanish Grand Prix,stroll,aston_martin,5,6,Finished,8.0,66,stroll_2023_7,0,66.0,80.92818181818183,78.722,24.45607692307692,32.1765303030303,24.229075757575757,SOFT,SOFT,32.0,3.0,2.0,2.0
2023,7,Spanish Grand Prix,alonso,aston_martin,8,7,Finished,6.0,66,alonso_2023_7,0,66.0,80.94040909090909,78.083,24.41187692307692,32.17692424242424,24.273015151515153,SOFT,SOFT,28.0,3.0,2.0,2.0
2023,7,Spanish Grand Prix,ocon,alpine,6,8,Finished,4.0,66,ocon_2023_7,0,66.0,81.01790909090909,78.946,24.43893846153846,32.24571212121212,24.26122727272727,SOFT,HARD,31.0,3.0,2.0,2.0
2023,7,Spanish Grand Prix,zhou,alfa,13,9,Finished,2.0,66,zhou_2023_7,0,66.0,81.05784848484849,78.753,24.417584615384616,32.27875757575758,24.274363636363635,SOFT,HARD,30.0,3.0,2.0,2.0
2023,7,Spanish Grand Prix,gasly,alpine,10,10,Finished,1.0,66,gasly_2023_7,0,66.0,81.0828787878788,78.375,24.331092307692305,32.351439393939394,24.300575757575757,SOFT,HARD,27.0,3.0,2.0,2.0
2023,7,Spanish Grand Prix,leclerc,ferrari,19,11,Finished,0.0,66,leclerc_2023_7,0,66.0,81.09634848484849,78.357,24.329753846153846,32.16662121212121,24.403909090909092,HARD,HARD,50.0,3.0,2.0,3.0
2023,7,Spanish Grand Prix,tsunoda,alphatauri,15,12,Finished,0.0,66,tsunoda_2023_7,0,66.0,81.03569696969697,78.904,24.369476923076924,32.25334848484849,24.31712121212121,SOFT,MEDIUM,32.0,3.0,2.0,2.0
2023,7,Spanish Grand Prix,piastri,mclaren,9,13,Lapped,0.0,65,piastri_2023_7,0,65.0,81.26484615384615,78.679,24.528078125,32.30183076923077,24.346923076923076,SOFT,MEDIUM,26.0,3.0,2.0,2.0
2023,7,Spanish Grand Prix,de_vries,alphatauri,14,14,Lapped,0.0,65,de_vries_2023_7,0,65.0,81.28103076923077,78.594,24.480265625,32.35043076923077,24.343753846153845,SOFT,HARD,29.0,3.0,2.0,2.0
2023,7,Spanish Grand Prix,hulkenberg,haas,7,15,Lapped,0.0,65,hulkenberg_2023_7,0,65.0,81.46518461538462,78.776,24.724546875,32.3084,24.355815384615383,SOFT,MEDIUM,22.0,4.0,3.0,3.0
2023,7,Spanish Grand Prix,albon,williams,18,16,Lapped,0.0,65,albon_2023_7,0,65.0,81.62535384615384,79.133,24.60484375,32.480584615384615,24.429353846153845,SOFT,MEDIUM,28.0,3.0,2.0,2.0
2023,7,Spanish Grand Prix,norris,mclaren,3,17,Lapped,0.0,65,norris_2023_7,0,65.0,81.66661538461538,77.182,25.029234375,32.225276923076926,24.348430769230767,SOFT,MEDIUM,28.0,4.0,3.0,3.0
2023,7,Spanish Grand Prix,kevin_magnussen,haas,17,18,Lapped,0.0,65,kevin_magnussen_2023_7,0,65.0,81.78492307692308,78.069,24.728078125,32.460123076923075,24.497569230769233,SOFT,MEDIUM,23.0,4.0,3.0,3.0
2023,7,Spanish Grand Prix,bottas,alfa,16,19,Lapped,0.0,65,bottas_2023_7,0,65.0,81.96743076923076,78.242,24.804546875,32.58163076923077,24.473384615384614,SOFT,HARD,34.0,3.0,2.0,2.0
2023,7,Spanish Grand Prix,sargeant,williams,20,20,Lapped,0.0,65,sargeant_2023_7,0,65.0,81.9941076923077,79.247,24.60921875,32.649538461538455,24.559984615384614,MEDIUM,HARD,29.0,3.0,2.0,3.0
2023,8,Canadian Grand Prix,max_verstappen,red_bull,1,1,Finished,25.0,70,max_verstappen_2023_8,0,70.0,80.54782857142857,75.594,22.212246376811596,25.755442857142857,32.515771428571426,MEDIUM,MEDIUM,30.0,3.0,2.0,2.0
2023,8,Canadian Grand Prix,alonso,aston_martin,2,2,Finished,18.0,70,alonso_2023_8,0,70.0,80.68454285714286,75.779,22.158217391304348,25.8096,32.63435714285715,MEDIUM,HARD,29.0,3.0,2.0,2.0
2023,8,Canadian Grand Prix,hamilton,mercedes,3,3,Finished,15.0,70,hamilton_2023_8,0,70.0,80.75022857142856,75.396,22.132478260869565,25.820385714285713,32.723800000000004,MEDIUM,MEDIUM,30.0,3.0,2.0,2.0
2023,8,Canadian Grand Prix,leclerc,ferrari,10,4,Finished,12.0,70,leclerc_2023_8,0,70.0,80.81422857142857,75.907,22.330434782608695,25.903357142857143,32.46814285714286,MEDIUM,MEDIUM,39.0,2.0,1.0,1.0
2023,8,Canadian Grand Prix,sainz,ferrari,11,5,Finished,10.0,70,sainz_2023_8,0,70.0,80.85554285714285,75.911,22.416478260869567,25.890128571428573,32.42288571428571,MEDIUM,MEDIUM,38.0,2.0,1.0,1.0
2023,8,Canadian Grand Prix,perez,red_bull,12,6,Finished,9.0,70,perez_2023_8,0,70.0,81.27680000000001,74.481,22.462579710144926,25.912871428571428,32.779157142857144,HARD,HARD,37.0,3.0,2.0,2.0
2023,8,Canadian Grand Prix,albon,williams,9,7,Finished,6.0,70,albon_2023_8,0,70.0,81.41658571428572,76.917,22.712376811594204,26.066514285714284,32.52205714285714,MEDIUM,HARD,58.0,2.0,1.0,1.0
2023,8,Canadian Grand Prix,ocon,alpine,6,8,Finished,4.0,70,ocon_2023_8,0,70.0,81.42914285714285,76.782,22.431173913043477,26.110557142857143,32.79667142857143,MEDIUM,HARD,34.0,3.0,2.0,2.0
2023,8,Canadian Grand Prix,stroll,aston_martin,16,9,Finished,2.0,70,stroll_2023_8,0,70.0,81.46785714285714,76.564,22.607144927536233,26.048714285714286,32.67667142857143,MEDIUM,HARD,43.0,3.0,2.0,2.0
2023,8,Canadian Grand Prix,bottas,alfa,14,10,Finished,1.0,70,bottas_2023_8,0,70.0,81.46828571428571,76.625,22.557202898550724,26.11922857142857,32.652528571428576,HARD,HARD,36.0,2.0,1.0,1.0
2023,8,Canadian Grand Prix,piastri,mclaren,8,11,Finished,0.0,70,piastri_2023_8,0,70.0,81.47784285714285,76.598,22.612246376811594,26.1123,32.653371428571425,MEDIUM,HARD,33.0,3.0,2.0,2.0
2023,8,Canadian Grand Prix,gasly,alpine,15,12,Finished,0.0,70,gasly_2023_8,0,70.0,81.47995714285715,76.425,22.495985507246377,26.092928571428573,32.757242857142856,SOFT,HARD,37.0,3.0,2.0,2.0
2023,8,Canadian Grand Prix,norris,mclaren,7,13,Finished,0.0,70,norris_2023_8,0,70.0,81.45301428571429,76.374,22.58155072463768,26.084600000000002,32.68342857142857,MEDIUM,HARD,36.0,3.0,2.0,2.0
2023,8,Canadian Grand Prix,tsunoda,alphatauri,19,14,Finished,0.0,70,tsunoda_2023_8,0,70.0,81.59672857142857,76.666,22.54268115942029,26.027757142857144,32.87455714285714,MEDIUM,HARD,68.0,3.0,2.0,2.0
2023,8,Canadian Grand Prix,hulkenberg,haas,5,15,Lapped,0.0,69,hulkenberg_2023_8,0,69.0,81.96073913043479,77.232,22.78170588235294,26.15273913043478,32.9308115942029,MEDIUM,HARD,38.0,3.0,2.0,2.0
2023,8,Canadian Grand Prix,zhou,alfa,20,16,Lapped,0.0,69,zhou_2023_8,0,69.0,81.96702898550726,77.09,22.72804411764706,26.025579710144928,33.05749275362319,MEDIUM,HARD,37.0,3.0,2.0,2.0
2023,8,Canadian Grand Prix,kevin_magnussen,haas,13,17,Lapped,0.0,69,kevin_magnussen_2023_8,0,69.0,82.7334347826087,76.126,23.303279411764706,26.224115942028984,33.08607246376811,HARD,HARD,35.0,3.0,2.0,2.0
2023,8,Canadian Grand Prix,de_vries,alphatauri,17,18,Lapped,0.0,69,de_vries_2023_8,0,69.0,82.80166666666666,76.656,23.507029411764705,26.230840579710144,32.92988405797101,MEDIUM,HARD,39.0,3.0,2.0,2.0
2023,8,Canadian Grand Prix,russell,mercedes,4,19,Retired,0.0,53,russell_2023_8,0,54.0,80.17984615384616,77.097,22.25643396226415,25.94198148148148,32.02863461538462,MEDIUM,HARD,42.0,2.0,2.0,1.0
2023,8,Canadian Grand Prix,sargeant,williams,18,20,Retired,0.0,6,sargeant_2023_8,0,7.0,81.67866666666667,78.437,22.7966,25.731166666666667,31.456333333333333,MEDIUM,MEDIUM,7.0,1.0,0.0,0.0
2023,9,Austrian Grand Prix,max_verstappen,red_bull,1,1,Finished,26.0,71,max_verstappen_2023_9,0,71.0,72.30432394366197,67.012,18.885314285714287,31.614535211267608,21.78052112676056,MEDIUM,MEDIUM,25.0,5.0,4.0,4.0
2023,9,Austrian Grand Prix,leclerc,ferrari,2,2,Finished,18.0,71,leclerc_2023_9,0,71.0,72.37692957746478,68.82,18.7027,31.719887323943663,21.92539436619718,MEDIUM,MEDIUM,32.0,4.0,3.0,3.0
2023,9,Austrian Grand Prix,perez,red_bull,15,3,Finished,15.0,71,perez_2023_9,0,71.0,72.54640845070422,68.111,18.450471428571426,31.78823943661972,22.23587323943662,MEDIUM,MEDIUM,25.0,4.0,3.0,3.0
2023,9,Austrian Grand Prix,norris,mclaren,4,4,Finished,12.0,71,norris_2023_9,0,71.0,72.67512676056339,68.739,18.51062857142857,31.967338028169014,22.146338028169016,MEDIUM,HARD,30.0,4.0,3.0,3.0
2023,9,Austrian Grand Prix,alonso,aston_martin,7,5,Finished,10.0,71,alonso_2023_9,0,71.0,72.73132394366198,69.108,18.565885714285717,31.84180281690141,22.272802816901407,HARD,MEDIUM,29.0,4.0,3.0,3.0
2023,9,Austrian Grand Prix,sainz,ferrari,3,6,Finished,8.0,71,sainz_2023_9,0,71.0,72.60540845070423,68.88,18.70544285714286,31.774338028169016,22.089718309859155,MEDIUM,MEDIUM,30.0,4.0,3.0,3.0
2023,9,Austrian Grand Prix,russell,mercedes,11,7,Finished,6.0,71,russell_2023_9,0,71.0,72.98605633802818,69.283,18.582528571428572,32.07512676056338,22.263169014084507,MEDIUM,MEDIUM,30.0,4.0,3.0,3.0
2023,9,Austrian Grand Prix,hamilton,mercedes,5,8,Finished,4.0,71,hamilton_2023_9,0,71.0,72.85638028169014,69.16,18.657242857142858,31.98805633802817,22.173112676056338,MEDIUM,MEDIUM,29.0,4.0,3.0,3.0
2023,9,Austrian Grand Prix,stroll,aston_martin,6,9,Finished,2.0,71,stroll_2023_9,0,71.0,73.13591549295774,68.463,18.79202857142857,31.82480281690141,22.460239436619716,MEDIUM,HARD,21.0,5.0,4.0,4.0
2023,9,Austrian Grand Prix,gasly,alpine,9,10,Finished,1.0,71,gasly_2023_9,0,71.0,73.11653521126762,69.046,18.757571428571428,31.94761971830986,22.34980281690141,MEDIUM,MEDIUM,30.0,4.0,3.0,3.0
2023,9,Austrian Grand Prix,albon,williams,10,11,Finished,0.0,71,albon_2023_9,0,71.0,73.28695774647888,69.56,18.579228571428573,32.20854929577465,22.43605633802817,MEDIUM,HARD,30.0,4.0,3.0,3.0
2023,9,Austrian Grand Prix,zhou,alfa,17,12,Lapped,0.0,70,zhou_2023_9,0,70.0,73.68914285714285,69.786,18.777826086956523,32.369771428571426,22.4678,MEDIUM,HARD,32.0,4.0,3.0,3.0
2023,9,Austrian Grand Prix,sargeant,williams,18,13,Lapped,0.0,70,sargeant_2023_9,0,70.0,73.5713,69.611,18.545304347826086,32.34634285714286,22.604842857142856,MEDIUM,HARD,29.0,4.0,3.0,3.0
2023,9,Austrian Grand Prix,ocon,alpine,12,14,Lapped,0.0,70,ocon_2023_9,0,70.0,73.51067142857143,69.797,18.747289855072466,32.24242857142857,22.455685714285714,MEDIUM,HARD,30.0,4.0,3.0,3.0
2023,9,Austrian Grand Prix,bottas,alfa,14,15,Lapped,0.0,70,bottas_2023_9,0,70.0,73.94834285714286,69.94,18.79850724637681,32.35265714285715,22.71935714285714,HARD,HARD,30.0,4.0,3.0,3.0
2023,9,Austrian Grand Prix,piastri,mclaren,13,16,Lapped,0.0,70,piastri_2023_9,0,70.0,74.0025142857143,69.862,19.044884057971014,32.3131,22.580014285714288,MEDIUM,MEDIUM,29.0,5.0,4.0,4.0
2023,9,Austrian Grand Prix,de_vries,alphatauri,20,17,Lapped,0.0,70,de_vries_2023_9,0,70.0,73.76157142857143,69.852,18.660579710144926,32.341742857142854,22.614414285714286,MEDIUM,MEDIUM,33.0,4.0,3.0,4.0
2023,9,Austrian Grand Prix,kevin_magnussen,haas,19,18,Lapped,0.0,70,kevin_magnussen_2023_9,0,70.0,74.02,70.176,18.79849275362319,32.60355072463768,23.5639,HARD,HARD,37.0,4.0,3.0,4.0
2023,9,Austrian Grand Prix,tsunoda,alphatauri,16,19,Lapped,0.0,70,tsunoda_2023_9,0,70.0,73.9782857142857,69.62,19.030043478260872,32.516471428571435,22.3661,MEDIUM,HARD,27.0,5.0,4.0,4.0
2023,9,Austrian Grand Prix,hulkenberg,haas,8,20,Retired,0.0,12,hulkenberg_2023_9,0,13.0,82.04791666666667,71.066,21.87481818181818,33.89091666666667,26.198416666666663,MEDIUM,MEDIUM,14.0,3.0,2.0,2.0
2023,10,British Grand Prix,max_verstappen,red_bull,1,1,Finished,26.0,52,max_verstappen_2023_10,0,52.0,96.8326862745098,90.275,32.000019607843136,39.551153846153845,26.831423076923077,MEDIUM,MEDIUM,33.0,2.0,1.0,1.0
2023,10,British Grand Prix,norris,mclaren,2,2,Finished,18.0,52,norris_2023_10,0,52.0,97.16343137254903,90.543,32.141705882352944,39.422134615384614,26.900903846153845,MEDIUM,MEDIUM,33.0,2.0,1.0,1.0
2023,10,British Grand Prix,hamilton,mercedes,7,3,Finished,15.0,52,hamilton_2023_10,0,52.0,97.48968627450981,90.545,32.01529411764706,39.45698076923077,27.000326923076923,MEDIUM,MEDIUM,33.0,2.0,1.0,1.0
2023,10,British Grand Prix,piastri,mclaren,3,4,Finished,12.0,52,piastri_2023_10,0,52.0,98.55219230769231,90.85,32.099411764705884,39.211423076923076,27.220576923076923,MEDIUM,MEDIUM,29.0,2.0,1.0,1.0
2023,10,British Grand Prix,russell,mercedes,6,5,Finished,10.0,52,russell_2023_10,0,52.0,98.61815384615385,91.124,32.009725490196075,39.417403846153846,27.157115384615388,SOFT,SOFT,31.0,2.0,1.0,1.0
2023,10,British Grand Prix,perez,red_bull,15,6,Finished,8.0,52,perez_2023_10,0,52.0,98.65038461538461,90.914,31.968156862745097,39.43542307692307,27.155230769230766,MEDIUM,MEDIUM,28.0,2.0,1.0,1.0
2023,10,British Grand Prix,alonso,aston_martin,9,7,Finished,6.0,52,alonso_2023_10,0,52.0,98.73328846153846,91.338,31.996176470588235,39.55248076923077,27.136134615384613,MEDIUM,MEDIUM,34.0,2.0,1.0,1.0
2023,10,British Grand Prix,albon,williams,8,8,Finished,4.0,52,albon_2023_10,0,52.0,98.74646153846153,91.273,31.985588235294117,39.630211538461545,27.06878846153846,MEDIUM,MEDIUM,32.0,2.0,1.0,1.0
2023,10,British Grand Prix,leclerc,ferrari,4,9,Finished,2.0,52,leclerc_2023_10,0,52.0,98.7620576923077,91.255,32.35049019607843,39.30084615384615,27.088615384615384,MEDIUM,MEDIUM,20.0,3.0,2.0,2.0
2023,10,British Grand Prix,sainz,ferrari,5,10,Finished,1.0,52,sainz_2023_10,0,52.0,98.77665384615385,91.366,32.03894117647059,39.51688461538462,27.182903846153845,MEDIUM,HARD,26.0,2.0,1.0,1.0
2023,10,British Grand Prix,sargeant,williams,14,11,Finished,0.0,52,sargeant_2023_10,0,52.0,98.85711538461538,91.699,31.72135294117647,39.77021153846154,27.277538461538462,MEDIUM,MEDIUM,29.0,2.0,1.0,1.0
2023,10,British Grand Prix,bottas,alfa,20,12,Finished,0.0,52,bottas_2023_10,0,52.0,98.89938461538462,91.852,32.17356862745098,39.35042307692308,27.28273076923077,HARD,HARD,32.0,2.0,1.0,1.0
2023,10,British Grand Prix,hulkenberg,haas,11,13,Finished,0.0,52,hulkenberg_2023_10,0,52.0,98.91540384615384,91.776,32.36288235294118,39.61986538461539,26.867096153846152,HARD,MEDIUM,25.0,3.0,2.0,2.0
2023,10,British Grand Prix,stroll,aston_martin,12,14,Finished,0.0,52,stroll_2023_10,0,52.0,98.83501923076923,91.508,31.638450980392154,39.7303076923077,27.39521153846154,MEDIUM,MEDIUM,32.0,2.0,1.0,1.0
2023,10,British Grand Prix,zhou,alfa,17,15,Finished,0.0,52,zhou_2023_10,0,52.0,98.97611538461538,91.769,32.4461568627451,39.41509615384616,27.01673076923077,MEDIUM,MEDIUM,24.0,4.0,3.0,3.0
2023,10,British Grand Prix,tsunoda,alphatauri,16,16,Finished,0.0,52,tsunoda_2023_10,0,52.0,99.00313461538462,92.084,32.33872549019608,39.400365384615384,27.19094230769231,SOFT,SOFT,20.0,3.0,2.0,2.0
2023,10,British Grand Prix,de_vries,alphatauri,18,17,Finished,0.0,52,de_vries_2023_10,0,52.0,99.03973076923077,92.353,32.27149019607843,39.53453846153846,27.14546153846154,SOFT,SOFT,27.0,3.0,2.0,2.0
2023,10,British Grand Prix,gasly,alpine,10,18,Retired,0.0,46,gasly_2023_10,0,46.0,99.99128888888889,91.539,32.78368888888889,40.49697826086956,27.88323913043478,MEDIUM,MEDIUM,31.0,2.0,2.0,1.0
2023,10,British Grand Prix,kevin_magnussen,haas,19,19,Retired,0.0,31,kevin_magnussen_2023_10,0,32.0,94.70661290322582,93.356,30.032066666666665,38.4108064516129,26.02258064516129,MEDIUM,MEDIUM,32.0,1.0,0.0,0.0
2023,10,British Grand Prix,ocon,alpine,13,20,Retired,0.0,9,ocon_2023_10,0,9.0,95.15011111111112,93.846,29.833625,38.454,26.242666666666665,SOFT,SOFT,9.0,1.0,1.0,0.0
2023,11,Hungarian Grand Prix,max_verstappen,red_bull,2,1,Finished,26.0,70,max_verstappen_2023_11,0,70.0,84.12334285714286,80.504,30.62039130434783,29.866671428571426,23.58732857142857,MEDIUM,MEDIUM,28.0,3.0,2.0,2.0
2023,11,Hungarian Grand Prix,norris,mclaren,3,2,Finished,18.0,70,norris_2023_11,0,70.0,84.60521428571428,82.178,30.854405797101453,29.947,23.746542857142856,MEDIUM,MEDIUM,29.0,3.0,2.0,2.0
2023,11,Hungarian Grand Prix,perez,red_bull,9,3,Finished,15.0,70,perez_2023_11,0,70.0,84.66052857142857,82.295,30.697347826086958,30.172957142857143,23.71307142857143,HARD,MEDIUM,31.0,3.0,2.0,2.0
2023,11,Hungarian Grand Prix,hamilton,mercedes,1,4,Finished,12.0,70,hamilton_2023_11,0,70.0,84.6824,81.601,30.90328985507246,30.056228571428573,23.6656,MEDIUM,MEDIUM,33.0,3.0,2.0,2.0
2023,11,Hungarian Grand Prix,piastri,mclaren,4,5,Finished,10.0,70,piastri_2023_11,0,70.0,85.01722857142857,82.736,30.94984057971015,30.148328571428568,23.87092857142857,MEDIUM,MEDIUM,31.0,3.0,2.0,2.0
2023,11,Hungarian Grand Prix,russell,mercedes,18,6,Finished,8.0,70,russell_2023_11,0,70.0,85.0637,82.158,30.908478260869565,30.28157142857143,23.7717,HARD,MEDIUM,28.0,3.0,2.0,2.0
2023,11,Hungarian Grand Prix,leclerc,ferrari,6,7,Finished,6.0,70,leclerc_2023_11,0,70.0,85.05644285714286,82.469,30.932347826086954,30.150371428571425,23.911514285714286,MEDIUM,HARD,31.0,3.0,2.0,2.0
2023,11,Hungarian Grand Prix,sainz,ferrari,11,8,Finished,4.0,70,sainz_2023_11,0,70.0,85.13867142857143,82.584,30.82395652173913,30.33592857142857,23.910314285714286,SOFT,HARD,29.0,3.0,2.0,2.0
2023,11,Hungarian Grand Prix,alonso,aston_martin,8,9,Finished,2.0,70,alonso_2023_11,0,70.0,85.2049,82.745,30.942115942028984,30.331457142857147,23.86064285714286,MEDIUM,HARD,27.0,3.0,2.0,2.0
2023,11,Hungarian Grand Prix,stroll,aston_martin,14,10,Lapped,1.0,69,stroll_2023_11,0,69.0,85.55433333333333,83.425,30.945117647058822,30.502086956521744,24.018695652173914,SOFT,HARD,39.0,3.0,2.0,2.0
2023,11,Hungarian Grand Prix,albon,williams,16,11,Lapped,0.0,69,albon_2023_11,0,69.0,85.76407246376812,84.051,31.009838235294115,30.683434782608696,23.977623188405797,MEDIUM,HARD,38.0,3.0,2.0,2.0
2023,11,Hungarian Grand Prix,bottas,alfa,7,12,Lapped,0.0,69,bottas_2023_11,0,69.0,85.77844927536232,83.651,31.010926470588235,30.651826086956522,24.028347826086954,MEDIUM,HARD,36.0,3.0,2.0,2.0
2023,11,Hungarian Grand Prix,ricciardo,alphatauri,13,13,Lapped,0.0,69,ricciardo_2023_11,0,69.0,85.86798550724637,83.934,30.980647058823532,30.738797101449272,24.009565217391305,MEDIUM,MEDIUM,43.0,3.0,2.0,2.0
2023,11,Hungarian Grand Prix,hulkenberg,haas,10,14,Lapped,0.0,69,hulkenberg_2023_11,0,69.0,86.08597101449276,83.573,31.018455882352942,30.885420289855073,24.09991304347826,MEDIUM,HARD,36.0,3.0,2.0,2.0
2023,11,Hungarian Grand Prix,tsunoda,alphatauri,17,15,Lapped,0.0,69,tsunoda_2023_11,0,69.0,86.08952173913043,83.269,31.089441176470586,30.846884057971014,24.063260869565216,SOFT,HARD,38.0,3.0,2.0,2.0
2023,11,Hungarian Grand Prix,zhou,alfa,5,16,Lapped,0.0,69,zhou_2023_11,0,69.0,86.21920289855072,83.743,31.181661764705883,30.844014492753626,24.090623188405797,MEDIUM,HARD,36.0,3.0,2.0,2.0
2023,11,Hungarian Grand Prix,kevin_magnussen,haas,19,17,Lapped,0.0,69,kevin_magnussen_2023_11,0,69.0,86.53601449275362,83.864,31.181470588235296,30.96611594202898,24.292463768115944,MEDIUM,HARD,33.0,3.0,2.0,2.0
2023,11,Hungarian Grand Prix,sargeant,williams,20,18,Retired,0.0,67,sargeant_2023_11,0,67.0,86.40632835820895,83.496,31.140303030303034,30.955059701492537,24.200089552238804,MEDIUM,HARD,33.0,3.0,3.0,2.0
2023,11,Hungarian Grand Prix,ocon,alpine,12,19,Retired,0.0,2,ocon_2023_11,0,2.0,104.07300000000001,101.181,32.666,36.553,27.9165,MEDIUM,MEDIUM,5.0,1.0,1.0,0.0
2023,11,Hungarian Grand Prix,gasly,alpine,15,20,Retired,0.0,1,gasly_2023_11,0,1.0,124.981,124.981,,41.231,36.698,SOFT,SOFT,1.0,1.0,1.0,0.0
2023,12,Belgian Grand Prix,max_verstappen,red_bull,6,1,Finished,25.0,44,max_verstappen_2023_12,0,44.0,112.51022727272726,108.922,33.230790697674415,48.82188636363637,30.396795454545455,SOFT,SOFT,16.0,3.0,2.0,2.0
2023,12,Belgian Grand Prix,perez,red_bull,2,2,Finished,18.0,44,perez_2023_12,0,44.0,113.01715909090909,110.308,33.355186046511626,49.140136363636366,30.49275,SOFT,SOFT,16.0,3.0,2.0,2.0
2023,12,Belgian Grand Prix,leclerc,ferrari,1,3,Finished,15.0,44,leclerc_2023_12,0,44.0,113.24338636363636,110.436,33.1263488372093,49.43229545454546,30.64859090909091,SOFT,SOFT,16.0,3.0,2.0,2.0
2023,12,Belgian Grand Prix,hamilton,mercedes,3,4,Finished,13.0,44,hamilton_2023_12,0,44.0,113.63911363636363,107.305,33.25827906976744,49.655181818181816,30.686340909090912,SOFT,SOFT,15.0,4.0,3.0,3.0
2023,12,Belgian Grand Prix,alonso,aston_martin,9,5,Finished,10.0,44,alonso_2023_12,0,44.0,113.78713636363636,110.938,33.21158139534884,49.80370454545454,30.69365909090909,MEDIUM,MEDIUM,19.0,3.0,2.0,2.0
2023,12,Belgian Grand Prix,russell,mercedes,8,6,Finished,8.0,44,russell_2023_12,0,44.0,113.94434090909091,110.603,32.85720930232558,50.22022727272727,30.748113636363634,MEDIUM,MEDIUM,22.0,2.0,1.0,1.0
2023,12,Belgian Grand Prix,norris,mclaren,7,7,Finished,6.0,44,norris_2023_12,0,44.0,114.18565909090908,111.682,33.50227906976744,49.769409090909086,30.840477272727274,MEDIUM,SOFT,27.0,3.0,2.0,2.0
2023,12,Belgian Grand Prix,ocon,alpine,14,8,Finished,4.0,44,ocon_2023_12,0,44.0,114.20838636363636,110.439,32.76890697674419,50.485181818181815,30.809227272727274,SOFT,SOFT,19.0,3.0,2.0,2.0
2023,12,Belgian Grand Prix,stroll,aston_martin,10,9,Finished,2.0,44,stroll_2023_12,0,44.0,114.31340909090909,111.297,33.01518604651163,50.447545454545455,30.74775,MEDIUM,SOFT,24.0,2.0,1.0,1.0
2023,12,Belgian Grand Prix,tsunoda,alphatauri,11,10,Finished,1.0,44,tsunoda_2023_12,0,44.0,114.33343181818182,111.394,32.89325581395349,50.73113636363637,30.61240909090909,MEDIUM,MEDIUM,20.0,3.0,2.0,2.0
2023,12,Belgian Grand Prix,gasly,alpine,12,11,Finished,0.0,44,gasly_2023_12,0,44.0,114.3985,110.911,32.62579069767442,50.79177272727273,30.80079545454545,SOFT,SOFT,23.0,2.0,1.0,1.0
2023,12,Belgian Grand Prix,bottas,alfa,13,12,Finished,0.0,44,bottas_2023_12,0,44.0,114.44638636363635,110.515,32.93681395348837,50.634136363636365,30.74609090909091,SOFT,MEDIUM,20.0,3.0,2.0,2.0
2023,12,Belgian Grand Prix,zhou,alfa,17,13,Finished,0.0,44,zhou_2023_12,0,44.0,114.6793409090909,110.188,32.82446511627907,50.96872727272727,30.743204545454546,SOFT,SOFT,19.0,3.0,2.0,2.0
2023,12,Belgian Grand Prix,albon,williams,15,14,Finished,0.0,44,albon_2023_12,0,44.0,114.69622727272727,109.841,32.888976744186046,51.13518181818181,30.557340909090907,SOFT,MEDIUM,16.0,4.0,3.0,3.0
2023,12,Belgian Grand Prix,kevin_magnussen,haas,16,15,Finished,0.0,44,kevin_magnussen_2023_12,0,44.0,114.82281818181818,110.993,33.0233488372093,50.849500000000006,30.77243181818182,SOFT,MEDIUM,20.0,3.0,2.0,2.0
2023,12,Belgian Grand Prix,ricciardo,alphatauri,19,16,Finished,0.0,44,ricciardo_2023_12,0,44.0,114.85275,110.994,32.8156511627907,51.03068181818182,30.81075,SOFT,MEDIUM,22.0,3.0,2.0,2.0
2023,12,Belgian Grand Prix,sargeant,williams,18,17,Finished,0.0,44,sargeant_2023_12,0,44.0,114.88468181818183,110.236,32.87393023255814,51.0423409090909,30.811249999999998,SOFT,MEDIUM,16.0,4.0,3.0,3.0
2023,12,Belgian Grand Prix,hulkenberg,haas,20,18,Finished,0.0,44,hulkenberg_2023_12,0,44.0,115.02045454545454,109.907,33.05255813953488,50.91922727272727,30.863454545454545,MEDIUM,SOFT,20.0,3.0,2.0,3.0
2023,12,Belgian Grand Prix,sainz,ferrari,4,19,Retired,0.0,23,sainz_2023_12,0,23.0,117.12369565217391,113.138,33.122,52.28330434782609,31.599652173913046,SOFT,MEDIUM,16.0,2.0,2.0,1.0
2023,12,Belgian Grand Prix,piastri,mclaren,5,20,Retired,0.0,0,piastri_2023_12,0,1.0,,,,,,MEDIUM,MEDIUM,1.0,1.0,0.0,0.0
2023,13,Dutch Grand Prix,max_verstappen,red_bull,1,1,Finished,25.0,72,max_verstappen_2023_13,0,72.0,84.77281690140845,73.889,29.658371428571424,29.427888888888887,26.123833333333334,SOFT,SOFT,38.0,7.0,6.0,6.0
2023,13,Dutch Grand Prix,alonso,aston_martin,5,2,Finished,19.0,72,alonso_2023_13,0,72.0,85.24677464788732,73.837,29.582771428571426,29.739069444444446,26.329694444444446,SOFT,SOFT,38.0,6.0,5.0,5.0
2023,13,Dutch Grand Prix,gasly,alpine,12,3,Finished,15.0,72,gasly_2023_13,0,72.0,84.4893,74.441,29.880614285714287,29.67302777777778,26.360069444444445,SOFT,SOFT,35.0,6.0,5.0,5.0
2023,13,Dutch Grand Prix,perez,red_bull,7,4,Finished,12.0,72,perez_2023_13,0,72.0,84.49738571428571,74.231,30.303957142857143,29.361763888888888,26.195652777777777,SOFT,SOFT,33.0,7.0,6.0,6.0
2023,13,Dutch Grand Prix,sainz,ferrari,6,5,Finished,10.0,72,sainz_2023_13,0,72.0,84.59154285714287,74.934,29.793514285714284,29.995124999999998,26.26298611111111,SOFT,SOFT,31.0,6.0,5.0,5.0
2023,13,Dutch Grand Prix,hamilton,mercedes,13,6,Finished,8.0,72,hamilton_2023_13,0,72.0,84.65327142857143,73.904,29.74622857142857,30.32223611111111,26.161472222222223,MEDIUM,SOFT,36.0,6.0,5.0,5.0
2023,13,Dutch Grand Prix,norris,mclaren,2,7,Finished,6.0,72,norris_2023_13,0,72.0,84.88695714285714,74.39,30.254757142857144,30.031875,25.963430555555554,SOFT,SOFT,33.0,7.0,6.0,6.0
2023,13,Dutch Grand Prix,albon,williams,4,8,Finished,4.0,72,albon_2023_13,0,72.0,84.98851428571429,74.468,29.582642857142854,30.306194444444444,26.334125,SOFT,SOFT,44.0,5.0,4.0,4.0
2023,13,Dutch Grand Prix,piastri,mclaren,8,9,Finished,2.0,72,piastri_2023_13,0,72.0,85.1408,74.299,29.70585714285714,30.257194444444444,26.351972222222223,SOFT,SOFT,31.0,6.0,5.0,5.0
2023,13,Dutch Grand Prix,ocon,alpine,16,10,Finished,1.0,72,ocon_2023_13,0,72.0,85.20774285714286,74.57,30.04787142857143,30.001041666666666,26.313305555555555,SOFT,SOFT,33.0,7.0,6.0,6.0
2023,13,Dutch Grand Prix,stroll,aston_martin,11,11,Finished,0.0,72,stroll_2023_13,0,72.0,85.59101428571428,75.171,30.317214285714286,29.95283333333333,26.446597222222223,SOFT,SOFT,26.0,8.0,7.0,7.0
2023,13,Dutch Grand Prix,hulkenberg,haas,14,12,Finished,0.0,72,hulkenberg_2023_13,0,72.0,85.61838571428572,74.472,29.845499999999998,30.349541666666667,26.519916666666667,SOFT,MEDIUM,32.0,6.0,5.0,5.0
2023,13,Dutch Grand Prix,lawson,alphatauri,19,13,Finished,0.0,72,lawson_2023_13,0,72.0,85.92131428571429,74.82,30.7191,29.953944444444446,26.318291666666667,SOFT,MEDIUM,29.0,8.0,7.0,7.0
2023,13,Dutch Grand Prix,bottas,alfa,18,14,Finished,0.0,72,bottas_2023_13,0,72.0,85.77475714285714,74.698,30.126928571428568,30.272486111111114,26.472916666666666,SOFT,MEDIUM,31.0,6.0,5.0,5.0
2023,13,Dutch Grand Prix,tsunoda,alphatauri,17,15,Finished,0.0,72,tsunoda_2023_13,0,72.0,85.57545714285715,76.253,30.259742857142854,30.10938888888889,26.322805555555554,SOFT,SOFT,50.0,6.0,5.0,5.0
2023,13,Dutch Grand Prix,kevin_magnussen,haas,0,16,Finished,0.0,72,kevin_magnussen_2023_13,1,72.0,86.85571830985916,75.489,30.384285714285717,30.075055555555554,26.466930555555553,SOFT,SOFT,26.0,7.0,6.0,7.0
2023,13,Dutch Grand Prix,russell,mercedes,3,17,Finished,0.0,72,russell_2023_13,0,72.0,85.50315714285713,75.124,30.581342857142857,29.821472222222226,26.38001388888889,SOFT,HARD,44.0,8.0,7.0,7.0
2023,13,Dutch Grand Prix,zhou,alfa,15,18,Accident,0.0,62,zhou_2023_13,0,63.0,84.21516129032258,75.417,29.51067213114754,29.06898387096774,25.525225806451616,SOFT,MEDIUM,27.0,5.0,4.0,4.0
2023,13,Dutch Grand Prix,leclerc,ferrari,9,19,Undertray,0.0,41,leclerc_2023_13,0,41.0,87.3498780487805,77.277,30.277524999999997,30.624170731707313,26.34080487804878,SOFT,SOFT,30.0,3.0,3.0,2.0
2023,13,Dutch Grand Prix,sargeant,williams,10,20,Accident,0.0,14,sargeant_2023_13,0,15.0,93.03057142857143,77.399,30.79130769230769,32.41657142857143,29.433857142857143,SOFT,SOFT,15.0,1.0,0.0,0.0
2023,14,Italian Grand Prix,max_verstappen,red_bull,2,1,Finished,25.0,51,max_verstappen_2023_14,0,52.0,86.68907843137255,85.24,28.598699999999997,29.650392156862747,28.417098039215684,MEDIUM,HARD,32.0,2.0,1.0,1.0
2023,14,Italian Grand Prix,perez,red_bull,5,2,Finished,18.0,51,perez_2023_14,0,52.0,86.80798039215686,85.522,28.62944,29.856843137254902,28.285352941176473,MEDIUM,HARD,31.0,2.0,1.0,1.0
2023,14,Italian Grand Prix,sainz,ferrari,1,3,Finished,15.0,51,sainz_2023_14,0,52.0,86.90854901960785,85.501,28.655160000000002,29.820176470588233,28.419411764705885,MEDIUM,HARD,33.0,2.0,1.0,1.0
2023,14,Italian Grand Prix,leclerc,ferrari,3,4,Finished,12.0,51,leclerc_2023_14,0,52.0,86.91215686274509,85.58,28.52982,29.873588235294118,28.475529411764704,MEDIUM,HARD,32.0,2.0,1.0,1.0
2023,14,Italian Grand Prix,russell,mercedes,4,5,Finished,10.0,51,russell_2023_14,0,52.0,87.04256862745099,85.847,28.63484,29.86035294117647,28.515098039215687,MEDIUM,HARD,36.0,2.0,1.0,1.0
2023,14,Italian Grand Prix,hamilton,mercedes,8,6,Finished,8.0,51,hamilton_2023_14,0,52.0,87.42788235294118,85.582,28.640500000000003,30.012254901960784,28.711235294117646,HARD,HARD,30.0,2.0,1.0,1.0
2023,14,Italian Grand Prix,albon,williams,6,7,Finished,6.0,51,albon_2023_14,0,52.0,87.57350980392157,86.389,28.667019999999997,30.101392156862747,28.75964705882353,MEDIUM,HARD,40.0,2.0,1.0,1.0
2023,14,Italian Grand Prix,norris,mclaren,9,8,Finished,4.0,51,norris_2023_14,0,52.0,87.58023529411764,86.144,28.742759999999997,30.13350980392157,28.64972549019608,MEDIUM,HARD,34.0,2.0,1.0,1.0
2023,14,Italian Grand Prix,alonso,aston_martin,10,9,Finished,2.0,51,alonso_2023_14,0,52.0,87.59680392156862,86.105,28.582359999999998,30.16356862745098,28.78372549019608,MEDIUM,HARD,34.0,2.0,1.0,1.0
2023,14,Italian Grand Prix,bottas,alfa,14,10,Finished,1.0,51,bottas_2023_14,0,51.0,87.9625,85.988,28.669,30.25212,28.96688,HARD,MEDIUM,29.0,2.0,1.0,1.0
2023,14,Italian Grand Prix,lawson,alphatauri,12,11,Finished,0.0,51,lawson_2023_14,0,51.0,88.09858,85.842,28.98761224489796,30.04696,29.000799999999998,MEDIUM,MEDIUM,23.0,3.0,2.0,2.0
2023,14,Italian Grand Prix,piastri,mclaren,7,12,Finished,0.0,51,piastri_2023_14,0,51.0,88.06116,85.072,29.314857142857146,29.96944,28.745880000000003,MEDIUM,MEDIUM,23.0,3.0,2.0,2.0
2023,14,Italian Grand Prix,sargeant,williams,15,13,Finished,0.0,51,sargeant_2023_14,0,51.0,88.12498,86.84,28.728020408163264,30.30762,29.00878,MEDIUM,HARD,40.0,2.0,1.0,1.0
2023,14,Italian Grand Prix,zhou,alfa,16,14,Finished,0.0,51,zhou_2023_14,0,51.0,88.27812,85.983,29.079836734693878,30.113760000000003,29.00976,MEDIUM,MEDIUM,25.0,3.0,2.0,2.0
2023,14,Italian Grand Prix,gasly,alpine,17,15,Finished,0.0,51,gasly_2023_14,0,51.0,88.29672000000001,85.758,29.16983673469388,30.018919999999998,29.01782,MEDIUM,MEDIUM,24.0,3.0,2.0,2.0
2023,14,Italian Grand Prix,stroll,aston_martin,20,16,Finished,0.0,51,stroll_2023_14,0,51.0,88.35495999999999,86.617,28.693020408163267,30.340500000000002,29.216260000000002,MEDIUM,HARD,35.0,2.0,1.0,1.0
2023,14,Italian Grand Prix,hulkenberg,haas,13,17,Lapped,0.0,50,hulkenberg_2023_14,0,51.0,88.46472,85.894,29.315591836734693,30.133180000000003,28.960140000000003,MEDIUM,MEDIUM,30.0,3.0,2.0,2.0
2023,14,Italian Grand Prix,kevin_magnussen,haas,19,18,Lapped,0.0,50,kevin_magnussen_2023_14,0,51.0,88.67533999999999,86.278,29.35481632653061,30.047579999999996,29.18404,HARD,MEDIUM,21.0,3.0,2.0,2.0
2023,14,Italian Grand Prix,ocon,alpine,18,19,Retired,0.0,39,ocon_2023_14,0,39.0,89.10197435897436,86.963,29.04428947368421,30.261000000000003,29.683435897435896,MEDIUM,MEDIUM,24.0,2.0,2.0,1.0
2023,14,Italian Grand Prix,tsunoda,alphatauri,11,20,Did not start,0.0,0,tsunoda_2023_14,0,1.0,,,,,,MEDIUM,MEDIUM,4.0,1.0,0.0,0.0
2023,15,Singapore Grand Prix,sainz,ferrari,1,1,Finished,25.0,62,sainz_2023_15,0,62.0,100.9673,97.666,30.442737704918034,43.76888709677419,28.958983870967742,MEDIUM,HARD,42.0,2.0,1.0,1.0
2023,15,Singapore Grand Prix,norris,mclaren,4,2,Finished,18.0,62,norris_2023_15,0,62.0,101.91670491803278,98.046,30.20486885245902,44.054725806451614,28.882467741935482,MEDIUM,HARD,42.0,2.0,1.0,1.0
2023,15,Singapore Grand Prix,hamilton,mercedes,5,3,Finished,16.0,62,hamilton_2023_15,0,62.0,101.91575409836065,95.867,30.622,43.70532258064516,28.83083870967742,MEDIUM,MEDIUM,24.0,3.0,2.0,2.0
2023,15,Singapore Grand Prix,leclerc,ferrari,3,4,Finished,12.0,62,leclerc_2023_15,0,62.0,102.19391803278688,98.275,30.497655737704918,44.06564516129033,28.935935483870967,SOFT,HARD,42.0,2.0,1.0,1.0
2023,15,Singapore Grand Prix,max_verstappen,red_bull,11,5,Finished,10.0,62,max_verstappen_2023_15,0,62.0,102.40618032786885,96.575,30.3787868852459,43.92825806451613,29.144161290322582,HARD,HARD,40.0,2.0,1.0,1.0
2023,15,Singapore Grand Prix,gasly,alpine,12,6,Finished,8.0,62,gasly_2023_15,0,62.0,102.72396721311476,98.277,30.250229508196725,44.25795161290323,29.21366129032258,MEDIUM,HARD,42.0,2.0,1.0,1.0
2023,15,Singapore Grand Prix,piastri,mclaren,17,7,Finished,6.0,62,piastri_2023_15,0,62.0,102.80545901639344,98.492,30.22306557377049,44.270564516129035,29.254548387096772,MEDIUM,HARD,42.0,2.0,1.0,1.0
2023,15,Singapore Grand Prix,perez,red_bull,13,8,Finished,4.0,62,perez_2023_15,0,62.0,103.10345901639344,97.108,30.26254098360656,44.360451612903226,29.3505,HARD,HARD,39.0,2.0,1.0,1.0
2023,15,Singapore Grand Prix,lawson,alphatauri,10,9,Finished,2.0,62,lawson_2023_15,0,62.0,103.13619672131148,99.028,30.50181967213115,44.280887096774194,29.38491935483871,MEDIUM,HARD,42.0,2.0,1.0,1.0
2023,15,Singapore Grand Prix,kevin_magnussen,haas,6,10,Finished,1.0,62,kevin_magnussen_2023_15,0,62.0,102.34708333333333,98.107,30.563032786885245,44.37508064516129,29.34609677419355,MEDIUM,HARD,23.0,3.0,2.0,2.0
2023,15,Singapore Grand Prix,albon,williams,14,11,Finished,0.0,62,albon_2023_15,0,62.0,102.39281666666668,97.342,30.430803278688526,44.6166935483871,29.218096774193548,MEDIUM,MEDIUM,23.0,3.0,2.0,2.0
2023,15,Singapore Grand Prix,zhou,alfa,19,12,Finished,0.0,62,zhou_2023_15,0,62.0,103.68568852459016,99.316,30.774459016393443,44.385999999999996,29.21106451612903,SOFT,MEDIUM,42.0,3.0,2.0,3.0
2023,15,Singapore Grand Prix,hulkenberg,haas,9,13,Finished,0.0,62,hulkenberg_2023_15,0,62.0,103.40555737704918,99.923,30.451622950819672,44.638129032258064,29.41366129032258,MEDIUM,HARD,42.0,2.0,1.0,1.0
2023,15,Singapore Grand Prix,sargeant,williams,18,14,Finished,0.0,62,sargeant_2023_15,0,62.0,102.33605000000001,98.531,29.93433333333333,44.239241935483875,29.134645161290322,MEDIUM,MEDIUM,24.0,3.0,2.0,2.0
2023,15,Singapore Grand Prix,alonso,aston_martin,7,15,Finished,0.0,62,alonso_2023_15,0,62.0,103.40588524590164,96.456,30.926081967213115,44.11240322580645,29.507403225806453,MEDIUM,HARD,24.0,3.0,2.0,2.0
2023,15,Singapore Grand Prix,russell,mercedes,2,16,Retired,0.0,61,russell_2023_15,0,62.0,101.96138333333333,96.273,30.5111,43.648393442622954,29.05262295081967,MEDIUM,MEDIUM,24.0,3.0,2.0,2.0
2023,15,Singapore Grand Prix,bottas,alfa,16,17,Retired,0.0,51,bottas_2023_15,0,52.0,104.46482,98.075,30.832600000000003,45.01176470588235,29.536686274509805,HARD,HARD,40.0,2.0,1.0,1.0
2023,15,Singapore Grand Prix,ocon,alpine,8,18,Retired,0.0,42,ocon_2023_15,0,43.0,102.65365853658537,99.93,30.37382926829268,44.61652380952381,29.326761904761902,MEDIUM,HARD,23.0,2.0,1.0,1.0
2023,15,Singapore Grand Prix,tsunoda,alphatauri,15,19,Retired,0.0,0,tsunoda_2023_15,0,1.0,,,,,,SOFT,SOFT,1.0,1.0,0.0,0.0
2023,15,Singapore Grand Prix,stroll,aston_martin,0,20,Withdrew,0.0,0,stroll_2023_15,1,,,,,,,,,,,,
2023,16,Japanese Grand Prix,max_verstappen,red_bull,1,1,Finished,26.0,53,max_verstappen_2023_16,0,53.0,99.06016,94.183,37.79290384615385,45.04841509433962,20.18456603773585,MEDIUM,MEDIUM,21.0,3.0,2.0,2.0
2023,16,Japanese Grand Prix,norris,mclaren,3,2,Finished,18.0,53,norris_2023_16,0,53.0,99.4957,95.247,37.84425,45.20432075471698,20.32466037735849,MEDIUM,HARD,19.0,3.0,2.0,2.0
2023,16,Japanese Grand Prix,piastri,mclaren,2,3,Finished,15.0,53,piastri_2023_16,0,53.0,99.85790000000001,96.328,38.016326923076925,45.282452830188674,20.39124528301887,MEDIUM,HARD,22.0,3.0,2.0,2.0
2023,16,Japanese Grand Prix,leclerc,ferrari,4,4,Finished,12.0,53,leclerc_2023_16,0,53.0,100.03676,96.362,38.073653846153846,45.47243396226415,20.272490566037735,MEDIUM,MEDIUM,19.0,3.0,2.0,2.0
2023,16,Japanese Grand Prix,hamilton,mercedes,7,5,Finished,10.0,53,hamilton_2023_16,0,53.0,100.20878,95.611,38.08657692307692,45.66403773584906,20.136962264150945,MEDIUM,HARD,19.0,3.0,2.0,2.0
2023,16,Japanese Grand Prix,sainz,ferrari,6,6,Finished,8.0,53,sainz_2023_16,0,53.0,100.17446,96.187,38.14946153846154,45.55264150943396,20.225584905660376,MEDIUM,MEDIUM,20.0,3.0,2.0,2.0
2023,16,Japanese Grand Prix,russell,mercedes,8,7,Finished,6.0,53,russell_2023_16,0,53.0,100.41562,97.653,37.968576923076924,45.909301886792456,20.15358490566038,MEDIUM,HARD,29.0,2.0,1.0,1.0
2023,16,Japanese Grand Prix,alonso,aston_martin,10,8,Finished,4.0,53,alonso_2023_16,0,53.0,100.68494000000001,97.203,38.295192307692304,45.585811320754715,20.504641509433963,SOFT,HARD,28.0,3.0,2.0,2.0
2023,16,Japanese Grand Prix,ocon,alpine,14,9,Finished,2.0,53,ocon_2023_16,0,53.0,102.17596078431373,97.398,38.08765384615385,45.745056603773584,20.429075471698113,MEDIUM,HARD,27.0,3.0,2.0,2.0
2023,16,Japanese Grand Prix,gasly,alpine,12,10,Finished,1.0,53,gasly_2023_16,0,53.0,101.03768,96.371,38.32613461538462,45.856735849056605,20.312113207547167,MEDIUM,HARD,19.0,3.0,2.0,2.0
2023,16,Japanese Grand Prix,lawson,alphatauri,11,11,Lapped,0.0,52,lawson_2023_16,0,52.0,101.39297959183673,98.267,38.550666666666665,46.010576923076925,20.42071153846154,SOFT,HARD,27.0,3.0,2.0,2.0
2023,16,Japanese Grand Prix,tsunoda,alphatauri,9,12,Lapped,0.0,52,tsunoda_2023_16,0,52.0,101.43257142857142,97.768,38.55566666666667,46.06678846153846,20.37726923076923,SOFT,HARD,22.0,3.0,2.0,2.0
2023,16,Japanese Grand Prix,zhou,alfa,19,13,Lapped,0.0,52,zhou_2023_16,0,52.0,101.66618367346939,97.791,38.65256862745098,45.78434615384616,20.44548076923077,SOFT,SOFT,23.0,4.0,3.0,3.0
2023,16,Japanese Grand Prix,hulkenberg,haas,18,14,Lapped,0.0,52,hulkenberg_2023_16,0,52.0,101.59730612244898,97.25,38.82562745098039,45.884461538461544,20.38928846153846,SOFT,MEDIUM,16.0,4.0,3.0,3.0
2023,16,Japanese Grand Prix,kevin_magnussen,haas,15,15,Lapped,0.0,52,kevin_magnussen_2023_16,0,52.0,102.01616326530613,97.842,38.44829411764706,46.60038461538461,20.423134615384615,MEDIUM,HARD,21.0,3.0,2.0,2.0
2023,16,Japanese Grand Prix,albon,williams,13,16,Retired,0.0,26,albon_2023_16,0,26.0,105.33678260869566,99.185,42.606359999999995,47.39488461538462,21.897115384615386,MEDIUM,MEDIUM,13.0,3.0,3.0,2.0
2023,16,Japanese Grand Prix,sargeant,williams,20,17,Retired,0.0,22,sargeant_2023_16,0,22.0,108.36521052631578,98.848,44.19985714285714,49.29509090909091,22.291863636363637,MEDIUM,MEDIUM,16.0,4.0,4.0,4.0
2023,16,Japanese Grand Prix,stroll,aston_martin,17,18,Retired,0.0,20,stroll_2023_16,0,20.0,104.8075294117647,99.05,41.79363157894736,49.496249999999996,22.38725,SOFT,SOFT,14.0,2.0,2.0,1.0
2023,16,Japanese Grand Prix,perez,red_bull,5,19,Retired,0.0,15,perez_2023_16,0,15.0,108.70920000000001,99.704,46.56766666666667,52.06346666666666,25.654533333333333,MEDIUM,HARD,10.0,5.0,5.0,4.0
2023,16,Japanese Grand Prix,bottas,alfa,16,20,Retired,0.0,7,bottas_2023_16,0,7.0,136.214,106.852,60.714333333333336,58.01771428571429,28.051571428571428,SOFT,SOFT,5.0,3.0,3.0,2.0
2023,17,Qatar Grand Prix,max_verstappen,red_bull,1,1,Finished,26.0,57,max_verstappen_2023_17,0,57.0,91.17873214285714,84.319,34.591232142857145,30.27421052631579,27.396578947368422,MEDIUM,MEDIUM,20.0,4.0,3.0,3.0
2023,17,Qatar Grand Prix,piastri,mclaren,6,2,Finished,18.0,57,piastri_2023_17,0,57.0,91.260625,84.921,34.5015,30.405982456140354,27.411824561403506,MEDIUM,MEDIUM,20.0,4.0,3.0,3.0
2023,17,Qatar Grand Prix,norris,mclaren,10,3,Finished,15.0,57,norris_2023_17,0,57.0,92.37082456140351,84.842,34.50917857142857,30.45542105263158,27.33114035087719,MEDIUM,MEDIUM,20.0,4.0,3.0,3.0
2023,17,Qatar Grand Prix,russell,mercedes,2,4,Finished,12.0,57,russell_2023_17,0,57.0,92.86468421052632,85.77,34.917767857142856,30.412017543859648,27.393543859649125,MEDIUM,MEDIUM,20.0,5.0,4.0,4.0
2023,17,Qatar Grand Prix,leclerc,ferrari,5,5,Finished,10.0,57,leclerc_2023_17,0,57.0,91.91016071428571,84.992,34.83816071428571,30.435105263157894,27.619894736842106,MEDIUM,MEDIUM,20.0,4.0,3.0,3.0
2023,17,Qatar Grand Prix,alonso,aston_martin,4,6,Finished,8.0,57,alonso_2023_17,0,57.0,92.06441071428571,86.045,34.94217857142857,30.4879298245614,27.654035087719297,MEDIUM,MEDIUM,20.0,4.0,3.0,3.0
2023,17,Qatar Grand Prix,ocon,alpine,8,7,Finished,6.0,57,ocon_2023_17,0,57.0,92.34016071428572,86.45,35.133089285714284,30.51812280701754,27.652228070175436,MEDIUM,MEDIUM,20.0,4.0,3.0,3.0
2023,17,Qatar Grand Prix,bottas,alfa,9,8,Finished,4.0,57,bottas_2023_17,0,57.0,93.43387719298245,86.652,34.93044642857143,30.52936842105263,27.89038596491228,SOFT,HARD,19.0,4.0,3.0,3.0
2023,17,Qatar Grand Prix,zhou,alfa,19,9,Finished,2.0,57,zhou_2023_17,0,57.0,93.60166666666667,86.323,34.90441071428571,30.83042105263158,27.74421052631579,MEDIUM,HARD,18.0,4.0,3.0,3.0
2023,17,Qatar Grand Prix,perez,red_bull,20,10,Finished,1.0,57,perez_2023_17,0,57.0,93.5850701754386,86.22,34.96339285714286,30.9769649122807,27.46456140350877,HARD,MEDIUM,20.0,4.0,3.0,4.0
2023,17,Qatar Grand Prix,stroll,aston_martin,16,11,Finished,0.0,57,stroll_2023_17,0,57.0,93.52315789473684,86.352,34.95314285714286,30.736315789473686,27.724561403508773,MEDIUM,MEDIUM,18.0,4.0,3.0,3.0
2023,17,Qatar Grand Prix,gasly,alpine,7,12,Finished,0.0,57,gasly_2023_17,0,57.0,93.53452631578948,85.793,35.22344642857143,30.489350877192983,27.7531052631579,MEDIUM,MEDIUM,20.0,4.0,3.0,3.0
2023,17,Qatar Grand Prix,albon,williams,13,13,Finished,0.0,57,albon_2023_17,0,57.0,93.68740350877192,86.666,35.03583928571429,30.7410350877193,27.804157894736843,MEDIUM,MEDIUM,18.0,4.0,3.0,3.0
2023,17,Qatar Grand Prix,kevin_magnussen,haas,18,14,Lapped,0.0,56,kevin_magnussen_2023_17,0,56.0,93.93596428571428,87.067,35.014272727272726,30.861160714285713,27.946267857142857,SOFT,HARD,18.0,4.0,3.0,3.0
2023,17,Qatar Grand Prix,tsunoda,alphatauri,11,15,Lapped,0.0,56,tsunoda_2023_17,0,56.0,94.07367857142857,87.174,35.3344,30.74894642857143,27.917910714285714,MEDIUM,HARD,18.0,4.0,3.0,3.0
2023,17,Qatar Grand Prix,hulkenberg,haas,14,16,Lapped,0.0,56,hulkenberg_2023_17,0,56.0,94.18308928571427,86.444,35.35098181818182,30.788785714285716,27.956017857142857,MEDIUM,HARD,20.0,4.0,3.0,3.0
2023,17,Qatar Grand Prix,lawson,alphatauri,17,17,Lapped,0.0,56,lawson_2023_17,0,56.0,94.39778571428572,87.113,35.458490909090905,30.98044642857143,27.84842857142857,SOFT,HARD,18.0,4.0,3.0,3.0
2023,17,Qatar Grand Prix,sargeant,williams,15,18,Retired,0.0,40,sargeant_2023_17,0,40.0,96.70515,87.983,35.73489743589744,31.652775000000002,29.183275,MEDIUM,MEDIUM,14.0,3.0,3.0,2.0
2023,17,Qatar Grand Prix,hamilton,mercedes,3,19,Retired,0.0,0,hamilton_2023_17,0,1.0,,,,,,SOFT,SOFT,1.0,1.0,0.0,0.0
2023,17,Qatar Grand Prix,sainz,ferrari,12,20,Did not start,0.0,0,sainz_2023_17,0,,,,,,,,,,,,
2023,18,United States Grand Prix,max_verstappen,red_bull,6,1,Finished,25.0,56,max_verstappen_2023_18,0,56.0,102.16717857142858,100.028,28.04956363636364,40.764374999999994,33.32494642857143,MEDIUM,MEDIUM,21.0,3.0,2.0,2.0
2023,18,United States Grand Prix,norris,mclaren,2,2,Finished,18.0,56,norris_2023_18,0,56.0,102.3587857142857,99.985,28.062490909090908,40.85575,33.44192857142857,MEDIUM,HARD,22.0,3.0,2.0,2.0
2023,18,United States Grand Prix,sainz,ferrari,4,3,Finished,15.0,56,sainz_2023_18,0,56.0,102.43742857142857,100.034,28.165781818181816,40.75117857142857,33.505,MEDIUM,MEDIUM,21.0,3.0,2.0,2.0
2023,18,United States Grand Prix,perez,red_bull,9,4,Finished,12.0,56,perez_2023_18,0,56.0,102.49682142857144,99.737,28.151236363636365,40.868803571428565,33.42723214285714,MEDIUM,MEDIUM,20.0,3.0,2.0,2.0
2023,18,United States Grand Prix,russell,mercedes,5,5,Finished,10.0,56,russell_2023_18,0,56.0,102.61358928571428,99.393,28.154963636363636,41.038125,33.37555357142857,MEDIUM,MEDIUM,21.0,3.0,2.0,2.0
2023,18,United States Grand Prix,gasly,alpine,7,6,Finished,8.0,56,gasly_2023_18,0,56.0,103.02425000000001,100.412,28.39978181818182,40.91160714285714,33.65846428571429,MEDIUM,MEDIUM,19.0,3.0,2.0,2.0
2023,18,United States Grand Prix,stroll,aston_martin,20,7,Finished,6.0,56,stroll_2023_18,0,56.0,103.03675,99.908,28.252036363636364,40.988732142857145,33.590535714285714,HARD,MEDIUM,20.0,3.0,2.0,3.0
2023,18,United States Grand Prix,tsunoda,alphatauri,11,8,Finished,5.0,56,tsunoda_2023_18,0,56.0,103.49548214285714,98.139,28.67229090909091,41.25825,33.50685714285714,MEDIUM,MEDIUM,20.0,4.0,3.0,3.0
2023,18,United States Grand Prix,albon,williams,15,9,Finished,2.0,56,albon_2023_18,0,56.0,103.62635714285715,101.318,28.46169090909091,41.1205,33.967910714285715,MEDIUM,MEDIUM,33.0,3.0,2.0,2.0
2023,18,United States Grand Prix,sargeant,williams,16,10,Finished,1.0,56,sargeant_2023_18,0,56.0,103.73857142857142,101.238,28.474963636363636,41.18192857142857,33.99557142857143,MEDIUM,MEDIUM,24.0,3.0,2.0,2.0
2023,18,United States Grand Prix,hulkenberg,haas,18,11,Finished,0.0,56,hulkenberg_2023_18,0,56.0,103.77260714285714,100.925,28.51730909090909,41.14098214285714,33.972660714285716,HARD,MEDIUM,28.0,3.0,2.0,3.0
2023,18,United States Grand Prix,bottas,alfa,13,12,Finished,0.0,56,bottas_2023_18,0,56.0,103.92791071428572,101.972,28.56285454545455,41.35833928571429,33.92780357142857,MEDIUM,HARD,28.0,3.0,2.0,2.0
2023,18,United States Grand Prix,zhou,alfa,12,13,Lapped,0.0,55,zhou_2023_18,0,55.0,104.08978181818182,101.879,28.570055555555555,41.44614545454545,34.0082,MEDIUM,HARD,28.0,3.0,2.0,2.0
2023,18,United States Grand Prix,kevin_magnussen,haas,17,14,Lapped,0.0,55,kevin_magnussen_2023_18,0,55.0,104.17152727272727,101.506,28.518407407407405,41.50210909090909,34.032399999999996,MEDIUM,MEDIUM,26.0,3.0,2.0,3.0
2023,18,United States Grand Prix,ricciardo,alphatauri,14,15,Lapped,0.0,55,ricciardo_2023_18,0,55.0,104.18570909090909,99.366,28.679129629629628,41.533181818181816,33.905345454545454,MEDIUM,HARD,25.0,3.0,2.0,2.0
2023,18,United States Grand Prix,alonso,aston_martin,19,16,Retired,0.0,49,alonso_2023_18,0,49.0,103.63728571428571,99.954,28.465416666666666,41.08134693877551,33.91012244897959,MEDIUM,MEDIUM,23.0,3.0,3.0,3.0
2023,18,United States Grand Prix,piastri,mclaren,10,17,Retired,0.0,10,piastri_2023_18,0,10.0,105.9564,102.705,27.773,42.2946,35.6803,MEDIUM,MEDIUM,10.0,1.0,1.0,0.0
2023,18,United States Grand Prix,ocon,alpine,8,18,Retired,0.0,6,ocon_2023_18,0,6.0,108.07483333333334,104.789,28.9002,42.285666666666664,36.62233333333334,MEDIUM,MEDIUM,6.0,1.0,1.0,0.0
2023,18,United States Grand Prix,hamilton,mercedes,3,19,Disqualified,0.0,56,hamilton_2023_18,0,56.0,102.20691071428571,99.582,28.084181818181815,40.82033928571428,33.28078571428571,MEDIUM,MEDIUM,20.0,3.0,2.0,2.0
2023,18,United States Grand Prix,leclerc,ferrari,1,20,Disqualified,0.0,56,leclerc_2023_18,0,56.0,102.60757142857143,101.025,27.818163636363636,41.034,33.74089285714286,MEDIUM,HARD,33.0,2.0,1.0,1.0
2023,19,Mexico City Grand Prix,max_verstappen,red_bull,3,1,Finished,25.0,71,max_verstappen_2023_19,0,71.0,83.6025882352941,81.644,30.103985294117646,32.90301408450704,22.383845070422534,MEDIUM,HARD,38.0,4.0,3.0,3.0
2023,19,Mexico City Grand Prix,hamilton,mercedes,6,2,Finished,19.0,71,hamilton_2023_19,0,71.0,84.11548529411765,81.334,30.883695652173913,33.297197183098596,22.47911267605634,MEDIUM,MEDIUM,41.0,3.0,2.0,2.0
2023,19,Mexico City Grand Prix,leclerc,ferrari,1,3,Finished,15.0,71,leclerc_2023_19,0,71.0,84.19160294117648,82.332,29.85655882352941,33.31966197183098,22.562056338028167,MEDIUM,HARD,40.0,3.0,2.0,2.0
2023,19,Mexico City Grand Prix,sainz,ferrari,2,4,Finished,12.0,71,sainz_2023_19,0,71.0,84.40054411764706,82.539,30.756739130434784,33.4570985915493,22.606563380281692,MEDIUM,HARD,41.0,3.0,2.0,2.0
2023,19,Mexico City Grand Prix,norris,mclaren,17,5,Finished,10.0,71,norris_2023_19,0,71.0,86.34752857142857,81.944,30.89404347826087,33.17929577464789,22.60818309859155,SOFT,MEDIUM,38.0,4.0,3.0,3.0
2023,19,Mexico City Grand Prix,russell,mercedes,8,6,Finished,8.0,71,russell_2023_19,0,71.0,86.48937142857143,82.78,30.82291304347826,33.37807042253521,22.755211267605635,MEDIUM,MEDIUM,42.0,3.0,2.0,2.0
2023,19,Mexico City Grand Prix,ricciardo,alphatauri,4,7,Finished,6.0,71,ricciardo_2023_19,0,71.0,85.56749275362318,82.679,30.92908695652174,33.42967605633803,22.6203661971831,MEDIUM,HARD,44.0,3.0,2.0,2.0
2023,19,Mexico City Grand Prix,piastri,mclaren,7,8,Finished,4.0,71,piastri_2023_19,0,71.0,86.51551428571429,82.76,30.906898550724637,33.39212676056338,22.65087323943662,MEDIUM,MEDIUM,40.0,3.0,2.0,2.0
2023,19,Mexico City Grand Prix,albon,williams,14,9,Finished,2.0,71,albon_2023_19,0,71.0,85.64076811594202,82.773,30.635652173913044,33.56215492957747,22.71692957746479,HARD,MEDIUM,38.0,3.0,2.0,2.0
2023,19,Mexico City Grand Prix,ocon,alpine,15,10,Finished,1.0,71,ocon_2023_19,0,71.0,86.7628,82.976,30.373115942028985,33.98814084507042,22.73595774647887,HARD,MEDIUM,37.0,2.0,1.0,1.0
2023,19,Mexico City Grand Prix,gasly,alpine,11,11,Finished,0.0,71,gasly_2023_19,0,71.0,86.81901428571429,83.23,30.808913043478263,33.55304225352113,22.832535211267608,MEDIUM,HARD,43.0,3.0,2.0,2.0
2023,19,Mexico City Grand Prix,tsunoda,alphatauri,18,12,Finished,0.0,71,tsunoda_2023_19,0,71.0,87.05701428571429,82.501,31.115594202898553,33.52021126760563,22.82069014084507,MEDIUM,HARD,37.0,3.0,2.0,2.0
2023,19,Mexico City Grand Prix,hulkenberg,haas,12,13,Finished,0.0,71,hulkenberg_2023_19,0,71.0,87.0459,83.222,30.876231884057972,33.877873239436624,22.726028169014086,MEDIUM,MEDIUM,37.0,3.0,2.0,2.0
2023,19,Mexico City Grand Prix,zhou,alfa,10,14,Finished,0.0,71,zhou_2023_19,0,71.0,87.06287142857143,83.567,30.85621739130435,33.6496338028169,22.885295774647886,MEDIUM,HARD,50.0,3.0,2.0,2.0
2023,19,Mexico City Grand Prix,bottas,alfa,9,15,Finished,0.0,71,bottas_2023_19,0,71.0,87.02815714285715,83.166,30.435623188405796,34.074056338028164,22.849521126760564,MEDIUM,HARD,40.0,3.0,2.0,2.0
2023,19,Mexico City Grand Prix,sargeant,williams,19,16,Retired,0.0,70,sargeant_2023_19,0,71.0,86.99588405797103,83.003,30.470565217391304,34.019140845070424,22.80007142857143,MEDIUM,MEDIUM,37.0,3.0,3.0,2.0
2023,19,Mexico City Grand Prix,stroll,aston_martin,0,17,Collision damage,0.0,66,stroll_2023_19,1,66.0,87.45212307692307,83.257,30.524703125,33.99781818181818,23.196045454545455,MEDIUM,HARD,37.0,3.0,3.0,3.0
2023,19,Mexico City Grand Prix,alonso,aston_martin,13,18,Withdrew,0.0,47,alonso_2023_19,0,47.0,88.6859347826087,83.531,31.334444444444443,34.29702127659574,23.45768085106383,MEDIUM,MEDIUM,30.0,3.0,3.0,2.0
2023,19,Mexico City Grand Prix,kevin_magnussen,haas,16,19,Accident,0.0,31,kevin_magnussen_2023_19,0,32.0,86.64558064516129,83.146,30.4373,33.71441935483871,22.321483870967743,MEDIUM,MEDIUM,23.0,2.0,1.0,1.0
2023,19,Mexico City Grand Prix,perez,red_bull,5,20,Collision damage,0.0,1,perez_2023_19,0,1.0,103.446,103.446,,36.299,26.252,MEDIUM,MEDIUM,1.0,1.0,1.0,0.0
2023,20,São Paulo Grand Prix,max_verstappen,red_bull,1,1,Finished,25.0,71,max_verstappen_2023_20,0,71.0,78.33891428571428,73.422,21.104913043478263,39.27001408450704,18.518788732394366,SOFT,SOFT,29.0,5.0,4.0,4.0
2023,20,São Paulo Grand Prix,norris,mclaren,6,2,Finished,19.0,71,norris_2023_20,0,71.0,78.43897142857143,72.486,21.049304347826087,39.403845070422534,18.502802816901408,SOFT,SOFT,32.0,5.0,4.0,4.0
2023,20,São Paulo Grand Prix,alonso,aston_martin,4,3,Finished,15.0,71,alonso_2023_20,0,71.0,78.74318571428572,74.442,21.00008695652174,39.68121126760563,18.612887323943664,SOFT,SOFT,26.0,5.0,4.0,4.0
2023,20,São Paulo Grand Prix,perez,red_bull,9,4,Finished,12.0,71,perez_2023_20,0,71.0,78.7408,74.124,20.808260869565217,39.74245070422535,18.739661971830987,SOFT,SOFT,28.0,5.0,4.0,4.0
2023,20,São Paulo Grand Prix,stroll,aston_martin,3,5,Finished,10.0,71,stroll_2023_20,0,71.0,78.8465,74.007,20.955347826086957,39.826774647887326,18.60307042253521,SOFT,SOFT,30.0,5.0,4.0,4.0
2023,20,São Paulo Grand Prix,sainz,ferrari,7,6,Finished,8.0,71,sainz_2023_20,0,71.0,78.93827142857143,74.406,20.737202898550724,39.87091549295775,18.850535211267605,SOFT,SOFT,28.0,5.0,4.0,4.0
2023,20,São Paulo Grand Prix,gasly,alpine,15,7,Finished,6.0,71,gasly_2023_20,0,71.0,78.67128571428572,74.521,20.36226086956522,39.996746478873234,19.115661971830985,SOFT,SOFT,27.0,5.0,4.0,4.0
2023,20,São Paulo Grand Prix,hamilton,mercedes,5,8,Finished,4.0,71,hamilton_2023_20,0,71.0,79.15551428571429,74.739,21.099840579710147,39.87167605633803,18.73325352112676,SOFT,SOFT,28.0,5.0,4.0,4.0
2023,20,São Paulo Grand Prix,tsunoda,alphatauri,16,9,Finished,2.0,71,tsunoda_2023_20,0,71.0,78.84042857142857,74.231,20.463536231884056,39.977563380281694,19.250760563380283,SOFT,SOFT,29.0,5.0,4.0,4.0
2023,20,São Paulo Grand Prix,ocon,alpine,14,10,Lapped,1.0,70,ocon_2023_20,0,70.0,79.07078260869565,74.206,20.673367647058825,40.095957142857145,19.229171428571426,SOFT,SOFT,23.0,6.0,5.0,5.0
2023,20,São Paulo Grand Prix,sargeant,williams,19,11,Lapped,0.0,70,sargeant_2023_20,0,70.0,79.4660579710145,75.738,20.522823529411763,40.292814285714286,19.283414285714287,MEDIUM,SOFT,27.0,5.0,4.0,4.0
2023,20,São Paulo Grand Prix,hulkenberg,haas,11,12,Lapped,0.0,70,hulkenberg_2023_20,0,70.0,79.57684057971014,75.036,20.710602941176468,40.2207,19.183957142857142,SOFT,SOFT,28.0,5.0,4.0,4.0
2023,20,São Paulo Grand Prix,ricciardo,alphatauri,17,13,Lapped,0.0,70,ricciardo_2023_20,0,70.0,78.25714492753623,73.866,20.435661764705884,39.76627142857143,18.258999999999997,SOFT,SOFT,29.0,5.0,4.0,4.0
2023,20,São Paulo Grand Prix,piastri,mclaren,10,14,Lapped,0.0,69,piastri_2023_20,0,69.0,78.34866176470588,74.31,20.635567164179104,39.63933333333333,18.32631884057971,SOFT,SOFT,30.0,5.0,4.0,4.0
2023,20,São Paulo Grand Prix,russell,mercedes,8,15,Retired,0.0,57,russell_2023_20,0,57.0,80.73069642857142,74.934,21.365309090909093,40.57150877192983,19.485122807017543,SOFT,SOFT,26.0,5.0,5.0,4.0
2023,20,São Paulo Grand Prix,bottas,alfa,18,16,Retired,0.0,39,bottas_2023_20,0,39.0,81.43955263157895,75.731,20.959243243243243,41.05238461538461,20.765,SOFT,MEDIUM,21.0,4.0,4.0,3.0
2023,20,São Paulo Grand Prix,zhou,alfa,20,17,Retired,0.0,22,zhou_2023_20,0,22.0,85.58071428571428,76.232,21.9096,42.15777272727273,23.447727272727274,SOFT,SOFT,13.0,4.0,4.0,3.0
2023,20,São Paulo Grand Prix,kevin_magnussen,haas,12,18,Retired,0.0,0,kevin_magnussen_2023_20,0,1.0,,,,,,SOFT,SOFT,1.0,1.0,0.0,0.0
2023,20,São Paulo Grand Prix,albon,williams,13,19,Retired,0.0,0,albon_2023_20,0,1.0,,,,,,SOFT,SOFT,4.0,1.0,0.0,0.0
2023,20,São Paulo Grand Prix,leclerc,ferrari,2,20,Did not start,0.0,0,leclerc_2023_20,0,1.0,,,,,,SOFT,SOFT,1.0,1.0,0.0,0.0
2023,21,Las Vegas Grand Prix,max_verstappen,red_bull,2,1,Finished,25.0,50,max_verstappen_2023_21,0,50.0,99.95786666666667,95.614,30.5445306122449,35.14448,41.209179999999996,MEDIUM,HARD,24.0,3.0,2.0,2.0
2023,21,Las Vegas Grand Prix,leclerc,ferrari,1,2,Finished,18.0,50,leclerc_2023_21,0,50.0,99.8696888888889,95.669,30.416979591836736,35.50308,41.00706,MEDIUM,HARD,29.0,2.0,1.0,1.0
2023,21,Las Vegas Grand Prix,perez,red_bull,11,3,Finished,15.0,50,perez_2023_21,0,50.0,101.3956304347826,95.939,30.589142857142857,35.55358,40.694520000000004,MEDIUM,HARD,25.0,3.0,2.0,2.0
2023,21,Las Vegas Grand Prix,ocon,alpine,16,4,Finished,12.0,50,ocon_2023_21,0,50.0,100.75993333333334,96.637,30.47255102040816,35.84592,40.8686,MEDIUM,HARD,30.0,2.0,1.0,1.0
2023,21,Las Vegas Grand Prix,stroll,aston_martin,19,5,Finished,10.0,50,stroll_2023_21,0,50.0,101.58449999999999,96.584,30.626081632653065,35.6596,40.92366,SOFT,HARD,24.0,3.0,2.0,2.0
2023,21,Las Vegas Grand Prix,sainz,ferrari,12,6,Finished,8.0,50,sainz_2023_21,0,50.0,101.91695652173914,95.984,30.574367346938775,35.5598,40.990959999999994,MEDIUM,HARD,24.0,3.0,2.0,2.0
2023,21,Las Vegas Grand Prix,hamilton,mercedes,10,7,Finished,6.0,50,hamilton_2023_21,0,50.0,102.53736956521739,95.716,30.901102040816326,35.95328,40.34574,HARD,HARD,24.0,3.0,2.0,2.0
2023,21,Las Vegas Grand Prix,russell,mercedes,3,8,Finished,4.0,50,russell_2023_21,0,50.0,100.39648888888888,96.071,30.892102040816326,35.720099999999995,40.62902,MEDIUM,HARD,24.0,3.0,2.0,2.0
2023,21,Las Vegas Grand Prix,alonso,aston_martin,9,9,Finished,2.0,50,alonso_2023_21,0,50.0,102.58660869565219,96.559,30.93318367346939,35.66266,40.3969,MEDIUM,HARD,26.0,3.0,2.0,2.0
2023,21,Las Vegas Grand Prix,piastri,mclaren,18,10,Finished,2.0,50,piastri_2023_21,0,50.0,101.14095555555555,95.49,30.654755102040816,35.71576,40.99672,HARD,HARD,28.0,3.0,2.0,2.0
2023,21,Las Vegas Grand Prix,gasly,alpine,4,11,Finished,0.0,50,gasly_2023_21,0,50.0,100.98935555555555,96.913,30.79487755102041,35.7356,41.0168,MEDIUM,HARD,33.0,2.0,1.0,1.0
2023,21,Las Vegas Grand Prix,albon,williams,5,12,Finished,0.0,50,albon_2023_21,0,50.0,101.28077777777779,97.357,30.82057142857143,36.01124,40.88652,MEDIUM,HARD,34.0,2.0,1.0,1.0
2023,21,Las Vegas Grand Prix,kevin_magnussen,haas,8,13,Finished,0.0,50,kevin_magnussen_2023_21,0,50.0,101.70177777777778,97.455,30.89614285714286,35.96072,40.88466,MEDIUM,HARD,24.0,3.0,2.0,2.0
2023,21,Las Vegas Grand Prix,ricciardo,alphatauri,14,14,Finished,0.0,50,ricciardo_2023_21,0,50.0,103.0329347826087,97.108,30.85877551020408,36.17868,40.68686,MEDIUM,HARD,33.0,2.0,1.0,1.0
2023,21,Las Vegas Grand Prix,zhou,alfa,17,15,Finished,0.0,50,zhou_2023_21,0,50.0,101.77435555555554,97.375,30.718265306122447,35.96342,41.06528,HARD,HARD,26.0,2.0,1.0,1.0
2023,21,Las Vegas Grand Prix,sargeant,williams,6,16,Finished,0.0,50,sargeant_2023_21,0,50.0,101.57831111111112,97.74,31.08038775510204,36.07938,40.69808,MEDIUM,HARD,35.0,2.0,1.0,1.0
2023,21,Las Vegas Grand Prix,bottas,alfa,7,17,Finished,0.0,50,bottas_2023_21,0,50.0,107.44702040816325,97.562,31.886408163265305,36.28322,39.93706,MEDIUM,MEDIUM,26.0,3.0,2.0,2.0
2023,21,Las Vegas Grand Prix,tsunoda,alphatauri,20,18,Retired,0.0,46,tsunoda_2023_21,0,47.0,105.02797674418606,97.587,31.566488888888887,36.27919565217392,41.07778260869565,SOFT,HARD,26.0,3.0,2.0,2.0
2023,21,Las Vegas Grand Prix,hulkenberg,haas,13,19,Retired,0.0,45,hulkenberg_2023_21,0,46.0,103.42948780487806,97.565,31.467795454545456,36.39277777777777,40.930844444444446,MEDIUM,HARD,20.0,3.0,2.0,2.0
2023,21,Las Vegas Grand Prix,norris,mclaren,15,20,Retired,0.0,2,norris_2023_21,0,3.0,124.8445,119.327,35.472,37.438,48.730000000000004,MEDIUM,MEDIUM,4.0,1.0,0.0,0.0
2023,22,Abu Dhabi Grand Prix,max_verstappen,red_bull,1,1,Finished,26.0,58,max_verstappen_2023_22,0,58.0,90.04524137931034,86.993,18.726245614035086,38.43918965517241,32.850655172413795,MEDIUM,HARD,27.0,3.0,2.0,2.0
2023,22,Abu Dhabi Grand Prix,leclerc,ferrari,2,2,Finished,18.0,58,leclerc_2023_22,0,58.0,90.35546551724138,88.199,18.855842105263157,38.410172413793106,33.05660344827586,MEDIUM,HARD,23.0,3.0,2.0,2.0
2023,22,Abu Dhabi Grand Prix,russell,mercedes,4,3,Finished,15.0,58,russell_2023_22,0,58.0,90.39572413793104,88.187,18.774649122807016,38.28624137931034,33.284810344827584,MEDIUM,HARD,24.0,3.0,2.0,2.0
2023,22,Abu Dhabi Grand Prix,perez,red_bull,9,4,Finished,12.0,58,perez_2023_22,0,58.0,90.32891379310345,87.493,18.69298245614035,38.32236206896552,33.23651724137931,MEDIUM,HARD,25.0,3.0,2.0,2.0
2023,22,Abu Dhabi Grand Prix,norris,mclaren,5,5,Finished,10.0,58,norris_2023_22,0,58.0,90.46393103448277,88.164,18.68363157894737,38.42534482758621,33.306620689655176,MEDIUM,HARD,25.0,3.0,2.0,2.0
2023,22,Abu Dhabi Grand Prix,piastri,mclaren,3,6,Finished,8.0,58,piastri_2023_22,0,58.0,90.58812068965517,88.138,18.652526315789473,38.48382758620689,33.41034482758621,MEDIUM,HARD,23.0,3.0,2.0,2.0
2023,22,Abu Dhabi Grand Prix,alonso,aston_martin,7,7,Finished,6.0,58,alonso_2023_22,0,58.0,90.72648275862069,88.256,18.74157894736842,38.465999999999994,33.46344827586207,MEDIUM,HARD,25.0,3.0,2.0,2.0
2023,22,Abu Dhabi Grand Prix,tsunoda,alphatauri,6,8,Finished,4.0,58,tsunoda_2023_22,0,58.0,90.78813793103447,89.256,18.557228070175437,38.71362068965517,33.45244827586207,MEDIUM,HARD,36.0,2.0,1.0,1.0
2023,22,Abu Dhabi Grand Prix,hamilton,mercedes,11,9,Finished,2.0,58,hamilton_2023_22,0,58.0,90.8111724137931,88.372,18.883315789473684,38.389172413793105,33.4671724137931,MEDIUM,HARD,23.0,3.0,2.0,2.0
2023,22,Abu Dhabi Grand Prix,stroll,aston_martin,13,10,Finished,1.0,58,stroll_2023_22,0,58.0,91.00441379310345,88.05,18.836105263157894,38.405465517241375,33.67936206896552,HARD,HARD,23.0,3.0,2.0,2.0
2023,22,Abu Dhabi Grand Prix,ricciardo,alphatauri,15,11,Finished,0.0,58,ricciardo_2023_22,0,58.0,91.01470689655173,88.571,18.909894736842105,38.59548275862069,33.413275862068964,MEDIUM,HARD,27.0,3.0,2.0,2.0
2023,22,Abu Dhabi Grand Prix,ocon,alpine,12,12,Finished,0.0,58,ocon_2023_22,0,58.0,91.18960344827586,90.033,18.66856140350877,38.5718275862069,33.867431034482756,MEDIUM,HARD,43.0,2.0,1.0,1.0
2023,22,Abu Dhabi Grand Prix,gasly,alpine,10,13,Finished,0.0,58,gasly_2023_22,0,58.0,91.25834482758621,89.016,18.973333333333333,38.57496551724138,33.6355,MEDIUM,HARD,26.0,3.0,2.0,2.0
2023,22,Abu Dhabi Grand Prix,albon,williams,14,14,Finished,0.0,58,albon_2023_22,0,58.0,91.30703448275862,87.845,18.95122807017544,38.37243103448276,33.88,MEDIUM,HARD,27.0,3.0,2.0,2.0
2023,22,Abu Dhabi Grand Prix,hulkenberg,haas,8,15,Finished,0.0,58,hulkenberg_2023_22,0,58.0,91.48827586206896,89.217,18.99182456140351,38.89715517241379,33.52110344827586,MEDIUM,HARD,25.0,3.0,2.0,2.0
2023,22,Abu Dhabi Grand Prix,sargeant,williams,20,16,Finished,0.0,58,sargeant_2023_22,0,58.0,91.55887931034482,88.58,18.957,38.49175862068965,34.00422413793103,MEDIUM,HARD,26.0,3.0,2.0,2.0
2023,22,Abu Dhabi Grand Prix,zhou,alfa,19,17,Finished,0.0,58,zhou_2023_22,0,58.0,91.587,88.746,19.06017543859649,38.72377586206896,33.69803448275862,MEDIUM,MEDIUM,24.0,3.0,2.0,2.0
2023,22,Abu Dhabi Grand Prix,sainz,ferrari,16,18,Retired,0.0,57,sainz_2023_22,0,57.0,91.41970175438595,89.452,19.04642857142857,38.649596491228074,33.63080701754386,HARD,HARD,33.0,3.0,3.0,2.0
2023,22,Abu Dhabi Grand Prix,bottas,alfa,18,19,Lapped,0.0,57,bottas_2023_22,0,57.0,91.84271929824561,89.863,18.87367857142857,38.87791228070176,33.987947368421054,HARD,HARD,29.0,2.0,1.0,1.0
2023,22,Abu Dhabi Grand Prix,kevin_magnussen,haas,17,20,Lapped,0.0,57,kevin_magnussen_2023_22,0,57.0,91.8859649122807,89.934,19.084142857142858,38.880526315789474,33.82035087719298,MEDIUM,HARD,35.0,3.0,2.0,2.0
2024,1,Bahrain Grand Prix,max_verstappen,red_bull,1,1,Finished,26.0,57,max_verstappen_2024_1,0,57.0,96.57442105263158,92.608,31.408017857142855,41.41484210526316,23.734122807017545,SOFT,SOFT,20.0,3.0,2.0,2.0
2024,1,Bahrain Grand Prix,perez,red_bull,5,2,Finished,18.0,57,perez_2024_1,0,57.0,96.96840350877193,94.364,31.452642857142855,41.66915789473684,23.809157894736842,SOFT,SOFT,24.0,3.0,2.0,2.0
2024,1,Bahrain Grand Prix,sainz,ferrari,4,3,Finished,15.0,57,sainz_2024_1,0,57.0,97.01494736842105,94.507,31.451392857142856,41.80921052631579,23.70973684210526,SOFT,HARD,22.0,3.0,2.0,2.0
2024,1,Bahrain Grand Prix,leclerc,ferrari,2,4,Finished,12.0,57,leclerc_2024_1,0,57.0,97.27036842105264,94.09,31.594267857142857,41.8139298245614,23.835982456140353,SOFT,HARD,23.0,3.0,2.0,2.0
2024,1,Bahrain Grand Prix,russell,mercedes,3,5,Finished,10.0,57,russell_2024_1,0,57.0,97.39526315789473,95.065,31.616321428571432,41.99159649122807,23.755438596491228,SOFT,HARD,26.0,3.0,2.0,2.0
2024,1,Bahrain Grand Prix,norris,mclaren,7,6,Finished,8.0,57,norris_2024_1,0,57.0,97.42456140350878,94.476,31.555,41.861333333333334,23.954543859649124,SOFT,HARD,24.0,3.0,2.0,2.0
2024,1,Bahrain Grand Prix,hamilton,mercedes,9,7,Finished,6.0,57,hamilton_2024_1,0,57.0,97.45729824561403,94.722,31.525642857142856,42.031789473684206,23.83680701754386,SOFT,HARD,24.0,3.0,2.0,2.0
2024,1,Bahrain Grand Prix,piastri,mclaren,8,8,Finished,4.0,57,piastri_2024_1,0,57.0,97.55831578947368,94.774,31.668839285714284,41.8651403508772,23.96922807017544,SOFT,HARD,23.0,3.0,2.0,2.0
2024,1,Bahrain Grand Prix,alonso,aston_martin,6,9,Finished,2.0,57,alonso_2024_1,0,57.0,97.88822807017544,94.199,31.71014285714286,42.10484210526316,24.028701754385963,SOFT,HARD,26.0,3.0,2.0,2.0
2024,1,Bahrain Grand Prix,stroll,aston_martin,12,10,Finished,1.0,57,stroll_2024_1,0,57.0,98.20978947368421,95.632,31.698803571428574,42.345649122807025,23.99378947368421,SOFT,HARD,30.0,3.0,2.0,2.0
2024,1,Bahrain Grand Prix,zhou,sauber,17,11,Lapped,0.0,56,zhou_2024_1,0,56.0,98.41966071428571,95.458,31.858054545454547,42.35673214285714,24.114285714285717,SOFT,HARD,28.0,3.0,2.0,2.0
2024,1,Bahrain Grand Prix,kevin_magnussen,haas,15,12,Lapped,0.0,56,kevin_magnussen_2024_1,0,56.0,98.44746428571429,95.57,31.760127272727274,42.384875,24.230999999999998,SOFT,HARD,24.0,3.0,2.0,2.0
2024,1,Bahrain Grand Prix,ricciardo,rb,14,13,Lapped,0.0,56,ricciardo_2024_1,0,56.0,98.45892857142857,95.163,31.694072727272726,42.39876785714286,24.252446428571428,SOFT,SOFT,22.0,3.0,2.0,2.0
2024,1,Bahrain Grand Prix,tsunoda,rb,11,14,Lapped,0.0,56,tsunoda_2024_1,0,56.0,98.46828571428571,95.833,31.841236363636366,42.404125,24.16119642857143,SOFT,HARD,22.0,3.0,2.0,2.0
2024,1,Bahrain Grand Prix,albon,williams,13,15,Lapped,0.0,56,albon_2024_1,0,56.0,98.51121428571427,95.723,31.880363636363636,42.43683928571429,24.129321428571426,SOFT,HARD,21.0,3.0,2.0,2.0
2024,1,Bahrain Grand Prix,hulkenberg,haas,10,16,Lapped,0.0,56,hulkenberg_2024_1,0,56.0,98.61382142857143,94.834,32.16743636363636,42.20866071428571,24.093500000000002,SOFT,HARD,21.0,4.0,3.0,3.0
2024,1,Bahrain Grand Prix,ocon,alpine,19,17,Lapped,0.0,56,ocon_2024_1,0,56.0,98.86057142857143,96.226,32.08150909090909,42.42891071428571,24.22925,SOFT,HARD,26.0,3.0,2.0,2.0
2024,1,Bahrain Grand Prix,gasly,alpine,20,18,Lapped,0.0,56,gasly_2024_1,0,56.0,98.87783928571427,94.805,32.36654545454546,42.15969642857143,24.230589285714284,SOFT,HARD,19.0,4.0,3.0,3.0
2024,1,Bahrain Grand Prix,bottas,sauber,16,19,Lapped,0.0,56,bottas_2024_1,0,56.0,98.50374545454545,96.202,31.55937037037037,42.52233928571429,24.24991071428571,SOFT,HARD,26.0,3.0,2.0,2.0
2024,1,Bahrain Grand Prix,sargeant,williams,18,20,Lapped,0.0,55,sargeant_2024_1,0,55.0,99.32735185185184,94.735,33.56296296296296,42.49005454545455,24.320054545454546,SOFT,HARD,18.0,4.0,3.0,3.0
2024,2,Saudi Arabian Grand Prix,max_verstappen,red_bull,1,1,Finished,25.0,50,max_verstappen_2024_2,0,50.0,93.60822916666666,91.773,35.444326530612244,30.45056,30.9601,MEDIUM,HARD,43.0,2.0,1.0,1.0
2024,2,Saudi Arabian Grand Prix,perez,red_bull,3,2,Finished,18.0,50,perez_2024_2,0,50.0,93.86772916666666,92.273,35.559448979591835,30.5852,30.85306,MEDIUM,HARD,43.0,2.0,1.0,1.0
2024,2,Saudi Arabian Grand Prix,leclerc,ferrari,2,3,Finished,16.0,50,leclerc_2024_2,0,50.0,94.10120833333333,91.632,35.636204081632656,30.66418,30.906999999999996,MEDIUM,HARD,43.0,2.0,1.0,1.0
2024,2,Saudi Arabian Grand Prix,piastri,mclaren,5,4,Finished,12.0,50,piastri_2024_2,0,50.0,94.4689375,92.31,35.80277551020408,30.671680000000002,30.976439999999997,MEDIUM,HARD,44.0,2.0,1.0,1.0
2024,2,Saudi Arabian Grand Prix,alonso,aston_martin,4,5,Finished,10.0,50,alonso_2024_2,0,50.0,94.55775,92.387,35.77628571428571,30.72454,31.031639999999996,MEDIUM,HARD,44.0,2.0,1.0,1.0
2024,2,Saudi Arabian Grand Prix,russell,mercedes,7,6,Finished,8.0,50,russell_2024_2,0,50.0,94.75318750000001,92.254,36.02730612244898,30.65352,30.90326,MEDIUM,HARD,43.0,2.0,1.0,1.0
2024,2,Saudi Arabian Grand Prix,bearman,ferrari,11,7,Finished,6.0,50,bearman_2024_2,0,50.0,96.04824489795918,92.186,35.92681632653061,30.79538,30.88512,SOFT,HARD,43.0,2.0,1.0,1.0
2024,2,Saudi Arabian Grand Prix,norris,mclaren,6,8,Finished,4.0,50,norris_2024_2,0,50.0,94.85802083333334,91.944,35.67591836734694,30.80334,31.22104,MEDIUM,MEDIUM,37.0,2.0,1.0,1.0
2024,2,Saudi Arabian Grand Prix,hamilton,mercedes,8,9,Finished,2.0,50,hamilton_2024_2,0,50.0,94.95504166666666,91.746,36.19218367346939,30.54428,30.98966,MEDIUM,MEDIUM,36.0,2.0,1.0,1.0
2024,2,Saudi Arabian Grand Prix,hulkenberg,haas,15,10,Finished,1.0,50,hulkenberg_2024_2,0,50.0,95.76462500000001,92.366,36.264714285714284,30.91904,31.10112,MEDIUM,MEDIUM,33.0,2.0,1.0,1.0
2024,2,Saudi Arabian Grand Prix,albon,williams,12,11,Finished,0.0,50,albon_2024_2,0,50.0,96.97232653061225,92.307,36.66787755102041,30.87632,30.982,MEDIUM,HARD,43.0,2.0,1.0,1.0
2024,2,Saudi Arabian Grand Prix,kevin_magnussen,haas,13,12,Finished,0.0,50,kevin_magnussen_2024_2,0,50.0,96.91802040816327,92.338,36.576632653061225,30.915039999999998,30.98554,MEDIUM,HARD,43.0,2.0,1.0,1.0
2024,2,Saudi Arabian Grand Prix,ocon,alpine,17,13,Lapped,0.0,49,ocon_2024_2,0,49.0,97.31054166666667,93.481,36.7568125,30.98034693877551,31.064102040816326,MEDIUM,HARD,42.0,2.0,1.0,1.0
2024,2,Saudi Arabian Grand Prix,sargeant,williams,19,14,Lapped,0.0,49,sargeant_2024_2,0,49.0,97.34937500000001,93.026,36.747791666666664,31.037918367346936,31.05673469387755,MEDIUM,HARD,42.0,2.0,1.0,1.0
2024,2,Saudi Arabian Grand Prix,tsunoda,rb,9,15,Lapped,0.0,49,tsunoda_2024_2,0,49.0,97.27591666666666,93.523,36.856520833333335,30.99730612244898,31.0125306122449,MEDIUM,HARD,42.0,2.0,1.0,1.0
2024,2,Saudi Arabian Grand Prix,ricciardo,rb,14,16,Lapped,0.0,49,ricciardo_2024_2,0,49.0,97.29741666666666,93.323,36.1061914893617,30.92383673469388,30.65312244897959,MEDIUM,HARD,42.0,2.0,1.0,1.0
2024,2,Saudi Arabian Grand Prix,bottas,sauber,16,17,Lapped,0.0,49,bottas_2024_2,0,49.0,97.68866666666668,92.706,36.910645833333334,31.07616326530612,31.201918367346938,SOFT,HARD,28.0,3.0,2.0,2.0
2024,2,Saudi Arabian Grand Prix,zhou,sauber,20,18,Lapped,0.0,49,zhou_2024_2,0,49.0,98.04847916666667,92.208,37.08583333333333,31.002469387755102,31.213489795918367,MEDIUM,MEDIUM,41.0,2.0,1.0,1.0
2024,2,Saudi Arabian Grand Prix,stroll,aston_martin,10,19,Retired,0.0,5,stroll_2024_2,0,6.0,97.1216,95.56,35.4545,30.3216,30.3014,MEDIUM,MEDIUM,7.0,1.0,0.0,0.0
2024,2,Saudi Arabian Grand Prix,gasly,alpine,18,20,Retired,0.0,1,gasly_2024_2,0,1.0,121.453,121.453,,36.134,40.034,MEDIUM,MEDIUM,1.0,1.0,1.0,0.0
2024,3,Australian Grand Prix,sainz,ferrari,2,1,Finished,25.0,58,sainz_2024_3,0,58.0,83.22143103448276,80.031,28.811263157894736,18.432379310344828,35.88368965517241,MEDIUM,HARD,25.0,3.0,2.0,2.0
2024,3,Australian Grand Prix,leclerc,ferrari,4,2,Finished,19.0,58,leclerc_2024_3,0,58.0,83.26222413793103,79.813,28.882859649122803,18.227741379310345,36.033534482758625,MEDIUM,HARD,25.0,3.0,2.0,2.0
2024,3,Australian Grand Prix,norris,mclaren,3,3,Finished,15.0,58,norris_2024_3,0,58.0,83.32322413793104,79.915,28.914263157894737,18.281689655172414,36.01798275862069,MEDIUM,HARD,27.0,3.0,2.0,2.0
2024,3,Australian Grand Prix,piastri,mclaren,5,4,Finished,12.0,58,piastri_2024_3,0,58.0,83.83815517241379,80.199,29.249701754385963,18.266241379310344,36.205137931034486,MEDIUM,HARD,31.0,3.0,2.0,2.0
2024,3,Australian Grand Prix,perez,red_bull,6,5,Finished,10.0,58,perez_2024_3,0,58.0,84.19227586206897,80.388,29.184842105263158,18.487189655172415,36.38713793103449,MEDIUM,HARD,23.0,3.0,2.0,2.0
2024,3,Australian Grand Prix,stroll,aston_martin,9,6,Finished,8.0,58,stroll_2024_3,0,58.0,84.82870689655172,80.93,29.152,18.73956896551724,36.79894827586207,MEDIUM,HARD,30.0,3.0,2.0,2.0
2024,3,Australian Grand Prix,tsunoda,rb,8,7,Finished,6.0,58,tsunoda_2024_3,0,58.0,84.86972413793104,81.134,29.23735087719298,18.86793103448276,36.619120689655176,MEDIUM,HARD,27.0,3.0,2.0,2.0
2024,3,Australian Grand Prix,alonso,aston_martin,10,8,Finished,4.0,58,alonso_2024_3,0,58.0,84.61784482758621,80.493,29.153140350877194,18.559741379310342,36.74351724137931,HARD,HARD,25.0,3.0,2.0,2.0
2024,3,Australian Grand Prix,hulkenberg,haas,16,9,Finished,2.0,58,hulkenberg_2024_3,0,58.0,85.02406896551723,81.145,29.372894736842106,18.809293103448276,36.66403448275862,HARD,HARD,23.0,3.0,2.0,2.0
2024,3,Australian Grand Prix,kevin_magnussen,haas,14,10,Lapped,1.0,57,kevin_magnussen_2024_3,0,57.0,84.75305263157895,81.082,29.324035714285714,18.43538596491228,36.82514035087719,MEDIUM,HARD,26.0,3.0,2.0,2.0
2024,3,Australian Grand Prix,albon,williams,12,11,Lapped,0.0,57,albon_2024_3,0,57.0,84.76933333333334,81.618,29.37389285714286,18.528859649122808,36.70201754385965,MEDIUM,HARD,30.0,3.0,2.0,2.0
2024,3,Australian Grand Prix,ricciardo,rb,18,12,Lapped,0.0,57,ricciardo_2024_3,0,57.0,84.88335087719298,81.239,29.443357142857142,18.610947368421055,36.640368421052635,SOFT,HARD,28.0,3.0,2.0,2.0
2024,3,Australian Grand Prix,gasly,alpine,17,13,Lapped,0.0,57,gasly_2024_3,0,57.0,85.3122105263158,81.09,29.606285714285715,18.63315789473684,36.892421052631576,MEDIUM,HARD,24.0,3.0,2.0,2.0
2024,3,Australian Grand Prix,bottas,sauber,13,14,Lapped,0.0,57,bottas_2024_3,0,57.0,85.42401754385965,81.422,29.563875,18.82582456140351,36.8821052631579,MEDIUM,HARD,29.0,3.0,2.0,2.0
2024,3,Australian Grand Prix,zhou,sauber,19,15,Lapped,0.0,57,zhou_2024_3,0,57.0,85.45852631578948,81.327,29.455303571428573,18.802859649122805,36.956385964912286,SOFT,HARD,30.0,3.0,2.0,3.0
2024,3,Australian Grand Prix,ocon,alpine,15,16,Lapped,0.0,57,ocon_2024_3,0,57.0,85.62845614035088,81.354,29.60332142857143,18.69215789473684,37.163649122807016,MEDIUM,HARD,26.0,4.0,3.0,3.0
2024,3,Australian Grand Prix,russell,mercedes,7,17,Retired,0.0,56,russell_2024_3,0,57.0,83.65596428571429,80.284,28.849890909090906,18.264517857142856,36.40264285714286,MEDIUM,HARD,37.0,3.0,2.0,2.0
2024,3,Australian Grand Prix,hamilton,mercedes,11,18,Retired,0.0,15,hamilton_2024_3,0,16.0,85.2284,82.444,29.553357142857145,18.181066666666666,36.9288,SOFT,HARD,9.0,2.0,1.0,1.0
2024,3,Australian Grand Prix,max_verstappen,red_bull,1,19,Retired,0.0,3,max_verstappen_2024_3,0,4.0,84.89066666666666,83.115,29.057333333333332,18.44075,35.78933333333333,MEDIUM,MEDIUM,4.0,1.0,1.0,0.0
2024,4,Japanese Grand Prix,max_verstappen,red_bull,1,1,Finished,26.0,53,max_verstappen_2024_4,0,53.0,97.63750980392156,93.706,35.46864,43.51539622641509,19.274584905660376,MEDIUM,MEDIUM,19.0,4.0,3.0,3.0
2024,4,Japanese Grand Prix,perez,red_bull,2,2,Finished,18.0,53,perez_2024_4,0,53.0,97.90370588235294,93.945,35.45464,43.72605660377358,19.352264150943398,MEDIUM,MEDIUM,20.0,4.0,3.0,3.0
2024,4,Japanese Grand Prix,sainz,ferrari,4,3,Finished,15.0,53,sainz_2024_4,0,53.0,98.13513725490196,93.841,35.65906,43.766113207547164,19.303528301886793,MEDIUM,MEDIUM,22.0,4.0,3.0,3.0
2024,4,Japanese Grand Prix,leclerc,ferrari,8,4,Finished,12.0,53,leclerc_2024_4,0,53.0,98.53758823529412,95.044,36.57707843137255,43.98356603773585,19.576509433962265,MEDIUM,HARD,27.0,3.0,2.0,2.0
2024,4,Japanese Grand Prix,norris,mclaren,3,5,Finished,10.0,53,norris_2024_4,0,53.0,98.26139215686275,95.186,35.65402,43.8517358490566,19.36422641509434,MEDIUM,HARD,27.0,4.0,3.0,3.0
2024,4,Japanese Grand Prix,alonso,aston_martin,5,6,Finished,8.0,53,alonso_2024_4,0,53.0,98.63931372549018,94.726,35.8362,43.79937735849057,19.55622641509434,SOFT,HARD,20.0,4.0,3.0,3.0
2024,4,Japanese Grand Prix,russell,mercedes,9,7,Finished,6.0,53,russell_2024_4,0,53.0,98.97890196078431,94.404,36.85509803921569,43.94775471698114,19.754679245283018,MEDIUM,HARD,21.0,4.0,3.0,3.0
2024,4,Japanese Grand Prix,piastri,mclaren,6,8,Finished,4.0,53,piastri_2024_4,0,53.0,98.76094117647058,94.802,36.99970588235294,43.99067924528302,19.551735849056602,MEDIUM,HARD,21.0,4.0,3.0,3.0
2024,4,Japanese Grand Prix,hamilton,mercedes,7,9,Finished,2.0,53,hamilton_2024_4,0,53.0,98.92286274509803,93.952,36.96276470588235,44.047018867924535,19.61230188679245,MEDIUM,HARD,22.0,4.0,3.0,3.0
2024,4,Japanese Grand Prix,tsunoda,rb,10,10,Lapped,1.0,52,tsunoda_2024_4,0,52.0,100.2397,96.342,36.34879591836735,44.38078431372549,19.422078431372547,MEDIUM,HARD,30.0,4.0,3.0,3.0
2024,4,Japanese Grand Prix,hulkenberg,haas,12,11,Lapped,0.0,52,hulkenberg_2024_4,0,52.0,100.18244,95.325,37.59336,44.33742307692307,19.844903846153844,SOFT,HARD,28.0,4.0,3.0,3.0
2024,4,Japanese Grand Prix,stroll,aston_martin,16,12,Lapped,0.0,52,stroll_2024_4,0,52.0,101.2988431372549,95.798,36.541224489795916,44.39986538461539,20.172365384615382,SOFT,SOFT,18.0,5.0,4.0,4.0
2024,4,Japanese Grand Prix,kevin_magnussen,haas,18,13,Lapped,0.0,52,kevin_magnussen_2024_4,0,52.0,101.48870588235295,96.654,37.09926,44.8154423076923,20.007576923076922,MEDIUM,HARD,30.0,3.0,2.0,2.0
2024,4,Japanese Grand Prix,bottas,sauber,13,14,Lapped,0.0,52,bottas_2024_4,0,52.0,101.44864705882354,96.608,37.36938,44.68026923076923,19.933865384615384,SOFT,HARD,30.0,4.0,3.0,3.0
2024,4,Japanese Grand Prix,ocon,alpine,15,15,Lapped,0.0,52,ocon_2024_4,0,52.0,101.82566666666668,96.232,37.45232,44.79675,20.096634615384616,SOFT,HARD,19.0,4.0,3.0,3.0
2024,4,Japanese Grand Prix,gasly,alpine,17,16,Lapped,0.0,52,gasly_2024_4,0,52.0,102.09619607843138,96.642,37.5282,44.94092307692308,20.122134615384617,SOFT,HARD,20.0,4.0,3.0,3.0
2024,4,Japanese Grand Prix,sargeant,williams,19,17,Lapped,0.0,52,sargeant_2024_4,0,52.0,102.58435294117646,94.9,37.330079999999995,45.402115384615385,20.231673076923077,SOFT,HARD,21.0,5.0,4.0,4.0
2024,4,Japanese Grand Prix,zhou,sauber,20,18,Retired,0.0,12,zhou_2024_4,0,12.0,115.40627272727274,97.16,43.251799999999996,48.389916666666664,25.012833333333333,MEDIUM,SOFT,6.0,4.0,4.0,3.0
2024,4,Japanese Grand Prix,ricciardo,rb,11,19,Retired,0.0,0,ricciardo_2024_4,0,1.0,,,,,,MEDIUM,MEDIUM,1.0,1.0,0.0,0.0
2024,4,Japanese Grand Prix,albon,williams,14,20,Retired,0.0,0,albon_2024_4,0,1.0,,,,,,SOFT,SOFT,1.0,1.0,0.0,0.0
2024,5,Chinese Grand Prix,max_verstappen,red_bull,1,1,Finished,25.0,56,max_verstappen_2024_5,0,56.0,105.23545283018868,98.406,28.933745454545456,32.280946428571426,46.87289285714286,MEDIUM,HARD,33.0,3.0,2.0,2.0
2024,5,Chinese Grand Prix,norris,mclaren,4,2,Finished,18.0,56,norris_2024_5,0,56.0,107.44454545454545,98.751,28.675145454545454,32.62925,47.00935714285714,MEDIUM,HARD,34.0,2.0,1.0,1.0
2024,5,Chinese Grand Prix,perez,red_bull,2,3,Finished,15.0,56,perez_2024_5,0,56.0,105.89950943396227,99.388,28.812272727272727,32.558767857142854,47.046142857142854,MEDIUM,HARD,33.0,3.0,2.0,2.0
2024,5,Chinese Grand Prix,leclerc,ferrari,6,4,Finished,12.0,56,leclerc_2024_5,0,56.0,106.02094339622641,99.384,28.696490909090908,32.698232142857144,47.07782142857143,MEDIUM,HARD,35.0,2.0,1.0,1.0
2024,5,Chinese Grand Prix,sainz,ferrari,7,5,Finished,10.0,56,sainz_2024_5,0,56.0,107.08585185185186,99.764,28.6846,32.64067857142857,47.32426785714286,MEDIUM,HARD,39.0,2.0,1.0,1.0
2024,5,Chinese Grand Prix,russell,mercedes,8,6,Finished,8.0,56,russell_2024_5,0,56.0,107.98790909090908,100.112,28.874436363636363,32.59430357142857,47.27830357142857,MEDIUM,HARD,33.0,3.0,2.0,2.0
2024,5,Chinese Grand Prix,alonso,aston_martin,3,7,Finished,7.0,56,alonso_2024_5,0,56.0,107.29964814814814,97.81,29.147545454545455,32.47575,47.23633928571429,MEDIUM,MEDIUM,20.0,4.0,3.0,3.0
2024,5,Chinese Grand Prix,piastri,mclaren,5,8,Finished,4.0,56,piastri_2024_5,0,56.0,108.32136363636364,99.739,29.01650909090909,32.70760714285714,47.34385714285714,MEDIUM,HARD,32.0,3.0,2.0,2.0
2024,5,Chinese Grand Prix,hamilton,mercedes,18,9,Finished,2.0,56,hamilton_2024_5,0,56.0,109.11678571428571,100.835,29.151218181818184,32.69483928571429,47.205464285714285,SOFT,HARD,35.0,3.0,2.0,2.0
2024,5,Chinese Grand Prix,hulkenberg,haas,9,10,Finished,1.0,56,hulkenberg_2024_5,0,56.0,108.41190909090909,100.815,28.96936363636364,32.836982142857146,47.32103571428571,MEDIUM,HARD,33.0,3.0,2.0,2.0
2024,5,Chinese Grand Prix,ocon,alpine,13,11,Finished,0.0,56,ocon_2024_5,0,56.0,109.20296428571429,100.937,29.098545454545455,32.61982142857143,47.43960714285714,MEDIUM,HARD,33.0,3.0,2.0,2.0
2024,5,Chinese Grand Prix,albon,williams,14,12,Finished,0.0,56,albon_2024_5,0,56.0,109.25107142857142,100.79,29.195854545454544,32.86192857142857,47.14839285714286,MEDIUM,HARD,33.0,3.0,2.0,2.0
2024,5,Chinese Grand Prix,gasly,alpine,15,13,Finished,0.0,56,gasly_2024_5,0,56.0,109.31744642857143,99.198,29.54836363636364,32.66589285714286,47.05610714285714,MEDIUM,MEDIUM,18.0,4.0,3.0,3.0
2024,5,Chinese Grand Prix,zhou,sauber,16,14,Finished,0.0,56,zhou_2024_5,0,56.0,108.57767272727273,98.633,29.49270909090909,32.647821428571426,47.16814285714286,MEDIUM,HARD,17.0,4.0,3.0,3.0
2024,5,Chinese Grand Prix,stroll,aston_martin,11,15,Finished,0.0,56,stroll_2024_5,0,56.0,105.80332075471698,99.444,29.05888888888889,31.849,46.830803571428575,SOFT,HARD,26.0,5.0,4.0,4.0
2024,5,Chinese Grand Prix,kevin_magnussen,haas,17,16,Finished,0.0,56,kevin_magnussen_2024_5,0,56.0,108.53634545454545,101.077,29.025072727272725,32.63860714285714,47.740053571428575,HARD,MEDIUM,29.0,3.0,2.0,2.0
2024,5,Chinese Grand Prix,sargeant,williams,20,17,Finished,0.0,56,sargeant_2024_5,0,56.0,109.60114285714285,101.0,29.261581818181817,32.931464285714284,47.297464285714284,SOFT,HARD,32.0,3.0,2.0,3.0
2024,5,Chinese Grand Prix,ricciardo,rb,12,18,Retired,0.0,33,ricciardo_2024_5,0,33.0,113.8971875,100.994,30.11815625,34.58021212121212,50.301848484848485,MEDIUM,MEDIUM,19.0,2.0,2.0,1.0
2024,5,Chinese Grand Prix,tsunoda,rb,19,19,Retired,0.0,26,tsunoda_2024_5,0,27.0,111.04673076923078,101.593,30.245839999999998,32.698115384615384,48.00411538461538,SOFT,MEDIUM,15.0,3.0,2.0,2.0
2024,5,Chinese Grand Prix,bottas,sauber,10,20,Retired,0.0,19,bottas_2024_5,0,20.0,104.13263157894737,101.276,28.427277777777775,31.097368421052632,44.46931578947368,MEDIUM,HARD,11.0,2.0,1.0,1.0
2024,6,Miami Grand Prix,norris,mclaren,5,1,Finished,25.0,57,norris_2024_6,0,57.0,94.52207142857142,90.98,32.446017857142856,36.359157894736846,26.730666666666664,MEDIUM,MEDIUM,29.0,2.0,1.0,1.0
2024,6,Miami Grand Prix,max_verstappen,red_bull,1,2,Finished,18.0,57,max_verstappen_2024_6,0,57.0,94.68669642857142,91.261,32.81760714285714,36.20885964912281,26.713333333333335,MEDIUM,HARD,34.0,2.0,1.0,1.0
2024,6,Miami Grand Prix,leclerc,ferrari,2,3,Finished,15.0,57,leclerc_2024_6,0,57.0,94.78089285714286,91.084,32.85410714285714,36.21157894736842,26.695087719298243,MEDIUM,HARD,38.0,2.0,1.0,1.0
2024,6,Miami Grand Prix,perez,red_bull,4,4,Finished,12.0,57,perez_2024_6,0,57.0,95.86887719298245,90.855,33.07014285714286,36.100631578947365,26.638298245614035,MEDIUM,MEDIUM,34.0,3.0,2.0,2.0
2024,6,Miami Grand Prix,sainz,ferrari,3,5,Finished,10.0,57,sainz_2024_6,0,57.0,95.81198245614036,90.928,32.74530357142857,36.33364912280702,26.679754385964912,MEDIUM,HARD,30.0,2.0,1.0,1.0
2024,6,Miami Grand Prix,hamilton,mercedes,8,6,Finished,8.0,57,hamilton_2024_6,0,57.0,95.90282456140352,91.233,32.871607142857144,36.352964912280704,26.599263157894736,HARD,MEDIUM,34.0,2.0,1.0,1.0
2024,6,Miami Grand Prix,tsunoda,rb,10,7,Finished,6.0,57,tsunoda_2024_6,0,57.0,96.07124561403508,91.682,32.928982142857144,36.37071929824561,26.67135087719298,MEDIUM,HARD,29.0,2.0,1.0,1.0
2024,6,Miami Grand Prix,russell,mercedes,7,8,Finished,4.0,57,russell_2024_6,0,57.0,96.22219298245614,91.921,32.942214285714286,36.529245614035084,26.643684210526317,MEDIUM,HARD,33.0,2.0,1.0,1.0
2024,6,Miami Grand Prix,alonso,aston_martin,15,9,Finished,2.0,57,alonso_2024_6,0,57.0,96.26285964912282,91.727,32.82007142857143,36.642315789473685,26.677315789473685,HARD,MEDIUM,36.0,2.0,1.0,1.0
2024,6,Miami Grand Prix,ocon,alpine,13,10,Finished,1.0,57,ocon_2024_6,0,57.0,96.30915789473684,92.037,32.92216071428572,36.58705263157895,26.68180701754386,MEDIUM,HARD,35.0,2.0,1.0,1.0
2024,6,Miami Grand Prix,hulkenberg,haas,9,11,Finished,0.0,57,hulkenberg_2024_6,0,57.0,96.32745614035088,91.941,33.06523214285714,36.53161403508772,26.64815789473684,MEDIUM,MEDIUM,29.0,3.0,2.0,2.0
2024,6,Miami Grand Prix,gasly,alpine,12,12,Finished,0.0,57,gasly_2024_6,0,57.0,96.40059649122807,92.055,32.89864285714286,36.6250350877193,26.747912280701755,MEDIUM,HARD,45.0,2.0,1.0,1.0
2024,6,Miami Grand Prix,piastri,mclaren,6,13,Finished,0.0,57,piastri_2024_6,0,57.0,95.52126785714286,90.634,33.285000000000004,36.384614035087715,26.783333333333335,MEDIUM,MEDIUM,27.0,3.0,2.0,2.0
2024,6,Miami Grand Prix,zhou,sauber,19,14,Finished,0.0,57,zhou_2024_6,0,57.0,96.4886842105263,91.991,33.028642857142856,36.6151403508772,26.698947368421052,MEDIUM,SOFT,29.0,2.0,1.0,1.0
2024,6,Miami Grand Prix,ricciardo,rb,20,15,Finished,0.0,57,ricciardo_2024_6,0,57.0,96.50582456140351,92.122,33.07016071428571,36.517,26.767017543859648,HARD,MEDIUM,34.0,2.0,1.0,1.0
2024,6,Miami Grand Prix,bottas,sauber,16,16,Finished,0.0,57,bottas_2024_6,0,57.0,96.53038596491228,92.098,32.846267857142855,36.68873684210526,26.847508771929824,SOFT,MEDIUM,28.0,3.0,2.0,2.0
2024,6,Miami Grand Prix,stroll,aston_martin,11,17,Finished,0.0,57,stroll_2024_6,0,57.0,96.40436842105264,91.588,33.14123214285714,36.5730350877193,26.58115789473684,MEDIUM,MEDIUM,30.0,3.0,2.0,2.0
2024,6,Miami Grand Prix,albon,williams,14,18,Finished,0.0,57,albon_2024_6,0,57.0,96.9467894736842,90.849,33.407178571428574,36.61612280701755,26.80436842105263,MEDIUM,HARD,43.0,3.0,2.0,2.0
2024,6,Miami Grand Prix,kevin_magnussen,haas,18,19,Finished,0.0,57,kevin_magnussen_2024_6,0,57.0,96.5712105263158,91.774,33.64228571428571,36.07215789473684,26.726526315789474,HARD,MEDIUM,29.0,4.0,3.0,3.0
2024,6,Miami Grand Prix,sargeant,williams,17,20,Retired,0.0,27,sargeant_2024_6,0,28.0,95.68666666666667,93.452,32.97173076923077,35.82644444444444,26.601888888888887,MEDIUM,HARD,17.0,2.0,1.0,1.0
2024,7,Emilia Romagna Grand Prix,max_verstappen,red_bull,1,1,Finished,25.0,63,max_verstappen_2024_7,0,63.0,81.35320634920636,80.366,25.97040322580645,28.162174603174606,27.189492063492064,MEDIUM,HARD,39.0,2.0,1.0,1.0
2024,7,Emilia Romagna Grand Prix,norris,mclaren,2,2,Finished,18.0,63,norris_2024_7,0,63.0,81.36471428571429,79.994,25.82256451612903,28.297126984126987,27.202015873015874,MEDIUM,HARD,42.0,2.0,1.0,1.0
2024,7,Emilia Romagna Grand Prix,leclerc,ferrari,3,3,Finished,15.0,63,leclerc_2024_7,0,63.0,81.47885714285714,79.935,25.99214516129032,28.262349206349207,27.177968253968253,MEDIUM,HARD,38.0,2.0,1.0,1.0
2024,7,Emilia Romagna Grand Prix,piastri,mclaren,5,4,Finished,12.0,63,piastri_2024_7,0,63.0,81.57752380952381,79.907,25.834145161290323,28.370730158730158,27.311190476190475,MEDIUM,HARD,41.0,2.0,1.0,1.0
2024,7,Emilia Romagna Grand Prix,sainz,ferrari,4,5,Finished,10.0,63,sainz_2024_7,0,63.0,81.70757142857143,80.22,26.06491935483871,28.375126984126986,27.214714285714287,MEDIUM,HARD,36.0,2.0,1.0,1.0
2024,7,Emilia Romagna Grand Prix,hamilton,mercedes,8,6,Finished,8.0,63,hamilton_2024_7,0,63.0,81.9104126984127,80.331,26.027435483870967,28.493222222222222,27.32038095238095,MEDIUM,HARD,36.0,2.0,1.0,1.0
2024,7,Emilia Romagna Grand Prix,russell,mercedes,6,7,Finished,7.0,63,russell_2024_7,0,63.0,82.10168253968254,78.589,26.433048387096772,28.195444444444448,27.416238095238093,MEDIUM,MEDIUM,31.0,3.0,2.0,2.0
2024,7,Emilia Romagna Grand Prix,perez,red_bull,11,8,Finished,4.0,63,perez_2024_7,0,63.0,82.22266666666667,79.686,26.24283870967742,28.32750793650794,27.568603174603172,HARD,HARD,37.0,2.0,1.0,1.0
2024,7,Emilia Romagna Grand Prix,stroll,aston_martin,13,9,Finished,2.0,63,stroll_2024_7,0,63.0,82.616,80.57,26.30682258064516,28.548253968253967,27.664555555555555,MEDIUM,MEDIUM,38.0,2.0,1.0,1.0
2024,7,Emilia Romagna Grand Prix,tsunoda,rb,7,10,Lapped,1.0,62,tsunoda_2024_7,0,62.0,82.95335483870969,80.936,26.423032786885248,28.70308064516129,27.753064516129033,MEDIUM,HARD,50.0,2.0,1.0,1.0
2024,7,Emilia Romagna Grand Prix,hulkenberg,haas,10,11,Lapped,0.0,62,hulkenberg_2024_7,0,62.0,83.07304838709678,81.7,26.492262295081968,28.75232258064516,27.75824193548387,MEDIUM,HARD,49.0,2.0,1.0,1.0
2024,7,Emilia Romagna Grand Prix,kevin_magnussen,haas,18,12,Lapped,0.0,62,kevin_magnussen_2024_7,0,62.0,83.09170967741935,81.009,26.421852459016392,28.88593548387097,27.679612903225806,MEDIUM,MEDIUM,37.0,2.0,1.0,1.0
2024,7,Emilia Romagna Grand Prix,ricciardo,rb,9,13,Lapped,0.0,62,ricciardo_2024_7,0,62.0,83.11149999999999,81.569,26.460245901639347,28.82035483870968,27.743000000000002,MEDIUM,HARD,51.0,2.0,1.0,1.0
2024,7,Emilia Romagna Grand Prix,ocon,alpine,12,14,Lapped,0.0,62,ocon_2024_7,0,62.0,83.37353225806451,81.304,26.55367213114754,28.889790322580644,27.838645161290323,MEDIUM,HARD,37.0,2.0,1.0,1.0
2024,7,Emilia Romagna Grand Prix,zhou,sauber,17,15,Lapped,0.0,62,zhou_2024_7,0,62.0,83.39008064516129,81.016,26.560409836065574,28.920225806451615,27.79716129032258,HARD,HARD,33.0,2.0,1.0,1.0
2024,7,Emilia Romagna Grand Prix,gasly,alpine,15,16,Lapped,0.0,62,gasly_2024_7,0,62.0,83.46720967741935,81.371,26.841950819672128,28.67341935483871,27.851564516129034,SOFT,MEDIUM,32.0,3.0,2.0,2.0
2024,7,Emilia Romagna Grand Prix,sargeant,williams,19,17,Lapped,0.0,62,sargeant_2024_7,0,62.0,83.48875806451613,81.229,26.56772131147541,28.989870967741936,27.814370967741937,HARD,HARD,31.0,2.0,1.0,1.0
2024,7,Emilia Romagna Grand Prix,bottas,sauber,16,18,Lapped,0.0,62,bottas_2024_7,0,62.0,83.57411290322581,81.455,26.70439344262295,28.940354838709677,27.82256451612903,MEDIUM,HARD,54.0,2.0,1.0,1.0
2024,7,Emilia Romagna Grand Prix,alonso,aston_martin,20,19,Lapped,0.0,62,alonso_2024_7,0,62.0,83.87703225806452,79.004,27.151639344262296,28.708709677419357,27.85240322580645,SOFT,HARD,34.0,4.0,3.0,4.0
2024,7,Emilia Romagna Grand Prix,albon,williams,14,20,Retired,0.0,51,albon_2024_7,0,51.0,84.49361999999999,81.274,28.277959999999997,29.160098039215686,28.50845098039216,MEDIUM,MEDIUM,31.0,5.0,5.0,4.0
2024,8,Monaco Grand Prix,leclerc,ferrari,1,1,Finished,25.0,78,leclerc_2024_8,0,78.0,109.32074025974026,75.162,20.63016883116883,37.04185897435897,21.03375,MEDIUM,HARD,77.0,2.0,1.0,1.0
2024,8,Monaco Grand Prix,piastri,mclaren,2,2,Finished,18.0,78,piastri_2024_8,0,78.0,109.43609090909091,76.281,20.602129870129872,37.170692307692306,21.027131578947365,MEDIUM,HARD,78.0,2.0,1.0,1.0
2024,8,Monaco Grand Prix,sainz,ferrari,3,3,Finished,15.0,78,sainz_2024_8,0,78.0,109.48668831168831,74.726,20.665116883116884,37.24834615384616,20.993368421052633,MEDIUM,HARD,77.0,2.0,1.0,1.0
2024,8,Monaco Grand Prix,norris,mclaren,4,4,Finished,12.0,78,norris_2024_8,0,78.0,109.56542857142858,75.742,20.65081818181818,37.124205128205126,20.994934210526317,MEDIUM,HARD,78.0,2.0,1.0,1.0
2024,8,Monaco Grand Prix,russell,mercedes,5,5,Finished,10.0,78,russell_2024_8,0,78.0,109.69736363636363,75.228,20.959480519480522,36.92696153846153,21.954090909090908,HARD,MEDIUM,77.0,2.0,1.0,1.0
2024,8,Monaco Grand Prix,max_verstappen,red_bull,6,6,Finished,8.0,78,max_verstappen_2024_8,0,78.0,109.76576623376623,74.569,20.697025974025976,37.00978205128205,22.083246753246755,HARD,MEDIUM,51.0,3.0,2.0,2.0
2024,8,Monaco Grand Prix,hamilton,mercedes,7,7,Finished,7.0,78,hamilton_2024_8,0,78.0,109.83961038961039,74.165,20.897935064935066,36.821615384615384,22.047103896103895,HARD,MEDIUM,50.0,3.0,2.0,2.0
2024,8,Monaco Grand Prix,tsunoda,rb,8,8,Lapped,4.0,77,tsunoda_2024_8,0,77.0,112.1433896103896,74.72,21.132657894736845,37.74261038961039,22.22305263157895,MEDIUM,HARD,77.0,2.0,1.0,1.0
2024,8,Monaco Grand Prix,albon,williams,9,9,Lapped,2.0,77,albon_2024_8,0,77.0,112.33254545454545,77.06,21.34636842105263,37.85798701298701,22.011815789473683,MEDIUM,HARD,76.0,2.0,1.0,1.0
2024,8,Monaco Grand Prix,gasly,alpine,10,10,Lapped,1.0,77,gasly_2024_8,0,77.0,112.41292207792208,75.625,21.203157894736844,37.847142857142856,22.239736842105263,HARD,MEDIUM,76.0,2.0,1.0,1.0
2024,8,Monaco Grand Prix,alonso,aston_martin,14,11,Lapped,0.0,76,alonso_2024_8,0,76.0,113.15010526315788,77.939,21.30568,38.15802631578948,21.98908,HARD,MEDIUM,76.0,2.0,1.0,1.0
2024,8,Monaco Grand Prix,ricciardo,rb,12,12,Lapped,0.0,76,ricciardo_2024_8,0,76.0,113.15549999999999,77.172,21.33872,38.08894736842105,22.092133333333333,MEDIUM,HARD,76.0,2.0,1.0,1.0
2024,8,Monaco Grand Prix,bottas,sauber,17,13,Lapped,0.0,76,bottas_2024_8,0,76.0,113.15844736842105,76.561,21.270506666666666,38.083092105263155,22.02453333333333,HARD,HARD,62.0,3.0,2.0,2.0
2024,8,Monaco Grand Prix,stroll,aston_martin,13,14,Lapped,0.0,76,stroll_2024_8,0,76.0,113.17790789473685,76.71,21.1362,37.826,22.64562666666667,HARD,MEDIUM,42.0,4.0,3.0,3.0
2024,8,Monaco Grand Prix,sargeant,williams,15,15,Lapped,0.0,76,sargeant_2024_8,0,76.0,113.21815789473685,75.525,21.264506666666666,38.00011842105263,22.22024,HARD,HARD,57.0,3.0,2.0,2.0
2024,8,Monaco Grand Prix,zhou,sauber,18,16,Lapped,0.0,76,zhou_2024_8,0,76.0,113.82650000000001,74.718,21.486839999999997,38.07628947368421,22.25356,MEDIUM,HARD,69.0,3.0,2.0,2.0
2024,8,Monaco Grand Prix,ocon,alpine,11,17,Retired,0.0,0,ocon_2024_8,0,1.0,,,,,,HARD,HARD,1.0,1.0,0.0,0.0
2024,8,Monaco Grand Prix,perez,red_bull,16,18,Retired,0.0,0,perez_2024_8,0,1.0,,,,,,HARD,HARD,1.0,1.0,0.0,0.0
2024,8,Monaco Grand Prix,hulkenberg,haas,19,19,Retired,0.0,0,hulkenberg_2024_8,0,1.0,,,,,,MEDIUM,MEDIUM,1.0,1.0,0.0,0.0
2024,8,Monaco Grand Prix,kevin_magnussen,haas,20,20,Retired,0.0,0,kevin_magnussen_2024_8,0,1.0,,,,,,HARD,HARD,1.0,1.0,0.0,0.0
2024,9,Canadian Grand Prix,max_verstappen,red_bull,2,1,Finished,25.0,70,max_verstappen_2024_9,0,70.0,90.68467142857142,75.569,25.816115942028983,28.699828571428572,36.03064285714286,INTERMEDIATE,INTERMEDIATE,25.0,3.0,2.0,2.0
2024,9,Canadian Grand Prix,norris,mclaren,3,2,Finished,18.0,70,norris_2024_9,0,70.0,90.74008571428573,75.558,25.849652173913043,28.71185714285714,36.03044285714285,INTERMEDIATE,INTERMEDIATE,26.0,3.0,2.0,2.0
2024,9,Canadian Grand Prix,russell,mercedes,1,3,Finished,15.0,70,russell_2024_9,0,70.0,90.74634285714285,74.895,26.063884057971013,28.378242857142858,36.185028571428575,INTERMEDIATE,INTERMEDIATE,25.0,4.0,3.0,3.0
2024,9,Canadian Grand Prix,hamilton,mercedes,7,4,Finished,13.0,70,hamilton_2024_9,0,70.0,90.7548857142857,74.856,26.081898550724638,28.383085714285716,36.11222857142857,INTERMEDIATE,INTERMEDIATE,25.0,4.0,3.0,3.0
2024,9,Canadian Grand Prix,piastri,mclaren,4,5,Finished,10.0,70,piastri_2024_9,0,70.0,90.83037142857142,76.247,26.062579710144927,28.683442857142854,35.922985714285716,INTERMEDIATE,INTERMEDIATE,26.0,3.0,2.0,2.0
2024,9,Canadian Grand Prix,alonso,aston_martin,6,6,Finished,8.0,70,alonso_2024_9,0,70.0,90.93481428571428,76.303,26.114231884057972,28.67262857142857,35.979285714285716,INTERMEDIATE,INTERMEDIATE,26.0,3.0,2.0,2.0
2024,9,Canadian Grand Prix,stroll,aston_martin,9,7,Finished,6.0,70,stroll_2024_9,0,70.0,91.02217142857143,76.762,25.956840579710143,28.817371428571427,36.05214285714286,INTERMEDIATE,INTERMEDIATE,27.0,3.0,2.0,2.0
2024,9,Canadian Grand Prix,ricciardo,rb,5,8,Finished,4.0,70,ricciardo_2024_9,0,70.0,91.09427142857143,77.076,26.08255072463768,28.735371428571426,36.089571428571425,INTERMEDIATE,INTERMEDIATE,28.0,3.0,2.0,2.0
2024,9,Canadian Grand Prix,gasly,alpine,15,9,Finished,2.0,70,gasly_2024_9,0,70.0,91.11354285714286,77.013,26.14417391304348,28.83075714285714,35.883114285714285,INTERMEDIATE,INTERMEDIATE,30.0,3.0,2.0,2.0
2024,9,Canadian Grand Prix,ocon,alpine,18,10,Finished,1.0,70,ocon_2024_9,0,70.0,91.11771428571429,77.012,26.06349275362319,28.87117142857143,35.935114285714285,INTERMEDIATE,INTERMEDIATE,44.0,2.0,1.0,1.0
2024,9,Canadian Grand Prix,hulkenberg,haas,17,11,Finished,0.0,70,hulkenberg_2024_9,0,70.0,91.12501428571429,76.683,26.081840579710143,28.672914285714285,36.13247142857143,WET,INTERMEDIATE,26.0,4.0,3.0,3.0
2024,9,Canadian Grand Prix,kevin_magnussen,haas,14,12,Finished,0.0,70,kevin_magnussen_2024_9,0,70.0,91.13114285714286,76.499,26.152478260869565,28.619314285714285,36.143614285714285,WET,INTERMEDIATE,18.0,5.0,4.0,4.0
2024,9,Canadian Grand Prix,bottas,sauber,19,13,Finished,0.0,70,bottas_2024_9,0,70.0,91.26305714285714,77.25,26.252391304347825,28.90892857142857,35.82441428571428,INTERMEDIATE,INTERMEDIATE,42.0,2.0,1.0,2.0
2024,9,Canadian Grand Prix,tsunoda,rb,8,14,Finished,0.0,70,tsunoda_2024_9,0,70.0,91.43744285714286,77.309,26.041637681159422,29.1694,36.02041428571429,INTERMEDIATE,INTERMEDIATE,44.0,2.0,1.0,1.0
2024,9,Canadian Grand Prix,zhou,sauber,20,15,Lapped,0.0,69,zhou_2024_9,0,69.0,92.77471014492754,77.325,26.741441176470587,28.943028985507247,36.796695652173916,INTERMEDIATE,INTERMEDIATE,24.0,4.0,3.0,4.0
2024,9,Canadian Grand Prix,sainz,ferrari,12,16,Retired,0.0,52,sainz_2024_9,0,53.0,92.086,78.957,26.979634615384615,29.424169811320755,35.82119230769231,INTERMEDIATE,INTERMEDIATE,25.0,3.0,3.0,2.0
2024,9,Canadian Grand Prix,albon,williams,10,17,Retired,0.0,52,albon_2024_9,0,53.0,92.09692307692308,79.359,26.989078431372548,28.958653846153844,35.87936538461538,INTERMEDIATE,INTERMEDIATE,25.0,3.0,2.0,2.0
2024,9,Canadian Grand Prix,perez,red_bull,16,18,Retired,0.0,51,perez_2024_9,0,52.0,92.368,78.819,26.785823529411765,29.444596153846152,36.00235294117647,INTERMEDIATE,INTERMEDIATE,25.0,3.0,3.0,2.0
2024,9,Canadian Grand Prix,leclerc,ferrari,11,19,Retired,0.0,40,leclerc_2024_9,0,41.0,96.0827,86.012,27.7403,30.022414634146344,37.903125,INTERMEDIATE,INTERMEDIATE,25.0,4.0,4.0,3.0
2024,9,Canadian Grand Prix,sargeant,williams,13,20,Retired,0.0,23,sargeant_2024_9,0,24.0,94.10952173913043,86.484,27.475,30.535608695652172,35.45060869565218,INTERMEDIATE,INTERMEDIATE,24.0,1.0,0.0,0.0
2024,10,Spanish Grand Prix,max_verstappen,red_bull,2,1,Finished,25.0,66,max_verstappen_2024_10,0,132.0,80.3064696969697,77.776,24.1758,32.059378787878785,24.02131818181818,SOFT,SOFT,27.0,3.0,4.0,4.0
2024,10,Spanish Grand Prix,norris,mclaren,1,2,Finished,19.0,66,norris_2024_10,0,132.0,80.3400909090909,77.115,24.023707692307692,32.14472727272727,24.11440909090909,SOFT,SOFT,24.0,3.0,4.0,4.0
2024,10,Spanish Grand Prix,hamilton,mercedes,3,3,Finished,15.0,66,hamilton_2024_10,0,132.0,80.57601515151515,77.809,24.02723076923077,32.26493939393939,24.223015151515153,SOFT,SOFT,27.0,3.0,4.0,4.0
2024,10,Spanish Grand Prix,russell,mercedes,4,4,Finished,12.0,66,russell_2024_10,0,132.0,80.64465151515151,78.29,24.178723076923077,32.24554545454546,24.1785,SOFT,HARD,30.0,3.0,4.0,4.0
2024,10,Spanish Grand Prix,leclerc,ferrari,5,5,Finished,10.0,66,leclerc_2024_10,0,132.0,80.65054545454545,77.897,24.04176923076923,32.30203030303031,24.242545454545454,SOFT,SOFT,24.0,3.0,4.0,4.0
2024,10,Spanish Grand Prix,sainz,ferrari,6,6,Finished,8.0,66,sainz_2024_10,0,132.0,80.77659090909091,78.539,24.120123076923075,32.37895454545455,24.2079696969697,SOFT,HARD,30.0,3.0,4.0,4.0
2024,10,Spanish Grand Prix,piastri,mclaren,9,7,Finished,6.0,66,piastri_2024_10,0,132.0,80.81798484848485,77.874,24.274292307692306,32.255272727272725,24.213818181818183,SOFT,SOFT,25.0,3.0,4.0,4.0
2024,10,Spanish Grand Prix,perez,red_bull,11,8,Finished,4.0,66,perez_2024_10,0,132.0,81.20834848484849,77.785,24.524584615384615,32.28906060606061,24.313984848484846,SOFT,SOFT,21.0,4.0,6.0,6.0
2024,10,Spanish Grand Prix,gasly,alpine,7,9,Finished,2.0,66,gasly_2024_10,0,132.0,81.24624242424242,79.045,24.40936923076923,32.37612121212121,24.389969696969697,SOFT,HARD,28.0,3.0,4.0,4.0
2024,10,Spanish Grand Prix,ocon,alpine,8,10,Finished,1.0,66,ocon_2024_10,0,132.0,81.39569696969697,78.982,24.355923076923077,32.48419696969697,24.478181818181817,SOFT,HARD,29.0,3.0,4.0,4.0
2024,10,Spanish Grand Prix,hulkenberg,haas,13,11,Finished,0.0,66,hulkenberg_2024_10,0,132.0,81.4309393939394,78.609,24.40730769230769,32.57448484848485,24.363212121212122,SOFT,HARD,28.0,3.0,4.0,4.0
2024,10,Spanish Grand Prix,alonso,aston_martin,10,12,Lapped,0.0,65,alonso_2024_10,0,130.0,81.68806153846154,78.334,24.41321875,32.70490769230769,24.48469230769231,SOFT,MEDIUM,27.0,3.0,4.0,4.0
2024,10,Spanish Grand Prix,zhou,sauber,15,13,Lapped,0.0,65,zhou_2024_10,0,130.0,81.78004615384616,78.771,24.476203125,32.68241538461538,24.52504615384615,SOFT,MEDIUM,32.0,3.0,4.0,4.0
2024,10,Spanish Grand Prix,stroll,aston_martin,14,14,Lapped,0.0,65,stroll_2024_10,0,130.0,81.93044615384616,79.318,24.578765625,32.73121538461538,24.531107692307693,SOFT,HARD,29.0,3.0,4.0,4.0
2024,10,Spanish Grand Prix,ricciardo,rb,18,15,Lapped,0.0,65,ricciardo_2024_10,0,130.0,82.21964615384616,79.45,24.57815625,32.858584615384615,24.679753846153847,SOFT,MEDIUM,26.0,3.0,4.0,4.0
2024,10,Spanish Grand Prix,bottas,sauber,12,16,Lapped,0.0,65,bottas_2024_10,0,130.0,82.36215384615384,79.608,24.660765625,32.903461538461535,24.710830769230768,SOFT,HARD,37.0,3.0,4.0,4.0
2024,10,Spanish Grand Prix,kevin_magnussen,haas,16,17,Lapped,0.0,65,kevin_magnussen_2024_10,0,130.0,82.38484615384615,79.805,24.655328125,32.91304615384615,24.71903076923077,SOFT,HARD,36.0,3.0,4.0,4.0
2024,10,Spanish Grand Prix,albon,williams,20,18,Lapped,0.0,65,albon_2024_10,0,130.0,82.43655384615386,79.132,24.673546875,32.91761538461538,24.681784615384615,MEDIUM,SOFT,25.0,3.0,4.0,6.0
2024,10,Spanish Grand Prix,tsunoda,rb,17,19,Lapped,0.0,65,tsunoda_2024_10,0,130.0,82.52509230769232,79.447,24.824921875,32.86963076923077,24.739092307692307,SOFT,SOFT,21.0,4.0,6.0,6.0
2024,10,Spanish Grand Prix,sargeant,williams,19,20,Lapped,0.0,64,sargeant_2024_10,0,128.0,82.892078125,80.172,24.81620634920635,33.03003125,24.945171875,SOFT,HARD,30.0,3.0,4.0,4.0
2024,11,Austrian Grand Prix,russell,mercedes,3,1,Finished,25.0,71,russell_2024_11,0,142.0,71.30701408450705,69.164,18.092585714285715,31.849887323943662,21.32805633802817,MEDIUM,MEDIUM,25.0,3.0,4.0,4.0
2024,11,Austrian Grand Prix,piastri,mclaren,7,2,Finished,18.0,71,piastri_2024_11,0,142.0,71.33385915492957,68.697,18.189685714285716,31.743014084507042,21.346985915492958,MEDIUM,MEDIUM,26.0,3.0,4.0,4.0
2024,11,Austrian Grand Prix,sainz,ferrari,4,3,Finished,15.0,71,sainz_2024_11,0,142.0,71.37085915492958,69.282,18.195542857142858,31.669380281690138,21.463718309859154,MEDIUM,MEDIUM,25.0,3.0,4.0,4.0
2024,11,Austrian Grand Prix,hamilton,mercedes,5,4,Finished,12.0,71,hamilton_2024_11,0,142.0,71.63295774647887,69.562,18.2817,31.80367605633803,21.507619718309858,MEDIUM,MEDIUM,32.0,3.0,4.0,4.0
2024,11,Austrian Grand Prix,max_verstappen,red_bull,1,5,Finished,10.0,71,max_verstappen_2024_11,0,142.0,71.69085915492958,67.719,18.5879,31.608028169014087,21.474169014084506,MEDIUM,MEDIUM,28.0,4.0,6.0,6.0
2024,11,Austrian Grand Prix,hulkenberg,haas,9,6,Finished,8.0,71,hulkenberg_2024_11,0,142.0,72.06881690140844,70.215,18.218442857142858,32.022450704225356,21.763957746478873,MEDIUM,HARD,32.0,3.0,4.0,4.0
2024,11,Austrian Grand Prix,perez,red_bull,8,7,Finished,6.0,71,perez_2024_11,0,142.0,72.07704225352113,69.694,18.261314285714285,32.00128169014084,21.762535211267608,MEDIUM,MEDIUM,30.0,3.0,4.0,4.0
2024,11,Austrian Grand Prix,kevin_magnussen,haas,12,8,Finished,4.0,71,kevin_magnussen_2024_11,0,142.0,72.15708450704226,70.125,18.12317142857143,32.0947323943662,21.87107042253521,MEDIUM,HARD,33.0,3.0,4.0,4.0
2024,11,Austrian Grand Prix,ricciardo,rb,11,9,Finished,2.0,71,ricciardo_2024_11,0,142.0,72.16854929577464,70.426,18.096928571428574,32.03446478873239,21.971253521126762,MEDIUM,HARD,34.0,3.0,4.0,4.0
2024,11,Austrian Grand Prix,gasly,alpine,13,10,Finished,1.0,71,gasly_2024_11,0,142.0,72.17695774647888,69.609,18.131385714285713,32.11712676056338,21.854225352112678,MEDIUM,MEDIUM,29.0,3.0,4.0,4.0
2024,11,Austrian Grand Prix,leclerc,ferrari,6,11,Finished,0.0,71,leclerc_2024_11,0,142.0,72.25146478873239,69.584,18.690685714285713,31.87261971830986,21.635676056338028,MEDIUM,MEDIUM,26.0,5.0,8.0,8.0
2024,11,Austrian Grand Prix,ocon,alpine,10,12,Finished,0.0,71,ocon_2024_11,0,142.0,72.269338028169,69.649,18.251257142857142,32.24209859154929,21.71481690140845,MEDIUM,MEDIUM,28.0,3.0,4.0,4.0
2024,11,Austrian Grand Prix,stroll,aston_martin,17,13,Lapped,0.0,70,stroll_2024_11,0,140.0,72.47188571428572,70.143,18.19333333333333,32.367314285714286,21.831957142857146,MEDIUM,MEDIUM,28.0,3.0,4.0,4.0
2024,11,Austrian Grand Prix,tsunoda,rb,14,14,Lapped,0.0,70,tsunoda_2024_11,0,140.0,72.51347142857144,70.318,18.40486956521739,32.14032857142857,21.8974,MEDIUM,HARD,26.0,3.0,4.0,4.0
2024,11,Austrian Grand Prix,albon,williams,16,15,Lapped,0.0,70,albon_2024_11,0,140.0,72.48091428571428,70.364,18.29472463768116,32.272328571428574,21.83857142857143,MEDIUM,HARD,31.0,3.0,4.0,4.0
2024,11,Austrian Grand Prix,bottas,sauber,18,16,Lapped,0.0,70,bottas_2024_11,0,140.0,72.60247142857142,70.449,18.433463768115942,32.23722857142857,21.856485714285714,MEDIUM,HARD,28.0,3.0,4.0,4.0
2024,11,Austrian Grand Prix,zhou,sauber,20,17,Lapped,0.0,70,zhou_2024_11,0,140.0,72.96685714285715,70.47,18.551391304347828,32.33914285714285,21.921914285714287,HARD,HARD,28.0,3.0,4.0,6.0
2024,11,Austrian Grand Prix,alonso,aston_martin,15,18,Lapped,0.0,70,alonso_2024_11,0,140.0,73.00654285714285,67.694,18.713652173913044,32.287971428571424,21.939585714285712,MEDIUM,MEDIUM,34.0,4.0,6.0,6.0
2024,11,Austrian Grand Prix,sargeant,williams,19,19,Lapped,0.0,69,sargeant_2024_11,0,138.0,73.46531884057971,70.406,18.80430882352941,32.454405797101444,22.13282608695652,MEDIUM,MEDIUM,29.0,4.0,6.0,6.0
2024,11,Austrian Grand Prix,norris,mclaren,2,20,Lapped,0.0,64,norris_2024_11,0,128.0,71.73521875,68.016,18.091158730158728,31.70921875,21.89396875,MEDIUM,MEDIUM,28.0,3.0,6.0,4.0
2024,12,British Grand Prix,hamilton,mercedes,2,1,Finished,25.0,52,hamilton_2024_12,0,104.0,95.13575,89.438,31.04221568627451,38.106730769230765,25.952096153846153,MEDIUM,MEDIUM,27.0,3.0,4.0,4.0
2024,12,British Grand Prix,max_verstappen,red_bull,4,2,Finished,18.0,52,max_verstappen_2024_12,0,104.0,95.16392307692308,88.952,31.038823529411765,38.049942307692305,26.036903846153848,MEDIUM,MEDIUM,26.0,3.0,4.0,4.0
2024,12,British Grand Prix,norris,mclaren,3,3,Finished,15.0,52,norris_2024_12,0,104.0,95.28088461538461,89.262,31.02278431372549,38.23286538461538,25.980173076923077,MEDIUM,MEDIUM,27.0,3.0,4.0,4.0
2024,12,British Grand Prix,piastri,mclaren,5,4,Finished,12.0,52,piastri_2024_12,0,104.0,95.37476923076923,88.748,30.996254901960782,38.243634615384615,26.085846153846152,MEDIUM,MEDIUM,28.0,3.0,4.0,4.0
2024,12,British Grand Prix,sainz,ferrari,7,5,Finished,11.0,52,sainz_2024_12,0,104.0,96.04571153846155,88.293,31.464019607843138,38.43392307692308,26.09951923076923,MEDIUM,MEDIUM,26.0,4.0,6.0,6.0
2024,12,British Grand Prix,hulkenberg,haas,6,6,Finished,8.0,52,hulkenberg_2024_12,0,104.0,96.20732692307692,89.836,31.144803921568627,38.72838461538461,26.255346153846155,MEDIUM,MEDIUM,26.0,3.0,4.0,4.0
2024,12,British Grand Prix,stroll,aston_martin,8,7,Finished,6.0,52,stroll_2024_12,0,104.0,96.22361538461539,89.897,31.139117647058825,38.673115384615386,26.345846153846153,MEDIUM,MEDIUM,26.0,3.0,4.0,4.0
2024,12,British Grand Prix,alonso,aston_martin,10,8,Finished,4.0,52,alonso_2024_12,0,104.0,96.35838461538462,89.71,31.204803921568626,38.73851923076923,26.333634615384614,MEDIUM,MEDIUM,27.0,3.0,4.0,4.0
2024,12,British Grand Prix,albon,williams,9,9,Finished,2.0,52,albon_2024_12,0,104.0,96.45088461538461,89.718,31.318941176470588,38.72523076923077,26.318096153846152,MEDIUM,MEDIUM,27.0,3.0,4.0,4.0
2024,12,British Grand Prix,tsunoda,rb,13,10,Finished,1.0,52,tsunoda_2024_12,0,104.0,96.6608076923077,90.229,31.237490196078433,38.907096153846155,26.433038461538462,MEDIUM,MEDIUM,27.0,3.0,4.0,4.0
2024,12,British Grand Prix,sargeant,williams,12,11,Finished,0.0,52,sargeant_2024_12,0,104.0,96.84651923076923,89.972,31.467745098039217,38.89671153846154,26.40044230769231,MEDIUM,MEDIUM,27.0,3.0,4.0,4.0
2024,12,British Grand Prix,kevin_magnussen,haas,17,12,Finished,0.0,52,kevin_magnussen_2024_12,0,104.0,96.86946153846155,90.093,31.32329411764706,38.99425,26.440865384615385,MEDIUM,MEDIUM,27.0,3.0,4.0,4.0
2024,12,British Grand Prix,ricciardo,rb,15,13,Lapped,0.0,51,ricciardo_2024_12,0,102.0,97.196,90.735,31.38126,39.1621568627451,26.55427450980392,MEDIUM,MEDIUM,26.0,3.0,4.0,4.0
2024,12,British Grand Prix,leclerc,ferrari,11,14,Lapped,0.0,51,leclerc_2024_12,0,102.0,97.79474509803921,89.748,32.05014,39.218411764705884,26.470411764705883,MEDIUM,MEDIUM,19.0,4.0,6.0,6.0
2024,12,British Grand Prix,bottas,sauber,16,15,Lapped,0.0,51,bottas_2024_12,0,102.0,97.82117647058824,91.277,31.601660000000003,39.42464705882353,26.683607843137256,MEDIUM,MEDIUM,26.0,3.0,4.0,4.0
2024,12,British Grand Prix,ocon,alpine,18,16,Lapped,0.0,50,ocon_2024_12,0,100.0,99.15482,90.875,32.626551020408165,39.47384,26.97302,SOFT,SOFT,19.0,5.0,8.0,8.0
2024,12,British Grand Prix,perez,red_bull,20,17,Lapped,0.0,50,perez_2024_12,0,100.0,99.30128,89.707,32.69887755102041,39.5269,26.85376,HARD,HARD,19.0,5.0,8.0,10.0
2024,12,British Grand Prix,zhou,sauber,14,18,Lapped,0.0,50,zhou_2024_12,0,100.0,100.0307,91.014,33.153510204081634,39.85396,26.9591,SOFT,SOFT,14.0,5.0,8.0,8.0
2024,12,British Grand Prix,russell,mercedes,1,19,Retired,0.0,33,russell_2024_12,0,66.0,96.11142424242425,91.298,31.11746875,38.434636363636365,26.516333333333332,MEDIUM,MEDIUM,27.0,2.0,4.0,2.0
2024,12,British Grand Prix,gasly,alpine,19,20,Did not start,0.0,0,gasly_2024_12,0,2.0,,,,,,MEDIUM,MEDIUM,1.0,1.0,0.0,0.0
2024,13,Hungarian Grand Prix,piastri,mclaren,2,1,Finished,25.0,70,piastri_2024_13,0,140.0,84.02841428571428,81.716,30.520782608695654,29.765957142857147,23.69757142857143,MEDIUM,MEDIUM,30.0,3.0,4.0,4.0
2024,13,Hungarian Grand Prix,norris,mclaren,1,2,Finished,18.0,70,norris_2024_13,0,140.0,84.059,81.712,30.611202898550722,29.69647142857143,23.68857142857143,MEDIUM,MEDIUM,29.0,3.0,4.0,4.0
2024,13,Hungarian Grand Prix,hamilton,mercedes,5,3,Finished,15.0,70,hamilton_2024_13,0,140.0,84.24098571428571,82.153,30.594739130434778,29.874971428571428,23.70662857142857,MEDIUM,HARD,30.0,3.0,4.0,4.0
2024,13,Hungarian Grand Prix,leclerc,ferrari,6,4,Finished,12.0,70,leclerc_2024_13,0,140.0,84.30964285714286,82.182,30.520710144927538,29.839514285714287,23.881700000000002,MEDIUM,MEDIUM,30.0,3.0,4.0,4.0
2024,13,Hungarian Grand Prix,max_verstappen,red_bull,3,5,Finished,10.0,70,max_verstappen_2024_13,0,140.0,84.3334,80.908,30.551028985507248,30.004942857142858,23.721742857142857,MEDIUM,MEDIUM,28.0,3.0,4.0,4.0
2024,13,Hungarian Grand Prix,sainz,ferrari,4,6,Finished,8.0,70,sainz_2024_13,0,140.0,84.35802857142858,81.441,30.60317391304348,29.917514285714287,23.762885714285716,MEDIUM,MEDIUM,26.0,3.0,4.0,4.0
2024,13,Hungarian Grand Prix,perez,red_bull,16,7,Finished,6.0,70,perez_2024_13,0,140.0,84.59687142857143,81.096,30.45363768115942,30.24274285714286,23.792885714285713,HARD,MEDIUM,28.0,3.0,4.0,4.0
2024,13,Hungarian Grand Prix,russell,mercedes,17,8,Finished,5.0,70,russell_2024_13,0,140.0,84.63367142857143,80.305,30.578304347826084,30.079057142857145,23.872728571428574,HARD,HARD,33.0,3.0,4.0,4.0
2024,13,Hungarian Grand Prix,tsunoda,rb,10,9,Finished,2.0,70,tsunoda_2024_13,0,140.0,85.13211428571428,83.533,30.574550724637678,30.513085714285715,23.953985714285714,MEDIUM,HARD,41.0,2.0,2.0,2.0
2024,13,Hungarian Grand Prix,stroll,aston_martin,8,10,Finished,1.0,70,stroll_2024_13,0,140.0,85.14235714285715,82.338,30.621695652173912,30.44572857142857,23.997785714285715,SOFT,MEDIUM,32.0,3.0,4.0,4.0
2024,13,Hungarian Grand Prix,alonso,aston_martin,7,11,Finished,0.0,70,alonso_2024_13,0,140.0,85.20641428571427,83.063,30.736681159420293,30.4568,23.943528571428573,SOFT,HARD,34.0,3.0,4.0,4.0
2024,13,Hungarian Grand Prix,ricciardo,rb,9,12,Lapped,0.0,69,ricciardo_2024_13,0,138.0,85.50598550724636,82.64,30.73129411764706,30.60231884057971,24.089971014492754,MEDIUM,HARD,41.0,3.0,4.0,4.0
2024,13,Hungarian Grand Prix,hulkenberg,haas,11,13,Lapped,0.0,69,hulkenberg_2024_13,0,138.0,85.72714492753623,83.461,30.810676470588238,30.67591304347826,24.14663768115942,MEDIUM,HARD,40.0,3.0,4.0,4.0
2024,13,Hungarian Grand Prix,albon,williams,13,14,Lapped,0.0,69,albon_2024_13,0,138.0,85.77910144927536,83.93,30.975514705882354,30.648144927536237,24.080246376811594,SOFT,HARD,40.0,3.0,4.0,4.0
2024,13,Hungarian Grand Prix,kevin_magnussen,haas,15,15,Lapped,0.0,69,kevin_magnussen_2024_13,0,138.0,85.90276811594204,83.553,30.883470588235294,30.6483768115942,24.288289855072463,SOFT,HARD,35.0,3.0,4.0,4.0
2024,13,Hungarian Grand Prix,bottas,sauber,12,16,Lapped,0.0,69,bottas_2024_13,0,138.0,85.9043188405797,82.792,30.894338235294118,30.714695652173912,24.205478260869565,MEDIUM,HARD,29.0,3.0,4.0,4.0
2024,13,Hungarian Grand Prix,sargeant,williams,14,17,Lapped,0.0,69,sargeant_2024_13,0,138.0,86.00840579710145,80.561,31.120514705882357,30.594623188405798,24.18386956521739,MEDIUM,HARD,30.0,4.0,6.0,6.0
2024,13,Hungarian Grand Prix,ocon,alpine,19,18,Lapped,0.0,69,ocon_2024_13,0,138.0,86.1292463768116,81.61,31.03785294117647,30.71313043478261,24.28226086956522,MEDIUM,HARD,34.0,4.0,6.0,6.0
2024,13,Hungarian Grand Prix,zhou,sauber,18,19,Lapped,0.0,69,zhou_2024_13,0,138.0,86.16792753623189,83.487,31.058191176470586,30.764492753623188,24.24008695652174,MEDIUM,HARD,33.0,3.0,4.0,4.0
2024,13,Hungarian Grand Prix,gasly,alpine,20,20,Retired,0.0,33,gasly_2024_13,0,66.0,86.6440909090909,83.34,30.90409375,31.06421212121212,24.369848484848486,HARD,HARD,28.0,2.0,4.0,4.0
2024,14,Belgian Grand Prix,hamilton,mercedes,3,1,Finished,25.0,44,hamilton_2024_14,0,88.0,109.0355909090909,106.653,31.923000000000002,47.70977272727273,29.359795454545452,MEDIUM,HARD,18.0,3.0,4.0,4.0
2024,14,Belgian Grand Prix,piastri,mclaren,5,2,Finished,18.0,44,piastri_2024_14,0,88.0,109.05029545454545,105.84,31.627999999999997,48.11740909090909,29.248136363636362,MEDIUM,HARD,19.0,3.0,4.0,4.0
2024,14,Belgian Grand Prix,leclerc,ferrari,1,3,Finished,15.0,44,leclerc_2024_14,0,88.0,109.21793181818181,107.013,31.936953488372094,47.875840909090904,29.365568181818183,MEDIUM,HARD,19.0,3.0,4.0,4.0
2024,14,Belgian Grand Prix,max_verstappen,red_bull,11,4,Finished,12.0,44,max_verstappen_2024_14,0,88.0,109.23331818181818,106.128,31.569093023255814,48.32995454545455,29.249204545454543,MEDIUM,MEDIUM,18.0,3.0,4.0,4.0
2024,14,Belgian Grand Prix,norris,mclaren,4,5,Finished,10.0,44,norris_2024_14,0,88.0,109.2475,105.563,31.559255813953488,48.386295454545454,29.22809090909091,MEDIUM,HARD,15.0,3.0,4.0,4.0
2024,14,Belgian Grand Prix,sainz,ferrari,7,6,Finished,8.0,44,sainz_2024_14,0,88.0,109.47352272727272,106.364,31.830046511627906,48.226318181818186,29.357204545454547,HARD,HARD,20.0,3.0,4.0,4.0
2024,14,Belgian Grand Prix,perez,red_bull,2,7,Finished,7.0,44,perez_2024_14,0,88.0,110.0053409090909,104.701,32.26748837209302,48.122977272727276,29.577545454545454,MEDIUM,HARD,21.0,4.0,6.0,6.0
2024,14,Belgian Grand Prix,alonso,aston_martin,8,8,Finished,4.0,44,alonso_2024_14,0,88.0,110.15915909090909,108.051,31.618697674418605,48.98018181818182,29.47581818181818,MEDIUM,HARD,31.0,2.0,2.0,2.0
2024,14,Belgian Grand Prix,ocon,alpine,9,9,Finished,2.0,44,ocon_2024_14,0,88.0,110.21799999999999,106.957,31.55839534883721,49.28068181818182,29.284363636363636,MEDIUM,HARD,18.0,3.0,4.0,4.0
2024,14,Belgian Grand Prix,ricciardo,rb,13,10,Finished,1.0,44,ricciardo_2024_14,0,88.0,110.27195454545455,107.435,31.770441860465112,48.91,29.481477272727272,SOFT,HARD,24.0,3.0,4.0,4.0
2024,14,Belgian Grand Prix,stroll,aston_martin,15,11,Finished,0.0,44,stroll_2024_14,0,88.0,110.45570454545455,108.105,31.55537209302326,49.34084090909091,29.43231818181818,MEDIUM,HARD,32.0,2.0,2.0,2.0
2024,14,Belgian Grand Prix,albon,williams,10,12,Finished,0.0,44,albon_2024_14,0,88.0,110.47025,107.996,31.746,49.251749999999994,29.39363636363636,MEDIUM,MEDIUM,21.0,3.0,4.0,4.0
2024,14,Belgian Grand Prix,gasly,alpine,12,13,Finished,0.0,44,gasly_2024_14,0,88.0,110.48647727272727,107.418,31.882837209302327,49.049068181818186,29.454772727272726,MEDIUM,HARD,19.0,3.0,4.0,4.0
2024,14,Belgian Grand Prix,kevin_magnussen,haas,17,14,Finished,0.0,44,kevin_magnussen_2024_14,0,88.0,110.53797727272728,107.848,31.551162790697674,49.38252272727273,29.475977272727274,MEDIUM,HARD,27.0,2.0,2.0,2.0
2024,14,Belgian Grand Prix,bottas,sauber,14,15,Finished,0.0,44,bottas_2024_14,0,88.0,110.62904545454545,107.019,31.83606976744186,49.1661590909091,29.53375,MEDIUM,HARD,24.0,3.0,4.0,4.0
2024,14,Belgian Grand Prix,tsunoda,rb,20,16,Finished,0.0,44,tsunoda_2024_14,0,88.0,110.76765909090909,107.969,31.632279069767446,49.50909090909091,29.49627272727273,MEDIUM,HARD,30.0,2.0,2.0,2.0
2024,14,Belgian Grand Prix,sargeant,williams,18,17,Finished,0.0,44,sargeant_2024_14,0,88.0,110.97947727272727,107.49,31.899279069767445,49.41013636363636,29.539295454545456,MEDIUM,MEDIUM,20.0,3.0,4.0,4.0
2024,14,Belgian Grand Prix,hulkenberg,haas,16,18,Finished,0.0,44,hulkenberg_2024_14,0,88.0,111.04256818181817,108.954,31.82286046511628,49.50722727272728,29.60109090909091,MEDIUM,MEDIUM,24.0,3.0,4.0,4.0
2024,14,Belgian Grand Prix,zhou,sauber,19,19,Retired,0.0,5,zhou_2024_14,0,10.0,119.80725000000001,112.099,31.676,52.611000000000004,34.8546,HARD,HARD,5.0,1.0,2.0,0.0
2024,14,Belgian Grand Prix,russell,mercedes,6,20,Disqualified,0.0,44,russell_2024_14,0,88.0,109.02363636363636,107.113,31.36551162790698,48.380227272727275,29.214795454545456,MEDIUM,HARD,34.0,2.0,2.0,2.0
2024,15,Dutch Grand Prix,norris,mclaren,1,1,Finished,26.0,72,norris_2024_15,0,144.0,75.63220833333334,73.817,25.70383098591549,27.334999999999997,22.52434722222222,MEDIUM,HARD,44.0,2.0,2.0,2.0
2024,15,Dutch Grand Prix,max_verstappen,red_bull,2,2,Finished,18.0,72,max_verstappen_2024_15,0,144.0,75.95020833333334,74.752,25.88138028169014,27.309930555555557,22.700625,MEDIUM,HARD,45.0,2.0,2.0,2.0
2024,15,Dutch Grand Prix,leclerc,ferrari,6,3,Finished,15.0,72,leclerc_2024_15,0,144.0,75.98552777777778,74.585,25.91956338028169,27.44373611111111,22.53765277777778,MEDIUM,HARD,48.0,2.0,2.0,2.0
2024,15,Dutch Grand Prix,piastri,mclaren,3,4,Finished,12.0,72,piastri_2024_15,0,144.0,76.01188888888889,74.237,25.72945070422535,27.575875,22.622,MEDIUM,HARD,39.0,2.0,2.0,2.0
2024,15,Dutch Grand Prix,sainz,ferrari,10,5,Finished,10.0,72,sainz_2024_15,0,144.0,76.07855555555555,74.117,25.970281690140848,27.45448611111111,22.551111111111112,MEDIUM,HARD,42.0,2.0,2.0,2.0
2024,15,Dutch Grand Prix,perez,red_bull,5,6,Finished,8.0,72,perez_2024_15,0,144.0,76.18140277777778,74.587,25.946338028169016,27.458,22.689375,MEDIUM,HARD,43.0,2.0,2.0,2.0
2024,15,Dutch Grand Prix,russell,mercedes,4,7,Finished,6.0,72,russell_2024_15,0,144.0,76.2518888888889,73.927,26.16361971830986,27.358111111111114,22.65663888888889,MEDIUM,HARD,29.0,3.0,4.0,4.0
2024,15,Dutch Grand Prix,hamilton,mercedes,14,8,Finished,4.0,72,hamilton_2024_15,0,144.0,76.32108333333333,73.878,26.153042253521125,27.372180555555556,22.68801388888889,SOFT,SOFT,25.0,3.0,4.0,4.0
2024,15,Dutch Grand Prix,gasly,alpine,9,9,Lapped,2.0,71,gasly_2024_15,0,142.0,76.81863380281689,74.855,26.16604285714286,27.644478873239436,22.916732394366196,MEDIUM,HARD,39.0,2.0,2.0,2.0
2024,15,Dutch Grand Prix,alonso,aston_martin,7,10,Lapped,1.0,71,alonso_2024_15,0,142.0,76.88805633802816,74.758,26.103142857142856,27.704380281690142,22.98430985915493,MEDIUM,HARD,40.0,2.0,2.0,2.0
2024,15,Dutch Grand Prix,hulkenberg,haas,12,11,Lapped,0.0,71,hulkenberg_2024_15,0,142.0,76.96807042253522,75.657,26.18704285714286,27.837211267605635,22.84067605633803,MEDIUM,HARD,57.0,2.0,2.0,2.0
2024,15,Dutch Grand Prix,ricciardo,rb,13,12,Lapped,0.0,71,ricciardo_2024_15,0,142.0,76.9941690140845,75.222,26.324714285714286,27.623802816901406,22.93125352112676,MEDIUM,HARD,42.0,2.0,2.0,2.0
2024,15,Dutch Grand Prix,stroll,aston_martin,8,13,Lapped,0.0,71,stroll_2024_15,0,142.0,76.98916901408451,75.255,26.246385714285715,27.78105633802817,22.86469014084507,MEDIUM,HARD,41.0,2.0,2.0,2.0
2024,15,Dutch Grand Prix,albon,williams,19,14,Lapped,0.0,71,albon_2024_15,0,142.0,77.27084507042254,74.434,26.493885714285717,27.735704225352112,22.92349295774648,MEDIUM,HARD,42.0,3.0,4.0,4.0
2024,15,Dutch Grand Prix,ocon,alpine,15,15,Lapped,0.0,71,ocon_2024_15,0,142.0,77.35770422535211,75.39,26.39324285714286,27.740197183098594,23.108338028169015,MEDIUM,HARD,41.0,2.0,2.0,2.0
2024,15,Dutch Grand Prix,sargeant,williams,18,16,Lapped,0.0,71,sargeant_2024_15,0,142.0,77.60645070422535,75.539,26.39294285714286,28.028267605633804,23.06067605633803,MEDIUM,HARD,49.0,2.0,2.0,2.0
2024,15,Dutch Grand Prix,tsunoda,rb,11,17,Lapped,0.0,71,tsunoda_2024_15,0,142.0,77.615,75.552,26.748685714285713,27.743929577464787,23.0246338028169,SOFT,HARD,39.0,3.0,4.0,4.0
2024,15,Dutch Grand Prix,kevin_magnussen,haas,20,18,Lapped,0.0,71,kevin_magnussen_2024_15,0,142.0,77.6229014084507,74.954,26.476557142857143,28.008746478873242,22.94594366197183,HARD,HARD,40.0,2.0,2.0,4.0
2024,15,Dutch Grand Prix,bottas,sauber,16,19,Lapped,0.0,70,bottas_2024_15,0,140.0,77.83952857142857,75.822,26.827797101449274,27.785957142857143,23.121285714285715,SOFT,HARD,28.0,3.0,4.0,4.0
2024,15,Dutch Grand Prix,zhou,sauber,17,20,Lapped,0.0,70,zhou_2024_15,0,140.0,78.30768571428571,75.724,27.04323188405797,27.954542857142858,23.1894,MEDIUM,HARD,33.0,3.0,4.0,4.0
2024,16,Italian Grand Prix,leclerc,ferrari,4,1,Finished,25.0,53,leclerc_2024_16,0,106.0,84.54201886792453,83.226,27.862499999999997,28.630547169811322,28.012566037735848,MEDIUM,HARD,38.0,2.0,2.0,2.0
2024,16,Italian Grand Prix,piastri,mclaren,2,2,Finished,18.0,53,piastri_2024_16,0,106.0,84.59228301886792,81.943,28.230057692307692,28.499075471698113,27.84205660377358,MEDIUM,HARD,22.0,3.0,4.0,4.0
2024,16,Italian Grand Prix,norris,mclaren,1,3,Finished,16.0,53,norris_2024_16,0,106.0,84.65811320754717,81.432,28.171211538461538,28.629056603773584,27.836622641509432,MEDIUM,HARD,21.0,3.0,4.0,4.0
2024,16,Italian Grand Prix,sainz,ferrari,5,4,Finished,12.0,53,sainz_2024_16,0,106.0,84.83675471698113,83.219,27.942057692307692,28.81801886792453,28.038169811320753,MEDIUM,HARD,34.0,2.0,2.0,2.0
2024,16,Italian Grand Prix,hamilton,mercedes,6,5,Finished,10.0,53,hamilton_2024_16,0,106.0,84.97258490566038,81.512,28.180749999999996,28.749886792452827,28.002490566037736,MEDIUM,HARD,22.0,3.0,4.0,4.0
2024,16,Italian Grand Prix,max_verstappen,red_bull,7,6,Finished,8.0,53,max_verstappen_2024_16,0,106.0,85.25771698113206,81.745,28.434134615384615,28.74579245283019,28.041566037735848,HARD,HARD,22.0,3.0,4.0,4.0
2024,16,Italian Grand Prix,russell,mercedes,3,7,Finished,6.0,53,russell_2024_16,0,106.0,85.29135849056604,82.036,28.407826923076925,28.820245283018867,28.02584905660377,MEDIUM,HARD,22.0,3.0,4.0,4.0
2024,16,Italian Grand Prix,perez,red_bull,8,8,Finished,4.0,53,perez_2024_16,0,106.0,85.56367924528301,82.971,28.36353846153846,28.953584905660378,28.203264150943394,HARD,HARD,23.0,3.0,4.0,4.0
2024,16,Italian Grand Prix,albon,williams,9,9,Finished,2.0,53,albon_2024_16,0,106.0,85.81477358490567,83.918,28.055038461538462,29.23333962264151,28.474886792452832,MEDIUM,HARD,36.0,2.0,2.0,2.0
2024,16,Italian Grand Prix,kevin_magnussen,haas,13,10,Finished,1.0,53,kevin_magnussen_2024_16,0,106.0,85.6420566037736,83.437,28.06955769230769,29.13775471698113,28.364962264150943,MEDIUM,HARD,39.0,2.0,2.0,2.0
2024,16,Italian Grand Prix,alonso,aston_martin,11,11,Finished,0.0,53,alonso_2024_16,0,106.0,85.83437735849056,82.944,28.373884615384615,29.040509433962264,28.369320754716984,MEDIUM,HARD,24.0,3.0,4.0,4.0
2024,16,Italian Grand Prix,colapinto,williams,18,12,Finished,0.0,53,colapinto_2024_16,0,106.0,86.07613207547169,83.728,28.162230769230767,29.3281320754717,28.496811320754716,MEDIUM,HARD,37.0,2.0,2.0,2.0
2024,16,Italian Grand Prix,ricciardo,rb,12,13,Finished,0.0,53,ricciardo_2024_16,0,106.0,86.02224528301888,84.219,28.166057692307692,29.173188679245285,28.621075471698113,MEDIUM,HARD,43.0,2.0,2.0,2.0
2024,16,Italian Grand Prix,ocon,alpine,15,14,Lapped,0.0,52,ocon_2024_16,0,104.0,86.41126923076924,84.343,28.20592156862745,29.454192307692306,28.672250000000002,HARD,HARD,31.0,2.0,2.0,2.0
2024,16,Italian Grand Prix,gasly,alpine,14,15,Lapped,0.0,52,gasly_2024_16,0,104.0,86.52059615384616,83.755,28.513490196078433,29.314923076923076,28.625249999999998,MEDIUM,HARD,22.0,3.0,4.0,4.0
2024,16,Italian Grand Prix,bottas,sauber,19,16,Lapped,0.0,52,bottas_2024_16,0,104.0,86.69111538461539,83.609,28.363607843137256,29.553653846153846,28.681134615384618,HARD,HARD,34.0,2.0,2.0,2.0
2024,16,Italian Grand Prix,hulkenberg,haas,10,17,Lapped,0.0,52,hulkenberg_2024_16,0,104.0,86.76148076923076,83.275,28.933274509803923,29.289192307692307,28.489115384615385,MEDIUM,HARD,27.0,3.0,4.0,4.0
2024,16,Italian Grand Prix,zhou,sauber,20,18,Lapped,0.0,52,zhou_2024_16,0,104.0,86.93811538461539,85.092,28.346372549019605,29.65776923076923,28.835403846153845,MEDIUM,HARD,38.0,2.0,2.0,2.0
2024,16,Italian Grand Prix,stroll,aston_martin,17,19,Lapped,0.0,52,stroll_2024_16,0,104.0,87.00451923076922,82.232,28.804529411764705,29.37069230769231,28.753096153846155,HARD,HARD,20.0,4.0,6.0,6.0
2024,16,Italian Grand Prix,tsunoda,rb,16,20,Retired,0.0,7,tsunoda_2024_16,0,14.0,90.95271428571428,86.198,28.23866666666667,30.819142857142857,31.277428571428572,HARD,HARD,8.0,1.0,2.0,0.0
2024,17,Azerbaijan Grand Prix,piastri,mclaren,2,1,Finished,25.0,51,piastri_2024_17,0,102.0,108.49346,107.06,39.4612,43.953901960784314,25.900235294117646,MEDIUM,HARD,36.0,2.0,2.0,2.0
2024,17,Azerbaijan Grand Prix,leclerc,ferrari,1,2,Finished,18.0,51,leclerc_2024_17,0,102.0,108.67784,107.067,39.52908,44.07535294117647,25.945470588235295,MEDIUM,HARD,35.0,2.0,2.0,2.0
2024,17,Azerbaijan Grand Prix,russell,mercedes,5,3,Finished,15.0,51,russell_2024_17,0,102.0,109.12790000000001,106.628,39.6901,44.25735294117647,25.923862745098038,MEDIUM,HARD,39.0,2.0,2.0,2.0
2024,17,Azerbaijan Grand Prix,norris,mclaren,15,4,Finished,13.0,51,norris_2024_17,0,102.0,109.23942,105.255,39.58066,44.23994117647059,26.078352941176473,HARD,HARD,37.0,2.0,2.0,2.0
2024,17,Azerbaijan Grand Prix,max_verstappen,red_bull,6,5,Finished,10.0,51,max_verstappen_2024_17,0,102.0,109.06310204081632,106.798,40.009699999999995,44.59950980392156,26.175607843137257,MEDIUM,HARD,37.0,3.0,4.0,4.0
2024,17,Azerbaijan Grand Prix,alonso,aston_martin,7,6,Finished,8.0,51,alonso_2024_17,0,102.0,110.22398,107.057,40.03808,44.824666666666666,26.063901960784314,MEDIUM,HARD,41.0,2.0,2.0,2.0
2024,17,Azerbaijan Grand Prix,albon,williams,9,7,Finished,6.0,51,albon_2024_17,0,102.0,110.25446,106.947,40.27478,44.575431372549026,26.09978431372549,HARD,HARD,31.0,2.0,2.0,2.0
2024,17,Azerbaijan Grand Prix,colapinto,williams,8,8,Finished,4.0,51,colapinto_2024_17,0,102.0,110.29074,107.274,40.22038,44.755823529411764,26.023333333333333,MEDIUM,HARD,41.0,2.0,2.0,2.0
2024,17,Azerbaijan Grand Prix,hamilton,mercedes,19,9,Finished,2.0,51,hamilton_2024_17,0,102.0,110.33262,107.236,40.29552,44.850274509803924,25.81449019607843,MEDIUM,HARD,39.0,2.0,2.0,4.0
2024,17,Azerbaijan Grand Prix,bearman,haas,10,10,Finished,1.0,51,bearman_2024_17,0,102.0,110.35770000000001,107.048,40.19808,44.74207843137255,26.108999999999998,MEDIUM,HARD,37.0,2.0,2.0,2.0
2024,17,Azerbaijan Grand Prix,hulkenberg,haas,12,11,Finished,0.0,51,hulkenberg_2024_17,0,102.0,110.39265999999999,107.691,40.2833,44.60880392156863,26.13794117647059,MEDIUM,HARD,36.0,2.0,2.0,2.0
2024,17,Azerbaijan Grand Prix,gasly,alpine,18,12,Finished,0.0,51,gasly_2024_17,0,102.0,110.61432,108.018,40.10002,45.1411568627451,26.223803921568628,HARD,HARD,50.0,2.0,2.0,2.0
2024,17,Azerbaijan Grand Prix,ricciardo,rb,14,13,Finished,0.0,51,ricciardo_2024_17,0,102.0,110.26922448979592,108.38,40.56654,45.1833137254902,26.327627450980394,HARD,HARD,50.0,2.0,2.0,2.0
2024,17,Azerbaijan Grand Prix,zhou,sauber,17,14,Finished,0.0,51,zhou_2024_17,0,102.0,110.67104081632654,107.644,40.688939999999995,45.11994117647059,26.29264705882353,HARD,HARD,35.0,2.0,2.0,2.0
2024,17,Azerbaijan Grand Prix,ocon,alpine,20,15,Lapped,0.0,50,ocon_2024_17,0,100.0,110.88244897959183,108.831,40.38408163265306,45.2311,26.13104,HARD,HARD,52.0,2.0,2.0,4.0
2024,17,Azerbaijan Grand Prix,bottas,sauber,16,16,Lapped,0.0,50,bottas_2024_17,0,100.0,111.24593877551021,108.418,40.52,44.992399999999996,26.367579999999997,MEDIUM,HARD,40.0,2.0,2.0,2.0
2024,17,Azerbaijan Grand Prix,perez,red_bull,4,17,Retired,0.0,49,perez_2024_17,0,100.0,108.59587755102041,107.013,39.03270833333333,43.83032653061225,25.636510204081635,MEDIUM,HARD,37.0,2.0,2.0,2.0
2024,17,Azerbaijan Grand Prix,sainz,ferrari,3,18,Retired,0.0,49,sainz_2024_17,0,100.0,108.60751020408163,106.866,38.9239375,43.8726530612245,25.692448979591838,MEDIUM,HARD,33.0,2.0,2.0,2.0
2024,17,Azerbaijan Grand Prix,stroll,aston_martin,13,19,Retired,0.0,45,stroll_2024_17,0,90.0,111.13511111111112,108.148,39.97054545454545,44.790333333333336,26.18422222222222,MEDIUM,HARD,24.0,3.0,6.0,4.0
2024,17,Azerbaijan Grand Prix,tsunoda,rb,11,20,Retired,0.0,14,tsunoda_2024_17,0,28.0,115.90364285714286,110.887,42.15661538461539,45.98921428571429,27.309357142857145,MEDIUM,MEDIUM,13.0,2.0,4.0,2.0
2024,18,Singapore Grand Prix,norris,mclaren,1,1,Finished,25.0,62,norris_2024_18,0,124.0,97.62211290322581,94.925,29.098081967213115,41.013225806451615,27.477016129032258,MEDIUM,HARD,32.0,2.0,2.0,2.0
2024,18,Singapore Grand Prix,max_verstappen,red_bull,2,2,Finished,18.0,62,max_verstappen_2024_18,0,124.0,97.95993548387096,95.967,29.175229508196722,41.26830645161291,27.47348387096774,MEDIUM,HARD,33.0,2.0,2.0,2.0
2024,18,Singapore Grand Prix,piastri,mclaren,5,3,Finished,15.0,62,piastri_2024_18,0,124.0,98.29667741935484,95.745,29.12501639344262,41.596951612903226,27.50116129032258,MEDIUM,MEDIUM,38.0,2.0,2.0,2.0
2024,18,Singapore Grand Prix,russell,mercedes,4,4,Finished,12.0,62,russell_2024_18,0,124.0,98.60662903225806,97.047,29.28249180327869,41.68535483870968,27.57512903225806,MEDIUM,HARD,35.0,2.0,2.0,2.0
2024,18,Singapore Grand Prix,leclerc,ferrari,9,5,Finished,10.0,62,leclerc_2024_18,0,124.0,98.62904838709677,95.371,29.131049180327867,41.76654838709677,27.64393548387097,MEDIUM,MEDIUM,36.0,2.0,2.0,2.0
2024,18,Singapore Grand Prix,hamilton,mercedes,3,6,Finished,8.0,62,hamilton_2024_18,0,124.0,98.99708064516129,97.393,29.465639344262296,41.84445161290322,27.639016129032257,SOFT,HARD,45.0,2.0,2.0,2.0
2024,18,Singapore Grand Prix,sainz,ferrari,10,7,Finished,6.0,62,sainz_2024_18,0,124.0,99.17112903225807,96.561,29.30995081967213,41.96148387096774,27.79567741935484,MEDIUM,HARD,49.0,2.0,2.0,2.0
2024,18,Singapore Grand Prix,alonso,aston_martin,7,8,Lapped,4.0,61,alonso_2024_18,0,122.0,99.23678688524589,97.741,29.328983333333333,42.114704918032785,27.713245901639343,MEDIUM,HARD,37.0,2.0,2.0,2.0
2024,18,Singapore Grand Prix,hulkenberg,haas,6,9,Lapped,2.0,61,hulkenberg_2024_18,0,122.0,99.27395081967214,97.47,29.448333333333334,42.06626229508196,27.691737704918033,MEDIUM,HARD,32.0,2.0,2.0,2.0
2024,18,Singapore Grand Prix,perez,red_bull,13,10,Lapped,1.0,61,perez_2024_18,0,122.0,99.29827868852459,97.477,29.359750000000002,41.97996721311475,27.852114754098363,MEDIUM,HARD,33.0,2.0,2.0,2.0
2024,18,Singapore Grand Prix,colapinto,williams,12,11,Lapped,0.0,61,colapinto_2024_18,0,122.0,99.32549180327868,97.262,29.44025,41.91732786885246,27.876393442622952,MEDIUM,HARD,32.0,2.0,2.0,2.0
2024,18,Singapore Grand Prix,tsunoda,rb,8,12,Lapped,0.0,61,tsunoda_2024_18,0,122.0,99.36660655737705,96.393,29.4479,41.99434426229509,27.822131147540986,MEDIUM,MEDIUM,33.0,2.0,2.0,2.0
2024,18,Singapore Grand Prix,ocon,alpine,15,13,Lapped,0.0,61,ocon_2024_18,0,122.0,99.94386885245902,97.964,29.566750000000003,42.378540983606555,27.886475409836066,MEDIUM,HARD,32.0,2.0,2.0,2.0
2024,18,Singapore Grand Prix,stroll,aston_martin,17,14,Lapped,0.0,61,stroll_2024_18,0,122.0,100.00232786885246,97.851,29.49845,42.4177868852459,27.955377049180328,HARD,MEDIUM,36.0,2.0,2.0,2.0
2024,18,Singapore Grand Prix,zhou,sauber,20,15,Lapped,0.0,61,zhou_2024_18,0,122.0,100.16050819672131,97.461,29.55868333333333,42.34927868852459,28.115901639344262,HARD,HARD,34.0,2.0,2.0,2.0
2024,18,Singapore Grand Prix,bottas,sauber,19,16,Lapped,0.0,61,bottas_2024_18,0,122.0,100.17049180327868,97.524,29.614033333333335,42.42732786885246,27.995836065573773,HARD,HARD,33.0,2.0,2.0,2.0
2024,18,Singapore Grand Prix,gasly,alpine,18,17,Lapped,0.0,61,gasly_2024_18,0,122.0,100.19065573770492,96.927,29.65945,42.44904918032787,27.9567868852459,MEDIUM,MEDIUM,37.0,2.0,2.0,2.0
2024,18,Singapore Grand Prix,ricciardo,rb,16,18,Lapped,0.0,61,ricciardo_2024_18,0,122.0,100.69454098360656,94.486,30.268466666666665,42.15113114754099,28.1617868852459,SOFT,MEDIUM,36.0,4.0,6.0,6.0
2024,18,Singapore Grand Prix,kevin_magnussen,haas,14,19,Retired,0.0,57,kevin_magnussen_2024_18,0,114.0,100.73653571428572,94.754,29.922607142857142,43.13177192982456,28.789684210526314,HARD,HARD,28.0,3.0,6.0,4.0
2024,18,Singapore Grand Prix,albon,williams,11,20,Retired,0.0,15,albon_2024_18,0,30.0,104.04686666666666,96.888,31.122285714285713,43.06046666666667,29.46333333333333,MEDIUM,MEDIUM,11.0,2.0,4.0,2.0
2024,19,United States Grand Prix,leclerc,ferrari,4,1,Finished,25.0,56,leclerc_2024_19,0,112.0,99.80833333333332,97.834,27.479563636363636,40.47467857142857,34.00001785714286,MEDIUM,HARD,30.0,2.0,2.0,2.0
2024,19,United States Grand Prix,sainz,ferrari,3,2,Finished,18.0,56,sainz_2024_19,0,112.0,99.9977962962963,97.763,27.508363636363637,40.51230357142857,34.069964285714285,MEDIUM,HARD,35.0,2.0,2.0,2.0
2024,19,United States Grand Prix,max_verstappen,red_bull,2,3,Finished,15.0,56,max_verstappen_2024_19,0,112.0,100.18392592592592,98.117,27.489672727272726,40.68726785714286,34.11716071428571,MEDIUM,HARD,31.0,2.0,2.0,2.0
2024,19,United States Grand Prix,norris,mclaren,1,4,Finished,12.0,56,norris_2024_19,0,112.0,100.15840740740741,97.679,27.522363636363636,40.55698214285714,34.12630357142857,MEDIUM,MEDIUM,31.0,2.0,2.0,2.0
2024,19,United States Grand Prix,piastri,mclaren,5,5,Finished,10.0,56,piastri_2024_19,0,112.0,101.22374545454545,97.883,27.582109090909093,40.64832142857143,34.08528571428572,MEDIUM,MEDIUM,32.0,2.0,2.0,2.0
2024,19,United States Grand Prix,russell,mercedes,20,6,Finished,8.0,56,russell_2024_19,0,112.0,102.10569090909091,97.656,27.57690909090909,40.869660714285715,34.36633928571428,HARD,HARD,40.0,2.0,2.0,4.0
2024,19,United States Grand Prix,perez,red_bull,9,7,Finished,6.0,56,perez_2024_19,0,112.0,101.15807407407408,98.514,27.45750909090909,41.08798214285714,34.41594642857143,MEDIUM,HARD,30.0,2.0,2.0,2.0
2024,19,United States Grand Prix,hulkenberg,haas,11,8,Finished,4.0,56,hulkenberg_2024_19,0,112.0,102.16325454545455,98.404,27.732363636363637,40.98030357142857,34.30992857142857,MEDIUM,HARD,29.0,2.0,2.0,2.0
2024,19,United States Grand Prix,lawson,rb,19,9,Finished,2.0,56,lawson_2024_19,0,112.0,101.46307407407409,98.091,27.687763636363638,41.11233928571429,34.33233928571429,HARD,HARD,36.0,2.0,2.0,2.0
2024,19,United States Grand Prix,colapinto,williams,15,10,Finished,1.0,56,colapinto_2024_19,0,112.0,102.37798181818181,97.611,27.67336363636364,41.10823214285715,34.38607142857143,HARD,HARD,39.0,2.0,2.0,2.0
2024,19,United States Grand Prix,kevin_magnussen,haas,8,11,Finished,0.0,56,kevin_magnussen_2024_19,0,112.0,101.46892592592593,98.21,27.954272727272727,41.005875,34.38732142857143,MEDIUM,MEDIUM,21.0,3.0,4.0,4.0
2024,19,United States Grand Prix,gasly,alpine,6,12,Finished,0.0,56,gasly_2024_19,0,112.0,102.45436363636364,98.311,27.892236363636364,40.97423214285714,34.586464285714285,MEDIUM,HARD,38.0,2.0,2.0,2.0
2024,19,United States Grand Prix,alonso,aston_martin,7,13,Lapped,0.0,55,alonso_2024_19,0,110.0,102.90420370370371,99.261,27.838444444444445,41.3408,34.60876363636363,MEDIUM,HARD,30.0,2.0,2.0,2.0
2024,19,United States Grand Prix,tsunoda,rb,10,14,Lapped,0.0,55,tsunoda_2024_19,0,110.0,102.00133962264151,99.193,28.03372222222222,41.2822,34.50707272727273,MEDIUM,HARD,37.0,2.0,2.0,2.0
2024,19,United States Grand Prix,stroll,aston_martin,13,15,Lapped,0.0,55,stroll_2024_19,0,110.0,102.34162264150943,99.214,28.0185,41.44558181818182,34.59223636363637,HARD,MEDIUM,28.0,2.0,2.0,2.0
2024,19,United States Grand Prix,albon,williams,14,16,Lapped,0.0,55,albon_2024_19,0,110.0,103.17762962962962,99.084,28.317759259259258,41.2464909090909,34.47365454545454,MEDIUM,MEDIUM,30.0,3.0,4.0,4.0
2024,19,United States Grand Prix,bottas,sauber,16,17,Lapped,0.0,55,bottas_2024_19,0,110.0,103.58574074074075,100.575,28.089185185185187,41.500454545454545,34.74469090909091,MEDIUM,HARD,40.0,2.0,2.0,2.0
2024,19,United States Grand Prix,ocon,alpine,12,18,Lapped,0.0,55,ocon_2024_19,0,110.0,103.72374074074075,97.33,28.23362962962963,41.412636363636366,34.66816363636364,MEDIUM,MEDIUM,31.0,3.0,4.0,4.0
2024,19,United States Grand Prix,zhou,sauber,18,19,Lapped,0.0,55,zhou_2024_19,0,110.0,104.7068909090909,99.272,28.626925925925928,41.49769090909091,34.49814545454545,MEDIUM,MEDIUM,22.0,3.0,4.0,4.0
2024,19,United States Grand Prix,hamilton,mercedes,17,20,Retired,0.0,1,hamilton_2024_19,0,4.0,108.064,108.064,,42.336,34.43,HARD,HARD,2.0,1.0,0.0,0.0
2024,20,Mexico City Grand Prix,sainz,ferrari,1,1,Finished,25.0,71,sainz_2024_20,0,142.0,85.29295774647888,80.137,30.596714285714285,32.83559154929577,21.842464788732396,MEDIUM,HARD,39.0,2.0,2.0,2.0
2024,20,Mexico City Grand Prix,norris,mclaren,3,2,Finished,18.0,71,norris_2024_20,0,142.0,85.35922535211267,79.691,30.58824285714286,32.75461971830986,21.99132394366197,MEDIUM,HARD,41.0,2.0,2.0,2.0
2024,20,Mexico City Grand Prix,leclerc,ferrari,4,3,Finished,16.0,71,leclerc_2024_20,0,142.0,85.77728169014084,78.336,30.790185714285716,32.89412676056338,22.065901408450706,MEDIUM,HARD,38.0,3.0,4.0,4.0
2024,20,Mexico City Grand Prix,hamilton,mercedes,6,4,Finished,12.0,71,hamilton_2024_20,0,142.0,85.92366197183098,80.371,30.76307142857143,33.03561971830986,22.09345070422535,MEDIUM,HARD,43.0,2.0,2.0,2.0
2024,20,Mexico City Grand Prix,russell,mercedes,5,5,Finished,10.0,71,russell_2024_20,0,142.0,85.97656338028169,80.731,30.9587,32.906774647887325,22.079732394366197,MEDIUM,HARD,40.0,2.0,2.0,2.0
2024,20,Mexico City Grand Prix,max_verstappen,red_bull,2,6,Finished,8.0,71,max_verstappen_2024_20,0,142.0,86.13180281690141,80.872,31.238528571428574,32.854591549295776,22.029436619718307,MEDIUM,HARD,45.0,2.0,2.0,2.0
2024,20,Mexico City Grand Prix,kevin_magnussen,haas,7,7,Finished,6.0,71,kevin_magnussen_2024_20,0,142.0,86.18932394366198,80.637,30.885357142857142,33.054788732394364,22.214732394366198,MEDIUM,HARD,41.0,2.0,2.0,2.0
2024,20,Mexico City Grand Prix,piastri,mclaren,17,8,Finished,4.0,71,piastri_2024_20,0,142.0,86.20743661971831,80.064,31.159114285714285,32.95077464788733,22.018704225352113,MEDIUM,MEDIUM,39.0,2.0,2.0,2.0
2024,20,Mexico City Grand Prix,hulkenberg,haas,10,9,Lapped,2.0,70,hulkenberg_2024_20,0,140.0,86.55028571428572,80.748,31.13027536231884,33.20945714285714,22.172285714285714,MEDIUM,HARD,41.0,2.0,2.0,2.0
2024,20,Mexico City Grand Prix,gasly,alpine,8,10,Lapped,1.0,70,gasly_2024_20,0,140.0,86.77695714285714,81.274,31.236852941176473,33.069753623188404,22.191728571428573,MEDIUM,HARD,42.0,2.0,2.0,2.0
2024,20,Mexico City Grand Prix,stroll,aston_martin,14,11,Lapped,0.0,70,stroll_2024_20,0,140.0,86.8696,81.311,31.36855072463768,33.27211428571428,22.17752857142857,MEDIUM,HARD,45.0,2.0,2.0,2.0
2024,20,Mexico City Grand Prix,colapinto,williams,16,12,Lapped,0.0,70,colapinto_2024_20,0,140.0,86.90424285714285,80.09,31.42889855072464,33.312985714285716,22.098185714285716,HARD,HARD,47.0,2.0,2.0,2.0
2024,20,Mexico City Grand Prix,ocon,alpine,0,13,Lapped,0.0,70,ocon_2024_20,1,140.0,87.07804285714285,80.659,31.460478260869568,33.176742857142855,22.289614285714283,HARD,HARD,48.0,2.0,2.0,4.0
2024,20,Mexico City Grand Prix,bottas,sauber,15,14,Lapped,0.0,70,bottas_2024_20,0,140.0,87.11467142857143,81.085,31.611724637681156,33.13218571428572,22.30898571428571,HARD,HARD,50.0,2.0,2.0,2.0
2024,20,Mexico City Grand Prix,zhou,sauber,19,15,Lapped,0.0,70,zhou_2024_20,0,140.0,87.39317142857142,81.553,31.691405797101446,33.41952857142857,22.216700000000003,HARD,HARD,44.0,2.0,2.0,2.0
2024,20,Mexico City Grand Prix,lawson,rb,12,16,Lapped,0.0,70,lawson_2024_20,0,140.0,87.43237142857143,79.502,31.76684057971014,33.304271428571425,22.322757142857142,HARD,HARD,39.0,3.0,4.0,4.0
2024,20,Mexico City Grand Prix,perez,red_bull,18,17,Lapped,0.0,70,perez_2024_20,0,140.0,87.55834285714286,79.209,32.034579710144925,33.221357142857144,22.253314285714286,HARD,MEDIUM,25.0,4.0,6.0,6.0
2024,20,Mexico City Grand Prix,alonso,aston_martin,13,18,Retired,0.0,15,alonso_2024_20,0,30.0,101.74926666666667,82.722,40.10261538461538,37.81628571428571,25.1718,MEDIUM,MEDIUM,16.0,1.0,2.0,0.0
2024,20,Mexico City Grand Prix,albon,williams,9,19,Retired,0.0,0,albon_2024_20,0,2.0,,,,,,MEDIUM,MEDIUM,1.0,1.0,0.0,0.0
2024,20,Mexico City Grand Prix,tsunoda,rb,11,20,Retired,0.0,0,tsunoda_2024_20,0,2.0,,,,,,MEDIUM,MEDIUM,1.0,1.0,0.0,0.0
2024,21,São Paulo Grand Prix,max_verstappen,red_bull,17,1,Finished,26.0,69,max_verstappen_2024_21,0,138.0,88.0506119402985,80.472,22.549298507462687,46.99202898550725,20.228536231884057,INTERMEDIATE,INTERMEDIATE,37.0,2.0,2.0,2.0
2024,21,São Paulo Grand Prix,ocon,alpine,4,2,Finished,18.0,69,ocon_2024_21,0,138.0,88.32616417910448,81.771,22.61955223880597,47.2145652173913,20.240797101449274,INTERMEDIATE,INTERMEDIATE,39.0,2.0,2.0,2.0
2024,21,São Paulo Grand Prix,gasly,alpine,13,3,Finished,15.0,69,gasly_2024_21,0,138.0,88.44259701492538,81.645,22.57758208955224,47.161,20.441000000000003,INTERMEDIATE,INTERMEDIATE,37.0,2.0,2.0,2.0
2024,21,São Paulo Grand Prix,russell,mercedes,2,4,Finished,12.0,69,russell_2024_21,0,138.0,88.5075223880597,81.645,22.963,46.7889420289855,20.375927536231885,INTERMEDIATE,INTERMEDIATE,40.0,3.0,4.0,4.0
2024,21,São Paulo Grand Prix,leclerc,ferrari,6,5,Finished,10.0,69,leclerc_2024_21,0,138.0,88.65179104477612,81.631,22.8944776119403,46.80911594202899,20.440521739130435,INTERMEDIATE,INTERMEDIATE,40.0,3.0,4.0,4.0
2024,21,São Paulo Grand Prix,norris,mclaren,1,6,Finished,8.0,69,norris_2024_21,0,138.0,88.59928358208956,81.517,22.929358208955225,46.880797101449275,20.448275362318842,INTERMEDIATE,INTERMEDIATE,41.0,3.0,4.0,4.0
2024,21,São Paulo Grand Prix,tsunoda,rb,3,7,Finished,6.0,69,tsunoda_2024_21,0,138.0,88.80149253731344,81.828,22.921044776119402,47.049,20.373782608695652,INTERMEDIATE,INTERMEDIATE,40.0,3.0,4.0,4.0
2024,21,São Paulo Grand Prix,piastri,mclaren,8,8,Finished,4.0,69,piastri_2024_21,0,138.0,88.7619552238806,81.532,22.997611940298505,46.69265217391305,20.50189855072464,INTERMEDIATE,INTERMEDIATE,39.0,3.0,4.0,4.0
2024,21,São Paulo Grand Prix,lawson,rb,5,9,Finished,2.0,69,lawson_2024_21,0,138.0,89.12991044776119,82.123,23.124805970149254,46.75926086956522,20.539478260869565,INTERMEDIATE,INTERMEDIATE,40.0,3.0,4.0,4.0
2024,21,São Paulo Grand Prix,hamilton,mercedes,14,10,Finished,1.0,69,hamilton_2024_21,0,138.0,89.13016417910447,82.041,22.924492537313434,46.85847826086957,20.61427536231884,INTERMEDIATE,INTERMEDIATE,37.0,3.0,4.0,4.0
2024,21,São Paulo Grand Prix,perez,red_bull,12,11,Finished,0.0,69,perez_2024_21,0,138.0,89.38244776119403,82.143,22.977597014925372,47.06555072463768,20.394536231884057,INTERMEDIATE,INTERMEDIATE,37.0,3.0,4.0,4.0
2024,21,São Paulo Grand Prix,bearman,haas,15,12,Finished,0.0,69,bearman_2024_21,0,138.0,89.37219402985075,82.494,23.13931343283582,46.989739130434785,20.434101449275364,INTERMEDIATE,INTERMEDIATE,37.0,3.0,4.0,4.0
2024,21,São Paulo Grand Prix,bottas,sauber,11,13,Finished,0.0,69,bottas_2024_21,0,138.0,89.53307462686568,82.877,22.895253731343285,47.11094202898551,20.572086956521737,INTERMEDIATE,INTERMEDIATE,37.0,2.0,2.0,2.0
2024,21,São Paulo Grand Prix,alonso,aston_martin,9,14,Finished,0.0,69,alonso_2024_21,0,138.0,89.4820895522388,82.293,23.183477611940297,46.78111594202898,20.85759420289855,INTERMEDIATE,INTERMEDIATE,37.0,3.0,4.0,4.0
2024,21,São Paulo Grand Prix,zhou,sauber,19,15,Finished,0.0,69,zhou_2024_21,0,138.0,90.41636363636363,83.058,24.502641791044773,47.573115942028984,20.734376811594203,INTERMEDIATE,INTERMEDIATE,38.0,5.0,8.0,8.0
2024,21,São Paulo Grand Prix,sainz,ferrari,20,16,Retired,0.0,38,sainz_2024_21,0,78.0,90.71438888888889,84.201,23.85325,47.712315789473685,20.952,INTERMEDIATE,INTERMEDIATE,27.0,3.0,4.0,6.0
2024,21,São Paulo Grand Prix,colapinto,williams,16,17,Retired,0.0,30,colapinto_2024_21,0,60.0,90.27536666666667,84.296,23.702310344827584,46.905033333333336,19.402266666666666,INTERMEDIATE,INTERMEDIATE,26.0,2.0,4.0,2.0
2024,21,São Paulo Grand Prix,albon,williams,7,18,Did not start,0.0,0,albon_2024_21,0,,,,,,,,,,,,
2024,21,São Paulo Grand Prix,stroll,aston_martin,10,19,Did not start,0.0,0,stroll_2024_21,0,2.0,,,,,,INTERMEDIATE,INTERMEDIATE,1.0,1.0,0.0,0.0
2024,21,São Paulo Grand Prix,hulkenberg,haas,18,20,Disqualified,0.0,0,hulkenberg_2024_21,0,60.0,88.30792592592591,83.764,25.989464285714288,47.086866666666666,21.233366666666665,INTERMEDIATE,INTERMEDIATE,25.0,4.0,8.0,6.0
2024,22,Las Vegas Grand Prix,russell,mercedes,1,1,Finished,25.0,50,russell_2024_22,0,100.0,98.51938,95.717,28.58877551020408,32.80762,37.02796,MEDIUM,HARD,21.0,3.0,4.0,4.0
2024,22,Las Vegas Grand Prix,hamilton,mercedes,10,2,Finished,18.0,50,hamilton_2024_22,0,100.0,98.66564,95.48,28.618938775510202,33.05808,36.82324,MEDIUM,HARD,24.0,3.0,4.0,4.0
2024,22,Las Vegas Grand Prix,sainz,ferrari,2,3,Finished,15.0,50,sainz_2024_22,0,100.0,98.7575,95.875,28.667204081632654,33.12614,36.856700000000004,MEDIUM,HARD,22.0,3.0,4.0,4.0
2024,22,Las Vegas Grand Prix,leclerc,ferrari,4,4,Finished,12.0,50,leclerc_2024_22,0,100.0,98.80504,95.674,28.836244897959187,33.07614,36.78974,MEDIUM,HARD,22.0,3.0,4.0,4.0
2024,22,Las Vegas Grand Prix,max_verstappen,red_bull,5,5,Finished,10.0,50,max_verstappen_2024_22,0,100.0,98.85102,96.248,28.7059387755102,32.9855,37.03404,MEDIUM,HARD,23.0,3.0,4.0,4.0
2024,22,Las Vegas Grand Prix,norris,mclaren,6,6,Finished,9.0,50,norris_2024_22,0,100.0,99.38708000000001,94.876,29.067122448979593,33.18288,37.01072,MEDIUM,HARD,21.0,4.0,6.0,6.0
2024,22,Las Vegas Grand Prix,piastri,mclaren,8,7,Finished,6.0,50,piastri_2024_22,0,100.0,99.54668,96.598,29.06569387755102,33.38864,36.94672,MEDIUM,HARD,25.0,3.0,4.0,4.0
2024,22,Las Vegas Grand Prix,hulkenberg,haas,9,8,Finished,4.0,50,hulkenberg_2024_22,0,100.0,99.71554,96.585,29.059408163265307,33.41102,37.10802,MEDIUM,HARD,19.0,3.0,4.0,4.0
2024,22,Las Vegas Grand Prix,tsunoda,rb,7,9,Finished,2.0,50,tsunoda_2024_22,0,100.0,99.77554,96.957,29.191714285714287,33.26326,37.194520000000004,MEDIUM,HARD,22.0,3.0,4.0,4.0
2024,22,Las Vegas Grand Prix,perez,red_bull,15,10,Finished,1.0,50,perez_2024_22,0,100.0,99.78165999999999,96.326,28.994204081632653,33.30808,37.29192,HARD,HARD,18.0,3.0,4.0,4.0
2024,22,Las Vegas Grand Prix,alonso,aston_martin,16,11,Finished,0.0,50,alonso_2024_22,0,100.0,99.90328,96.553,29.15269387755102,33.42694,37.150279999999995,SOFT,HARD,27.0,3.0,4.0,4.0
2024,22,Las Vegas Grand Prix,kevin_magnussen,haas,12,12,Finished,0.0,50,kevin_magnussen_2024_22,0,100.0,99.91544,96.557,28.929755102040815,33.55176,37.26218,MEDIUM,HARD,33.0,2.0,2.0,2.0
2024,22,Las Vegas Grand Prix,zhou,sauber,13,13,Finished,0.0,50,zhou_2024_22,0,100.0,100.00108,96.324,29.04957142857143,33.520160000000004,37.26988,MEDIUM,HARD,24.0,3.0,4.0,4.0
2024,22,Las Vegas Grand Prix,colapinto,williams,20,14,Finished,0.0,50,colapinto_2024_22,0,100.0,100.02282,96.867,29.190408163265303,33.540459999999996,37.0318,HARD,HARD,24.0,3.0,4.0,6.0
2024,22,Las Vegas Grand Prix,stroll,aston_martin,18,15,Finished,0.0,50,stroll_2024_22,0,100.0,100.20142,97.179,29.538857142857143,33.351060000000004,37.12114,MEDIUM,HARD,23.0,3.0,4.0,4.0
2024,22,Las Vegas Grand Prix,lawson,rb,14,16,Finished,0.0,50,lawson_2024_22,0,100.0,100.33948000000001,96.98,29.260204081632654,33.35116,37.549459999999996,MEDIUM,HARD,28.0,3.0,4.0,4.0
2024,22,Las Vegas Grand Prix,ocon,alpine,11,17,Lapped,0.0,49,ocon_2024_22,0,98.0,100.57202040816327,96.511,29.56041666666667,33.49673469387755,37.35604081632653,MEDIUM,HARD,33.0,4.0,6.0,6.0
2024,22,Las Vegas Grand Prix,bottas,sauber,19,18,Lapped,0.0,49,bottas_2024_22,0,98.0,100.76028571428571,96.601,29.4201875,33.68104081632653,37.43610204081633,HARD,HARD,18.0,3.0,4.0,4.0
2024,22,Las Vegas Grand Prix,albon,williams,17,19,Retired,0.0,25,albon_2024_22,0,50.0,101.28084000000001,98.008,29.395666666666667,33.70932,37.801320000000004,MEDIUM,HARD,16.0,2.0,4.0,2.0
2024,22,Las Vegas Grand Prix,gasly,alpine,3,20,Retired,0.0,15,gasly_2024_22,0,30.0,102.46486666666667,98.314,30.28392857142857,33.71773333333333,38.21273333333333,MEDIUM,MEDIUM,10.0,2.0,4.0,2.0
2024,23,Qatar Grand Prix,max_verstappen,red_bull,2,1,Finished,25.0,57,max_verstappen_2024_23,0,114.0,91.00656603773585,82.905,35.459250000000004,31.198543859649124,29.243350877192984,MEDIUM,MEDIUM,35.0,4.0,6.0,6.0
2024,23,Qatar Grand Prix,leclerc,ferrari,5,2,Finished,18.0,57,leclerc_2024_23,0,114.0,93.57574545454546,83.242,35.37326785714286,31.273280701754388,29.328087719298246,MEDIUM,MEDIUM,36.0,4.0,6.0,6.0
2024,23,Qatar Grand Prix,piastri,mclaren,4,3,Finished,15.0,57,piastri_2024_23,0,114.0,94.76075,83.218,35.388285714285715,31.484912280701757,29.107105263157894,MEDIUM,MEDIUM,34.0,4.0,6.0,6.0
2024,23,Qatar Grand Prix,russell,mercedes,1,4,Finished,12.0,57,russell_2024_23,0,114.0,96.04257894736841,83.355,35.50730357142857,31.36840350877193,29.168087719298242,MEDIUM,HARD,24.0,5.0,8.0,8.0
2024,23,Qatar Grand Prix,gasly,alpine,11,5,Finished,10.0,57,gasly_2024_23,0,114.0,96.17728070175438,83.705,34.99725,31.740526315789474,29.36540350877193,MEDIUM,MEDIUM,35.0,4.0,6.0,6.0
2024,23,Qatar Grand Prix,sainz,ferrari,7,6,Finished,8.0,57,sainz_2024_23,0,114.0,96.18945614035087,83.465,35.24657142857143,31.658807017543857,29.256543859649124,MEDIUM,MEDIUM,35.0,4.0,6.0,6.0
2024,23,Qatar Grand Prix,alonso,aston_martin,8,7,Finished,6.0,57,alonso_2024_23,0,114.0,96.23140350877192,83.667,35.319607142857144,31.681070175438595,29.185719298245616,MEDIUM,MEDIUM,35.0,4.0,6.0,6.0
2024,23,Qatar Grand Prix,zhou,sauber,12,8,Finished,4.0,57,zhou_2024_23,0,114.0,96.32777192982456,83.889,35.104214285714285,31.72678947368421,29.356438596491227,MEDIUM,MEDIUM,35.0,4.0,6.0,6.0
2024,23,Qatar Grand Prix,kevin_magnussen,haas,10,9,Finished,2.0,57,kevin_magnussen_2024_23,0,114.0,96.44736842105263,84.259,35.43528571428571,31.637333333333334,29.318491228070176,MEDIUM,HARD,30.0,4.0,6.0,6.0
2024,23,Qatar Grand Prix,norris,mclaren,3,10,Finished,2.0,57,norris_2024_23,0,114.0,92.82092592592592,82.384,35.89848214285714,31.225456140350875,29.40061403508772,MEDIUM,MEDIUM,35.0,5.0,8.0,8.0
2024,23,Qatar Grand Prix,bottas,sauber,13,11,Finished,0.0,57,bottas_2024_23,0,114.0,94.4432,85.533,35.438892857142854,31.740052631578948,29.524403508771933,MEDIUM,MEDIUM,30.0,4.0,6.0,6.0
2024,23,Qatar Grand Prix,hamilton,mercedes,6,12,Finished,0.0,57,hamilton_2024_23,0,114.0,94.06752727272728,83.865,35.65225,31.94140350877193,29.227543859649124,MEDIUM,MEDIUM,34.0,5.0,8.0,8.0
2024,23,Qatar Grand Prix,tsunoda,rb,14,13,Finished,0.0,57,tsunoda_2024_23,0,114.0,96.9547894736842,86.144,35.972,31.850228070175437,29.087070175438598,MEDIUM,MEDIUM,35.0,5.0,8.0,8.0
2024,23,Qatar Grand Prix,lawson,rb,17,14,Finished,0.0,57,lawson_2024_23,0,114.0,95.86683928571428,86.076,36.31035714285714,31.706070175438597,28.91161403508772,MEDIUM,MEDIUM,35.0,5.0,8.0,8.0
2024,23,Qatar Grand Prix,albon,williams,16,15,Lapped,0.0,56,albon_2024_23,0,112.0,97.82664285714286,85.559,36.22692727272727,32.06825,29.372732142857142,MEDIUM,MEDIUM,35.0,5.0,8.0,8.0
2024,23,Qatar Grand Prix,hulkenberg,haas,18,16,Retired,0.0,39,hulkenberg_2024_23,0,80.0,98.32071794871794,85.767,36.18592105263158,31.790179487179486,29.642692307692307,HARD,HARD,30.0,5.0,8.0,8.0
2024,23,Qatar Grand Prix,perez,red_bull,9,17,Retired,0.0,38,perez_2024_23,0,78.0,95.4564054054054,85.288,35.942054054054054,32.070815789473684,29.05984210526316,MEDIUM,MEDIUM,35.0,4.0,6.0,6.0
2024,23,Qatar Grand Prix,stroll,aston_martin,15,18,Retired,0.0,8,stroll_2024_23,0,16.0,121.44524999999999,90.935,46.57842857142857,36.625875,38.636875,MEDIUM,HARD,6.0,3.0,6.0,4.0
2024,23,Qatar Grand Prix,colapinto,williams,19,19,Retired,0.0,0,colapinto_2024_23,0,2.0,,,,,,UNKNOWN,UNKNOWN,1.0,1.0,0.0,0.0
2024,23,Qatar Grand Prix,ocon,alpine,20,20,Retired,0.0,0,ocon_2024_23,0,2.0,,,,,,UNKNOWN,UNKNOWN,1.0,1.0,0.0,0.0
2024,24,Abu Dhabi Grand Prix,norris,mclaren,1,1,Finished,25.0,58,norris_2024_24,0,116.0,89.5395,87.438,18.372877192982454,38.4721551724138,32.665362068965514,MEDIUM,HARD,32.0,2.0,2.0,2.0
2024,24,Abu Dhabi Grand Prix,sainz,ferrari,3,2,Finished,18.0,58,sainz_2024_24,0,116.0,89.64005172413792,87.765,18.36978947368421,38.36603448275862,32.846758620689656,MEDIUM,HARD,33.0,2.0,2.0,2.0
2024,24,Abu Dhabi Grand Prix,leclerc,ferrari,19,3,Finished,15.0,58,leclerc_2024_24,0,116.0,90.08998275862069,88.018,18.366175438596493,38.52874137931035,33.093310344827586,MEDIUM,HARD,38.0,2.0,2.0,2.0
2024,24,Abu Dhabi Grand Prix,hamilton,mercedes,16,4,Finished,12.0,58,hamilton_2024_24,0,116.0,90.16851724137932,87.278,18.235877192982453,38.78386206896552,33.043517241379305,HARD,HARD,34.0,2.0,2.0,2.0
2024,24,Abu Dhabi Grand Prix,russell,mercedes,6,5,Finished,10.0,58,russell_2024_24,0,116.0,90.18670689655173,88.195,18.254684210526317,38.71312068965517,33.13984482758621,MEDIUM,HARD,32.0,2.0,2.0,2.0
2024,24,Abu Dhabi Grand Prix,max_verstappen,red_bull,4,6,Finished,8.0,58,max_verstappen_2024_24,0,116.0,90.39893103448276,87.765,18.492719298245614,38.72053448275862,33.07977586206896,MEDIUM,HARD,29.0,2.0,2.0,2.0
2024,24,Abu Dhabi Grand Prix,gasly,alpine,5,7,Finished,6.0,58,gasly_2024_24,0,116.0,90.79053448275862,89.212,18.4289649122807,38.93396551724138,33.36258620689655,MEDIUM,HARD,44.0,2.0,2.0,2.0
2024,24,Abu Dhabi Grand Prix,hulkenberg,haas,7,8,Finished,4.0,58,hulkenberg_2024_24,0,116.0,90.8421551724138,89.152,18.501947368421053,38.77148275862069,33.4895,MEDIUM,HARD,45.0,2.0,2.0,2.0
2024,24,Abu Dhabi Grand Prix,alonso,aston_martin,8,9,Finished,2.0,58,alonso_2024_24,0,116.0,90.95972413793103,87.948,18.72761403508772,38.869689655172415,33.284810344827584,MEDIUM,HARD,25.0,3.0,4.0,4.0
2024,24,Abu Dhabi Grand Prix,piastri,mclaren,2,10,Finished,1.0,58,piastri_2024_24,0,116.0,90.98468965517242,87.69,18.882964912280702,38.677982758620686,33.23262068965517,MEDIUM,HARD,28.0,3.0,4.0,4.0
2024,24,Abu Dhabi Grand Prix,albon,williams,18,11,Lapped,0.0,57,albon_2024_24,0,114.0,91.30775438596491,89.438,18.52267857142857,38.962298245614036,33.71112280701754,MEDIUM,HARD,45.0,2.0,2.0,2.0
2024,24,Abu Dhabi Grand Prix,tsunoda,rb,11,12,Lapped,0.0,57,tsunoda_2024_24,0,114.0,91.3689298245614,89.2,18.470910714285715,39.1260350877193,33.648666666666664,MEDIUM,HARD,35.0,2.0,2.0,2.0
2024,24,Abu Dhabi Grand Prix,zhou,sauber,15,13,Lapped,0.0,57,zhou_2024_24,0,114.0,91.41394736842106,87.982,18.915767857142857,39.005859649122804,33.387912280701755,MEDIUM,HARD,27.0,3.0,4.0,4.0
2024,24,Abu Dhabi Grand Prix,stroll,aston_martin,13,14,Lapped,0.0,57,stroll_2024_24,0,114.0,91.34673684210526,88.604,18.79430357142857,38.83547368421053,33.62252631578947,MEDIUM,HARD,25.0,3.0,4.0,4.0
2024,24,Abu Dhabi Grand Prix,doohan,alpine,17,15,Lapped,0.0,57,doohan_2024_24,0,114.0,91.57624561403507,89.121,18.409214285714285,39.289,33.76198245614035,MEDIUM,HARD,35.0,2.0,2.0,2.0
2024,24,Abu Dhabi Grand Prix,kevin_magnussen,haas,14,16,Lapped,0.0,57,kevin_magnussen_2024_24,0,114.0,92.47171929824562,85.637,19.673928571428572,38.91529824561403,33.80938596491228,MEDIUM,SOFT,25.0,5.0,8.0,8.0
2024,24,Abu Dhabi Grand Prix,lawson,rb,12,17,Retired,0.0,55,lawson_2024_24,0,112.0,92.30816363636363,88.751,19.492555555555555,39.124981818181816,33.609981818181815,MEDIUM,HARD,33.0,4.0,6.0,6.0
2024,24,Abu Dhabi Grand Prix,bottas,sauber,9,18,Retired,0.0,30,bottas_2024_24,0,60.0,94.90933333333334,89.482,19.66096551724138,40.31266666666667,34.80376666666667,MEDIUM,HARD,24.0,2.0,4.0,2.0
2024,24,Abu Dhabi Grand Prix,colapinto,williams,20,19,Retired,0.0,26,colapinto_2024_24,0,52.0,95.01653846153846,89.411,19.31876,39.97861538461538,35.48988461538461,MEDIUM,HARD,23.0,2.0,4.0,2.0
2024,24,Abu Dhabi Grand Prix,perez,red_bull,10,20,Retired,0.0,0,perez_2024_24,0,2.0,,,,,,MEDIUM,MEDIUM,1.0,1.0,0.0,0.0
2025,1,Australian Grand Prix,norris,mclaren,1,1,Finished,25.0,57,norris_2025_1,0,57.0,103.42830188679245,82.167,37.19123214285714,23.721087719298247,46.47919298245614,INTERMEDIATE,INTERMEDIATE,34.0,6.0,5.0,5.0
2025,1,Australian Grand Prix,max_verstappen,red_bull,3,2,Finished,18.0,57,max_verstappen_2025_1,0,57.0,103.34115094339623,83.081,36.825607142857145,23.512403508771932,47.04071929824561,INTERMEDIATE,INTERMEDIATE,34.0,6.0,5.0,5.0
2025,1,Australian Grand Prix,russell,mercedes,4,3,Finished,15.0,57,russell_2025_1,0,57.0,103.68633962264151,85.065,37.01067857142857,23.614052631578947,46.86845614035088,INTERMEDIATE,INTERMEDIATE,34.0,6.0,5.0,5.0
2025,1,Australian Grand Prix,antonelli,mercedes,16,4,Finished,12.0,57,antonelli_2025_1,0,57.0,104.57937037037037,84.901,36.39258928571429,23.503333333333334,47.51942105263158,INTERMEDIATE,INTERMEDIATE,33.0,6.0,5.0,5.0
2025,1,Australian Grand Prix,albon,williams,6,5,Finished,10.0,57,albon_2025_1,0,57.0,104.67238888888889,84.597,36.593125,23.650473684210525,47.29738596491228,INTERMEDIATE,INTERMEDIATE,31.0,6.0,5.0,5.0
2025,1,Australian Grand Prix,stroll,aston_martin,13,6,Finished,8.0,57,stroll_2025_1,0,57.0,104.73012962962963,85.538,36.42401785714286,23.536508771929824,47.60561403508772,INTERMEDIATE,INTERMEDIATE,33.0,6.0,5.0,5.0
2025,1,Australian Grand Prix,hulkenberg,sauber,17,7,Finished,6.0,57,hulkenberg_2025_1,0,57.0,104.74016666666667,85.243,36.52373214285714,23.366929824561403,47.67517543859649,INTERMEDIATE,INTERMEDIATE,33.0,6.0,5.0,5.0
2025,1,Australian Grand Prix,leclerc,ferrari,7,8,Finished,4.0,57,leclerc_2025_1,0,57.0,103.9335283018868,85.271,36.446892857142856,23.270561403508772,47.95554385964912,INTERMEDIATE,INTERMEDIATE,34.0,6.0,5.0,5.0
2025,1,Australian Grand Prix,piastri,mclaren,2,9,Finished,2.0,57,piastri_2025_1,0,57.0,102.08446153846154,83.242,36.515517857142854,23.25919298245614,46.221964285714286,INTERMEDIATE,INTERMEDIATE,34.0,6.0,5.0,5.0
2025,1,Australian Grand Prix,hamilton,ferrari,8,10,Finished,1.0,57,hamilton_2025_1,0,57.0,103.9671886792453,84.218,36.604125,23.45559649122807,47.63805263157895,INTERMEDIATE,INTERMEDIATE,33.0,6.0,5.0,5.0
2025,1,Australian Grand Prix,gasly,alpine,9,11,Finished,0.0,57,gasly_2025_1,0,57.0,104.88916666666667,85.02,36.575125,23.51984210526316,47.66921052631579,INTERMEDIATE,INTERMEDIATE,33.0,6.0,5.0,5.0
2025,1,Australian Grand Prix,tsunoda,rb,5,12,Finished,0.0,57,tsunoda_2025_1,0,57.0,104.08569811320756,84.194,36.65326785714286,23.508087719298246,47.6888947368421,INTERMEDIATE,INTERMEDIATE,33.0,6.0,5.0,5.0
2025,1,Australian Grand Prix,ocon,haas,19,13,Finished,0.0,57,ocon_2025_1,0,57.0,103.84869811320755,86.764,37.10180357142857,22.99798245614035,47.71066666666666,INTERMEDIATE,INTERMEDIATE,35.0,6.0,5.0,5.0
2025,1,Australian Grand Prix,bearman,haas,20,14,Finished,0.0,57,bearman_2025_1,0,57.0,103.8700754716981,87.603,36.78901785714286,23.359947368421054,47.715649122807015,INTERMEDIATE,MEDIUM,40.0,5.0,5.0,6.0
2025,1,Australian Grand Prix,lawson,red_bull,18,15,Retired,0.0,46,lawson_2025_1,0,47.0,101.75252380952381,82.97,36.1156,23.328326086956523,47.35745652173914,INTERMEDIATE,INTERMEDIATE,29.0,5.0,4.0,5.0
2025,1,Australian Grand Prix,bortoleto,sauber,15,16,Retired,0.0,45,bortoleto_2025_1,0,46.0,102.65563414634147,84.192,36.53727272727273,23.252911111111114,47.80173333333333,INTERMEDIATE,MEDIUM,40.0,5.0,5.0,5.0
2025,1,Australian Grand Prix,alonso,aston_martin,12,17,Retired,0.0,32,alonso_2025_1,0,33.0,98.51737931034482,88.819,36.02787096774194,21.8954375,46.217875,INTERMEDIATE,INTERMEDIATE,33.0,4.0,3.0,3.0
2025,1,Australian Grand Prix,sainz,williams,10,18,Retired,0.0,0,sainz_2025_1,0,1.0,,,,,,INTERMEDIATE,INTERMEDIATE,1.0,1.0,0.0,0.0
2025,1,Australian Grand Prix,doohan,alpine,14,19,Retired,0.0,0,doohan_2025_1,0,1.0,,,,,,INTERMEDIATE,INTERMEDIATE,1.0,1.0,0.0,0.0
2025,1,Australian Grand Prix,hadjar,rb,11,20,Retired,0.0,0,hadjar_2025_1,0,1.0,,,,,,INTERMEDIATE,INTERMEDIATE,1.0,1.0,0.0,0.0
2025,2,Chinese Grand Prix,piastri,mclaren,1,1,Finished,25.0,56,piastri_2025_2,0,56.0,97.41117857142856,95.52,26.349927272727275,29.262071428571428,41.777696428571424,MEDIUM,HARD,42.0,2.0,1.0,1.0
2025,2,Chinese Grand Prix,norris,mclaren,3,2,Finished,18.0,56,norris_2025_2,0,56.0,97.58525,95.454,26.299236363636364,29.374125,41.884767857142855,MEDIUM,HARD,41.0,2.0,1.0,1.0
2025,2,Chinese Grand Prix,russell,mercedes,2,3,Finished,15.0,56,russell_2025_2,0,56.0,97.60933928571428,95.816,26.37247272727273,29.406499999999998,41.801339285714285,MEDIUM,HARD,42.0,2.0,1.0,1.0
2025,2,Chinese Grand Prix,max_verstappen,red_bull,4,4,Finished,12.0,56,max_verstappen_2025_2,0,56.0,97.70860714285713,95.488,26.316672727272724,29.450392857142855,41.888374999999996,MEDIUM,HARD,43.0,2.0,1.0,1.0
2025,2,Chinese Grand Prix,ocon,haas,11,5,Finished,10.0,56,ocon_2025_2,0,56.0,98.30348214285713,95.74,26.500763636363637,29.601482142857144,42.1365,MEDIUM,HARD,45.0,2.0,1.0,1.0
2025,2,Chinese Grand Prix,antonelli,mercedes,8,6,Finished,8.0,56,antonelli_2025_2,0,56.0,98.3709642857143,96.046,26.52450909090909,29.69460714285714,42.09660714285714,MEDIUM,HARD,44.0,2.0,1.0,1.0
2025,2,Chinese Grand Prix,albon,williams,10,7,Finished,6.0,56,albon_2025_2,0,56.0,98.4169107142857,96.254,26.524763636363637,29.660357142857144,42.16483928571429,MEDIUM,HARD,36.0,2.0,1.0,1.0
2025,2,Chinese Grand Prix,bearman,haas,17,8,Finished,4.0,56,bearman_2025_2,0,56.0,98.50587499999999,96.363,26.534636363636363,29.758464285714286,42.118589285714286,HARD,MEDIUM,30.0,2.0,1.0,1.0
2025,2,Chinese Grand Prix,stroll,aston_martin,14,9,Finished,2.0,56,stroll_2025_2,0,56.0,98.66482142857141,96.044,26.539127272727274,29.655482142857146,42.389625,HARD,HARD,36.0,2.0,1.0,1.0
2025,2,Chinese Grand Prix,sainz,williams,15,10,Finished,1.0,56,sainz_2025_2,0,56.0,98.77523214285713,96.779,26.542836363636365,29.768285714285714,42.38060714285714,MEDIUM,HARD,39.0,2.0,1.0,1.0
2025,2,Chinese Grand Prix,hadjar,rb,7,11,Finished,0.0,56,hadjar_2025_2,0,56.0,98.81966071428572,95.868,26.81538181818182,29.67417857142857,42.27732142857143,MEDIUM,HARD,23.0,3.0,2.0,2.0
2025,2,Chinese Grand Prix,lawson,red_bull,20,12,Finished,0.0,56,lawson_2025_2,0,56.0,98.86023214285714,95.985,26.712563636363637,29.69717857142857,42.315625000000004,HARD,HARD,26.0,3.0,2.0,3.0
2025,2,Chinese Grand Prix,doohan,alpine,18,13,Finished,0.0,56,doohan_2025_2,0,56.0,98.81119642857142,96.424,26.60730909090909,29.72607142857143,42.376089285714286,MEDIUM,HARD,45.0,2.0,1.0,1.0
2025,2,Chinese Grand Prix,bortoleto,sauber,19,14,Lapped,0.0,55,bortoleto_2025_2,0,55.0,99.37785454545455,95.874,26.9105,29.853927272727272,42.520545454545456,MEDIUM,HARD,29.0,3.0,2.0,2.0
2025,2,Chinese Grand Prix,hulkenberg,sauber,12,15,Lapped,0.0,55,hulkenberg_2025_2,0,55.0,99.55003636363637,97.275,26.694277777777778,30.060145454545456,42.68754545454546,MEDIUM,HARD,35.0,2.0,1.0,1.0
2025,2,Chinese Grand Prix,tsunoda,rb,9,16,Lapped,0.0,55,tsunoda_2025_2,0,55.0,99.60976363636364,95.871,27.594777777777775,29.65787272727273,42.31443636363636,MEDIUM,HARD,24.0,4.0,3.0,3.0
2025,2,Chinese Grand Prix,alonso,aston_martin,13,17,Retired,0.0,4,alonso_2025_2,0,4.0,111.3935,99.256,27.186333333333334,33.091499999999996,50.273250000000004,MEDIUM,MEDIUM,9.0,1.0,1.0,0.0
2025,2,Chinese Grand Prix,leclerc,ferrari,6,18,Disqualified,0.0,0,leclerc_2025_2,0,56.0,97.82566071428572,96.157,26.335363636363635,29.580017857142856,41.86139285714285,MEDIUM,HARD,41.0,2.0,1.0,1.0
2025,2,Chinese Grand Prix,hamilton,ferrari,5,19,Disqualified,0.0,0,hamilton_2025_2,0,56.0,97.86441071428571,95.069,26.539109090909093,29.297517857142857,41.99366071428572,MEDIUM,HARD,24.0,3.0,2.0,2.0
2025,2,Chinese Grand Prix,gasly,alpine,16,20,Disqualified,0.0,0,gasly_2025_2,0,56.0,98.6110892857143,96.425,26.46918181818182,29.64776785714286,42.400214285714284,MEDIUM,HARD,46.0,2.0,1.0,1.0
2025,3,Japanese Grand Prix,max_verstappen,red_bull,1,1,Finished,25.0,53,max_verstappen_2025_3,0,53.0,92.96194339622642,91.041,32.81534615384615,42.049264150943394,18.06335849056604,MEDIUM,HARD,32.0,2.0,1.0,1.0
2025,3,Japanese Grand Prix,norris,mclaren,2,2,Finished,18.0,53,norris_2025_3,0,53.0,92.98879245283018,91.116,32.795153846153845,42.08364150943396,18.062943396226416,MEDIUM,HARD,32.0,2.0,1.0,1.0
2025,3,Japanese Grand Prix,piastri,mclaren,3,3,Finished,15.0,53,piastri_2025_3,0,53.0,93.00211320754717,91.039,32.787,42.017943396226414,18.13664150943396,MEDIUM,HARD,33.0,2.0,1.0,1.0
2025,3,Japanese Grand Prix,leclerc,ferrari,4,4,Finished,12.0,53,leclerc_2025_3,0,53.0,93.26566037735849,91.469,33.02321153846154,42.085584905660376,18.0831320754717,MEDIUM,HARD,32.0,2.0,1.0,1.0
2025,3,Japanese Grand Prix,russell,mercedes,5,5,Finished,10.0,53,russell_2025_3,0,53.0,93.2895283018868,91.357,32.805461538461536,42.25147169811321,18.14711320754717,MEDIUM,HARD,34.0,2.0,1.0,1.0
2025,3,Japanese Grand Prix,antonelli,mercedes,6,6,Finished,8.0,53,antonelli_2025_3,0,53.0,93.31422641509435,90.965,32.95288461538461,42.184377358490565,18.081622641509433,MEDIUM,MEDIUM,31.0,2.0,1.0,1.0
2025,3,Japanese Grand Prix,hamilton,ferrari,8,7,Finished,6.0,53,hamilton_2025_3,0,53.0,93.51254716981131,91.406,33.02238461538462,42.227396226415095,18.15677358490566,HARD,HARD,30.0,2.0,1.0,1.0
2025,3,Japanese Grand Prix,hadjar,rb,7,8,Finished,4.0,53,hadjar_2025_3,0,53.0,93.66258490566038,91.317,33.06942307692307,42.30262264150944,18.19381132075472,MEDIUM,HARD,28.0,2.0,1.0,1.0
2025,3,Japanese Grand Prix,albon,williams,9,9,Finished,2.0,53,albon_2025_3,0,53.0,93.72358490566039,91.125,33.12455769230769,42.349245283018874,18.142849056603772,MEDIUM,HARD,29.0,2.0,1.0,1.0
2025,3,Japanese Grand Prix,bearman,haas,10,10,Finished,1.0,53,bearman_2025_3,0,53.0,93.99079245283018,92.006,33.13576923076923,42.466584905660376,18.27454716981132,MEDIUM,HARD,31.0,2.0,1.0,1.0
2025,3,Japanese Grand Prix,alonso,aston_martin,12,11,Finished,0.0,53,alonso_2025_3,0,53.0,94.04369811320754,91.77,33.278076923076924,42.393094339622635,18.254150943396226,MEDIUM,HARD,30.0,2.0,1.0,1.0
2025,3,Japanese Grand Prix,tsunoda,red_bull,14,12,Finished,0.0,53,tsunoda_2025_3,0,53.0,94.06384905660377,91.871,33.33167307692308,42.359018867924526,18.23688679245283,MEDIUM,HARD,30.0,2.0,1.0,1.0
2025,3,Japanese Grand Prix,gasly,alpine,11,13,Finished,0.0,53,gasly_2025_3,0,53.0,94.13405660377357,91.82,33.258096153846154,42.519283018867924,18.230622641509434,MEDIUM,HARD,29.0,2.0,1.0,1.0
2025,3,Japanese Grand Prix,sainz,williams,15,14,Finished,0.0,53,sainz_2025_3,0,53.0,94.36060377358491,91.106,33.45859615384615,42.552283018867925,18.203924528301886,MEDIUM,MEDIUM,33.0,2.0,1.0,1.0
2025,3,Japanese Grand Prix,doohan,alpine,19,15,Finished,0.0,53,doohan_2025_3,0,53.0,94.49616981132077,92.685,33.392096153846154,42.59879245283019,18.34156603773585,SOFT,HARD,38.0,2.0,1.0,1.0
2025,3,Japanese Grand Prix,hulkenberg,sauber,16,16,Finished,0.0,53,hulkenberg_2025_3,0,53.0,94.50830188679247,92.572,33.42836538461539,42.689,18.250283018867925,MEDIUM,HARD,31.0,2.0,1.0,1.0
2025,3,Japanese Grand Prix,lawson,rb,13,17,Finished,0.0,53,lawson_2025_3,0,53.0,94.52296226415093,92.043,33.55025,42.567037735849055,18.280603773584904,MEDIUM,MEDIUM,33.0,2.0,1.0,1.0
2025,3,Japanese Grand Prix,ocon,haas,18,18,Finished,0.0,53,ocon_2025_3,0,53.0,94.53624528301887,91.967,33.36805769230769,42.6868679245283,18.324169811320754,HARD,HARD,33.0,2.0,1.0,1.0
2025,3,Japanese Grand Prix,bortoleto,sauber,17,19,Finished,0.0,53,bortoleto_2025_3,0,53.0,94.54490566037737,92.034,33.46005769230769,42.624962264150945,18.278150943396227,HARD,HARD,31.0,2.0,1.0,1.0
2025,3,Japanese Grand Prix,stroll,aston_martin,20,20,Lapped,0.0,52,stroll_2025_3,0,52.0,94.99830769230769,92.052,33.96119607843137,42.498230769230766,18.377288461538463,SOFT,MEDIUM,23.0,3.0,2.0,2.0
2025,4,Bahrain Grand Prix,piastri,mclaren,1,1,Finished,25.0,57,piastri_2025_4,0,57.0,99.52437499999999,95.14,32.57201785714285,43.34950877192983,24.769701754385967,SOFT,MEDIUM,25.0,3.0,2.0,2.0
2025,4,Bahrain Grand Prix,russell,mercedes,3,2,Finished,18.0,57,russell_2025_4,0,57.0,100.02341818181819,95.518,33.35197222222222,44.321378378378384,25.46075675675676,SOFT,SOFT,28.0,3.0,2.0,2.0
2025,4,Bahrain Grand Prix,norris,mclaren,6,3,Finished,15.0,57,norris_2025_4,0,57.0,99.98400000000001,95.728,32.59780357142857,43.42326315789474,24.932298245614035,SOFT,MEDIUM,25.0,3.0,2.0,2.0
2025,4,Bahrain Grand Prix,leclerc,ferrari,2,4,Finished,12.0,57,leclerc_2025_4,0,57.0,100.01864285714285,96.132,32.598642857142856,43.45656140350877,24.95498245614035,MEDIUM,MEDIUM,25.0,3.0,2.0,2.0
2025,4,Bahrain Grand Prix,hamilton,ferrari,9,5,Finished,10.0,57,hamilton_2025_4,0,57.0,100.27203571428572,96.235,32.43617857142857,43.63970175438597,25.047280701754385,MEDIUM,MEDIUM,25.0,3.0,2.0,2.0
2025,4,Bahrain Grand Prix,max_verstappen,red_bull,7,6,Finished,8.0,57,max_verstappen_2025_4,0,57.0,101.29526315789474,96.167,32.387767857142855,43.7528947368421,25.09964912280702,SOFT,MEDIUM,31.0,3.0,2.0,2.0
2025,4,Bahrain Grand Prix,gasly,alpine,4,7,Finished,6.0,57,gasly_2025_4,0,57.0,101.32345614035087,96.531,32.594321428571426,43.60956140350877,25.078105263157894,SOFT,HARD,29.0,3.0,2.0,2.0
2025,4,Bahrain Grand Prix,ocon,haas,14,8,Finished,4.0,57,ocon_2025_4,0,57.0,101.46805263157894,97.098,32.408321428571426,43.92021052631579,25.058035087719297,SOFT,HARD,30.0,3.0,2.0,2.0
2025,4,Bahrain Grand Prix,tsunoda,red_bull,10,9,Finished,2.0,57,tsunoda_2025_4,0,57.0,100.58903571428571,97.225,32.41092857142857,43.874982456140344,25.125736842105262,SOFT,SOFT,28.0,3.0,2.0,2.0
2025,4,Bahrain Grand Prix,bearman,haas,20,10,Finished,1.0,57,bearman_2025_4,0,57.0,101.52682456140352,97.303,32.357285714285716,44.022754385964916,25.056333333333335,SOFT,SOFT,25.0,3.0,2.0,2.0
2025,4,Bahrain Grand Prix,antonelli,mercedes,5,11,Finished,0.0,57,antonelli_2025_4,0,57.0,100.64744642857143,96.69,32.64476785714286,43.98733333333333,24.8619649122807,SOFT,SOFT,28.0,4.0,3.0,3.0
2025,4,Bahrain Grand Prix,albon,williams,15,12,Finished,0.0,57,albon_2025_4,0,57.0,100.66335714285715,97.141,32.400124999999996,44.03736842105263,25.029964912280704,SOFT,MEDIUM,25.0,3.0,2.0,2.0
2025,4,Bahrain Grand Prix,hadjar,rb,12,13,Finished,0.0,57,hadjar_2025_4,0,57.0,101.67980701754385,96.952,32.69435714285714,44.03261403508772,24.872473684210526,SOFT,HARD,29.0,3.0,2.0,2.0
2025,4,Bahrain Grand Prix,doohan,alpine,11,14,Finished,0.0,57,doohan_2025_4,0,57.0,101.61826315789473,96.682,32.67935714285714,43.76405263157895,25.10419298245614,SOFT,HARD,29.0,3.0,2.0,2.0
2025,4,Bahrain Grand Prix,alonso,aston_martin,13,15,Finished,0.0,57,alonso_2025_4,0,57.0,100.85835714285714,97.906,32.632625,44.02756140350877,25.01777192982456,MEDIUM,MEDIUM,25.0,3.0,2.0,2.0
2025,4,Bahrain Grand Prix,lawson,rb,17,16,Finished,0.0,57,lawson_2025_4,0,57.0,100.65635714285715,97.38,32.588232142857144,43.92987719298246,24.948736842105262,MEDIUM,SOFT,25.0,3.0,2.0,2.0
2025,4,Bahrain Grand Prix,stroll,aston_martin,19,17,Finished,0.0,57,stroll_2025_4,0,57.0,100.934,98.064,32.61,44.088789473684216,25.042736842105263,SOFT,HARD,25.0,3.0,2.0,2.0
2025,4,Bahrain Grand Prix,bortoleto,sauber,18,18,Finished,0.0,57,bortoleto_2025_4,0,57.0,100.97157142857144,98.006,32.53848214285714,44.04882456140351,25.181035087719298,MEDIUM,MEDIUM,25.0,3.0,2.0,2.0
2025,4,Bahrain Grand Prix,sainz,williams,8,19,Retired,0.0,45,sainz_2025_4,0,45.0,102.38295454545455,96.954,33.654613636363635,44.337888888888884,25.448866666666667,SOFT,MEDIUM,18.0,4.0,4.0,3.0
2025,4,Bahrain Grand Prix,hulkenberg,sauber,16,20,Disqualified,0.0,0,hulkenberg_2025_4,0,57.0,101.62994736842106,97.338,32.63925,43.97533333333333,24.916701754385965,SOFT,MEDIUM,30.0,3.0,2.0,2.0
2025,5,Saudi Arabian Grand Prix,piastri,mclaren,2,1,Finished,25.0,50,piastri_2025_5,0,50.0,94.32264583333334,92.228,35.845510204081634,30.03194,31.44368,MEDIUM,HARD,31.0,2.0,1.0,1.0
2025,5,Saudi Arabian Grand Prix,max_verstappen,red_bull,1,2,Finished,18.0,50,max_verstappen_2025_5,0,50.0,94.35722916666667,92.28,35.76567346938776,30.11038,31.51718,MEDIUM,HARD,29.0,2.0,1.0,1.0
2025,5,Saudi Arabian Grand Prix,leclerc,ferrari,4,3,Finished,15.0,50,leclerc_2025_5,0,50.0,94.54710416666667,92.192,35.8445306122449,30.14166,31.4711,MEDIUM,MEDIUM,29.0,2.0,1.0,1.0
2025,5,Saudi Arabian Grand Prix,norris,mclaren,10,4,Finished,12.0,50,norris_2025_5,0,50.0,94.71422916666667,91.778,35.83918367346939,30.0915,31.4925,HARD,HARD,34.0,2.0,1.0,1.0
2025,5,Saudi Arabian Grand Prix,russell,mercedes,3,5,Finished,10.0,50,russell_2025_5,0,50.0,94.93283333333333,92.893,36.17110204081633,30.07406,31.6125,MEDIUM,HARD,30.0,2.0,1.0,1.0
2025,5,Saudi Arabian Grand Prix,antonelli,mercedes,5,6,Finished,8.0,50,antonelli_2025_5,0,50.0,95.12464583333333,92.396,36.26763265306123,30.1521,31.56476,MEDIUM,HARD,31.0,2.0,1.0,1.0
2025,5,Saudi Arabian Grand Prix,hamilton,ferrari,7,7,Finished,6.0,50,hamilton_2025_5,0,50.0,95.27227083333332,92.6,36.12979591836734,30.19362,31.73812,MEDIUM,HARD,27.0,2.0,1.0,1.0
2025,5,Saudi Arabian Grand Prix,sainz,williams,6,8,Finished,4.0,50,sainz_2025_5,0,50.0,95.82191666666667,92.466,36.6454693877551,30.3092,31.6126,MEDIUM,HARD,29.0,2.0,1.0,1.0
2025,5,Saudi Arabian Grand Prix,albon,williams,11,9,Finished,2.0,50,albon_2025_5,0,50.0,95.92666666666666,93.477,36.722469387755105,30.30266,31.554479999999998,MEDIUM,HARD,28.0,2.0,1.0,1.0
2025,5,Saudi Arabian Grand Prix,hadjar,rb,14,10,Finished,1.0,50,hadjar_2025_5,0,50.0,96.00102083333333,93.257,36.54722448979592,30.3754,31.65172,HARD,HARD,34.0,2.0,1.0,1.0
2025,5,Saudi Arabian Grand Prix,alonso,aston_martin,13,11,Finished,0.0,50,alonso_2025_5,0,50.0,96.13520833333332,93.009,36.501836734693875,30.421599999999998,31.835700000000003,MEDIUM,HARD,32.0,2.0,1.0,1.0
2025,5,Saudi Arabian Grand Prix,lawson,rb,12,12,Finished,0.0,50,lawson_2025_5,0,50.0,96.06504166666667,92.998,36.48675510204082,30.54694,31.558159999999997,MEDIUM,HARD,31.0,2.0,1.0,1.0
2025,5,Saudi Arabian Grand Prix,bearman,haas,15,13,Finished,0.0,50,bearman_2025_5,0,50.0,96.30537500000001,93.238,36.60797959183673,30.68156,31.51304,MEDIUM,HARD,32.0,2.0,1.0,1.0
2025,5,Saudi Arabian Grand Prix,ocon,haas,19,14,Finished,0.0,50,ocon_2025_5,0,50.0,96.80141666666667,94.309,36.59514285714286,30.9521,31.63748,MEDIUM,HARD,49.0,2.0,1.0,1.0
2025,5,Saudi Arabian Grand Prix,hulkenberg,sauber,18,15,Lapped,0.0,49,hulkenberg_2025_5,0,49.0,96.80902127659576,93.446,36.84041666666666,30.805714285714288,31.632285714285715,HARD,HARD,33.0,2.0,1.0,1.0
2025,5,Saudi Arabian Grand Prix,stroll,aston_martin,16,16,Lapped,0.0,49,stroll_2025_5,0,49.0,96.80714893617021,92.745,36.70079166666667,30.69618367346939,31.91681632653061,HARD,HARD,40.0,2.0,1.0,1.0
2025,5,Saudi Arabian Grand Prix,doohan,alpine,17,17,Lapped,0.0,49,doohan_2025_5,0,49.0,97.13621276595745,93.15,36.986604166666666,30.833408163265307,31.773285714285716,MEDIUM,HARD,31.0,3.0,2.0,2.0
2025,5,Saudi Arabian Grand Prix,bortoleto,sauber,20,18,Lapped,0.0,49,bortoleto_2025_5,0,49.0,97.15089361702127,94.447,36.6690625,31.083836734693875,31.805551020408164,MEDIUM,HARD,48.0,2.0,1.0,1.0
2025,5,Saudi Arabian Grand Prix,tsunoda,red_bull,8,19,Retired,0.0,1,tsunoda_2025_5,0,1.0,165.662,165.662,,33.152,37.433,MEDIUM,MEDIUM,1.0,1.0,1.0,0.0
2025,5,Saudi Arabian Grand Prix,gasly,alpine,9,20,Retired,0.0,0,gasly_2025_5,0,1.0,,,,,,MEDIUM,MEDIUM,1.0,1.0,0.0,0.0
2025,6,Miami Grand Prix,piastri,mclaren,4,1,Finished,25.0,57,piastri_2025_6,0,57.0,93.53661403508772,89.822,31.324714285714286,35.77357894736842,26.36219298245614,MEDIUM,HARD,25.0,2.0,1.0,1.0
2025,6,Miami Grand Prix,norris,mclaren,2,2,Finished,18.0,57,norris_2025_6,0,57.0,93.61784210526315,89.746,31.31142857142857,35.8639298245614,26.336543859649122,MEDIUM,HARD,25.0,2.0,1.0,1.0
2025,6,Miami Grand Prix,russell,mercedes,5,3,Finished,15.0,57,russell_2025_6,0,57.0,94.1970350877193,90.318,31.618107142857145,36.01328070175439,26.486228070175436,HARD,MEDIUM,25.0,2.0,1.0,1.0
2025,6,Miami Grand Prix,max_verstappen,red_bull,1,4,Finished,12.0,57,max_verstappen_2025_6,0,57.0,94.23759649122806,90.466,31.593964285714286,35.89280701754386,26.696719298245615,MEDIUM,HARD,25.0,2.0,1.0,1.0
2025,6,Miami Grand Prix,albon,williams,7,5,Finished,10.0,57,albon_2025_6,0,57.0,94.37989473684212,90.482,31.97425,35.926649122807014,26.39285964912281,MEDIUM,HARD,25.0,2.0,1.0,1.0
2025,6,Miami Grand Prix,antonelli,mercedes,3,6,Finished,8.0,57,antonelli_2025_6,0,57.0,94.51033333333334,90.795,31.817339285714286,36.0398596491228,26.59305263157895,MEDIUM,HARD,25.0,2.0,1.0,1.0
2025,6,Miami Grand Prix,leclerc,ferrari,8,7,Finished,6.0,57,leclerc_2025_6,0,57.0,94.53724561403509,90.461,31.989910714285713,36.149421052631574,26.285684210526316,MEDIUM,HARD,25.0,2.0,1.0,1.0
2025,6,Miami Grand Prix,hamilton,ferrari,12,8,Finished,4.0,57,hamilton_2025_6,0,57.0,94.59250877192983,90.562,31.834053571428573,36.40105263157895,26.218087719298246,HARD,MEDIUM,25.0,2.0,1.0,1.0
2025,6,Miami Grand Prix,sainz,williams,6,9,Finished,2.0,57,sainz_2025_6,0,57.0,94.59936842105263,90.703,32.21185714285714,36.008298245614036,26.27898245614035,MEDIUM,HARD,25.0,2.0,1.0,1.0
2025,6,Miami Grand Prix,tsunoda,red_bull,10,10,Finished,1.0,57,tsunoda_2025_6,0,57.0,94.7547543859649,90.964,31.872999999999998,36.30715789473684,26.454631578947367,MEDIUM,HARD,25.0,2.0,1.0,1.0
2025,6,Miami Grand Prix,hadjar,rb,11,11,Finished,0.0,57,hadjar_2025_6,0,57.0,94.84542105263158,90.971,31.862232142857145,36.29359649122807,26.562315789473683,HARD,HARD,34.0,1.0,1.0,1.0
2025,6,Miami Grand Prix,ocon,haas,9,12,Finished,0.0,57,ocon_2025_6,0,57.0,94.97531578947368,91.122,32.02376785714286,36.37459649122807,26.455456140350876,HARD,HARD,34.0,1.0,1.0,1.0
2025,6,Miami Grand Prix,gasly,alpine,20,13,Finished,0.0,57,gasly_2025_6,0,57.0,95.12336842105263,91.159,31.943571428571428,36.58524561403509,26.430719298245613,HARD,MEDIUM,25.0,2.0,1.0,2.0
2025,6,Miami Grand Prix,hulkenberg,sauber,16,14,Lapped,0.0,56,hulkenberg_2025_6,0,56.0,95.22753571428572,91.015,31.99956363636364,36.621964285714284,26.462946428571428,HARD,MEDIUM,20.0,2.0,1.0,1.0
2025,6,Miami Grand Prix,alonso,aston_martin,17,15,Lapped,0.0,56,alonso_2025_6,0,56.0,95.5815357142857,91.287,32.061327272727276,36.81310714285714,26.548660714285713,HARD,MEDIUM,25.0,2.0,1.0,1.0
2025,6,Miami Grand Prix,stroll,aston_martin,18,16,Lapped,0.0,56,stroll_2025_6,0,56.0,95.65623214285714,91.769,32.2628,36.72744642857143,26.523910714285712,HARD,HARD,34.0,1.0,1.0,1.0
2025,6,Miami Grand Prix,lawson,rb,15,17,Retired,0.0,36,lawson_2025_6,0,36.0,98.51419444444444,91.77,33.33125714285715,37.17455555555556,27.419527777777777,HARD,HARD,8.0,2.0,2.0,1.0
2025,6,Miami Grand Prix,bortoleto,sauber,13,18,Retired,0.0,30,bortoleto_2025_6,0,31.0,98.11529999999999,92.328,32.96834482758621,37.670033333333336,27.257633333333334,HARD,HARD,8.0,1.0,1.0,1.0
2025,6,Miami Grand Prix,bearman,haas,19,19,Retired,0.0,27,bearman_2025_6,0,28.0,95.95455555555556,92.68,31.991653846153845,37.37755555555555,26.270555555555553,HARD,HARD,5.0,1.0,0.0,0.0
2025,6,Miami Grand Prix,doohan,alpine,14,20,Retired,0.0,0,doohan_2025_6,0,1.0,,,,,,MEDIUM,MEDIUM,1.0,1.0,0.0,0.0
2025,7,Emilia Romagna Grand Prix,max_verstappen,red_bull,2,1,Finished,25.0,63,max_verstappen_2025_7,0,63.0,87.19363492063492,77.988,28.14425806451613,30.006015873015873,29.046666666666667,MEDIUM,HARD,29.0,3.0,2.0,2.0
2025,7,Emilia Romagna Grand Prix,norris,mclaren,4,2,Finished,18.0,63,norris_2025_7,0,63.0,87.29060317460318,78.311,27.811016129032257,30.308174603174603,29.143428571428572,MEDIUM,HARD,28.0,3.0,2.0,2.0
2025,7,Emilia Romagna Grand Prix,piastri,mclaren,1,3,Finished,15.0,63,piastri_2025_7,0,63.0,87.39928571428571,78.894,27.863532258064517,30.454,29.069380952380953,MEDIUM,HARD,50.0,3.0,2.0,2.0
2025,7,Emilia Romagna Grand Prix,hamilton,ferrari,12,4,Finished,12.0,63,hamilton_2025_7,0,63.0,87.42150793650794,78.265,27.70017741935484,30.53215873015873,29.115031746031747,HARD,HARD,29.0,3.0,2.0,2.0
2025,7,Emilia Romagna Grand Prix,albon,williams,7,5,Finished,10.0,63,albon_2025_7,0,63.0,87.4784761904762,78.289,27.745516129032257,30.458269841269843,29.229714285714284,MEDIUM,HARD,29.0,3.0,2.0,2.0
2025,7,Emilia Romagna Grand Prix,leclerc,ferrari,11,6,Finished,8.0,63,leclerc_2025_7,0,63.0,87.52338095238095,79.048,27.879354838709677,30.510126984126984,29.073095238095238,MEDIUM,HARD,34.0,3.0,2.0,2.0
2025,7,Emilia Romagna Grand Prix,russell,mercedes,3,7,Finished,6.0,63,russell_2025_7,0,63.0,87.54338095238096,79.733,27.975693548387095,30.485063492063492,29.06304761904762,MEDIUM,HARD,34.0,3.0,2.0,2.0
2025,7,Emilia Romagna Grand Prix,sainz,williams,6,8,Finished,4.0,63,sainz_2025_7,0,63.0,87.55709523809523,79.836,27.808,30.450603174603174,29.259238095238093,MEDIUM,HARD,34.0,3.0,2.0,2.0
2025,7,Emilia Romagna Grand Prix,hadjar,rb,9,9,Finished,2.0,63,hadjar_2025_7,0,63.0,87.56801587301587,79.473,27.735129032258065,30.373015873015873,29.394714285714286,MEDIUM,HARD,29.0,3.0,2.0,2.0
2025,7,Emilia Romagna Grand Prix,tsunoda,red_bull,20,10,Finished,1.0,63,tsunoda_2025_7,0,63.0,87.6134126984127,80.039,27.62874193548387,30.398206349206347,29.40406349206349,HARD,MEDIUM,34.0,2.0,1.0,2.0
2025,7,Emilia Romagna Grand Prix,alonso,aston_martin,5,11,Finished,0.0,63,alonso_2025_7,0,63.0,87.62617460317462,79.894,27.87027419354839,30.48247619047619,29.241079365079365,MEDIUM,HARD,35.0,3.0,2.0,2.0
2025,7,Emilia Romagna Grand Prix,hulkenberg,sauber,17,12,Finished,0.0,63,hulkenberg_2025_7,0,63.0,87.6745238095238,80.401,27.575661290322582,30.601666666666667,29.40465079365079,HARD,MEDIUM,34.0,2.0,1.0,1.0
2025,7,Emilia Romagna Grand Prix,gasly,alpine,10,13,Finished,0.0,63,gasly_2025_7,0,63.0,87.69242857142856,80.398,27.891338709677417,30.52773015873016,29.215730158730157,MEDIUM,HARD,34.0,3.0,2.0,2.0
2025,7,Emilia Romagna Grand Prix,lawson,rb,15,14,Finished,0.0,63,lawson_2025_7,0,63.0,87.70968253968255,80.473,28.018516129032257,30.453031746031744,29.166,MEDIUM,HARD,34.0,3.0,2.0,2.0
2025,7,Emilia Romagna Grand Prix,stroll,aston_martin,8,15,Finished,0.0,63,stroll_2025_7,0,63.0,87.71733333333333,80.501,27.88748387096774,30.49279365079365,29.290507936507936,MEDIUM,HARD,33.0,3.0,2.0,2.0
2025,7,Emilia Romagna Grand Prix,colapinto,alpine,16,16,Finished,0.0,63,colapinto_2025_7,0,63.0,87.72396825396825,80.345,27.780161290322578,30.552634920634922,29.310126984126985,MEDIUM,HARD,24.0,3.0,2.0,2.0
2025,7,Emilia Romagna Grand Prix,bearman,haas,19,17,Finished,0.0,63,bearman_2025_7,0,63.0,87.73026984126983,79.521,28.28875806451613,30.280190476190477,29.07807936507937,HARD,HARD,32.0,3.0,2.0,2.0
2025,7,Emilia Romagna Grand Prix,bortoleto,sauber,14,18,Finished,0.0,63,bortoleto_2025_7,0,63.0,87.80588888888889,80.63,28.049693548387094,30.418666666666667,29.26447619047619,MEDIUM,HARD,29.0,4.0,3.0,3.0
2025,7,Emilia Romagna Grand Prix,antonelli,mercedes,13,19,Retired,0.0,44,antonelli_2025_7,0,45.0,83.85781818181819,80.62,26.694372093023254,29.18340909090909,27.856272727272724,HARD,HARD,29.0,2.0,1.0,1.0
2025,7,Emilia Romagna Grand Prix,ocon,haas,18,20,Retired,0.0,27,ocon_2025_7,0,28.0,83.79018518518518,81.413,27.094692307692306,28.733555555555558,27.739592592592594,MEDIUM,HARD,27.0,2.0,1.0,1.0
2025,8,Monaco Grand Prix,norris,mclaren,1,1,Finished,25.0,78,norris_2025_8,0,78.0,77.35696153846153,73.221,20.290480519480518,36.29570512820513,20.71223076923077,MEDIUM,HARD,31.0,3.0,2.0,2.0
2025,8,Monaco Grand Prix,leclerc,ferrari,2,2,Finished,18.0,78,leclerc_2025_8,0,78.0,77.39710256410257,74.055,20.223441558441557,36.40139743589744,20.704564102564103,MEDIUM,MEDIUM,29.0,3.0,2.0,2.0
2025,8,Monaco Grand Prix,piastri,mclaren,3,3,Finished,15.0,78,piastri_2025_8,0,78.0,77.40385897435898,73.745,20.366116883116884,36.22435897435897,20.738820512820514,MEDIUM,HARD,30.0,3.0,2.0,2.0
2025,8,Monaco Grand Prix,max_verstappen,red_bull,4,4,Finished,12.0,78,max_verstappen_2025_8,0,78.0,77.62070512820513,74.23,20.39505194805195,36.4405,20.702179487179485,HARD,MEDIUM,49.0,3.0,2.0,2.0
2025,8,Monaco Grand Prix,hamilton,ferrari,7,5,Finished,10.0,78,hamilton_2025_8,0,78.0,78.01576923076924,74.09,20.488987012987014,36.55855128205128,20.869141025641028,HARD,HARD,39.0,3.0,2.0,2.0
2025,8,Monaco Grand Prix,hadjar,rb,5,6,Lapped,8.0,77,hadjar_2025_8,0,77.0,79.20681818181818,75.981,20.849078947368422,37.16962337662338,21.103376623376622,MEDIUM,HARD,59.0,3.0,2.0,2.0
2025,8,Monaco Grand Prix,ocon,haas,8,7,Lapped,6.0,77,ocon_2025_8,0,77.0,79.21911688311688,75.157,20.929355263157895,36.96907792207792,21.22077922077922,MEDIUM,HARD,49.0,3.0,2.0,2.0
2025,8,Monaco Grand Prix,lawson,rb,9,8,Lapped,4.0,77,lawson_2025_8,0,77.0,79.22842857142857,75.321,20.76721052631579,37.09266233766234,21.260727272727273,MEDIUM,HARD,38.0,3.0,2.0,2.0
2025,8,Monaco Grand Prix,albon,williams,10,9,Lapped,2.0,76,albon_2025_8,0,76.0,79.54884210526316,74.597,20.999146666666665,37.18403947368421,21.256394736842108,MEDIUM,MEDIUM,36.0,3.0,2.0,2.0
2025,8,Monaco Grand Prix,sainz,williams,11,10,Lapped,1.0,76,sainz_2025_8,0,76.0,79.59309210526315,73.988,20.90016,37.24596052631579,21.326736842105266,HARD,HARD,48.0,3.0,2.0,2.0
2025,8,Monaco Grand Prix,russell,mercedes,14,11,Lapped,0.0,76,russell_2025_8,0,76.0,79.83798684210527,73.405,21.097346666666667,37.12290789473684,21.484973684210527,HARD,HARD,53.0,3.0,3.0,3.0
2025,8,Monaco Grand Prix,bearman,haas,20,12,Lapped,0.0,76,bearman_2025_8,0,76.0,80.11231578947368,74.855,20.749773333333334,37.23886842105263,21.962289473684212,MEDIUM,MEDIUM,59.0,3.0,2.0,2.0
2025,8,Monaco Grand Prix,colapinto,alpine,18,13,Lapped,0.0,76,colapinto_2025_8,0,76.0,80.14417105263158,75.298,21.003626666666666,37.50743421052632,21.48280263157895,HARD,MEDIUM,50.0,3.0,2.0,2.0
2025,8,Monaco Grand Prix,bortoleto,sauber,16,14,Lapped,0.0,76,bortoleto_2025_8,0,76.0,80.29298684210526,74.884,20.744626666666665,37.427921052631575,21.976697368421053,MEDIUM,MEDIUM,41.0,4.0,3.0,3.0
2025,8,Monaco Grand Prix,stroll,aston_martin,19,15,Lapped,0.0,76,stroll_2025_8,0,76.0,80.31892105263158,74.877,21.091586666666664,37.58226315789474,21.493407894736844,HARD,HARD,48.0,3.0,2.0,2.0
2025,8,Monaco Grand Prix,hulkenberg,sauber,13,16,Lapped,0.0,76,hulkenberg_2025_8,0,76.0,80.3340394736842,75.223,21.159026666666666,37.558671052631574,21.49546052631579,MEDIUM,HARD,32.0,3.0,2.0,2.0
2025,8,Monaco Grand Prix,tsunoda,red_bull,12,17,Lapped,0.0,76,tsunoda_2025_8,0,76.0,80.33805263157895,74.913,20.992426666666667,37.61418421052631,21.60313157894737,SOFT,HARD,72.0,3.0,2.0,2.0
2025,8,Monaco Grand Prix,antonelli,mercedes,15,18,Lapped,0.0,75,antonelli_2025_8,0,75.0,80.56336,73.518,21.22081081081081,37.640906666666666,21.565533333333335,HARD,HARD,69.0,3.0,2.0,2.0
2025,8,Monaco Grand Prix,alonso,aston_martin,6,19,Retired,0.0,36,alonso_2025_8,0,37.0,80.75283333333333,75.593,21.563342857142857,37.630361111111114,21.383972222222223,HARD,HARD,22.0,2.0,1.0,1.0
2025,8,Monaco Grand Prix,gasly,alpine,17,20,Retired,0.0,7,gasly_2025_8,0,8.0,93.94414285714286,78.054,25.321571428571428,41.19525,25.782142857142855,MEDIUM,MEDIUM,7.0,2.0,2.0,1.0
2025,9,Spanish Grand Prix,piastri,mclaren,1,1,Finished,25.0,66,piastri_2025_9,0,66.0,84.50568181818181,75.743,25.47983076923077,33.56378787878788,25.443409090909093,SOFT,SOFT,27.0,4.0,3.0,3.0
2025,9,Spanish Grand Prix,norris,mclaren,2,2,Finished,18.0,66,norris_2025_9,0,66.0,84.54312121212122,76.187,25.422015384615385,33.63859090909091,25.446757575757573,SOFT,SOFT,27.0,4.0,3.0,3.0
2025,9,Spanish Grand Prix,leclerc,ferrari,7,3,Finished,15.0,66,leclerc_2025_9,0,66.0,84.6640909090909,77.259,25.478784615384615,33.608666666666664,25.527530303030304,SOFT,MEDIUM,23.0,4.0,3.0,3.0
2025,9,Spanish Grand Prix,russell,mercedes,4,4,Finished,12.0,66,russell_2025_9,0,66.0,84.67778787878788,77.244,25.443615384615384,33.77784848484849,25.409954545454546,SOFT,SOFT,23.0,4.0,3.0,3.0
2025,9,Spanish Grand Prix,hulkenberg,sauber,15,5,Finished,10.0,66,hulkenberg_2025_9,0,66.0,84.7124696969697,77.575,25.44586153846154,33.63518181818182,25.561560606060606,SOFT,MEDIUM,36.0,4.0,3.0,3.0
2025,9,Spanish Grand Prix,hamilton,ferrari,5,6,Finished,8.0,66,hamilton_2025_9,0,66.0,84.74065151515151,77.706,25.53783076923077,33.61390909090909,25.549636363636363,SOFT,SOFT,30.0,4.0,3.0,3.0
2025,9,Spanish Grand Prix,hadjar,rb,9,7,Finished,6.0,66,hadjar_2025_9,0,66.0,84.74843939393939,77.77,25.57853846153846,33.530772727272726,25.58292424242424,SOFT,SOFT,29.0,4.0,3.0,3.0
2025,9,Spanish Grand Prix,gasly,alpine,8,8,Finished,4.0,66,gasly_2025_9,0,66.0,84.7766212121212,77.896,25.4756,33.690287878787885,25.55639393939394,SOFT,SOFT,24.0,4.0,3.0,3.0
2025,9,Spanish Grand Prix,alonso,aston_martin,10,9,Finished,2.0,66,alonso_2025_9,0,66.0,84.8324090909091,78.128,25.293907692307695,34.020681818181814,25.453590909090906,SOFT,SOFT,28.0,4.0,3.0,3.0
2025,9,Spanish Grand Prix,max_verstappen,red_bull,3,10,Finished,1.0,66,max_verstappen_2025_9,0,66.0,84.68486363636363,77.019,25.634984615384617,33.5875,25.43616666666667,SOFT,SOFT,18.0,5.0,4.0,4.0
2025,9,Spanish Grand Prix,lawson,rb,13,11,Finished,0.0,66,lawson_2025_9,0,66.0,84.8925303030303,79.424,25.3566,34.038909090909094,25.42371212121212,SOFT,SOFT,26.0,3.0,2.0,2.0
2025,9,Spanish Grand Prix,bortoleto,sauber,12,12,Finished,0.0,66,bortoleto_2025_9,0,66.0,84.8995606060606,78.297,25.150153846153845,34.064772727272725,25.61418181818182,SOFT,SOFT,30.0,3.0,2.0,2.0
2025,9,Spanish Grand Prix,tsunoda,red_bull,19,13,Finished,0.0,66,tsunoda_2025_9,0,66.0,84.9423787878788,77.998,25.588661538461537,33.76187878787879,25.444439393939394,MEDIUM,SOFT,20.0,5.0,4.0,5.0
2025,9,Spanish Grand Prix,sainz,williams,17,14,Finished,0.0,66,sainz_2025_9,0,66.0,84.94975757575757,79.317,25.527861538461536,34.034666666666666,25.298969696969696,SOFT,SOFT,25.0,4.0,3.0,3.0
2025,9,Spanish Grand Prix,colapinto,alpine,18,15,Finished,0.0,66,colapinto_2025_9,0,66.0,84.98115151515152,78.353,25.490676923076922,33.88407575757576,25.51430303030303,SOFT,SOFT,25.0,4.0,3.0,3.0
2025,9,Spanish Grand Prix,ocon,haas,16,16,Finished,0.0,66,ocon_2025_9,0,66.0,84.99351515151515,78.624,25.27478461538462,34.08506060606061,25.544984848484848,SOFT,MEDIUM,23.0,3.0,2.0,2.0
2025,9,Spanish Grand Prix,bearman,haas,14,17,Finished,0.0,66,bearman_2025_9,0,66.0,84.91575757575757,78.907,25.43609230769231,33.999560606060605,25.399060606060605,SOFT,MEDIUM,27.0,4.0,3.0,3.0
2025,9,Spanish Grand Prix,antonelli,mercedes,6,18,Retired,0.0,53,antonelli_2025_9,0,54.0,82.07418867924528,78.255,24.71651923076923,32.74052830188679,24.536924528301885,SOFT,MEDIUM,28.0,3.0,2.0,2.0
2025,9,Spanish Grand Prix,albon,williams,11,19,Retired,0.0,27,albon_2025_9,0,27.0,85.30177777777779,80.508,26.567153846153847,33.45448148148148,25.133407407407407,SOFT,SOFT,21.0,3.0,3.0,2.0
2025,10,Canadian Grand Prix,russell,mercedes,1,1,Finished,25.0,70,russell_2025_10,0,70.0,78.75268571428572,74.119,21.742985507246377,24.501242857142856,32.44052857142857,MEDIUM,HARD,30.0,6.0,5.0,5.0
2025,10,Canadian Grand Prix,max_verstappen,red_bull,2,2,Finished,18.0,70,max_verstappen_2025_10,0,70.0,78.75594285714286,74.287,21.729159420289854,24.56394285714286,32.38657142857143,MEDIUM,HARD,33.0,6.0,5.0,5.0
2025,10,Canadian Grand Prix,antonelli,mercedes,4,3,Finished,15.0,70,antonelli_2025_10,0,70.0,78.76717142857143,74.455,21.734115942028986,24.589257142857143,32.36098571428571,MEDIUM,HARD,32.0,6.0,5.0,5.0
2025,10,Canadian Grand Prix,piastri,mclaren,3,4,Finished,12.0,70,piastri_2025_10,0,70.0,78.7828142857143,74.255,21.763724637681158,24.63142857142857,32.30157142857143,MEDIUM,HARD,29.0,6.0,5.0,5.0
2025,10,Canadian Grand Prix,leclerc,ferrari,8,5,Finished,10.0,70,leclerc_2025_10,0,70.0,78.80185714285714,74.261,21.810565217391307,24.591385714285714,32.295314285714284,HARD,HARD,28.0,6.0,5.0,5.0
2025,10,Canadian Grand Prix,hamilton,ferrari,5,6,Finished,8.0,70,hamilton_2025_10,0,70.0,78.90572857142857,74.805,21.979681159420288,24.424785714285715,32.413199999999996,MEDIUM,HARD,30.0,6.0,5.0,5.0
2025,10,Canadian Grand Prix,alonso,aston_martin,6,7,Finished,6.0,70,alonso_2025_10,0,70.0,78.90942857142856,75.024,21.956507246376813,24.535471428571427,32.32492857142857,MEDIUM,HARD,36.0,7.0,6.0,6.0
2025,10,Canadian Grand Prix,hulkenberg,sauber,11,8,Finished,4.0,70,hulkenberg_2025_10,0,70.0,78.97217142857143,75.372,22.019159420289853,24.70917142857143,32.12708571428572,MEDIUM,HARD,51.0,6.0,5.0,5.0
2025,10,Canadian Grand Prix,ocon,haas,14,9,Lapped,2.0,69,ocon_2025_10,0,69.0,79.9153768115942,74.593,22.211867647058824,25.05768115942029,32.5201884057971,HARD,HARD,57.0,5.0,4.0,4.0
2025,10,Canadian Grand Prix,sainz,williams,16,10,Lapped,1.0,69,sainz_2025_10,0,69.0,79.92136231884058,74.389,22.17669117647059,25.090101449275362,32.52331884057971,HARD,HARD,57.0,5.0,4.0,4.0
2025,10,Canadian Grand Prix,bearman,haas,13,11,Lapped,0.0,69,bearman_2025_10,0,69.0,79.94789855072463,75.397,22.36414705882353,24.928014492753622,32.535318840579706,MEDIUM,HARD,48.0,5.0,4.0,4.0
2025,10,Canadian Grand Prix,tsunoda,red_bull,18,12,Lapped,0.0,69,tsunoda_2025_10,0,69.0,79.97310144927536,75.358,22.316926470588236,24.886434782608696,32.631550724637684,HARD,HARD,56.0,5.0,4.0,4.0
2025,10,Canadian Grand Prix,colapinto,alpine,10,13,Lapped,0.0,69,colapinto_2025_10,0,69.0,79.99573913043479,76.076,22.355117647058822,24.83868115942029,32.69569565217392,MEDIUM,HARD,55.0,5.0,4.0,4.0
2025,10,Canadian Grand Prix,bortoleto,sauber,15,14,Lapped,0.0,69,bortoleto_2025_10,0,69.0,80.00821739130434,75.414,22.51516176470588,24.979724637681162,32.384159420289855,HARD,HARD,49.0,5.0,4.0,4.0
2025,10,Canadian Grand Prix,gasly,alpine,20,15,Lapped,0.0,69,gasly_2025_10,0,69.0,80.00924637681159,74.993,22.415367647058822,24.919521739130438,32.46165217391304,HARD,HARD,53.0,5.0,4.0,5.0
2025,10,Canadian Grand Prix,hadjar,rb,12,16,Lapped,0.0,69,hadjar_2025_10,0,69.0,80.02065217391305,76.292,22.601,24.893884057971015,32.41197101449275,MEDIUM,HARD,54.0,5.0,4.0,4.0
2025,10,Canadian Grand Prix,stroll,aston_martin,17,17,Lapped,0.0,69,stroll_2025_10,0,69.0,80.0253768115942,74.902,22.438897058823528,24.708826086956524,32.73527536231884,HARD,HARD,28.0,6.0,5.0,5.0
2025,10,Canadian Grand Prix,norris,mclaren,7,18,Retired,0.0,66,norris_2025_10,0,67.0,76.32530303030303,74.229,21.23766153846154,24.057242424242425,30.915924242424243,HARD,HARD,29.0,3.0,2.0,2.0
2025,10,Canadian Grand Prix,lawson,rb,19,19,Retired,0.0,53,lawson_2025_10,0,54.0,78.42022641509433,76.32,21.8911320754717,24.752666666666666,31.494150943396228,HARD,HARD,39.0,2.0,2.0,2.0
2025,10,Canadian Grand Prix,albon,williams,9,20,Retired,0.0,46,albon_2025_10,0,47.0,78.32782608695652,76.197,21.961688888888887,24.665695652173916,31.527500000000003,MEDIUM,HARD,27.0,2.0,1.0,1.0
2025,11,Austrian Grand Prix,norris,mclaren,1,1,Finished,25.0,70,norris_2025_11,0,70.0,71.82418571428572,68.272,18.295898550724637,31.6553,21.8397,MEDIUM,MEDIUM,32.0,3.0,2.0,2.0
2025,11,Austrian Grand Prix,piastri,mclaren,3,2,Finished,18.0,70,piastri_2025_11,0,70.0,71.86268571428572,67.924,18.22355072463768,31.774771428571427,21.829071428571428,MEDIUM,MEDIUM,29.0,3.0,2.0,2.0
2025,11,Austrian Grand Prix,leclerc,ferrari,2,3,Finished,15.0,70,leclerc_2025_11,0,70.0,72.10732857142857,68.765,18.284884057971013,31.762785714285712,22.018857142857144,MEDIUM,MEDIUM,25.0,3.0,2.0,2.0
2025,11,Austrian Grand Prix,hamilton,ferrari,4,4,Finished,12.0,70,hamilton_2025_11,0,70.0,72.23875714285714,68.628,18.231246376811594,31.841257142857142,22.12148571428571,MEDIUM,MEDIUM,26.0,3.0,2.0,2.0
2025,11,Austrian Grand Prix,russell,mercedes,5,5,Finished,10.0,70,russell_2025_11,0,70.0,72.71555714285714,69.372,18.317797101449273,32.15108571428571,22.203485714285712,MEDIUM,MEDIUM,27.0,3.0,2.0,2.0
2025,11,Austrian Grand Prix,lawson,rb,6,6,Finished,8.0,70,lawson_2025_11,0,70.0,72.7921,69.977,18.206159420289854,32.18971428571429,22.343342857142858,MEDIUM,HARD,38.0,2.0,1.0,1.0
2025,11,Austrian Grand Prix,alonso,aston_martin,11,7,Lapped,6.0,69,alonso_2025_11,0,69.0,72.88594202898551,69.935,18.045676470588234,32.34710144927536,22.425043478260868,MEDIUM,HARD,37.0,2.0,1.0,1.0
2025,11,Austrian Grand Prix,bortoleto,sauber,8,8,Lapped,4.0,69,bortoleto_2025_11,0,69.0,72.89340579710145,69.247,18.442308823529412,32.1118115942029,22.28817391304348,MEDIUM,MEDIUM,28.0,3.0,2.0,2.0
2025,11,Austrian Grand Prix,hulkenberg,sauber,20,9,Lapped,2.0,69,hulkenberg_2025_11,0,69.0,72.977,69.459,18.388132352941177,32.06494202898551,22.44936231884058,SOFT,MEDIUM,30.0,3.0,2.0,2.0
2025,11,Austrian Grand Prix,ocon,haas,17,10,Lapped,1.0,69,ocon_2025_11,0,69.0,73.00984057971014,69.55,18.379764705882355,32.06726086956522,22.48069565217391,MEDIUM,HARD,31.0,3.0,2.0,2.0
2025,11,Austrian Grand Prix,bearman,haas,15,11,Lapped,0.0,69,bearman_2025_11,0,69.0,73.2253188405797,69.96,18.40955882352941,32.23721739130435,22.511695652173913,SOFT,MEDIUM,30.0,3.0,2.0,2.0
2025,11,Austrian Grand Prix,hadjar,rb,13,12,Lapped,0.0,69,hadjar_2025_11,0,69.0,73.27028985507246,70.204,18.31666176470588,32.355376811594205,22.529202898550725,SOFT,HARD,41.0,3.0,2.0,2.0
2025,11,Austrian Grand Prix,gasly,alpine,10,13,Lapped,0.0,69,gasly_2025_11,0,69.0,73.34417391304348,70.151,18.39410294117647,32.27466666666667,22.61885507246377,SOFT,MEDIUM,31.0,3.0,2.0,2.0
2025,11,Austrian Grand Prix,stroll,aston_martin,16,14,Lapped,0.0,69,stroll_2025_11,0,69.0,73.3645652173913,69.214,18.40461764705882,32.300999999999995,22.58713043478261,MEDIUM,HARD,28.0,3.0,2.0,2.0
2025,11,Austrian Grand Prix,colapinto,alpine,14,15,Lapped,0.0,69,colapinto_2025_11,0,69.0,73.41137681159421,69.621,18.504617647058826,32.39679710144927,22.442289855072463,SOFT,HARD,30.0,3.0,2.0,2.0
2025,11,Austrian Grand Prix,tsunoda,red_bull,18,16,Lapped,0.0,68,tsunoda_2025_11,0,68.0,73.9804705882353,69.802,18.938567164179105,32.253750000000004,22.725411764705882,MEDIUM,MEDIUM,30.0,4.0,3.0,3.0
2025,11,Austrian Grand Prix,albon,williams,12,17,Retired,0.0,15,albon_2025_11,0,15.0,80.01520000000001,70.641,19.803785714285713,34.17706666666666,25.8324,MEDIUM,MEDIUM,13.0,2.0,2.0,1.0
2025,11,Austrian Grand Prix,max_verstappen,red_bull,7,18,Retired,0.0,0,max_verstappen_2025_11,0,1.0,,,,,,MEDIUM,MEDIUM,1.0,1.0,0.0,0.0
2025,11,Austrian Grand Prix,antonelli,mercedes,9,19,Retired,0.0,0,antonelli_2025_11,0,1.0,,,,,,MEDIUM,MEDIUM,1.0,1.0,0.0,0.0
2025,11,Austrian Grand Prix,sainz,williams,19,20,Did not start,0.0,0,sainz_2025_11,0,1.0,,,,,,MEDIUM,MEDIUM,1.0,1.0,0.0,0.0
2025,12,British Grand Prix,norris,mclaren,3,1,Finished,25.0,52,norris_2025_12,0,52.0,105.54921739130435,89.734,36.010999999999996,45.64625,30.561923076923076,INTERMEDIATE,INTERMEDIATE,33.0,3.0,2.0,2.0
2025,12,British Grand Prix,piastri,mclaren,2,2,Finished,18.0,52,piastri_2025_12,0,52.0,105.34128260869565,89.337,36.119176470588236,45.70834615384615,30.52926923076923,INTERMEDIATE,INTERMEDIATE,32.0,3.0,2.0,2.0
2025,12,British Grand Prix,hulkenberg,sauber,19,3,Finished,15.0,52,hulkenberg_2025_12,0,52.0,106.56926086956521,90.933,36.37494117647059,45.81459615384615,30.623961538461536,INTERMEDIATE,INTERMEDIATE,33.0,3.0,2.0,2.0
2025,12,British Grand Prix,hamilton,ferrari,5,4,Finished,12.0,52,hamilton_2025_12,0,52.0,107.64827659574468,90.016,36.306901960784316,45.72213461538461,30.95551923076923,INTERMEDIATE,INTERMEDIATE,30.0,3.0,2.0,2.0
2025,12,British Grand Prix,max_verstappen,red_bull,1,5,Finished,10.0,52,max_verstappen_2025_12,0,52.0,106.5866304347826,90.179,36.04023529411764,46.369480769230776,30.924211538461538,INTERMEDIATE,INTERMEDIATE,30.0,3.0,2.0,2.0
2025,12,British Grand Prix,gasly,alpine,8,6,Finished,8.0,52,gasly_2025_12,0,52.0,108.05423404255319,90.751,36.429529411764705,46.067653846153846,30.86448076923077,INTERMEDIATE,INTERMEDIATE,30.0,3.0,2.0,2.0
2025,12,British Grand Prix,stroll,aston_martin,17,7,Finished,6.0,52,stroll_2025_12,0,52.0,107.02754347826087,92.088,36.690411764705885,45.89821153846154,30.72955769230769,INTERMEDIATE,INTERMEDIATE,31.0,4.0,3.0,3.0
2025,12,British Grand Prix,albon,williams,13,8,Finished,4.0,52,albon_2025_12,0,52.0,108.29774468085105,90.047,36.46411764705883,45.96534615384615,30.983961538461536,INTERMEDIATE,INTERMEDIATE,30.0,3.0,2.0,2.0
2025,12,British Grand Prix,alonso,aston_martin,7,9,Finished,2.0,52,alonso_2025_12,0,52.0,108.271,90.353,36.489372549019606,46.09128846153846,30.89326923076923,INTERMEDIATE,INTERMEDIATE,26.0,3.0,2.0,2.0
2025,12,British Grand Prix,russell,mercedes,4,10,Finished,1.0,52,russell_2025_12,0,52.0,108.34195744680851,90.869,36.05150980392157,45.72882692307692,31.605596153846154,HARD,INTERMEDIATE,28.0,3.0,2.0,3.0
2025,12,British Grand Prix,bearman,haas,18,11,Finished,0.0,52,bearman_2025_12,0,52.0,108.61365957446807,90.921,36.347,45.45607692307692,31.530673076923076,HARD,INTERMEDIATE,31.0,3.0,2.0,3.0
2025,12,British Grand Prix,sainz,williams,9,12,Finished,0.0,52,sainz_2025_12,0,52.0,108.56846808510637,90.645,36.406725490196074,46.097884615384615,31.16544230769231,INTERMEDIATE,INTERMEDIATE,30.0,3.0,2.0,2.0
2025,12,British Grand Prix,ocon,haas,14,13,Finished,0.0,52,ocon_2025_12,0,52.0,108.3108085106383,90.818,36.59360784313725,46.142634615384615,30.88276923076923,INTERMEDIATE,INTERMEDIATE,24.0,3.0,2.0,2.0
2025,12,British Grand Prix,leclerc,ferrari,6,14,Finished,0.0,52,leclerc_2025_12,0,52.0,108.80957446808512,90.819,36.5391568627451,45.45646153846154,31.636288461538463,MEDIUM,INTERMEDIATE,32.0,3.0,2.0,3.0
2025,12,British Grand Prix,tsunoda,red_bull,11,15,Lapped,0.0,51,tsunoda_2025_12,0,51.0,110.05676086956521,90.873,37.18804,46.62737254901961,31.187078431372548,INTERMEDIATE,INTERMEDIATE,30.0,3.0,2.0,2.0
2025,12,British Grand Prix,antonelli,mercedes,10,16,Retired,0.0,23,antonelli_2025_12,0,23.0,120.09111764705882,99.336,44.11368181818182,50.800826086956526,35.71626086956522,INTERMEDIATE,INTERMEDIATE,11.0,4.0,4.0,3.0
2025,12,British Grand Prix,hadjar,rb,12,17,Retired,0.0,17,hadjar_2025_12,0,18.0,122.0316,101.705,41.6016875,48.92541176470588,36.26641176470588,MEDIUM,MEDIUM,10.0,2.0,1.0,2.0
2025,12,British Grand Prix,bortoleto,sauber,16,18,Retired,0.0,3,bortoleto_2025_12,0,4.0,136.36766666666668,135.202,46.218500000000006,50.184666666666665,38.573,MEDIUM,MEDIUM,4.0,1.0,0.0,1.0
2025,12,British Grand Prix,lawson,rb,15,19,Retired,0.0,0,lawson_2025_12,0,1.0,,,,,,INTERMEDIATE,INTERMEDIATE,1.0,1.0,0.0,0.0
2025,12,British Grand Prix,colapinto,alpine,20,20,Did not start,0.0,0,colapinto_2025_12,0,1.0,,,,,,HARD,HARD,1.0,1.0,0.0,0.0
2025,13,Belgian Grand Prix,piastri,mclaren,2,1,Finished,25.0,44,piastri_2025_13,0,44.0,112.06253658536586,105.706,33.03739534883721,51.681568181818186,31.185613636363634,MEDIUM,MEDIUM,32.0,2.0,1.0,2.0
2025,13,Belgian Grand Prix,norris,mclaren,1,2,Finished,18.0,44,norris_2025_13,0,44.0,112.13146341463415,105.257,33.105372093023256,51.77552272727273,31.144863636363638,HARD,HARD,31.0,2.0,1.0,2.0
2025,13,Belgian Grand Prix,leclerc,ferrari,3,3,Finished,15.0,44,leclerc_2025_13,0,44.0,112.61043902439025,106.174,32.945720930232554,52.1276590909091,31.262204545454548,MEDIUM,MEDIUM,32.0,2.0,1.0,2.0
2025,13,Belgian Grand Prix,max_verstappen,red_bull,4,4,Finished,12.0,44,max_verstappen_2025_13,0,44.0,112.67973170731706,106.096,33.11732558139535,51.92909090909091,31.28890909090909,MEDIUM,MEDIUM,32.0,2.0,1.0,2.0
2025,13,Belgian Grand Prix,russell,mercedes,6,5,Finished,10.0,44,russell_2025_13,0,44.0,113.06241463414635,106.566,32.848837209302324,52.47745454545454,31.215522727272727,MEDIUM,MEDIUM,32.0,2.0,1.0,2.0
2025,13,Belgian Grand Prix,albon,williams,5,6,Finished,8.0,44,albon_2025_13,0,44.0,113.1410731707317,106.813,33.02797674418605,52.40868181818182,31.286545454545454,MEDIUM,MEDIUM,32.0,2.0,1.0,2.0
2025,13,Belgian Grand Prix,hamilton,ferrari,18,7,Finished,6.0,44,hamilton_2025_13,0,44.0,113.51165853658537,106.534,33.24509302325581,51.16927272727273,31.111227272727273,MEDIUM,MEDIUM,33.0,2.0,1.0,2.0
2025,13,Belgian Grand Prix,lawson,rb,9,8,Finished,4.0,44,lawson_2025_13,0,44.0,113.55585365853659,106.649,33.3736976744186,51.989431818181814,31.279181818181822,MEDIUM,MEDIUM,32.0,2.0,1.0,2.0
2025,13,Belgian Grand Prix,bortoleto,sauber,10,9,Finished,2.0,44,bortoleto_2025_13,0,44.0,113.66592682926829,106.966,33.35213953488372,51.91525000000001,31.33204545454545,MEDIUM,MEDIUM,32.0,2.0,1.0,2.0
2025,13,Belgian Grand Prix,gasly,alpine,13,10,Finished,1.0,44,gasly_2025_13,0,44.0,114.14143902439024,107.177,33.24546511627907,52.20711363636363,31.289250000000003,MEDIUM,MEDIUM,33.0,2.0,1.0,2.0
2025,13,Belgian Grand Prix,bearman,haas,12,11,Finished,0.0,44,bearman_2025_13,0,44.0,114.11046341463415,106.709,33.26146511627907,52.05638636363637,31.474750000000004,MEDIUM,MEDIUM,32.0,2.0,1.0,2.0
2025,13,Belgian Grand Prix,hulkenberg,sauber,14,12,Finished,0.0,44,hulkenberg_2025_13,0,44.0,114.19846341463413,105.068,33.628255813953494,51.54640909090909,31.451295454545455,MEDIUM,MEDIUM,33.0,2.0,2.0,3.0
2025,13,Belgian Grand Prix,tsunoda,red_bull,7,13,Finished,0.0,44,tsunoda_2025_13,0,44.0,114.08439024390243,107.241,33.12893023255814,52.79215909090909,31.454977272727273,MEDIUM,MEDIUM,31.0,2.0,1.0,2.0
2025,13,Belgian Grand Prix,stroll,aston_martin,16,14,Finished,0.0,44,stroll_2025_13,0,44.0,114.37717073170731,107.212,33.43355813953488,51.847590909090904,31.380590909090913,MEDIUM,MEDIUM,32.0,2.0,1.0,2.0
2025,13,Belgian Grand Prix,ocon,haas,11,15,Finished,0.0,44,ocon_2025_13,0,44.0,114.4239268292683,106.744,33.18586046511628,52.51315909090909,31.460636363636365,MEDIUM,MEDIUM,38.0,2.0,1.0,2.0
2025,13,Belgian Grand Prix,antonelli,mercedes,19,16,Finished,0.0,44,antonelli_2025_13,0,44.0,114.6829268292683,104.861,33.516790697674416,51.7268409090909,31.238568181818184,MEDIUM,MEDIUM,32.0,2.0,2.0,3.0
2025,13,Belgian Grand Prix,alonso,aston_martin,20,17,Finished,0.0,44,alonso_2025_13,0,44.0,114.74175609756098,105.849,33.615697674418605,51.48602272727273,31.325204545454543,MEDIUM,MEDIUM,33.0,2.0,2.0,3.0
2025,13,Belgian Grand Prix,sainz,williams,17,18,Finished,0.0,44,sainz_2025_13,0,44.0,114.71636585365854,106.073,33.87776744186046,51.41493181818182,31.54190909090909,MEDIUM,HARD,32.0,2.0,2.0,3.0
2025,13,Belgian Grand Prix,colapinto,alpine,15,19,Finished,0.0,44,colapinto_2025_13,0,44.0,114.73687804878048,106.104,33.53939534883721,52.20411363636363,31.332204545454545,MEDIUM,MEDIUM,32.0,2.0,2.0,3.0
2025,13,Belgian Grand Prix,hadjar,rb,8,20,Lapped,0.0,43,hadjar_2025_13,0,43.0,115.39075,107.667,34.04678571428571,52.66818604651163,31.829279069767445,MEDIUM,HARD,30.0,2.0,2.0,3.0
2025,14,Hungarian Grand Prix,norris,mclaren,3,1,Finished,25.0,70,norris_2025_14,0,70.0,81.73187142857142,79.918,29.67676811594203,29.0007,22.972714285714286,MEDIUM,HARD,40.0,2.0,1.0,1.0
2025,14,Hungarian Grand Prix,piastri,mclaren,2,2,Finished,18.0,70,piastri_2025_14,0,70.0,81.74184285714286,79.412,29.924072463768116,28.85674285714286,22.89635714285714,MEDIUM,HARD,28.0,3.0,2.0,2.0
2025,14,Hungarian Grand Prix,russell,mercedes,4,3,Finished,15.0,70,russell_2025_14,0,70.0,82.04495714285714,79.409,29.908159420289856,29.041685714285716,23.02465714285714,MEDIUM,HARD,27.0,3.0,2.0,2.0
2025,14,Hungarian Grand Prix,leclerc,ferrari,1,4,Finished,12.0,70,leclerc_2025_14,0,70.0,82.26844285714286,80.44,30.02226086956522,28.99557142857143,23.195085714285714,MEDIUM,HARD,30.0,3.0,2.0,2.0
2025,14,Hungarian Grand Prix,alonso,aston_martin,5,5,Finished,10.0,70,alonso_2025_14,0,70.0,82.5753,80.113,30.023797101449272,29.391699999999997,23.087300000000003,MEDIUM,MEDIUM,40.0,2.0,1.0,1.0
2025,14,Hungarian Grand Prix,bortoleto,sauber,7,6,Finished,8.0,70,bortoleto_2025_14,0,70.0,82.67714285714285,80.705,29.908942028985507,29.51177142857143,23.174828571428574,MEDIUM,MEDIUM,40.0,2.0,1.0,1.0
2025,14,Hungarian Grand Prix,stroll,aston_martin,6,7,Finished,6.0,70,stroll_2025_14,0,70.0,82.70578571428571,80.708,29.85505797101449,29.57215714285714,23.1931,MEDIUM,MEDIUM,37.0,2.0,1.0,1.0
2025,14,Hungarian Grand Prix,lawson,rb,9,8,Finished,4.0,70,lawson_2025_14,0,70.0,82.72402857142856,80.457,29.84868115942029,29.606971428571427,23.178942857142857,MEDIUM,MEDIUM,40.0,2.0,1.0,1.0
2025,14,Hungarian Grand Prix,max_verstappen,red_bull,8,9,Finished,2.0,70,max_verstappen_2025_14,0,70.0,82.76965714285714,79.576,29.98160869565217,29.44692857142857,23.250285714285713,MEDIUM,HARD,31.0,3.0,2.0,2.0
2025,14,Hungarian Grand Prix,antonelli,mercedes,15,10,Lapped,1.0,69,antonelli_2025_14,0,69.0,83.02724637681159,80.745,29.918661764705885,29.66089855072464,23.340289855072463,MEDIUM,HARD,48.0,2.0,1.0,1.0
2025,14,Hungarian Grand Prix,hadjar,rb,10,11,Lapped,0.0,69,hadjar_2025_14,0,69.0,83.03957971014492,80.802,29.930117647058825,29.686144927536233,23.322217391304346,MEDIUM,HARD,36.0,2.0,1.0,1.0
2025,14,Hungarian Grand Prix,hamilton,ferrari,12,12,Lapped,0.0,69,hamilton_2025_14,0,69.0,83.05930434782609,80.022,29.80814705882353,29.729753623188408,23.40723188405797,HARD,HARD,42.0,2.0,1.0,1.0
2025,14,Hungarian Grand Prix,hulkenberg,sauber,18,13,Lapped,0.0,69,hulkenberg_2025_14,0,69.0,83.36955072463768,80.013,30.218573529411763,29.739289855072464,23.296144927536233,SOFT,MEDIUM,36.0,3.0,2.0,2.0
2025,14,Hungarian Grand Prix,sainz,williams,13,14,Lapped,0.0,69,sainz_2025_14,0,69.0,83.3993768115942,79.79,30.17439705882353,29.79668115942029,23.32740579710145,SOFT,HARD,36.0,3.0,2.0,2.0
2025,14,Hungarian Grand Prix,albon,williams,19,15,Lapped,0.0,69,albon_2025_14,0,69.0,83.46872463768115,80.779,30.18127941176471,29.790159420289857,23.383507246376812,SOFT,HARD,31.0,3.0,2.0,2.0
2025,14,Hungarian Grand Prix,ocon,haas,17,16,Lapped,0.0,69,ocon_2025_14,0,69.0,83.57230434782608,81.916,30.038955882352944,29.91639130434783,23.503217391304347,MEDIUM,HARD,55.0,2.0,1.0,1.0
2025,14,Hungarian Grand Prix,tsunoda,red_bull,20,17,Lapped,0.0,69,tsunoda_2025_14,0,69.0,83.59672463768116,81.18,30.292970588235296,29.718115942028987,23.426391304347828,MEDIUM,HARD,32.0,3.0,2.0,3.0
2025,14,Hungarian Grand Prix,colapinto,alpine,14,18,Lapped,0.0,69,colapinto_2025_14,0,69.0,83.60291304347825,80.827,30.474,29.639391304347825,23.373376811594202,MEDIUM,HARD,34.0,3.0,2.0,2.0
2025,14,Hungarian Grand Prix,gasly,alpine,16,19,Lapped,0.0,69,gasly_2025_14,0,69.0,83.58804347826087,81.433,29.989220588235295,29.98565217391304,23.487550724637682,HARD,MEDIUM,37.0,2.0,1.0,1.0
2025,14,Hungarian Grand Prix,bearman,haas,11,20,Retired,0.0,48,bearman_2025_14,0,48.0,84.1614375,81.989,30.350127659574465,30.0721875,23.605895833333335,MEDIUM,MEDIUM,30.0,2.0,2.0,1.0
2025,15,Dutch Grand Prix,piastri,mclaren,1,1,Finished,25.0,72,piastri_2025_15,0,72.0,82.08123611111111,72.271,28.226295774647888,28.850708333333337,24.98473611111111,MEDIUM,HARD,30.0,3.0,2.0,2.0
2025,15,Dutch Grand Prix,max_verstappen,red_bull,3,2,Finished,18.0,72,max_verstappen_2025_15,0,72.0,82.0988888888889,72.921,28.042084507042254,29.148930555555555,24.876916666666666,SOFT,SOFT,30.0,3.0,2.0,2.0
2025,15,Dutch Grand Prix,hadjar,rb,4,3,Finished,15.0,72,hadjar_2025_15,0,72.0,82.12613888888889,73.327,28.046704225352112,29.249444444444446,24.78713888888889,MEDIUM,HARD,30.0,3.0,2.0,2.0
2025,15,Dutch Grand Prix,russell,mercedes,5,4,Finished,12.0,72,russell_2025_15,0,72.0,82.15976388888889,73.728,28.23169014084507,29.15769444444444,24.725180555555553,MEDIUM,HARD,30.0,3.0,2.0,2.0
2025,15,Dutch Grand Prix,albon,williams,15,5,Finished,10.0,72,albon_2025_15,0,72.0,82.16911111111112,73.687,28.093830985915492,29.387833333333333,24.624222222222222,MEDIUM,HARD,30.0,3.0,2.0,2.0
2025,15,Dutch Grand Prix,bearman,haas,20,6,Finished,8.0,72,bearman_2025_15,0,72.0,82.20684722222222,73.95,28.23607042253521,29.232749999999996,24.558791666666664,HARD,HARD,53.0,2.0,1.0,2.0
2025,15,Dutch Grand Prix,stroll,aston_martin,19,7,Finished,6.0,72,stroll_2025_15,0,72.0,82.21313888888888,73.822,28.611661971830983,28.94776388888889,24.572222222222223,MEDIUM,HARD,44.0,3.0,2.0,2.0
2025,15,Dutch Grand Prix,alonso,aston_martin,10,8,Finished,4.0,72,alonso_2025_15,0,72.0,82.24386111111112,73.719,28.582098591549293,29.053958333333338,24.540430555555556,MEDIUM,HARD,32.0,3.0,2.0,2.0
2025,15,Dutch Grand Prix,tsunoda,red_bull,12,9,Finished,2.0,72,tsunoda_2025_15,0,72.0,82.27008333333333,74.354,28.459169014084505,29.45341666666667,24.29398611111111,SOFT,SOFT,34.0,3.0,2.0,2.0
2025,15,Dutch Grand Prix,ocon,haas,18,10,Finished,1.0,72,ocon_2025_15,0,72.0,82.27655555555556,73.986,28.27832394366197,29.471708333333336,24.446458333333332,HARD,HARD,52.0,2.0,1.0,1.0
2025,15,Dutch Grand Prix,colapinto,alpine,16,11,Finished,0.0,72,colapinto_2025_15,0,72.0,82.28277777777777,73.049,28.616028169014086,29.26998611111111,24.323333333333334,SOFT,HARD,34.0,4.0,3.0,3.0
2025,15,Dutch Grand Prix,lawson,rb,8,12,Finished,0.0,72,lawson_2025_15,0,72.0,82.31822222222223,73.879,28.428225352112676,29.151555555555554,24.685444444444446,MEDIUM,SOFT,28.0,4.0,3.0,3.0
2025,15,Dutch Grand Prix,sainz,williams,9,13,Finished,0.0,72,sainz_2025_15,0,72.0,82.32256944444445,73.808,28.965605633802816,28.884833333333333,24.42272222222222,MEDIUM,SOFT,27.0,5.0,4.0,4.0
2025,15,Dutch Grand Prix,hulkenberg,sauber,17,14,Finished,0.0,72,hulkenberg_2025_15,0,72.0,82.35519444444444,74.912,28.49387323943662,29.484472222222223,24.296444444444447,SOFT,HARD,34.0,3.0,2.0,2.0
2025,15,Dutch Grand Prix,bortoleto,sauber,13,15,Finished,0.0,72,bortoleto_2025_15,0,72.0,82.38074999999999,74.307,28.487154929577464,29.377652777777776,24.430319444444443,MEDIUM,HARD,38.0,3.0,2.0,2.0
2025,15,Dutch Grand Prix,antonelli,mercedes,11,16,Finished,0.0,72,antonelli_2025_15,0,72.0,82.1788611111111,73.48,28.31487323943662,29.151416666666666,24.64961111111111,MEDIUM,HARD,28.0,4.0,3.0,3.0
2025,15,Dutch Grand Prix,gasly,alpine,14,17,Finished,0.0,72,gasly_2025_15,0,72.0,82.40941666666667,75.248,28.330591549295775,29.409236111111113,24.59541666666667,MEDIUM,HARD,49.0,2.0,1.0,1.0
2025,15,Dutch Grand Prix,norris,mclaren,2,18,Retired,0.0,64,norris_2025_15,0,65.0,80.757609375,72.379,27.811746031746033,28.2758125,24.6288125,MEDIUM,HARD,30.0,3.0,2.0,2.0
2025,15,Dutch Grand Prix,leclerc,ferrari,6,19,Retired,0.0,52,leclerc_2025_15,0,52.0,78.7888076923077,74.557,27.097627450980394,27.91251923076923,23.697288461538463,MEDIUM,HARD,31.0,2.0,2.0,1.0
2025,15,Dutch Grand Prix,hamilton,ferrari,7,20,Retired,0.0,22,hamilton_2025_15,0,23.0,76.61263636363637,75.684,25.950285714285716,27.534318181818183,22.8505,MEDIUM,MEDIUM,23.0,1.0,0.0,0.0
2025,16,Italian Grand Prix,max_verstappen,red_bull,1,1,Finished,25.0,53,max_verstappen_2025_16,0,53.0,83.10047169811321,81.003,27.676538461538463,28.100622641509435,27.28788679245283,MEDIUM,MEDIUM,37.0,2.0,1.0,1.0
2025,16,Italian Grand Prix,norris,mclaren,2,2,Finished,18.0,53,norris_2025_16,0,53.0,83.46286792452831,80.901,27.778884615384616,28.164622641509432,27.48469811320755,MEDIUM,MEDIUM,46.0,2.0,1.0,1.0
2025,16,Italian Grand Prix,piastri,mclaren,3,3,Finished,15.0,53,piastri_2025_16,0,53.0,83.503320754717,81.245,27.695019230769233,28.208622641509436,27.558962264150942,MEDIUM,MEDIUM,45.0,2.0,1.0,1.0
2025,16,Italian Grand Prix,leclerc,ferrari,4,4,Finished,12.0,53,leclerc_2025_16,0,53.0,83.5839433962264,81.294,27.66476923076923,28.337735849056607,27.542867924528302,MEDIUM,MEDIUM,33.0,2.0,1.0,1.0
2025,16,Italian Grand Prix,russell,mercedes,5,5,Finished,10.0,53,russell_2025_16,0,53.0,83.7208679245283,81.8,27.753653846153846,28.337471698113205,27.579245283018867,MEDIUM,MEDIUM,27.0,2.0,1.0,1.0
2025,16,Italian Grand Prix,hamilton,ferrari,10,6,Finished,8.0,53,hamilton_2025_16,0,53.0,83.80705660377359,81.546,27.57698076923077,28.46945283018868,27.696566037735845,MEDIUM,MEDIUM,38.0,2.0,1.0,1.0
2025,16,Italian Grand Prix,albon,williams,14,7,Finished,6.0,53,albon_2025_16,0,53.0,84.054,81.368,27.615942307692308,28.48077358490566,27.867509433962265,HARD,HARD,41.0,2.0,1.0,1.0
2025,16,Italian Grand Prix,bortoleto,sauber,7,8,Finished,4.0,53,bortoleto_2025_16,0,53.0,84.20394339622642,82.139,27.806192307692307,28.53369811320755,27.812245283018868,MEDIUM,HARD,33.0,2.0,1.0,1.0
2025,16,Italian Grand Prix,antonelli,mercedes,6,9,Finished,2.0,53,antonelli_2025_16,0,53.0,84.13371698113208,81.968,27.678923076923077,28.62598113207547,27.7601320754717,MEDIUM,MEDIUM,28.0,2.0,1.0,1.0
2025,16,Italian Grand Prix,hadjar,rb,19,10,Finished,1.0,53,hadjar_2025_16,0,53.0,84.30596226415095,82.133,27.773961538461542,28.569811320754717,27.797301886792454,HARD,HARD,33.0,2.0,1.0,2.0
2025,16,Italian Grand Prix,sainz,williams,13,11,Finished,0.0,53,sainz_2025_16,0,53.0,84.3168679245283,81.74,27.689057692307692,28.694660377358492,27.84743396226415,MEDIUM,MEDIUM,30.0,2.0,1.0,1.0
2025,16,Italian Grand Prix,bearman,haas,11,12,Finished,0.0,53,bearman_2025_16,0,53.0,84.4077924528302,81.82,27.808326923076923,28.710830188679246,27.812075471698112,MEDIUM,HARD,35.0,2.0,1.0,1.0
2025,16,Italian Grand Prix,tsunoda,red_bull,9,13,Finished,0.0,53,tsunoda_2025_16,0,53.0,84.6231320754717,82.712,27.90078846153846,28.78622641509434,27.879320754716982,MEDIUM,HARD,34.0,2.0,1.0,1.0
2025,16,Italian Grand Prix,lawson,rb,18,14,Finished,0.0,53,lawson_2025_16,0,53.0,84.6542641509434,82.777,27.82234615384615,28.815358490566037,27.925735849056604,SOFT,HARD,44.0,2.0,1.0,1.0
2025,16,Italian Grand Prix,ocon,haas,15,15,Lapped,0.0,52,ocon_2025_16,0,52.0,84.73961538461539,82.892,27.996333333333336,28.658923076923074,28.00082692307692,HARD,HARD,51.0,2.0,1.0,1.0
2025,16,Italian Grand Prix,gasly,alpine,20,16,Lapped,0.0,52,gasly_2025_16,0,52.0,84.81080769230769,82.185,27.97,28.78478846153846,27.875903846153847,HARD,HARD,49.0,2.0,1.0,2.0
2025,16,Italian Grand Prix,colapinto,alpine,17,17,Lapped,0.0,52,colapinto_2025_16,0,52.0,84.84178846153847,82.239,28.064235294117648,28.75325,27.925057692307693,MEDIUM,MEDIUM,33.0,2.0,1.0,1.0
2025,16,Italian Grand Prix,stroll,aston_martin,16,18,Lapped,0.0,52,stroll_2025_16,0,52.0,84.87742307692308,82.164,28.091254901960784,28.71023076923077,27.99101923076923,HARD,HARD,50.0,2.0,1.0,1.0
2025,16,Italian Grand Prix,alonso,aston_martin,8,19,Retired,0.0,24,alonso_2025_16,0,24.0,86.72925,83.757,28.422565217391305,28.898041666666668,29.316458333333333,MEDIUM,MEDIUM,21.0,2.0,2.0,1.0
2025,16,Italian Grand Prix,hulkenberg,sauber,12,20,Did not start,0.0,0,hulkenberg_2025_16,0,1.0,,,,,,MEDIUM,MEDIUM,1.0,1.0,0.0,0.0
2025,17,Azerbaijan Grand Prix,max_verstappen,red_bull,1,1,Finished,25.0,51,max_verstappen_2025_17,0,51.0,106.05877083333333,103.388,38.71846,43.787882352941175,27.370882352941177,HARD,HARD,40.0,2.0,1.0,1.0
2025,17,Azerbaijan Grand Prix,russell,mercedes,5,2,Finished,18.0,51,russell_2025_17,0,51.0,106.4565625,103.754,39.044760000000004,44.119725490196075,26.945,HARD,HARD,39.0,2.0,1.0,1.0
2025,17,Azerbaijan Grand Prix,sainz,williams,2,3,Finished,15.0,51,sainz_2025_17,0,51.0,106.46104166666667,103.972,38.85004,44.025588235294116,27.35762745098039,MEDIUM,MEDIUM,32.0,2.0,1.0,1.0
2025,17,Azerbaijan Grand Prix,antonelli,mercedes,4,4,Finished,12.0,51,antonelli_2025_17,0,51.0,106.56822916666665,104.091,39.025639999999996,44.24152941176471,26.996980392156864,MEDIUM,HARD,33.0,2.0,1.0,1.0
2025,17,Azerbaijan Grand Prix,lawson,rb,3,5,Finished,10.0,51,lawson_2025_17,0,51.0,106.78754166666666,104.531,39.063159999999996,44.224294117647055,27.21462745098039,MEDIUM,HARD,32.0,2.0,1.0,1.0
2025,17,Azerbaijan Grand Prix,tsunoda,red_bull,6,6,Finished,8.0,51,tsunoda_2025_17,0,51.0,106.92245833333334,104.434,39.16926,44.23523529411764,27.072137254901964,HARD,HARD,38.0,2.0,1.0,1.0
2025,17,Azerbaijan Grand Prix,norris,mclaren,7,7,Finished,6.0,51,norris_2025_17,0,51.0,106.97414583333334,104.155,39.268119999999996,44.37754901960785,26.825333333333337,MEDIUM,MEDIUM,37.0,2.0,1.0,1.0
2025,17,Azerbaijan Grand Prix,hamilton,ferrari,12,8,Finished,4.0,51,hamilton_2025_17,0,51.0,107.092625,103.977,39.15576,44.58296078431372,26.75770588235294,HARD,HARD,36.0,2.0,1.0,1.0
2025,17,Azerbaijan Grand Prix,leclerc,ferrari,10,9,Finished,2.0,51,leclerc_2025_17,0,51.0,107.0756875,104.274,39.22602,44.45237254901961,26.83543137254902,MEDIUM,HARD,32.0,2.0,1.0,1.0
2025,17,Azerbaijan Grand Prix,hadjar,rb,8,10,Finished,1.0,51,hadjar_2025_17,0,51.0,107.08029166666667,103.884,39.14882,44.208137254901956,27.214784313725488,MEDIUM,MEDIUM,33.0,2.0,1.0,1.0
2025,17,Azerbaijan Grand Prix,bortoleto,sauber,13,11,Finished,0.0,51,bortoleto_2025_17,0,51.0,107.77122916666667,104.93,39.55362,44.67337254901961,26.88021568627451,HARD,HARD,28.0,2.0,1.0,1.0
2025,17,Azerbaijan Grand Prix,bearman,haas,15,12,Finished,0.0,51,bearman_2025_17,0,51.0,107.8435,104.288,39.65254,44.804450980392154,26.63805882352941,HARD,HARD,28.0,2.0,1.0,1.0
2025,17,Azerbaijan Grand Prix,albon,williams,19,13,Finished,0.0,51,albon_2025_17,0,51.0,107.8520625,104.152,39.65168,44.75888235294118,26.55458823529412,MEDIUM,HARD,36.0,3.0,2.0,2.0
2025,17,Azerbaijan Grand Prix,ocon,haas,20,14,Finished,0.0,51,ocon_2025_17,0,51.0,108.07783333333333,105.388,39.54976,44.97937254901961,26.74050980392157,HARD,HARD,50.0,3.0,2.0,2.0
2025,17,Azerbaijan Grand Prix,alonso,aston_martin,11,15,Finished,0.0,51,alonso_2025_17,0,51.0,107.996375,105.002,39.580659999999995,44.92390196078431,26.823039215686272,MEDIUM,HARD,30.0,2.0,1.0,1.0
2025,17,Azerbaijan Grand Prix,hulkenberg,sauber,17,16,Finished,0.0,51,hulkenberg_2025_17,0,51.0,108.14339583333333,104.37,39.7601,44.8796862745098,26.691235294117647,HARD,HARD,36.0,2.0,1.0,1.0
2025,17,Azerbaijan Grand Prix,stroll,aston_martin,14,17,Finished,0.0,51,stroll_2025_17,0,51.0,108.378,105.083,39.78452,44.928999999999995,26.959254901960787,MEDIUM,MEDIUM,40.0,2.0,1.0,1.0
2025,17,Azerbaijan Grand Prix,gasly,alpine,18,18,Lapped,0.0,50,gasly_2025_17,0,50.0,108.80565957446808,105.492,39.97138775510204,45.26828,26.77654,HARD,HARD,35.0,2.0,1.0,1.0
2025,17,Azerbaijan Grand Prix,colapinto,alpine,16,19,Lapped,0.0,50,colapinto_2025_17,0,50.0,108.80091489361702,106.055,39.79381632653061,45.3095,26.987399999999997,MEDIUM,HARD,34.0,2.0,1.0,1.0
2025,17,Azerbaijan Grand Prix,piastri,mclaren,9,20,Retired,0.0,0,piastri_2025_17,0,1.0,,,,,,MEDIUM,MEDIUM,1.0,1.0,0.0,0.0
2025,18,Singapore Grand Prix,russell,mercedes,1,1,Finished,25.0,62,russell_2025_18,0,62.0,97.13495161290322,95.676,28.874524590163933,40.897370967741935,27.310612903225806,MEDIUM,HARD,37.0,2.0,1.0,1.0
2025,18,Singapore Grand Prix,max_verstappen,red_bull,2,2,Finished,18.0,62,max_verstappen_2025_18,0,62.0,97.2225322580645,95.649,28.937147540983606,40.912451612903226,27.30540322580645,SOFT,HARD,43.0,2.0,1.0,1.0
2025,18,Singapore Grand Prix,norris,mclaren,5,3,Finished,15.0,62,norris_2025_18,0,62.0,97.23279032258064,95.555,28.891704918032787,40.92448387096775,27.34177419354839,MEDIUM,HARD,36.0,2.0,1.0,1.0
2025,18,Singapore Grand Prix,piastri,mclaren,3,4,Finished,12.0,62,piastri_2025_18,0,62.0,97.26633870967741,95.408,28.98744262295082,40.860145161290326,27.339612903225806,MEDIUM,HARD,35.0,2.0,1.0,1.0
2025,18,Singapore Grand Prix,antonelli,mercedes,4,5,Finished,10.0,62,antonelli_2025_18,0,62.0,97.6781935483871,95.303,28.950786885245904,41.14075806451613,27.494048387096775,MEDIUM,HARD,37.0,2.0,1.0,1.0
2025,18,Singapore Grand Prix,leclerc,ferrari,7,6,Finished,8.0,62,leclerc_2025_18,0,62.0,97.87682258064517,95.983,29.050901639344264,41.17306451612903,27.572822580645163,MEDIUM,HARD,41.0,2.0,1.0,1.0
2025,18,Singapore Grand Prix,alonso,aston_martin,10,7,Finished,6.0,62,alonso_2025_18,0,62.0,98.43603225806451,95.862,29.30295081967213,41.54838709677419,27.49241935483871,SOFT,MEDIUM,36.0,2.0,1.0,1.0
2025,18,Singapore Grand Prix,hamilton,ferrari,6,8,Finished,4.0,62,hamilton_2025_18,0,62.0,98.42932258064516,93.808,29.46960655737705,41.27901612903226,27.5928064516129,MEDIUM,MEDIUM,24.0,3.0,2.0,2.0
2025,18,Singapore Grand Prix,bearman,haas,9,9,Finished,2.0,62,bearman_2025_18,0,62.0,98.64345161290323,96.201,29.183196721311475,41.70791935483871,27.642870967741935,MEDIUM,HARD,39.0,2.0,1.0,1.0
2025,18,Singapore Grand Prix,sainz,williams,18,10,Lapped,1.0,61,sainz_2025_18,0,61.0,98.90362295081967,94.963,29.24025,41.806295081967214,27.7162131147541,MEDIUM,MEDIUM,50.0,2.0,1.0,1.0
2025,18,Singapore Grand Prix,hadjar,rb,8,11,Lapped,0.0,61,hadjar_2025_18,0,61.0,99.01150819672131,96.938,29.400283333333334,41.71455737704918,27.798704918032787,SOFT,HARD,41.0,2.0,1.0,1.0
2025,18,Singapore Grand Prix,tsunoda,red_bull,13,12,Lapped,0.0,61,tsunoda_2025_18,0,61.0,99.0432131147541,96.831,29.22375,41.86291803278689,27.829754098360656,SOFT,HARD,48.0,2.0,1.0,1.0
2025,18,Singapore Grand Prix,stroll,aston_martin,15,13,Lapped,0.0,61,stroll_2025_18,0,61.0,99.12880327868852,95.851,29.334366666666664,41.80734426229508,27.861065573770492,SOFT,SOFT,38.0,2.0,1.0,1.0
2025,18,Singapore Grand Prix,albon,williams,20,14,Lapped,0.0,61,albon_2025_18,0,61.0,99.14240983606557,95.648,29.25015,41.91842622950819,27.804737704918033,MEDIUM,MEDIUM,42.0,2.0,1.0,2.0
2025,18,Singapore Grand Prix,lawson,rb,12,15,Lapped,0.0,61,lawson_2025_18,0,61.0,99.17232786885245,95.641,29.332633333333334,41.80860655737705,27.913688524590164,MEDIUM,MEDIUM,48.0,2.0,1.0,1.0
2025,18,Singapore Grand Prix,colapinto,alpine,16,16,Lapped,0.0,61,colapinto_2025_18,0,61.0,99.4304426229508,97.182,29.37025,42.131967213114756,27.806016393442622,SOFT,MEDIUM,47.0,2.0,1.0,1.0
2025,18,Singapore Grand Prix,bortoleto,sauber,14,17,Lapped,0.0,61,bortoleto_2025_18,0,61.0,99.49377049180328,97.126,29.491133333333334,42.04965573770492,27.828475409836066,MEDIUM,HARD,48.0,2.0,1.0,1.0
2025,18,Singapore Grand Prix,ocon,haas,17,18,Lapped,0.0,61,ocon_2025_18,0,61.0,99.5,96.646,29.311366666666668,42.16693442622951,27.887868852459018,MEDIUM,HARD,31.0,2.0,1.0,1.0
2025,18,Singapore Grand Prix,gasly,alpine,19,19,Lapped,0.0,61,gasly_2025_18,0,61.0,99.50537704918034,94.573,29.586333333333336,41.92022950819672,27.847409836065573,MEDIUM,HARD,27.0,3.0,2.0,3.0
2025,18,Singapore Grand Prix,hulkenberg,sauber,11,20,Lapped,0.0,61,hulkenberg_2025_18,0,61.0,99.53126229508197,95.404,29.61143333333333,42.01268852459016,27.79916393442623,MEDIUM,MEDIUM,25.0,3.0,2.0,2.0
2025,19,United States Grand Prix,max_verstappen,red_bull,1,1,Finished,25.0,56,max_verstappen_2025_19,0,56.0,100.71716071428571,97.991,27.207254545454546,40.10244642857143,33.404125,MEDIUM,MEDIUM,33.0,2.0,1.0,1.0
2025,19,United States Grand Prix,norris,mclaren,2,2,Finished,18.0,56,norris_2025_19,0,56.0,100.85928571428572,97.62,27.02190909090909,40.07964285714286,33.72992857142857,MEDIUM,MEDIUM,32.0,2.0,1.0,1.0
2025,19,United States Grand Prix,leclerc,ferrari,3,3,Finished,15.0,56,leclerc_2025_19,0,56.0,100.99167857142857,98.231,27.001327272727274,40.28869642857143,33.68051785714285,SOFT,MEDIUM,34.0,2.0,1.0,1.0
2025,19,United States Grand Prix,hamilton,ferrari,5,4,Finished,12.0,56,hamilton_2025_19,0,56.0,101.22673214285714,98.361,27.00212727272727,40.322875,33.86996428571429,MEDIUM,MEDIUM,31.0,2.0,1.0,1.0
2025,19,United States Grand Prix,piastri,mclaren,6,5,Finished,10.0,56,piastri_2025_19,0,56.0,101.247125,98.564,27.1364,40.31414285714286,33.758446428571425,MEDIUM,MEDIUM,30.0,2.0,1.0,1.0
2025,19,United States Grand Prix,russell,mercedes,4,6,Finished,8.0,56,russell_2025_19,0,56.0,101.31458928571429,98.224,27.131345454545453,40.39196428571428,33.749071428571426,MEDIUM,MEDIUM,33.0,2.0,1.0,1.0
2025,19,United States Grand Prix,tsunoda,red_bull,13,7,Finished,6.0,56,tsunoda_2025_19,0,56.0,101.65848214285714,98.803,27.363563636363637,40.406124999999996,33.82960714285714,MEDIUM,MEDIUM,29.0,2.0,1.0,1.0
2025,19,United States Grand Prix,hulkenberg,sauber,11,8,Finished,4.0,56,hulkenberg_2025_19,0,56.0,101.73946428571428,98.372,27.30169090909091,40.53782142857143,33.84076785714286,MEDIUM,MEDIUM,33.0,2.0,1.0,1.0
2025,19,United States Grand Prix,bearman,haas,8,9,Finished,2.0,56,bearman_2025_19,0,56.0,101.87291071428571,99.119,27.17489090909091,40.585303571428575,34.061035714285715,MEDIUM,MEDIUM,30.0,2.0,1.0,1.0
2025,19,United States Grand Prix,alonso,aston_martin,10,10,Finished,1.0,56,alonso_2025_19,0,56.0,101.96717857142858,98.789,27.474818181818183,40.5145,33.91628571428571,MEDIUM,MEDIUM,31.0,2.0,1.0,1.0
2025,19,United States Grand Prix,lawson,rb,12,11,Finished,0.0,56,lawson_2025_19,0,56.0,102.02446428571429,98.983,27.35589090909091,40.66041071428572,33.93744642857143,MEDIUM,MEDIUM,30.0,2.0,1.0,1.0
2025,19,United States Grand Prix,stroll,aston_martin,19,12,Finished,0.0,56,stroll_2025_19,0,56.0,102.05248214285714,99.071,27.46490909090909,40.54667857142857,33.951321428571426,SOFT,MEDIUM,29.0,2.0,1.0,1.0
2025,19,United States Grand Prix,antonelli,mercedes,7,13,Finished,0.0,56,antonelli_2025_19,0,56.0,102.06976785714286,97.577,27.367109090909093,40.53180357142857,34.12560714285714,MEDIUM,MEDIUM,31.0,2.0,1.0,1.0
2025,19,United States Grand Prix,albon,williams,18,14,Finished,0.0,56,albon_2025_19,0,56.0,102.14573214285714,98.328,27.519418181818182,40.72982142857143,33.79882142857143,HARD,MEDIUM,29.0,3.0,2.0,2.0
2025,19,United States Grand Prix,ocon,haas,17,15,Finished,0.0,56,ocon_2025_19,0,56.0,102.20007142857142,99.263,27.26169090909091,40.79882142857143,34.054607142857144,HARD,MEDIUM,32.0,2.0,1.0,1.0
2025,19,United States Grand Prix,hadjar,rb,20,16,Finished,0.0,56,hadjar_2025_19,0,56.0,102.37442857142857,98.724,27.39350909090909,40.872625000000006,34.01385714285714,HARD,HARD,28.0,2.0,1.0,1.0
2025,19,United States Grand Prix,colapinto,alpine,15,17,Lapped,0.0,55,colapinto_2025_19,0,55.0,102.59032727272727,99.173,27.553814814814814,40.8466909090909,34.106654545454546,MEDIUM,MEDIUM,32.0,2.0,1.0,1.0
2025,19,United States Grand Prix,bortoleto,sauber,16,18,Lapped,0.0,55,bortoleto_2025_19,0,55.0,102.61305454545455,98.275,27.807388888888887,40.78672727272727,33.94027272727273,SOFT,SOFT,22.0,3.0,2.0,2.0
2025,19,United States Grand Prix,gasly,alpine,14,19,Lapped,0.0,55,gasly_2025_19,0,55.0,102.6602909090909,99.27,27.597925925925924,40.87874545454546,34.10812727272727,MEDIUM,SOFT,30.0,2.0,1.0,1.0
2025,19,United States Grand Prix,sainz,williams,9,20,Retired,0.0,5,sainz_2025_19,0,6.0,101.888,100.327,27.16125,40.1656,33.9332,MEDIUM,MEDIUM,6.0,1.0,0.0,0.0
2025,20,Mexico City Grand Prix,norris,mclaren,1,1,Finished,25.0,71,norris_2025_20,0,71.0,82.79681690140845,80.764,29.418085714285716,31.99225352112676,21.354704225352112,SOFT,MEDIUM,37.0,2.0,1.0,1.0
2025,20,Mexico City Grand Prix,leclerc,ferrari,2,2,Finished,18.0,71,leclerc_2025_20,0,71.0,83.22391549295774,81.588,29.28595714285714,32.35101408450704,21.55549295774648,SOFT,MEDIUM,40.0,2.0,1.0,1.0
2025,20,Mexico City Grand Prix,max_verstappen,red_bull,5,3,Finished,15.0,71,max_verstappen_2025_20,0,71.0,83.23412676056337,81.108,29.374914285714286,32.32653521126761,21.49580281690141,MEDIUM,MEDIUM,37.0,2.0,1.0,1.0
2025,20,Mexico City Grand Prix,bearman,haas,9,4,Finished,12.0,71,bearman_2025_20,0,71.0,83.37364788732395,80.705,29.551314285714287,32.300859154929576,21.476971830985917,SOFT,SOFT,27.0,3.0,2.0,2.0
2025,20,Mexico City Grand Prix,piastri,mclaren,7,5,Finished,10.0,71,piastri_2025_20,0,71.0,83.38928169014085,80.422,29.298999999999996,32.47174647887324,21.55023943661972,SOFT,SOFT,27.0,3.0,2.0,2.0
2025,20,Mexico City Grand Prix,antonelli,mercedes,6,6,Finished,8.0,71,antonelli_2025_20,0,71.0,83.47057746478873,80.826,29.4795,32.38553521126761,21.558084507042253,SOFT,SOFT,27.0,3.0,2.0,2.0
2025,20,Mexico City Grand Prix,russell,mercedes,4,7,Finished,6.0,71,russell_2025_20,0,71.0,83.50508450704226,80.052,29.4891,32.45656338028169,21.516774647887324,SOFT,SOFT,28.0,3.0,2.0,2.0
2025,20,Mexico City Grand Prix,hamilton,ferrari,3,8,Finished,4.0,71,hamilton_2025_20,0,71.0,83.5918309859155,80.601,29.748628571428572,32.27042253521127,21.537845070422534,SOFT,SOFT,27.0,3.0,2.0,2.0
2025,20,Mexico City Grand Prix,ocon,haas,11,9,Finished,2.0,71,ocon_2025_20,0,71.0,83.85969014084507,81.869,29.456942857142856,32.72128169014084,21.61143661971831,SOFT,MEDIUM,44.0,2.0,1.0,1.0
2025,20,Mexico City Grand Prix,bortoleto,sauber,16,10,Finished,1.0,71,bortoleto_2025_20,0,71.0,83.87939436619718,81.121,29.5045,32.64333802816902,21.65857746478873,MEDIUM,MEDIUM,37.0,2.0,1.0,1.0
2025,20,Mexico City Grand Prix,tsunoda,red_bull,10,11,Finished,0.0,71,tsunoda_2025_20,0,71.0,83.91016901408452,81.486,29.62422857142857,32.55226760563381,21.679577464788732,MEDIUM,MEDIUM,36.0,2.0,1.0,1.0
2025,20,Mexico City Grand Prix,albon,williams,17,12,Lapped,0.0,70,albon_2025_20,0,70.0,84.01462857142857,80.48,29.44759420289855,32.69032857142857,21.775685714285714,HARD,HARD,41.0,2.0,1.0,1.0
2025,20,Mexico City Grand Prix,hadjar,rb,8,13,Lapped,0.0,70,hadjar_2025_20,0,70.0,84.07471428571428,81.714,29.69579710144928,32.63972857142857,21.68782857142857,MEDIUM,SOFT,39.0,2.0,1.0,1.0
2025,20,Mexico City Grand Prix,stroll,aston_martin,19,14,Lapped,0.0,70,stroll_2025_20,0,70.0,84.08012857142857,80.593,29.855826086956522,32.54812857142857,21.592414285714288,SOFT,SOFT,28.0,3.0,2.0,2.0
2025,20,Mexico City Grand Prix,gasly,alpine,18,15,Lapped,0.0,70,gasly_2025_20,0,70.0,84.60934285714286,82.271,29.73465217391304,32.93897142857143,21.855057142857145,MEDIUM,SOFT,37.0,2.0,1.0,1.0
2025,20,Mexico City Grand Prix,colapinto,alpine,20,16,Lapped,0.0,70,colapinto_2025_20,0,70.0,84.61357142857143,81.342,29.670565217391303,32.9374,21.80675714285714,HARD,HARD,48.0,2.0,1.0,1.0
2025,20,Mexico City Grand Prix,sainz,williams,12,17,Retired,0.0,67,sainz_2025_20,0,68.0,83.79301492537313,80.098,29.775242424242425,32.437716417910444,21.516507462686565,MEDIUM,SOFT,32.0,4.0,3.0,3.0
2025,20,Mexico City Grand Prix,alonso,aston_martin,14,18,Retired,0.0,34,alonso_2025_20,0,34.0,84.9030294117647,81.708,29.993636363636362,32.76002941176471,22.011382352941176,SOFT,SOFT,20.0,2.0,2.0,1.0
2025,20,Mexico City Grand Prix,hulkenberg,sauber,13,19,Retired,0.0,25,hulkenberg_2025_20,0,25.0,85.00536,83.091,29.816125,33.02044,21.933000000000003,SOFT,SOFT,25.0,1.0,1.0,0.0
2025,20,Mexico City Grand Prix,lawson,rb,15,20,Retired,0.0,5,lawson_2025_20,0,5.0,96.3844,85.124,38.2485,34.166,24.754199999999997,SOFT,HARD,3.0,2.0,2.0,1.0
2025,21,São Paulo Grand Prix,norris,mclaren,1,1,Finished,25.0,71,norris_2025_21,0,71.0,77.76895774647888,73.04,20.095642857142856,39.75209859154929,17.872549295774647,MEDIUM,MEDIUM,30.0,3.0,2.0,2.0
2025,21,São Paulo Grand Prix,antonelli,mercedes,2,2,Finished,18.0,71,antonelli_2025_21,0,71.0,77.91526760563382,73.123,20.14737142857143,39.83723943661972,17.87839436619718,SOFT,MEDIUM,29.0,3.0,2.0,2.0
2025,21,São Paulo Grand Prix,max_verstappen,red_bull,19,3,Finished,15.0,71,max_verstappen_2025_21,0,71.0,77.92036619718309,72.447,20.239485714285713,39.83090140845071,17.7016338028169,HARD,MEDIUM,27.0,4.0,3.0,4.0
2025,21,São Paulo Grand Prix,russell,mercedes,6,4,Finished,12.0,71,russell_2025_21,0,71.0,77.98398591549297,73.097,20.109099999999998,40.05445070422535,17.741788732394365,MEDIUM,MEDIUM,38.0,3.0,2.0,2.0
2025,21,São Paulo Grand Prix,piastri,mclaren,4,5,Finished,10.0,71,piastri_2025_21,0,71.0,77.99077464788732,72.742,20.282214285714286,39.88612676056338,17.757084507042254,MEDIUM,MEDIUM,38.0,3.0,2.0,2.0
2025,21,São Paulo Grand Prix,bearman,haas,8,6,Finished,8.0,71,bearman_2025_21,0,71.0,78.18628169014085,73.483,20.303871428571426,40.05733802816901,17.747084507042253,SOFT,MEDIUM,35.0,3.0,2.0,2.0
2025,21,São Paulo Grand Prix,lawson,rb,7,7,Finished,6.0,71,lawson_2025_21,0,71.0,78.51039436619719,74.029,20.09037142857143,40.56157746478873,17.787169014084505,SOFT,MEDIUM,52.0,2.0,1.0,1.0
2025,21,São Paulo Grand Prix,hadjar,rb,5,8,Finished,4.0,71,hadjar_2025_21,0,71.0,78.51364788732394,73.694,20.265128571428573,40.37360563380282,17.80843661971831,SOFT,MEDIUM,34.0,3.0,2.0,2.0
2025,21,São Paulo Grand Prix,hulkenberg,sauber,10,9,Finished,2.0,71,hulkenberg_2025_21,0,71.0,78.52,73.474,20.24994285714286,40.43897183098591,17.74905633802817,MEDIUM,MEDIUM,38.0,2.0,1.0,1.0
2025,21,São Paulo Grand Prix,gasly,alpine,9,10,Finished,1.0,71,gasly_2025_21,0,71.0,78.52830985915493,73.736,20.307714285714287,40.48418309859155,17.66025352112676,SOFT,MEDIUM,38.0,3.0,2.0,2.0
2025,21,São Paulo Grand Prix,albon,williams,12,11,Finished,0.0,71,albon_2025_21,0,71.0,78.53211267605633,72.4,20.351457142857143,40.365760563380285,17.730577464788734,MEDIUM,MEDIUM,41.0,3.0,2.0,2.0
2025,21,São Paulo Grand Prix,ocon,haas,20,12,Finished,0.0,71,ocon_2025_21,0,71.0,78.53932394366198,73.481,20.48227142857143,40.10171830985916,17.793352112676057,HARD,MEDIUM,39.0,3.0,2.0,3.0
2025,21,São Paulo Grand Prix,sainz,williams,15,13,Finished,0.0,71,sainz_2025_21,0,71.0,78.54952112676055,73.683,20.2971,40.486225352112676,17.678887323943663,SOFT,MEDIUM,33.0,3.0,2.0,2.0
2025,21,São Paulo Grand Prix,alonso,aston_martin,11,14,Finished,0.0,71,alonso_2025_21,0,71.0,78.55439436619719,73.312,20.330814285714286,40.32307042253521,17.820816901408453,HARD,MEDIUM,28.0,3.0,2.0,2.0
2025,21,São Paulo Grand Prix,colapinto,alpine,16,15,Finished,0.0,71,colapinto_2025_21,0,71.0,78.58271830985915,72.816,20.470185714285716,40.21287323943662,17.800563380281687,MEDIUM,MEDIUM,29.0,3.0,2.0,2.0
2025,21,São Paulo Grand Prix,stroll,aston_martin,14,16,Finished,0.0,71,stroll_2025_21,0,71.0,78.58933802816901,73.094,20.322142857142858,40.39466197183099,17.772690140845068,HARD,MEDIUM,31.0,3.0,2.0,2.0
2025,21,São Paulo Grand Prix,tsunoda,red_bull,17,17,Finished,0.0,71,tsunoda_2025_21,0,71.0,78.7432676056338,72.774,20.801042857142857,40.07749295774648,17.780112676056337,HARD,MEDIUM,24.0,4.0,3.0,3.0
2025,21,São Paulo Grand Prix,hamilton,ferrari,13,18,Retired,0.0,37,hamilton_2025_21,0,37.0,82.76456756756757,73.844,22.81469444444444,41.41121621621621,18.406243243243242,SOFT,MEDIUM,18.0,4.0,4.0,3.0
2025,21,São Paulo Grand Prix,leclerc,ferrari,3,19,Retired,0.0,5,leclerc_2025_21,0,6.0,105.684,79.556,25.8135,56.24979999999999,23.936799999999998,MEDIUM,MEDIUM,6.0,1.0,0.0,0.0
2025,21,São Paulo Grand Prix,bortoleto,sauber,18,20,Retired,0.0,0,bortoleto_2025_21,0,1.0,,,,,,SOFT,SOFT,1.0,1.0,0.0,0.0
2025,22,Las Vegas Grand Prix,max_verstappen,red_bull,2,1,Finished,25.0,50,max_verstappen_2025_22,0,50.0,97.36858000000001,93.365,27.641755102040815,32.37276,37.2684,MEDIUM,HARD,25.0,2.0,1.0,1.0
2025,22,Las Vegas Grand Prix,russell,mercedes,4,2,Finished,18.0,50,russell_2025_22,0,50.0,97.8395,94.592,28.071285714285715,32.57458,37.09404,MEDIUM,HARD,33.0,2.0,1.0,1.0
2025,22,Las Vegas Grand Prix,antonelli,mercedes,17,3,Finished,15.0,50,antonelli_2025_22,0,50.0,97.87834000000001,93.998,28.01157142857143,32.545320000000004,37.0906,SOFT,HARD,48.0,2.0,1.0,1.0
2025,22,Las Vegas Grand Prix,leclerc,ferrari,9,4,Finished,12.0,50,leclerc_2025_22,0,50.0,97.98214,94.304,28.099061224489798,32.42134,37.30162,MEDIUM,HARD,26.0,2.0,1.0,1.0
2025,22,Las Vegas Grand Prix,sainz,williams,3,5,Finished,10.0,50,sainz_2025_22,0,50.0,98.06706,94.496,28.29171428571429,32.593560000000004,37.0692,MEDIUM,HARD,28.0,2.0,1.0,1.0
2025,22,Las Vegas Grand Prix,hadjar,rb,8,6,Finished,8.0,50,hadjar_2025_22,0,50.0,98.27372,94.62,28.207346938775512,32.66764,37.27682,MEDIUM,HARD,30.0,2.0,1.0,1.0
2025,22,Las Vegas Grand Prix,hulkenberg,sauber,11,7,Finished,6.0,50,hulkenberg_2025_22,0,50.0,98.39126,94.592,28.314326530612245,32.70364,37.208980000000004,HARD,HARD,30.0,2.0,1.0,1.0
2025,22,Las Vegas Grand Prix,hamilton,ferrari,19,8,Finished,4.0,50,hamilton_2025_22,0,50.0,98.55596,94.553,28.462591836734692,32.71192,37.1738,HARD,HARD,29.0,2.0,1.0,1.0
2025,22,Las Vegas Grand Prix,ocon,haas,13,9,Finished,2.0,50,ocon_2025_22,0,50.0,98.58128,94.557,28.48142857142857,32.75792,37.15496,MEDIUM,MEDIUM,27.0,2.0,1.0,1.0
2025,22,Las Vegas Grand Prix,bearman,haas,14,10,Finished,1.0,50,bearman_2025_22,0,50.0,98.77956,94.519,28.43634693877551,32.99388,37.21356,MEDIUM,HARD,33.0,2.0,1.0,1.0
2025,22,Las Vegas Grand Prix,alonso,aston_martin,7,11,Finished,0.0,50,alonso_2025_22,0,50.0,99.07474,95.629,28.407897959183675,33.0173,37.50852,MEDIUM,HARD,34.0,2.0,1.0,1.0
2025,22,Las Vegas Grand Prix,tsunoda,red_bull,20,12,Finished,0.0,50,tsunoda_2025_22,0,50.0,99.10806000000001,94.967,28.75922448979592,32.8818,37.19514,MEDIUM,HARD,26.0,3.0,2.0,3.0
2025,22,Las Vegas Grand Prix,gasly,alpine,10,13,Finished,0.0,50,gasly_2025_22,0,50.0,99.20262000000001,95.674,28.600408163265307,32.658539999999995,37.630520000000004,MEDIUM,HARD,48.0,2.0,1.0,1.0
2025,22,Las Vegas Grand Prix,lawson,rb,6,14,Lapped,0.0,49,lawson_2025_22,0,49.0,99.42285714285715,94.837,29.09447916666667,32.642755102040816,37.57426530612245,MEDIUM,HARD,26.0,3.0,2.0,2.0
2025,22,Las Vegas Grand Prix,colapinto,alpine,15,15,Lapped,0.0,49,colapinto_2025_22,0,49.0,99.56914285714285,95.78,28.733333333333334,32.78481632653061,37.81114285714286,HARD,HARD,25.0,2.0,1.0,1.0
2025,22,Las Vegas Grand Prix,albon,williams,16,16,Retired,0.0,35,albon_2025_22,0,35.0,101.94288571428572,95.184,30.132882352941177,33.05768571428572,38.49308571428571,HARD,HARD,20.0,4.0,4.0,3.0
2025,22,Las Vegas Grand Prix,bortoleto,sauber,18,17,Retired,0.0,2,bortoleto_2025_22,0,2.0,130.427,130.427,59.757,42.298,50.28,HARD,HARD,1.0,2.0,2.0,1.0
2025,22,Las Vegas Grand Prix,stroll,aston_martin,12,18,Retired,0.0,0,stroll_2025_22,0,1.0,,,,,,MEDIUM,MEDIUM,1.0,1.0,0.0,0.0
2025,22,Las Vegas Grand Prix,norris,mclaren,1,19,Disqualified,0.0,50,norris_2025_22,0,50.0,97.7834,93.965,27.966591836734693,32.54712,37.15986,MEDIUM,HARD,28.0,2.0,1.0,1.0
2025,22,Las Vegas Grand Prix,piastri,mclaren,5,20,Disqualified,0.0,50,piastri_2025_22,0,50.0,97.92157999999999,94.086,28.233428571428572,32.615140000000004,36.94198,MEDIUM,HARD,29.0,2.0,1.0,1.0
2025,23,Qatar Grand Prix,max_verstappen,red_bull,3,1,Finished,25.0,57,max_verstappen_2025_23,0,57.0,89.09194736842105,83.498,33.302214285714285,29.83143859649123,25.945421052631577,MEDIUM,MEDIUM,25.0,3.0,2.0,2.0
2025,23,Qatar Grand Prix,piastri,mclaren,1,2,Finished,18.0,57,piastri_2025_23,0,57.0,89.23221052631578,82.996,33.56914285714286,29.826666666666664,25.844771929824564,MEDIUM,MEDIUM,24.0,3.0,2.0,2.0
2025,23,Qatar Grand Prix,sainz,williams,7,3,Finished,15.0,57,sainz_2025_23,0,57.0,89.48957894736841,83.859,33.46241071428572,29.938666666666666,26.05198245614035,MEDIUM,MEDIUM,25.0,3.0,2.0,2.0
2025,23,Qatar Grand Prix,norris,mclaren,2,4,Finished,12.0,57,norris_2025_23,0,57.0,89.50098245614035,83.197,33.49694642857143,30.08557894736842,25.89633333333333,MEDIUM,MEDIUM,25.0,3.0,2.0,2.0
2025,23,Qatar Grand Prix,antonelli,mercedes,5,5,Finished,10.0,57,antonelli_2025_23,0,57.0,89.58873684210526,83.955,33.429857142857145,30.12242105263158,26.00675438596491,MEDIUM,MEDIUM,25.0,3.0,2.0,2.0
2025,23,Qatar Grand Prix,russell,mercedes,4,6,Finished,8.0,57,russell_2025_23,0,57.0,89.94456140350877,83.198,33.69571428571429,30.22563157894737,25.97143859649123,MEDIUM,MEDIUM,25.0,3.0,2.0,2.0
2025,23,Qatar Grand Prix,alonso,aston_martin,8,7,Finished,6.0,57,alonso_2025_23,0,57.0,90.0401052631579,83.94,33.71744642857143,30.115859649122807,26.16080701754386,MEDIUM,MEDIUM,25.0,3.0,2.0,2.0
2025,23,Qatar Grand Prix,leclerc,ferrari,10,8,Finished,4.0,57,leclerc_2025_23,0,57.0,90.0881754385965,84.432,33.659482142857144,30.36357894736842,26.002649122807018,MEDIUM,MEDIUM,25.0,3.0,2.0,2.0
2025,23,Qatar Grand Prix,lawson,rb,12,9,Finished,2.0,57,lawson_2025_23,0,57.0,90.14585964912281,83.971,33.738571428571426,30.326035087719298,26.010087719298248,MEDIUM,MEDIUM,25.0,3.0,2.0,2.0
2025,23,Qatar Grand Prix,tsunoda,red_bull,15,10,Finished,1.0,57,tsunoda_2025_23,0,57.0,90.17563157894737,84.139,33.68133928571429,30.43775438596491,25.972877192982455,MEDIUM,MEDIUM,25.0,3.0,2.0,2.0
2025,23,Qatar Grand Prix,albon,williams,14,11,Finished,0.0,57,albon_2025_23,0,57.0,90.2661754385965,84.261,33.77358928571429,30.372315789473685,26.031000000000002,HARD,MEDIUM,25.0,3.0,2.0,2.0
2025,23,Qatar Grand Prix,hamilton,ferrari,17,12,Finished,0.0,57,hamilton_2025_23,0,57.0,90.45563157894736,84.848,33.79642857142857,30.464000000000002,26.117578947368422,SOFT,MEDIUM,25.0,3.0,2.0,2.0
2025,23,Qatar Grand Prix,bortoleto,sauber,19,13,Finished,0.0,57,bortoleto_2025_23,0,57.0,90.57987719298245,85.233,33.82060714285714,30.5040350877193,26.157631578947367,MEDIUM,MEDIUM,25.0,3.0,2.0,2.0
2025,23,Qatar Grand Prix,colapinto,alpine,20,14,Lapped,0.0,56,colapinto_2025_23,0,56.0,90.7415,85.644,34.01290909090909,30.478892857142856,26.118517857142855,HARD,MEDIUM,25.0,3.0,2.0,3.0
2025,23,Qatar Grand Prix,ocon,haas,16,15,Lapped,0.0,56,ocon_2025_23,0,56.0,89.48650909090908,85.056,34.10072727272727,30.308375,26.27039285714286,MEDIUM,MEDIUM,25.0,4.0,3.0,3.0
2025,23,Qatar Grand Prix,gasly,alpine,9,16,Lapped,0.0,56,gasly_2025_23,0,56.0,90.77110714285713,85.376,33.91034545454546,30.577517857142855,26.22694642857143,MEDIUM,MEDIUM,25.0,3.0,2.0,2.0
2025,23,Qatar Grand Prix,stroll,aston_martin,18,17,Retired,0.0,55,stroll_2025_23,0,55.0,91.18550909090908,83.484,34.39512962962963,30.348872727272727,26.353818181818184,MEDIUM,MEDIUM,25.0,4.0,4.0,3.0
2025,23,Qatar Grand Prix,hadjar,rb,6,18,Retired,0.0,55,hadjar_2025_23,0,55.0,90.24809259259258,84.317,33.86083333333333,30.645036363636365,26.93629090909091,MEDIUM,MEDIUM,25.0,3.0,3.0,2.0
2025,23,Qatar Grand Prix,bearman,haas,13,19,Retired,0.0,41,bearman_2025_23,0,41.0,93.50956097560976,84.93,35.668425,30.951243902439025,26.844317073170732,MEDIUM,MEDIUM,25.0,4.0,4.0,3.0
2025,23,Qatar Grand Prix,hulkenberg,sauber,11,20,Retired,0.0,6,hulkenberg_2025_23,0,7.0,89.41466666666668,88.139,32.629599999999996,30.174333333333333,25.816000000000003,SOFT,SOFT,7.0,1.0,0.0,0.0
2025,24,Abu Dhabi Grand Prix,max_verstappen,red_bull,1,1,Finished,25.0,58,max_verstappen_2025_24,0,58.0,89.09429310344828,87.625,18.144105263157893,38.38275862068965,32.521206896551725,MEDIUM,HARD,35.0,2.0,1.0,1.0
2025,24,Abu Dhabi Grand Prix,piastri,mclaren,3,2,Finished,18.0,58,piastri_2025_24,0,58.0,89.31143103448277,86.765,18.141245614035086,38.459758620689655,32.65170689655172,HARD,HARD,41.0,2.0,1.0,1.0
2025,24,Abu Dhabi Grand Prix,norris,mclaren,2,3,Finished,15.0,58,norris_2025_24,0,58.0,89.3800172413793,86.818,18.440631578947368,38.251879310344826,32.639155172413794,MEDIUM,HARD,24.0,3.0,2.0,2.0
2025,24,Abu Dhabi Grand Prix,leclerc,ferrari,5,4,Finished,12.0,58,leclerc_2025_24,0,58.0,89.49565517241379,86.725,18.589526315789474,38.077068965517235,32.77141379310345,MEDIUM,MEDIUM,23.0,3.0,2.0,2.0
2025,24,Abu Dhabi Grand Prix,russell,mercedes,4,5,Finished,10.0,58,russell_2025_24,0,58.0,89.93158620689655,88.599,18.238,38.38596551724138,33.23396551724138,MEDIUM,HARD,44.0,2.0,1.0,1.0
2025,24,Abu Dhabi Grand Prix,alonso,aston_martin,6,6,Finished,8.0,58,alonso_2025_24,0,58.0,90.2591551724138,88.279,18.327736842105264,38.606896551724134,33.25858620689655,MEDIUM,HARD,43.0,2.0,1.0,1.0
2025,24,Abu Dhabi Grand Prix,ocon,haas,8,7,Finished,6.0,58,ocon_2025_24,0,58.0,90.29905172413794,88.655,18.314070175438598,38.330741379310346,33.571844827586204,MEDIUM,HARD,39.0,2.0,1.0,1.0
2025,24,Abu Dhabi Grand Prix,hamilton,ferrari,16,8,Finished,4.0,58,hamilton_2025_24,0,58.0,90.34722413793104,88.094,18.673491228070173,38.24193103448276,33.3388275862069,SOFT,MEDIUM,27.0,3.0,2.0,2.0
2025,24,Abu Dhabi Grand Prix,hulkenberg,sauber,18,9,Finished,2.0,58,hulkenberg_2025_24,0,58.0,90.45660344827587,87.05,18.74921052631579,38.20610344827587,33.396982758620695,SOFT,HARD,35.0,3.0,2.0,2.0
2025,24,Abu Dhabi Grand Prix,stroll,aston_martin,15,10,Finished,1.0,58,stroll_2025_24,0,58.0,90.3791724137931,87.626,18.348245614035086,38.48022413793104,33.446568965517244,HARD,HARD,43.0,2.0,1.0,1.0
2025,24,Abu Dhabi Grand Prix,bortoleto,sauber,7,11,Finished,0.0,58,bortoleto_2025_24,0,58.0,90.49158620689654,89.114,18.366017543859652,38.42320689655172,33.62575862068966,MEDIUM,HARD,43.0,2.0,1.0,1.0
2025,24,Abu Dhabi Grand Prix,bearman,haas,11,12,Finished,0.0,58,bearman_2025_24,0,58.0,90.4075,88.976,18.310122807017542,38.46206896551725,33.53960344827586,MEDIUM,HARD,44.0,2.0,1.0,1.0
2025,24,Abu Dhabi Grand Prix,sainz,williams,12,13,Finished,0.0,58,sainz_2025_24,0,58.0,90.51081034482759,89.052,18.40621052631579,38.32418965517241,33.68675862068966,MEDIUM,HARD,40.0,2.0,1.0,1.0
2025,24,Abu Dhabi Grand Prix,tsunoda,red_bull,10,14,Finished,0.0,58,tsunoda_2025_24,0,58.0,90.53901724137931,88.557,18.370894736842107,38.47110344827586,33.61137931034483,HARD,HARD,32.0,2.0,1.0,1.0
2025,24,Abu Dhabi Grand Prix,antonelli,mercedes,14,15,Finished,0.0,58,antonelli_2025_24,0,58.0,90.54944827586208,88.029,18.365859649122807,38.35882758620689,33.718275862068964,HARD,HARD,32.0,2.0,1.0,1.0
2025,24,Abu Dhabi Grand Prix,albon,williams,17,16,Finished,0.0,58,albon_2025_24,0,58.0,90.56544827586207,88.367,18.64998245614035,38.2988275862069,33.522137931034486,SOFT,HARD,25.0,3.0,2.0,2.0
2025,24,Abu Dhabi Grand Prix,hadjar,rb,9,17,Lapped,0.0,57,hadjar_2025_24,0,57.0,90.68063157894737,89.375,18.408250000000002,38.74377192982456,33.448350877192986,MEDIUM,HARD,43.0,2.0,1.0,1.0
2025,24,Abu Dhabi Grand Prix,lawson,rb,13,18,Lapped,0.0,57,lawson_2025_24,0,57.0,90.73908771929824,88.886,18.465571428571426,38.78782456140351,33.39743859649123,MEDIUM,HARD,36.0,2.0,1.0,1.0
2025,24,Abu Dhabi Grand Prix,gasly,alpine,19,19,Lapped,0.0,57,gasly_2025_24,0,57.0,90.77854385964913,87.767,18.832035714285716,38.621526315789474,33.21578947368421,MEDIUM,MEDIUM,27.0,3.0,2.0,2.0
2025,24,Abu Dhabi Grand Prix,colapinto,alpine,20,20,Lapped,0.0,57,colapinto_2025_24,0,57.0,90.90301754385965,87.71,18.83982142857143,38.69391228070175,33.25854385964912,MEDIUM,MEDIUM,25.0,3.0,2.0,2.0
