season,round,RaceID,driver_id,constructor_id,race_name,circuit_id,finish_position
2018,1,vettel_2018_1,vettel,ferrari,Australian Grand Prix,albert_park,1
2018,1,hamilton_2018_1,hamilton,mercedes,Australian Grand Prix,albert_park,2
2018,1,raikkonen_2018_1,raikkonen,ferrari,Australian Grand Prix,albert_park,3
2018,1,ricciardo_2018_1,ricciardo,red_bull,Australian Grand Prix,albert_park,4
2018,1,alonso_2018_1,alonso,mclaren,Australian Grand Prix,albert_park,5
2018,1,max_verstappen_2018_1,max_verstappen,red_bull,Australian Grand Prix,albert_park,6
2018,1,hulkenberg_2018_1,hulkenberg,renault,Australian Grand Prix,albert_park,7
2018,1,bottas_2018_1,bottas,mercedes,Australian Grand Prix,albert_park,8
2018,1,vandoorne_2018_1,vandoorne,mclaren,Australian Grand Prix,albert_park,9
2018,1,sainz_2018_1,sainz,renault,Australian Grand Prix,albert_park,10
2018,1,perez_2018_1,perez,force_india,Australian Grand Prix,albert_park,11
2018,1,ocon_2018_1,ocon,force_india,Australian Grand Prix,albert_park,12
2018,1,leclerc_2018_1,leclerc,sauber,Australian Grand Prix,albert_park,13
2018,1,stroll_2018_1,stroll,williams,Australian Grand Prix,albert_park,14
2018,1,brendon_hartley_2018_1,brendon_hartley,toro_rosso,Australian Grand Prix,albert_park,15
2018,2,vettel_2018_2,vettel,ferrari,Bahrain Grand Prix,bahrain,1
2018,2,bottas_2018_2,bottas,mercedes,Bahrain Grand Prix,bahrain,2
2018,2,hamilton_2018_2,hamilton,mercedes,Bahrain Grand Prix,bahrain,3
2018,2,gasly_2018_2,gasly,toro_rosso,Bahrain Grand Prix,bahrain,4
2018,2,kevin_magnussen_2018_2,kevin_magnussen,haas,Bahrain Grand Prix,bahrain,5
2018,2,hulkenberg_2018_2,hulkenberg,renault,Bahrain Grand Prix,bahrain,6
2018,2,alonso_2018_2,alonso,mclaren,Bahrain Grand Prix,bahrain,7
2018,2,vandoorne_2018_2,vandoorne,mclaren,Bahrain Grand Prix,bahrain,8
2018,2,ericsson_2018_2,ericsson,sauber,Bahrain Grand Prix,bahrain,9
2018,2,ocon_2018_2,ocon,force_india,Bahrain Grand Prix,bahrain,10
2018,2,sainz_2018_2,sainz,renault,Bahrain Grand Prix,bahrain,11
2018,2,leclerc_2018_2,leclerc,sauber,Bahrain Grand Prix,bahrain,12
2018,2,grosjean_2018_2,grosjean,haas,Bahrain Grand Prix,bahrain,13
2018,2,stroll_2018_2,stroll,williams,Bahrain Grand Prix,bahrain,14
2018,2,sirotkin_2018_2,sirotkin,williams,Bahrain Grand Prix,bahrain,15
2018,2,perez_2018_2,perez,force_india,Bahrain Grand Prix,bahrain,16
2018,2,brendon_hartley_2018_2,brendon_hartley,toro_rosso,Bahrain Grand Prix,bahrain,17
2018,3,ricciardo_2018_3,ricciardo,red_bull,Chinese Grand Prix,shanghai,1
2018,3,bottas_2018_3,bottas,mercedes,Chinese Grand Prix,shanghai,2
2018,3,raikkonen_2018_3,raikkonen,ferrari,Chinese Grand Prix,shanghai,3
2018,3,hamilton_2018_3,hamilton,mercedes,Chinese Grand Prix,shanghai,4
2018,3,max_verstappen_2018_3,max_verstappen,red_bull,Chinese Grand Prix,shanghai,5
2018,3,hulkenberg_2018_3,hulkenberg,renault,Chinese Grand Prix,shanghai,6
2018,3,alonso_2018_3,alonso,mclaren,Chinese Grand Prix,shanghai,7
2018,3,vettel_2018_3,vettel,ferrari,Chinese Grand Prix,shanghai,8
2018,3,sainz_2018_3,sainz,renault,Chinese Grand Prix,shanghai,9
2018,3,kevin_magnussen_2018_3,kevin_magnussen,haas,Chinese Grand Prix,shanghai,10
2018,3,ocon_2018_3,ocon,force_india,Chinese Grand Prix,shanghai,11
2018,3,perez_2018_3,perez,force_india,Chinese Grand Prix,shanghai,12
2018,3,vandoorne_2018_3,vandoorne,mclaren,Chinese Grand Prix,shanghai,13
2018,3,stroll_2018_3,stroll,williams,Chinese Grand Prix,shanghai,14
2018,3,sirotkin_2018_3,sirotkin,williams,Chinese Grand Prix,shanghai,15
2018,3,ericsson_2018_3,ericsson,sauber,Chinese Grand Prix,shanghai,16
2018,3,grosjean_2018_3,grosjean,haas,Chinese Grand Prix,shanghai,17
2018,3,gasly_2018_3,gasly,toro_rosso,Chinese Grand Prix,shanghai,18
2018,3,leclerc_2018_3,leclerc,sauber,Chinese Grand Prix,shanghai,19
2018,4,hamilton_2018_4,hamilton,mercedes,Azerbaijan Grand Prix,baku,1
2018,4,raikkonen_2018_4,raikkonen,ferrari,Azerbaijan Grand Prix,baku,2
2018,4,perez_2018_4,perez,force_india,Azerbaijan Grand Prix,baku,3
2018,4,vettel_2018_4,vettel,ferrari,Azerbaijan Grand Prix,baku,4
2018,4,sainz_2018_4,sainz,renault,Azerbaijan Grand Prix,baku,5
2018,4,leclerc_2018_4,leclerc,sauber,Azerbaijan Grand Prix,baku,6
2018,4,alonso_2018_4,alonso,mclaren,Azerbaijan Grand Prix,baku,7
2018,4,stroll_2018_4,stroll,williams,Azerbaijan Grand Prix,baku,8
2018,4,vandoorne_2018_4,vandoorne,mclaren,Azerbaijan Grand Prix,baku,9
2018,4,brendon_hartley_2018_4,brendon_hartley,toro_rosso,Azerbaijan Grand Prix,baku,10
2018,4,ericsson_2018_4,ericsson,sauber,Azerbaijan Grand Prix,baku,11
2018,4,gasly_2018_4,gasly,toro_rosso,Azerbaijan Grand Prix,baku,12
2018,4,kevin_magnussen_2018_4,kevin_magnussen,haas,Azerbaijan Grand Prix,baku,13
2018,5,hamilton_2018_5,hamilton,mercedes,Spanish Grand Prix,catalunya,1
2018,5,bottas_2018_5,bottas,mercedes,Spanish Grand Prix,catalunya,2
2018,5,max_verstappen_2018_5,max_verstappen,red_bull,Spanish Grand Prix,catalunya,3
2018,5,vettel_2018_5,vettel,ferrari,Spanish Grand Prix,catalunya,4
2018,5,ricciardo_2018_5,ricciardo,red_bull,Spanish Grand Prix,catalunya,5
2018,5,kevin_magnussen_2018_5,kevin_magnussen,haas,Spanish Grand Prix,catalunya,6
2018,5,sainz_2018_5,sainz,renault,Spanish Grand Prix,catalunya,7
2018,5,alonso_2018_5,alonso,mclaren,Spanish Grand Prix,catalunya,8
2018,5,perez_2018_5,perez,force_india,Spanish Grand Prix,catalunya,9
2018,5,leclerc_2018_5,leclerc,sauber,Spanish Grand Prix,catalunya,10
2018,5,stroll_2018_5,stroll,williams,Spanish Grand Prix,catalunya,11
2018,5,brendon_hartley_2018_5,brendon_hartley,toro_rosso,Spanish Grand Prix,catalunya,12
2018,5,ericsson_2018_5,ericsson,sauber,Spanish Grand Prix,catalunya,13
2018,5,sirotkin_2018_5,sirotkin,williams,Spanish Grand Prix,catalunya,14
2018,6,ricciardo_2018_6,ricciardo,red_bull,Monaco Grand Prix,monaco,1
2018,6,vettel_2018_6,vettel,ferrari,Monaco Grand Prix,monaco,2
2018,6,hamilton_2018_6,hamilton,mercedes,Monaco Grand Prix,monaco,3
2018,6,raikkonen_2018_6,raikkonen,ferrari,Monaco Grand Prix,monaco,4
2018,6,bottas_2018_6,bottas,mercedes,Monaco Grand Prix,monaco,5
2018,6,ocon_2018_6,ocon,force_india,Monaco Grand Prix,monaco,6
2018,6,gasly_2018_6,gasly,toro_rosso,Monaco Grand Prix,monaco,7
2018,6,hulkenberg_2018_6,hulkenberg,renault,Monaco Grand Prix,monaco,8
2018,6,max_verstappen_2018_6,max_verstappen,red_bull,Monaco Grand Prix,monaco,9
2018,6,sainz_2018_6,sainz,renault,Monaco Grand Prix,monaco,10
2018,6,ericsson_2018_6,ericsson,sauber,Monaco Grand Prix,monaco,11
2018,6,perez_2018_6,perez,force_india,Monaco Grand Prix,monaco,12
2018,6,kevin_magnussen_2018_6,kevin_magnussen,haas,Monaco Grand Prix,monaco,13
2018,6,vandoorne_2018_6,vandoorne,mclaren,Monaco Grand Prix,monaco,14
2018,6,grosjean_2018_6,grosjean,haas,Monaco Grand Prix,monaco,15
2018,6,sirotkin_2018_6,sirotkin,williams,Monaco Grand Prix,monaco,16
2018,6,stroll_2018_6,stroll,williams,Monaco Grand Prix,monaco,17
2018,7,vettel_2018_7,vettel,ferrari,Canadian Grand Prix,villeneuve,1
2018,7,bottas_2018_7,bottas,mercedes,Canadian Grand Prix,villeneuve,2
2018,7,max_verstappen_2018_7,max_verstappen,red_bull,Canadian Grand Prix,villeneuve,3
2018,7,ricciardo_2018_7,ricciardo,red_bull,Canadian Grand Prix,villeneuve,4
2018,7,hamilton_2018_7,hamilton,mercedes,Canadian Grand Prix,villeneuve,5
2018,7,raikkonen_2018_7,raikkonen,ferrari,Canadian Grand Prix,villeneuve,6
2018,7,hulkenberg_2018_7,hulkenberg,renault,Canadian Grand Prix,villeneuve,7
2018,7,sainz_2018_7,sainz,renault,Canadian Grand Prix,villeneuve,8
2018,7,ocon_2018_7,ocon,force_india,Canadian Grand Prix,villeneuve,9
2018,7,leclerc_2018_7,leclerc,sauber,Canadian Grand Prix,villeneuve,10
2018,7,gasly_2018_7,gasly,toro_rosso,Canadian Grand Prix,villeneuve,11
2018,7,grosjean_2018_7,grosjean,haas,Canadian Grand Prix,villeneuve,12
2018,7,kevin_magnussen_2018_7,kevin_magnussen,haas,Canadian Grand Prix,villeneuve,13
2018,7,perez_2018_7,perez,force_india,Canadian Grand Prix,villeneuve,14
2018,7,ericsson_2018_7,ericsson,sauber,Canadian Grand Prix,villeneuve,15
2018,7,vandoorne_2018_7,vandoorne,mclaren,Canadian Grand Prix,villeneuve,16
2018,7,sirotkin_2018_7,sirotkin,williams,Canadian Grand Prix,villeneuve,17
2018,8,hamilton_2018_8,hamilton,mercedes,French Grand Prix,ricard,1
2018,8,max_verstappen_2018_8,max_verstappen,red_bull,French Grand Prix,ricard,2
2018,8,raikkonen_2018_8,raikkonen,ferrari,French Grand Prix,ricard,3
2018,8,ricciardo_2018_8,ricciardo,red_bull,French Grand Prix,ricard,4
2018,8,vettel_2018_8,vettel,ferrari,French Grand Prix,ricard,5
2018,8,kevin_magnussen_2018_8,kevin_magnussen,haas,French Grand Prix,ricard,6
2018,8,bottas_2018_8,bottas,mercedes,French Grand Prix,ricard,7
2018,8,sainz_2018_8,sainz,renault,French Grand Prix,ricard,8
2018,8,hulkenberg_2018_8,hulkenberg,renault,French Grand Prix,ricard,9
2018,8,leclerc_2018_8,leclerc,sauber,French Grand Prix,ricard,10
2018,8,grosjean_2018_8,grosjean,haas,French Grand Prix,ricard,11
2018,8,vandoorne_2018_8,vandoorne,mclaren,French Grand Prix,ricard,12
2018,8,ericsson_2018_8,ericsson,sauber,French Grand Prix,ricard,13
2018,8,brendon_hartley_2018_8,brendon_hartley,toro_rosso,French Grand Prix,ricard,14
2018,8,sirotkin_2018_8,sirotkin,williams,French Grand Prix,ricard,15
2018,9,max_verstappen_2018_9,max_verstappen,red_bull,Austrian Grand Prix,red_bull_ring,1
2018,9,raikkonen_2018_9,raikkonen,ferrari,Austrian Grand Prix,red_bull_ring,2
2018,9,vettel_2018_9,vettel,ferrari,Austrian Grand Prix,red_bull_ring,3
2018,9,grosjean_2018_9,grosjean,haas,Austrian Grand Prix,red_bull_ring,4
2018,9,kevin_magnussen_2018_9,kevin_magnussen,haas,Austrian Grand Prix,red_bull_ring,5
2018,9,ocon_2018_9,ocon,force_india,Austrian Grand Prix,red_bull_ring,6
2018,9,perez_2018_9,perez,force_india,Austrian Grand Prix,red_bull_ring,7
2018,9,alonso_2018_9,alonso,mclaren,Austrian Grand Prix,red_bull_ring,8
2018,9,leclerc_2018_9,leclerc,sauber,Austrian Grand Prix,red_bull_ring,9
2018,9,ericsson_2018_9,ericsson,sauber,Austrian Grand Prix,red_bull_ring,10
2018,9,gasly_2018_9,gasly,toro_rosso,Austrian Grand Prix,red_bull_ring,11
2018,9,sainz_2018_9,sainz,renault,Austrian Grand Prix,red_bull_ring,12
2018,9,sirotkin_2018_9,sirotkin,williams,Austrian Grand Prix,red_bull_ring,13
2018,9,stroll_2018_9,stroll,williams,Austrian Grand Prix,red_bull_ring,14
2018,10,vettel_2018_10,vettel,ferrari,British Grand Prix,silverstone,1
2018,10,hamilton_2018_10,hamilton,mercedes,British Grand Prix,silverstone,2
2018,10,raikkonen_2018_10,raikkonen,ferrari,British Grand Prix,silverstone,3
2018,10,bottas_2018_10,bottas,mercedes,British Grand Prix,silverstone,4
2018,10,ricciardo_2018_10,ricciardo,red_bull,British Grand Prix,silverstone,5
2018,10,hulkenberg_2018_10,hulkenberg,renault,British Grand Prix,silverstone,6
2018,10,ocon_2018_10,ocon,force_india,British Grand Prix,silverstone,7
2018,10,alonso_2018_10,alonso,mclaren,British Grand Prix,silverstone,8
2018,10,kevin_magnussen_2018_10,kevin_magnussen,haas,British Grand Prix,silverstone,9
2018,10,perez_2018_10,perez,force_india,British Grand Prix,silverstone,10
2018,10,vandoorne_2018_10,vandoorne,mclaren,British Grand Prix,silverstone,11
2018,10,stroll_2018_10,stroll,williams,British Grand Prix,silverstone,12
2018,10,gasly_2018_10,gasly,toro_rosso,British Grand Prix,silverstone,13
2018,10,sirotkin_2018_10,sirotkin,williams,British Grand Prix,silverstone,14
2018,11,hamilton_2018_11,hamilton,mercedes,German Grand Prix,hockenheim,1
2018,11,bottas_2018_11,bottas,mercedes,German Grand Prix,hockenheim,2
2018,11,raikkonen_2018_11,raikkonen,ferrari,German Grand Prix,hockenheim,3
2018,11,max_verstappen_2018_11,max_verstappen,red_bull,German Grand Prix,hockenheim,4
2018,11,hulkenberg_2018_11,hulkenberg,renault,German Grand Prix,hockenheim,5
2018,11,grosjean_2018_11,grosjean,haas,German Grand Prix,hockenheim,6
2018,11,perez_2018_11,perez,force_india,German Grand Prix,hockenheim,7
2018,11,ocon_2018_11,ocon,force_india,German Grand Prix,hockenheim,8
2018,11,ericsson_2018_11,ericsson,sauber,German Grand Prix,hockenheim,9
2018,11,brendon_hartley_2018_11,brendon_hartley,toro_rosso,German Grand Prix,hockenheim,10
2018,11,kevin_magnussen_2018_11,kevin_magnussen,haas,German Grand Prix,hockenheim,11
2018,11,sainz_2018_11,sainz,renault,German Grand Prix,hockenheim,12
2018,11,vandoorne_2018_11,vandoorne,mclaren,German Grand Prix,hockenheim,13
2018,11,gasly_2018_11,gasly,toro_rosso,German Grand Prix,hockenheim,14
2018,11,leclerc_2018_11,leclerc,sauber,German Grand Prix,hockenheim,15
2018,12,hamilton_2018_12,hamilton,mercedes,Hungarian Grand Prix,hungaroring,1
2018,12,vettel_2018_12,vettel,ferrari,Hungarian Grand Prix,hungaroring,2
2018,12,raikkonen_2018_12,raikkonen,ferrari,Hungarian Grand Prix,hungaroring,3
2018,12,ricciardo_2018_12,ricciardo,red_bull,Hungarian Grand Prix,hungaroring,4
2018,12,bottas_2018_12,bottas,mercedes,Hungarian Grand Prix,hungaroring,5
2018,12,gasly_2018_12,gasly,toro_rosso,Hungarian Grand Prix,hungaroring,6
2018,12,kevin_magnussen_2018_12,kevin_magnussen,haas,Hungarian Grand Prix,hungaroring,7
2018,12,alonso_2018_12,alonso,mclaren,Hungarian Grand Prix,hungaroring,8
2018,12,sainz_2018_12,sainz,renault,Hungarian Grand Prix,hungaroring,9
2018,12,grosjean_2018_12,grosjean,haas,Hungarian Grand Prix,hungaroring,10
2018,12,brendon_hartley_2018_12,brendon_hartley,toro_rosso,Hungarian Grand Prix,hungaroring,11
2018,12,hulkenberg_2018_12,hulkenberg,renault,Hungarian Grand Prix,hungaroring,12
2018,12,ocon_2018_12,ocon,force_india,Hungarian Grand Prix,hungaroring,13
2018,12,perez_2018_12,perez,force_india,Hungarian Grand Prix,hungaroring,14
2018,12,ericsson_2018_12,ericsson,sauber,Hungarian Grand Prix,hungaroring,15
2018,12,sirotkin_2018_12,sirotkin,williams,Hungarian Grand Prix,hungaroring,16
2018,12,stroll_2018_12,stroll,williams,Hungarian Grand Prix,hungaroring,17
2018,13,vettel_2018_13,vettel,ferrari,Belgian Grand Prix,spa,1
2018,13,hamilton_2018_13,hamilton,mercedes,Belgian Grand Prix,spa,2
2018,13,max_verstappen_2018_13,max_verstappen,red_bull,Belgian Grand Prix,spa,3
2018,13,bottas_2018_13,bottas,mercedes,Belgian Grand Prix,spa,4
2018,13,perez_2018_13,perez,force_india,Belgian Grand Prix,spa,5
2018,13,ocon_2018_13,ocon,force_india,Belgian Grand Prix,spa,6
2018,13,grosjean_2018_13,grosjean,haas,Belgian Grand Prix,spa,7
2018,13,kevin_magnussen_2018_13,kevin_magnussen,haas,Belgian Grand Prix,spa,8
2018,13,gasly_2018_13,gasly,toro_rosso,Belgian Grand Prix,spa,9
2018,13,ericsson_2018_13,ericsson,sauber,Belgian Grand Prix,spa,10
2018,13,sainz_2018_13,sainz,renault,Belgian Grand Prix,spa,11
2018,13,sirotkin_2018_13,sirotkin,williams,Belgian Grand Prix,spa,12
2018,13,stroll_2018_13,stroll,williams,Belgian Grand Prix,spa,13
2018,13,brendon_hartley_2018_13,brendon_hartley,toro_rosso,Belgian Grand Prix,spa,14
2018,13,vandoorne_2018_13,vandoorne,mclaren,Belgian Grand Prix,spa,15
2018,14,hamilton_2018_14,hamilton,mercedes,Italian Grand Prix,monza,1
2018,14,raikkonen_2018_14,raikkonen,ferrari,Italian Grand Prix,monza,2
2018,14,bottas_2018_14,bottas,mercedes,Italian Grand Prix,monza,3
2018,14,vettel_2018_14,vettel,ferrari,Italian Grand Prix,monza,4
2018,14,max_verstappen_2018_14,max_verstappen,red_bull,Italian Grand Prix,monza,5
2018,14,ocon_2018_14,ocon,force_india,Italian Grand Prix,monza,6
2018,14,perez_2018_14,perez,force_india,Italian Grand Prix,monza,7
2018,14,sainz_2018_14,sainz,renault,Italian Grand Prix,monza,8
2018,14,stroll_2018_14,stroll,williams,Italian Grand Prix,monza,9
2018,14,sirotkin_2018_14,sirotkin,williams,Italian Grand Prix,monza,10
2018,14,leclerc_2018_14,leclerc,sauber,Italian Grand Prix,monza,11
2018,14,vandoorne_2018_14,vandoorne,mclaren,Italian Grand Prix,monza,12
2018,14,hulkenberg_2018_14,hulkenberg,renault,Italian Grand Prix,monza,13
2018,14,gasly_2018_14,gasly,toro_rosso,Italian Grand Prix,monza,14
2018,14,ericsson_2018_14,ericsson,sauber,Italian Grand Prix,monza,15
2018,14,kevin_magnussen_2018_14,kevin_magnussen,haas,Italian Grand Prix,monza,16
2018,15,hamilton_2018_15,hamilton,mercedes,Singapore Grand Prix,marina_bay,1
2018,15,max_verstappen_2018_15,max_verstappen,red_bull,Singapore Grand Prix,marina_bay,2
2018,15,vettel_2018_15,vettel,ferrari,Singapore Grand Prix,marina_bay,3
2018,15,bottas_2018_15,bottas,mercedes,Singapore Grand Prix,marina_bay,4
2018,15,raikkonen_2018_15,raikkonen,ferrari,Singapore Grand Prix,marina_bay,5
2018,15,ricciardo_2018_15,ricciardo,red_bull,Singapore Grand Prix,marina_bay,6
2018,15,alonso_2018_15,alonso,mclaren,Singapore Grand Prix,marina_bay,7
2018,15,sainz_2018_15,sainz,renault,Singapore Grand Prix,marina_bay,8
2018,15,leclerc_2018_15,leclerc,sauber,Singapore Grand Prix,marina_bay,9
2018,15,hulkenberg_2018_15,hulkenberg,renault,Singapore Grand Prix,marina_bay,10
2018,15,ericsson_2018_15,ericsson,sauber,Singapore Grand Prix,marina_bay,11
2018,15,vandoorne_2018_15,vandoorne,mclaren,Singapore Grand Prix,marina_bay,12
2018,15,gasly_2018_15,gasly,toro_rosso,Singapore Grand Prix,marina_bay,13
2018,15,stroll_2018_15,stroll,williams,Singapore Grand Prix,marina_bay,14
2018,15,grosjean_2018_15,grosjean,haas,Singapore Grand Prix,marina_bay,15
2018,15,perez_2018_15,perez,force_india,Singapore Grand Prix,marina_bay,16
2018,15,brendon_hartley_2018_15,brendon_hartley,toro_rosso,Singapore Grand Prix,marina_bay,17
2018,15,kevin_magnussen_2018_15,kevin_magnussen,haas,Singapore Grand Prix,marina_bay,18
2018,15,sirotkin_2018_15,sirotkin,williams,Singapore Grand Prix,marina_bay,19
2018,16,hamilton_2018_16,hamilton,mercedes,Russian Grand Prix,sochi,1
2018,16,bottas_2018_16,bottas,mercedes,Russian Grand Prix,sochi,2
2018,16,vettel_2018_16,vettel,ferrari,Russian Grand Prix,sochi,3
2018,16,raikkonen_2018_16,raikkonen,ferrari,Russian Grand Prix,sochi,4
2018,16,max_verstappen_2018_16,max_verstappen,red_bull,Russian Grand Prix,sochi,5
2018,16,ricciardo_2018_16,ricciardo,red_bull,Russian Grand Prix,sochi,6
2018,16,leclerc_2018_16,leclerc,sauber,Russian Grand Prix,sochi,7
2018,16,kevin_magnussen_2018_16,kevin_magnussen,haas,Russian Grand Prix,sochi,8
2018,16,ocon_2018_16,ocon,force_india,Russian Grand Prix,sochi,9
2018,16,perez_2018_16,perez,force_india,Russian Grand Prix,sochi,10
2018,16,grosjean_2018_16,grosjean,haas,Russian Grand Prix,sochi,11
2018,16,hulkenberg_2018_16,hulkenberg,renault,Russian Grand Prix,sochi,12
2018,16,ericsson_2018_16,ericsson,sauber,Russian Grand Prix,sochi,13
2018,16,alonso_2018_16,alonso,mclaren,Russian Grand Prix,sochi,14
2018,16,stroll_2018_16,stroll,williams,Russian Grand Prix,sochi,15
2018,16,vandoorne_2018_16,vandoorne,mclaren,Russian Grand Prix,sochi,16
2018,16,sainz_2018_16,sainz,renault,Russian Grand Prix,sochi,17
2018,16,sirotkin_2018_16,sirotkin,williams,Russian Grand Prix,sochi,18
2018,17,hamilton_2018_17,hamilton,mercedes,Japanese Grand Prix,suzuka,1
2018,17,bottas_2018_17,bottas,mercedes,Japanese Grand Prix,suzuka,2
2018,17,max_verstappen_2018_17,max_verstappen,red_bull,Japanese Grand Prix,suzuka,3
2018,17,ricciardo_2018_17,ricciardo,red_bull,Japanese Grand Prix,suzuka,4
2018,17,raikkonen_2018_17,raikkonen,ferrari,Japanese Grand Prix,suzuka,5
2018,17,vettel_2018_17,vettel,ferrari,Japanese Grand Prix,suzuka,6
2018,17,perez_2018_17,perez,force_india,Japanese Grand Prix,suzuka,7
2018,17,grosjean_2018_17,grosjean,haas,Japanese Grand Prix,suzuka,8
2018,17,ocon_2018_17,ocon,force_india,Japanese Grand Prix,suzuka,9
2018,17,sainz_2018_17,sainz,renault,Japanese Grand Prix,suzuka,10
2018,17,gasly_2018_17,gasly,toro_rosso,Japanese Grand Prix,suzuka,11
2018,17,ericsson_2018_17,ericsson,sauber,Japanese Grand Prix,suzuka,12
2018,17,brendon_hartley_2018_17,brendon_hartley,toro_rosso,Japanese Grand Prix,suzuka,13
2018,17,alonso_2018_17,alonso,mclaren,Japanese Grand Prix,suzuka,14
2018,17,vandoorne_2018_17,vandoorne,mclaren,Japanese Grand Prix,suzuka,15
2018,17,sirotkin_2018_17,sirotkin,williams,Japanese Grand Prix,suzuka,16
2018,17,stroll_2018_17,stroll,williams,Japanese Grand Prix,suzuka,17
2018,18,raikkonen_2018_18,raikkonen,ferrari,United States Grand Prix,americas,1
2018,18,max_verstappen_2018_18,max_verstappen,red_bull,United States Grand Prix,americas,2
2018,18,hamilton_2018_18,hamilton,mercedes,United States Grand Prix,americas,3
2018,18,vettel_2018_18,vettel,ferrari,United States Grand Prix,americas,4
2018,18,bottas_2018_18,bottas,mercedes,United States Grand Prix,americas,5
2018,18,hulkenberg_2018_18,hulkenberg,renault,United States Grand Prix,americas,6
2018,18,sainz_2018_18,sainz,renault,United States Grand Prix,americas,7
2018,18,perez_2018_18,perez,force_india,United States Grand Prix,americas,8
2018,18,brendon_hartley_2018_18,brendon_hartley,toro_rosso,United States Grand Prix,americas,9
2018,18,ericsson_2018_18,ericsson,sauber,United States Grand Prix,americas,10
2018,18,vandoorne_2018_18,vandoorne,mclaren,United States Grand Prix,americas,11
2018,18,gasly_2018_18,gasly,toro_rosso,United States Grand Prix,americas,12
2018,18,sirotkin_2018_18,sirotkin,williams,United States Grand Prix,americas,13
2018,18,stroll_2018_18,stroll,williams,United States Grand Prix,americas,14
2018,19,max_verstappen_2018_19,max_verstappen,red_bull,Mexican Grand Prix,rodriguez,1
2018,19,vettel_2018_19,vettel,ferrari,Mexican Grand Prix,rodriguez,2
2018,19,raikkonen_2018_19,raikkonen,ferrari,Mexican Grand Prix,rodriguez,3
2018,19,hamilton_2018_19,hamilton,mercedes,Mexican Grand Prix,rodriguez,4
2018,19,bottas_2018_19,bottas,mercedes,Mexican Grand Prix,rodriguez,5
2018,19,hulkenberg_2018_19,hulkenberg,renault,Mexican Grand Prix,rodriguez,6
2018,19,leclerc_2018_19,leclerc,sauber,Mexican Grand Prix,rodriguez,7
2018,19,vandoorne_2018_19,vandoorne,mclaren,Mexican Grand Prix,rodriguez,8
2018,19,ericsson_2018_19,ericsson,sauber,Mexican Grand Prix,rodriguez,9
2018,19,gasly_2018_19,gasly,toro_rosso,Mexican Grand Prix,rodriguez,10
2018,19,ocon_2018_19,ocon,force_india,Mexican Grand Prix,rodriguez,11
2018,19,stroll_2018_19,stroll,williams,Mexican Grand Prix,rodriguez,12
2018,19,sirotkin_2018_19,sirotkin,williams,Mexican Grand Prix,rodriguez,13
2018,19,brendon_hartley_2018_19,brendon_hartley,toro_rosso,Mexican Grand Prix,rodriguez,14
2018,19,kevin_magnussen_2018_19,kevin_magnussen,haas,Mexican Grand Prix,rodriguez,15
2018,19,grosjean_2018_19,grosjean,haas,Mexican Grand Prix,rodriguez,16
2018,20,hamilton_2018_20,hamilton,mercedes,Brazilian Grand Prix,interlagos,1
2018,20,max_verstappen_2018_20,max_verstappen,red_bull,Brazilian Grand Prix,interlagos,2
2018,20,raikkonen_2018_20,raikkonen,ferrari,Brazilian Grand Prix,interlagos,3
2018,20,ricciardo_2018_20,ricciardo,red_bull,Brazilian Grand Prix,interlagos,4
2018,20,bottas_2018_20,bottas,mercedes,Brazilian Grand Prix,interlagos,5
2018,20,vettel_2018_20,vettel,ferrari,Brazilian Grand Prix,interlagos,6
2018,20,leclerc_2018_20,leclerc,sauber,Brazilian Grand Prix,interlagos,7
2018,20,grosjean_2018_20,grosjean,haas,Brazilian Grand Prix,interlagos,8
2018,20,kevin_magnussen_2018_20,kevin_magnussen,haas,Brazilian Grand Prix,interlagos,9
2018,20,perez_2018_20,perez,force_india,Brazilian Grand Prix,interlagos,10
2018,20,brendon_hartley_2018_20,brendon_hartley,toro_rosso,Brazilian Grand Prix,interlagos,11
2018,20,sainz_2018_20,sainz,renault,Brazilian Grand Prix,interlagos,12
2018,20,gasly_2018_20,gasly,toro_rosso,Brazilian Grand Prix,interlagos,13
2018,20,vandoorne_2018_20,vandoorne,mclaren,Brazilian Grand Prix,interlagos,14
2018,20,ocon_2018_20,ocon,force_india,Brazilian Grand Prix,interlagos,15
2018,20,sirotkin_2018_20,sirotkin,williams,Brazilian Grand Prix,interlagos,16
2018,20,alonso_2018_20,alonso,mclaren,Brazilian Grand Prix,interlagos,17
2018,20,stroll_2018_20,stroll,williams,Brazilian Grand Prix,interlagos,18
2018,21,hamilton_2018_21,hamilton,mercedes,Abu Dhabi Grand Prix,yas_marina,1
2018,21,vettel_2018_21,vettel,ferrari,Abu Dhabi Grand Prix,yas_marina,2
2018,21,max_verstappen_2018_21,max_verstappen,red_bull,Abu Dhabi Grand Prix,yas_marina,3
2018,21,ricciardo_2018_21,ricciardo,red_bull,Abu Dhabi Grand Prix,yas_marina,4
2018,21,bottas_2018_21,bottas,mercedes,Abu Dhabi Grand Prix,yas_marina,5
2018,21,sainz_2018_21,sainz,renault,Abu Dhabi Grand Prix,yas_marina,6
2018,21,leclerc_2018_21,leclerc,sauber,Abu Dhabi Grand Prix,yas_marina,7
2018,21,perez_2018_21,perez,force_india,Abu Dhabi Grand Prix,yas_marina,8
2018,21,grosjean_2018_21,grosjean,haas,Abu Dhabi Grand Prix,yas_marina,9
2018,21,kevin_magnussen_2018_21,kevin_magnussen,haas,Abu Dhabi Grand Prix,yas_marina,10
2018,21,alonso_2018_21,alonso,mclaren,Abu Dhabi Grand Prix,yas_marina,11
2018,21,brendon_hartley_2018_21,brendon_hartley,toro_rosso,Abu Dhabi Grand Prix,yas_marina,12
2018,21,stroll_2018_21,stroll,williams,Abu Dhabi Grand Prix,yas_marina,13
2018,21,vandoorne_2018_21,vandoorne,mclaren,Abu Dhabi Grand Prix,yas_marina,14
2018,21,sirotkin_2018_21,sirotkin,williams,Abu Dhabi Grand Prix,yas_marina,15
2019,1,bottas_2019_1,bottas,mercedes,Australian Grand Prix,albert_park,1
2019,1,hamilton_2019_1,hamilton,mercedes,Australian Grand Prix,albert_park,2
2019,1,max_verstappen_2019_1,max_verstappen,red_bull,Australian Grand Prix,albert_park,3
2019,1,vettel_2019_1,vettel,ferrari,Australian Grand Prix,albert_park,4
2019,1,leclerc_2019_1,leclerc,ferrari,Australian Grand Prix,albert_park,5
2019,1,kevin_magnussen_2019_1,kevin_magnussen,haas,Australian Grand Prix,albert_park,6
2019,1,hulkenberg_2019_1,hulkenberg,renault,Australian Grand Prix,albert_park,7
2019,1,raikkonen_2019_1,raikkonen,alfa,Australian Grand Prix,albert_park,8
2019,1,stroll_2019_1,stroll,racing_point,Australian Grand Prix,albert_park,9
2019,1,kvyat_2019_1,kvyat,toro_rosso,Australian Grand Prix,albert_park,10
2019,1,gasly_2019_1,gasly,red_bull,Australian Grand Prix,albert_park,11
2019,1,norris_2019_1,norris,mclaren,Australian Grand Prix,albert_park,12
2019,1,perez_2019_1,perez,racing_point,Australian Grand Prix,albert_park,13
2019,1,albon_2019_1,albon,toro_rosso,Australian Grand Prix,albert_park,14
2019,1,giovinazzi_2019_1,giovinazzi,alfa,Australian Grand Prix,albert_park,15
2019,1,russell_2019_1,russell,williams,Australian Grand Prix,albert_park,16
2019,1,kubica_2019_1,kubica,williams,Australian Grand Prix,albert_park,17
2019,2,hamilton_2019_2,hamilton,mercedes,Bahrain Grand Prix,bahrain,1
2019,2,bottas_2019_2,bottas,mercedes,Bahrain Grand Prix,bahrain,2
2019,2,leclerc_2019_2,leclerc,ferrari,Bahrain Grand Prix,bahrain,3
2019,2,max_verstappen_2019_2,max_verstappen,red_bull,Bahrain Grand Prix,bahrain,4
2019,2,vettel_2019_2,vettel,ferrari,Bahrain Grand Prix,bahrain,5
2019,2,norris_2019_2,norris,mclaren,Bahrain Grand Prix,bahrain,6
2019,2,raikkonen_2019_2,raikkonen,alfa,Bahrain Grand Prix,bahrain,7
2019,2,gasly_2019_2,gasly,red_bull,Bahrain Grand Prix,bahrain,8
2019,2,albon_2019_2,albon,toro_rosso,Bahrain Grand Prix,bahrain,9
2019,2,perez_2019_2,perez,racing_point,Bahrain Grand Prix,bahrain,10
2019,2,giovinazzi_2019_2,giovinazzi,alfa,Bahrain Grand Prix,bahrain,11
2019,2,kvyat_2019_2,kvyat,toro_rosso,Bahrain Grand Prix,bahrain,12
2019,2,kevin_magnussen_2019_2,kevin_magnussen,haas,Bahrain Grand Prix,bahrain,13
2019,2,stroll_2019_2,stroll,racing_point,Bahrain Grand Prix,bahrain,14
2019,2,russell_2019_2,russell,williams,Bahrain Grand Prix,bahrain,15
2019,2,kubica_2019_2,kubica,williams,Bahrain Grand Prix,bahrain,16
2019,3,hamilton_2019_3,hamilton,mercedes,Chinese Grand Prix,shanghai,1
2019,3,bottas_2019_3,bottas,mercedes,Chinese Grand Prix,shanghai,2
2019,3,vettel_2019_3,vettel,ferrari,Chinese Grand Prix,shanghai,3
2019,3,max_verstappen_2019_3,max_verstappen,red_bull,Chinese Grand Prix,shanghai,4
2019,3,leclerc_2019_3,leclerc,ferrari,Chinese Grand Prix,shanghai,5
2019,3,gasly_2019_3,gasly,red_bull,Chinese Grand Prix,shanghai,6
2019,3,ricciardo_2019_3,ricciardo,renault,Chinese Grand Prix,shanghai,7
2019,3,perez_2019_3,perez,racing_point,Chinese Grand Prix,shanghai,8
2019,3,raikkonen_2019_3,raikkonen,alfa,Chinese Grand Prix,shanghai,9
2019,3,albon_2019_3,albon,toro_rosso,Chinese Grand Prix,shanghai,10
2019,3,grosjean_2019_3,grosjean,haas,Chinese Grand Prix,shanghai,11
2019,3,stroll_2019_3,stroll,racing_point,Chinese Grand Prix,shanghai,12
2019,3,kevin_magnussen_2019_3,kevin_magnussen,haas,Chinese Grand Prix,shanghai,13
2019,3,sainz_2019_3,sainz,mclaren,Chinese Grand Prix,shanghai,14
2019,3,giovinazzi_2019_3,giovinazzi,alfa,Chinese Grand Prix,shanghai,15
2019,3,russell_2019_3,russell,williams,Chinese Grand Prix,shanghai,16
2019,3,kubica_2019_3,kubica,williams,Chinese Grand Prix,shanghai,17
2019,4,bottas_2019_4,bottas,mercedes,Azerbaijan Grand Prix,baku,1
2019,4,hamilton_2019_4,hamilton,mercedes,Azerbaijan Grand Prix,baku,2
2019,4,vettel_2019_4,vettel,ferrari,Azerbaijan Grand Prix,baku,3
2019,4,max_verstappen_2019_4,max_verstappen,red_bull,Azerbaijan Grand Prix,baku,4
2019,4,leclerc_2019_4,leclerc,ferrari,Azerbaijan Grand Prix,baku,5
2019,4,perez_2019_4,perez,racing_point,Azerbaijan Grand Prix,baku,6
2019,4,sainz_2019_4,sainz,mclaren,Azerbaijan Grand Prix,baku,7
2019,4,norris_2019_4,norris,mclaren,Azerbaijan Grand Prix,baku,8
2019,4,stroll_2019_4,stroll,racing_point,Azerbaijan Grand Prix,baku,9
2019,4,raikkonen_2019_4,raikkonen,alfa,Azerbaijan Grand Prix,baku,10
2019,4,albon_2019_4,albon,toro_rosso,Azerbaijan Grand Prix,baku,11
2019,4,giovinazzi_2019_4,giovinazzi,alfa,Azerbaijan Grand Prix,baku,12
2019,4,kevin_magnussen_2019_4,kevin_magnussen,haas,Azerbaijan Grand Prix,baku,13
2019,4,hulkenberg_2019_4,hulkenberg,renault,Azerbaijan Grand Prix,baku,14
2019,4,russell_2019_4,russell,williams,Azerbaijan Grand Prix,baku,15
2019,4,kubica_2019_4,kubica,williams,Azerbaijan Grand Prix,baku,16
2019,5,hamilton_2019_5,hamilton,mercedes,Spanish Grand Prix,catalunya,1
2019,5,bottas_2019_5,bottas,mercedes,Spanish Grand Prix,catalunya,2
2019,5,max_verstappen_2019_5,max_verstappen,red_bull,Spanish Grand Prix,catalunya,3
2019,5,vettel_2019_5,vettel,ferrari,Spanish Grand Prix,catalunya,4
2019,5,leclerc_2019_5,leclerc,ferrari,Spanish Grand Prix,catalunya,5
2019,5,gasly_2019_5,gasly,red_bull,Spanish Grand Prix,catalunya,6
2019,5,kevin_magnussen_2019_5,kevin_magnussen,haas,Spanish Grand Prix,catalunya,7
2019,5,sainz_2019_5,sainz,mclaren,Spanish Grand Prix,catalunya,8
2019,5,kvyat_2019_5,kvyat,toro_rosso,Spanish Grand Prix,catalunya,9
2019,5,grosjean_2019_5,grosjean,haas,Spanish Grand Prix,catalunya,10
2019,5,albon_2019_5,albon,toro_rosso,Spanish Grand Prix,catalunya,11
2019,5,ricciardo_2019_5,ricciardo,renault,Spanish Grand Prix,catalunya,12
2019,5,hulkenberg_2019_5,hulkenberg,renault,Spanish Grand Prix,catalunya,13
2019,5,raikkonen_2019_5,raikkonen,alfa,Spanish Grand Prix,catalunya,14
2019,5,perez_2019_5,perez,racing_point,Spanish Grand Prix,catalunya,15
2019,5,giovinazzi_2019_5,giovinazzi,alfa,Spanish Grand Prix,catalunya,16
2019,5,russell_2019_5,russell,williams,Spanish Grand Prix,catalunya,17
2019,5,kubica_2019_5,kubica,williams,Spanish Grand Prix,catalunya,18
2019,6,hamilton_2019_6,hamilton,mercedes,Monaco Grand Prix,monaco,1
2019,6,vettel_2019_6,vettel,ferrari,Monaco Grand Prix,monaco,2
2019,6,bottas_2019_6,bottas,mercedes,Monaco Grand Prix,monaco,3
2019,6,max_verstappen_2019_6,max_verstappen,red_bull,Monaco Grand Prix,monaco,4
2019,6,gasly_2019_6,gasly,red_bull,Monaco Grand Prix,monaco,5
2019,6,sainz_2019_6,sainz,mclaren,Monaco Grand Prix,monaco,6
2019,6,kvyat_2019_6,kvyat,toro_rosso,Monaco Grand Prix,monaco,7
2019,6,albon_2019_6,albon,toro_rosso,Monaco Grand Prix,monaco,8
2019,6,ricciardo_2019_6,ricciardo,renault,Monaco Grand Prix,monaco,9
2019,6,grosjean_2019_6,grosjean,haas,Monaco Grand Prix,monaco,10
2019,6,norris_2019_6,norris,mclaren,Monaco Grand Prix,monaco,11
2019,6,perez_2019_6,perez,racing_point,Monaco Grand Prix,monaco,12
2019,6,hulkenberg_2019_6,hulkenberg,renault,Monaco Grand Prix,monaco,13
2019,6,kevin_magnussen_2019_6,kevin_magnussen,haas,Monaco Grand Prix,monaco,14
2019,6,russell_2019_6,russell,williams,Monaco Grand Prix,monaco,15
2019,6,stroll_2019_6,stroll,racing_point,Monaco Grand Prix,monaco,16
2019,6,raikkonen_2019_6,raikkonen,alfa,Monaco Grand Prix,monaco,17
2019,6,kubica_2019_6,kubica,williams,Monaco Grand Prix,monaco,18
2019,6,giovinazzi_2019_6,giovinazzi,alfa,Monaco Grand Prix,monaco,19
2019,7,hamilton_2019_7,hamilton,mercedes,Canadian Grand Prix,villeneuve,1
2019,7,vettel_2019_7,vettel,ferrari,Canadian Grand Prix,villeneuve,2
2019,7,leclerc_2019_7,leclerc,ferrari,Canadian Grand Prix,villeneuve,3
2019,7,bottas_2019_7,bottas,mercedes,Canadian Grand Prix,villeneuve,4
2019,7,max_verstappen_2019_7,max_verstappen,red_bull,Canadian Grand Prix,villeneuve,5
2019,7,ricciardo_2019_7,ricciardo,renault,Canadian Grand Prix,villeneuve,6
2019,7,hulkenberg_2019_7,hulkenberg,renault,Canadian Grand Prix,villeneuve,7
2019,7,gasly_2019_7,gasly,red_bull,Canadian Grand Prix,villeneuve,8
2019,7,stroll_2019_7,stroll,racing_point,Canadian Grand Prix,villeneuve,9
2019,7,kvyat_2019_7,kvyat,toro_rosso,Canadian Grand Prix,villeneuve,10
2019,7,sainz_2019_7,sainz,mclaren,Canadian Grand Prix,villeneuve,11
2019,7,perez_2019_7,perez,racing_point,Canadian Grand Prix,villeneuve,12
2019,7,giovinazzi_2019_7,giovinazzi,alfa,Canadian Grand Prix,villeneuve,13
2019,7,grosjean_2019_7,grosjean,haas,Canadian Grand Prix,villeneuve,14
2019,7,raikkonen_2019_7,raikkonen,alfa,Canadian Grand Prix,villeneuve,15
2019,7,russell_2019_7,russell,williams,Canadian Grand Prix,villeneuve,16
2019,7,kevin_magnussen_2019_7,kevin_magnussen,haas,Canadian Grand Prix,villeneuve,17
2019,7,kubica_2019_7,kubica,williams,Canadian Grand Prix,villeneuve,18
2019,8,hamilton_2019_8,hamilton,mercedes,French Grand Prix,ricard,1
2019,8,bottas_2019_8,bottas,mercedes,French Grand Prix,ricard,2
2019,8,leclerc_2019_8,leclerc,ferrari,French Grand Prix,ricard,3
2019,8,max_verstappen_2019_8,max_verstappen,red_bull,French Grand Prix,ricard,4
2019,8,vettel_2019_8,vettel,ferrari,French Grand Prix,ricard,5
2019,8,sainz_2019_8,sainz,mclaren,French Grand Prix,ricard,6
2019,8,raikkonen_2019_8,raikkonen,alfa,French Grand Prix,ricard,7
2019,8,hulkenberg_2019_8,hulkenberg,renault,French Grand Prix,ricard,8
2019,8,norris_2019_8,norris,mclaren,French Grand Prix,ricard,9
2019,8,gasly_2019_8,gasly,red_bull,French Grand Prix,ricard,10
2019,8,ricciardo_2019_8,ricciardo,renault,French Grand Prix,ricard,11
2019,8,perez_2019_8,perez,racing_point,French Grand Prix,ricard,12
2019,8,stroll_2019_8,stroll,racing_point,French Grand Prix,ricard,13
2019,8,kvyat_2019_8,kvyat,toro_rosso,French Grand Prix,ricard,14
2019,8,albon_2019_8,albon,toro_rosso,French Grand Prix,ricard,15
2019,8,giovinazzi_2019_8,giovinazzi,alfa,French Grand Prix,ricard,16
2019,8,kevin_magnussen_2019_8,kevin_magnussen,haas,French Grand Prix,ricard,17
2019,8,kubica_2019_8,kubica,williams,French Grand Prix,ricard,18
2019,8,russell_2019_8,russell,williams,French Grand Prix,ricard,19
2019,9,max_verstappen_2019_9,max_verstappen,red_bull,Austrian Grand Prix,red_bull_ring,1
2019,9,leclerc_2019_9,leclerc,ferrari,Austrian Grand Prix,red_bull_ring,2
2019,9,bottas_2019_9,bottas,mercedes,Austrian Grand Prix,red_bull_ring,3
2019,9,vettel_2019_9,vettel,ferrari,Austrian Grand Prix,red_bull_ring,4
2019,9,hamilton_2019_9,hamilton,mercedes,Austrian Grand Prix,red_bull_ring,5
2019,9,norris_2019_9,norris,mclaren,Austrian Grand Prix,red_bull_ring,6
2019,9,gasly_2019_9,gasly,red_bull,Austrian Grand Prix,red_bull_ring,7
2019,9,sainz_2019_9,sainz,mclaren,Austrian Grand Prix,red_bull_ring,8
2019,9,raikkonen_2019_9,raikkonen,alfa,Austrian Grand Prix,red_bull_ring,9
2019,9,giovinazzi_2019_9,giovinazzi,alfa,Austrian Grand Prix,red_bull_ring,10
2019,9,perez_2019_9,perez,racing_point,Austrian Grand Prix,red_bull_ring,11
2019,9,ricciardo_2019_9,ricciardo,renault,Austrian Grand Prix,red_bull_ring,12
2019,9,hulkenberg_2019_9,hulkenberg,renault,Austrian Grand Prix,red_bull_ring,13
2019,9,stroll_2019_9,stroll,racing_point,Austrian Grand Prix,red_bull_ring,14
2019,9,albon_2019_9,albon,toro_rosso,Austrian Grand Prix,red_bull_ring,15
2019,9,grosjean_2019_9,grosjean,haas,Austrian Grand Prix,red_bull_ring,16
2019,9,kvyat_2019_9,kvyat,toro_rosso,Austrian Grand Prix,red_bull_ring,17
2019,9,russell_2019_9,russell,williams,Austrian Grand Prix,red_bull_ring,18
2019,9,kevin_magnussen_2019_9,kevin_magnussen,haas,Austrian Grand Prix,red_bull_ring,19
2019,9,kubica_2019_9,kubica,williams,Austrian Grand Prix,red_bull_ring,20
2019,10,hamilton_2019_10,hamilton,mercedes,British Grand Prix,silverstone,1
2019,10,bottas_2019_10,bottas,mercedes,British Grand Prix,silverstone,2
2019,10,leclerc_2019_10,leclerc,ferrari,British Grand Prix,silverstone,3
2019,10,gasly_2019_10,gasly,red_bull,British Grand Prix,silverstone,4
2019,10,max_verstappen_2019_10,max_verstappen,red_bull,British Grand Prix,silverstone,5
2019,10,sainz_2019_10,sainz,mclaren,British Grand Prix,silverstone,6
2019,10,ricciardo_2019_10,ricciardo,renault,British Grand Prix,silverstone,7
2019,10,raikkonen_2019_10,raikkonen,alfa,British Grand Prix,silverstone,8
2019,10,kvyat_2019_10,kvyat,toro_rosso,British Grand Prix,silverstone,9
2019,10,hulkenberg_2019_10,hulkenberg,renault,British Grand Prix,silverstone,10
2019,10,norris_2019_10,norris,mclaren,British Grand Prix,silverstone,11
2019,10,albon_2019_10,albon,toro_rosso,British Grand Prix,silverstone,12
2019,10,stroll_2019_10,stroll,racing_point,British Grand Prix,silverstone,13
2019,10,russell_2019_10,russell,williams,British Grand Prix,silverstone,14
2019,10,kubica_2019_10,kubica,williams,British Grand Prix,silverstone,15
2019,10,vettel_2019_10,vettel,ferrari,British Grand Prix,silverstone,16
2019,10,perez_2019_10,perez,racing_point,British Grand Prix,silverstone,17
2019,11,max_verstappen_2019_11,max_verstappen,red_bull,German Grand Prix,hockenheim,1
2019,11,vettel_2019_11,vettel,ferrari,German Grand Prix,hockenheim,2
2019,11,kvyat_2019_11,kvyat,toro_rosso,German Grand Prix,hockenheim,3
2019,11,stroll_2019_11,stroll,racing_point,German Grand Prix,hockenheim,4
2019,11,sainz_2019_11,sainz,mclaren,German Grand Prix,hockenheim,5
2019,11,albon_2019_11,albon,toro_rosso,German Grand Prix,hockenheim,6
2019,11,grosjean_2019_11,grosjean,haas,German Grand Prix,hockenheim,7
2019,11,kevin_magnussen_2019_11,kevin_magnussen,haas,German Grand Prix,hockenheim,8
2019,11,hamilton_2019_11,hamilton,mercedes,German Grand Prix,hockenheim,9
2019,11,kubica_2019_11,kubica,williams,German Grand Prix,hockenheim,10
2019,11,russell_2019_11,russell,williams,German Grand Prix,hockenheim,11
2019,11,raikkonen_2019_11,raikkonen,alfa,German Grand Prix,hockenheim,12
2019,11,giovinazzi_2019_11,giovinazzi,alfa,German Grand Prix,hockenheim,13
2019,12,hamilton_2019_12,hamilton,mercedes,Hungarian Grand Prix,hungaroring,1
2019,12,max_verstappen_2019_12,max_verstappen,red_bull,Hungarian Grand Prix,hungaroring,2
2019,12,vettel_2019_12,vettel,ferrari,Hungarian Grand Prix,hungaroring,3
2019,12,leclerc_2019_12,leclerc,ferrari,Hungarian Grand Prix,hungaroring,4
2019,12,sainz_2019_12,sainz,mclaren,Hungarian Grand Prix,hungaroring,5
2019,12,gasly_2019_12,gasly,red_bull,Hungarian Grand Prix,hungaroring,6
2019,12,raikkonen_2019_12,raikkonen,alfa,Hungarian Grand Prix,hungaroring,7
2019,12,bottas_2019_12,bottas,mercedes,Hungarian Grand Prix,hungaroring,8
2019,12,norris_2019_12,norris,mclaren,Hungarian Grand Prix,hungaroring,9
2019,12,albon_2019_12,albon,toro_rosso,Hungarian Grand Prix,hungaroring,10
2019,12,perez_2019_12,perez,racing_point,Hungarian Grand Prix,hungaroring,11
2019,12,hulkenberg_2019_12,hulkenberg,renault,Hungarian Grand Prix,hungaroring,12
2019,12,kevin_magnussen_2019_12,kevin_magnussen,haas,Hungarian Grand Prix,hungaroring,13
2019,12,ricciardo_2019_12,ricciardo,renault,Hungarian Grand Prix,hungaroring,14
2019,12,kvyat_2019_12,kvyat,toro_rosso,Hungarian Grand Prix,hungaroring,15
2019,12,russell_2019_12,russell,williams,Hungarian Grand Prix,hungaroring,16
2019,12,stroll_2019_12,stroll,racing_point,Hungarian Grand Prix,hungaroring,17
2019,12,giovinazzi_2019_12,giovinazzi,alfa,Hungarian Grand Prix,hungaroring,18
2019,12,kubica_2019_12,kubica,williams,Hungarian Grand Prix,hungaroring,19
2019,13,leclerc_2019_13,leclerc,ferrari,Belgian Grand Prix,spa,1
2019,13,hamilton_2019_13,hamilton,mercedes,Belgian Grand Prix,spa,2
2019,13,bottas_2019_13,bottas,mercedes,Belgian Grand Prix,spa,3
2019,13,vettel_2019_13,vettel,ferrari,Belgian Grand Prix,spa,4
2019,13,albon_2019_13,albon,red_bull,Belgian Grand Prix,spa,5
2019,13,perez_2019_13,perez,racing_point,Belgian Grand Prix,spa,6
2019,13,kvyat_2019_13,kvyat,toro_rosso,Belgian Grand Prix,spa,7
2019,13,hulkenberg_2019_13,hulkenberg,renault,Belgian Grand Prix,spa,8
2019,13,gasly_2019_13,gasly,toro_rosso,Belgian Grand Prix,spa,9
2019,13,stroll_2019_13,stroll,racing_point,Belgian Grand Prix,spa,10
2019,13,kevin_magnussen_2019_13,kevin_magnussen,haas,Belgian Grand Prix,spa,12
2019,13,grosjean_2019_13,grosjean,haas,Belgian Grand Prix,spa,13
2019,13,ricciardo_2019_13,ricciardo,renault,Belgian Grand Prix,spa,14
2019,13,russell_2019_13,russell,williams,Belgian Grand Prix,spa,15
2019,13,raikkonen_2019_13,raikkonen,alfa,Belgian Grand Prix,spa,16
2019,13,kubica_2019_13,kubica,williams,Belgian Grand Prix,spa,17
2019,14,leclerc_2019_14,leclerc,ferrari,Italian Grand Prix,monza,1
2019,14,bottas_2019_14,bottas,mercedes,Italian Grand Prix,monza,2
2019,14,hamilton_2019_14,hamilton,mercedes,Italian Grand Prix,monza,3
2019,14,ricciardo_2019_14,ricciardo,renault,Italian Grand Prix,monza,4
2019,14,hulkenberg_2019_14,hulkenberg,renault,Italian Grand Prix,monza,5
2019,14,albon_2019_14,albon,red_bull,Italian Grand Prix,monza,6
2019,14,perez_2019_14,perez,racing_point,Italian Grand Prix,monza,7
2019,14,max_verstappen_2019_14,max_verstappen,red_bull,Italian Grand Prix,monza,8
2019,14,giovinazzi_2019_14,giovinazzi,alfa,Italian Grand Prix,monza,9
2019,14,norris_2019_14,norris,mclaren,Italian Grand Prix,monza,10
2019,14,gasly_2019_14,gasly,toro_rosso,Italian Grand Prix,monza,11
2019,14,stroll_2019_14,stroll,racing_point,Italian Grand Prix,monza,12
2019,14,vettel_2019_14,vettel,ferrari,Italian Grand Prix,monza,13
2019,14,russell_2019_14,russell,williams,Italian Grand Prix,monza,14
2019,14,raikkonen_2019_14,raikkonen,alfa,Italian Grand Prix,monza,15
2019,14,grosjean_2019_14,grosjean,haas,Italian Grand Prix,monza,16
2019,14,kubica_2019_14,kubica,williams,Italian Grand Prix,monza,17
2019,15,vettel_2019_15,vettel,ferrari,Singapore Grand Prix,marina_bay,1
2019,15,leclerc_2019_15,leclerc,ferrari,Singapore Grand Prix,marina_bay,2
2019,15,max_verstappen_2019_15,max_verstappen,red_bull,Singapore Grand Prix,marina_bay,3
2019,15,hamilton_2019_15,hamilton,mercedes,Singapore Grand Prix,marina_bay,4
2019,15,bottas_2019_15,bottas,mercedes,Singapore Grand Prix,marina_bay,5
2019,15,albon_2019_15,albon,red_bull,Singapore Grand Prix,marina_bay,6
2019,15,norris_2019_15,norris,mclaren,Singapore Grand Prix,marina_bay,7
2019,15,gasly_2019_15,gasly,toro_rosso,Singapore Grand Prix,marina_bay,8
2019,15,hulkenberg_2019_15,hulkenberg,renault,Singapore Grand Prix,marina_bay,9
2019,15,giovinazzi_2019_15,giovinazzi,alfa,Singapore Grand Prix,marina_bay,10
2019,15,grosjean_2019_15,grosjean,haas,Singapore Grand Prix,marina_bay,11
2019,15,sainz_2019_15,sainz,mclaren,Singapore Grand Prix,marina_bay,12
2019,15,stroll_2019_15,stroll,racing_point,Singapore Grand Prix,marina_bay,13
2019,15,ricciardo_2019_15,ricciardo,renault,Singapore Grand Prix,marina_bay,14
2019,15,kvyat_2019_15,kvyat,toro_rosso,Singapore Grand Prix,marina_bay,15
2019,15,kubica_2019_15,kubica,williams,Singapore Grand Prix,marina_bay,16
2019,15,kevin_magnussen_2019_15,kevin_magnussen,haas,Singapore Grand Prix,marina_bay,17
2019,16,hamilton_2019_16,hamilton,mercedes,Russian Grand Prix,sochi,1
2019,16,bottas_2019_16,bottas,mercedes,Russian Grand Prix,sochi,2
2019,16,leclerc_2019_16,leclerc,ferrari,Russian Grand Prix,sochi,3
2019,16,max_verstappen_2019_16,max_verstappen,red_bull,Russian Grand Prix,sochi,4
2019,16,albon_2019_16,albon,red_bull,Russian Grand Prix,sochi,5
2019,16,sainz_2019_16,sainz,mclaren,Russian Grand Prix,sochi,6
2019,16,perez_2019_16,perez,racing_point,Russian Grand Prix,sochi,7
2019,16,norris_2019_16,norris,mclaren,Russian Grand Prix,sochi,8
2019,16,kevin_magnussen_2019_16,kevin_magnussen,haas,Russian Grand Prix,sochi,9
2019,16,hulkenberg_2019_16,hulkenberg,renault,Russian Grand Prix,sochi,10
2019,16,stroll_2019_16,stroll,racing_point,Russian Grand Prix,sochi,11
2019,16,kvyat_2019_16,kvyat,toro_rosso,Russian Grand Prix,sochi,12
2019,16,raikkonen_2019_16,raikkonen,alfa,Russian Grand Prix,sochi,13
2019,16,gasly_2019_16,gasly,toro_rosso,Russian Grand Prix,sochi,14
2019,16,giovinazzi_2019_16,giovinazzi,alfa,Russian Grand Prix,sochi,15
2019,17,bottas_2019_17,bottas,mercedes,Japanese Grand Prix,suzuka,1
2019,17,vettel_2019_17,vettel,ferrari,Japanese Grand Prix,suzuka,2
2019,17,hamilton_2019_17,hamilton,mercedes,Japanese Grand Prix,suzuka,3
2019,17,albon_2019_17,albon,red_bull,Japanese Grand Prix,suzuka,4
2019,17,sainz_2019_17,sainz,mclaren,Japanese Grand Prix,suzuka,5
2019,17,leclerc_2019_17,leclerc,ferrari,Japanese Grand Prix,suzuka,6
2019,17,gasly_2019_17,gasly,toro_rosso,Japanese Grand Prix,suzuka,7
2019,17,perez_2019_17,perez,racing_point,Japanese Grand Prix,suzuka,8
2019,17,stroll_2019_17,stroll,racing_point,Japanese Grand Prix,suzuka,9
2019,17,kvyat_2019_17,kvyat,toro_rosso,Japanese Grand Prix,suzuka,10
2019,17,norris_2019_17,norris,mclaren,Japanese Grand Prix,suzuka,11
2019,17,raikkonen_2019_17,raikkonen,alfa,Japanese Grand Prix,suzuka,12
2019,17,grosjean_2019_17,grosjean,haas,Japanese Grand Prix,suzuka,13
2019,17,giovinazzi_2019_17,giovinazzi,alfa,Japanese Grand Prix,suzuka,14
2019,17,kevin_magnussen_2019_17,kevin_magnussen,haas,Japanese Grand Prix,suzuka,15
2019,17,russell_2019_17,russell,williams,Japanese Grand Prix,suzuka,16
2019,17,kubica_2019_17,kubica,williams,Japanese Grand Prix,suzuka,17
2019,18,hamilton_2019_18,hamilton,mercedes,Mexican Grand Prix,rodriguez,1
2019,18,vettel_2019_18,vettel,ferrari,Mexican Grand Prix,rodriguez,2
2019,18,bottas_2019_18,bottas,mercedes,Mexican Grand Prix,rodriguez,3
2019,18,leclerc_2019_18,leclerc,ferrari,Mexican Grand Prix,rodriguez,4
2019,18,albon_2019_18,albon,red_bull,Mexican Grand Prix,rodriguez,5
2019,18,max_verstappen_2019_18,max_verstappen,red_bull,Mexican Grand Prix,rodriguez,6
2019,18,perez_2019_18,perez,racing_point,Mexican Grand Prix,rodriguez,7
2019,18,ricciardo_2019_18,ricciardo,renault,Mexican Grand Prix,rodriguez,8
2019,18,gasly_2019_18,gasly,toro_rosso,Mexican Grand Prix,rodriguez,9
2019,18,hulkenberg_2019_18,hulkenberg,renault,Mexican Grand Prix,rodriguez,10
2019,18,kvyat_2019_18,kvyat,toro_rosso,Mexican Grand Prix,rodriguez,11
2019,18,stroll_2019_18,stroll,racing_point,Mexican Grand Prix,rodriguez,12
2019,18,sainz_2019_18,sainz,mclaren,Mexican Grand Prix,rodriguez,13
2019,18,giovinazzi_2019_18,giovinazzi,alfa,Mexican Grand Prix,rodriguez,14
2019,18,kevin_magnussen_2019_18,kevin_magnussen,haas,Mexican Grand Prix,rodriguez,15
2019,18,russell_2019_18,russell,williams,Mexican Grand Prix,rodriguez,16
2019,18,grosjean_2019_18,grosjean,haas,Mexican Grand Prix,rodriguez,17
2019,18,kubica_2019_18,kubica,williams,Mexican Grand Prix,rodriguez,18
2019,19,bottas_2019_19,bottas,mercedes,United States Grand Prix,americas,1
2019,19,hamilton_2019_19,hamilton,mercedes,United States Grand Prix,americas,2
2019,19,max_verstappen_2019_19,max_verstappen,red_bull,United States Grand Prix,americas,3
2019,19,leclerc_2019_19,leclerc,ferrari,United States Grand Prix,americas,4
2019,19,albon_2019_19,albon,red_bull,United States Grand Prix,americas,5
2019,19,ricciardo_2019_19,ricciardo,renault,United States Grand Prix,americas,6
2019,19,norris_2019_19,norris,mclaren,United States Grand Prix,americas,7
2019,19,sainz_2019_19,sainz,mclaren,United States Grand Prix,americas,8
2019,19,hulkenberg_2019_19,hulkenberg,renault,United States Grand Prix,americas,9
2019,19,perez_2019_19,perez,racing_point,United States Grand Prix,americas,10
2019,19,raikkonen_2019_19,raikkonen,alfa,United States Grand Prix,americas,11
2019,19,kvyat_2019_19,kvyat,toro_rosso,United States Grand Prix,americas,12
2019,19,stroll_2019_19,stroll,racing_point,United States Grand Prix,americas,13
2019,19,giovinazzi_2019_19,giovinazzi,alfa,United States Grand Prix,americas,14
2019,19,grosjean_2019_19,grosjean,haas,United States Grand Prix,americas,15
2019,19,russell_2019_19,russell,williams,United States Grand Prix,americas,17
2019,20,max_verstappen_2019_20,max_verstappen,red_bull,Brazilian Grand Prix,interlagos,1
2019,20,gasly_2019_20,gasly,toro_rosso,Brazilian Grand Prix,interlagos,2
2019,20,sainz_2019_20,sainz,mclaren,Brazilian Grand Prix,interlagos,3
2019,20,raikkonen_2019_20,raikkonen,alfa,Brazilian Grand Prix,interlagos,4
2019,20,giovinazzi_2019_20,giovinazzi,alfa,Brazilian Grand Prix,interlagos,5
2019,20,ricciardo_2019_20,ricciardo,renault,Brazilian Grand Prix,interlagos,6
2019,20,hamilton_2019_20,hamilton,mercedes,Brazilian Grand Prix,interlagos,7
2019,20,norris_2019_20,norris,mclaren,Brazilian Grand Prix,interlagos,8
2019,20,perez_2019_20,perez,racing_point,Brazilian Grand Prix,interlagos,9
2019,20,kvyat_2019_20,kvyat,toro_rosso,Brazilian Grand Prix,interlagos,10
2019,20,kevin_magnussen_2019_20,kevin_magnussen,haas,Brazilian Grand Prix,interlagos,11
2019,20,russell_2019_20,russell,williams,Brazilian Grand Prix,interlagos,12
2019,20,grosjean_2019_20,grosjean,haas,Brazilian Grand Prix,interlagos,13
2019,20,albon_2019_20,albon,red_bull,Brazilian Grand Prix,interlagos,14
2019,20,hulkenberg_2019_20,hulkenberg,renault,Brazilian Grand Prix,interlagos,15
2019,20,kubica_2019_20,kubica,williams,Brazilian Grand Prix,interlagos,16
2019,21,hamilton_2019_21,hamilton,mercedes,Abu Dhabi Grand Prix,yas_marina,1
2019,21,max_verstappen_2019_21,max_verstappen,red_bull,Abu Dhabi Grand Prix,yas_marina,2
2019,21,leclerc_2019_21,leclerc,ferrari,Abu Dhabi Grand Prix,yas_marina,3
2019,21,bottas_2019_21,bottas,mercedes,Abu Dhabi Grand Prix,yas_marina,4
2019,21,vettel_2019_21,vettel,ferrari,Abu Dhabi Grand Prix,yas_marina,5
2019,21,albon_2019_21,albon,red_bull,Abu Dhabi Grand Prix,yas_marina,6
2019,21,perez_2019_21,perez,racing_point,Abu Dhabi Grand Prix,yas_marina,7
2019,21,norris_2019_21,norris,mclaren,Abu Dhabi Grand Prix,yas_marina,8
2019,21,kvyat_2019_21,kvyat,toro_rosso,Abu Dhabi Grand Prix,yas_marina,9
2019,21,sainz_2019_21,sainz,mclaren,Abu Dhabi Grand Prix,yas_marina,10
2019,21,ricciardo_2019_21,ricciardo,renault,Abu Dhabi Grand Prix,yas_marina,11
2019,21,hulkenberg_2019_21,hulkenberg,renault,Abu Dhabi Grand Prix,yas_marina,12
2019,21,raikkonen_2019_21,raikkonen,alfa,Abu Dhabi Grand Prix,yas_marina,13
2019,21,kevin_magnussen_2019_21,kevin_magnussen,haas,Abu Dhabi Grand Prix,yas_marina,14
2019,21,grosjean_2019_21,grosjean,haas,Abu Dhabi Grand Prix,yas_marina,15
2019,21,giovinazzi_2019_21,giovinazzi,alfa,Abu Dhabi Grand Prix,yas_marina,16
2019,21,russell_2019_21,russell,williams,Abu Dhabi Grand Prix,yas_marina,17
2019,21,gasly_2019_21,gasly,toro_rosso,Abu Dhabi Grand Prix,yas_marina,18
2019,21,kubica_2019_21,kubica,williams,Abu Dhabi Grand Prix,yas_marina,19
2020,1,bottas_2020_1,bottas,mercedes,Austrian Grand Prix,red_bull_ring,1
2020,1,leclerc_2020_1,leclerc,ferrari,Austrian Grand Prix,red_bull_ring,2
2020,1,norris_2020_1,norris,mclaren,Austrian Grand Prix,red_bull_ring,3
2020,1,hamilton_2020_1,hamilton,mercedes,Austrian Grand Prix,red_bull_ring,4
2020,1,sainz_2020_1,sainz,mclaren,Austrian Grand Prix,red_bull_ring,5
2020,1,perez_2020_1,perez,racing_point,Austrian Grand Prix,red_bull_ring,6
2020,1,gasly_2020_1,gasly,alphatauri,Austrian Grand Prix,red_bull_ring,7
2020,1,ocon_2020_1,ocon,renault,Austrian Grand Prix,red_bull_ring,8
2020,1,giovinazzi_2020_1,giovinazzi,alfa,Austrian Grand Prix,red_bull_ring,9
2020,1,vettel_2020_1,vettel,ferrari,Austrian Grand Prix,red_bull_ring,10
2020,1,latifi_2020_1,latifi,williams,Austrian Grand Prix,red_bull_ring,11
2020,2,hamilton_2020_2,hamilton,mercedes,Styrian Grand Prix,red_bull_ring,1
2020,2,bottas_2020_2,bottas,mercedes,Styrian Grand Prix,red_bull_ring,2
2020,2,max_verstappen_2020_2,max_verstappen,red_bull,Styrian Grand Prix,red_bull_ring,3
2020,2,albon_2020_2,albon,red_bull,Styrian Grand Prix,red_bull_ring,4
2020,2,norris_2020_2,norris,mclaren,Styrian Grand Prix,red_bull_ring,5
2020,2,perez_2020_2,perez,racing_point,Styrian Grand Prix,red_bull_ring,6
2020,2,stroll_2020_2,stroll,racing_point,Styrian Grand Prix,red_bull_ring,7
2020,2,ricciardo_2020_2,ricciardo,renault,Styrian Grand Prix,red_bull_ring,8
2020,2,sainz_2020_2,sainz,mclaren,Styrian Grand Prix,red_bull_ring,9
2020,2,kvyat_2020_2,kvyat,alphatauri,Styrian Grand Prix,red_bull_ring,10
2020,2,raikkonen_2020_2,raikkonen,alfa,Styrian Grand Prix,red_bull_ring,11
2020,2,kevin_magnussen_2020_2,kevin_magnussen,haas,Styrian Grand Prix,red_bull_ring,12
2020,2,grosjean_2020_2,grosjean,haas,Styrian Grand Prix,red_bull_ring,13
2020,2,giovinazzi_2020_2,giovinazzi,alfa,Styrian Grand Prix,red_bull_ring,14
2020,2,gasly_2020_2,gasly,alphatauri,Styrian Grand Prix,red_bull_ring,15
2020,2,russell_2020_2,russell,williams,Styrian Grand Prix,red_bull_ring,16
2020,2,latifi_2020_2,latifi,williams,Styrian Grand Prix,red_bull_ring,17
2020,3,hamilton_2020_3,hamilton,mercedes,Hungarian Grand Prix,hungaroring,1
2020,3,max_verstappen_2020_3,max_verstappen,red_bull,Hungarian Grand Prix,hungaroring,2
2020,3,bottas_2020_3,bottas,mercedes,Hungarian Grand Prix,hungaroring,3
2020,3,stroll_2020_3,stroll,racing_point,Hungarian Grand Prix,hungaroring,4
2020,3,albon_2020_3,albon,red_bull,Hungarian Grand Prix,hungaroring,5
2020,3,vettel_2020_3,vettel,ferrari,Hungarian Grand Prix,hungaroring,6
2020,3,perez_2020_3,perez,racing_point,Hungarian Grand Prix,hungaroring,7
2020,3,ricciardo_2020_3,ricciardo,renault,Hungarian Grand Prix,hungaroring,8
2020,3,sainz_2020_3,sainz,mclaren,Hungarian Grand Prix,hungaroring,9
2020,3,kevin_magnussen_2020_3,kevin_magnussen,haas,Hungarian Grand Prix,hungaroring,10
2020,3,leclerc_2020_3,leclerc,ferrari,Hungarian Grand Prix,hungaroring,11
2020,3,kvyat_2020_3,kvyat,alphatauri,Hungarian Grand Prix,hungaroring,12
2020,3,norris_2020_3,norris,mclaren,Hungarian Grand Prix,hungaroring,13
2020,3,ocon_2020_3,ocon,renault,Hungarian Grand Prix,hungaroring,14
2020,3,raikkonen_2020_3,raikkonen,alfa,Hungarian Grand Prix,hungaroring,15
2020,3,grosjean_2020_3,grosjean,haas,Hungarian Grand Prix,hungaroring,16
2020,3,giovinazzi_2020_3,giovinazzi,alfa,Hungarian Grand Prix,hungaroring,17
2020,3,russell_2020_3,russell,williams,Hungarian Grand Prix,hungaroring,18
2020,3,latifi_2020_3,latifi,williams,Hungarian Grand Prix,hungaroring,19
2020,4,hamilton_2020_4,hamilton,mercedes,British Grand Prix,silverstone,1
2020,4,max_verstappen_2020_4,max_verstappen,red_bull,British Grand Prix,silverstone,2
2020,4,leclerc_2020_4,leclerc,ferrari,British Grand Prix,silverstone,3
2020,4,ricciardo_2020_4,ricciardo,renault,British Grand Prix,silverstone,4
2020,4,norris_2020_4,norris,mclaren,British Grand Prix,silverstone,5
2020,4,ocon_2020_4,ocon,renault,British Grand Prix,silverstone,6
2020,4,gasly_2020_4,gasly,alphatauri,British Grand Prix,silverstone,7
2020,4,albon_2020_4,albon,red_bull,British Grand Prix,silverstone,8
2020,4,stroll_2020_4,stroll,racing_point,British Grand Prix,silverstone,9
2020,4,vettel_2020_4,vettel,ferrari,British Grand Prix,silverstone,10
2020,4,bottas_2020_4,bottas,mercedes,British Grand Prix,silverstone,11
2020,4,russell_2020_4,russell,williams,British Grand Prix,silverstone,12
2020,4,sainz_2020_4,sainz,mclaren,British Grand Prix,silverstone,13
2020,4,giovinazzi_2020_4,giovinazzi,alfa,British Grand Prix,silverstone,14
2020,4,latifi_2020_4,latifi,williams,British Grand Prix,silverstone,15
2020,4,grosjean_2020_4,grosjean,haas,British Grand Prix,silverstone,16
2020,4,raikkonen_2020_4,raikkonen,alfa,British Grand Prix,silverstone,17
2020,5,max_verstappen_2020_5,max_verstappen,red_bull,70th Anniversary Grand Prix,silverstone,1
2020,5,hamilton_2020_5,hamilton,mercedes,70th Anniversary Grand Prix,silverstone,2
2020,5,bottas_2020_5,bottas,mercedes,70th Anniversary Grand Prix,silverstone,3
2020,5,leclerc_2020_5,leclerc,ferrari,70th Anniversary Grand Prix,silverstone,4
2020,5,albon_2020_5,albon,red_bull,70th Anniversary Grand Prix,silverstone,5
2020,5,stroll_2020_5,stroll,racing_point,70th Anniversary Grand Prix,silverstone,6
2020,5,hulkenberg_2020_5,hulkenberg,racing_point,70th Anniversary Grand Prix,silverstone,7
2020,5,ocon_2020_5,ocon,renault,70th Anniversary Grand Prix,silverstone,8
2020,5,norris_2020_5,norris,mclaren,70th Anniversary Grand Prix,silverstone,9
2020,5,kvyat_2020_5,kvyat,alphatauri,70th Anniversary Grand Prix,silverstone,10
2020,5,gasly_2020_5,gasly,alphatauri,70th Anniversary Grand Prix,silverstone,11
2020,5,vettel_2020_5,vettel,ferrari,70th Anniversary Grand Prix,silverstone,12
2020,5,sainz_2020_5,sainz,mclaren,70th Anniversary Grand Prix,silverstone,13
2020,5,ricciardo_2020_5,ricciardo,renault,70th Anniversary Grand Prix,silverstone,14
2020,5,raikkonen_2020_5,raikkonen,alfa,70th Anniversary Grand Prix,silverstone,15
2020,5,grosjean_2020_5,grosjean,haas,70th Anniversary Grand Prix,silverstone,16
2020,5,giovinazzi_2020_5,giovinazzi,alfa,70th Anniversary Grand Prix,silverstone,17
2020,5,russell_2020_5,russell,williams,70th Anniversary Grand Prix,silverstone,18
2020,5,latifi_2020_5,latifi,williams,70th Anniversary Grand Prix,silverstone,19
2020,6,hamilton_2020_6,hamilton,mercedes,Spanish Grand Prix,catalunya,1
2020,6,max_verstappen_2020_6,max_verstappen,red_bull,Spanish Grand Prix,catalunya,2
2020,6,bottas_2020_6,bottas,mercedes,Spanish Grand Prix,catalunya,3
2020,6,stroll_2020_6,stroll,racing_point,Spanish Grand Prix,catalunya,4
2020,6,perez_2020_6,perez,racing_point,Spanish Grand Prix,catalunya,5
2020,6,sainz_2020_6,sainz,mclaren,Spanish Grand Prix,catalunya,6
2020,6,vettel_2020_6,vettel,ferrari,Spanish Grand Prix,catalunya,7
2020,6,albon_2020_6,albon,red_bull,Spanish Grand Prix,catalunya,8
2020,6,gasly_2020_6,gasly,alphatauri,Spanish Grand Prix,catalunya,9
2020,6,norris_2020_6,norris,mclaren,Spanish Grand Prix,catalunya,10
2020,6,ricciardo_2020_6,ricciardo,renault,Spanish Grand Prix,catalunya,11
2020,6,kvyat_2020_6,kvyat,alphatauri,Spanish Grand Prix,catalunya,12
2020,6,ocon_2020_6,ocon,renault,Spanish Grand Prix,catalunya,13
2020,6,raikkonen_2020_6,raikkonen,alfa,Spanish Grand Prix,catalunya,14
2020,6,kevin_magnussen_2020_6,kevin_magnussen,haas,Spanish Grand Prix,catalunya,15
2020,6,giovinazzi_2020_6,giovinazzi,alfa,Spanish Grand Prix,catalunya,16
2020,6,russell_2020_6,russell,williams,Spanish Grand Prix,catalunya,17
2020,6,latifi_2020_6,latifi,williams,Spanish Grand Prix,catalunya,18
2020,6,grosjean_2020_6,grosjean,haas,Spanish Grand Prix,catalunya,19
2020,7,hamilton_2020_7,hamilton,mercedes,Belgian Grand Prix,spa,1
2020,7,bottas_2020_7,bottas,mercedes,Belgian Grand Prix,spa,2
2020,7,max_verstappen_2020_7,max_verstappen,red_bull,Belgian Grand Prix,spa,3
2020,7,ricciardo_2020_7,ricciardo,renault,Belgian Grand Prix,spa,4
2020,7,ocon_2020_7,ocon,renault,Belgian Grand Prix,spa,5
2020,7,albon_2020_7,albon,red_bull,Belgian Grand Prix,spa,6
2020,7,norris_2020_7,norris,mclaren,Belgian Grand Prix,spa,7
2020,7,gasly_2020_7,gasly,alphatauri,Belgian Grand Prix,spa,8
2020,7,stroll_2020_7,stroll,racing_point,Belgian Grand Prix,spa,9
2020,7,perez_2020_7,perez,racing_point,Belgian Grand Prix,spa,10
2020,7,kvyat_2020_7,kvyat,alphatauri,Belgian Grand Prix,spa,11
2020,7,raikkonen_2020_7,raikkonen,alfa,Belgian Grand Prix,spa,12
2020,7,vettel_2020_7,vettel,ferrari,Belgian Grand Prix,spa,13
2020,7,leclerc_2020_7,leclerc,ferrari,Belgian Grand Prix,spa,14
2020,7,grosjean_2020_7,grosjean,haas,Belgian Grand Prix,spa,15
2020,7,latifi_2020_7,latifi,williams,Belgian Grand Prix,spa,16
2020,7,kevin_magnussen_2020_7,kevin_magnussen,haas,Belgian Grand Prix,spa,17
2020,8,gasly_2020_8,gasly,alphatauri,Italian Grand Prix,monza,1
2020,8,sainz_2020_8,sainz,mclaren,Italian Grand Prix,monza,2
2020,8,stroll_2020_8,stroll,racing_point,Italian Grand Prix,monza,3
2020,8,norris_2020_8,norris,mclaren,Italian Grand Prix,monza,4
2020,8,bottas_2020_8,bottas,mercedes,Italian Grand Prix,monza,5
2020,8,ricciardo_2020_8,ricciardo,renault,Italian Grand Prix,monza,6
2020,8,hamilton_2020_8,hamilton,mercedes,Italian Grand Prix,monza,7
2020,8,ocon_2020_8,ocon,renault,Italian Grand Prix,monza,8
2020,8,kvyat_2020_8,kvyat,alphatauri,Italian Grand Prix,monza,9
2020,8,perez_2020_8,perez,racing_point,Italian Grand Prix,monza,10
2020,8,latifi_2020_8,latifi,williams,Italian Grand Prix,monza,11
2020,8,grosjean_2020_8,grosjean,haas,Italian Grand Prix,monza,12
2020,8,raikkonen_2020_8,raikkonen,alfa,Italian Grand Prix,monza,13
2020,8,russell_2020_8,russell,williams,Italian Grand Prix,monza,14
2020,8,albon_2020_8,albon,red_bull,Italian Grand Prix,monza,15
2020,8,giovinazzi_2020_8,giovinazzi,alfa,Italian Grand Prix,monza,16
2020,9,hamilton_2020_9,hamilton,mercedes,Tuscan Grand Prix,mugello,1
2020,9,bottas_2020_9,bottas,mercedes,Tuscan Grand Prix,mugello,2
2020,9,albon_2020_9,albon,red_bull,Tuscan Grand Prix,mugello,3
2020,9,ricciardo_2020_9,ricciardo,renault,Tuscan Grand Prix,mugello,4
2020,9,perez_2020_9,perez,racing_point,Tuscan Grand Prix,mugello,5
2020,9,norris_2020_9,norris,mclaren,Tuscan Grand Prix,mugello,6
2020,9,kvyat_2020_9,kvyat,alphatauri,Tuscan Grand Prix,mugello,7
2020,9,leclerc_2020_9,leclerc,ferrari,Tuscan Grand Prix,mugello,8
2020,9,raikkonen_2020_9,raikkonen,alfa,Tuscan Grand Prix,mugello,9
2020,9,vettel_2020_9,vettel,ferrari,Tuscan Grand Prix,mugello,10
2020,9,russell_2020_9,russell,williams,Tuscan Grand Prix,mugello,11
2020,9,grosjean_2020_9,grosjean,haas,Tuscan Grand Prix,mugello,12
2020,10,bottas_2020_10,bottas,mercedes,Russian Grand Prix,sochi,1
2020,10,max_verstappen_2020_10,max_verstappen,red_bull,Russian Grand Prix,sochi,2
2020,10,hamilton_2020_10,hamilton,mercedes,Russian Grand Prix,sochi,3
2020,10,perez_2020_10,perez,racing_point,Russian Grand Prix,sochi,4
2020,10,ricciardo_2020_10,ricciardo,renault,Russian Grand Prix,sochi,5
2020,10,leclerc_2020_10,leclerc,ferrari,Russian Grand Prix,sochi,6
2020,10,ocon_2020_10,ocon,renault,Russian Grand Prix,sochi,7
2020,10,kvyat_2020_10,kvyat,alphatauri,Russian Grand Prix,sochi,8
2020,10,gasly_2020_10,gasly,alphatauri,Russian Grand Prix,sochi,9
2020,10,albon_2020_10,albon,red_bull,Russian Grand Prix,sochi,10
2020,10,giovinazzi_2020_10,giovinazzi,alfa,Russian Grand Prix,sochi,11
2020,10,kevin_magnussen_2020_10,kevin_magnussen,haas,Russian Grand Prix,sochi,12
2020,10,vettel_2020_10,vettel,ferrari,Russian Grand Prix,sochi,13
2020,10,raikkonen_2020_10,raikkonen,alfa,Russian Grand Prix,sochi,14
2020,10,norris_2020_10,norris,mclaren,Russian Grand Prix,sochi,15
2020,10,latifi_2020_10,latifi,williams,Russian Grand Prix,sochi,16
2020,10,grosjean_2020_10,grosjean,haas,Russian Grand Prix,sochi,17
2020,10,russell_2020_10,russell,williams,Russian Grand Prix,sochi,18
2020,11,hamilton_2020_11,hamilton,mercedes,Eifel Grand Prix,nurburgring,1
2020,11,max_verstappen_2020_11,max_verstappen,red_bull,Eifel Grand Prix,nurburgring,2
2020,11,ricciardo_2020_11,ricciardo,renault,Eifel Grand Prix,nurburgring,3
2020,11,perez_2020_11,perez,racing_point,Eifel Grand Prix,nurburgring,4
2020,11,sainz_2020_11,sainz,mclaren,Eifel Grand Prix,nurburgring,5
2020,11,gasly_2020_11,gasly,alphatauri,Eifel Grand Prix,nurburgring,6
2020,11,leclerc_2020_11,leclerc,ferrari,Eifel Grand Prix,nurburgring,7
2020,11,hulkenberg_2020_11,hulkenberg,racing_point,Eifel Grand Prix,nurburgring,8
2020,11,grosjean_2020_11,grosjean,haas,Eifel Grand Prix,nurburgring,9
2020,11,giovinazzi_2020_11,giovinazzi,alfa,Eifel Grand Prix,nurburgring,10
2020,11,vettel_2020_11,vettel,ferrari,Eifel Grand Prix,nurburgring,11
2020,11,raikkonen_2020_11,raikkonen,alfa,Eifel Grand Prix,nurburgring,12
2020,11,kevin_magnussen_2020_11,kevin_magnussen,haas,Eifel Grand Prix,nurburgring,13
2020,11,latifi_2020_11,latifi,williams,Eifel Grand Prix,nurburgring,14
2020,11,kvyat_2020_11,kvyat,alphatauri,Eifel Grand Prix,nurburgring,15
2020,12,hamilton_2020_12,hamilton,mercedes,Portuguese Grand Prix,portimao,1
2020,12,bottas_2020_12,bottas,mercedes,Portuguese Grand Prix,portimao,2
2020,12,max_verstappen_2020_12,max_verstappen,red_bull,Portuguese Grand Prix,portimao,3
2020,12,leclerc_2020_12,leclerc,ferrari,Portuguese Grand Prix,portimao,4
2020,12,gasly_2020_12,gasly,alphatauri,Portuguese Grand Prix,portimao,5
2020,12,sainz_2020_12,sainz,mclaren,Portuguese Grand Prix,portimao,6
2020,12,perez_2020_12,perez,racing_point,Portuguese Grand Prix,portimao,7
2020,12,ocon_2020_12,ocon,renault,Portuguese Grand Prix,portimao,8
2020,12,ricciardo_2020_12,ricciardo,renault,Portuguese Grand Prix,portimao,9
2020,12,vettel_2020_12,vettel,ferrari,Portuguese Grand Prix,portimao,10
2020,12,raikkonen_2020_12,raikkonen,alfa,Portuguese Grand Prix,portimao,11
2020,12,albon_2020_12,albon,red_bull,Portuguese Grand Prix,portimao,12
2020,12,norris_2020_12,norris,mclaren,Portuguese Grand Prix,portimao,13
2020,12,russell_2020_12,russell,williams,Portuguese Grand Prix,portimao,14
2020,12,giovinazzi_2020_12,giovinazzi,alfa,Portuguese Grand Prix,portimao,15
2020,12,kevin_magnussen_2020_12,kevin_magnussen,haas,Portuguese Grand Prix,portimao,16
2020,12,grosjean_2020_12,grosjean,haas,Portuguese Grand Prix,portimao,17
2020,12,latifi_2020_12,latifi,williams,Portuguese Grand Prix,portimao,18
2020,12,kvyat_2020_12,kvyat,alphatauri,Portuguese Grand Prix,portimao,19
2020,13,hamilton_2020_13,hamilton,mercedes,Emilia Romagna Grand Prix,imola,1
2020,13,bottas_2020_13,bottas,mercedes,Emilia Romagna Grand Prix,imola,2
2020,13,ricciardo_2020_13,ricciardo,renault,Emilia Romagna Grand Prix,imola,3
2020,13,kvyat_2020_13,kvyat,alphatauri,Emilia Romagna Grand Prix,imola,4
2020,13,leclerc_2020_13,leclerc,ferrari,Emilia Romagna Grand Prix,imola,5
2020,13,perez_2020_13,perez,racing_point,Emilia Romagna Grand Prix,imola,6
2020,13,sainz_2020_13,sainz,mclaren,Emilia Romagna Grand Prix,imola,7
2020,13,norris_2020_13,norris,mclaren,Emilia Romagna Grand Prix,imola,8
2020,13,raikkonen_2020_13,raikkonen,alfa,Emilia Romagna Grand Prix,imola,9
2020,13,giovinazzi_2020_13,giovinazzi,alfa,Emilia Romagna Grand Prix,imola,10
2020,13,latifi_2020_13,latifi,williams,Emilia Romagna Grand Prix,imola,11
2020,13,vettel_2020_13,vettel,ferrari,Emilia Romagna Grand Prix,imola,12
2020,13,stroll_2020_13,stroll,racing_point,Emilia Romagna Grand Prix,imola,13
2020,13,grosjean_2020_13,grosjean,haas,Emilia Romagna Grand Prix,imola,14
2020,13,albon_2020_13,albon,red_bull,Emilia Romagna Grand Prix,imola,15
2020,14,hamilton_2020_14,hamilton,mercedes,Turkish Grand Prix,istanbul,1
2020,14,perez_2020_14,perez,racing_point,Turkish Grand Prix,istanbul,2
2020,14,vettel_2020_14,vettel,ferrari,Turkish Grand Prix,istanbul,3
2020,14,leclerc_2020_14,leclerc,ferrari,Turkish Grand Prix,istanbul,4
2020,14,sainz_2020_14,sainz,mclaren,Turkish Grand Prix,istanbul,5
2020,14,max_verstappen_2020_14,max_verstappen,red_bull,Turkish Grand Prix,istanbul,6
2020,14,albon_2020_14,albon,red_bull,Turkish Grand Prix,istanbul,7
2020,14,norris_2020_14,norris,mclaren,Turkish Grand Prix,istanbul,8
2020,14,stroll_2020_14,stroll,racing_point,Turkish Grand Prix,istanbul,9
2020,14,ricciardo_2020_14,ricciardo,renault,Turkish Grand Prix,istanbul,10
2020,14,ocon_2020_14,ocon,renault,Turkish Grand Prix,istanbul,11
2020,14,kvyat_2020_14,kvyat,alphatauri,Turkish Grand Prix,istanbul,12
2020,14,gasly_2020_14,gasly,alphatauri,Turkish Grand Prix,istanbul,13
2020,14,bottas_2020_14,bottas,mercedes,Turkish Grand Prix,istanbul,14
2020,14,raikkonen_2020_14,raikkonen,alfa,Turkish Grand Prix,istanbul,15
2020,14,russell_2020_14,russell,williams,Turkish Grand Prix,istanbul,16
2020,15,hamilton_2020_15,hamilton,mercedes,Bahrain Grand Prix,bahrain,1
2020,15,max_verstappen_2020_15,max_verstappen,red_bull,Bahrain Grand Prix,bahrain,2
2020,15,albon_2020_15,albon,red_bull,Bahrain Grand Prix,bahrain,3
2020,15,norris_2020_15,norris,mclaren,Bahrain Grand Prix,bahrain,4
2020,15,sainz_2020_15,sainz,mclaren,Bahrain Grand Prix,bahrain,5
2020,15,gasly_2020_15,gasly,alphatauri,Bahrain Grand Prix,bahrain,6
2020,15,ricciardo_2020_15,ricciardo,renault,Bahrain Grand Prix,bahrain,7
2020,15,bottas_2020_15,bottas,mercedes,Bahrain Grand Prix,bahrain,8
2020,15,ocon_2020_15,ocon,renault,Bahrain Grand Prix,bahrain,9
2020,15,leclerc_2020_15,leclerc,ferrari,Bahrain Grand Prix,bahrain,10
2020,15,kvyat_2020_15,kvyat,alphatauri,Bahrain Grand Prix,bahrain,11
2020,15,russell_2020_15,russell,williams,Bahrain Grand Prix,bahrain,12
2020,15,vettel_2020_15,vettel,ferrari,Bahrain Grand Prix,bahrain,13
2020,15,latifi_2020_15,latifi,williams,Bahrain Grand Prix,bahrain,14
2020,15,raikkonen_2020_15,raikkonen,alfa,Bahrain Grand Prix,bahrain,15
2020,15,giovinazzi_2020_15,giovinazzi,alfa,Bahrain Grand Prix,bahrain,16
2020,15,kevin_magnussen_2020_15,kevin_magnussen,haas,Bahrain Grand Prix,bahrain,17
2020,16,perez_2020_16,perez,racing_point,Sakhir Grand Prix,bahrain_outer,1
2020,16,ocon_2020_16,ocon,renault,Sakhir Grand Prix,bahrain_outer,2
2020,16,stroll_2020_16,stroll,racing_point,Sakhir Grand Prix,bahrain_outer,3
2020,16,sainz_2020_16,sainz,mclaren,Sakhir Grand Prix,bahrain_outer,4
2020,16,ricciardo_2020_16,ricciardo,renault,Sakhir Grand Prix,bahrain_outer,5
2020,16,albon_2020_16,albon,red_bull,Sakhir Grand Prix,bahrain_outer,6
2020,16,kvyat_2020_16,kvyat,alphatauri,Sakhir Grand Prix,bahrain_outer,7
2020,16,bottas_2020_16,bottas,mercedes,Sakhir Grand Prix,bahrain_outer,8
2020,16,russell_2020_16,russell,mercedes,Sakhir Grand Prix,bahrain_outer,9
2020,16,norris_2020_16,norris,mclaren,Sakhir Grand Prix,bahrain_outer,10
2020,16,gasly_2020_16,gasly,alphatauri,Sakhir Grand Prix,bahrain_outer,11
2020,16,vettel_2020_16,vettel,ferrari,Sakhir Grand Prix,bahrain_outer,12
2020,16,giovinazzi_2020_16,giovinazzi,alfa,Sakhir Grand Prix,bahrain_outer,13
2020,16,raikkonen_2020_16,raikkonen,alfa,Sakhir Grand Prix,bahrain_outer,14
2020,16,kevin_magnussen_2020_16,kevin_magnussen,haas,Sakhir Grand Prix,bahrain_outer,15
2020,16,aitken_2020_16,aitken,williams,Sakhir Grand Prix,bahrain_outer,16
2020,16,pietro_fittipaldi_2020_16,pietro_fittipaldi,haas,Sakhir Grand Prix,bahrain_outer,17
2020,17,max_verstappen_2020_17,max_verstappen,red_bull,Abu Dhabi Grand Prix,yas_marina,1
2020,17,bottas_2020_17,bottas,mercedes,Abu Dhabi Grand Prix,yas_marina,2
2020,17,hamilton_2020_17,hamilton,mercedes,Abu Dhabi Grand Prix,yas_marina,3
2020,17,albon_2020_17,albon,red_bull,Abu Dhabi Grand Prix,yas_marina,4
2020,17,norris_2020_17,norris,mclaren,Abu Dhabi Grand Prix,yas_marina,5
2020,17,sainz_2020_17,sainz,mclaren,Abu Dhabi Grand Prix,yas_marina,6
2020,17,ricciardo_2020_17,ricciardo,renault,Abu Dhabi Grand Prix,yas_marina,7
2020,17,gasly_2020_17,gasly,alphatauri,Abu Dhabi Grand Prix,yas_marina,8
2020,17,ocon_2020_17,ocon,renault,Abu Dhabi Grand Prix,yas_marina,9
2020,17,stroll_2020_17,stroll,racing_point,Abu Dhabi Grand Prix,yas_marina,10
2020,17,kvyat_2020_17,kvyat,alphatauri,Abu Dhabi Grand Prix,yas_marina,11
2020,17,raikkonen_2020_17,raikkonen,alfa,Abu Dhabi Grand Prix,yas_marina,12
2020,17,leclerc_2020_17,leclerc,ferrari,Abu Dhabi Grand Prix,yas_marina,13
2020,17,vettel_2020_17,vettel,ferrari,Abu Dhabi Grand Prix,yas_marina,14
2020,17,russell_2020_17,russell,williams,Abu Dhabi Grand Prix,yas_marina,15
2020,17,giovinazzi_2020_17,giovinazzi,alfa,Abu Dhabi Grand Prix,yas_marina,16
2020,17,latifi_2020_17,latifi,williams,Abu Dhabi Grand Prix,yas_marina,17
2020,17,kevin_magnussen_2020_17,kevin_magnussen,haas,Abu Dhabi Grand Prix,yas_marina,18
2020,17,pietro_fittipaldi_2020_17,pietro_fittipaldi,haas,Abu Dhabi Grand Prix,yas_marina,19
2021,1,hamilton_2021_1,hamilton,mercedes,Bahrain Grand Prix,bahrain,1
2021,1,max_verstappen_2021_1,max_verstappen,red_bull,Bahrain Grand Prix,bahrain,2
2021,1,bottas_2021_1,bottas,mercedes,Bahrain Grand Prix,bahrain,3
2021,1,norris_2021_1,norris,mclaren,Bahrain Grand Prix,bahrain,4
2021,1,perez_2021_1,perez,red_bull,Bahrain Grand Prix,bahrain,5
2021,1,leclerc_2021_1,leclerc,ferrari,Bahrain Grand Prix,bahrain,6
2021,1,ricciardo_2021_1,ricciardo,mclaren,Bahrain Grand Prix,bahrain,7
2021,1,sainz_2021_1,sainz,ferrari,Bahrain Grand Prix,bahrain,8
2021,1,tsunoda_2021_1,tsunoda,alphatauri,Bahrain Grand Prix,bahrain,9
2021,1,stroll_2021_1,stroll,aston_martin,Bahrain Grand Prix,bahrain,10
2021,1,raikkonen_2021_1,raikkonen,alfa,Bahrain Grand Prix,bahrain,11
2021,1,giovinazzi_2021_1,giovinazzi,alfa,Bahrain Grand Prix,bahrain,12
2021,1,ocon_2021_1,ocon,alpine,Bahrain Grand Prix,bahrain,13
2021,1,russell_2021_1,russell,williams,Bahrain Grand Prix,bahrain,14
2021,1,vettel_2021_1,vettel,aston_martin,Bahrain Grand Prix,bahrain,15
2021,1,mick_schumacher_2021_1,mick_schumacher,haas,Bahrain Grand Prix,bahrain,16
2021,2,max_verstappen_2021_2,max_verstappen,red_bull,Emilia Romagna Grand Prix,imola,1
2021,2,hamilton_2021_2,hamilton,mercedes,Emilia Romagna Grand Prix,imola,2
2021,2,norris_2021_2,norris,mclaren,Emilia Romagna Grand Prix,imola,3
2021,2,leclerc_2021_2,leclerc,ferrari,Emilia Romagna Grand Prix,imola,4
2021,2,sainz_2021_2,sainz,ferrari,Emilia Romagna Grand Prix,imola,5
2021,2,ricciardo_2021_2,ricciardo,mclaren,Emilia Romagna Grand Prix,imola,6
2021,2,gasly_2021_2,gasly,alphatauri,Emilia Romagna Grand Prix,imola,7
2021,2,stroll_2021_2,stroll,aston_martin,Emilia Romagna Grand Prix,imola,8
2021,2,ocon_2021_2,ocon,alpine,Emilia Romagna Grand Prix,imola,9
2021,2,alonso_2021_2,alonso,alpine,Emilia Romagna Grand Prix,imola,10
2021,2,perez_2021_2,perez,red_bull,Emilia Romagna Grand Prix,imola,11
2021,2,tsunoda_2021_2,tsunoda,alphatauri,Emilia Romagna Grand Prix,imola,12
2021,2,raikkonen_2021_2,raikkonen,alfa,Emilia Romagna Grand Prix,imola,13
2021,2,giovinazzi_2021_2,giovinazzi,alfa,Emilia Romagna Grand Prix,imola,14
2021,2,mick_schumacher_2021_2,mick_schumacher,haas,Emilia Romagna Grand Prix,imola,16
2021,2,mazepin_2021_2,mazepin,haas,Emilia Romagna Grand Prix,imola,17
2021,3,hamilton_2021_3,hamilton,mercedes,Portuguese Grand Prix,portimao,1
2021,3,max_verstappen_2021_3,max_verstappen,red_bull,Portuguese Grand Prix,portimao,2
2021,3,bottas_2021_3,bottas,mercedes,Portuguese Grand Prix,portimao,3
2021,3,perez_2021_3,perez,red_bull,Portuguese Grand Prix,portimao,4
2021,3,norris_2021_3,norris,mclaren,Portuguese Grand Prix,portimao,5
2021,3,leclerc_2021_3,leclerc,ferrari,Portuguese Grand Prix,portimao,6
2021,3,ocon_2021_3,ocon,alpine,Portuguese Grand Prix,portimao,7
2021,3,alonso_2021_3,alonso,alpine,Portuguese Grand Prix,portimao,8
2021,3,ricciardo_2021_3,ricciardo,mclaren,Portuguese Grand Prix,portimao,9
2021,3,gasly_2021_3,gasly,alphatauri,Portuguese Grand Prix,portimao,10
2021,3,sainz_2021_3,sainz,ferrari,Portuguese Grand Prix,portimao,11
2021,3,giovinazzi_2021_3,giovinazzi,alfa,Portuguese Grand Prix,portimao,12
2021,3,vettel_2021_3,vettel,aston_martin,Portuguese Grand Prix,portimao,13
2021,3,stroll_2021_3,stroll,aston_martin,Portuguese Grand Prix,portimao,14
2021,3,tsunoda_2021_3,tsunoda,alphatauri,Portuguese Grand Prix,portimao,15
2021,3,russell_2021_3,russell,williams,Portuguese Grand Prix,portimao,16
2021,3,mick_schumacher_2021_3,mick_schumacher,haas,Portuguese Grand Prix,portimao,17
2021,3,latifi_2021_3,latifi,williams,Portuguese Grand Prix,portimao,18
2021,3,mazepin_2021_3,mazepin,haas,Portuguese Grand Prix,portimao,19
2021,4,hamilton_2021_4,hamilton,mercedes,Spanish Grand Prix,catalunya,1
2021,4,max_verstappen_2021_4,max_verstappen,red_bull,Spanish Grand Prix,catalunya,2
2021,4,bottas_2021_4,bottas,mercedes,Spanish Grand Prix,catalunya,3
2021,4,leclerc_2021_4,leclerc,ferrari,Spanish Grand Prix,catalunya,4
2021,4,perez_2021_4,perez,red_bull,Spanish Grand Prix,catalunya,5
2021,4,ricciardo_2021_4,ricciardo,mclaren,Spanish Grand Prix,catalunya,6
2021,4,sainz_2021_4,sainz,ferrari,Spanish Grand Prix,catalunya,7
2021,4,norris_2021_4,norris,mclaren,Spanish Grand Prix,catalunya,8
2021,4,ocon_2021_4,ocon,alpine,Spanish Grand Prix,catalunya,9
2021,4,gasly_2021_4,gasly,alphatauri,Spanish Grand Prix,catalunya,10
2021,4,stroll_2021_4,stroll,aston_martin,Spanish Grand Prix,catalunya,11
2021,4,raikkonen_2021_4,raikkonen,alfa,Spanish Grand Prix,catalunya,12
2021,4,vettel_2021_4,vettel,aston_martin,Spanish Grand Prix,catalunya,13
2021,4,russell_2021_4,russell,williams,Spanish Grand Prix,catalunya,14
2021,4,giovinazzi_2021_4,giovinazzi,alfa,Spanish Grand Prix,catalunya,15
2021,4,latifi_2021_4,latifi,williams,Spanish Grand Prix,catalunya,16
2021,4,alonso_2021_4,alonso,alpine,Spanish Grand Prix,catalunya,17
2021,4,mick_schumacher_2021_4,mick_schumacher,haas,Spanish Grand Prix,catalunya,18
2021,4,mazepin_2021_4,mazepin,haas,Spanish Grand Prix,catalunya,19
2021,5,max_verstappen_2021_5,max_verstappen,red_bull,Monaco Grand Prix,monaco,1
2021,5,sainz_2021_5,sainz,ferrari,Monaco Grand Prix,monaco,2
2021,5,norris_2021_5,norris,mclaren,Monaco Grand Prix,monaco,3
2021,5,perez_2021_5,perez,red_bull,Monaco Grand Prix,monaco,4
2021,5,vettel_2021_5,vettel,aston_martin,Monaco Grand Prix,monaco,5
2021,5,gasly_2021_5,gasly,alphatauri,Monaco Grand Prix,monaco,6
2021,5,hamilton_2021_5,hamilton,mercedes,Monaco Grand Prix,monaco,7
2021,5,stroll_2021_5,stroll,aston_martin,Monaco Grand Prix,monaco,8
2021,5,ocon_2021_5,ocon,alpine,Monaco Grand Prix,monaco,9
2021,5,giovinazzi_2021_5,giovinazzi,alfa,Monaco Grand Prix,monaco,10
2021,5,raikkonen_2021_5,raikkonen,alfa,Monaco Grand Prix,monaco,11
2021,5,ricciardo_2021_5,ricciardo,mclaren,Monaco Grand Prix,monaco,12
2021,5,alonso_2021_5,alonso,alpine,Monaco Grand Prix,monaco,13
2021,5,russell_2021_5,russell,williams,Monaco Grand Prix,monaco,14
2021,5,latifi_2021_5,latifi,williams,Monaco Grand Prix,monaco,15
2021,5,tsunoda_2021_5,tsunoda,alphatauri,Monaco Grand Prix,monaco,16
2021,5,mazepin_2021_5,mazepin,haas,Monaco Grand Prix,monaco,17
2021,5,mick_schumacher_2021_5,mick_schumacher,haas,Monaco Grand Prix,monaco,18
2021,6,perez_2021_6,perez,red_bull,Azerbaijan Grand Prix,baku,1
2021,6,vettel_2021_6,vettel,aston_martin,Azerbaijan Grand Prix,baku,2
2021,6,gasly_2021_6,gasly,alphatauri,Azerbaijan Grand Prix,baku,3
2021,6,leclerc_2021_6,leclerc,ferrari,Azerbaijan Grand Prix,baku,4
2021,6,norris_2021_6,norris,mclaren,Azerbaijan Grand Prix,baku,5
2021,6,alonso_2021_6,alonso,alpine,Azerbaijan Grand Prix,baku,6
2021,6,tsunoda_2021_6,tsunoda,alphatauri,Azerbaijan Grand Prix,baku,7
2021,6,sainz_2021_6,sainz,ferrari,Azerbaijan Grand Prix,baku,8
2021,6,ricciardo_2021_6,ricciardo,mclaren,Azerbaijan Grand Prix,baku,9
2021,6,raikkonen_2021_6,raikkonen,alfa,Azerbaijan Grand Prix,baku,10
2021,6,giovinazzi_2021_6,giovinazzi,alfa,Azerbaijan Grand Prix,baku,11
2021,6,bottas_2021_6,bottas,mercedes,Azerbaijan Grand Prix,baku,12
2021,6,mick_schumacher_2021_6,mick_schumacher,haas,Azerbaijan Grand Prix,baku,13
2021,6,mazepin_2021_6,mazepin,haas,Azerbaijan Grand Prix,baku,14
2021,6,hamilton_2021_6,hamilton,mercedes,Azerbaijan Grand Prix,baku,15
2021,6,latifi_2021_6,latifi,williams,Azerbaijan Grand Prix,baku,16
2021,7,max_verstappen_2021_7,max_verstappen,red_bull,French Grand Prix,ricard,1
2021,7,hamilton_2021_7,hamilton,mercedes,French Grand Prix,ricard,2
2021,7,perez_2021_7,perez,red_bull,French Grand Prix,ricard,3
2021,7,bottas_2021_7,bottas,mercedes,French Grand Prix,ricard,4
2021,7,norris_2021_7,norris,mclaren,French Grand Prix,ricard,5
2021,7,ricciardo_2021_7,ricciardo,mclaren,French Grand Prix,ricard,6
2021,7,gasly_2021_7,gasly,alphatauri,French Grand Prix,ricard,7
2021,7,alonso_2021_7,alonso,alpine,French Grand Prix,ricard,8
2021,7,vettel_2021_7,vettel,aston_martin,French Grand Prix,ricard,9
2021,7,stroll_2021_7,stroll,aston_martin,French Grand Prix,ricard,10
2021,7,sainz_2021_7,sainz,ferrari,French Grand Prix,ricard,11
2021,7,russell_2021_7,russell,williams,French Grand Prix,ricard,12
2021,7,tsunoda_2021_7,tsunoda,alphatauri,French Grand Prix,ricard,13
2021,7,ocon_2021_7,ocon,alpine,French Grand Prix,ricard,14
2021,7,giovinazzi_2021_7,giovinazzi,alfa,French Grand Prix,ricard,15
2021,7,leclerc_2021_7,leclerc,ferrari,French Grand Prix,ricard,16
2021,7,raikkonen_2021_7,raikkonen,alfa,French Grand Prix,ricard,17
2021,7,latifi_2021_7,latifi,williams,French Grand Prix,ricard,18
2021,7,mick_schumacher_2021_7,mick_schumacher,haas,French Grand Prix,ricard,19
2021,7,mazepin_2021_7,mazepin,haas,French Grand Prix,ricard,20
2021,8,max_verstappen_2021_8,max_verstappen,red_bull,Styrian Grand Prix,red_bull_ring,1
2021,8,hamilton_2021_8,hamilton,mercedes,Styrian Grand Prix,red_bull_ring,2
2021,8,bottas_2021_8,bottas,mercedes,Styrian Grand Prix,red_bull_ring,3
2021,8,perez_2021_8,perez,red_bull,Styrian Grand Prix,red_bull_ring,4
2021,8,norris_2021_8,norris,mclaren,Styrian Grand Prix,red_bull_ring,5
2021,8,sainz_2021_8,sainz,ferrari,Styrian Grand Prix,red_bull_ring,6
2021,8,leclerc_2021_8,leclerc,ferrari,Styrian Grand Prix,red_bull_ring,7
2021,8,stroll_2021_8,stroll,aston_martin,Styrian Grand Prix,red_bull_ring,8
2021,8,alonso_2021_8,alonso,alpine,Styrian Grand Prix,red_bull_ring,9
2021,8,tsunoda_2021_8,tsunoda,alphatauri,Styrian Grand Prix,red_bull_ring,10
2021,8,raikkonen_2021_8,raikkonen,alfa,Styrian Grand Prix,red_bull_ring,11
2021,8,vettel_2021_8,vettel,aston_martin,Styrian Grand Prix,red_bull_ring,12
2021,8,ricciardo_2021_8,ricciardo,mclaren,Styrian Grand Prix,red_bull_ring,13
2021,8,ocon_2021_8,ocon,alpine,Styrian Grand Prix,red_bull_ring,14
2021,8,giovinazzi_2021_8,giovinazzi,alfa,Styrian Grand Prix,red_bull_ring,15
2021,8,mick_schumacher_2021_8,mick_schumacher,haas,Styrian Grand Prix,red_bull_ring,16
2021,8,latifi_2021_8,latifi,williams,Styrian Grand Prix,red_bull_ring,17
2021,8,mazepin_2021_8,mazepin,haas,Styrian Grand Prix,red_bull_ring,18
2021,9,max_verstappen_2021_9,max_verstappen,red_bull,Austrian Grand Prix,red_bull_ring,1
2021,9,bottas_2021_9,bottas,mercedes,Austrian Grand Prix,red_bull_ring,2
2021,9,norris_2021_9,norris,mclaren,Austrian Grand Prix,red_bull_ring,3
2021,9,hamilton_2021_9,hamilton,mercedes,Austrian Grand Prix,red_bull_ring,4
2021,9,sainz_2021_9,sainz,ferrari,Austrian Grand Prix,red_bull_ring,5
2021,9,perez_2021_9,perez,red_bull,Austrian Grand Prix,red_bull_ring,6
2021,9,ricciardo_2021_9,ricciardo,mclaren,Austrian Grand Prix,red_bull_ring,7
2021,9,leclerc_2021_9,leclerc,ferrari,Austrian Grand Prix,red_bull_ring,8
2021,9,gasly_2021_9,gasly,alphatauri,Austrian Grand Prix,red_bull_ring,9
2021,9,alonso_2021_9,alonso,alpine,Austrian Grand Prix,red_bull_ring,10
2021,9,russell_2021_9,russell,williams,Austrian Grand Prix,red_bull_ring,11
2021,9,tsunoda_2021_9,tsunoda,alphatauri,Austrian Grand Prix,red_bull_ring,12
2021,9,stroll_2021_9,stroll,aston_martin,Austrian Grand Prix,red_bull_ring,13
2021,9,giovinazzi_2021_9,giovinazzi,alfa,Austrian Grand Prix,red_bull_ring,14
2021,9,raikkonen_2021_9,raikkonen,alfa,Austrian Grand Prix,red_bull_ring,15
2021,9,latifi_2021_9,latifi,williams,Austrian Grand Prix,red_bull_ring,16
2021,9,mick_schumacher_2021_9,mick_schumacher,haas,Austrian Grand Prix,red_bull_ring,18
2021,9,mazepin_2021_9,mazepin,haas,Austrian Grand Prix,red_bull_ring,19
2021,10,hamilton_2021_10,hamilton,mercedes,British Grand Prix,silverstone,1
2021,10,leclerc_2021_10,leclerc,ferrari,British Grand Prix,silverstone,2
2021,10,bottas_2021_10,bottas,mercedes,British Grand Prix,silverstone,3
2021,10,norris_2021_10,norris,mclaren,British Grand Prix,silverstone,4
2021,10,ricciardo_2021_10,ricciardo,mclaren,British Grand Prix,silverstone,5
2021,10,sainz_2021_10,sainz,ferrari,British Grand Prix,silverstone,6
2021,10,alonso_2021_10,alonso,alpine,British Grand Prix,silverstone,7
2021,10,stroll_2021_10,stroll,aston_martin,British Grand Prix,silverstone,8
2021,10,ocon_2021_10,ocon,alpine,British Grand Prix,silverstone,9
2021,10,tsunoda_2021_10,tsunoda,alphatauri,British Grand Prix,silverstone,10
2021,10,gasly_2021_10,gasly,alphatauri,British Grand Prix,silverstone,11
2021,10,russell_2021_10,russell,williams,British Grand Prix,silverstone,12
2021,10,giovinazzi_2021_10,giovinazzi,alfa,British Grand Prix,silverstone,13
2021,10,latifi_2021_10,latifi,williams,British Grand Prix,silverstone,14
2021,10,raikkonen_2021_10,raikkonen,alfa,British Grand Prix,silverstone,15
2021,10,perez_2021_10,perez,red_bull,British Grand Prix,silverstone,16
2021,10,mazepin_2021_10,mazepin,haas,British Grand Prix,silverstone,17
2021,10,mick_schumacher_2021_10,mick_schumacher,haas,British Grand Prix,silverstone,18
2021,11,ocon_2021_11,ocon,alpine,Hungarian Grand Prix,hungaroring,1
2021,11,hamilton_2021_11,hamilton,mercedes,Hungarian Grand Prix,hungaroring,2
2021,11,sainz_2021_11,sainz,ferrari,Hungarian Grand Prix,hungaroring,3
2021,11,alonso_2021_11,alonso,alpine,Hungarian Grand Prix,hungaroring,4
2021,11,gasly_2021_11,gasly,alphatauri,Hungarian Grand Prix,hungaroring,5
2021,11,tsunoda_2021_11,tsunoda,alphatauri,Hungarian Grand Prix,hungaroring,6
2021,11,latifi_2021_11,latifi,williams,Hungarian Grand Prix,hungaroring,7
2021,11,russell_2021_11,russell,williams,Hungarian Grand Prix,hungaroring,8
2021,11,max_verstappen_2021_11,max_verstappen,red_bull,Hungarian Grand Prix,hungaroring,9
2021,11,raikkonen_2021_11,raikkonen,alfa,Hungarian Grand Prix,hungaroring,10
2021,11,ricciardo_2021_11,ricciardo,mclaren,Hungarian Grand Prix,hungaroring,11
2021,11,mick_schumacher_2021_11,mick_schumacher,haas,Hungarian Grand Prix,hungaroring,12
2021,11,giovinazzi_2021_11,giovinazzi,alfa,Hungarian Grand Prix,hungaroring,13
2021,12,max_verstappen_2021_12,max_verstappen,red_bull,Belgian Grand Prix,spa,1
2021,12,russell_2021_12,russell,williams,Belgian Grand Prix,spa,2
2021,12,hamilton_2021_12,hamilton,mercedes,Belgian Grand Prix,spa,3
2021,12,ricciardo_2021_12,ricciardo,mclaren,Belgian Grand Prix,spa,4
2021,12,vettel_2021_12,vettel,aston_martin,Belgian Grand Prix,spa,5
2021,12,gasly_2021_12,gasly,alphatauri,Belgian Grand Prix,spa,6
2021,12,ocon_2021_12,ocon,alpine,Belgian Grand Prix,spa,7
2021,12,leclerc_2021_12,leclerc,ferrari,Belgian Grand Prix,spa,8
2021,12,latifi_2021_12,latifi,williams,Belgian Grand Prix,spa,9
2021,12,sainz_2021_12,sainz,ferrari,Belgian Grand Prix,spa,10
2021,12,alonso_2021_12,alonso,alpine,Belgian Grand Prix,spa,11
2021,12,bottas_2021_12,bottas,mercedes,Belgian Grand Prix,spa,12
2021,12,giovinazzi_2021_12,giovinazzi,alfa,Belgian Grand Prix,spa,13
2021,12,norris_2021_12,norris,mclaren,Belgian Grand Prix,spa,14
2021,12,tsunoda_2021_12,tsunoda,alphatauri,Belgian Grand Prix,spa,15
2021,12,mick_schumacher_2021_12,mick_schumacher,haas,Belgian Grand Prix,spa,16
2021,12,mazepin_2021_12,mazepin,haas,Belgian Grand Prix,spa,17
2021,12,raikkonen_2021_12,raikkonen,alfa,Belgian Grand Prix,spa,18
2021,12,perez_2021_12,perez,red_bull,Belgian Grand Prix,spa,19
2021,12,stroll_2021_12,stroll,aston_martin,Belgian Grand Prix,spa,20
2021,13,max_verstappen_2021_13,max_verstappen,red_bull,Dutch Grand Prix,zandvoort,1
2021,13,hamilton_2021_13,hamilton,mercedes,Dutch Grand Prix,zandvoort,2
2021,13,bottas_2021_13,bottas,mercedes,Dutch Grand Prix,zandvoort,3
2021,13,gasly_2021_13,gasly,alphatauri,Dutch Grand Prix,zandvoort,4
2021,13,leclerc_2021_13,leclerc,ferrari,Dutch Grand Prix,zandvoort,5
2021,13,alonso_2021_13,alonso,alpine,Dutch Grand Prix,zandvoort,6
2021,13,sainz_2021_13,sainz,ferrari,Dutch Grand Prix,zandvoort,7
2021,13,perez_2021_13,perez,red_bull,Dutch Grand Prix,zandvoort,8
2021,13,ocon_2021_13,ocon,alpine,Dutch Grand Prix,zandvoort,9
2021,13,norris_2021_13,norris,mclaren,Dutch Grand Prix,zandvoort,10
2021,13,ricciardo_2021_13,ricciardo,mclaren,Dutch Grand Prix,zandvoort,11
2021,13,stroll_2021_13,stroll,aston_martin,Dutch Grand Prix,zandvoort,12
2021,13,vettel_2021_13,vettel,aston_martin,Dutch Grand Prix,zandvoort,13
2021,13,giovinazzi_2021_13,giovinazzi,alfa,Dutch Grand Prix,zandvoort,14
2021,13,kubica_2021_13,kubica,alfa,Dutch Grand Prix,zandvoort,15
2021,13,latifi_2021_13,latifi,williams,Dutch Grand Prix,zandvoort,16
2021,13,mick_schumacher_2021_13,mick_schumacher,haas,Dutch Grand Prix,zandvoort,18
2021,14,ricciardo_2021_14,ricciardo,mclaren,Italian Grand Prix,monza,1
2021,14,norris_2021_14,norris,mclaren,Italian Grand Prix,monza,2
2021,14,bottas_2021_14,bottas,mercedes,Italian Grand Prix,monza,3
2021,14,leclerc_2021_14,leclerc,ferrari,Italian Grand Prix,monza,4
2021,14,perez_2021_14,perez,red_bull,Italian Grand Prix,monza,5
2021,14,sainz_2021_14,sainz,ferrari,Italian Grand Prix,monza,6
2021,14,stroll_2021_14,stroll,aston_martin,Italian Grand Prix,monza,7
2021,14,alonso_2021_14,alonso,alpine,Italian Grand Prix,monza,8
2021,14,russell_2021_14,russell,williams,Italian Grand Prix,monza,9
2021,14,ocon_2021_14,ocon,alpine,Italian Grand Prix,monza,10
2021,14,latifi_2021_14,latifi,williams,Italian Grand Prix,monza,11
2021,14,vettel_2021_14,vettel,aston_martin,Italian Grand Prix,monza,12
2021,14,giovinazzi_2021_14,giovinazzi,alfa,Italian Grand Prix,monza,13
2021,14,kubica_2021_14,kubica,alfa,Italian Grand Prix,monza,14
2021,14,mick_schumacher_2021_14,mick_schumacher,haas,Italian Grand Prix,monza,15
2021,15,hamilton_2021_15,hamilton,mercedes,Russian Grand Prix,sochi,1
2021,15,max_verstappen_2021_15,max_verstappen,red_bull,Russian Grand Prix,sochi,2
2021,15,sainz_2021_15,sainz,ferrari,Russian Grand Prix,sochi,3
2021,15,ricciardo_2021_15,ricciardo,mclaren,Russian Grand Prix,sochi,4
2021,15,bottas_2021_15,bottas,mercedes,Russian Grand Prix,sochi,5
2021,15,alonso_2021_15,alonso,alpine,Russian Grand Prix,sochi,6
2021,15,norris_2021_15,norris,mclaren,Russian Grand Prix,sochi,7
2021,15,raikkonen_2021_15,raikkonen,alfa,Russian Grand Prix,sochi,8
2021,15,perez_2021_15,perez,red_bull,Russian Grand Prix,sochi,9
2021,15,russell_2021_15,russell,williams,Russian Grand Prix,sochi,10
2021,15,stroll_2021_15,stroll,aston_martin,Russian Grand Prix,sochi,11
2021,15,vettel_2021_15,vettel,aston_martin,Russian Grand Prix,sochi,12
2021,15,gasly_2021_15,gasly,alphatauri,Russian Grand Prix,sochi,13
2021,15,ocon_2021_15,ocon,alpine,Russian Grand Prix,sochi,14
2021,15,leclerc_2021_15,leclerc,ferrari,Russian Grand Prix,sochi,15
2021,15,giovinazzi_2021_15,giovinazzi,alfa,Russian Grand Prix,sochi,16
2021,15,tsunoda_2021_15,tsunoda,alphatauri,Russian Grand Prix,sochi,17
2021,15,mazepin_2021_15,mazepin,haas,Russian Grand Prix,sochi,18
2021,16,bottas_2021_16,bottas,mercedes,Turkish Grand Prix,istanbul,1
2021,16,max_verstappen_2021_16,max_verstappen,red_bull,Turkish Grand Prix,istanbul,2
2021,16,perez_2021_16,perez,red_bull,Turkish Grand Prix,istanbul,3
2021,16,leclerc_2021_16,leclerc,ferrari,Turkish Grand Prix,istanbul,4
2021,16,hamilton_2021_16,hamilton,mercedes,Turkish Grand Prix,istanbul,5
2021,16,gasly_2021_16,gasly,alphatauri,Turkish Grand Prix,istanbul,6
2021,16,norris_2021_16,norris,mclaren,Turkish Grand Prix,istanbul,7
2021,16,sainz_2021_16,sainz,ferrari,Turkish Grand Prix,istanbul,8
2021,16,stroll_2021_16,stroll,aston_martin,Turkish Grand Prix,istanbul,9
2021,16,ocon_2021_16,ocon,alpine,Turkish Grand Prix,istanbul,10
2021,16,giovinazzi_2021_16,giovinazzi,alfa,Turkish Grand Prix,istanbul,11
2021,16,raikkonen_2021_16,raikkonen,alfa,Turkish Grand Prix,istanbul,12
2021,16,ricciardo_2021_16,ricciardo,mclaren,Turkish Grand Prix,istanbul,13
2021,16,tsunoda_2021_16,tsunoda,alphatauri,Turkish Grand Prix,istanbul,14
2021,16,russell_2021_16,russell,williams,Turkish Grand Prix,istanbul,15
2021,16,alonso_2021_16,alonso,alpine,Turkish Grand Prix,istanbul,16
2021,16,latifi_2021_16,latifi,williams,Turkish Grand Prix,istanbul,17
2021,16,vettel_2021_16,vettel,aston_martin,Turkish Grand Prix,istanbul,18
2021,16,mick_schumacher_2021_16,mick_schumacher,haas,Turkish Grand Prix,istanbul,19
2021,16,mazepin_2021_16,mazepin,haas,Turkish Grand Prix,istanbul,20
2021,17,max_verstappen_2021_17,max_verstappen,red_bull,United States Grand Prix,americas,1
2021,17,hamilton_2021_17,hamilton,mercedes,United States Grand Prix,americas,2
2021,17,perez_2021_17,perez,red_bull,United States Grand Prix,americas,3
2021,17,leclerc_2021_17,leclerc,ferrari,United States Grand Prix,americas,4
2021,17,ricciardo_2021_17,ricciardo,mclaren,United States Grand Prix,americas,5
2021,17,bottas_2021_17,bottas,mercedes,United States Grand Prix,americas,6
2021,17,sainz_2021_17,sainz,ferrari,United States Grand Prix,americas,7
2021,17,norris_2021_17,norris,mclaren,United States Grand Prix,americas,8
2021,17,tsunoda_2021_17,tsunoda,alphatauri,United States Grand Prix,americas,9
2021,17,vettel_2021_17,vettel,aston_martin,United States Grand Prix,americas,10
2021,17,giovinazzi_2021_17,giovinazzi,alfa,United States Grand Prix,americas,11
2021,17,stroll_2021_17,stroll,aston_martin,United States Grand Prix,americas,12
2021,17,raikkonen_2021_17,raikkonen,alfa,United States Grand Prix,americas,13
2021,17,russell_2021_17,russell,williams,United States Grand Prix,americas,14
2021,17,latifi_2021_17,latifi,williams,United States Grand Prix,americas,15
2021,17,mick_schumacher_2021_17,mick_schumacher,haas,United States Grand Prix,americas,16
2021,17,mazepin_2021_17,mazepin,haas,United States Grand Prix,americas,17
2021,18,max_verstappen_2021_18,max_verstappen,red_bull,Mexico City Grand Prix,rodriguez,1
2021,18,hamilton_2021_18,hamilton,mercedes,Mexico City Grand Prix,rodriguez,2
2021,18,perez_2021_18,perez,red_bull,Mexico City Grand Prix,rodriguez,3
2021,18,gasly_2021_18,gasly,alphatauri,Mexico City Grand Prix,rodriguez,4
2021,18,leclerc_2021_18,leclerc,ferrari,Mexico City Grand Prix,rodriguez,5
2021,18,sainz_2021_18,sainz,ferrari,Mexico City Grand Prix,rodriguez,6
2021,18,vettel_2021_18,vettel,aston_martin,Mexico City Grand Prix,rodriguez,7
2021,18,raikkonen_2021_18,raikkonen,alfa,Mexico City Grand Prix,rodriguez,8
2021,18,alonso_2021_18,alonso,alpine,Mexico City Grand Prix,rodriguez,9
2021,18,norris_2021_18,norris,mclaren,Mexico City Grand Prix,rodriguez,10
2021,18,giovinazzi_2021_18,giovinazzi,alfa,Mexico City Grand Prix,rodriguez,11
2021,18,ricciardo_2021_18,ricciardo,mclaren,Mexico City Grand Prix,rodriguez,12
2021,18,ocon_2021_18,ocon,alpine,Mexico City Grand Prix,rodriguez,13
2021,18,stroll_2021_18,stroll,aston_martin,Mexico City Grand Prix,rodriguez,14
2021,18,bottas_2021_18,bottas,mercedes,Mexico City Grand Prix,rodriguez,15
2021,18,russell_2021_18,russell,williams,Mexico City Grand Prix,rodriguez,16
2021,18,latifi_2021_18,latifi,williams,Mexico City Grand Prix,rodriguez,17
2021,18,mazepin_2021_18,mazepin,haas,Mexico City Grand Prix,rodriguez,18
2021,19,hamilton_2021_19,hamilton,mercedes,São Paulo Grand Prix,interlagos,1
2021,19,max_verstappen_2021_19,max_verstappen,red_bull,São Paulo Grand Prix,interlagos,2
2021,19,bottas_2021_19,bottas,mercedes,São Paulo Grand Prix,interlagos,3
2021,19,perez_2021_19,perez,red_bull,São Paulo Grand Prix,interlagos,4
2021,19,leclerc_2021_19,leclerc,ferrari,São Paulo Grand Prix,interlagos,5
2021,19,sainz_2021_19,sainz,ferrari,São Paulo Grand Prix,interlagos,6
2021,19,gasly_2021_19,gasly,alphatauri,São Paulo Grand Prix,interlagos,7
2021,19,ocon_2021_19,ocon,alpine,São Paulo Grand Prix,interlagos,8
2021,19,alonso_2021_19,alonso,alpine,São Paulo Grand Prix,interlagos,9
2021,19,norris_2021_19,norris,mclaren,São Paulo Grand Prix,interlagos,10
2021,19,vettel_2021_19,vettel,aston_martin,São Paulo Grand Prix,interlagos,11
2021,19,raikkonen_2021_19,raikkonen,alfa,São Paulo Grand Prix,interlagos,12
2021,19,russell_2021_19,russell,williams,São Paulo Grand Prix,interlagos,13
2021,19,giovinazzi_2021_19,giovinazzi,alfa,São Paulo Grand Prix,interlagos,14
2021,19,tsunoda_2021_19,tsunoda,alphatauri,São Paulo Grand Prix,interlagos,15
2021,19,latifi_2021_19,latifi,williams,São Paulo Grand Prix,interlagos,16
2021,19,mazepin_2021_19,mazepin,haas,São Paulo Grand Prix,interlagos,17
2021,19,mick_schumacher_2021_19,mick_schumacher,haas,São Paulo Grand Prix,interlagos,18
2021,20,hamilton_2021_20,hamilton,mercedes,Qatar Grand Prix,losail,1
2021,20,max_verstappen_2021_20,max_verstappen,red_bull,Qatar Grand Prix,losail,2
2021,20,alonso_2021_20,alonso,alpine,Qatar Grand Prix,losail,3
2021,20,perez_2021_20,perez,red_bull,Qatar Grand Prix,losail,4
2021,20,ocon_2021_20,ocon,alpine,Qatar Grand Prix,losail,5
2021,20,stroll_2021_20,stroll,aston_martin,Qatar Grand Prix,losail,6
2021,20,sainz_2021_20,sainz,ferrari,Qatar Grand Prix,losail,7
2021,20,leclerc_2021_20,leclerc,ferrari,Qatar Grand Prix,losail,8
2021,20,norris_2021_20,norris,mclaren,Qatar Grand Prix,losail,9
2021,20,vettel_2021_20,vettel,aston_martin,Qatar Grand Prix,losail,10
2021,20,gasly_2021_20,gasly,alphatauri,Qatar Grand Prix,losail,11
2021,20,ricciardo_2021_20,ricciardo,mclaren,Qatar Grand Prix,losail,12
2021,20,tsunoda_2021_20,tsunoda,alphatauri,Qatar Grand Prix,losail,13
2021,20,raikkonen_2021_20,raikkonen,alfa,Qatar Grand Prix,losail,14
2021,20,giovinazzi_2021_20,giovinazzi,alfa,Qatar Grand Prix,losail,15
2021,20,mick_schumacher_2021_20,mick_schumacher,haas,Qatar Grand Prix,losail,16
2021,20,russell_2021_20,russell,williams,Qatar Grand Prix,losail,17
2021,20,mazepin_2021_20,mazepin,haas,Qatar Grand Prix,losail,18
2021,21,hamilton_2021_21,hamilton,mercedes,Saudi Arabian Grand Prix,jeddah,1
2021,21,max_verstappen_2021_21,max_verstappen,red_bull,Saudi Arabian Grand Prix,jeddah,2
2021,21,bottas_2021_21,bottas,mercedes,Saudi Arabian Grand Prix,jeddah,3
2021,21,ocon_2021_21,ocon,alpine,Saudi Arabian Grand Prix,jeddah,4
2021,21,ricciardo_2021_21,ricciardo,mclaren,Saudi Arabian Grand Prix,jeddah,5
2021,21,gasly_2021_21,gasly,alphatauri,Saudi Arabian Grand Prix,jeddah,6
2021,21,leclerc_2021_21,leclerc,ferrari,Saudi Arabian Grand Prix,jeddah,7
2021,21,sainz_2021_21,sainz,ferrari,Saudi Arabian Grand Prix,jeddah,8
2021,21,giovinazzi_2021_21,giovinazzi,alfa,Saudi Arabian Grand Prix,jeddah,9
2021,21,norris_2021_21,norris,mclaren,Saudi Arabian Grand Prix,jeddah,10
2021,21,stroll_2021_21,stroll,aston_martin,Saudi Arabian Grand Prix,jeddah,11
2021,21,latifi_2021_21,latifi,williams,Saudi Arabian Grand Prix,jeddah,12
2021,21,alonso_2021_21,alonso,alpine,Saudi Arabian Grand Prix,jeddah,13
2021,21,tsunoda_2021_21,tsunoda,alphatauri,Saudi Arabian Grand Prix,jeddah,14
2021,21,raikkonen_2021_21,raikkonen,alfa,Saudi Arabian Grand Prix,jeddah,15
2021,22,max_verstappen_2021_22,max_verstappen,red_bull,Abu Dhabi Grand Prix,yas_marina,1
2021,22,hamilton_2021_22,hamilton,mercedes,Abu Dhabi Grand Prix,yas_marina,2
2021,22,sainz_2021_22,sainz,ferrari,Abu Dhabi Grand Prix,yas_marina,3
2021,22,tsunoda_2021_22,tsunoda,alphatauri,Abu Dhabi Grand Prix,yas_marina,4
2021,22,gasly_2021_22,gasly,alphatauri,Abu Dhabi Grand Prix,yas_marina,5
2021,22,bottas_2021_22,bottas,mercedes,Abu Dhabi Grand Prix,yas_marina,6
2021,22,norris_2021_22,norris,mclaren,Abu Dhabi Grand Prix,yas_marina,7
2021,22,alonso_2021_22,alonso,alpine,Abu Dhabi Grand Prix,yas_marina,8
2021,22,ocon_2021_22,ocon,alpine,Abu Dhabi Grand Prix,yas_marina,9
2021,22,leclerc_2021_22,leclerc,ferrari,Abu Dhabi Grand Prix,yas_marina,10
2021,22,vettel_2021_22,vettel,aston_martin,Abu Dhabi Grand Prix,yas_marina,11
2021,22,ricciardo_2021_22,ricciardo,mclaren,Abu Dhabi Grand Prix,yas_marina,12
2021,22,stroll_2021_22,stroll,aston_martin,Abu Dhabi Grand Prix,yas_marina,13
2021,22,mick_schumacher_2021_22,mick_schumacher,haas,Abu Dhabi Grand Prix,yas_marina,14
2022,1,leclerc_2022_1,leclerc,ferrari,Bahrain Grand Prix,bahrain,1
2022,1,sainz_2022_1,sainz,ferrari,Bahrain Grand Prix,bahrain,2
2022,1,hamilton_2022_1,hamilton,mercedes,Bahrain Grand Prix,bahrain,3
2022,1,russell_2022_1,russell,mercedes,Bahrain Grand Prix,bahrain,4
2022,1,kevin_magnussen_2022_1,kevin_magnussen,haas,Bahrain Grand Prix,bahrain,5
2022,1,bottas_2022_1,bottas,alfa,Bahrain Grand Prix,bahrain,6
2022,1,ocon_2022_1,ocon,alpine,Bahrain Grand Prix,bahrain,7
2022,1,tsunoda_2022_1,tsunoda,alphatauri,Bahrain Grand Prix,bahrain,8
2022,1,alonso_2022_1,alonso,alpine,Bahrain Grand Prix,bahrain,9
2022,1,zhou_2022_1,zhou,alfa,Bahrain Grand Prix,bahrain,10
2022,1,mick_schumacher_2022_1,mick_schumacher,haas,Bahrain Grand Prix,bahrain,11
2022,1,stroll_2022_1,stroll,aston_martin,Bahrain Grand Prix,bahrain,12
2022,1,albon_2022_1,albon,williams,Bahrain Grand Prix,bahrain,13
2022,1,ricciardo_2022_1,ricciardo,mclaren,Bahrain Grand Prix,bahrain,14
2022,1,norris_2022_1,norris,mclaren,Bahrain Grand Prix,bahrain,15
2022,1,latifi_2022_1,latifi,williams,Bahrain Grand Prix,bahrain,16
2022,1,hulkenberg_2022_1,hulkenberg,aston_martin,Bahrain Grand Prix,bahrain,17
2022,2,max_verstappen_2022_2,max_verstappen,red_bull,Saudi Arabian Grand Prix,jeddah,1
2022,2,leclerc_2022_2,leclerc,ferrari,Saudi Arabian Grand Prix,jeddah,2
2022,2,sainz_2022_2,sainz,ferrari,Saudi Arabian Grand Prix,jeddah,3
2022,2,perez_2022_2,perez,red_bull,Saudi Arabian Grand Prix,jeddah,4
2022,2,russell_2022_2,russell,mercedes,Saudi Arabian Grand Prix,jeddah,5
2022,2,ocon_2022_2,ocon,alpine,Saudi Arabian Grand Prix,jeddah,6
2022,2,norris_2022_2,norris,mclaren,Saudi Arabian Grand Prix,jeddah,7
2022,2,gasly_2022_2,gasly,alphatauri,Saudi Arabian Grand Prix,jeddah,8
2022,2,kevin_magnussen_2022_2,kevin_magnussen,haas,Saudi Arabian Grand Prix,jeddah,9
2022,2,hamilton_2022_2,hamilton,mercedes,Saudi Arabian Grand Prix,jeddah,10
2022,2,zhou_2022_2,zhou,alfa,Saudi Arabian Grand Prix,jeddah,11
2022,2,hulkenberg_2022_2,hulkenberg,aston_martin,Saudi Arabian Grand Prix,jeddah,12
2022,2,stroll_2022_2,stroll,aston_martin,Saudi Arabian Grand Prix,jeddah,13
2022,3,leclerc_2022_3,leclerc,ferrari,Australian Grand Prix,albert_park,1
2022,3,perez_2022_3,perez,red_bull,Australian Grand Prix,albert_park,2
2022,3,russell_2022_3,russell,mercedes,Australian Grand Prix,albert_park,3
2022,3,hamilton_2022_3,hamilton,mercedes,Australian Grand Prix,albert_park,4
2022,3,norris_2022_3,norris,mclaren,Australian Grand Prix,albert_park,5
2022,3,ricciardo_2022_3,ricciardo,mclaren,Australian Grand Prix,albert_park,6
2022,3,ocon_2022_3,ocon,alpine,Australian Grand Prix,albert_park,7
2022,3,bottas_2022_3,bottas,alfa,Australian Grand Prix,albert_park,8
2022,3,gasly_2022_3,gasly,alphatauri,Australian Grand Prix,albert_park,9
2022,3,albon_2022_3,albon,williams,Australian Grand Prix,albert_park,10
2022,3,zhou_2022_3,zhou,alfa,Australian Grand Prix,albert_park,11
2022,3,stroll_2022_3,stroll,aston_martin,Australian Grand Prix,albert_park,12
2022,3,mick_schumacher_2022_3,mick_schumacher,haas,Australian Grand Prix,albert_park,13
2022,3,kevin_magnussen_2022_3,kevin_magnussen,haas,Australian Grand Prix,albert_park,14
2022,3,tsunoda_2022_3,tsunoda,alphatauri,Australian Grand Prix,albert_park,15
2022,3,latifi_2022_3,latifi,williams,Australian Grand Prix,albert_park,16
2022,3,alonso_2022_3,alonso,alpine,Australian Grand Prix,albert_park,17
2022,4,max_verstappen_2022_4,max_verstappen,red_bull,Emilia Romagna Grand Prix,imola,1
2022,4,perez_2022_4,perez,red_bull,Emilia Romagna Grand Prix,imola,2
2022,4,norris_2022_4,norris,mclaren,Emilia Romagna Grand Prix,imola,3
2022,4,russell_2022_4,russell,mercedes,Emilia Romagna Grand Prix,imola,4
2022,4,bottas_2022_4,bottas,alfa,Emilia Romagna Grand Prix,imola,5
2022,4,leclerc_2022_4,leclerc,ferrari,Emilia Romagna Grand Prix,imola,6
2022,4,tsunoda_2022_4,tsunoda,alphatauri,Emilia Romagna Grand Prix,imola,7
2022,4,vettel_2022_4,vettel,aston_martin,Emilia Romagna Grand Prix,imola,8
2022,4,kevin_magnussen_2022_4,kevin_magnussen,haas,Emilia Romagna Grand Prix,imola,9
2022,4,stroll_2022_4,stroll,aston_martin,Emilia Romagna Grand Prix,imola,10
2022,4,albon_2022_4,albon,williams,Emilia Romagna Grand Prix,imola,11
2022,4,gasly_2022_4,gasly,alphatauri,Emilia Romagna Grand Prix,imola,12
2022,4,hamilton_2022_4,hamilton,mercedes,Emilia Romagna Grand Prix,imola,13
2022,4,ocon_2022_4,ocon,alpine,Emilia Romagna Grand Prix,imola,14
2022,4,zhou_2022_4,zhou,alfa,Emilia Romagna Grand Prix,imola,15
2022,4,latifi_2022_4,latifi,williams,Emilia Romagna Grand Prix,imola,16
2022,4,mick_schumacher_2022_4,mick_schumacher,haas,Emilia Romagna Grand Prix,imola,17
2022,4,ricciardo_2022_4,ricciardo,mclaren,Emilia Romagna Grand Prix,imola,18
2022,5,max_verstappen_2022_5,max_verstappen,red_bull,Miami Grand Prix,miami,1
2022,5,leclerc_2022_5,leclerc,ferrari,Miami Grand Prix,miami,2
2022,5,sainz_2022_5,sainz,ferrari,Miami Grand Prix,miami,3
2022,5,perez_2022_5,perez,red_bull,Miami Grand Prix,miami,4
2022,5,russell_2022_5,russell,mercedes,Miami Grand Prix,miami,5
2022,5,hamilton_2022_5,hamilton,mercedes,Miami Grand Prix,miami,6
2022,5,bottas_2022_5,bottas,alfa,Miami Grand Prix,miami,7
2022,5,ocon_2022_5,ocon,alpine,Miami Grand Prix,miami,8
2022,5,albon_2022_5,albon,williams,Miami Grand Prix,miami,9
2022,5,stroll_2022_5,stroll,aston_martin,Miami Grand Prix,miami,10
2022,5,alonso_2022_5,alonso,alpine,Miami Grand Prix,miami,11
2022,5,tsunoda_2022_5,tsunoda,alphatauri,Miami Grand Prix,miami,12
2022,5,ricciardo_2022_5,ricciardo,mclaren,Miami Grand Prix,miami,13
2022,5,latifi_2022_5,latifi,williams,Miami Grand Prix,miami,14
2022,5,mick_schumacher_2022_5,mick_schumacher,haas,Miami Grand Prix,miami,15
2022,6,max_verstappen_2022_6,max_verstappen,red_bull,Spanish Grand Prix,catalunya,1
2022,6,perez_2022_6,perez,red_bull,Spanish Grand Prix,catalunya,2
2022,6,russell_2022_6,russell,mercedes,Spanish Grand Prix,catalunya,3
2022,6,sainz_2022_6,sainz,ferrari,Spanish Grand Prix,catalunya,4
2022,6,hamilton_2022_6,hamilton,mercedes,Spanish Grand Prix,catalunya,5
2022,6,bottas_2022_6,bottas,alfa,Spanish Grand Prix,catalunya,6
2022,6,ocon_2022_6,ocon,alpine,Spanish Grand Prix,catalunya,7
2022,6,norris_2022_6,norris,mclaren,Spanish Grand Prix,catalunya,8
2022,6,alonso_2022_6,alonso,alpine,Spanish Grand Prix,catalunya,9
2022,6,tsunoda_2022_6,tsunoda,alphatauri,Spanish Grand Prix,catalunya,10
2022,6,vettel_2022_6,vettel,aston_martin,Spanish Grand Prix,catalunya,11
2022,6,ricciardo_2022_6,ricciardo,mclaren,Spanish Grand Prix,catalunya,12
2022,6,gasly_2022_6,gasly,alphatauri,Spanish Grand Prix,catalunya,13
2022,6,mick_schumacher_2022_6,mick_schumacher,haas,Spanish Grand Prix,catalunya,14
2022,6,stroll_2022_6,stroll,aston_martin,Spanish Grand Prix,catalunya,15
2022,6,latifi_2022_6,latifi,williams,Spanish Grand Prix,catalunya,16
2022,6,kevin_magnussen_2022_6,kevin_magnussen,haas,Spanish Grand Prix,catalunya,17
2022,6,albon_2022_6,albon,williams,Spanish Grand Prix,catalunya,18
2022,7,perez_2022_7,perez,red_bull,Monaco Grand Prix,monaco,1
2022,7,sainz_2022_7,sainz,ferrari,Monaco Grand Prix,monaco,2
2022,7,max_verstappen_2022_7,max_verstappen,red_bull,Monaco Grand Prix,monaco,3
2022,7,leclerc_2022_7,leclerc,ferrari,Monaco Grand Prix,monaco,4
2022,7,russell_2022_7,russell,mercedes,Monaco Grand Prix,monaco,5
2022,7,norris_2022_7,norris,mclaren,Monaco Grand Prix,monaco,6
2022,7,alonso_2022_7,alonso,alpine,Monaco Grand Prix,monaco,7
2022,7,hamilton_2022_7,hamilton,mercedes,Monaco Grand Prix,monaco,8
2022,7,bottas_2022_7,bottas,alfa,Monaco Grand Prix,monaco,9
2022,7,vettel_2022_7,vettel,aston_martin,Monaco Grand Prix,monaco,10
2022,7,gasly_2022_7,gasly,alphatauri,Monaco Grand Prix,monaco,11
2022,7,ocon_2022_7,ocon,alpine,Monaco Grand Prix,monaco,12
2022,7,ricciardo_2022_7,ricciardo,mclaren,Monaco Grand Prix,monaco,13
2022,7,stroll_2022_7,stroll,aston_martin,Monaco Grand Prix,monaco,14
2022,7,latifi_2022_7,latifi,williams,Monaco Grand Prix,monaco,15
2022,7,zhou_2022_7,zhou,alfa,Monaco Grand Prix,monaco,16
2022,7,tsunoda_2022_7,tsunoda,alphatauri,Monaco Grand Prix,monaco,17
2022,8,max_verstappen_2022_8,max_verstappen,red_bull,Azerbaijan Grand Prix,baku,1
2022,8,perez_2022_8,perez,red_bull,Azerbaijan Grand Prix,baku,2
2022,8,russell_2022_8,russell,mercedes,Azerbaijan Grand Prix,baku,3
2022,8,hamilton_2022_8,hamilton,mercedes,Azerbaijan Grand Prix,baku,4
2022,8,gasly_2022_8,gasly,alphatauri,Azerbaijan Grand Prix,baku,5
2022,8,vettel_2022_8,vettel,aston_martin,Azerbaijan Grand Prix,baku,6
2022,8,alonso_2022_8,alonso,alpine,Azerbaijan Grand Prix,baku,7
2022,8,ricciardo_2022_8,ricciardo,mclaren,Azerbaijan Grand Prix,baku,8
2022,8,norris_2022_8,norris,mclaren,Azerbaijan Grand Prix,baku,9
2022,8,ocon_2022_8,ocon,alpine,Azerbaijan Grand Prix,baku,10
2022,8,bottas_2022_8,bottas,alfa,Azerbaijan Grand Prix,baku,11
2022,8,albon_2022_8,albon,williams,Azerbaijan Grand Prix,baku,12
2022,8,tsunoda_2022_8,tsunoda,alphatauri,Azerbaijan Grand Prix,baku,13
2022,8,mick_schumacher_2022_8,mick_schumacher,haas,Azerbaijan Grand Prix,baku,14
2022,8,latifi_2022_8,latifi,williams,Azerbaijan Grand Prix,baku,15
2022,9,max_verstappen_2022_9,max_verstappen,red_bull,Canadian Grand Prix,villeneuve,1
2022,9,sainz_2022_9,sainz,ferrari,Canadian Grand Prix,villeneuve,2
2022,9,hamilton_2022_9,hamilton,mercedes,Canadian Grand Prix,villeneuve,3
2022,9,russell_2022_9,russell,mercedes,Canadian Grand Prix,villeneuve,4
2022,9,leclerc_2022_9,leclerc,ferrari,Canadian Grand Prix,villeneuve,5
2022,9,ocon_2022_9,ocon,alpine,Canadian Grand Prix,villeneuve,6
2022,9,bottas_2022_9,bottas,alfa,Canadian Grand Prix,villeneuve,7
2022,9,zhou_2022_9,zhou,alfa,Canadian Grand Prix,villeneuve,8
2022,9,alonso_2022_9,alonso,alpine,Canadian Grand Prix,villeneuve,9
2022,9,stroll_2022_9,stroll,aston_martin,Canadian Grand Prix,villeneuve,10
2022,9,ricciardo_2022_9,ricciardo,mclaren,Canadian Grand Prix,villeneuve,11
2022,9,vettel_2022_9,vettel,aston_martin,Canadian Grand Prix,villeneuve,12
2022,9,albon_2022_9,albon,williams,Canadian Grand Prix,villeneuve,13
2022,9,gasly_2022_9,gasly,alphatauri,Canadian Grand Prix,villeneuve,14
2022,9,norris_2022_9,norris,mclaren,Canadian Grand Prix,villeneuve,15
2022,9,latifi_2022_9,latifi,williams,Canadian Grand Prix,villeneuve,16
2022,9,kevin_magnussen_2022_9,kevin_magnussen,haas,Canadian Grand Prix,villeneuve,17
2022,10,sainz_2022_10,sainz,ferrari,British Grand Prix,silverstone,1
2022,10,perez_2022_10,perez,red_bull,British Grand Prix,silverstone,2
2022,10,hamilton_2022_10,hamilton,mercedes,British Grand Prix,silverstone,3
2022,10,leclerc_2022_10,leclerc,ferrari,British Grand Prix,silverstone,4
2022,10,alonso_2022_10,alonso,alpine,British Grand Prix,silverstone,5
2022,10,norris_2022_10,norris,mclaren,British Grand Prix,silverstone,6
2022,10,max_verstappen_2022_10,max_verstappen,red_bull,British Grand Prix,silverstone,7
2022,10,mick_schumacher_2022_10,mick_schumacher,haas,British Grand Prix,silverstone,8
2022,10,vettel_2022_10,vettel,aston_martin,British Grand Prix,silverstone,9
2022,10,kevin_magnussen_2022_10,kevin_magnussen,haas,British Grand Prix,silverstone,10
2022,10,stroll_2022_10,stroll,aston_martin,British Grand Prix,silverstone,11
2022,10,latifi_2022_10,latifi,williams,British Grand Prix,silverstone,12
2022,10,ricciardo_2022_10,ricciardo,mclaren,British Grand Prix,silverstone,13
2022,10,tsunoda_2022_10,tsunoda,alphatauri,British Grand Prix,silverstone,14
2022,11,leclerc_2022_11,leclerc,ferrari,Austrian Grand Prix,red_bull_ring,1
2022,11,max_verstappen_2022_11,max_verstappen,red_bull,Austrian Grand Prix,red_bull_ring,2
2022,11,hamilton_2022_11,hamilton,mercedes,Austrian Grand Prix,red_bull_ring,3
2022,11,russell_2022_11,russell,mercedes,Austrian Grand Prix,red_bull_ring,4
2022,11,ocon_2022_11,ocon,alpine,Austrian Grand Prix,red_bull_ring,5
2022,11,mick_schumacher_2022_11,mick_schumacher,haas,Austrian Grand Prix,red_bull_ring,6
2022,11,norris_2022_11,norris,mclaren,Austrian Grand Prix,red_bull_ring,7
2022,11,kevin_magnussen_2022_11,kevin_magnussen,haas,Austrian Grand Prix,red_bull_ring,8
2022,11,ricciardo_2022_11,ricciardo,mclaren,Austrian Grand Prix,red_bull_ring,9
2022,11,alonso_2022_11,alonso,alpine,Austrian Grand Prix,red_bull_ring,10
2022,11,bottas_2022_11,bottas,alfa,Austrian Grand Prix,red_bull_ring,11
2022,11,albon_2022_11,albon,williams,Austrian Grand Prix,red_bull_ring,12
2022,11,stroll_2022_11,stroll,aston_martin,Austrian Grand Prix,red_bull_ring,13
2022,11,zhou_2022_11,zhou,alfa,Austrian Grand Prix,red_bull_ring,14
2022,11,gasly_2022_11,gasly,alphatauri,Austrian Grand Prix,red_bull_ring,15
2022,11,tsunoda_2022_11,tsunoda,alphatauri,Austrian Grand Prix,red_bull_ring,16
2022,11,vettel_2022_11,vettel,aston_martin,Austrian Grand Prix,red_bull_ring,17
2022,12,max_verstappen_2022_12,max_verstappen,red_bull,French Grand Prix,ricard,1
2022,12,hamilton_2022_12,hamilton,mercedes,French Grand Prix,ricard,2
2022,12,russell_2022_12,russell,mercedes,French Grand Prix,ricard,3
2022,12,perez_2022_12,perez,red_bull,French Grand Prix,ricard,4
2022,12,sainz_2022_12,sainz,ferrari,French Grand Prix,ricard,5
2022,12,alonso_2022_12,alonso,alpine,French Grand Prix,ricard,6
2022,12,norris_2022_12,norris,mclaren,French Grand Prix,ricard,7
2022,12,ocon_2022_12,ocon,alpine,French Grand Prix,ricard,8
2022,12,ricciardo_2022_12,ricciardo,mclaren,French Grand Prix,ricard,9
2022,12,stroll_2022_12,stroll,aston_martin,French Grand Prix,ricard,10
2022,12,vettel_2022_12,vettel,aston_martin,French Grand Prix,ricard,11
2022,12,gasly_2022_12,gasly,alphatauri,French Grand Prix,ricard,12
2022,12,albon_2022_12,albon,williams,French Grand Prix,ricard,13
2022,12,bottas_2022_12,bottas,alfa,French Grand Prix,ricard,14
2022,12,mick_schumacher_2022_12,mick_schumacher,haas,French Grand Prix,ricard,15
2022,12,zhou_2022_12,zhou,alfa,French Grand Prix,ricard,16
2022,13,max_verstappen_2022_13,max_verstappen,red_bull,Hungarian Grand Prix,hungaroring,1
2022,13,hamilton_2022_13,hamilton,mercedes,Hungarian Grand Prix,hungaroring,2
2022,13,russell_2022_13,russell,mercedes,Hungarian Grand Prix,hungaroring,3
2022,13,sainz_2022_13,sainz,ferrari,Hungarian Grand Prix,hungaroring,4
2022,13,perez_2022_13,perez,red_bull,Hungarian Grand Prix,hungaroring,5
2022,13,leclerc_2022_13,leclerc,ferrari,Hungarian Grand Prix,hungaroring,6
2022,13,norris_2022_13,norris,mclaren,Hungarian Grand Prix,hungaroring,7
2022,13,alonso_2022_13,alonso,alpine,Hungarian Grand Prix,hungaroring,8
2022,13,ocon_2022_13,ocon,alpine,Hungarian Grand Prix,hungaroring,9
2022,13,vettel_2022_13,vettel,aston_martin,Hungarian Grand Prix,hungaroring,10
2022,13,stroll_2022_13,stroll,aston_martin,Hungarian Grand Prix,hungaroring,11
2022,13,gasly_2022_13,gasly,alphatauri,Hungarian Grand Prix,hungaroring,12
2022,13,zhou_2022_13,zhou,alfa,Hungarian Grand Prix,hungaroring,13
2022,13,mick_schumacher_2022_13,mick_schumacher,haas,Hungarian Grand Prix,hungaroring,14
2022,13,ricciardo_2022_13,ricciardo,mclaren,Hungarian Grand Prix,hungaroring,15
2022,13,kevin_magnussen_2022_13,kevin_magnussen,haas,Hungarian Grand Prix,hungaroring,16
2022,13,albon_2022_13,albon,williams,Hungarian Grand Prix,hungaroring,17
2022,13,latifi_2022_13,latifi,williams,Hungarian Grand Prix,hungaroring,18
2022,13,tsunoda_2022_13,tsunoda,alphatauri,Hungarian Grand Prix,hungaroring,19
2022,14,max_verstappen_2022_14,max_verstappen,red_bull,Belgian Grand Prix,spa,1
2022,14,perez_2022_14,perez,red_bull,Belgian Grand Prix,spa,2
2022,14,sainz_2022_14,sainz,ferrari,Belgian Grand Prix,spa,3
2022,14,russell_2022_14,russell,mercedes,Belgian Grand Prix,spa,4
2022,14,alonso_2022_14,alonso,alpine,Belgian Grand Prix,spa,5
2022,14,leclerc_2022_14,leclerc,ferrari,Belgian Grand Prix,spa,6
2022,14,ocon_2022_14,ocon,alpine,Belgian Grand Prix,spa,7
2022,14,vettel_2022_14,vettel,aston_martin,Belgian Grand Prix,spa,8
2022,14,gasly_2022_14,gasly,alphatauri,Belgian Grand Prix,spa,9
2022,14,albon_2022_14,albon,williams,Belgian Grand Prix,spa,10
2022,14,stroll_2022_14,stroll,aston_martin,Belgian Grand Prix,spa,11
2022,14,norris_2022_14,norris,mclaren,Belgian Grand Prix,spa,12
2022,14,tsunoda_2022_14,tsunoda,alphatauri,Belgian Grand Prix,spa,13
2022,14,zhou_2022_14,zhou,alfa,Belgian Grand Prix,spa,14
2022,14,ricciardo_2022_14,ricciardo,mclaren,Belgian Grand Prix,spa,15
2022,14,kevin_magnussen_2022_14,kevin_magnussen,haas,Belgian Grand Prix,spa,16
2022,14,mick_schumacher_2022_14,mick_schumacher,haas,Belgian Grand Prix,spa,17
2022,14,latifi_2022_14,latifi,williams,Belgian Grand Prix,spa,18
2022,15,max_verstappen_2022_15,max_verstappen,red_bull,Dutch Grand Prix,zandvoort,1
2022,15,russell_2022_15,russell,mercedes,Dutch Grand Prix,zandvoort,2
2022,15,leclerc_2022_15,leclerc,ferrari,Dutch Grand Prix,zandvoort,3
2022,15,hamilton_2022_15,hamilton,mercedes,Dutch Grand Prix,zandvoort,4
2022,15,perez_2022_15,perez,red_bull,Dutch Grand Prix,zandvoort,5
2022,15,alonso_2022_15,alonso,alpine,Dutch Grand Prix,zandvoort,6
2022,15,norris_2022_15,norris,mclaren,Dutch Grand Prix,zandvoort,7
2022,15,sainz_2022_15,sainz,ferrari,Dutch Grand Prix,zandvoort,8
2022,15,ocon_2022_15,ocon,alpine,Dutch Grand Prix,zandvoort,9
2022,15,stroll_2022_15,stroll,aston_martin,Dutch Grand Prix,zandvoort,10
2022,15,gasly_2022_15,gasly,alphatauri,Dutch Grand Prix,zandvoort,11
2022,15,albon_2022_15,albon,williams,Dutch Grand Prix,zandvoort,12
2022,15,mick_schumacher_2022_15,mick_schumacher,haas,Dutch Grand Prix,zandvoort,13
2022,15,vettel_2022_15,vettel,aston_martin,Dutch Grand Prix,zandvoort,14
2022,15,kevin_magnussen_2022_15,kevin_magnussen,haas,Dutch Grand Prix,zandvoort,15
2022,15,zhou_2022_15,zhou,alfa,Dutch Grand Prix,zandvoort,16
2022,15,ricciardo_2022_15,ricciardo,mclaren,Dutch Grand Prix,zandvoort,17
2022,15,latifi_2022_15,latifi,williams,Dutch Grand Prix,zandvoort,18
2022,16,max_verstappen_2022_16,max_verstappen,red_bull,Italian Grand Prix,monza,1
2022,16,leclerc_2022_16,leclerc,ferrari,Italian Grand Prix,monza,2
2022,16,russell_2022_16,russell,mercedes,Italian Grand Prix,monza,3
2022,16,sainz_2022_16,sainz,ferrari,Italian Grand Prix,monza,4
2022,16,hamilton_2022_16,hamilton,mercedes,Italian Grand Prix,monza,5
2022,16,perez_2022_16,perez,red_bull,Italian Grand Prix,monza,6
2022,16,norris_2022_16,norris,mclaren,Italian Grand Prix,monza,7
2022,16,gasly_2022_16,gasly,alphatauri,Italian Grand Prix,monza,8
2022,16,de_vries_2022_16,de_vries,williams,Italian Grand Prix,monza,9
2022,16,zhou_2022_16,zhou,alfa,Italian Grand Prix,monza,10
2022,16,ocon_2022_16,ocon,alpine,Italian Grand Prix,monza,11
2022,16,mick_schumacher_2022_16,mick_schumacher,haas,Italian Grand Prix,monza,12
2022,16,bottas_2022_16,bottas,alfa,Italian Grand Prix,monza,13
2022,16,tsunoda_2022_16,tsunoda,alphatauri,Italian Grand Prix,monza,14
2022,16,latifi_2022_16,latifi,williams,Italian Grand Prix,monza,15
2022,16,kevin_magnussen_2022_16,kevin_magnussen,haas,Italian Grand Prix,monza,16
2022,17,perez_2022_17,perez,red_bull,Singapore Grand Prix,marina_bay,1
2022,17,leclerc_2022_17,leclerc,ferrari,Singapore Grand Prix,marina_bay,2
2022,17,sainz_2022_17,sainz,ferrari,Singapore Grand Prix,marina_bay,3
2022,17,norris_2022_17,norris,mclaren,Singapore Grand Prix,marina_bay,4
2022,17,ricciardo_2022_17,ricciardo,mclaren,Singapore Grand Prix,marina_bay,5
2022,17,stroll_2022_17,stroll,aston_martin,Singapore Grand Prix,marina_bay,6
2022,17,max_verstappen_2022_17,max_verstappen,red_bull,Singapore Grand Prix,marina_bay,7
2022,17,vettel_2022_17,vettel,aston_martin,Singapore Grand Prix,marina_bay,8
2022,17,hamilton_2022_17,hamilton,mercedes,Singapore Grand Prix,marina_bay,9
2022,17,gasly_2022_17,gasly,alphatauri,Singapore Grand Prix,marina_bay,10
2022,17,bottas_2022_17,bottas,alfa,Singapore Grand Prix,marina_bay,11
2022,17,kevin_magnussen_2022_17,kevin_magnussen,haas,Singapore Grand Prix,marina_bay,12
2022,17,mick_schumacher_2022_17,mick_schumacher,haas,Singapore Grand Prix,marina_bay,13
2022,17,russell_2022_17,russell,mercedes,Singapore Grand Prix,marina_bay,14
2022,18,max_verstappen_2022_18,max_verstappen,red_bull,Japanese Grand Prix,suzuka,1
2022,18,perez_2022_18,perez,red_bull,Japanese Grand Prix,suzuka,2
2022,18,leclerc_2022_18,leclerc,ferrari,Japanese Grand Prix,suzuka,3
2022,18,ocon_2022_18,ocon,alpine,Japanese Grand Prix,suzuka,4
2022,18,hamilton_2022_18,hamilton,mercedes,Japanese Grand Prix,suzuka,5
2022,18,vettel_2022_18,vettel,aston_martin,Japanese Grand Prix,suzuka,6
2022,18,alonso_2022_18,alonso,alpine,Japanese Grand Prix,suzuka,7
2022,18,russell_2022_18,russell,mercedes,Japanese Grand Prix,suzuka,8
2022,18,latifi_2022_18,latifi,williams,Japanese Grand Prix,suzuka,9
2022,18,norris_2022_18,norris,mclaren,Japanese Grand Prix,suzuka,10
2022,18,ricciardo_2022_18,ricciardo,mclaren,Japanese Grand Prix,suzuka,11
2022,18,stroll_2022_18,stroll,aston_martin,Japanese Grand Prix,suzuka,12
2022,18,tsunoda_2022_18,tsunoda,alphatauri,Japanese Grand Prix,suzuka,13
2022,18,kevin_magnussen_2022_18,kevin_magnussen,haas,Japanese Grand Prix,suzuka,14
2022,18,bottas_2022_18,bottas,alfa,Japanese Grand Prix,suzuka,15
2022,18,zhou_2022_18,zhou,alfa,Japanese Grand Prix,suzuka,16
2022,18,mick_schumacher_2022_18,mick_schumacher,haas,Japanese Grand Prix,suzuka,17
2022,18,gasly_2022_18,gasly,alphatauri,Japanese Grand Prix,suzuka,18
2022,19,max_verstappen_2022_19,max_verstappen,red_bull,United States Grand Prix,americas,1
2022,19,hamilton_2022_19,hamilton,mercedes,United States Grand Prix,americas,2
2022,19,leclerc_2022_19,leclerc,ferrari,United States Grand Prix,americas,3
2022,19,perez_2022_19,perez,red_bull,United States Grand Prix,americas,4
2022,19,russell_2022_19,russell,mercedes,United States Grand Prix,americas,5
2022,19,norris_2022_19,norris,mclaren,United States Grand Prix,americas,6
2022,19,alonso_2022_19,alonso,alpine,United States Grand Prix,americas,7
2022,19,vettel_2022_19,vettel,aston_martin,United States Grand Prix,americas,8
2022,19,kevin_magnussen_2022_19,kevin_magnussen,haas,United States Grand Prix,americas,9
2022,19,tsunoda_2022_19,tsunoda,alphatauri,United States Grand Prix,americas,10
2022,19,ocon_2022_19,ocon,alpine,United States Grand Prix,americas,11
2022,19,zhou_2022_19,zhou,alfa,United States Grand Prix,americas,12
2022,19,albon_2022_19,albon,williams,United States Grand Prix,americas,13
2022,19,gasly_2022_19,gasly,alphatauri,United States Grand Prix,americas,14
2022,19,mick_schumacher_2022_19,mick_schumacher,haas,United States Grand Prix,americas,15
2022,19,ricciardo_2022_19,ricciardo,mclaren,United States Grand Prix,americas,16
2022,19,latifi_2022_19,latifi,williams,United States Grand Prix,americas,17
2022,20,max_verstappen_2022_20,max_verstappen,red_bull,Mexico City Grand Prix,rodriguez,1
2022,20,hamilton_2022_20,hamilton,mercedes,Mexico City Grand Prix,rodriguez,2
2022,20,perez_2022_20,perez,red_bull,Mexico City Grand Prix,rodriguez,3
2022,20,russell_2022_20,russell,mercedes,Mexico City Grand Prix,rodriguez,4
2022,20,sainz_2022_20,sainz,ferrari,Mexico City Grand Prix,rodriguez,5
2022,20,leclerc_2022_20,leclerc,ferrari,Mexico City Grand Prix,rodriguez,6
2022,20,ricciardo_2022_20,ricciardo,mclaren,Mexico City Grand Prix,rodriguez,7
2022,20,ocon_2022_20,ocon,alpine,Mexico City Grand Prix,rodriguez,8
2022,20,norris_2022_20,norris,mclaren,Mexico City Grand Prix,rodriguez,9
2022,20,bottas_2022_20,bottas,alfa,Mexico City Grand Prix,rodriguez,10
2022,20,gasly_2022_20,gasly,alphatauri,Mexico City Grand Prix,rodriguez,11
2022,20,albon_2022_20,albon,williams,Mexico City Grand Prix,rodriguez,12
2022,20,zhou_2022_20,zhou,alfa,Mexico City Grand Prix,rodriguez,13
2022,20,vettel_2022_20,vettel,aston_martin,Mexico City Grand Prix,rodriguez,14
2022,20,stroll_2022_20,stroll,aston_martin,Mexico City Grand Prix,rodriguez,15
2022,20,mick_schumacher_2022_20,mick_schumacher,haas,Mexico City Grand Prix,rodriguez,16
2022,20,kevin_magnussen_2022_20,kevin_magnussen,haas,Mexico City Grand Prix,rodriguez,17
2022,20,latifi_2022_20,latifi,williams,Mexico City Grand Prix,rodriguez,18
2022,21,russell_2022_21,russell,mercedes,São Paulo Grand Prix,interlagos,1
2022,21,hamilton_2022_21,hamilton,mercedes,São Paulo Grand Prix,interlagos,2
2022,21,sainz_2022_21,sainz,ferrari,São Paulo Grand Prix,interlagos,3
2022,21,leclerc_2022_21,leclerc,ferrari,São Paulo Grand Prix,interlagos,4
2022,21,alonso_2022_21,alonso,alpine,São Paulo Grand Prix,interlagos,5
2022,21,max_verstappen_2022_21,max_verstappen,red_bull,São Paulo Grand Prix,interlagos,6
2022,21,perez_2022_21,perez,red_bull,São Paulo Grand Prix,interlagos,7
2022,21,ocon_2022_21,ocon,alpine,São Paulo Grand Prix,interlagos,8
2022,21,bottas_2022_21,bottas,alfa,São Paulo Grand Prix,interlagos,9
2022,21,stroll_2022_21,stroll,aston_martin,São Paulo Grand Prix,interlagos,10
2022,21,vettel_2022_21,vettel,aston_martin,São Paulo Grand Prix,interlagos,11
2022,21,zhou_2022_21,zhou,alfa,São Paulo Grand Prix,interlagos,12
2022,21,mick_schumacher_2022_21,mick_schumacher,haas,São Paulo Grand Prix,interlagos,13
2022,21,gasly_2022_21,gasly,alphatauri,São Paulo Grand Prix,interlagos,14
2022,21,albon_2022_21,albon,williams,São Paulo Grand Prix,interlagos,15
2022,21,latifi_2022_21,latifi,williams,São Paulo Grand Prix,interlagos,16
2022,21,tsunoda_2022_21,tsunoda,alphatauri,São Paulo Grand Prix,interlagos,17
2022,22,max_verstappen_2022_22,max_verstappen,red_bull,Abu Dhabi Grand Prix,yas_marina,1
2022,22,leclerc_2022_22,leclerc,ferrari,Abu Dhabi Grand Prix,yas_marina,2
2022,22,perez_2022_22,perez,red_bull,Abu Dhabi Grand Prix,yas_marina,3
2022,22,sainz_2022_22,sainz,ferrari,Abu Dhabi Grand Prix,yas_marina,4
2022,22,russell_2022_22,russell,mercedes,Abu Dhabi Grand Prix,yas_marina,5
2022,22,norris_2022_22,norris,mclaren,Abu Dhabi Grand Prix,yas_marina,6
2022,22,ocon_2022_22,ocon,alpine,Abu Dhabi Grand Prix,yas_marina,7
2022,22,stroll_2022_22,stroll,aston_martin,Abu Dhabi Grand Prix,yas_marina,8
2022,22,ricciardo_2022_22,ricciardo,mclaren,Abu Dhabi Grand Prix,yas_marina,9
2022,22,vettel_2022_22,vettel,aston_martin,Abu Dhabi Grand Prix,yas_marina,10
2022,22,tsunoda_2022_22,tsunoda,alphatauri,Abu Dhabi Grand Prix,yas_marina,11
2022,22,zhou_2022_22,zhou,alfa,Abu Dhabi Grand Prix,yas_marina,12
2022,22,albon_2022_22,albon,williams,Abu Dhabi Grand Prix,yas_marina,13
2022,22,gasly_2022_22,gasly,alphatauri,Abu Dhabi Grand Prix,yas_marina,14
2022,22,bottas_2022_22,bottas,alfa,Abu Dhabi Grand Prix,yas_marina,15
2022,22,mick_schumacher_2022_22,mick_schumacher,haas,Abu Dhabi Grand Prix,yas_marina,16
2022,22,kevin_magnussen_2022_22,kevin_magnussen,haas,Abu Dhabi Grand Prix,yas_marina,17
2023,1,max_verstappen_2023_1,max_verstappen,red_bull,Bahrain Grand Prix,bahrain,1
2023,1,perez_2023_1,perez,red_bull,Bahrain Grand Prix,bahrain,2
2023,1,alonso_2023_1,alonso,aston_martin,Bahrain Grand Prix,bahrain,3
2023,1,sainz_2023_1,sainz,ferrari,Bahrain Grand Prix,bahrain,4
2023,1,hamilton_2023_1,hamilton,mercedes,Bahrain Grand Prix,bahrain,5
2023,1,stroll_2023_1,stroll,aston_martin,Bahrain Grand Prix,bahrain,6
2023,1,russell_2023_1,russell,mercedes,Bahrain Grand Prix,bahrain,7
2023,1,bottas_2023_1,bottas,alfa,Bahrain Grand Prix,bahrain,8
2023,1,gasly_2023_1,gasly,alpine,Bahrain Grand Prix,bahrain,9
2023,1,albon_2023_1,albon,williams,Bahrain Grand Prix,bahrain,10
2023,1,tsunoda_2023_1,tsunoda,alphatauri,Bahrain Grand Prix,bahrain,11
2023,1,sargeant_2023_1,sargeant,williams,Bahrain Grand Prix,bahrain,12
2023,1,kevin_magnussen_2023_1,kevin_magnussen,haas,Bahrain Grand Prix,bahrain,13
2023,1,de_vries_2023_1,de_vries,alphatauri,Bahrain Grand Prix,bahrain,14
2023,1,hulkenberg_2023_1,hulkenberg,haas,Bahrain Grand Prix,bahrain,15
2023,1,zhou_2023_1,zhou,alfa,Bahrain Grand Prix,bahrain,16
2023,1,norris_2023_1,norris,mclaren,Bahrain Grand Prix,bahrain,17
2023,2,perez_2023_2,perez,red_bull,Saudi Arabian Grand Prix,jeddah,1
2023,2,max_verstappen_2023_2,max_verstappen,red_bull,Saudi Arabian Grand Prix,jeddah,2
2023,2,alonso_2023_2,alonso,aston_martin,Saudi Arabian Grand Prix,jeddah,3
2023,2,russell_2023_2,russell,mercedes,Saudi Arabian Grand Prix,jeddah,4
2023,2,hamilton_2023_2,hamilton,mercedes,Saudi Arabian Grand Prix,jeddah,5
2023,2,sainz_2023_2,sainz,ferrari,Saudi Arabian Grand Prix,jeddah,6
2023,2,leclerc_2023_2,leclerc,ferrari,Saudi Arabian Grand Prix,jeddah,7
2023,2,ocon_2023_2,ocon,alpine,Saudi Arabian Grand Prix,jeddah,8
2023,2,gasly_2023_2,gasly,alpine,Saudi Arabian Grand Prix,jeddah,9
2023,2,kevin_magnussen_2023_2,kevin_magnussen,haas,Saudi Arabian Grand Prix,jeddah,10
2023,2,tsunoda_2023_2,tsunoda,alphatauri,Saudi Arabian Grand Prix,jeddah,11
2023,2,hulkenberg_2023_2,hulkenberg,haas,Saudi Arabian Grand Prix,jeddah,12
2023,2,zhou_2023_2,zhou,alfa,Saudi Arabian Grand Prix,jeddah,13
2023,2,de_vries_2023_2,de_vries,alphatauri,Saudi Arabian Grand Prix,jeddah,14
2023,2,piastri_2023_2,piastri,mclaren,Saudi Arabian Grand Prix,jeddah,15
2023,2,sargeant_2023_2,sargeant,williams,Saudi Arabian Grand Prix,jeddah,16
2023,2,norris_2023_2,norris,mclaren,Saudi Arabian Grand Prix,jeddah,17
2023,2,bottas_2023_2,bottas,alfa,Saudi Arabian Grand Prix,jeddah,18
2023,3,max_verstappen_2023_3,max_verstappen,red_bull,Australian Grand Prix,albert_park,1
2023,3,hamilton_2023_3,hamilton,mercedes,Australian Grand Prix,albert_park,2
2023,3,alonso_2023_3,alonso,aston_martin,Australian Grand Prix,albert_park,3
2023,3,stroll_2023_3,stroll,aston_martin,Australian Grand Prix,albert_park,4
2023,3,perez_2023_3,perez,red_bull,Australian Grand Prix,albert_park,5
2023,3,norris_2023_3,norris,mclaren,Australian Grand Prix,albert_park,6
2023,3,hulkenberg_2023_3,hulkenberg,haas,Australian Grand Prix,albert_park,7
2023,3,piastri_2023_3,piastri,mclaren,Australian Grand Prix,albert_park,8
2023,3,zhou_2023_3,zhou,alfa,Australian Grand Prix,albert_park,9
2023,3,tsunoda_2023_3,tsunoda,alphatauri,Australian Grand Prix,albert_park,10
2023,3,bottas_2023_3,bottas,alfa,Australian Grand Prix,albert_park,11
2023,3,sainz_2023_3,sainz,ferrari,Australian Grand Prix,albert_park,12
2023,4,perez_2023_4,perez,red_bull,Azerbaijan Grand Prix,baku,1
2023,4,max_verstappen_2023_4,max_verstappen,red_bull,Azerbaijan Grand Prix,baku,2
2023,4,leclerc_2023_4,leclerc,ferrari,Azerbaijan Grand Prix,baku,3
2023,4,alonso_2023_4,alonso,aston_martin,Azerbaijan Grand Prix,baku,4
2023,4,sainz_2023_4,sainz,ferrari,Azerbaijan Grand Prix,baku,5
2023,4,hamilton_2023_4,hamilton,mercedes,Azerbaijan Grand Prix,baku,6
2023,4,stroll_2023_4,stroll,aston_martin,Azerbaijan Grand Prix,baku,7
2023,4,russell_2023_4,russell,mercedes,Azerbaijan Grand Prix,baku,8
2023,4,norris_2023_4,norris,mclaren,Azerbaijan Grand Prix,baku,9
2023,4,tsunoda_2023_4,tsunoda,alphatauri,Azerbaijan Grand Prix,baku,10
2023,4,piastri_2023_4,piastri,mclaren,Azerbaijan Grand Prix,baku,11
2023,4,albon_2023_4,albon,williams,Azerbaijan Grand Prix,baku,12
2023,4,kevin_magnussen_2023_4,kevin_magnussen,haas,Azerbaijan Grand Prix,baku,13
2023,4,gasly_2023_4,gasly,alpine,Azerbaijan Grand Prix,baku,14
2023,4,ocon_2023_4,ocon,alpine,Azerbaijan Grand Prix,baku,15
2023,4,sargeant_2023_4,sargeant,williams,Azerbaijan Grand Prix,baku,16
2023,4,hulkenberg_2023_4,hulkenberg,haas,Azerbaijan Grand Prix,baku,17
2023,4,bottas_2023_4,bottas,alfa,Azerbaijan Grand Prix,baku,18
2023,5,max_verstappen_2023_5,max_verstappen,red_bull,Miami Grand Prix,miami,1
2023,5,perez_2023_5,perez,red_bull,Miami Grand Prix,miami,2
2023,5,alonso_2023_5,alonso,aston_martin,Miami Grand Prix,miami,3
2023,5,russell_2023_5,russell,mercedes,Miami Grand Prix,miami,4
2023,5,sainz_2023_5,sainz,ferrari,Miami Grand Prix,miami,5
2023,5,hamilton_2023_5,hamilton,mercedes,Miami Grand Prix,miami,6
2023,5,leclerc_2023_5,leclerc,ferrari,Miami Grand Prix,miami,7
2023,5,gasly_2023_5,gasly,alpine,Miami Grand Prix,miami,8
2023,5,ocon_2023_5,ocon,alpine,Miami Grand Prix,miami,9
2023,5,kevin_magnussen_2023_5,kevin_magnussen,haas,Miami Grand Prix,miami,10
2023,5,tsunoda_2023_5,tsunoda,alphatauri,Miami Grand Prix,miami,11
2023,5,stroll_2023_5,stroll,aston_martin,Miami Grand Prix,miami,12
2023,5,bottas_2023_5,bottas,alfa,Miami Grand Prix,miami,13
2023,5,albon_2023_5,albon,williams,Miami Grand Prix,miami,14
2023,5,hulkenberg_2023_5,hulkenberg,haas,Miami Grand Prix,miami,15
2023,5,zhou_2023_5,zhou,alfa,Miami Grand Prix,miami,16
2023,5,norris_2023_5,norris,mclaren,Miami Grand Prix,miami,17
2023,5,de_vries_2023_5,de_vries,alphatauri,Miami Grand Prix,miami,18
2023,5,piastri_2023_5,piastri,mclaren,Miami Grand Prix,miami,19
2023,5,sargeant_2023_5,sargeant,williams,Miami Grand Prix,miami,20
2023,6,max_verstappen_2023_6,max_verstappen,red_bull,Monaco Grand Prix,monaco,1
2023,6,alonso_2023_6,alonso,aston_martin,Monaco Grand Prix,monaco,2
2023,6,ocon_2023_6,ocon,alpine,Monaco Grand Prix,monaco,3
2023,6,hamilton_2023_6,hamilton,mercedes,Monaco Grand Prix,monaco,4
2023,6,russell_2023_6,russell,mercedes,Monaco Grand Prix,monaco,5
2023,6,leclerc_2023_6,leclerc,ferrari,Monaco Grand Prix,monaco,6
2023,6,gasly_2023_6,gasly,alpine,Monaco Grand Prix,monaco,7
2023,6,sainz_2023_6,sainz,ferrari,Monaco Grand Prix,monaco,8
2023,6,norris_2023_6,norris,mclaren,Monaco Grand Prix,monaco,9
2023,6,piastri_2023_6,piastri,mclaren,Monaco Grand Prix,monaco,10
2023,6,bottas_2023_6,bottas,alfa,Monaco Grand Prix,monaco,11
2023,6,de_vries_2023_6,de_vries,alphatauri,Monaco Grand Prix,monaco,12
2023,6,zhou_2023_6,zhou,alfa,Monaco Grand Prix,monaco,13
2023,6,albon_2023_6,albon,williams,Monaco Grand Prix,monaco,14
2023,6,tsunoda_2023_6,tsunoda,alphatauri,Monaco Grand Prix,monaco,15
2023,6,perez_2023_6,perez,red_bull,Monaco Grand Prix,monaco,16
2023,6,hulkenberg_2023_6,hulkenberg,haas,Monaco Grand Prix,monaco,17
2023,6,sargeant_2023_6,sargeant,williams,Monaco Grand Prix,monaco,18
2023,7,max_verstappen_2023_7,max_verstappen,red_bull,Spanish Grand Prix,catalunya,1
2023,7,hamilton_2023_7,hamilton,mercedes,Spanish Grand Prix,catalunya,2
2023,7,russell_2023_7,russell,mercedes,Spanish Grand Prix,catalunya,3
2023,7,perez_2023_7,perez,red_bull,Spanish Grand Prix,catalunya,4
2023,7,sainz_2023_7,sainz,ferrari,Spanish Grand Prix,catalunya,5
2023,7,stroll_2023_7,stroll,aston_martin,Spanish Grand Prix,catalunya,6
2023,7,alonso_2023_7,alonso,aston_martin,Spanish Grand Prix,catalunya,7
2023,7,ocon_2023_7,ocon,alpine,Spanish Grand Prix,catalunya,8
2023,7,zhou_2023_7,zhou,alfa,Spanish Grand Prix,catalunya,9
2023,7,gasly_2023_7,gasly,alpine,Spanish Grand Prix,catalunya,10
2023,7,leclerc_2023_7,leclerc,ferrari,Spanish Grand Prix,catalunya,11
2023,7,tsunoda_2023_7,tsunoda,alphatauri,Spanish Grand Prix,catalunya,12
2023,7,piastri_2023_7,piastri,mclaren,Spanish Grand Prix,catalunya,13
2023,7,de_vries_2023_7,de_vries,alphatauri,Spanish Grand Prix,catalunya,14
2023,7,hulkenberg_2023_7,hulkenberg,haas,Spanish Grand Prix,catalunya,15
2023,7,albon_2023_7,albon,williams,Spanish Grand Prix,catalunya,16
2023,7,norris_2023_7,norris,mclaren,Spanish Grand Prix,catalunya,17
2023,7,kevin_magnussen_2023_7,kevin_magnussen,haas,Spanish Grand Prix,catalunya,18
2023,7,bottas_2023_7,bottas,alfa,Spanish Grand Prix,catalunya,19
2023,7,sargeant_2023_7,sargeant,williams,Spanish Grand Prix,catalunya,20
2023,8,max_verstappen_2023_8,max_verstappen,red_bull,Canadian Grand Prix,villeneuve,1
2023,8,alonso_2023_8,alonso,aston_martin,Canadian Grand Prix,villeneuve,2
2023,8,hamilton_2023_8,hamilton,mercedes,Canadian Grand Prix,villeneuve,3
2023,8,leclerc_2023_8,leclerc,ferrari,Canadian Grand Prix,villeneuve,4
2023,8,sainz_2023_8,sainz,ferrari,Canadian Grand Prix,villeneuve,5
2023,8,perez_2023_8,perez,red_bull,Canadian Grand Prix,villeneuve,6
2023,8,albon_2023_8,albon,williams,Canadian Grand Prix,villeneuve,7
2023,8,ocon_2023_8,ocon,alpine,Canadian Grand Prix,villeneuve,8
2023,8,stroll_2023_8,stroll,aston_martin,Canadian Grand Prix,villeneuve,9
2023,8,bottas_2023_8,bottas,alfa,Canadian Grand Prix,villeneuve,10
2023,8,piastri_2023_8,piastri,mclaren,Canadian Grand Prix,villeneuve,11
2023,8,gasly_2023_8,gasly,alpine,Canadian Grand Prix,villeneuve,12
2023,8,norris_2023_8,norris,mclaren,Canadian Grand Prix,villeneuve,13
2023,8,tsunoda_2023_8,tsunoda,alphatauri,Canadian Grand Prix,villeneuve,14
2023,8,hulkenberg_2023_8,hulkenberg,haas,Canadian Grand Prix,villeneuve,15
2023,8,zhou_2023_8,zhou,alfa,Canadian Grand Prix,villeneuve,16
2023,8,kevin_magnussen_2023_8,kevin_magnussen,haas,Canadian Grand Prix,villeneuve,17
2023,8,de_vries_2023_8,de_vries,alphatauri,Canadian Grand Prix,villeneuve,18
2023,9,max_verstappen_2023_9,max_verstappen,red_bull,Austrian Grand Prix,red_bull_ring,1
2023,9,leclerc_2023_9,leclerc,ferrari,Austrian Grand Prix,red_bull_ring,2
2023,9,perez_2023_9,perez,red_bull,Austrian Grand Prix,red_bull_ring,3
2023,9,norris_2023_9,norris,mclaren,Austrian Grand Prix,red_bull_ring,4
2023,9,alonso_2023_9,alonso,aston_martin,Austrian Grand Prix,red_bull_ring,5
2023,9,sainz_2023_9,sainz,ferrari,Austrian Grand Prix,red_bull_ring,6
2023,9,russell_2023_9,russell,mercedes,Austrian Grand Prix,red_bull_ring,7
2023,9,hamilton_2023_9,hamilton,mercedes,Austrian Grand Prix,red_bull_ring,8
2023,9,stroll_2023_9,stroll,aston_martin,Austrian Grand Prix,red_bull_ring,9
2023,9,gasly_2023_9,gasly,alpine,Austrian Grand Prix,red_bull_ring,10
2023,9,albon_2023_9,albon,williams,Austrian Grand Prix,red_bull_ring,11
2023,9,zhou_2023_9,zhou,alfa,Austrian Grand Prix,red_bull_ring,12
2023,9,sargeant_2023_9,sargeant,williams,Austrian Grand Prix,red_bull_ring,13
2023,9,ocon_2023_9,ocon,alpine,Austrian Grand Prix,red_bull_ring,14
2023,9,bottas_2023_9,bottas,alfa,Austrian Grand Prix,red_bull_ring,15
2023,9,piastri_2023_9,piastri,mclaren,Austrian Grand Prix,red_bull_ring,16
2023,9,de_vries_2023_9,de_vries,alphatauri,Austrian Grand Prix,red_bull_ring,17
2023,9,kevin_magnussen_2023_9,kevin_magnussen,haas,Austrian Grand Prix,red_bull_ring,18
2023,9,tsunoda_2023_9,tsunoda,alphatauri,Austrian Grand Prix,red_bull_ring,19
2023,10,max_verstappen_2023_10,max_verstappen,red_bull,British Grand Prix,silverstone,1
2023,10,norris_2023_10,norris,mclaren,British Grand Prix,silverstone,2
2023,10,hamilton_2023_10,hamilton,mercedes,British Grand Prix,silverstone,3
2023,10,piastri_2023_10,piastri,mclaren,British Grand Prix,silverstone,4
2023,10,russell_2023_10,russell,mercedes,British Grand Prix,silverstone,5
2023,10,perez_2023_10,perez,red_bull,British Grand Prix,silverstone,6
2023,10,alonso_2023_10,alonso,aston_martin,British Grand Prix,silverstone,7
2023,10,albon_2023_10,albon,williams,British Grand Prix,silverstone,8
2023,10,leclerc_2023_10,leclerc,ferrari,British Grand Prix,silverstone,9
2023,10,sainz_2023_10,sainz,ferrari,British Grand Prix,silverstone,10
2023,10,sargeant_2023_10,sargeant,williams,British Grand Prix,silverstone,11
2023,10,bottas_2023_10,bottas,alfa,British Grand Prix,silverstone,12
2023,10,hulkenberg_2023_10,hulkenberg,haas,British Grand Prix,silverstone,13
2023,10,stroll_2023_10,stroll,aston_martin,British Grand Prix,silverstone,14
2023,10,zhou_2023_10,zhou,alfa,British Grand Prix,silverstone,15
2023,10,tsunoda_2023_10,tsunoda,alphatauri,British Grand Prix,silverstone,16
2023,10,de_vries_2023_10,de_vries,alphatauri,British Grand Prix,silverstone,17
2023,11,max_verstappen_2023_11,max_verstappen,red_bull,Hungarian Grand Prix,hungaroring,1
2023,11,norris_2023_11,norris,mclaren,Hungarian Grand Prix,hungaroring,2
2023,11,perez_2023_11,perez,red_bull,Hungarian Grand Prix,hungaroring,3
2023,11,hamilton_2023_11,hamilton,mercedes,Hungarian Grand Prix,hungaroring,4
2023,11,piastri_2023_11,piastri,mclaren,Hungarian Grand Prix,hungaroring,5
2023,11,russell_2023_11,russell,mercedes,Hungarian Grand Prix,hungaroring,6
2023,11,leclerc_2023_11,leclerc,ferrari,Hungarian Grand Prix,hungaroring,7
2023,11,sainz_2023_11,sainz,ferrari,Hungarian Grand Prix,hungaroring,8
2023,11,alonso_2023_11,alonso,aston_martin,Hungarian Grand Prix,hungaroring,9
2023,11,stroll_2023_11,stroll,aston_martin,Hungarian Grand Prix,hungaroring,10
2023,11,albon_2023_11,albon,williams,Hungarian Grand Prix,hungaroring,11
2023,11,bottas_2023_11,bottas,alfa,Hungarian Grand Prix,hungaroring,12
2023,11,ricciardo_2023_11,ricciardo,alphatauri,Hungarian Grand Prix,hungaroring,13
2023,11,hulkenberg_2023_11,hulkenberg,haas,Hungarian Grand Prix,hungaroring,14
2023,11,tsunoda_2023_11,tsunoda,alphatauri,Hungarian Grand Prix,hungaroring,15
2023,11,zhou_2023_11,zhou,alfa,Hungarian Grand Prix,hungaroring,16
2023,11,kevin_magnussen_2023_11,kevin_magnussen,haas,Hungarian Grand Prix,hungaroring,17
2023,12,max_verstappen_2023_12,max_verstappen,red_bull,Belgian Grand Prix,spa,1
2023,12,perez_2023_12,perez,red_bull,Belgian Grand Prix,spa,2
2023,12,leclerc_2023_12,leclerc,ferrari,Belgian Grand Prix,spa,3
2023,12,hamilton_2023_12,hamilton,mercedes,Belgian Grand Prix,spa,4
2023,12,alonso_2023_12,alonso,aston_martin,Belgian Grand Prix,spa,5
2023,12,russell_2023_12,russell,mercedes,Belgian Grand Prix,spa,6
2023,12,norris_2023_12,norris,mclaren,Belgian Grand Prix,spa,7
2023,12,ocon_2023_12,ocon,alpine,Belgian Grand Prix,spa,8
2023,12,stroll_2023_12,stroll,aston_martin,Belgian Grand Prix,spa,9
2023,12,tsunoda_2023_12,tsunoda,alphatauri,Belgian Grand Prix,spa,10
2023,12,gasly_2023_12,gasly,alpine,Belgian Grand Prix,spa,11
2023,12,bottas_2023_12,bottas,alfa,Belgian Grand Prix,spa,12
2023,12,zhou_2023_12,zhou,alfa,Belgian Grand Prix,spa,13
2023,12,albon_2023_12,albon,williams,Belgian Grand Prix,spa,14
2023,12,kevin_magnussen_2023_12,kevin_magnussen,haas,Belgian Grand Prix,spa,15
2023,12,ricciardo_2023_12,ricciardo,alphatauri,Belgian Grand Prix,spa,16
2023,12,sargeant_2023_12,sargeant,williams,Belgian Grand Prix,spa,17
2023,12,hulkenberg_2023_12,hulkenberg,haas,Belgian Grand Prix,spa,18
2023,13,max_verstappen_2023_13,max_verstappen,red_bull,Dutch Grand Prix,zandvoort,1
2023,13,alonso_2023_13,alonso,aston_martin,Dutch Grand Prix,zandvoort,2
2023,13,gasly_2023_13,gasly,alpine,Dutch Grand Prix,zandvoort,3
2023,13,perez_2023_13,perez,red_bull,Dutch Grand Prix,zandvoort,4
2023,13,sainz_2023_13,sainz,ferrari,Dutch Grand Prix,zandvoort,5
2023,13,hamilton_2023_13,hamilton,mercedes,Dutch Grand Prix,zandvoort,6
2023,13,norris_2023_13,norris,mclaren,Dutch Grand Prix,zandvoort,7
2023,13,albon_2023_13,albon,williams,Dutch Grand Prix,zandvoort,8
2023,13,piastri_2023_13,piastri,mclaren,Dutch Grand Prix,zandvoort,9
2023,13,ocon_2023_13,ocon,alpine,Dutch Grand Prix,zandvoort,10
2023,13,stroll_2023_13,stroll,aston_martin,Dutch Grand Prix,zandvoort,11
2023,13,hulkenberg_2023_13,hulkenberg,haas,Dutch Grand Prix,zandvoort,12
2023,13,lawson_2023_13,lawson,alphatauri,Dutch Grand Prix,zandvoort,13
2023,13,bottas_2023_13,bottas,alfa,Dutch Grand Prix,zandvoort,14
2023,13,tsunoda_2023_13,tsunoda,alphatauri,Dutch Grand Prix,zandvoort,15
2023,13,kevin_magnussen_2023_13,kevin_magnussen,haas,Dutch Grand Prix,zandvoort,16
2023,13,russell_2023_13,russell,mercedes,Dutch Grand Prix,zandvoort,17
2023,14,max_verstappen_2023_14,max_verstappen,red_bull,Italian Grand Prix,monza,1
2023,14,perez_2023_14,perez,red_bull,Italian Grand Prix,monza,2
2023,14,sainz_2023_14,sainz,ferrari,Italian Grand Prix,monza,3
2023,14,leclerc_2023_14,leclerc,ferrari,Italian Grand Prix,monza,4
2023,14,russell_2023_14,russell,mercedes,Italian Grand Prix,monza,5
2023,14,hamilton_2023_14,hamilton,mercedes,Italian Grand Prix,monza,6
2023,14,albon_2023_14,albon,williams,Italian Grand Prix,monza,7
2023,14,norris_2023_14,norris,mclaren,Italian Grand Prix,monza,8
2023,14,alonso_2023_14,alonso,aston_martin,Italian Grand Prix,monza,9
2023,14,bottas_2023_14,bottas,alfa,Italian Grand Prix,monza,10
2023,14,lawson_2023_14,lawson,alphatauri,Italian Grand Prix,monza,11
2023,14,piastri_2023_14,piastri,mclaren,Italian Grand Prix,monza,12
2023,14,sargeant_2023_14,sargeant,williams,Italian Grand Prix,monza,13
2023,14,zhou_2023_14,zhou,alfa,Italian Grand Prix,monza,14
2023,14,gasly_2023_14,gasly,alpine,Italian Grand Prix,monza,15
2023,14,stroll_2023_14,stroll,aston_martin,Italian Grand Prix,monza,16
2023,14,hulkenberg_2023_14,hulkenberg,haas,Italian Grand Prix,monza,17
2023,14,kevin_magnussen_2023_14,kevin_magnussen,haas,Italian Grand Prix,monza,18
2023,15,sainz_2023_15,sainz,ferrari,Singapore Grand Prix,marina_bay,1
2023,15,norris_2023_15,norris,mclaren,Singapore Grand Prix,marina_bay,2
2023,15,hamilton_2023_15,hamilton,mercedes,Singapore Grand Prix,marina_bay,3
2023,15,leclerc_2023_15,leclerc,ferrari,Singapore Grand Prix,marina_bay,4
2023,15,max_verstappen_2023_15,max_verstappen,red_bull,Singapore Grand Prix,marina_bay,5
2023,15,gasly_2023_15,gasly,alpine,Singapore Grand Prix,marina_bay,6
2023,15,piastri_2023_15,piastri,mclaren,Singapore Grand Prix,marina_bay,7
2023,15,perez_2023_15,perez,red_bull,Singapore Grand Prix,marina_bay,8
2023,15,lawson_2023_15,lawson,alphatauri,Singapore Grand Prix,marina_bay,9
2023,15,kevin_magnussen_2023_15,kevin_magnussen,haas,Singapore Grand Prix,marina_bay,10
2023,15,albon_2023_15,albon,williams,Singapore Grand Prix,marina_bay,11
2023,15,zhou_2023_15,zhou,alfa,Singapore Grand Prix,marina_bay,12
2023,15,hulkenberg_2023_15,hulkenberg,haas,Singapore Grand Prix,marina_bay,13
2023,15,sargeant_2023_15,sargeant,williams,Singapore Grand Prix,marina_bay,14
2023,15,alonso_2023_15,alonso,aston_martin,Singapore Grand Prix,marina_bay,15
2023,16,max_verstappen_2023_16,max_verstappen,red_bull,Japanese Grand Prix,suzuka,1
2023,16,norris_2023_16,norris,mclaren,Japanese Grand Prix,suzuka,2
2023,16,piastri_2023_16,piastri,mclaren,Japanese Grand Prix,suzuka,3
2023,16,leclerc_2023_16,leclerc,ferrari,Japanese Grand Prix,suzuka,4
2023,16,hamilton_2023_16,hamilton,mercedes,Japanese Grand Prix,suzuka,5
2023,16,sainz_2023_16,sainz,ferrari,Japanese Grand Prix,suzuka,6
2023,16,russell_2023_16,russell,mercedes,Japanese Grand Prix,suzuka,7
2023,16,alonso_2023_16,alonso,aston_martin,Japanese Grand Prix,suzuka,8
2023,16,ocon_2023_16,ocon,alpine,Japanese Grand Prix,suzuka,9
2023,16,gasly_2023_16,gasly,alpine,Japanese Grand Prix,suzuka,10
2023,16,lawson_2023_16,lawson,alphatauri,Japanese Grand Prix,suzuka,11
2023,16,tsunoda_2023_16,tsunoda,alphatauri,Japanese Grand Prix,suzuka,12
2023,16,zhou_2023_16,zhou,alfa,Japanese Grand Prix,suzuka,13
2023,16,hulkenberg_2023_16,hulkenberg,haas,Japanese Grand Prix,suzuka,14
2023,16,kevin_magnussen_2023_16,kevin_magnussen,haas,Japanese Grand Prix,suzuka,15
2023,17,max_verstappen_2023_17,max_verstappen,red_bull,Qatar Grand Prix,losail,1
2023,17,piastri_2023_17,piastri,mclaren,Qatar Grand Prix,losail,2
2023,17,norris_2023_17,norris,mclaren,Qatar Grand Prix,losail,3
2023,17,russell_2023_17,russell,mercedes,Qatar Grand Prix,losail,4
2023,17,leclerc_2023_17,leclerc,ferrari,Qatar Grand Prix,losail,5
2023,17,alonso_2023_17,alonso,aston_martin,Qatar Grand Prix,losail,6
2023,17,ocon_2023_17,ocon,alpine,Qatar Grand Prix,losail,7
2023,17,bottas_2023_17,bottas,alfa,Qatar Grand Prix,losail,8
2023,17,zhou_2023_17,zhou,alfa,Qatar Grand Prix,losail,9
2023,17,perez_2023_17,perez,red_bull,Qatar Grand Prix,losail,10
2023,17,stroll_2023_17,stroll,aston_martin,Qatar Grand Prix,losail,11
2023,17,gasly_2023_17,gasly,alpine,Qatar Grand Prix,losail,12
2023,17,albon_2023_17,albon,williams,Qatar Grand Prix,losail,13
2023,17,kevin_magnussen_2023_17,kevin_magnussen,haas,Qatar Grand Prix,losail,14
2023,17,tsunoda_2023_17,tsunoda,alphatauri,Qatar Grand Prix,losail,15
2023,17,hulkenberg_2023_17,hulkenberg,haas,Qatar Grand Prix,losail,16
2023,17,lawson_2023_17,lawson,alphatauri,Qatar Grand Prix,losail,17
2023,18,max_verstappen_2023_18,max_verstappen,red_bull,United States Grand Prix,americas,1
2023,18,norris_2023_18,norris,mclaren,United States Grand Prix,americas,2
2023,18,sainz_2023_18,sainz,ferrari,United States Grand Prix,americas,3
2023,18,perez_2023_18,perez,red_bull,United States Grand Prix,americas,4
2023,18,russell_2023_18,russell,mercedes,United States Grand Prix,americas,5
2023,18,gasly_2023_18,gasly,alpine,United States Grand Prix,americas,6
2023,18,stroll_2023_18,stroll,aston_martin,United States Grand Prix,americas,7
2023,18,tsunoda_2023_18,tsunoda,alphatauri,United States Grand Prix,americas,8
2023,18,albon_2023_18,albon,williams,United States Grand Prix,americas,9
2023,18,sargeant_2023_18,sargeant,williams,United States Grand Prix,americas,10
2023,18,hulkenberg_2023_18,hulkenberg,haas,United States Grand Prix,americas,11
2023,18,bottas_2023_18,bottas,alfa,United States Grand Prix,americas,12
2023,18,zhou_2023_18,zhou,alfa,United States Grand Prix,americas,13
2023,18,kevin_magnussen_2023_18,kevin_magnussen,haas,United States Grand Prix,americas,14
2023,18,ricciardo_2023_18,ricciardo,alphatauri,United States Grand Prix,americas,15
2023,19,max_verstappen_2023_19,max_verstappen,red_bull,Mexico City Grand Prix,rodriguez,1
2023,19,hamilton_2023_19,hamilton,mercedes,Mexico City Grand Prix,rodriguez,2
2023,19,leclerc_2023_19,leclerc,ferrari,Mexico City Grand Prix,rodriguez,3
2023,19,sainz_2023_19,sainz,ferrari,Mexico City Grand Prix,rodriguez,4
2023,19,norris_2023_19,norris,mclaren,Mexico City Grand Prix,rodriguez,5
2023,19,russell_2023_19,russell,mercedes,Mexico City Grand Prix,rodriguez,6
2023,19,ricciardo_2023_19,ricciardo,alphatauri,Mexico City Grand Prix,rodriguez,7
2023,19,piastri_2023_19,piastri,mclaren,Mexico City Grand Prix,rodriguez,8
2023,19,albon_2023_19,albon,williams,Mexico City Grand Prix,rodriguez,9
2023,19,ocon_2023_19,ocon,alpine,Mexico City Grand Prix,rodriguez,10
2023,19,gasly_2023_19,gasly,alpine,Mexico City Grand Prix,rodriguez,11
2023,19,tsunoda_2023_19,tsunoda,alphatauri,Mexico City Grand Prix,rodriguez,12
2023,19,hulkenberg_2023_19,hulkenberg,haas,Mexico City Grand Prix,rodriguez,13
2023,19,zhou_2023_19,zhou,alfa,Mexico City Grand Prix,rodriguez,14
2023,19,bottas_2023_19,bottas,alfa,Mexico City Grand Prix,rodriguez,15
2023,20,max_verstappen_2023_20,max_verstappen,red_bull,São Paulo Grand Prix,interlagos,1
2023,20,norris_2023_20,norris,mclaren,São Paulo Grand Prix,interlagos,2
2023,20,alonso_2023_20,alonso,aston_martin,São Paulo Grand Prix,interlagos,3
2023,20,perez_2023_20,perez,red_bull,São Paulo Grand Prix,interlagos,4
2023,20,stroll_2023_20,stroll,aston_martin,São Paulo Grand Prix,interlagos,5
2023,20,sainz_2023_20,sainz,ferrari,São Paulo Grand Prix,interlagos,6
2023,20,gasly_2023_20,gasly,alpine,São Paulo Grand Prix,interlagos,7
2023,20,hamilton_2023_20,hamilton,mercedes,São Paulo Grand Prix,interlagos,8
2023,20,tsunoda_2023_20,tsunoda,alphatauri,São Paulo Grand Prix,interlagos,9
2023,20,ocon_2023_20,ocon,alpine,São Paulo Grand Prix,interlagos,10
2023,20,sargeant_2023_20,sargeant,williams,São Paulo Grand Prix,interlagos,11
2023,20,hulkenberg_2023_20,hulkenberg,haas,São Paulo Grand Prix,interlagos,12
2023,20,ricciardo_2023_20,ricciardo,alphatauri,São Paulo Grand Prix,interlagos,13
2023,20,piastri_2023_20,piastri,mclaren,São Paulo Grand Prix,interlagos,14
2023,21,max_verstappen_2023_21,max_verstappen,red_bull,Las Vegas Grand Prix,las_vegas,1
2023,21,leclerc_2023_21,leclerc,ferrari,Las Vegas Grand Prix,las_vegas,2
2023,21,perez_2023_21,perez,red_bull,Las Vegas Grand Prix,las_vegas,3
2023,21,ocon_2023_21,ocon,alpine,Las Vegas Grand Prix,las_vegas,4
2023,21,stroll_2023_21,stroll,aston_martin,Las Vegas Grand Prix,las_vegas,5
2023,21,sainz_2023_21,sainz,ferrari,Las Vegas Grand Prix,las_vegas,6
2023,21,hamilton_2023_21,hamilton,mercedes,Las Vegas Grand Prix,las_vegas,7
2023,21,russell_2023_21,russell,mercedes,Las Vegas Grand Prix,las_vegas,8
2023,21,alonso_2023_21,alonso,aston_martin,Las Vegas Grand Prix,las_vegas,9
2023,21,piastri_2023_21,piastri,mclaren,Las Vegas Grand Prix,las_vegas,10
2023,21,gasly_2023_21,gasly,alpine,Las Vegas Grand Prix,las_vegas,11
2023,21,albon_2023_21,albon,williams,Las Vegas Grand Prix,las_vegas,12
2023,21,kevin_magnussen_2023_21,kevin_magnussen,haas,Las Vegas Grand Prix,las_vegas,13
2023,21,ricciardo_2023_21,ricciardo,alphatauri,Las Vegas Grand Prix,las_vegas,14
2023,21,zhou_2023_21,zhou,alfa,Las Vegas Grand Prix,las_vegas,15
2023,21,sargeant_2023_21,sargeant,williams,Las Vegas Grand Prix,las_vegas,16
2023,21,bottas_2023_21,bottas,alfa,Las Vegas Grand Prix,las_vegas,17
2023,22,max_verstappen_2023_22,max_verstappen,red_bull,Abu Dhabi Grand Prix,yas_marina,1
2023,22,leclerc_2023_22,leclerc,ferrari,Abu Dhabi Grand Prix,yas_marina,2
2023,22,russell_2023_22,russell,mercedes,Abu Dhabi Grand Prix,yas_marina,3
2023,22,perez_2023_22,perez,red_bull,Abu Dhabi Grand Prix,yas_marina,4
2023,22,norris_2023_22,norris,mclaren,Abu Dhabi Grand Prix,yas_marina,5
2023,22,piastri_2023_22,piastri,mclaren,Abu Dhabi Grand Prix,yas_marina,6
2023,22,alonso_2023_22,alonso,aston_martin,Abu Dhabi Grand Prix,yas_marina,7
2023,22,tsunoda_2023_22,tsunoda,alphatauri,Abu Dhabi Grand Prix,yas_marina,8
2023,22,hamilton_2023_22,hamilton,mercedes,Abu Dhabi Grand Prix,yas_marina,9
2023,22,stroll_2023_22,stroll,aston_martin,Abu Dhabi Grand Prix,yas_marina,10
2023,22,ricciardo_2023_22,ricciardo,alphatauri,Abu Dhabi Grand Prix,yas_marina,11
2023,22,ocon_2023_22,ocon,alpine,Abu Dhabi Grand Prix,yas_marina,12
2023,22,gasly_2023_22,gasly,alpine,Abu Dhabi Grand Prix,yas_marina,13
2023,22,albon_2023_22,albon,williams,Abu Dhabi Grand Prix,yas_marina,14
2023,22,hulkenberg_2023_22,hulkenberg,haas,Abu Dhabi Grand Prix,yas_marina,15
2023,22,sargeant_2023_22,sargeant,williams,Abu Dhabi Grand Prix,yas_marina,16
2023,22,zhou_2023_22,zhou,alfa,Abu Dhabi Grand Prix,yas_marina,17
2023,22,bottas_2023_22,bottas,alfa,Abu Dhabi Grand Prix,yas_marina,19
2023,22,kevin_magnussen_2023_22,kevin_magnussen,haas,Abu Dhabi Grand Prix,yas_marina,20
2024,1,max_verstappen_2024_1,max_verstappen,red_bull,Bahrain Grand Prix,bahrain,1
2024,1,perez_2024_1,perez,red_bull,Bahrain Grand Prix,bahrain,2
2024,1,sainz_2024_1,sainz,ferrari,Bahrain Grand Prix,bahrain,3
2024,1,leclerc_2024_1,leclerc,ferrari,Bahrain Grand Prix,bahrain,4
2024,1,russell_2024_1,russell,mercedes,Bahrain Grand Prix,bahrain,5
2024,1,norris_2024_1,norris,mclaren,Bahrain Grand Prix,bahrain,6
2024,1,hamilton_2024_1,hamilton,mercedes,Bahrain Grand Prix,bahrain,7
2024,1,piastri_2024_1,piastri,mclaren,Bahrain Grand Prix,bahrain,8
2024,1,alonso_2024_1,alonso,aston_martin,Bahrain Grand Prix,bahrain,9
2024,1,stroll_2024_1,stroll,aston_martin,Bahrain Grand Prix,bahrain,10
2024,1,zhou_2024_1,zhou,sauber,Bahrain Grand Prix,bahrain,11
2024,1,kevin_magnussen_2024_1,kevin_magnussen,haas,Bahrain Grand Prix,bahrain,12
2024,1,ricciardo_2024_1,ricciardo,rb,Bahrain Grand Prix,bahrain,13
2024,1,tsunoda_2024_1,tsunoda,rb,Bahrain Grand Prix,bahrain,14
2024,1,albon_2024_1,albon,williams,Bahrain Grand Prix,bahrain,15
2024,1,hulkenberg_2024_1,hulkenberg,haas,Bahrain Grand Prix,bahrain,16
2024,1,ocon_2024_1,ocon,alpine,Bahrain Grand Prix,bahrain,17
2024,1,gasly_2024_1,gasly,alpine,Bahrain Grand Prix,bahrain,18
2024,1,bottas_2024_1,bottas,sauber,Bahrain Grand Prix,bahrain,19
2024,1,sargeant_2024_1,sargeant,williams,Bahrain Grand Prix,bahrain,20
2024,2,max_verstappen_2024_2,max_verstappen,red_bull,Saudi Arabian Grand Prix,jeddah,1
2024,2,perez_2024_2,perez,red_bull,Saudi Arabian Grand Prix,jeddah,2
2024,2,leclerc_2024_2,leclerc,ferrari,Saudi Arabian Grand Prix,jeddah,3
2024,2,piastri_2024_2,piastri,mclaren,Saudi Arabian Grand Prix,jeddah,4
2024,2,alonso_2024_2,alonso,aston_martin,Saudi Arabian Grand Prix,jeddah,5
2024,2,russell_2024_2,russell,mercedes,Saudi Arabian Grand Prix,jeddah,6
2024,2,bearman_2024_2,bearman,ferrari,Saudi Arabian Grand Prix,jeddah,7
2024,2,norris_2024_2,norris,mclaren,Saudi Arabian Grand Prix,jeddah,8
2024,2,hamilton_2024_2,hamilton,mercedes,Saudi Arabian Grand Prix,jeddah,9
2024,2,hulkenberg_2024_2,hulkenberg,haas,Saudi Arabian Grand Prix,jeddah,10
2024,2,albon_2024_2,albon,williams,Saudi Arabian Grand Prix,jeddah,11
2024,2,kevin_magnussen_2024_2,kevin_magnussen,haas,Saudi Arabian Grand Prix,jeddah,12
2024,2,ocon_2024_2,ocon,alpine,Saudi Arabian Grand Prix,jeddah,13
2024,2,sargeant_2024_2,sargeant,williams,Saudi Arabian Grand Prix,jeddah,14
2024,2,tsunoda_2024_2,tsunoda,rb,Saudi Arabian Grand Prix,jeddah,15
2024,2,ricciardo_2024_2,ricciardo,rb,Saudi Arabian Grand Prix,jeddah,16
2024,2,bottas_2024_2,bottas,sauber,Saudi Arabian Grand Prix,jeddah,17
2024,2,zhou_2024_2,zhou,sauber,Saudi Arabian Grand Prix,jeddah,18
2024,3,sainz_2024_3,sainz,ferrari,Australian Grand Prix,albert_park,1
2024,3,leclerc_2024_3,leclerc,ferrari,Australian Grand Prix,albert_park,2
2024,3,norris_2024_3,norris,mclaren,Australian Grand Prix,albert_park,3
2024,3,piastri_2024_3,piastri,mclaren,Australian Grand Prix,albert_park,4
2024,3,perez_2024_3,perez,red_bull,Australian Grand Prix,albert_park,5
2024,3,stroll_2024_3,stroll,aston_martin,Australian Grand Prix,albert_park,6
2024,3,tsunoda_2024_3,tsunoda,rb,Australian Grand Prix,albert_park,7
2024,3,alonso_2024_3,alonso,aston_martin,Australian Grand Prix,albert_park,8
2024,3,hulkenberg_2024_3,hulkenberg,haas,Australian Grand Prix,albert_park,9
2024,3,kevin_magnussen_2024_3,kevin_magnussen,haas,Australian Grand Prix,albert_park,10
2024,3,albon_2024_3,albon,williams,Australian Grand Prix,albert_park,11
2024,3,ricciardo_2024_3,ricciardo,rb,Australian Grand Prix,albert_park,12
2024,3,gasly_2024_3,gasly,alpine,Australian Grand Prix,albert_park,13
2024,3,bottas_2024_3,bottas,sauber,Australian Grand Prix,albert_park,14
2024,3,zhou_2024_3,zhou,sauber,Australian Grand Prix,albert_park,15
2024,3,ocon_2024_3,ocon,alpine,Australian Grand Prix,albert_park,16
2024,4,max_verstappen_2024_4,max_verstappen,red_bull,Japanese Grand Prix,suzuka,1
2024,4,perez_2024_4,perez,red_bull,Japanese Grand Prix,suzuka,2
2024,4,sainz_2024_4,sainz,ferrari,Japanese Grand Prix,suzuka,3
2024,4,leclerc_2024_4,leclerc,ferrari,Japanese Grand Prix,suzuka,4
2024,4,norris_2024_4,norris,mclaren,Japanese Grand Prix,suzuka,5
2024,4,alonso_2024_4,alonso,aston_martin,Japanese Grand Prix,suzuka,6
2024,4,russell_2024_4,russell,mercedes,Japanese Grand Prix,suzuka,7
2024,4,piastri_2024_4,piastri,mclaren,Japanese Grand Prix,suzuka,8
2024,4,hamilton_2024_4,hamilton,mercedes,Japanese Grand Prix,suzuka,9
2024,4,tsunoda_2024_4,tsunoda,rb,Japanese Grand Prix,suzuka,10
2024,4,hulkenberg_2024_4,hulkenberg,haas,Japanese Grand Prix,suzuka,11
2024,4,stroll_2024_4,stroll,aston_martin,Japanese Grand Prix,suzuka,12
2024,4,kevin_magnussen_2024_4,kevin_magnussen,haas,Japanese Grand Prix,suzuka,13
2024,4,bottas_2024_4,bottas,sauber,Japanese Grand Prix,suzuka,14
2024,4,ocon_2024_4,ocon,alpine,Japanese Grand Prix,suzuka,15
2024,4,gasly_2024_4,gasly,alpine,Japanese Grand Prix,suzuka,16
2024,4,sargeant_2024_4,sargeant,williams,Japanese Grand Prix,suzuka,17
2024,5,max_verstappen_2024_5,max_verstappen,red_bull,Chinese Grand Prix,shanghai,1
2024,5,norris_2024_5,norris,mclaren,Chinese Grand Prix,shanghai,2
2024,5,perez_2024_5,perez,red_bull,Chinese Grand Prix,shanghai,3
2024,5,leclerc_2024_5,leclerc,ferrari,Chinese Grand Prix,shanghai,4
2024,5,sainz_2024_5,sainz,ferrari,Chinese Grand Prix,shanghai,5
2024,5,russell_2024_5,russell,mercedes,Chinese Grand Prix,shanghai,6
2024,5,alonso_2024_5,alonso,aston_martin,Chinese Grand Prix,shanghai,7
2024,5,piastri_2024_5,piastri,mclaren,Chinese Grand Prix,shanghai,8
2024,5,hamilton_2024_5,hamilton,mercedes,Chinese Grand Prix,shanghai,9
2024,5,hulkenberg_2024_5,hulkenberg,haas,Chinese Grand Prix,shanghai,10
2024,5,ocon_2024_5,ocon,alpine,Chinese Grand Prix,shanghai,11
2024,5,albon_2024_5,albon,williams,Chinese Grand Prix,shanghai,12
2024,5,gasly_2024_5,gasly,alpine,Chinese Grand Prix,shanghai,13
2024,5,zhou_2024_5,zhou,sauber,Chinese Grand Prix,shanghai,14
2024,5,stroll_2024_5,stroll,aston_martin,Chinese Grand Prix,shanghai,15
2024,5,kevin_magnussen_2024_5,kevin_magnussen,haas,Chinese Grand Prix,shanghai,16
2024,5,sargeant_2024_5,sargeant,williams,Chinese Grand Prix,shanghai,17
2024,6,norris_2024_6,norris,mclaren,Miami Grand Prix,miami,1
2024,6,max_verstappen_2024_6,max_verstappen,red_bull,Miami Grand Prix,miami,2
2024,6,leclerc_2024_6,leclerc,ferrari,Miami Grand Prix,miami,3
2024,6,perez_2024_6,perez,red_bull,Miami Grand Prix,miami,4
2024,6,sainz_2024_6,sainz,ferrari,Miami Grand Prix,miami,5
2024,6,hamilton_2024_6,hamilton,mercedes,Miami Grand Prix,miami,6
2024,6,tsunoda_2024_6,tsunoda,rb,Miami Grand Prix,miami,7
2024,6,russell_2024_6,russell,mercedes,Miami Grand Prix,miami,8
2024,6,alonso_2024_6,alonso,aston_martin,Miami Grand Prix,miami,9
2024,6,ocon_2024_6,ocon,alpine,Miami Grand Prix,miami,10
2024,6,hulkenberg_2024_6,hulkenberg,haas,Miami Grand Prix,miami,11
2024,6,gasly_2024_6,gasly,alpine,Miami Grand Prix,miami,12
2024,6,piastri_2024_6,piastri,mclaren,Miami Grand Prix,miami,13
2024,6,zhou_2024_6,zhou,sauber,Miami Grand Prix,miami,14
2024,6,ricciardo_2024_6,ricciardo,rb,Miami Grand Prix,miami,15
2024,6,bottas_2024_6,bottas,sauber,Miami Grand Prix,miami,16
2024,6,stroll_2024_6,stroll,aston_martin,Miami Grand Prix,miami,17
2024,6,albon_2024_6,albon,williams,Miami Grand Prix,miami,18
2024,6,kevin_magnussen_2024_6,kevin_magnussen,haas,Miami Grand Prix,miami,19
2024,7,max_verstappen_2024_7,max_verstappen,red_bull,Emilia Romagna Grand Prix,imola,1
2024,7,norris_2024_7,norris,mclaren,Emilia Romagna Grand Prix,imola,2
2024,7,leclerc_2024_7,leclerc,ferrari,Emilia Romagna Grand Prix,imola,3
2024,7,piastri_2024_7,piastri,mclaren,Emilia Romagna Grand Prix,imola,4
2024,7,sainz_2024_7,sainz,ferrari,Emilia Romagna Grand Prix,imola,5
2024,7,hamilton_2024_7,hamilton,mercedes,Emilia Romagna Grand Prix,imola,6
2024,7,russell_2024_7,russell,mercedes,Emilia Romagna Grand Prix,imola,7
2024,7,perez_2024_7,perez,red_bull,Emilia Romagna Grand Prix,imola,8
2024,7,stroll_2024_7,stroll,aston_martin,Emilia Romagna Grand Prix,imola,9
2024,7,tsunoda_2024_7,tsunoda,rb,Emilia Romagna Grand Prix,imola,10
2024,7,hulkenberg_2024_7,hulkenberg,haas,Emilia Romagna Grand Prix,imola,11
2024,7,kevin_magnussen_2024_7,kevin_magnussen,haas,Emilia Romagna Grand Prix,imola,12
2024,7,ricciardo_2024_7,ricciardo,rb,Emilia Romagna Grand Prix,imola,13
2024,7,ocon_2024_7,ocon,alpine,Emilia Romagna Grand Prix,imola,14
2024,7,zhou_2024_7,zhou,sauber,Emilia Romagna Grand Prix,imola,15
2024,7,gasly_2024_7,gasly,alpine,Emilia Romagna Grand Prix,imola,16
2024,7,sargeant_2024_7,sargeant,williams,Emilia Romagna Grand Prix,imola,17
2024,7,bottas_2024_7,bottas,sauber,Emilia Romagna Grand Prix,imola,18
2024,7,alonso_2024_7,alonso,aston_martin,Emilia Romagna Grand Prix,imola,19
2024,8,leclerc_2024_8,leclerc,ferrari,Monaco Grand Prix,monaco,1
2024,8,piastri_2024_8,piastri,mclaren,Monaco Grand Prix,monaco,2
2024,8,sainz_2024_8,sainz,ferrari,Monaco Grand Prix,monaco,3
2024,8,norris_2024_8,norris,mclaren,Monaco Grand Prix,monaco,4
2024,8,russell_2024_8,russell,mercedes,Monaco Grand Prix,monaco,5
2024,8,max_verstappen_2024_8,max_verstappen,red_bull,Monaco Grand Prix,monaco,6
2024,8,hamilton_2024_8,hamilton,mercedes,Monaco Grand Prix,monaco,7
2024,8,tsunoda_2024_8,tsunoda,rb,Monaco Grand Prix,monaco,8
2024,8,albon_2024_8,albon,williams,Monaco Grand Prix,monaco,9
2024,8,gasly_2024_8,gasly,alpine,Monaco Grand Prix,monaco,10
2024,8,alonso_2024_8,alonso,aston_martin,Monaco Grand Prix,monaco,11
2024,8,ricciardo_2024_8,ricciardo,rb,Monaco Grand Prix,monaco,12
2024,8,bottas_2024_8,bottas,sauber,Monaco Grand Prix,monaco,13
2024,8,stroll_2024_8,stroll,aston_martin,Monaco Grand Prix,monaco,14
2024,8,sargeant_2024_8,sargeant,williams,Monaco Grand Prix,monaco,15
2024,8,zhou_2024_8,zhou,sauber,Monaco Grand Prix,monaco,16
2024,9,max_verstappen_2024_9,max_verstappen,red_bull,Canadian Grand Prix,villeneuve,1
2024,9,norris_2024_9,norris,mclaren,Canadian Grand Prix,villeneuve,2
2024,9,russell_2024_9,russell,mercedes,Canadian Grand Prix,villeneuve,3
2024,9,hamilton_2024_9,hamilton,mercedes,Canadian Grand Prix,villeneuve,4
2024,9,piastri_2024_9,piastri,mclaren,Canadian Grand Prix,villeneuve,5
2024,9,alonso_2024_9,alonso,aston_martin,Canadian Grand Prix,villeneuve,6
2024,9,stroll_2024_9,stroll,aston_martin,Canadian Grand Prix,villeneuve,7
2024,9,ricciardo_2024_9,ricciardo,rb,Canadian Grand Prix,villeneuve,8
2024,9,gasly_2024_9,gasly,alpine,Canadian Grand Prix,villeneuve,9
2024,9,ocon_2024_9,ocon,alpine,Canadian Grand Prix,villeneuve,10
2024,9,hulkenberg_2024_9,hulkenberg,haas,Canadian Grand Prix,villeneuve,11
2024,9,kevin_magnussen_2024_9,kevin_magnussen,haas,Canadian Grand Prix,villeneuve,12
2024,9,bottas_2024_9,bottas,sauber,Canadian Grand Prix,villeneuve,13
2024,9,tsunoda_2024_9,tsunoda,rb,Canadian Grand Prix,villeneuve,14
2024,9,zhou_2024_9,zhou,sauber,Canadian Grand Prix,villeneuve,15
2024,10,max_verstappen_2024_10,max_verstappen,red_bull,Spanish Grand Prix,catalunya,1
2024,10,norris_2024_10,norris,mclaren,Spanish Grand Prix,catalunya,2
2024,10,hamilton_2024_10,hamilton,mercedes,Spanish Grand Prix,catalunya,3
2024,10,russell_2024_10,russell,mercedes,Spanish Grand Prix,catalunya,4
2024,10,leclerc_2024_10,leclerc,ferrari,Spanish Grand Prix,catalunya,5
2024,10,sainz_2024_10,sainz,ferrari,Spanish Grand Prix,catalunya,6
2024,10,piastri_2024_10,piastri,mclaren,Spanish Grand Prix,catalunya,7
2024,10,perez_2024_10,perez,red_bull,Spanish Grand Prix,catalunya,8
2024,10,gasly_2024_10,gasly,alpine,Spanish Grand Prix,catalunya,9
2024,10,ocon_2024_10,ocon,alpine,Spanish Grand Prix,catalunya,10
2024,10,hulkenberg_2024_10,hulkenberg,haas,Spanish Grand Prix,catalunya,11
2024,10,alonso_2024_10,alonso,aston_martin,Spanish Grand Prix,catalunya,12
2024,10,zhou_2024_10,zhou,sauber,Spanish Grand Prix,catalunya,13
2024,10,stroll_2024_10,stroll,aston_martin,Spanish Grand Prix,catalunya,14
2024,10,ricciardo_2024_10,ricciardo,rb,Spanish Grand Prix,catalunya,15
2024,10,bottas_2024_10,bottas,sauber,Spanish Grand Prix,catalunya,16
2024,10,kevin_magnussen_2024_10,kevin_magnussen,haas,Spanish Grand Prix,catalunya,17
2024,10,albon_2024_10,albon,williams,Spanish Grand Prix,catalunya,18
2024,10,tsunoda_2024_10,tsunoda,rb,Spanish Grand Prix,catalunya,19
2024,10,sargeant_2024_10,sargeant,williams,Spanish Grand Prix,catalunya,20
2024,11,russell_2024_11,russell,mercedes,Austrian Grand Prix,red_bull_ring,1
2024,11,piastri_2024_11,piastri,mclaren,Austrian Grand Prix,red_bull_ring,2
2024,11,sainz_2024_11,sainz,ferrari,Austrian Grand Prix,red_bull_ring,3
2024,11,hamilton_2024_11,hamilton,mercedes,Austrian Grand Prix,red_bull_ring,4
2024,11,max_verstappen_2024_11,max_verstappen,red_bull,Austrian Grand Prix,red_bull_ring,5
2024,11,hulkenberg_2024_11,hulkenberg,haas,Austrian Grand Prix,red_bull_ring,6
2024,11,perez_2024_11,perez,red_bull,Austrian Grand Prix,red_bull_ring,7
2024,11,kevin_magnussen_2024_11,kevin_magnussen,haas,Austrian Grand Prix,red_bull_ring,8
2024,11,ricciardo_2024_11,ricciardo,rb,Austrian Grand Prix,red_bull_ring,9
2024,11,gasly_2024_11,gasly,alpine,Austrian Grand Prix,red_bull_ring,10
2024,11,leclerc_2024_11,leclerc,ferrari,Austrian Grand Prix,red_bull_ring,11
2024,11,ocon_2024_11,ocon,alpine,Austrian Grand Prix,red_bull_ring,12
2024,11,stroll_2024_11,stroll,aston_martin,Austrian Grand Prix,red_bull_ring,13
2024,11,tsunoda_2024_11,tsunoda,rb,Austrian Grand Prix,red_bull_ring,14
2024,11,albon_2024_11,albon,williams,Austrian Grand Prix,red_bull_ring,15
2024,11,bottas_2024_11,bottas,sauber,Austrian Grand Prix,red_bull_ring,16
2024,11,zhou_2024_11,zhou,sauber,Austrian Grand Prix,red_bull_ring,17
2024,11,alonso_2024_11,alonso,aston_martin,Austrian Grand Prix,red_bull_ring,18
2024,11,sargeant_2024_11,sargeant,williams,Austrian Grand Prix,red_bull_ring,19
2024,11,norris_2024_11,norris,mclaren,Austrian Grand Prix,red_bull_ring,20
2024,12,hamilton_2024_12,hamilton,mercedes,British Grand Prix,silverstone,1
2024,12,max_verstappen_2024_12,max_verstappen,red_bull,British Grand Prix,silverstone,2
2024,12,norris_2024_12,norris,mclaren,British Grand Prix,silverstone,3
2024,12,piastri_2024_12,piastri,mclaren,British Grand Prix,silverstone,4
2024,12,sainz_2024_12,sainz,ferrari,British Grand Prix,silverstone,5
2024,12,hulkenberg_2024_12,hulkenberg,haas,British Grand Prix,silverstone,6
2024,12,stroll_2024_12,stroll,aston_martin,British Grand Prix,silverstone,7
2024,12,alonso_2024_12,alonso,aston_martin,British Grand Prix,silverstone,8
2024,12,albon_2024_12,albon,williams,British Grand Prix,silverstone,9
2024,12,tsunoda_2024_12,tsunoda,rb,British Grand Prix,silverstone,10
2024,12,sargeant_2024_12,sargeant,williams,British Grand Prix,silverstone,11
2024,12,kevin_magnussen_2024_12,kevin_magnussen,haas,British Grand Prix,silverstone,12
2024,12,ricciardo_2024_12,ricciardo,rb,British Grand Prix,silverstone,13
2024,12,leclerc_2024_12,leclerc,ferrari,British Grand Prix,silverstone,14
2024,12,bottas_2024_12,bottas,sauber,British Grand Prix,silverstone,15
2024,12,ocon_2024_12,ocon,alpine,British Grand Prix,silverstone,16
2024,12,perez_2024_12,perez,red_bull,British Grand Prix,silverstone,17
2024,12,zhou_2024_12,zhou,sauber,British Grand Prix,silverstone,18
2024,13,piastri_2024_13,piastri,mclaren,Hungarian Grand Prix,hungaroring,1
2024,13,norris_2024_13,norris,mclaren,Hungarian Grand Prix,hungaroring,2
2024,13,hamilton_2024_13,hamilton,mercedes,Hungarian Grand Prix,hungaroring,3
2024,13,leclerc_2024_13,leclerc,ferrari,Hungarian Grand Prix,hungaroring,4
2024,13,max_verstappen_2024_13,max_verstappen,red_bull,Hungarian Grand Prix,hungaroring,5
2024,13,sainz_2024_13,sainz,ferrari,Hungarian Grand Prix,hungaroring,6
2024,13,perez_2024_13,perez,red_bull,Hungarian Grand Prix,hungaroring,7
2024,13,russell_2024_13,russell,mercedes,Hungarian Grand Prix,hungaroring,8
2024,13,tsunoda_2024_13,tsunoda,rb,Hungarian Grand Prix,hungaroring,9
2024,13,stroll_2024_13,stroll,aston_martin,Hungarian Grand Prix,hungaroring,10
2024,13,alonso_2024_13,alonso,aston_martin,Hungarian Grand Prix,hungaroring,11
2024,13,ricciardo_2024_13,ricciardo,rb,Hungarian Grand Prix,hungaroring,12
2024,13,hulkenberg_2024_13,hulkenberg,haas,Hungarian Grand Prix,hungaroring,13
2024,13,albon_2024_13,albon,williams,Hungarian Grand Prix,hungaroring,14
2024,13,kevin_magnussen_2024_13,kevin_magnussen,haas,Hungarian Grand Prix,hungaroring,15
2024,13,bottas_2024_13,bottas,sauber,Hungarian Grand Prix,hungaroring,16
2024,13,sargeant_2024_13,sargeant,williams,Hungarian Grand Prix,hungaroring,17
2024,13,ocon_2024_13,ocon,alpine,Hungarian Grand Prix,hungaroring,18
2024,13,zhou_2024_13,zhou,sauber,Hungarian Grand Prix,hungaroring,19
2024,14,hamilton_2024_14,hamilton,mercedes,Belgian Grand Prix,spa,1
2024,14,piastri_2024_14,piastri,mclaren,Belgian Grand Prix,spa,2
2024,14,leclerc_2024_14,leclerc,ferrari,Belgian Grand Prix,spa,3
2024,14,max_verstappen_2024_14,max_verstappen,red_bull,Belgian Grand Prix,spa,4
2024,14,norris_2024_14,norris,mclaren,Belgian Grand Prix,spa,5
2024,14,sainz_2024_14,sainz,ferrari,Belgian Grand Prix,spa,6
2024,14,perez_2024_14,perez,red_bull,Belgian Grand Prix,spa,7
2024,14,alonso_2024_14,alonso,aston_martin,Belgian Grand Prix,spa,8
2024,14,ocon_2024_14,ocon,alpine,Belgian Grand Prix,spa,9
2024,14,ricciardo_2024_14,ricciardo,rb,Belgian Grand Prix,spa,10
2024,14,stroll_2024_14,stroll,aston_martin,Belgian Grand Prix,spa,11
2024,14,albon_2024_14,albon,williams,Belgian Grand Prix,spa,12
2024,14,gasly_2024_14,gasly,alpine,Belgian Grand Prix,spa,13
2024,14,kevin_magnussen_2024_14,kevin_magnussen,haas,Belgian Grand Prix,spa,14
2024,14,bottas_2024_14,bottas,sauber,Belgian Grand Prix,spa,15
2024,14,tsunoda_2024_14,tsunoda,rb,Belgian Grand Prix,spa,16
2024,14,sargeant_2024_14,sargeant,williams,Belgian Grand Prix,spa,17
2024,14,hulkenberg_2024_14,hulkenberg,haas,Belgian Grand Prix,spa,18
2024,15,norris_2024_15,norris,mclaren,Dutch Grand Prix,zandvoort,1
2024,15,max_verstappen_2024_15,max_verstappen,red_bull,Dutch Grand Prix,zandvoort,2
2024,15,leclerc_2024_15,leclerc,ferrari,Dutch Grand Prix,zandvoort,3
2024,15,piastri_2024_15,piastri,mclaren,Dutch Grand Prix,zandvoort,4
2024,15,sainz_2024_15,sainz,ferrari,Dutch Grand Prix,zandvoort,5
2024,15,perez_2024_15,perez,red_bull,Dutch Grand Prix,zandvoort,6
2024,15,russell_2024_15,russell,mercedes,Dutch Grand Prix,zandvoort,7
2024,15,hamilton_2024_15,hamilton,mercedes,Dutch Grand Prix,zandvoort,8
2024,15,gasly_2024_15,gasly,alpine,Dutch Grand Prix,zandvoort,9
2024,15,alonso_2024_15,alonso,aston_martin,Dutch Grand Prix,zandvoort,10
2024,15,hulkenberg_2024_15,hulkenberg,haas,Dutch Grand Prix,zandvoort,11
2024,15,ricciardo_2024_15,ricciardo,rb,Dutch Grand Prix,zandvoort,12
2024,15,stroll_2024_15,stroll,aston_martin,Dutch Grand Prix,zandvoort,13
2024,15,albon_2024_15,albon,williams,Dutch Grand Prix,zandvoort,14
2024,15,ocon_2024_15,ocon,alpine,Dutch Grand Prix,zandvoort,15
2024,15,sargeant_2024_15,sargeant,williams,Dutch Grand Prix,zandvoort,16
2024,15,tsunoda_2024_15,tsunoda,rb,Dutch Grand Prix,zandvoort,17
2024,15,kevin_magnussen_2024_15,kevin_magnussen,haas,Dutch Grand Prix,zandvoort,18
2024,15,bottas_2024_15,bottas,sauber,Dutch Grand Prix,zandvoort,19
2024,15,zhou_2024_15,zhou,sauber,Dutch Grand Prix,zandvoort,20
2024,16,leclerc_2024_16,leclerc,ferrari,Italian Grand Prix,monza,1
2024,16,piastri_2024_16,piastri,mclaren,Italian Grand Prix,monza,2
2024,16,norris_2024_16,norris,mclaren,Italian Grand Prix,monza,3
2024,16,sainz_2024_16,sainz,ferrari,Italian Grand Prix,monza,4
2024,16,hamilton_2024_16,hamilton,mercedes,Italian Grand Prix,monza,5
2024,16,max_verstappen_2024_16,max_verstappen,red_bull,Italian Grand Prix,monza,6
2024,16,russell_2024_16,russell,mercedes,Italian Grand Prix,monza,7
2024,16,perez_2024_16,perez,red_bull,Italian Grand Prix,monza,8
2024,16,albon_2024_16,albon,williams,Italian Grand Prix,monza,9
2024,16,kevin_magnussen_2024_16,kevin_magnussen,haas,Italian Grand Prix,monza,10
2024,16,alonso_2024_16,alonso,aston_martin,Italian Grand Prix,monza,11
2024,16,colapinto_2024_16,colapinto,williams,Italian Grand Prix,monza,12
2024,16,ricciardo_2024_16,ricciardo,rb,Italian Grand Prix,monza,13
2024,16,ocon_2024_16,ocon,alpine,Italian Grand Prix,monza,14
2024,16,gasly_2024_16,gasly,alpine,Italian Grand Prix,monza,15
2024,16,bottas_2024_16,bottas,sauber,Italian Grand Prix,monza,16
2024,16,hulkenberg_2024_16,hulkenberg,haas,Italian Grand Prix,monza,17
2024,16,zhou_2024_16,zhou,sauber,Italian Grand Prix,monza,18
2024,16,stroll_2024_16,stroll,aston_martin,Italian Grand Prix,monza,19
2024,17,piastri_2024_17,piastri,mclaren,Azerbaijan Grand Prix,baku,1
2024,17,leclerc_2024_17,leclerc,ferrari,Azerbaijan Grand Prix,baku,2
2024,17,russell_2024_17,russell,mercedes,Azerbaijan Grand Prix,baku,3
2024,17,norris_2024_17,norris,mclaren,Azerbaijan Grand Prix,baku,4
2024,17,max_verstappen_2024_17,max_verstappen,red_bull,Azerbaijan Grand Prix,baku,5
2024,17,alonso_2024_17,alonso,aston_martin,Azerbaijan Grand Prix,baku,6
2024,17,albon_2024_17,albon,williams,Azerbaijan Grand Prix,baku,7
2024,17,colapinto_2024_17,colapinto,williams,Azerbaijan Grand Prix,baku,8
2024,17,hamilton_2024_17,hamilton,mercedes,Azerbaijan Grand Prix,baku,9
2024,17,bearman_2024_17,bearman,haas,Azerbaijan Grand Prix,baku,10
2024,17,hulkenberg_2024_17,hulkenberg,haas,Azerbaijan Grand Prix,baku,11
2024,17,gasly_2024_17,gasly,alpine,Azerbaijan Grand Prix,baku,12
2024,17,ricciardo_2024_17,ricciardo,rb,Azerbaijan Grand Prix,baku,13
2024,17,zhou_2024_17,zhou,sauber,Azerbaijan Grand Prix,baku,14
2024,17,ocon_2024_17,ocon,alpine,Azerbaijan Grand Prix,baku,15
2024,17,bottas_2024_17,bottas,sauber,Azerbaijan Grand Prix,baku,16
2024,18,norris_2024_18,norris,mclaren,Singapore Grand Prix,marina_bay,1
2024,18,max_verstappen_2024_18,max_verstappen,red_bull,Singapore Grand Prix,marina_bay,2
2024,18,piastri_2024_18,piastri,mclaren,Singapore Grand Prix,marina_bay,3
2024,18,russell_2024_18,russell,mercedes,Singapore Grand Prix,marina_bay,4
2024,18,leclerc_2024_18,leclerc,ferrari,Singapore Grand Prix,marina_bay,5
2024,18,hamilton_2024_18,hamilton,mercedes,Singapore Grand Prix,marina_bay,6
2024,18,sainz_2024_18,sainz,ferrari,Singapore Grand Prix,marina_bay,7
2024,18,alonso_2024_18,alonso,aston_martin,Singapore Grand Prix,marina_bay,8
2024,18,hulkenberg_2024_18,hulkenberg,haas,Singapore Grand Prix,marina_bay,9
2024,18,perez_2024_18,perez,red_bull,Singapore Grand Prix,marina_bay,10
2024,18,colapinto_2024_18,colapinto,williams,Singapore Grand Prix,marina_bay,11
2024,18,tsunoda_2024_18,tsunoda,rb,Singapore Grand Prix,marina_bay,12
2024,18,ocon_2024_18,ocon,alpine,Singapore Grand Prix,marina_bay,13
2024,18,stroll_2024_18,stroll,aston_martin,Singapore Grand Prix,marina_bay,14
2024,18,zhou_2024_18,zhou,sauber,Singapore Grand Prix,marina_bay,15
2024,18,bottas_2024_18,bottas,sauber,Singapore Grand Prix,marina_bay,16
2024,18,gasly_2024_18,gasly,alpine,Singapore Grand Prix,marina_bay,17
2024,18,ricciardo_2024_18,ricciardo,rb,Singapore Grand Prix,marina_bay,18
2024,19,leclerc_2024_19,leclerc,ferrari,United States Grand Prix,americas,1
2024,19,sainz_2024_19,sainz,ferrari,United States Grand Prix,americas,2
2024,19,max_verstappen_2024_19,max_verstappen,red_bull,United States Grand Prix,americas,3
2024,19,norris_2024_19,norris,mclaren,United States Grand Prix,americas,4
2024,19,piastri_2024_19,piastri,mclaren,United States Grand Prix,americas,5
2024,19,russell_2024_19,russell,mercedes,United States Grand Prix,americas,6
2024,19,perez_2024_19,perez,red_bull,United States Grand Prix,americas,7
2024,19,hulkenberg_2024_19,hulkenberg,haas,United States Grand Prix,americas,8
2024,19,lawson_2024_19,lawson,rb,United States Grand Prix,americas,9
2024,19,colapinto_2024_19,colapinto,williams,United States Grand Prix,americas,10
2024,19,kevin_magnussen_2024_19,kevin_magnussen,haas,United States Grand Prix,americas,11
2024,19,gasly_2024_19,gasly,alpine,United States Grand Prix,americas,12
2024,19,alonso_2024_19,alonso,aston_martin,United States Grand Prix,americas,13
2024,19,tsunoda_2024_19,tsunoda,rb,United States Grand Prix,americas,14
2024,19,stroll_2024_19,stroll,aston_martin,United States Grand Prix,americas,15
2024,19,albon_2024_19,albon,williams,United States Grand Prix,americas,16
2024,19,bottas_2024_19,bottas,sauber,United States Grand Prix,americas,17
2024,19,ocon_2024_19,ocon,alpine,United States Grand Prix,americas,18
2024,19,zhou_2024_19,zhou,sauber,United States Grand Prix,americas,19
2024,20,sainz_2024_20,sainz,ferrari,Mexico City Grand Prix,rodriguez,1
2024,20,norris_2024_20,norris,mclaren,Mexico City Grand Prix,rodriguez,2
2024,20,leclerc_2024_20,leclerc,ferrari,Mexico City Grand Prix,rodriguez,3
2024,20,hamilton_2024_20,hamilton,mercedes,Mexico City Grand Prix,rodriguez,4
2024,20,russell_2024_20,russell,mercedes,Mexico City Grand Prix,rodriguez,5
2024,20,max_verstappen_2024_20,max_verstappen,red_bull,Mexico City Grand Prix,rodriguez,6
2024,20,kevin_magnussen_2024_20,kevin_magnussen,haas,Mexico City Grand Prix,rodriguez,7
2024,20,piastri_2024_20,piastri,mclaren,Mexico City Grand Prix,rodriguez,8
2024,20,hulkenberg_2024_20,hulkenberg,haas,Mexico City Grand Prix,rodriguez,9
2024,20,gasly_2024_20,gasly,alpine,Mexico City Grand Prix,rodriguez,10
2024,20,stroll_2024_20,stroll,aston_martin,Mexico City Grand Prix,rodriguez,11
2024,20,colapinto_2024_20,colapinto,williams,Mexico City Grand Prix,rodriguez,12
2024,20,ocon_2024_20,ocon,alpine,Mexico City Grand Prix,rodriguez,13
2024,20,bottas_2024_20,bottas,sauber,Mexico City Grand Prix,rodriguez,14
2024,20,zhou_2024_20,zhou,sauber,Mexico City Grand Prix,rodriguez,15
2024,20,lawson_2024_20,lawson,rb,Mexico City Grand Prix,rodriguez,16
2024,20,perez_2024_20,perez,red_bull,Mexico City Grand Prix,rodriguez,17
2024,21,max_verstappen_2024_21,max_verstappen,red_bull,São Paulo Grand Prix,interlagos,1
2024,21,ocon_2024_21,ocon,alpine,São Paulo Grand Prix,interlagos,2
2024,21,gasly_2024_21,gasly,alpine,São Paulo Grand Prix,interlagos,3
2024,21,russell_2024_21,russell,mercedes,São Paulo Grand Prix,interlagos,4
2024,21,leclerc_2024_21,leclerc,ferrari,São Paulo Grand Prix,interlagos,5
2024,21,norris_2024_21,norris,mclaren,São Paulo Grand Prix,interlagos,6
2024,21,tsunoda_2024_21,tsunoda,rb,São Paulo Grand Prix,interlagos,7
2024,21,piastri_2024_21,piastri,mclaren,São Paulo Grand Prix,interlagos,8
2024,21,lawson_2024_21,lawson,rb,São Paulo Grand Prix,interlagos,9
2024,21,hamilton_2024_21,hamilton,mercedes,São Paulo Grand Prix,interlagos,10
2024,21,perez_2024_21,perez,red_bull,São Paulo Grand Prix,interlagos,11
2024,21,bearman_2024_21,bearman,haas,São Paulo Grand Prix,interlagos,12
2024,21,bottas_2024_21,bottas,sauber,São Paulo Grand Prix,interlagos,13
2024,21,alonso_2024_21,alonso,aston_martin,São Paulo Grand Prix,interlagos,14
2024,21,zhou_2024_21,zhou,sauber,São Paulo Grand Prix,interlagos,15
2024,22,russell_2024_22,russell,mercedes,Las Vegas Grand Prix,las_vegas,1
2024,22,hamilton_2024_22,hamilton,mercedes,Las Vegas Grand Prix,las_vegas,2
2024,22,sainz_2024_22,sainz,ferrari,Las Vegas Grand Prix,las_vegas,3
2024,22,leclerc_2024_22,leclerc,ferrari,Las Vegas Grand Prix,las_vegas,4
2024,22,max_verstappen_2024_22,max_verstappen,red_bull,Las Vegas Grand Prix,las_vegas,5
2024,22,norris_2024_22,norris,mclaren,Las Vegas Grand Prix,las_vegas,6
2024,22,piastri_2024_22,piastri,mclaren,Las Vegas Grand Prix,las_vegas,7
2024,22,hulkenberg_2024_22,hulkenberg,haas,Las Vegas Grand Prix,las_vegas,8
2024,22,tsunoda_2024_22,tsunoda,rb,Las Vegas Grand Prix,las_vegas,9
2024,22,perez_2024_22,perez,red_bull,Las Vegas Grand Prix,las_vegas,10
2024,22,alonso_2024_22,alonso,aston_martin,Las Vegas Grand Prix,las_vegas,11
2024,22,kevin_magnussen_2024_22,kevin_magnussen,haas,Las Vegas Grand Prix,las_vegas,12
2024,22,zhou_2024_22,zhou,sauber,Las Vegas Grand Prix,las_vegas,13
2024,22,colapinto_2024_22,colapinto,williams,Las Vegas Grand Prix,las_vegas,14
2024,22,stroll_2024_22,stroll,aston_martin,Las Vegas Grand Prix,las_vegas,15
2024,22,lawson_2024_22,lawson,rb,Las Vegas Grand Prix,las_vegas,16
2024,22,ocon_2024_22,ocon,alpine,Las Vegas Grand Prix,las_vegas,17
2024,22,bottas_2024_22,bottas,sauber,Las Vegas Grand Prix,las_vegas,18
2024,23,max_verstappen_2024_23,max_verstappen,red_bull,Qatar Grand Prix,losail,1
2024,23,leclerc_2024_23,leclerc,ferrari,Qatar Grand Prix,losail,2
2024,23,piastri_2024_23,piastri,mclaren,Qatar Grand Prix,losail,3
2024,23,russell_2024_23,russell,mercedes,Qatar Grand Prix,losail,4
2024,23,gasly_2024_23,gasly,alpine,Qatar Grand Prix,losail,5
2024,23,sainz_2024_23,sainz,ferrari,Qatar Grand Prix,losail,6
2024,23,alonso_2024_23,alonso,aston_martin,Qatar Grand Prix,losail,7
2024,23,zhou_2024_23,zhou,sauber,Qatar Grand Prix,losail,8
2024,23,kevin_magnussen_2024_23,kevin_magnussen,haas,Qatar Grand Prix,losail,9
2024,23,norris_2024_23,norris,mclaren,Qatar Grand Prix,losail,10
2024,23,bottas_2024_23,bottas,sauber,Qatar Grand Prix,losail,11
2024,23,hamilton_2024_23,hamilton,mercedes,Qatar Grand Prix,losail,12
2024,23,tsunoda_2024_23,tsunoda,rb,Qatar Grand Prix,losail,13
2024,23,lawson_2024_23,lawson,rb,Qatar Grand Prix,losail,14
2024,23,albon_2024_23,albon,williams,Qatar Grand Prix,losail,15
2024,24,norris_2024_24,norris,mclaren,Abu Dhabi Grand Prix,yas_marina,1
2024,24,sainz_2024_24,sainz,ferrari,Abu Dhabi Grand Prix,yas_marina,2
2024,24,leclerc_2024_24,leclerc,ferrari,Abu Dhabi Grand Prix,yas_marina,3
2024,24,hamilton_2024_24,hamilton,mercedes,Abu Dhabi Grand Prix,yas_marina,4
2024,24,russell_2024_24,russell,mercedes,Abu Dhabi Grand Prix,yas_marina,5
2024,24,max_verstappen_2024_24,max_verstappen,red_bull,Abu Dhabi Grand Prix,yas_marina,6
2024,24,gasly_2024_24,gasly,alpine,Abu Dhabi Grand Prix,yas_marina,7
2024,24,hulkenberg_2024_24,hulkenberg,haas,Abu Dhabi Grand Prix,yas_marina,8
2024,24,alonso_2024_24,alonso,aston_martin,Abu Dhabi Grand Prix,yas_marina,9
2024,24,piastri_2024_24,piastri,mclaren,Abu Dhabi Grand Prix,yas_marina,10
2024,24,albon_2024_24,albon,williams,Abu Dhabi Grand Prix,yas_marina,11
2024,24,tsunoda_2024_24,tsunoda,rb,Abu Dhabi Grand Prix,yas_marina,12
2024,24,zhou_2024_24,zhou,sauber,Abu Dhabi Grand Prix,yas_marina,13
2024,24,stroll_2024_24,stroll,aston_martin,Abu Dhabi Grand Prix,yas_marina,14
2024,24,doohan_2024_24,doohan,alpine,Abu Dhabi Grand Prix,yas_marina,15
2024,24,kevin_magnussen_2024_24,kevin_magnussen,haas,Abu Dhabi Grand Prix,yas_marina,16
